time_sec,hip_L_Joint,hip_R_Joint,thigh_L_Joint,thigh_R_Joint,knee_L_Joint,knee_R_Joint,wheel_L_Joint,wheel_R_Joint
141.189996844,0.0102,0.0056,0.3385,-0.3081,1.8702,-1.8454,4.0646,-4.1813
141.194996844,0.0103,0.0056,0.3385,-0.308,1.8702,-1.8454,4.0645,-4.1813
141.199996843,0.0102,0.0056,0.3386,-0.3081,1.8702,-1.8454,4.0644,-4.1813
141.204996843,0.0102,0.0056,0.3386,-0.3081,1.8703,-1.8454,4.0643,-4.1812
141.209996843,0.0102,0.0056,0.3386,-0.3081,1.8703,-1.8454,4.0642,-4.1812
141.214996843,0.0102,0.0056,0.3387,-0.3081,1.8703,-1.8454,4.0641,-4.1812
141.219996843,0.0102,0.0056,0.3387,-0.3081,1.8703,-1.8454,4.064,-4.1811
141.224996843,0.0102,0.0056,0.3388,-0.3081,1.8704,-1.8454,4.0639,-4.1811
141.229996843,0.0102,0.0056,0.3388,-0.3081,1.8704,-1.8454,4.0638,-4.1811
141.234996843,0.0102,0.0056,0.3388,-0.3081,1.8704,-1.8454,4.0638,-4.1811
141.239996843,0.0102,0.0056,0.3389,-0.3082,1.8704,-1.8455,4.0636,-4.181
141.244996842,0.0103,0.0056,0.3389,-0.3081,1.8705,-1.8455,4.0635,-4.1811
141.249996842,0.0103,0.0056,0.339,-0.3082,1.8705,-1.8455,4.0635,-4.181
141.254996842,0.0102,0.0056,0.339,-0.3082,1.8705,-1.8455,4.0634,-4.181
141.259996842,0.0102,0.0056,0.339,-0.3082,1.8705,-1.8455,4.0633,-4.181
141.264996842,0.0102,0.0056,0.3391,-0.3082,1.8706,-1.8455,4.0632,-4.181
141.269996842,0.0102,0.0056,0.3391,-0.3082,1.8706,-1.8455,4.0631,-4.1809
141.274996842,0.0102,0.0056,0.3392,-0.3082,1.8706,-1.8455,4.063,-4.1809
141.279996842,0.0102,0.0056,0.3392,-0.3082,1.8706,-1.8455,4.0629,-4.1809
141.284996842,0.0103,0.0056,0.3392,-0.3082,1.8707,-1.8455,4.0628,-4.1809
141.289996841,0.0102,0.0056,0.3393,-0.3082,1.8707,-1.8455,4.0627,-4.1808
141.294996841,0.0102,0.0056,0.3393,-0.3082,1.8707,-1.8455,4.0626,-4.1808
141.299996841,0.0102,0.0056,0.3394,-0.3083,1.8708,-1.8455,4.0626,-4.1808
141.304996841,0.0102,0.0056,0.3394,-0.3083,1.8708,-1.8455,4.0624,-4.1808
141.309996841,0.0103,0.0056,0.3394,-0.3083,1.8708,-1.8455,4.0624,-4.1808
141.314996841,0.0103,0.0056,0.3395,-0.3083,1.8708,-1.8455,4.0623,-4.1808
141.319996841,0.0102,0.0056,0.3395,-0.3083,1.8709,-1.8455,4.0622,-4.1807
141.324996841,0.0103,0.0056,0.3396,-0.3083,1.8709,-1.8456,4.0621,-4.1807
141.329996841,0.0102,0.0056,0.3396,-0.3083,1.8709,-1.8456,4.062,-4.1807
141.33499684,0.0102,0.0056,0.3396,-0.3083,1.8709,-1.8456,4.0619,-4.1807
141.33999684,0.0103,0.0056,0.3397,-0.3083,1.871,-1.8456,4.0618,-4.1807
141.34499684,0.0102,0.0056,0.3397,-0.3083,1.871,-1.8456,4.0617,-4.1807
141.34999684,0.0103,0.0056,0.3398,-0.3083,1.871,-1.8456,4.0616,-4.1806
141.35499684,0.0102,0.0056,0.3398,-0.3083,1.871,-1.8456,4.0615,-4.1806
141.35999684,0.0103,0.0056,0.3398,-0.3083,1.8711,-1.8456,4.0614,-4.1806
141.36499684,0.0102,0.0056,0.3399,-0.3083,1.8711,-1.8456,4.0614,-4.1806
141.36999684,0.0102,0.0056,0.3399,-0.3084,1.8711,-1.8456,4.0612,-4.1806
141.37499684,0.0103,0.0056,0.34,-0.3084,1.8712,-1.8456,4.0611,-4.1806
141.379996839,0.0102,0.0056,0.34,-0.3083,1.8712,-1.8456,4.0611,-4.1806
141.384996839,0.0103,0.0056,0.34,-0.3084,1.8712,-1.8456,4.061,-4.1805
141.389996839,0.0102,0.0056,0.3401,-0.3084,1.8712,-1.8456,4.0609,-4.1805
141.394996839,0.0102,0.0056,0.3401,-0.3084,1.8713,-1.8456,4.0608,-4.1805
141.399996839,0.0102,0.0056,0.3402,-0.3084,1.8713,-1.8456,4.0607,-4.1805
141.404996839,0.0102,0.0056,0.3402,-0.3084,1.8713,-1.8456,4.0606,-4.1804
141.409996839,0.0102,0.0056,0.3402,-0.3084,1.8713,-1.8456,4.0605,-4.1804
141.414996839,0.0102,0.0056,0.3403,-0.3084,1.8714,-1.8456,4.0604,-4.1804
141.419996839,0.0102,0.0056,0.3403,-0.3084,1.8714,-1.8457,4.0603,-4.1804
141.424996838,0.0102,0.0056,0.3404,-0.3085,1.8714,-1.8457,4.0602,-4.1803
141.429996838,0.0102,0.0056,0.3404,-0.3085,1.8714,-1.8457,4.0601,-4.1803
141.434996838,0.0102,0.0056,0.3405,-0.3085,1.8715,-1.8457,4.06,-4.1803
141.439996838,0.0103,0.0056,0.3405,-0.3085,1.8715,-1.8457,4.0599,-4.1803
141.444996838,0.0102,0.0056,0.3405,-0.3085,1.8715,-1.8457,4.0599,-4.1803
141.449996838,0.0102,0.0056,0.3406,-0.3085,1.8716,-1.8457,4.0597,-4.1802
141.454996838,0.0103,0.0056,0.3406,-0.3085,1.8716,-1.8457,4.0597,-4.1803
141.459996838,0.0102,0.0056,0.3407,-0.3085,1.8716,-1.8457,4.0596,-4.1802
141.464996838,0.0102,0.0056,0.3407,-0.3085,1.8716,-1.8457,4.0595,-4.1802
141.469996837,0.0103,0.0056,0.3407,-0.3085,1.8717,-1.8457,4.0594,-4.1802
141.474996837,0.0102,0.0056,0.3408,-0.3085,1.8717,-1.8457,4.0593,-4.1802
141.479996837,0.0102,0.0056,0.3408,-0.3085,1.8717,-1.8457,4.0592,-4.1802
141.484996837,0.0103,0.0056,0.3409,-0.3085,1.8717,-1.8457,4.0591,-4.1802
141.489996837,0.0102,0.0056,0.3409,-0.3085,1.8718,-1.8457,4.059,-4.1802
141.494996837,0.0102,0.0056,0.3409,-0.3085,1.8718,-1.8457,4.0589,-4.1801
141.499996837,0.0102,0.0056,0.341,-0.3086,1.8718,-1.8457,4.0588,-4.1801
141.504996837,0.0102,0.0056,0.341,-0.3086,1.8718,-1.8457,4.0587,-4.1801
141.509996837,0.0102,0.0056,0.3411,-0.3086,1.8719,-1.8458,4.0586,-4.1801
141.514996836,0.0102,0.0056,0.3411,-0.3086,1.8719,-1.8458,4.0585,-4.18
141.519996836,0.0102,0.0056,0.3411,-0.3086,1.8719,-1.8458,4.0584,-4.18
141.524996836,0.0102,0.0056,0.3412,-0.3086,1.872,-1.8458,4.0584,-4.18
141.529996836,0.0102,0.0056,0.3412,-0.3086,1.872,-1.8458,4.0583,-4.18
141.534996836,0.0102,0.0056,0.3413,-0.3086,1.872,-1.8458,4.0582,-4.18
141.539996836,0.0102,0.0056,0.3413,-0.3086,1.872,-1.8458,4.0581,-4.1799
141.544996836,0.0102,0.0056,0.3413,-0.3086,1.8721,-1.8458,4.058,-4.1799
141.549996836,0.0102,0.0056,0.3414,-0.3087,1.8721,-1.8458,4.0579,-4.1799
141.554996835,0.0102,0.0056,0.3414,-0.3087,1.8721,-1.8458,4.0578,-4.1798
141.559996835,0.0103,0.0056,0.3415,-0.3087,1.8721,-1.8458,4.0577,-4.1798
141.564996835,0.0102,0.0056,0.3415,-0.3087,1.8722,-1.8458,4.0576,-4.1798
141.569996835,0.0103,0.0056,0.3415,-0.3087,1.8722,-1.8458,4.0575,-4.1798
141.574996835,0.0102,0.0056,0.3416,-0.3087,1.8722,-1.8458,4.0574,-4.1798
141.579996835,0.0102,0.0056,0.3416,-0.3087,1.8722,-1.8458,4.0573,-4.1798
141.584996835,0.0103,0.0056,0.3417,-0.3087,1.8723,-1.8458,4.0572,-4.1798
141.589996835,0.0102,0.0056,0.3417,-0.3087,1.8723,-1.8458,4.0571,-4.1798
141.594996835,0.0102,0.0056,0.3417,-0.3087,1.8723,-1.8458,4.057,-4.1797
141.599996834,0.0102,0.0056,0.3418,-0.3087,1.8724,-1.8459,4.057,-4.1797
141.604996834,0.0102,0.0056,0.3418,-0.3087,1.8724,-1.8459,4.0569,-4.1797
141.609996834,0.0102,0.0056,0.3419,-0.3088,1.8724,-1.8459,4.0568,-4.1797
141.614996834,0.0102,0.0056,0.3419,-0.3088,1.8724,-1.8459,4.0567,-4.1796
141.619996834,0.0102,0.0056,0.342,-0.3088,1.8725,-1.8459,4.0566,-4.1796
141.624996834,0.0102,0.0056,0.342,-0.3088,1.8725,-1.8459,4.0565,-4.1796
141.629996834,0.0103,0.0056,0.342,-0.3088,1.8725,-1.8459,4.0564,-4.1796
141.634996834,0.0103,0.0056,0.3421,-0.3088,1.8725,-1.8459,4.0563,-4.1796
141.639996834,0.0102,0.0056,0.3421,-0.3088,1.8726,-1.8459,4.0562,-4.1795
141.644996833,0.0103,0.0056,0.3422,-0.3088,1.8726,-1.8459,4.0561,-4.1795
141.649996833,0.0102,0.0056,0.3422,-0.3088,1.8726,-1.8459,4.056,-4.1795
141.654996833,0.0102,0.0056,0.3422,-0.3088,1.8726,-1.8459,4.0559,-4.1795
141.659996833,0.0103,0.0056,0.3423,-0.3088,1.8727,-1.8459,4.0558,-4.1795
141.664996833,0.0102,0.0056,0.3423,-0.3088,1.8727,-1.8459,4.0557,-4.1795
141.669996833,0.0102,0.0056,0.3424,-0.3088,1.8727,-1.8459,4.0556,-4.1795
141.674996833,0.0102,0.0056,0.3424,-0.3088,1.8728,-1.8459,4.0555,-4.1794
141.679996833,0.0102,0.0056,0.3424,-0.3089,1.8728,-1.8459,4.0555,-4.1794
141.684996833,0.0102,0.0056,0.3425,-0.3089,1.8728,-1.846,4.0553,-4.1794
141.689996832,0.0102,0.0056,0.3425,-0.3089,1.8728,-1.846,4.0553,-4.1794
141.694996832,0.0102,0.0056,0.3426,-0.3089,1.8729,-1.846,4.0552,-4.1793
141.699996832,0.0102,0.0056,0.3426,-0.3089,1.8729,-1.846,4.0551,-4.1793
141.704996832,0.0103,0.0056,0.3427,-0.3089,1.8729,-1.846,4.055,-4.1793
141.709996832,0.0103,0.0056,0.3427,-0.3089,1.8729,-1.846,4.0549,-4.1793
141.714996832,0.0102,0.0056,0.3427,-0.3089,1.873,-1.846,4.0548,-4.1793
141.719996832,0.0103,0.0056,0.3428,-0.3089,1.873,-1.846,4.0547,-4.1793
141.724996832,0.0102,0.0056,0.3428,-0.3089,1.873,-1.846,4.0546,-4.1793
141.729996832,0.0102,0.0056,0.3429,-0.3089,1.8731,-1.846,4.0545,-4.1792
141.734996831,0.0103,0.0056,0.3429,-0.3089,1.8731,-1.846,4.0544,-4.1793
141.739996831,0.0102,0.0056,0.3429,-0.3089,1.8731,-1.846,4.0543,-4.1792
141.744996831,0.0102,0.0056,0.343,-0.3089,1.8731,-1.846,4.0542,-4.1792
141.749996831,0.0103,0.0056,0.343,-0.3089,1.8732,-1.846,4.0541,-4.1792
141.754996831,0.0102,0.0056,0.3431,-0.3089,1.8732,-1.846,4.054,-4.1792
141.759996831,0.0102,0.0056,0.3431,-0.309,1.8732,-1.846,4.0539,-4.1792
141.764996831,0.0102,0.0056,0.3431,-0.309,1.8732,-1.846,4.0538,-4.1792
141.769996831,0.0102,0.0056,0.3432,-0.309,1.8733,-1.846,4.0537,-4.1792
141.774996831,0.0102,0.0056,0.3432,-0.309,1.8733,-1.846,4.0536,-4.1791
141.77999683,0.0102,0.0056,0.3433,-0.309,1.8733,-1.846,4.0535,-4.1791
141.78499683,0.0102,0.0056,0.3433,-0.309,1.8734,-1.846,4.0534,-4.1791
141.78999683,0.0102,0.0056,0.3434,-0.309,1.8734,-1.846,4.0533,-4.1791
141.79499683,0.0102,0.0056,0.3434,-0.309,1.8734,-1.846,4.0533,-4.1791
141.79999683,0.0102,0.0056,0.3434,-0.309,1.8734,-1.8461,4.0532,-4.179
141.80499683,0.0102,0.0056,0.3435,-0.309,1.8735,-1.8461,4.0531,-4.179
141.80999683,0.0102,0.0056,0.3435,-0.309,1.8735,-1.8461,4.053,-4.179
141.81499683,0.0102,0.0056,0.3436,-0.309,1.8735,-1.8461,4.0529,-4.179
141.81999683,0.0102,0.0056,0.3436,-0.3091,1.8735,-1.8461,4.0528,-4.1789
141.824996829,0.0102,0.0056,0.3436,-0.3091,1.8736,-1.8461,4.0527,-4.1789
141.829996829,0.0102,0.0056,0.3437,-0.3091,1.8736,-1.8461,4.0526,-4.1789
141.834996829,0.0102,0.0056,0.3437,-0.3091,1.8736,-1.8461,4.0525,-4.1789
141.839996829,0.0102,0.0056,0.3438,-0.3091,1.8736,-1.8461,4.0524,-4.1789
141.844996829,0.0103,0.0056,0.3438,-0.3091,1.8737,-1.8461,4.0523,-4.1789
141.849996829,0.0102,0.0056,0.3439,-0.3091,1.8737,-1.8461,4.0522,-4.1789
141.854996829,0.0102,0.0056,0.3439,-0.3091,1.8737,-1.8461,4.0521,-4.1788
141.859996829,0.0103,0.0056,0.3439,-0.3091,1.8738,-1.8461,4.052,-4.1788
141.864996829,0.0102,0.0056,0.344,-0.3091,1.8738,-1.8461,4.0519,-4.1788
141.869996828,0.0102,0.0056,0.344,-0.3091,1.8738,-1.8461,4.0518,-4.1788
141.874996828,0.0103,0.0056,0.3441,-0.3091,1.8738,-1.8461,4.0517,-4.1788
141.879996828,0.0102,0.0056,0.3441,-0.3091,1.8739,-1.8461,4.0517,-4.1788
141.884996828,0.0102,0.0056,0.3441,-0.3091,1.8739,-1.8461,4.0515,-4.1788
141.889996828,0.0102,0.0056,0.3442,-0.3091,1.8739,-1.8461,4.0515,-4.1788
141.894996828,0.0102,0.0056,0.3442,-0.3092,1.8739,-1.8461,4.0514,-4.1787
141.899996828,0.0102,0.0056,0.3443,-0.3092,1.874,-1.8462,4.0513,-4.1787
141.904996828,0.0102,0.0056,0.3443,-0.3092,1.874,-1.8462,4.0512,-4.1787
141.909996828,0.0102,0.0056,0.3444,-0.3092,1.874,-1.8462,4.0511,-4.1787
141.914996827,0.0102,0.0056,0.3444,-0.3092,1.8741,-1.8462,4.051,-4.1786
141.919996827,0.0103,0.0056,0.3444,-0.3092,1.8741,-1.8462,4.0509,-4.1787
141.924996827,0.0102,0.0056,0.3445,-0.3092,1.8741,-1.8462,4.0508,-4.1787
141.929996827,0.0102,0.0056,0.3445,-0.3092,1.8741,-1.8462,4.0507,-4.1786
141.934996827,0.0102,0.0056,0.3446,-0.3092,1.8742,-1.8462,4.0506,-4.1786
141.939996827,0.0102,0.0056,0.3446,-0.3092,1.8742,-1.8462,4.0505,-4.1786
141.944996827,0.0102,0.0056,0.3446,-0.3092,1.8742,-1.8462,4.0504,-4.1785
141.949996827,0.0102,0.0056,0.3447,-0.3093,1.8742,-1.8462,4.0503,-4.1785
141.954996827,0.0103,0.0056,0.3447,-0.3092,1.8743,-1.8462,4.0502,-4.1785
141.959996826,0.0102,0.0056,0.3448,-0.3092,1.8743,-1.8462,4.0501,-4.1785
141.964996826,0.0102,0.0056,0.3448,-0.3093,1.8743,-1.8462,4.05,-4.1785
141.969996826,0.0102,0.0056,0.3448,-0.3093,1.8744,-1.8462,4.0499,-4.1785
141.974996826,0.0102,0.0056,0.3449,-0.3093,1.8744,-1.8462,4.0498,-4.1784
141.979996826,0.0103,0.0056,0.3449,-0.3093,1.8744,-1.8462,4.0497,-4.1785
141.984996826,0.0102,0.0056,0.345,-0.3093,1.8744,-1.8462,4.0496,-4.1784
141.989996826,0.0102,0.0056,0.345,-0.3093,1.8745,-1.8462,4.0495,-4.1784
141.994996826,0.0103,0.0056,0.3451,-0.3093,1.8745,-1.8462,4.0494,-4.1784
141.999996826,0.0102,0.0056,0.3451,-0.3093,1.8745,-1.8462,4.0494,-4.1784
142.004996825,0.0102,0.0056,0.3451,-0.3093,1.8745,-1.8463,4.0492,-4.1784
142.009996825,0.0103,0.0056,0.3452,-0.3093,1.8746,-1.8463,4.0492,-4.1784
142.014996825,0.0102,0.0056,0.3452,-0.3093,1.8746,-1.8463,4.0491,-4.1784
142.019996825,0.0102,0.0056,0.3453,-0.3093,1.8746,-1.8463,4.049,-4.1784
142.024996825,0.0103,0.0056,0.3453,-0.3093,1.8746,-1.8463,4.0489,-4.1784
142.029996825,0.0102,0.0056,0.3454,-0.3093,1.8747,-1.8463,4.0488,-4.1784
142.034996825,0.0102,0.0056,0.3454,-0.3093,1.8747,-1.8463,4.0487,-4.1783
142.039996825,0.0103,0.0056,0.3454,-0.3093,1.8747,-1.8463,4.0486,-4.1784
142.044996825,0.0102,0.0056,0.3455,-0.3093,1.8748,-1.8463,4.0485,-4.1783
142.049996824,0.0102,0.0056,0.3455,-0.3093,1.8748,-1.8463,4.0484,-4.1783
142.054996824,0.0102,0.0056,0.3456,-0.3093,1.8748,-1.8463,4.0483,-4.1783
142.059996824,0.0102,0.0056,0.3456,-0.3094,1.8748,-1.8463,4.0482,-4.1783
142.064996824,0.0102,0.0056,0.3456,-0.3094,1.8749,-1.8463,4.0481,-4.1782
142.069996824,0.0102,0.0056,0.3457,-0.3094,1.8749,-1.8463,4.048,-4.1782
142.074996824,0.0102,0.0056,0.3457,-0.3094,1.8749,-1.8463,4.0479,-4.1782
142.079996824,0.0102,0.0056,0.3458,-0.3094,1.875,-1.8463,4.0478,-4.1782
142.084996824,0.0103,0.0056,0.3458,-0.3094,1.875,-1.8463,4.0477,-4.1782
142.089996824,0.0102,0.0056,0.3459,-0.3094,1.875,-1.8463,4.0476,-4.1782
142.094996823,0.0102,0.0056,0.3459,-0.3094,1.875,-1.8463,4.0475,-4.1781
142.099996823,0.0102,0.0056,0.3459,-0.3094,1.8751,-1.8463,4.0474,-4.1781
142.104996823,0.0102,0.0056,0.346,-0.3094,1.8751,-1.8463,4.0473,-4.1781
142.109996823,0.0102,0.0056,0.346,-0.3094,1.8751,-1.8463,4.0472,-4.1781
142.114996823,0.0102,0.0056,0.3461,-0.3094,1.8751,-1.8463,4.0471,-4.1781
142.119996823,0.0103,0.0056,0.3461,-0.3094,1.8752,-1.8463,4.047,-4.1781
142.124996823,0.0102,0.0056,0.3461,-0.3094,1.8752,-1.8463,4.0469,-4.1781
142.129996823,0.0102,0.0056,0.3462,-0.3095,1.8752,-1.8463,4.0469,-4.178
142.134996823,0.0103,0.0056,0.3462,-0.3094,1.8753,-1.8464,4.0467,-4.1781
142.139996822,0.0102,0.0056,0.3463,-0.3094,1.8753,-1.8464,4.0466,-4.1781
142.144996822,0.0102,0.0056,0.3463,-0.3095,1.8753,-1.8464,4.0466,-4.178
142.149996822,0.0103,0.0056,0.3464,-0.3095,1.8753,-1.8464,4.0464,-4.178
142.154996822,0.0102,0.0056,0.3464,-0.3095,1.8754,-1.8464,4.0464,-4.178
142.159996822,0.0103,0.0056,0.3464,-0.3095,1.8754,-1.8464,4.0463,-4.178
142.164996822,0.0103,0.0056,0.3465,-0.3095,1.8754,-1.8464,4.0462,-4.178
142.169996822,0.0102,0.0056,0.3465,-0.3095,1.8754,-1.8464,4.0461,-4.178
142.174996822,0.0102,0.0056,0.3466,-0.3095,1.8755,-1.8464,4.046,-4.178
142.179996822,0.0103,0.0056,0.3466,-0.3095,1.8755,-1.8464,4.0459,-4.178
142.184996821,0.0102,0.0056,0.3466,-0.3095,1.8755,-1.8464,4.0458,-4.178
142.189996821,0.0102,0.0056,0.3467,-0.3095,1.8755,-1.8464,4.0457,-4.1779
142.194996821,0.0103,0.0056,0.3467,-0.3095,1.8756,-1.8464,4.0456,-4.1779
142.199996821,0.0102,0.0056,0.3468,-0.3095,1.8756,-1.8464,4.0455,-4.1779
142.204996821,0.0102,0.0056,0.3468,-0.3095,1.8756,-1.8464,4.0454,-4.1779
142.209996821,0.0102,0.0056,0.3468,-0.3095,1.8757,-1.8464,4.0453,-4.1779
142.214996821,0.0102,0.0056,0.3469,-0.3095,1.8757,-1.8464,4.0452,-4.1778
142.219996821,0.0103,0.0056,0.3469,-0.3096,1.8757,-1.8464,4.0451,-4.1778
142.224996821,0.0102,0.0056,0.347,-0.3096,1.8757,-1.8464,4.045,-4.1778
142.22999682,0.0103,0.0056,0.347,-0.3096,1.8758,-1.8464,4.0449,-4.1778
142.23499682,0.0102,0.0056,0.3471,-0.3096,1.8758,-1.8464,4.0448,-4.1778
142.23999682,0.0102,0.0056,0.3471,-0.3096,1.8758,-1.8464,4.0447,-4.1778
142.24499682,0.0102,0.0056,0.3471,-0.3096,1.8758,-1.8464,4.0446,-4.1777
142.24999682,0.0102,0.0056,0.3472,-0.3096,1.8759,-1.8465,4.0446,-4.1777
142.25499682,0.0102,0.0056,0.3472,-0.3096,1.8759,-1.8465,4.0444,-4.1777
142.25999682,0.0103,0.0056,0.3473,-0.3096,1.8759,-1.8465,4.0444,-4.1777
142.26499682,0.0103,0.0056,0.3473,-0.3096,1.876,-1.8465,4.0443,-4.1777
142.26999682,0.0102,0.0056,0.3473,-0.3096,1.876,-1.8465,4.0442,-4.1777
142.274996819,0.0103,0.0056,0.3474,-0.3096,1.876,-1.8465,4.0441,-4.1777
142.279996819,0.0102,0.0056,0.3474,-0.3096,1.876,-1.8465,4.044,-4.1777
142.284996819,0.0102,0.0056,0.3475,-0.3096,1.8761,-1.8465,4.0439,-4.1776
142.289996819,0.0102,0.0056,0.3475,-0.3096,1.8761,-1.8465,4.0438,-4.1776
142.294996819,0.0102,0.0056,0.3476,-0.3097,1.8761,-1.8465,4.0437,-4.1776
142.299996819,0.0102,0.0056,0.3476,-0.3097,1.8761,-1.8465,4.0436,-4.1776
142.304996819,0.0102,0.0056,0.3476,-0.3097,1.8762,-1.8465,4.0435,-4.1775
142.309996819,0.0102,0.0056,0.3477,-0.3097,1.8762,-1.8465,4.0434,-4.1775
142.314996819,0.0102,0.0056,0.3477,-0.3097,1.8762,-1.8465,4.0433,-4.1775
142.319996818,0.0102,0.0056,0.3478,-0.3097,1.8763,-1.8465,4.0432,-4.1775
142.324996818,0.0102,0.0056,0.3478,-0.3097,1.8763,-1.8465,4.0431,-4.1775
142.329996818,0.0102,0.0056,0.3478,-0.3097,1.8763,-1.8465,4.043,-4.1775
142.334996818,0.0102,0.0056,0.3479,-0.3097,1.8763,-1.8465,4.0429,-4.1774
142.339996818,0.0102,0.0056,0.3479,-0.3097,1.8764,-1.8465,4.0428,-4.1774
142.344996818,0.0102,0.0056,0.348,-0.3097,1.8764,-1.8466,4.0427,-4.1774
142.349996818,0.0102,0.0056,0.348,-0.3098,1.8764,-1.8466,4.0426,-4.1774
142.354996818,0.0102,0.0056,0.3481,-0.3098,1.8764,-1.8466,4.0425,-4.1774
142.359996818,0.0102,0.0056,0.3481,-0.3098,1.8765,-1.8466,4.0424,-4.1773
142.364996817,0.0102,0.0056,0.3481,-0.3098,1.8765,-1.8466,4.0423,-4.1773
142.369996817,0.0102,0.0056,0.3482,-0.3098,1.8765,-1.8466,4.0422,-4.1773
142.374996817,0.0102,0.0056,0.3482,-0.3098,1.8765,-1.8466,4.0422,-4.1773
142.379996817,0.0102,0.0056,0.3483,-0.3098,1.8766,-1.8466,4.0421,-4.1773
142.384996817,0.0102,0.0056,0.3483,-0.3098,1.8766,-1.8466,4.042,-4.1772
142.389996817,0.0102,0.0056,0.3483,-0.3098,1.8766,-1.8466,4.0419,-4.1772
142.394996817,0.0102,0.0056,0.3484,-0.3098,1.8767,-1.8466,4.0418,-4.1772
142.399996817,0.0102,0.0056,0.3484,-0.3098,1.8767,-1.8466,4.0417,-4.1772
142.404996817,0.0102,0.0056,0.3485,-0.3098,1.8767,-1.8466,4.0416,-4.1772
142.409996816,0.0102,0.0056,0.3485,-0.3099,1.8767,-1.8466,4.0415,-4.1771
142.414996816,0.0102,0.0056,0.3486,-0.3099,1.8768,-1.8466,4.0414,-4.1771
142.419996816,0.0102,0.0056,0.3486,-0.3099,1.8768,-1.8466,4.0413,-4.1771
142.424996816,0.0102,0.0056,0.3486,-0.3099,1.8768,-1.8467,4.0412,-4.1771
142.429996816,0.0102,0.0056,0.3487,-0.3099,1.8768,-1.8467,4.0411,-4.177
142.434996816,0.0102,0.0056,0.3487,-0.3099,1.8769,-1.8467,4.041,-4.177
142.439996816,0.0102,0.0056,0.3488,-0.3099,1.8769,-1.8467,4.0409,-4.177
142.444996816,0.0102,0.0056,0.3488,-0.3099,1.8769,-1.8467,4.0408,-4.177
142.449996815,0.0102,0.0056,0.3488,-0.3099,1.877,-1.8467,4.0407,-4.1769
142.454996815,0.0103,0.0056,0.3489,-0.3099,1.877,-1.8467,4.0406,-4.177
142.459996815,0.0102,0.0056,0.3489,-0.3099,1.877,-1.8467,4.0405,-4.1769
142.464996815,0.0102,0.0056,0.349,-0.31,1.877,-1.8467,4.0404,-4.1769
142.469996815,0.0103,0.0056,0.349,-0.3099,1.8771,-1.8467,4.0403,-4.1769
142.474996815,0.0102,0.0056,0.3491,-0.31,1.8771,-1.8467,4.0402,-4.1769
142.479996815,0.0102,0.0056,0.3491,-0.31,1.8771,-1.8467,4.0401,-4.1769
142.484996815,0.0103,0.0056,0.3491,-0.31,1.8771,-1.8467,4.04,-4.1769
142.489996815,0.0102,0.0056,0.3492,-0.31,1.8772,-1.8467,4.0399,-4.1769
142.494996814,0.0102,0.0056,0.3492,-0.31,1.8772,-1.8467,4.0398,-4.1768
142.499996814,0.0102,0.0056,0.3493,-0.31,1.8772,-1.8467,4.0398,-4.1768
142.504996814,0.0102,0.0056,0.3493,-0.31,1.8773,-1.8467,4.0397,-4.1768
142.509996814,0.0102,0.0056,0.3493,-0.31,1.8773,-1.8467,4.0396,-4.1768
142.514996814,0.0102,0.0056,0.3494,-0.31,1.8773,-1.8467,4.0395,-4.1768
142.519996814,0.0103,0.0056,0.3494,-0.31,1.8773,-1.8467,4.0394,-4.1768
142.524996814,0.0102,0.0056,0.3495,-0.31,1.8774,-1.8467,4.0393,-4.1768
142.529996814,0.0102,0.0056,0.3495,-0.31,1.8774,-1.8468,4.0392,-4.1767
142.534996814,0.0103,0.0056,0.3496,-0.31,1.8774,-1.8468,4.0391,-4.1767
142.539996813,0.0102,0.0056,0.3496,-0.31,1.8774,-1.8468,4.039,-4.1767
142.544996813,0.0102,0.0056,0.3496,-0.31,1.8775,-1.8468,4.0389,-4.1767
142.549996813,0.0103,0.0056,0.3497,-0.31,1.8775,-1.8468,4.0388,-4.1767
142.554996813,0.0102,0.0056,0.3497,-0.31,1.8775,-1.8468,4.0387,-4.1767
142.559996813,0.0102,0.0056,0.3498,-0.3101,1.8775,-1.8468,4.0386,-4.1767
142.564996813,0.0103,0.0056,0.3498,-0.3101,1.8776,-1.8468,4.0385,-4.1767
142.569996813,0.0102,0.0056,0.3499,-0.3101,1.8776,-1.8468,4.0384,-4.1767
142.574996813,0.0102,0.0056,0.3499,-0.3101,1.8776,-1.8468,4.0383,-4.1766
142.579996813,0.0103,0.0056,0.3499,-0.3101,1.8777,-1.8468,4.0382,-4.1767
142.584996812,0.0102,0.0056,0.35,-0.3101,1.8777,-1.8468,4.0381,-4.1767
142.589996812,0.0102,0.0056,0.35,-0.3101,1.8777,-1.8468,4.038,-4.1766
142.594996812,0.0102,0.0056,0.3501,-0.3101,1.8777,-1.8468,4.0379,-4.1766
142.599996812,0.0102,0.0056,0.3501,-0.3101,1.8778,-1.8468,4.0378,-4.1766
142.604996812,0.0102,0.0056,0.3501,-0.3101,1.8778,-1.8468,4.0377,-4.1766
142.609996812,0.0102,0.0056,0.3502,-0.3101,1.8778,-1.8468,4.0376,-4.1765
142.614996812,0.0102,0.0056,0.3502,-0.3101,1.8778,-1.8468,4.0375,-4.1765
142.619996812,0.0102,0.0056,0.3503,-0.3101,1.8779,-1.8468,4.0374,-4.1765
142.624996812,0.0102,0.0056,0.3503,-0.3101,1.8779,-1.8468,4.0373,-4.1765
142.629996811,0.0102,0.0056,0.3504,-0.3102,1.8779,-1.8468,4.0373,-4.1764
142.634996811,0.0102,0.0056,0.3504,-0.3102,1.878,-1.8468,4.0371,-4.1764
142.639996811,0.0103,0.0056,0.3504,-0.3102,1.878,-1.8468,4.037,-4.1764
142.644996811,0.0102,0.0056,0.3505,-0.3102,1.878,-1.8468,4.037,-4.1764
142.649996811,0.0102,0.0056,0.3505,-0.3102,1.878,-1.8469,4.0368,-4.1764
142.654996811,0.0103,0.0056,0.3506,-0.3102,1.8781,-1.8469,4.0368,-4.1764
142.659996811,0.0102,0.0056,0.3506,-0.3102,1.8781,-1.8469,4.0367,-4.1764
142.664996811,0.0102,0.0056,0.3506,-0.3102,1.8781,-1.8469,4.0366,-4.1764
142.669996811,0.0103,0.0056,0.3507,-0.3102,1.8781,-1.8469,4.0365,-4.1764
142.67499681,0.0102,0.0056,0.3507,-0.3102,1.8782,-1.8469,4.0364,-4.1764
142.67999681,0.0102,0.0056,0.3508,-0.3102,1.8782,-1.8469,4.0363,-4.1763
142.68499681,0.0102,0.0056,0.3508,-0.3102,1.8782,-1.8469,4.0362,-4.1763
142.68999681,0.0102,0.0056,0.3508,-0.3102,1.8783,-1.8469,4.0361,-4.1763
142.69499681,0.0102,0.0056,0.3509,-0.3102,1.8783,-1.8469,4.036,-4.1763
142.69999681,0.0102,0.0056,0.3509,-0.3103,1.8783,-1.8469,4.0359,-4.1762
142.70499681,0.0102,0.0056,0.351,-0.3103,1.8783,-1.8469,4.0358,-4.1762
142.70999681,0.0102,0.0056,0.351,-0.3103,1.8784,-1.8469,4.0357,-4.1762
142.71499681,0.0103,0.0056,0.3511,-0.3103,1.8784,-1.8469,4.0356,-4.1762
142.719996809,0.0102,0.0056,0.3511,-0.3103,1.8784,-1.8469,4.0355,-4.1762
142.724996809,0.0102,0.0056,0.3511,-0.3103,1.8784,-1.8469,4.0354,-4.1761
142.729996809,0.0103,0.0056,0.3512,-0.3103,1.8785,-1.8469,4.0353,-4.1762
142.734996809,0.0102,0.0056,0.3512,-0.3103,1.8785,-1.8469,4.0352,-4.1761
142.739996809,0.0102,0.0056,0.3513,-0.3103,1.8785,-1.8469,4.0352,-4.1761
142.744996809,0.0103,0.0056,0.3513,-0.3103,1.8785,-1.8469,4.035,-4.1761
142.749996809,0.0102,0.0056,0.3514,-0.3103,1.8786,-1.8469,4.0349,-4.1761
142.754996809,0.0102,0.0056,0.3514,-0.3103,1.8786,-1.8469,4.0348,-4.1761
142.759996809,0.0103,0.0056,0.3514,-0.3103,1.8786,-1.8469,4.0347,-4.1761
142.764996808,0.0102,0.0056,0.3515,-0.3103,1.8787,-1.8469,4.0347,-4.1761
142.769996808,0.0102,0.0056,0.3515,-0.3103,1.8787,-1.847,4.0346,-4.176
142.774996808,0.0103,0.0056,0.3516,-0.3103,1.8787,-1.847,4.0345,-4.1761
142.779996808,0.0102,0.0056,0.3516,-0.3103,1.8787,-1.847,4.0344,-4.176
142.784996808,0.0102,0.0056,0.3516,-0.3103,1.8788,-1.847,4.0343,-4.176
142.789996808,0.0102,0.0056,0.3517,-0.3104,1.8788,-1.847,4.0342,-4.176
142.794996808,0.0103,0.0056,0.3517,-0.3103,1.8788,-1.847,4.0341,-4.176
142.799996808,0.0102,0.0056,0.3518,-0.3103,1.8788,-1.847,4.034,-4.176
142.804996808,0.0102,0.0056,0.3518,-0.3104,1.8789,-1.847,4.0339,-4.176
142.809996807,0.0103,0.0056,0.3518,-0.3104,1.8789,-1.847,4.0338,-4.176
142.814996807,0.0102,0.0056,0.3519,-0.3104,1.8789,-1.847,4.0337,-4.176
142.819996807,0.0102,0.0056,0.3519,-0.3104,1.879,-1.847,4.0336,-4.1759
142.824996807,0.0103,0.0056,0.352,-0.3104,1.879,-1.847,4.0335,-4.1759
142.829996807,0.0102,0.0056,0.352,-0.3104,1.879,-1.847,4.0334,-4.1759
142.834996807,0.0102,0.0056,0.352,-0.3104,1.879,-1.847,4.0333,-4.1759
142.839996807,0.0103,0.0056,0.3521,-0.3104,1.8791,-1.847,4.0332,-4.1759
142.844996807,0.0102,0.0056,0.3521,-0.3104,1.8791,-1.847,4.0331,-4.1759
142.849996807,0.0102,0.0056,0.3522,-0.3104,1.8791,-1.847,4.0331,-4.1759
142.854996806,0.0103,0.0056,0.3522,-0.3104,1.8791,-1.847,4.0329,-4.1759
142.859996806,0.0102,0.0056,0.3523,-0.3104,1.8792,-1.847,4.0329,-4.1759
142.864996806,0.0102,0.0056,0.3523,-0.3104,1.8792,-1.847,4.0327,-4.1758
142.869996806,0.0102,0.0056,0.3523,-0.3104,1.8792,-1.847,4.0327,-4.1758
142.874996806,0.0102,0.0056,0.3524,-0.3104,1.8792,-1.847,4.0325,-4.1758
142.879996806,0.0102,0.0056,0.3524,-0.3105,1.8793,-1.847,4.0325,-4.1758
142.884996806,0.0102,0.0056,0.3525,-0.3105,1.8793,-1.847,4.0324,-4.1758
142.889996806,0.0102,0.0056,0.3525,-0.3105,1.8793,-1.847,4.0323,-4.1757
142.894996806,0.0102,0.0056,0.3526,-0.3105,1.8794,-1.8471,4.0322,-4.1757
142.899996805,0.0103,0.0056,0.3526,-0.3105,1.8794,-1.8471,4.0321,-4.1757
142.904996805,0.0102,0.0056,0.3526,-0.3105,1.8794,-1.8471,4.032,-4.1757
142.909996805,0.0102,0.0056,0.3527,-0.3105,1.8794,-1.8471,4.0319,-4.1757
142.914996805,0.0103,0.0056,0.3527,-0.3105,1.8795,-1.8471,4.0318,-4.1757
142.919996805,0.0103,0.0056,0.3527,-0.3105,1.8795,-1.8471,4.0317,-4.1757
142.924996805,0.0102,0.0056,0.3528,-0.3105,1.8795,-1.8471,4.0317,-4.1757
142.929996805,0.0103,0.0056,0.3528,-0.3105,1.8795,-1.8471,4.0316,-4.1757
142.934996805,0.0102,0.0056,0.3528,-0.3105,1.8795,-1.8471,4.0316,-4.1757
142.939996805,0.0102,0.0056,0.3529,-0.3105,1.8796,-1.8471,4.0315,-4.1757
142.944996804,0.0103,0.0056,0.3529,-0.3105,1.8796,-1.8471,4.0314,-4.1757
142.949996804,0.0102,0.0056,0.3529,-0.3105,1.8796,-1.8471,4.0313,-4.1757
142.954996804,0.0102,0.0056,0.353,-0.3105,1.8796,-1.8471,4.0312,-4.1756
142.959996804,0.0103,0.0056,0.353,-0.3105,1.8797,-1.8471,4.0311,-4.1757
142.964996804,0.0102,0.0056,0.3531,-0.3105,1.8797,-1.8471,4.031,-4.1757
142.969996804,0.0102,0.0056,0.3531,-0.3105,1.8797,-1.8471,4.0309,-4.1756
142.974996804,0.0103,0.0056,0.3531,-0.3105,1.8797,-1.8471,4.0308,-4.1756
142.979996804,0.0102,0.0056,0.3532,-0.3105,1.8798,-1.8471,4.0307,-4.1756
142.984996804,0.0102,0.0056,0.3532,-0.3105,1.8798,-1.8471,4.0306,-4.1756
142.989996803,0.0102,0.0056,0.3533,-0.3105,1.8798,-1.8471,4.0305,-4.1756
142.994996803,0.0102,0.0056,0.3533,-0.3105,1.8798,-1.8471,4.0305,-4.1755
142.999996803,0.0102,0.0056,0.3533,-0.3106,1.8799,-1.8471,4.0303,-4.1755
143.004996803,0.0103,0.0056,0.3534,-0.3105,1.8799,-1.8471,4.0302,-4.1755
143.009996803,0.0102,0.0056,0.3534,-0.3106,1.8799,-1.8471,4.0302,-4.1755
143.014996803,0.0102,0.0056,0.3535,-0.3106,1.8799,-1.8471,4.0301,-4.1755
143.019996803,0.0103,0.0056,0.3535,-0.3106,1.88,-1.8471,4.03,-4.1755
143.024996803,0.0102,0.0056,0.3536,-0.3106,1.88,-1.8471,4.0299,-4.1755
143.029996803,0.0102,0.0056,0.3536,-0.3106,1.88,-1.8471,4.0298,-4.1755
143.034996802,0.0103,0.0056,0.3536,-0.3106,1.88,-1.8471,4.0297,-4.1755
143.039996802,0.0102,0.0056,0.3537,-0.3106,1.8801,-1.8471,4.0296,-4.1755
143.04499680200001,0.0102,0.0056,0.3537,-0.3106,1.8801,-1.8471,4.0295,-4.1754
143.049996802,0.0103,0.0056,0.3538,-0.3106,1.8801,-1.8471,4.0294,-4.1754
143.054996802,0.0102,0.0056,0.3538,-0.3106,1.8802,-1.8471,4.0293,-4.1754
143.059996802,0.0102,0.0056,0.3538,-0.3106,1.8802,-1.8471,4.0292,-4.1754
143.064996802,0.0103,0.0056,0.3539,-0.3106,1.8802,-1.8471,4.0291,-4.1754
143.069996802,0.0102,0.0056,0.3539,-0.3106,1.8802,-1.8471,4.029,-4.1754
143.074996802,0.0102,0.0056,0.354,-0.3106,1.8803,-1.8472,4.0289,-4.1754
143.079996801,0.0103,0.0056,0.354,-0.3106,1.8803,-1.8472,4.0288,-4.1754
143.084996801,0.0102,0.0056,0.3541,-0.3106,1.8803,-1.8472,4.0287,-4.1754
143.089996801,0.0102,0.0056,0.3541,-0.3106,1.8804,-1.8472,4.0286,-4.1753
143.094996801,0.0102,0.0056,0.3541,-0.3106,1.8804,-1.8472,4.0285,-4.1753
143.099996801,0.0103,0.0056,0.3542,-0.3107,1.8804,-1.8472,4.0284,-4.1753
143.104996801,0.0102,0.0056,0.3542,-0.3107,1.8804,-1.8472,4.0283,-4.1753
143.109996801,0.0102,0.0056,0.3543,-0.3107,1.8805,-1.8472,4.0282,-4.1753
143.114996801,0.0103,0.0056,0.3543,-0.3107,1.8805,-1.8472,4.0281,-4.1753
143.119996801,0.0102,0.0056,0.3543,-0.3107,1.8805,-1.8472,4.028,-4.1753
143.1249968,0.0103,0.0056,0.3544,-0.3107,1.8805,-1.8472,4.0279,-4.1752
143.1299968,0.0103,0.0056,0.3544,-0.3107,1.8806,-1.8472,4.0278,-4.1753
143.1349968,0.0102,0.0056,0.3545,-0.3107,1.8806,-1.8472,4.0278,-4.1752
143.1399968,0.0102,0.0056,0.3545,-0.3107,1.8806,-1.8472,4.0276,-4.1752
143.1449968,0.0103,0.0056,0.3545,-0.3107,1.8806,-1.8472,4.0276,-4.1752
143.1499968,0.0102,0.0056,0.3546,-0.3107,1.8807,-1.8472,4.0275,-4.1752
143.1549968,0.0102,0.0056,0.3546,-0.3107,1.8807,-1.8472,4.0274,-4.1752
143.1599968,0.0103,0.0056,0.3547,-0.3107,1.8807,-1.8472,4.0273,-4.1752
143.1649968,0.0103,0.0056,0.3547,-0.3107,1.8807,-1.8472,4.0272,-4.1752
143.169996799,0.0102,0.0056,0.3547,-0.3107,1.8808,-1.8472,4.0271,-4.1751
143.174996799,0.0103,0.0056,0.3548,-0.3107,1.8808,-1.8472,4.027,-4.1751
143.179996799,0.0102,0.0056,0.3548,-0.3107,1.8808,-1.8472,4.0269,-4.1751
143.184996799,0.0102,0.0056,0.3549,-0.3107,1.8809,-1.8472,4.0268,-4.1751
143.189996799,0.0103,0.0056,0.3549,-0.3107,1.8809,-1.8472,4.0267,-4.1751
143.194996799,0.0102,0.0056,0.355,-0.3107,1.8809,-1.8472,4.0266,-4.1751
143.199996799,0.0102,0.0056,0.355,-0.3108,1.8809,-1.8473,4.0265,-4.1751
143.204996799,0.0102,0.0056,0.355,-0.3108,1.881,-1.8473,4.0264,-4.175
143.209996799,0.0102,0.0056,0.3551,-0.3108,1.881,-1.8473,4.0263,-4.175
143.214996798,0.0103,0.0056,0.3551,-0.3108,1.881,-1.8473,4.0262,-4.175
143.219996798,0.0102,0.0056,0.3552,-0.3108,1.881,-1.8473,4.0261,-4.175
143.224996798,0.0103,0.0056,0.3552,-0.3108,1.8811,-1.8473,4.026,-4.175
143.229996798,0.0103,0.0056,0.3552,-0.3108,1.8811,-1.8473,4.0259,-4.175
143.234996798,0.0102,0.0056,0.3553,-0.3108,1.8811,-1.8473,4.0259,-4.1749
143.239996798,0.0103,0.0056,0.3553,-0.3108,1.8811,-1.8473,4.0257,-4.1749
143.244996798,0.0102,0.0056,0.3554,-0.3108,1.8812,-1.8473,4.0257,-4.1749
143.249996798,0.0102,0.0056,0.3554,-0.3108,1.8812,-1.8473,4.0256,-4.1749
143.254996798,0.0103,0.0056,0.3555,-0.3108,1.8812,-1.8473,4.0255,-4.1749
143.259996797,0.0102,0.0056,0.3555,-0.3108,1.8813,-1.8473,4.0254,-4.1749
143.264996797,0.0102,0.0056,0.3555,-0.3108,1.8813,-1.8473,4.0253,-4.1749
143.269996797,0.0103,0.0056,0.3556,-0.3108,1.8813,-1.8473,4.0252,-4.1749
143.274996797,0.0102,0.0056,0.3556,-0.3108,1.8813,-1.8473,4.0251,-4.1749
143.279996797,0.0102,0.0056,0.3557,-0.3109,1.8814,-1.8473,4.025,-4.1748
143.284996797,0.0103,0.0056,0.3557,-0.3109,1.8814,-1.8473,4.0249,-4.1749
143.289996797,0.0102,0.0056,0.3557,-0.3109,1.8814,-1.8473,4.0248,-4.1748
143.294996797,0.0102,0.0056,0.3558,-0.3109,1.8814,-1.8473,4.0247,-4.1748
143.299996796,0.0102,0.0056,0.3558,-0.3109,1.8815,-1.8473,4.0246,-4.1748
143.304996796,0.0102,0.0056,0.3559,-0.3109,1.8815,-1.8473,4.0245,-4.1748
143.309996796,0.0102,0.0056,0.3559,-0.3109,1.8815,-1.8473,4.0244,-4.1748
143.314996796,0.0102,0.0056,0.356,-0.3109,1.8815,-1.8474,4.0243,-4.1747
143.319996796,0.0103,0.0056,0.356,-0.3109,1.8816,-1.8474,4.0242,-4.1747
143.324996796,0.0102,0.0056,0.356,-0.3109,1.8816,-1.8474,4.0241,-4.1747
143.329996796,0.0102,0.0056,0.3561,-0.3109,1.8816,-1.8474,4.024,-4.1746
143.334996796,0.0102,0.0056,0.3561,-0.311,1.8817,-1.8474,4.0239,-4.1746
143.339996796,0.0103,0.0056,0.3562,-0.3109,1.8817,-1.8474,4.0238,-4.1746
143.344996795,0.0102,0.0056,0.3562,-0.3109,1.8817,-1.8474,4.0237,-4.1746
143.349996795,0.0102,0.0056,0.3562,-0.311,1.8817,-1.8474,4.0236,-4.1746
143.354996795,0.0103,0.0056,0.3563,-0.311,1.8818,-1.8474,4.0235,-4.1746
143.359996795,0.0103,0.0056,0.3563,-0.311,1.8818,-1.8474,4.0234,-4.1746
143.364996795,0.0102,0.0056,0.3564,-0.311,1.8818,-1.8474,4.0233,-4.1746
143.369996795,0.0103,0.0056,0.3564,-0.311,1.8818,-1.8474,4.0233,-4.1746
143.374996795,0.0102,0.0056,0.3565,-0.311,1.8819,-1.8474,4.0232,-4.1746
143.379996795,0.0102,0.0056,0.3565,-0.311,1.8819,-1.8474,4.0231,-4.1745
143.384996795,0.0102,0.0056,0.3565,-0.311,1.8819,-1.8474,4.023,-4.1745
143.389996794,0.0103,0.0056,0.3566,-0.311,1.8819,-1.8474,4.0229,-4.1745
143.394996794,0.0102,0.0056,0.3566,-0.311,1.882,-1.8474,4.0228,-4.1745
143.399996794,0.0102,0.0056,0.3567,-0.311,1.882,-1.8474,4.0227,-4.1745
143.404996794,0.0103,0.0056,0.3567,-0.311,1.882,-1.8474,4.0226,-4.1745
143.409996794,0.0102,0.0056,0.3568,-0.311,1.8821,-1.8474,4.0225,-4.1745
143.414996794,0.0102,0.0056,0.3568,-0.311,1.8821,-1.8474,4.0224,-4.1745
143.419996794,0.0102,0.0056,0.3568,-0.311,1.8821,-1.8474,4.0223,-4.1744
143.424996794,0.0102,0.0056,0.3569,-0.311,1.8821,-1.8474,4.0222,-4.1744
143.429996794,0.0102,0.0056,0.3569,-0.3111,1.8822,-1.8475,4.0221,-4.1744
143.434996793,0.0102,0.0056,0.357,-0.3111,1.8822,-1.8475,4.022,-4.1744
143.439996793,0.0102,0.0056,0.357,-0.3111,1.8822,-1.8475,4.0219,-4.1744
143.444996793,0.0102,0.0056,0.357,-0.3111,1.8822,-1.8475,4.0218,-4.1743
143.449996793,0.0102,0.0056,0.3571,-0.3111,1.8823,-1.8475,4.0217,-4.1743
143.454996793,0.0102,0.0056,0.3571,-0.3111,1.8823,-1.8475,4.0216,-4.1743
143.459996793,0.0103,0.0056,0.3572,-0.3111,1.8823,-1.8475,4.0215,-4.1743
143.464996793,0.0102,0.0056,0.3572,-0.3111,1.8824,-1.8475,4.0214,-4.1743
143.469996793,0.0102,0.0056,0.3572,-0.3111,1.8824,-1.8475,4.0213,-4.1742
143.474996793,0.0102,0.0056,0.3573,-0.3111,1.8824,-1.8475,4.0212,-4.1742
143.479996792,0.0102,0.0056,0.3573,-0.3111,1.8824,-1.8475,4.0211,-4.1742
143.484996792,0.0102,0.0056,0.3574,-0.3111,1.8825,-1.8475,4.021,-4.1742
143.489996792,0.0103,0.0056,0.3574,-0.3111,1.8825,-1.8475,4.0209,-4.1742
143.494996792,0.0102,0.0056,0.3575,-0.3111,1.8825,-1.8475,4.0208,-4.1742
143.499996792,0.0102,0.0056,0.3575,-0.3112,1.8825,-1.8475,4.0207,-4.1741
143.504996792,0.0103,0.0056,0.3575,-0.3112,1.8826,-1.8475,4.0206,-4.1742
143.509996792,0.0103,0.0056,0.3576,-0.3112,1.8826,-1.8475,4.0205,-4.1742
143.514996792,0.0102,0.0056,0.3576,-0.3112,1.8826,-1.8475,4.0205,-4.1741
143.519996792,0.0102,0.0056,0.3577,-0.3112,1.8826,-1.8475,4.0204,-4.1741
143.524996791,0.0102,0.0056,0.3577,-0.3112,1.8827,-1.8475,4.0203,-4.1741
143.529996791,0.0102,0.0056,0.3578,-0.3112,1.8827,-1.8476,4.0202,-4.1741
143.534996791,0.0102,0.0056,0.3578,-0.3112,1.8827,-1.8476,4.0201,-4.174
143.539996791,0.0102,0.0056,0.3578,-0.3112,1.8828,-1.8476,4.02,-4.174
143.544996791,0.0102,0.0056,0.3579,-0.3112,1.8828,-1.8476,4.0199,-4.174
143.549996791,0.0102,0.0056,0.3579,-0.3112,1.8828,-1.8476,4.0198,-4.174
143.554996791,0.0102,0.0056,0.358,-0.3112,1.8828,-1.8476,4.0197,-4.174
143.559996791,0.0102,0.0056,0.358,-0.3113,1.8829,-1.8476,4.0196,-4.1739
143.564996791,0.0103,0.0056,0.358,-0.3112,1.8829,-1.8476,4.0195,-4.174
143.56999679,0.0102,0.0056,0.3581,-0.3112,1.8829,-1.8476,4.0194,-4.174
143.57499679,0.0102,0.0056,0.3581,-0.3113,1.8829,-1.8476,4.0193,-4.1739
143.57999679,0.0103,0.0056,0.3582,-0.3112,1.883,-1.8476,4.0192,-4.1739
143.58499679,0.0102,0.0056,0.3582,-0.3113,1.883,-1.8476,4.0191,-4.1739
143.58999679,0.0102,0.0056,0.3583,-0.3113,1.883,-1.8476,4.019,-4.1739
143.59499679,0.0103,0.0056,0.3583,-0.3113,1.8831,-1.8476,4.0189,-4.1739
143.59999679,0.0102,0.0056,0.3583,-0.3113,1.8831,-1.8476,4.0188,-4.1739
143.60499679,0.0102,0.0056,0.3584,-0.3113,1.8831,-1.8476,4.0187,-4.1739
143.60999679,0.0103,0.0056,0.3584,-0.3113,1.8831,-1.8476,4.0186,-4.1739
143.614996789,0.0102,0.0056,0.3585,-0.3113,1.8832,-1.8476,4.0185,-4.1739
143.619996789,0.0102,0.0056,0.3585,-0.3113,1.8832,-1.8476,4.0184,-4.1739
143.624996789,0.0102,0.0056,0.3586,-0.3113,1.8832,-1.8476,4.0183,-4.1738
143.629996789,0.0103,0.0056,0.3586,-0.3113,1.8832,-1.8476,4.0182,-4.1739
143.634996789,0.0102,0.0056,0.3586,-0.3113,1.8833,-1.8476,4.0181,-4.1738
143.639996789,0.0102,0.0056,0.3587,-0.3113,1.8833,-1.8476,4.018,-4.1738
143.644996789,0.0103,0.0056,0.3587,-0.3113,1.8833,-1.8476,4.0179,-4.1738
143.649996789,0.0102,0.0056,0.3588,-0.3113,1.8833,-1.8476,4.0178,-4.1738
143.654996789,0.0102,0.0056,0.3588,-0.3113,1.8834,-1.8476,4.0177,-4.1738
143.659996788,0.0102,0.0056,0.3588,-0.3113,1.8834,-1.8476,4.0177,-4.1738
143.664996788,0.0102,0.0056,0.3589,-0.3113,1.8834,-1.8476,4.0175,-4.1737
143.669996788,0.0103,0.0056,0.3589,-0.3113,1.8835,-1.8476,4.0174,-4.1738
143.674996788,0.0102,0.0056,0.359,-0.3113,1.8835,-1.8476,4.0173,-4.1738
143.679996788,0.0102,0.0056,0.359,-0.3113,1.8835,-1.8476,4.0173,-4.1737
143.684996788,0.0103,0.0056,0.3591,-0.3113,1.8835,-1.8477,4.0171,-4.1737
143.689996788,0.0102,0.0056,0.3591,-0.3113,1.8836,-1.8477,4.017,-4.1737
143.694996788,0.0102,0.0056,0.3591,-0.3114,1.8836,-1.8477,4.017,-4.1737
143.699996788,0.0103,0.0056,0.3592,-0.3113,1.8836,-1.8477,4.0169,-4.1737
143.704996787,0.0102,0.0056,0.3592,-0.3113,1.8836,-1.8477,4.0168,-4.1737
143.709996787,0.0102,0.0056,0.3593,-0.3114,1.8837,-1.8477,4.0167,-4.1737
143.714996787,0.0102,0.0056,0.3593,-0.3114,1.8837,-1.8477,4.0166,-4.1737
143.719996787,0.0102,0.0056,0.3594,-0.3114,1.8837,-1.8477,4.0165,-4.1736
143.724996787,0.0102,0.0056,0.3594,-0.3114,1.8838,-1.8477,4.0164,-4.1736
143.729996787,0.0102,0.0056,0.3594,-0.3114,1.8838,-1.8477,4.0163,-4.1736
143.734996787,0.0103,0.0056,0.3595,-0.3114,1.8838,-1.8477,4.0162,-4.1736
143.739996787,0.0102,0.0056,0.3595,-0.3114,1.8838,-1.8477,4.0161,-4.1736
143.744996787,0.0102,0.0056,0.3596,-0.3114,1.8839,-1.8477,4.016,-4.1736
143.749996786,0.0103,0.0056,0.3596,-0.3114,1.8839,-1.8477,4.0159,-4.1736
143.754996786,0.0102,0.0056,0.3597,-0.3114,1.8839,-1.8477,4.0158,-4.1735
143.759996786,0.0103,0.0056,0.3597,-0.3114,1.8839,-1.8477,4.0157,-4.1736
143.764996786,0.0102,0.0056,0.3597,-0.3114,1.884,-1.8477,4.0156,-4.1736
143.769996786,0.0102,0.0056,0.3598,-0.3114,1.884,-1.8477,4.0155,-4.1735
143.774996786,0.0103,0.0056,0.3598,-0.3114,1.884,-1.8477,4.0154,-4.1735
143.779996786,0.0102,0.0056,0.3599,-0.3114,1.884,-1.8477,4.0153,-4.1735
143.784996786,0.0102,0.0056,0.3599,-0.3115,1.8841,-1.8477,4.0152,-4.1735
143.789996786,0.0103,0.0056,0.3599,-0.3114,1.8841,-1.8477,4.0151,-4.1735
143.794996785,0.0103,0.0056,0.36,-0.3115,1.8841,-1.8477,4.015,-4.1735
143.799996785,0.0102,0.0056,0.36,-0.3115,1.8842,-1.8477,4.0149,-4.1734
143.804996785,0.0102,0.0056,0.3601,-0.3115,1.8842,-1.8477,4.0148,-4.1734
143.809996785,0.0103,0.0056,0.3601,-0.3115,1.8842,-1.8477,4.0147,-4.1734
143.814996785,0.0102,0.0056,0.3601,-0.3115,1.8842,-1.8477,4.0146,-4.1734
143.819996785,0.0102,0.0056,0.3602,-0.3115,1.8843,-1.8478,4.0145,-4.1734
143.824996785,0.0102,0.0056,0.3602,-0.3115,1.8843,-1.8478,4.0144,-4.1734
143.829996785,0.0102,0.0056,0.3603,-0.3115,1.8843,-1.8478,4.0143,-4.1734
143.834996785,0.0102,0.0056,0.3603,-0.3115,1.8843,-1.8478,4.0143,-4.1733
143.839996784,0.0102,0.0056,0.3603,-0.3115,1.8844,-1.8478,4.0142,-4.1733
143.844996784,0.0102,0.0056,0.3604,-0.3115,1.8844,-1.8478,4.0141,-4.1733
143.849996784,0.0102,0.0056,0.3604,-0.3115,1.8844,-1.8478,4.014,-4.1733
143.854996784,0.0102,0.0056,0.3605,-0.3116,1.8844,-1.8478,4.0139,-4.1733
143.859996784,0.0103,0.0056,0.3605,-0.3115,1.8845,-1.8478,4.0138,-4.1733
143.864996784,0.0102,0.0056,0.3606,-0.3115,1.8845,-1.8478,4.0137,-4.1733
143.869996784,0.0102,0.0056,0.3606,-0.3116,1.8845,-1.8478,4.0136,-4.1732
143.874996784,0.0103,0.0056,0.3606,-0.3116,1.8845,-1.8478,4.0135,-4.1732
143.879996784,0.0103,0.0056,0.3607,-0.3116,1.8846,-1.8478,4.0134,-4.1732
143.884996783,0.0102,0.0056,0.3607,-0.3116,1.8846,-1.8478,4.0133,-4.1732
143.889996783,0.0102,0.0056,0.3608,-0.3116,1.8846,-1.8478,4.0132,-4.1732
143.894996783,0.0103,0.0056,0.3608,-0.3116,1.8847,-1.8478,4.0131,-4.1732
143.899996783,0.0102,0.0056,0.3609,-0.3116,1.8847,-1.8478,4.013,-4.1732
143.904996783,0.0102,0.0056,0.3609,-0.3116,1.8847,-1.8478,4.0129,-4.1731
143.909996783,0.0103,0.0056,0.3609,-0.3116,1.8847,-1.8478,4.0128,-4.1732
143.914996783,0.0103,0.0056,0.361,-0.3116,1.8848,-1.8478,4.0127,-4.1732
143.919996783,0.0102,0.0056,0.361,-0.3116,1.8848,-1.8478,4.0126,-4.1731
143.924996783,0.0102,0.0056,0.3611,-0.3116,1.8848,-1.8478,4.0125,-4.1731
143.929996782,0.0102,0.0056,0.3611,-0.3116,1.8848,-1.8478,4.0124,-4.1731
143.934996782,0.0102,0.0056,0.3611,-0.3116,1.8849,-1.8479,4.0123,-4.1731
143.939996782,0.0103,0.0056,0.3612,-0.3116,1.8849,-1.8479,4.0122,-4.1731
143.944996782,0.0102,0.0056,0.3612,-0.3116,1.8849,-1.8479,4.0121,-4.1731
143.949996782,0.0102,0.0056,0.3613,-0.3116,1.8849,-1.8479,4.0121,-4.173
143.954996782,0.0103,0.0056,0.3613,-0.3116,1.885,-1.8479,4.0119,-4.173
143.959996782,0.0102,0.0056,0.3614,-0.3116,1.885,-1.8479,4.0119,-4.173
143.96499678200001,0.0102,0.0056,0.3614,-0.3117,1.885,-1.8479,4.0118,-4.173
143.969996782,0.0103,0.0056,0.3614,-0.3117,1.8851,-1.8479,4.0116,-4.173
143.974996781,0.0102,0.0056,0.3615,-0.3117,1.8851,-1.8479,4.0116,-4.173
143.979996781,0.0102,0.0056,0.3615,-0.3117,1.8851,-1.8479,4.0114,-4.173
143.984996781,0.0102,0.0056,0.3616,-0.3117,1.8851,-1.8479,4.0114,-4.1729
143.989996781,0.0102,0.0056,0.3616,-0.3117,1.8852,-1.8479,4.0113,-4.1729
143.994996781,0.0103,0.0056,0.3616,-0.3117,1.8852,-1.8479,4.0112,-4.1729
143.999996781,0.0102,0.0056,0.3617,-0.3117,1.8852,-1.8479,4.0111,-4.1729
144.004996781,0.0102,0.0056,0.3617,-0.3117,1.8852,-1.8479,4.011,-4.1728
144.009996781,0.0103,0.0056,0.3618,-0.3117,1.8853,-1.8479,4.0109,-4.1728
144.014996781,0.0102,0.0056,0.3618,-0.3117,1.8853,-1.8479,4.0108,-4.1728
144.01999678,0.0103,0.0056,0.3619,-0.3117,1.8853,-1.8479,4.0107,-4.1728
144.02499678,0.0102,0.0056,0.3619,-0.3117,1.8853,-1.8479,4.0106,-4.1728
144.02999678,0.0102,0.0056,0.3619,-0.3118,1.8854,-1.8479,4.0105,-4.1728
144.03499678,0.0102,0.0056,0.362,-0.3118,1.8854,-1.8479,4.0104,-4.1728
144.03999678,0.0102,0.0056,0.362,-0.3118,1.8854,-1.8479,4.0103,-4.1727
144.04499678,0.0102,0.0056,0.3621,-0.3118,1.8855,-1.848,4.0102,-4.1727
144.04999678,0.0102,0.0056,0.3621,-0.3118,1.8855,-1.848,4.0101,-4.1727
144.05499678,0.0102,0.0056,0.3621,-0.3118,1.8855,-1.848,4.01,-4.1727
144.05999678,0.0102,0.0056,0.3622,-0.3118,1.8855,-1.848,4.0099,-4.1726
144.064996779,0.0103,0.0056,0.3622,-0.3118,1.8856,-1.848,4.0098,-4.1727
144.069996779,0.0103,0.0056,0.3623,-0.3118,1.8856,-1.848,4.0097,-4.1727
144.074996779,0.0102,0.0056,0.3623,-0.3118,1.8856,-1.848,4.0096,-4.1726
144.079996779,0.0103,0.0056,0.3624,-0.3118,1.8856,-1.848,4.0095,-4.1726
144.084996779,0.0102,0.0056,0.3624,-0.3118,1.8857,-1.848,4.0094,-4.1726
144.089996779,0.0102,0.0056,0.3624,-0.3118,1.8857,-1.848,4.0093,-4.1726
144.094996779,0.0102,0.0056,0.3625,-0.3118,1.8857,-1.848,4.0092,-4.1726
144.099996779,0.0102,0.0056,0.3625,-0.3119,1.8858,-1.848,4.0091,-4.1726
144.104996779,0.0102,0.0056,0.3626,-0.3119,1.8858,-1.848,4.009,-4.1725
144.109996778,0.0102,0.0056,0.3626,-0.3119,1.8858,-1.848,4.0089,-4.1725
144.114996778,0.0102,0.0056,0.3627,-0.3119,1.8858,-1.848,4.0088,-4.1725
144.119996778,0.0102,0.0056,0.3627,-0.3119,1.8859,-1.848,4.0087,-4.1725
144.124996778,0.0102,0.0056,0.3627,-0.3119,1.8859,-1.848,4.0086,-4.1725
144.129996778,0.0102,0.0056,0.3628,-0.3119,1.8859,-1.848,4.0085,-4.1724
144.134996778,0.0103,0.0056,0.3628,-0.3119,1.8859,-1.848,4.0084,-4.1725
144.139996778,0.0102,0.0056,0.3629,-0.3119,1.886,-1.848,4.0083,-4.1724
144.144996778,0.0102,0.0056,0.3629,-0.3119,1.886,-1.848,4.0082,-4.1724
144.149996777,0.0103,0.0056,0.3629,-0.3119,1.886,-1.848,4.0081,-4.1724
144.154996777,0.0102,0.0056,0.363,-0.3119,1.886,-1.848,4.0081,-4.1724
144.159996777,0.0102,0.0056,0.363,-0.3119,1.8861,-1.8481,4.008,-4.1724
144.164996777,0.0102,0.0056,0.3631,-0.3119,1.8861,-1.8481,4.0079,-4.1724
144.169996777,0.0102,0.0056,0.3631,-0.3119,1.8861,-1.8481,4.0078,-4.1724
144.174996777,0.0102,0.0056,0.3632,-0.312,1.8862,-1.8481,4.0077,-4.1723
144.179996777,0.0102,0.0056,0.3632,-0.312,1.8862,-1.8481,4.0076,-4.1723
144.184996777,0.0102,0.0056,0.3632,-0.312,1.8862,-1.8481,4.0075,-4.1723
144.189996777,0.0102,0.0056,0.3633,-0.312,1.8862,-1.8481,4.0074,-4.1723
144.194996776,0.0102,0.0056,0.3633,-0.312,1.8863,-1.8481,4.0073,-4.1723
144.199996776,0.0102,0.0056,0.3634,-0.312,1.8863,-1.8481,4.0072,-4.1722
144.204996776,0.0102,0.0056,0.3634,-0.312,1.8863,-1.8481,4.0071,-4.1722
144.209996776,0.0103,0.0056,0.3635,-0.312,1.8863,-1.8481,4.007,-4.1722
144.214996776,0.0102,0.0056,0.3635,-0.312,1.8864,-1.8481,4.0069,-4.1722
144.219996776,0.0102,0.0056,0.3635,-0.312,1.8864,-1.8481,4.0068,-4.1722
144.224996776,0.0103,0.0056,0.3636,-0.312,1.8864,-1.8481,4.0067,-4.1722
144.229996776,0.0103,0.0056,0.3636,-0.312,1.8864,-1.8481,4.0066,-4.1722
144.234996776,0.0102,0.0056,0.3636,-0.312,1.8864,-1.8481,4.0066,-4.1722
144.239996775,0.0103,0.0056,0.3636,-0.312,1.8865,-1.8481,4.0065,-4.1722
144.244996775,0.0102,0.0056,0.3637,-0.312,1.8865,-1.8481,4.0065,-4.1722
144.249996775,0.0103,0.0056,0.3637,-0.312,1.8865,-1.8481,4.0064,-4.1722
144.254996775,0.0102,0.0056,0.3637,-0.312,1.8865,-1.8481,4.0063,-4.1721
144.259996775,0.0103,0.0056,0.3638,-0.312,1.8865,-1.8481,4.0062,-4.1722
144.264996775,0.0102,0.0056,0.3638,-0.312,1.8866,-1.8481,4.0062,-4.1721
144.269996775,0.0102,0.0056,0.3638,-0.3121,1.8866,-1.8481,4.0061,-4.1721
144.274996775,0.0103,0.0056,0.3639,-0.312,1.8866,-1.8481,4.006,-4.1721
144.279996775,0.0103,0.0056,0.3639,-0.3121,1.8866,-1.8481,4.0059,-4.1721
144.284996774,0.0102,0.0056,0.3639,-0.3121,1.8867,-1.8481,4.0058,-4.1721
144.289996774,0.0103,0.0056,0.3637,-0.3121,1.8865,-1.8482,4.0065,-4.172
144.294996774,0.0102,0.0055,0.3631,-0.3122,1.8861,-1.8482,4.0079,-4.1718
144.299996774,0.0103,0.0056,0.3621,-0.3122,1.8855,-1.8483,4.0101,-4.1717
144.304996774,0.0102,0.0055,0.3609,-0.3122,1.8847,-1.8483,4.013,-4.1716
144.309996774,0.0103,0.0056,0.3593,-0.3123,1.8837,-1.8483,4.0165,-4.1716
144.314996774,0.0102,0.0056,0.3575,-0.3123,1.8825,-1.8483,4.0208,-4.1716
144.319996774,0.0103,0.0056,0.3553,-0.3123,1.8811,-1.8483,4.0258,-4.1716
144.324996774,0.0102,0.0056,0.3528,-0.3123,1.8795,-1.8483,4.0315,-4.1715
144.329996773,0.0103,0.0056,0.3501,-0.3123,1.8777,-1.8483,4.0379,-4.1715
144.334996773,0.0102,0.0056,0.347,-0.3123,1.8758,-1.8483,4.0449,-4.1715
144.339996773,0.0103,0.0056,0.3437,-0.3123,1.8736,-1.8483,4.0526,-4.1715
144.344996773,0.0103,0.0056,0.3401,-0.3123,1.8712,-1.8483,4.0609,-4.1715
144.349996773,0.0103,0.0056,0.3362,-0.3124,1.8687,-1.8484,4.0697,-4.1714
144.354996773,0.0102,0.0056,0.3321,-0.3124,1.8659,-1.8483,4.0791,-4.1714
144.359996773,0.0103,0.0056,0.3278,-0.3124,1.863,-1.8484,4.0891,-4.1714
144.364996773,0.0103,0.0056,0.3232,-0.3124,1.86,-1.8484,4.0996,-4.1714
144.369996773,0.0103,0.0056,0.3184,-0.3124,1.8567,-1.8484,4.1105,-4.1714
144.374996772,0.0103,0.0056,0.3134,-0.3124,1.8533,-1.8484,4.1219,-4.1713
144.379996772,0.0103,0.0056,0.3082,-0.3124,1.8498,-1.8484,4.1337,-4.1714
144.384996772,0.0102,0.0056,0.3029,-0.3124,1.8461,-1.8484,4.146,-4.1713
144.389996772,0.0103,0.0056,0.2973,-0.3124,1.8422,-1.8484,4.1586,-4.1713
144.394996772,0.0102,0.0056,0.2916,-0.3124,1.8382,-1.8484,4.1715,-4.1713
144.399996772,0.0103,0.0056,0.2857,-0.3124,1.834,-1.8484,4.1848,-4.1713
144.404996772,0.0102,0.0056,0.2797,-0.3124,1.8297,-1.8484,4.1984,-4.1713
144.409996772,0.0103,0.0056,0.2736,-0.3124,1.8253,-1.8484,4.2122,-4.1713
144.414996772,0.0102,0.0056,0.2674,-0.3124,1.8208,-1.8484,4.2263,-4.1713
144.419996771,0.0103,0.0056,0.261,-0.3124,1.8161,-1.8484,4.2407,-4.1714
144.424996771,0.0102,0.0056,0.2545,-0.3124,1.8113,-1.8483,4.2552,-4.1714
144.429996771,0.0103,0.0056,0.2479,-0.3123,1.8064,-1.8483,4.2699,-4.1715
144.434996771,0.0103,0.0056,0.2413,-0.3123,1.8014,-1.8483,4.2848,-4.1716
144.439996771,0.0103,0.0056,0.2345,-0.3122,1.7963,-1.8483,4.2999,-4.1717
144.444996771,0.0103,0.0056,0.2277,-0.3122,1.7911,-1.8482,4.315,-4.1718
144.449996771,0.0103,0.0056,0.2209,-0.3121,1.7858,-1.8482,4.3303,-4.1719
144.454996771,0.0103,0.0056,0.214,-0.3121,1.7804,-1.8482,4.3456,-4.1721
144.459996771,0.0103,0.0056,0.207,-0.312,1.775,-1.8481,4.361,-4.1722
144.46499677,0.0103,0.0056,0.2001,-0.312,1.7694,-1.8481,4.3765,-4.1724
144.46999677,0.0103,0.0056,0.193,-0.3119,1.7638,-1.848,4.3919,-4.1725
144.47499677,0.0103,0.0056,0.186,-0.3118,1.7582,-1.848,4.4074,-4.1727
144.47999677,0.0103,0.0056,0.179,-0.3117,1.7525,-1.8479,4.4228,-4.1729
144.48499677,0.0103,0.0056,0.172,-0.3116,1.7467,-1.8479,4.4383,-4.1731
144.48999677,0.0103,0.0056,0.1649,-0.3116,1.7409,-1.8478,4.4537,-4.1733
144.49499677,0.0103,0.0056,0.1579,-0.3115,1.735,-1.8477,4.469,-4.1735
144.49999677,0.0103,0.0056,0.1509,-0.3113,1.7291,-1.8477,4.4842,-4.1737
144.50499677,0.0103,0.0056,0.1439,-0.3112,1.7232,-1.8476,4.4994,-4.174
144.509996769,0.0103,0.0056,0.137,-0.3111,1.7172,-1.8475,4.5145,-4.1743
144.514996769,0.0103,0.0056,0.1301,-0.311,1.7113,-1.8474,4.5294,-4.1746
144.519996769,0.0103,0.0056,0.1232,-0.3108,1.7053,-1.8473,4.5442,-4.175
144.524996769,0.0102,0.0056,0.1164,-0.3106,1.6993,-1.8471,4.5589,-4.1754
144.529996769,0.0103,0.0056,0.1097,-0.3104,1.6933,-1.847,4.5734,-4.1759
144.534996769,0.0102,0.0055,0.103,-0.3102,1.6874,-1.8468,4.5878,-4.1764
144.539996769,0.0103,0.0056,0.0963,-0.3099,1.6814,-1.8467,4.602,-4.1771
144.544996769,0.0103,0.0056,0.0898,-0.3096,1.6755,-1.8464,4.616,-4.1778
144.549996769,0.0103,0.0056,0.0833,-0.3092,1.6696,-1.8462,4.6298,-4.1787
144.554996768,0.0103,0.0056,0.0769,-0.3088,1.6637,-1.8459,4.6434,-4.1796
144.559996768,0.0102,0.0055,0.0705,-0.3083,1.6579,-1.8455,4.6568,-4.1807
144.564996768,0.0103,0.0056,0.0643,-0.3078,1.652,-1.8452,4.6699,-4.1819
144.569996768,0.0103,0.0056,0.0582,-0.3072,1.6463,-1.8448,4.6829,-4.1832
144.574996768,0.0103,0.0056,0.0521,-0.3065,1.6406,-1.8443,4.6956,-4.1847
144.579996768,0.0103,0.0056,0.0462,-0.3058,1.6349,-1.8439,4.708,-4.1864
144.584996768,0.0103,0.0056,0.0403,-0.305,1.6294,-1.8433,4.7203,-4.1881
144.589996768,0.0103,0.0056,0.0346,-0.3042,1.6238,-1.8427,4.7322,-4.1901
144.594996768,0.0103,0.0056,0.029,-0.3033,1.6184,-1.8421,4.7439,-4.1922
144.599996767,0.0103,0.0056,0.0235,-0.3022,1.6131,-1.8414,4.7553,-4.1945
144.604996767,0.0103,0.0056,0.0181,-0.3012,1.6078,-1.8406,4.7665,-4.197
144.609996767,0.0103,0.0056,0.0128,-0.3,1.6026,-1.8398,4.7774,-4.1997
144.614996767,0.0103,0.0056,0.0077,-0.2987,1.5975,-1.8389,4.788,-4.2026
144.619996767,0.0103,0.0056,0.0026,-0.2974,1.5925,-1.838,4.7983,-4.2057
144.624996767,0.0103,0.0056,-0.0023,-0.2959,1.5876,-1.837,4.8084,-4.2089
144.629996767,0.0103,0.0056,-0.0071,-0.2944,1.5828,-1.8359,4.8182,-4.2124
144.634996767,0.0103,0.0056,-0.0117,-0.2928,1.5781,-1.8347,4.8277,-4.2161
144.639996767,0.0103,0.0055,-0.0163,-0.2911,1.5735,-1.8335,4.8369,-4.22
144.644996766,0.0103,0.0055,-0.0207,-0.2893,1.569,-1.8322,4.8458,-4.2241
144.649996766,0.0102,0.0055,-0.0249,-0.2874,1.5646,-1.8309,4.8545,-4.2284
144.654996766,0.0102,0.0055,-0.0291,-0.2854,1.5604,-1.8295,4.8629,-4.2329
144.659996766,0.0102,0.0055,-0.0331,-0.2833,1.5562,-1.828,4.871,-4.2377
144.664996766,0.0102,0.0055,-0.037,-0.2811,1.5522,-1.8264,4.8788,-4.2427
144.669996766,0.0102,0.0055,-0.0408,-0.2788,1.5483,-1.8247,4.8864,-4.2479
144.674996766,0.0102,0.0055,-0.0444,-0.2764,1.5445,-1.823,4.8937,-4.2533
144.679996766,0.0102,0.0054,-0.0479,-0.2739,1.5408,-1.8212,4.9008,-4.2589
144.684996766,0.0101,0.0054,-0.0513,-0.2713,1.5373,-1.8193,4.9075,-4.2647
144.689996765,0.0101,0.0054,-0.0546,-0.2686,1.5338,-1.8173,4.9141,-4.2708
144.694996765,0.0101,0.0054,-0.0577,-0.2658,1.5305,-1.8153,4.9203,-4.2771
144.699996765,0.0101,0.0053,-0.0607,-0.2629,1.5273,-1.8132,4.9264,-4.2836
144.704996765,0.01,0.0053,-0.0637,-0.2599,1.5242,-1.8109,4.9321,-4.2903
144.709996765,0.01,0.0053,-0.0665,-0.2569,1.5212,-1.8087,4.9377,-4.2972
144.714996765,0.01,0.0053,-0.0692,-0.2537,1.5183,-1.8063,4.943,-4.3043
144.719996765,0.01,0.0052,-0.0717,-0.2504,1.5156,-1.8039,4.9481,-4.3117
144.724996765,0.0099,0.0052,-0.0742,-0.2471,1.5129,-1.8013,4.953,-4.3192
144.729996765,0.0099,0.0052,-0.0766,-0.2436,1.5104,-1.7988,4.9577,-4.3269
144.734996764,0.0099,0.0052,-0.0789,-0.2401,1.5079,-1.7961,4.9622,-4.3348
144.739996764,0.0099,0.0052,-0.0811,-0.2365,1.5056,-1.7933,4.9665,-4.3429
144.744996764,0.0099,0.0052,-0.0831,-0.2328,1.5033,-1.7905,4.9706,-4.3512
144.749996764,0.0099,0.0052,-0.0851,-0.229,1.5011,-1.7876,4.9745,-4.3596
144.754996764,0.0099,0.0051,-0.0871,-0.2251,1.499,-1.7846,4.9783,-4.3682
144.759996764,0.0098,0.0051,-0.0889,-0.2212,1.497,-1.7816,4.9819,-4.377
144.764996764,0.0098,0.0051,-0.0907,-0.2172,1.4951,-1.7784,4.9853,-4.386
144.769996764,0.0098,0.0051,-0.0924,-0.2131,1.4933,-1.7752,4.9886,-4.3951
144.774996764,0.0098,0.0051,-0.094,-0.2089,1.4915,-1.7719,4.9918,-4.4043
144.779996763,0.0098,0.0051,-0.0955,-0.2047,1.4898,-1.7686,4.9948,-4.4137
144.784996763,0.0098,0.005,-0.097,-0.2004,1.4882,-1.7652,4.9977,-4.4232
144.789996763,0.0097,0.005,-0.0985,-0.196,1.4866,-1.7617,5.0005,-4.4328
144.794996763,0.0097,0.005,-0.0999,-0.1916,1.485,-1.7581,5.0032,-4.4425
144.799996763,0.0097,0.005,-0.1012,-0.1871,1.4836,-1.7545,5.0058,-4.4524
144.804996763,0.0097,0.005,-0.1025,-0.1826,1.4821,-1.7508,5.0084,-4.4624
144.809996763,0.0097,0.005,-0.1038,-0.178,1.4807,-1.7471,5.0108,-4.4724
144.814996763,0.0097,0.0049,-0.105,-0.1734,1.4794,-1.7433,5.0132,-4.4825
144.819996763,0.0096,0.0049,-0.1062,-0.1688,1.478,-1.7394,5.0155,-4.4928
144.824996762,0.0096,0.0049,-0.1074,-0.1641,1.4767,-1.7355,5.0178,-4.503
144.829996762,0.0096,0.0049,-0.1086,-0.1593,1.4754,-1.7315,5.0201,-4.5134
144.834996762,0.0096,0.0049,-0.1097,-0.1545,1.4742,-1.7275,5.0223,-4.5238
144.839996762,0.0096,0.0048,-0.1108,-0.1497,1.4729,-1.7235,5.0245,-4.5343
144.844996762,0.0095,0.0048,-0.112,-0.1449,1.4717,-1.7193,5.0267,-4.5448
144.849996762,0.0095,0.0048,-0.1131,-0.14,1.4704,-1.7152,5.0288,-4.5553
144.854996762,0.0095,0.0048,-0.1142,-0.1352,1.4692,-1.711,5.031,-4.5659
144.859996762,0.0095,0.0048,-0.1154,-0.1303,1.4679,-1.7067,5.0332,-4.5765
144.864996762,0.0095,0.0047,-0.1165,-0.1254,1.4666,-1.7025,5.0354,-4.5871
144.869996761,0.0094,0.0047,-0.1177,-0.1204,1.4653,-1.6981,5.0376,-4.5977
144.874996761,0.0094,0.0047,-0.1188,-0.1155,1.464,-1.6938,5.0399,-4.6083
144.879996761,0.0094,0.0047,-0.12,-0.1106,1.4627,-1.6894,5.0422,-4.6189
144.884996761,0.0094,0.0047,-0.1213,-0.1056,1.4613,-1.685,5.0445,-4.6295
144.889996761,0.0094,0.0046,-0.1225,-0.1007,1.4599,-1.6806,5.0469,-4.6401
144.894996761,0.0093,0.0046,-0.1238,-0.0958,1.4585,-1.6761,5.0494,-4.6506
144.899996761,0.0093,0.0046,-0.1251,-0.0908,1.457,-1.6717,5.0519,-4.6611
144.904996761,0.0093,0.0046,-0.1265,-0.0859,1.4555,-1.6672,5.0545,-4.6716
144.909996761,0.0093,0.0046,-0.1279,-0.081,1.4539,-1.6627,5.0572,-4.682
144.91499676,0.0092,0.0045,-0.1293,-0.0761,1.4522,-1.6582,5.0599,-4.6924
144.91999676,0.0092,0.0045,-0.1308,-0.0712,1.4505,-1.6536,5.0628,-4.7027
144.92499676,0.0092,0.0045,-0.1324,-0.0664,1.4488,-1.6491,5.0657,-4.713
144.92999676,0.0092,0.0045,-0.134,-0.0615,1.447,-1.6446,5.0687,-4.7231
144.93499676,0.0091,0.0044,-0.1356,-0.0567,1.4451,-1.64,5.0719,-4.7333
144.93999676,0.0091,0.0044,-0.1374,-0.0519,1.4432,-1.6355,5.0751,-4.7433
144.94499676,0.0091,0.0044,-0.1391,-0.0472,1.4411,-1.631,5.0785,-4.7533
144.94999676,0.0091,0.0043,-0.141,-0.0424,1.439,-1.6264,5.082,-4.7632
144.95499676,0.009,0.0043,-0.1429,-0.0377,1.4369,-1.6219,5.0855,-4.773
144.959996759,0.009,0.0043,-0.1449,-0.033,1.4346,-1.6174,5.0893,-4.7827
144.964996759,0.009,0.0043,-0.1469,-0.0284,1.4323,-1.6129,5.0931,-4.7923
144.969996759,0.0089,0.0042,-0.149,-0.0238,1.4298,-1.6084,5.0971,-4.8019
144.974996759,0.0089,0.0042,-0.1512,-0.0193,1.4273,-1.6039,5.1012,-4.8113
144.979996759,0.0089,0.0042,-0.1535,-0.0147,1.4247,-1.5994,5.1054,-4.8206
144.984996759,0.0088,0.0041,-0.1558,-0.0102,1.422,-1.595,5.1098,-4.8299
144.989996759,0.0088,0.0041,-0.1582,-0.0058,1.4192,-1.5906,5.1143,-4.839
144.994996759,0.0088,0.0041,-0.1607,-0.0014,1.4163,-1.5862,5.1189,-4.848
144.999996758,0.0087,0.004,-0.1633,0.003,1.4133,-1.5818,5.1237,-4.8569
145.004996758,0.0087,0.004,-0.1659,0.0073,1.4103,-1.5774,5.1286,-4.8657
145.009996758,0.0086,0.0039,-0.1687,0.0116,1.4071,-1.5731,5.1337,-4.8745
145.014996758,0.0086,0.0039,-0.1715,0.0158,1.4038,-1.5688,5.1389,-4.883
145.019996758,0.0085,0.0038,-0.1744,0.02,1.4004,-1.5645,5.1442,-4.8915
145.024996758,0.0085,0.0038,-0.1773,0.0241,1.3969,-1.5602,5.1496,-4.8999
145.029996758,0.0084,0.0037,-0.1804,0.0282,1.3933,-1.556,5.1552,-4.9082
145.034996758,0.0084,0.0037,-0.1835,0.0323,1.3897,-1.5518,5.1609,-4.9163
145.039996758,0.0083,0.0036,-0.1867,0.0363,1.3859,-1.5476,5.1668,-4.9244
145.044996757,0.0082,0.0035,-0.1899,0.0403,1.382,-1.5434,5.1727,-4.9323
145.049996757,0.0081,0.0034,-0.1933,0.0442,1.378,-1.5393,5.1788,-4.9401
145.054996757,0.008,0.0033,-0.1967,0.0481,1.3739,-1.5352,5.1851,-4.9479
145.059996757,0.0079,0.0032,-0.2002,0.0519,1.3697,-1.5311,5.1914,-4.9554
145.064996757,0.0078,0.0031,-0.2038,0.0557,1.3654,-1.527,5.1979,-4.9629
145.069996757,0.0076,0.0029,-0.2075,0.0594,1.3611,-1.5229,5.2045,-4.9703
145.074996757,0.0073,0.0026,-0.2112,0.0631,1.3566,-1.5189,5.2112,-4.9775
145.079996757,0.0071,0.0024,-0.215,0.0668,1.3521,-1.5149,5.218,-4.9846
145.084996757,0.0068,0.0021,-0.2189,0.0704,1.3474,-1.5108,5.2249,-4.9916
145.089996756,0.0065,0.0018,-0.2228,0.074,1.3427,-1.5068,5.2319,-4.9985
145.094996756,0.0061,0.0014,-0.2268,0.0775,1.3379,-1.5028,5.2391,-5.0052
145.099996756,0.0056,0.0009,-0.2308,0.081,1.333,-1.4988,5.2463,-5.0118
145.104996756,0.0052,0.0005,-0.235,0.0844,1.328,-1.4949,5.2536,-5.0183
145.109996756,0.0047,0.0,-0.2391,0.0878,1.3229,-1.4909,5.2611,-5.0247
145.114996756,0.0041,-0.0006,-0.2434,0.0912,1.3178,-1.4869,5.2686,-5.031
145.119996756,0.0035,-0.0012,-0.2477,0.0945,1.3126,-1.4829,5.2761,-5.0372
145.124996756,0.0028,-0.0019,-0.252,0.0978,1.3073,-1.479,5.2838,-5.0433
145.129996756,0.0021,-0.0026,-0.2564,0.1011,1.3019,-1.475,5.2915,-5.0492
145.134996755,0.0014,-0.0033,-0.2609,0.1043,1.2965,-1.4711,5.2993,-5.0551
145.139996755,0.0006,-0.0041,-0.2654,0.1075,1.291,-1.4671,5.3071,-5.0609
145.144996755,-0.0002,-0.0049,-0.2699,0.1106,1.2854,-1.4632,5.315,-5.0665
145.149996755,-0.0011,-0.0058,-0.2745,0.1138,1.2798,-1.4592,5.323,-5.0721
145.154996755,-0.0013,-0.006,-0.2789,0.1168,1.2742,-1.4557,5.3304,-5.0778
145.159996755,-0.001,-0.0056,-0.2832,0.1198,1.2686,-1.4526,5.3375,-5.0837
145.164996755,0.0,-0.0047,-0.2873,0.1227,1.2631,-1.4498,5.3441,-5.0897
145.169996755,0.0014,-0.0032,-0.2913,0.1255,1.2576,-1.4474,5.3503,-5.0958
145.174996755,0.0034,-0.0013,-0.2951,0.1282,1.2522,-1.4454,5.3561,-5.1021
145.179996754,0.0059,0.0013,-0.2987,0.1309,1.2468,-1.4437,5.3615,-5.1084
145.184996754,0.009,0.0043,-0.3022,0.1335,1.2415,-1.4423,5.3664,-5.1149
145.189996754,0.0116,0.0069,-0.3056,0.1359,1.2361,-1.4407,5.3709,-5.1206
145.194996754,0.013,0.0084,-0.3088,0.1383,1.2312,-1.4384,5.3754,-5.1254
145.199996754,0.0139,0.0092,-0.3119,0.1404,1.2268,-1.4362,5.38,-5.1297
145.204996754,0.0141,0.0094,-0.3149,0.1425,1.2227,-1.4339,5.3848,-5.1337
145.209996754,0.0138,0.0091,-0.3178,0.1444,1.2191,-1.4316,5.3896,-5.1373
145.214996754,0.013,0.0083,-0.3206,0.1463,1.2158,-1.4292,5.3944,-5.1405
145.219996754,0.0117,0.007,-0.3232,0.148,1.2129,-1.4268,5.3993,-5.1433
145.224996753,0.01,0.0053,-0.3257,0.1496,1.2103,-1.4244,5.4041,-5.1458
145.229996753,0.01,0.0053,-0.3281,0.1512,1.2071,-1.4226,5.4078,-5.1486
145.234996753,0.0103,0.0056,-0.3303,0.1526,1.2041,-1.421,5.4112,-5.1515
145.239996753,0.0102,0.0055,-0.3323,0.1541,1.2014,-1.4194,5.4145,-5.1541
145.244996753,0.0103,0.0056,-0.3343,0.1553,1.1988,-1.418,5.4175,-5.1564
145.249996753,0.0102,0.0055,-0.3361,0.1565,1.1964,-1.4166,5.4203,-5.1586
145.254996753,0.0102,0.0056,-0.3378,0.1575,1.1942,-1.4154,5.423,-5.1606
145.259996753,0.0102,0.0055,-0.3393,0.1585,1.1921,-1.4142,5.4254,-5.1624
145.264996753,0.0102,0.0056,-0.3407,0.1594,1.1902,-1.4132,5.4276,-5.1641
145.269996752,0.0102,0.0055,-0.342,0.1602,1.1885,-1.4123,5.4296,-5.1656
145.274996752,0.0102,0.0056,-0.3431,0.1609,1.1869,-1.4115,5.4313,-5.1669
145.279996752,0.0102,0.0055,-0.3442,0.1615,1.1856,-1.4107,5.433,-5.168
145.284996752,0.0102,0.0056,-0.3451,0.162,1.1844,-1.4102,5.4343,-5.1689
145.289996752,0.0102,0.0055,-0.3458,0.1624,1.1833,-1.4097,5.4355,-5.1697
145.294996752,0.0102,0.0056,-0.3465,0.1628,1.1824,-1.4093,5.4365,-5.1704
145.299996752,0.0102,0.0056,-0.347,0.163,1.1817,-1.409,5.4374,-5.1708
145.304996752,0.0102,0.0056,-0.3474,0.1632,1.1812,-1.4088,5.438,-5.1711
145.309996752,0.0102,0.0055,-0.3477,0.1633,1.1808,-1.4087,5.4384,-5.1712
145.314996751,0.0102,0.0056,-0.3479,0.1633,1.1806,-1.4087,5.4387,-5.1713
145.319996751,0.0102,0.0055,-0.3479,0.1632,1.1805,-1.4087,5.4388,-5.1712
145.324996751,0.0102,0.0055,-0.3479,0.1632,1.1805,-1.4088,5.4388,-5.1711
145.329996751,0.0102,0.0056,-0.3479,0.1632,1.1806,-1.4088,5.4387,-5.1711
145.334996751,0.0102,0.0055,-0.3478,0.1632,1.1806,-1.4088,5.4387,-5.1711
145.339996751,0.0102,0.0055,-0.3478,0.1632,1.1806,-1.4088,5.4386,-5.171
145.344996751,0.0102,0.0055,-0.3478,0.1631,1.1807,-1.4089,5.4386,-5.171
145.349996751,0.0102,0.0055,-0.3478,0.1631,1.1807,-1.4089,5.4385,-5.171
145.354996751,0.0102,0.0055,-0.3477,0.1631,1.1808,-1.4089,5.4385,-5.1709
145.35999675,0.0102,0.0055,-0.3477,0.1631,1.1808,-1.4089,5.4384,-5.1709
145.36499675,0.0102,0.0055,-0.3477,0.1631,1.1808,-1.4089,5.4384,-5.1709
145.36999675,0.0102,0.0055,-0.3476,0.163,1.1809,-1.409,5.4383,-5.1708
145.37499675,0.0102,0.0055,-0.3476,0.163,1.1809,-1.409,5.4383,-5.1708
145.37999675,0.0102,0.0055,-0.3476,0.163,1.181,-1.409,5.4382,-5.1708
145.38499675,0.0102,0.0055,-0.3475,0.163,1.181,-1.409,5.4382,-5.1707
145.38999675,0.0102,0.0055,-0.3475,0.163,1.1811,-1.4091,5.4381,-5.1707
145.39499675,0.0102,0.0055,-0.3475,0.1629,1.1811,-1.4091,5.4381,-5.1707
145.39999675,0.0102,0.0055,-0.3474,0.1629,1.1811,-1.4091,5.4381,-5.1706
145.404996749,0.0102,0.0055,-0.3474,0.1629,1.1812,-1.4091,5.438,-5.1706
145.409996749,0.0102,0.0055,-0.3474,0.1629,1.1812,-1.4091,5.438,-5.1705
145.414996749,0.0102,0.0055,-0.3474,0.1629,1.1813,-1.4092,5.4379,-5.1705
145.419996749,0.0102,0.0055,-0.3473,0.1628,1.1813,-1.4092,5.4379,-5.1705
145.424996749,0.0102,0.0055,-0.3473,0.1628,1.1813,-1.4092,5.4378,-5.1704
145.429996749,0.0102,0.0055,-0.3473,0.1628,1.1814,-1.4092,5.4378,-5.1704
145.434996749,0.0102,0.0055,-0.3472,0.1628,1.1814,-1.4093,5.4377,-5.1704
145.439996749,0.0102,0.0055,-0.3472,0.1628,1.1815,-1.4093,5.4377,-5.1703
145.444996749,0.0102,0.0055,-0.3472,0.1627,1.1815,-1.4093,5.4376,-5.1703
145.449996748,0.0102,0.0055,-0.3471,0.1627,1.1816,-1.4093,5.4376,-5.1703
145.454996748,0.0102,0.0055,-0.3471,0.1627,1.1816,-1.4093,5.4375,-5.1702
145.459996748,0.0102,0.0055,-0.3471,0.1627,1.1816,-1.4094,5.4375,-5.1702
145.464996748,0.0102,0.0055,-0.347,0.1627,1.1817,-1.4094,5.4374,-5.1702
145.469996748,0.0102,0.0055,-0.347,0.1627,1.1817,-1.4094,5.4374,-5.1701
145.474996748,0.0102,0.0055,-0.347,0.1626,1.1818,-1.4094,5.4373,-5.1701
145.479996748,0.0102,0.0055,-0.347,0.1626,1.1818,-1.4095,5.4373,-5.17
145.484996748,0.0102,0.0055,-0.3469,0.1626,1.1818,-1.4095,5.4373,-5.17
145.489996748,0.0102,0.0055,-0.3469,0.1626,1.1819,-1.4095,5.4372,-5.17
145.494996747,0.0102,0.0055,-0.3469,0.1626,1.1819,-1.4095,5.4372,-5.1699
145.499996747,0.0102,0.0055,-0.3468,0.1625,1.182,-1.4095,5.4371,-5.1699
145.504996747,0.0102,0.0055,-0.3468,0.1625,1.182,-1.4096,5.4371,-5.1699
145.509996747,0.0102,0.0055,-0.3468,0.1625,1.1821,-1.4096,5.437,-5.1698
145.514996747,0.0102,0.0055,-0.3467,0.1625,1.1821,-1.4096,5.437,-5.1698
145.519996747,0.0102,0.0055,-0.3467,0.1625,1.1821,-1.4096,5.4369,-5.1698
145.524996747,0.0102,0.0055,-0.3467,0.1624,1.1822,-1.4097,5.4369,-5.1697
145.529996747,0.0102,0.0055,-0.3466,0.1624,1.1822,-1.4097,5.4368,-5.1697
145.534996747,0.0102,0.0055,-0.3466,0.1624,1.1823,-1.4097,5.4368,-5.1696
145.539996746,0.0102,0.0055,-0.3466,0.1624,1.1823,-1.4097,5.4367,-5.1696
145.544996746,0.0102,0.0055,-0.3465,0.1624,1.1823,-1.4098,5.4367,-5.1696
145.549996746,0.0102,0.0055,-0.3465,0.1623,1.1824,-1.4098,5.4366,-5.1695
145.554996746,0.0102,0.0055,-0.3465,0.1623,1.1824,-1.4098,5.4366,-5.1695
145.559996746,0.0102,0.0055,-0.3464,0.1623,1.1825,-1.4098,5.4365,-5.1695
145.564996746,0.0102,0.0055,-0.3464,0.1623,1.1825,-1.4098,5.4365,-5.1694
145.569996746,0.0102,0.0055,-0.3464,0.1623,1.1826,-1.4099,5.4364,-5.1694
145.574996746,0.0102,0.0055,-0.3464,0.1622,1.1826,-1.4099,5.4364,-5.1694
145.579996746,0.0102,0.0055,-0.3463,0.1622,1.1826,-1.4099,5.4363,-5.1693
145.584996745,0.0102,0.0055,-0.3463,0.1622,1.1827,-1.4099,5.4363,-5.1693
145.589996745,0.0102,0.0055,-0.3463,0.1622,1.1827,-1.41,5.4362,-5.1693
145.594996745,0.0102,0.0055,-0.3462,0.1622,1.1828,-1.41,5.4362,-5.1692
145.599996745,0.0102,0.0055,-0.3462,0.1622,1.1828,-1.41,5.4362,-5.1692
145.604996745,0.0102,0.0055,-0.3462,0.1621,1.1829,-1.41,5.4361,-5.1691
145.609996745,0.0102,0.0055,-0.3461,0.1621,1.1829,-1.41,5.436,-5.1691
145.614996745,0.0102,0.0055,-0.3461,0.1621,1.1829,-1.4101,5.436,-5.1691
145.619996745,0.0102,0.0055,-0.3461,0.1621,1.183,-1.4101,5.4359,-5.169
145.624996745,0.0102,0.0055,-0.3461,0.1621,1.183,-1.4101,5.4359,-5.169
145.629996744,0.0102,0.0055,-0.346,0.162,1.1831,-1.4101,5.4359,-5.169
145.634996744,0.0102,0.0055,-0.346,0.162,1.1831,-1.4102,5.4358,-5.1689
145.639996744,0.0102,0.0055,-0.346,0.162,1.1831,-1.4102,5.4358,-5.1689
145.644996744,0.0102,0.0055,-0.3459,0.162,1.1832,-1.4102,5.4357,-5.1689
145.649996744,0.0102,0.0055,-0.3459,0.162,1.1832,-1.4102,5.4356,-5.1688
145.654996744,0.0102,0.0055,-0.3459,0.1619,1.1833,-1.4102,5.4356,-5.1688
145.659996744,0.0102,0.0055,-0.3458,0.1619,1.1833,-1.4103,5.4356,-5.1688
145.664996744,0.0102,0.0055,-0.3458,0.1619,1.1834,-1.4103,5.4355,-5.1687
145.669996744,0.0102,0.0055,-0.3458,0.1619,1.1834,-1.4103,5.4355,-5.1687
145.674996743,0.0102,0.0055,-0.3457,0.1619,1.1835,-1.4103,5.4354,-5.1686
145.679996743,0.0102,0.0055,-0.3457,0.1618,1.1835,-1.4104,5.4354,-5.1686
145.684996743,0.0102,0.0055,-0.3457,0.1618,1.1835,-1.4104,5.4353,-5.1686
145.689996743,0.0102,0.0055,-0.3456,0.1618,1.1836,-1.4104,5.4353,-5.1685
145.694996743,0.0102,0.0055,-0.3456,0.1618,1.1836,-1.4104,5.4352,-5.1685
145.699996743,0.0102,0.0055,-0.3456,0.1618,1.1837,-1.4104,5.4352,-5.1685
145.704996743,0.0102,0.0055,-0.3455,0.1618,1.1837,-1.4105,5.4351,-5.1684
145.709996743,0.0102,0.0055,-0.3455,0.1617,1.1837,-1.4105,5.4351,-5.1684
145.714996743,0.0102,0.0055,-0.3455,0.1617,1.1838,-1.4105,5.435,-5.1684
145.719996742,0.0102,0.0055,-0.3454,0.1617,1.1838,-1.4105,5.435,-5.1683
145.724996742,0.0102,0.0055,-0.3454,0.1617,1.1839,-1.4105,5.4349,-5.1683
145.729996742,0.0102,0.0055,-0.3454,0.1617,1.1839,-1.4106,5.4349,-5.1683
145.734996742,0.0102,0.0055,-0.3454,0.1616,1.184,-1.4106,5.4348,-5.1682
145.739996742,0.0102,0.0055,-0.3453,0.1616,1.184,-1.4106,5.4348,-5.1682
145.744996742,0.0102,0.0055,-0.3453,0.1616,1.184,-1.4106,5.4347,-5.1682
145.749996742,0.0102,0.0055,-0.3453,0.1616,1.1841,-1.4107,5.4347,-5.1681
145.754996742,0.0102,0.0055,-0.3452,0.1616,1.1841,-1.4107,5.4346,-5.1681
145.759996742,0.0102,0.0055,-0.3452,0.1616,1.1842,-1.4107,5.4346,-5.1681
145.764996741,0.0102,0.0055,-0.3452,0.1615,1.1842,-1.4107,5.4345,-5.168
145.769996741,0.0102,0.0055,-0.3451,0.1615,1.1843,-1.4107,5.4345,-5.168
145.774996741,0.0102,0.0055,-0.3451,0.1615,1.1843,-1.4108,5.4345,-5.168
145.779996741,0.0102,0.0055,-0.3451,0.1615,1.1843,-1.4108,5.4344,-5.1679
145.784996741,0.0102,0.0055,-0.345,0.1615,1.1844,-1.4108,5.4343,-5.1679
145.789996741,0.0102,0.0055,-0.345,0.1614,1.1844,-1.4108,5.4343,-5.1678
145.794996741,0.0102,0.0055,-0.345,0.1614,1.1845,-1.4109,5.4342,-5.1678
145.799996741,0.0102,0.0055,-0.345,0.1614,1.1845,-1.4109,5.4342,-5.1678
145.804996741,0.0102,0.0055,-0.3449,0.1614,1.1845,-1.4109,5.4341,-5.1677
145.80999674,0.0102,0.0055,-0.3449,0.1614,1.1846,-1.4109,5.4341,-5.1677
145.81499674,0.0102,0.0055,-0.3449,0.1613,1.1846,-1.4109,5.4341,-5.1677
145.81999674,0.0102,0.0056,-0.3448,0.1613,1.1847,-1.411,5.434,-5.1676
145.82499674,0.0102,0.0056,-0.3448,0.1613,1.1847,-1.411,5.4339,-5.1676
145.82999674,0.0102,0.0055,-0.3448,0.1613,1.1848,-1.411,5.4339,-5.1676
145.83499674,0.0102,0.0055,-0.3447,0.1613,1.1848,-1.411,5.4338,-5.1675
145.83999674,0.0102,0.0055,-0.3447,0.1613,1.1848,-1.411,5.4338,-5.1675
145.84499674,0.0102,0.0055,-0.3447,0.1612,1.1849,-1.4111,5.4338,-5.1675
145.849996739,0.0102,0.0055,-0.3446,0.1612,1.1849,-1.4111,5.4337,-5.1674
145.854996739,0.0102,0.0055,-0.3446,0.1612,1.185,-1.4111,5.4337,-5.1674
145.859996739,0.0102,0.0055,-0.3446,0.1612,1.185,-1.4111,5.4336,-5.1674
145.864996739,0.0102,0.0055,-0.3445,0.1612,1.1851,-1.4112,5.4336,-5.1673
145.869996739,0.0102,0.0055,-0.3445,0.1611,1.1851,-1.4112,5.4335,-5.1673
145.874996739,0.0102,0.0055,-0.3445,0.1611,1.1851,-1.4112,5.4335,-5.1673
145.879996739,0.0102,0.0055,-0.3444,0.1611,1.1852,-1.4112,5.4334,-5.1672
145.884996739,0.0102,0.0055,-0.3444,0.1611,1.1852,-1.4112,5.4334,-5.1672
145.889996739,0.0102,0.0055,-0.3444,0.1611,1.1853,-1.4113,5.4333,-5.1672
145.894996738,0.0102,0.0055,-0.3443,0.161,1.1853,-1.4113,5.4333,-5.1671
145.899996738,0.0102,0.0055,-0.3443,0.161,1.1854,-1.4113,5.4332,-5.1671
145.904996738,0.0102,0.0055,-0.3443,0.161,1.1854,-1.4113,5.4332,-5.1671
145.909996738,0.0102,0.0055,-0.3442,0.161,1.1854,-1.4113,5.4331,-5.167
145.914996738,0.0102,0.0055,-0.3442,0.161,1.1855,-1.4114,5.4331,-5.167
145.919996738,0.0102,0.0055,-0.3442,0.161,1.1855,-1.4114,5.433,-5.167
145.924996738,0.0102,0.0055,-0.3442,0.1609,1.1856,-1.4114,5.433,-5.1669
145.929996738,0.0102,0.0055,-0.3441,0.1609,1.1856,-1.4114,5.4329,-5.1669
145.934996738,0.0102,0.0055,-0.3441,0.1609,1.1857,-1.4115,5.4329,-5.1668
145.939996737,0.0102,0.0055,-0.3441,0.1609,1.1857,-1.4115,5.4328,-5.1668
145.944996737,0.0102,0.0055,-0.344,0.1609,1.1857,-1.4115,5.4328,-5.1668
145.949996737,0.0102,0.0055,-0.344,0.1609,1.1858,-1.4115,5.4327,-5.1668
145.954996737,0.0102,0.0055,-0.344,0.1608,1.1858,-1.4115,5.4327,-5.1667
145.959996737,0.0102,0.0055,-0.3439,0.1608,1.1859,-1.4116,5.4326,-5.1667
145.964996737,0.0102,0.0055,-0.3439,0.1608,1.1859,-1.4116,5.4326,-5.1666
145.969996737,0.0102,0.0055,-0.3439,0.1608,1.186,-1.4116,5.4325,-5.1666
145.974996737,0.0102,0.0055,-0.3438,0.1608,1.186,-1.4116,5.4325,-5.1666
145.979996737,0.0102,0.0055,-0.3438,0.1607,1.186,-1.4117,5.4324,-5.1665
145.984996736,0.0102,0.0055,-0.3438,0.1607,1.1861,-1.4117,5.4324,-5.1665
145.989996736,0.0102,0.0055,-0.3438,0.1607,1.1861,-1.4117,5.4323,-5.1665
145.994996736,0.0102,0.0055,-0.3437,0.1607,1.1862,-1.4117,5.4323,-5.1664
145.999996736,0.0102,0.0055,-0.3437,0.1607,1.1862,-1.4117,5.4322,-5.1664
146.004996736,0.0102,0.0055,-0.3437,0.1606,1.1863,-1.4118,5.4322,-5.1664
146.009996736,0.0102,0.0055,-0.3436,0.1606,1.1863,-1.4118,5.4321,-5.1663
146.014996736,0.0102,0.0055,-0.3436,0.1606,1.1863,-1.4118,5.4321,-5.1663
146.019996736,0.0102,0.0055,-0.3436,0.1606,1.1864,-1.4118,5.432,-5.1663
146.024996736,0.0102,0.0055,-0.3435,0.1606,1.1864,-1.4118,5.432,-5.1662
146.029996735,0.0102,0.0055,-0.3435,0.1606,1.1865,-1.4119,5.4319,-5.1662
146.034996735,0.0102,0.0055,-0.3435,0.1605,1.1865,-1.4119,5.4319,-5.1662
146.039996735,0.0102,0.0055,-0.3434,0.1605,1.1865,-1.4119,5.4318,-5.1661
146.044996735,0.0102,0.0055,-0.3434,0.1605,1.1866,-1.4119,5.4318,-5.1661
146.049996735,0.0102,0.0055,-0.3434,0.1605,1.1866,-1.4119,5.4317,-5.1661
146.054996735,0.0102,0.0055,-0.3433,0.1605,1.1867,-1.412,5.4317,-5.166
146.059996735,0.0102,0.0055,-0.3433,0.1604,1.1867,-1.412,5.4316,-5.166
146.064996735,0.0102,0.0055,-0.3433,0.1604,1.1868,-1.412,5.4316,-5.166
146.069996735,0.0102,0.0055,-0.3432,0.1604,1.1868,-1.412,5.4315,-5.1659
146.074996734,0.0102,0.0055,-0.3432,0.1604,1.1868,-1.4121,5.4315,-5.1659
146.079996734,0.0102,0.0055,-0.3432,0.1604,1.1869,-1.4121,5.4314,-5.1659
146.084996734,0.0102,0.0055,-0.3431,0.1604,1.1869,-1.4121,5.4314,-5.1658
146.089996734,0.0102,0.0055,-0.3431,0.1603,1.187,-1.4121,5.4313,-5.1658
146.094996734,0.0102,0.0055,-0.3431,0.1603,1.187,-1.4121,5.4313,-5.1658
146.099996734,0.0102,0.0055,-0.343,0.1603,1.1871,-1.4122,5.4312,-5.1657
146.104996734,0.0102,0.0055,-0.343,0.1603,1.1871,-1.4122,5.4312,-5.1657
146.109996734,0.0102,0.0055,-0.343,0.1603,1.1872,-1.4122,5.4311,-5.1657
146.114996734,0.0102,0.0055,-0.343,0.1602,1.1872,-1.4122,5.4311,-5.1656
146.119996733,0.0102,0.0055,-0.3429,0.1602,1.1872,-1.4122,5.431,-5.1656
146.124996733,0.0102,0.0055,-0.3429,0.1602,1.1873,-1.4123,5.431,-5.1656
146.129996733,0.0102,0.0055,-0.3429,0.1602,1.1873,-1.4123,5.4309,-5.1655
146.134996733,0.0102,0.0055,-0.3428,0.1602,1.1874,-1.4123,5.4309,-5.1655
146.139996733,0.0102,0.0055,-0.3428,0.1601,1.1874,-1.4123,5.4308,-5.1655
146.144996733,0.0102,0.0055,-0.3428,0.1601,1.1875,-1.4124,5.4308,-5.1654
146.149996733,0.0102,0.0055,-0.3427,0.1601,1.1875,-1.4124,5.4307,-5.1654
146.154996733,0.0102,0.0055,-0.3427,0.1601,1.1875,-1.4124,5.4307,-5.1654
146.159996733,0.0102,0.0055,-0.3427,0.1601,1.1876,-1.4124,5.4306,-5.1653
146.164996732,0.0102,0.0055,-0.3426,0.1601,1.1876,-1.4124,5.4306,-5.1653
146.169996732,0.0102,0.0055,-0.3426,0.16,1.1877,-1.4125,5.4305,-5.1653
146.174996732,0.0102,0.0055,-0.3426,0.16,1.1877,-1.4125,5.4305,-5.1652
146.179996732,0.0102,0.0055,-0.3425,0.16,1.1878,-1.4125,5.4304,-5.1652
146.184996732,0.0102,0.0055,-0.3425,0.16,1.1878,-1.4125,5.4304,-5.1652
146.189996732,0.0102,0.0055,-0.3425,0.16,1.1878,-1.4125,5.4304,-5.1651
146.194996732,0.0102,0.0055,-0.3424,0.16,1.1879,-1.4126,5.4303,-5.1651
146.199996732,0.0102,0.0055,-0.3424,0.1599,1.1879,-1.4126,5.4302,-5.1651
146.204996732,0.0102,0.0055,-0.3424,0.1599,1.188,-1.4126,5.4302,-5.165
146.209996731,0.0102,0.0055,-0.3423,0.1599,1.188,-1.4126,5.4301,-5.165
146.214996731,0.0102,0.0055,-0.3423,0.1599,1.1881,-1.4126,5.4301,-5.165
146.219996731,0.0102,0.0055,-0.3423,0.1599,1.1881,-1.4127,5.43,-5.1649
146.224996731,0.0102,0.0055,-0.3422,0.1598,1.1881,-1.4127,5.43,-5.1649
146.229996731,0.0102,0.0055,-0.3422,0.1598,1.1882,-1.4127,5.4299,-5.1648
146.234996731,0.0102,0.0055,-0.3422,0.1598,1.1882,-1.4127,5.4299,-5.1648
146.239996731,0.0102,0.0055,-0.3421,0.1598,1.1883,-1.4127,5.4299,-5.1648
146.244996731,0.0102,0.0055,-0.3421,0.1598,1.1883,-1.4128,5.4298,-5.1647
146.249996731,0.0102,0.0055,-0.3421,0.1598,1.1884,-1.4128,5.4297,-5.1647
146.25499673,0.0102,0.0055,-0.342,0.1597,1.1884,-1.4128,5.4297,-5.1647
146.25999673,0.0102,0.0055,-0.342,0.1597,1.1884,-1.4128,5.4296,-5.1646
146.26499673,0.0102,0.0055,-0.342,0.1597,1.1885,-1.4129,5.4296,-5.1646
146.26999673,0.0102,0.0055,-0.342,0.1597,1.1885,-1.4129,5.4296,-5.1646
146.27499673,0.0102,0.0055,-0.3419,0.1597,1.1886,-1.4129,5.4295,-5.1646
146.27999673,0.0102,0.0055,-0.3419,0.1596,1.1886,-1.4129,5.4294,-5.1645
146.28499673,0.0102,0.0055,-0.3419,0.1596,1.1887,-1.4129,5.4294,-5.1645
146.28999673,0.0102,0.0055,-0.3418,0.1596,1.1887,-1.413,5.4293,-5.1644
146.29499673,0.0102,0.0055,-0.3418,0.1596,1.1887,-1.413,5.4293,-5.1644
146.299996729,0.0102,0.0055,-0.3418,0.1596,1.1888,-1.413,5.4293,-5.1644
146.304996729,0.0102,0.0055,-0.3417,0.1596,1.1888,-1.413,5.4292,-5.1643
146.309996729,0.0102,0.0055,-0.3417,0.1595,1.1889,-1.413,5.4291,-5.1643
146.314996729,0.0102,0.0055,-0.3417,0.1595,1.1889,-1.4131,5.4291,-5.1643
146.319996729,0.0102,0.0055,-0.3416,0.1595,1.189,-1.4131,5.429,-5.1643
146.324996729,0.0102,0.0055,-0.3416,0.1595,1.189,-1.4131,5.429,-5.1642
146.329996729,0.0102,0.0055,-0.3416,0.1595,1.189,-1.4131,5.4289,-5.1642
146.334996729,0.0102,0.0055,-0.3415,0.1595,1.1891,-1.4131,5.4289,-5.1642
146.339996729,0.0102,0.0055,-0.3415,0.1594,1.1891,-1.4132,5.4289,-5.1641
146.344996728,0.0102,0.0055,-0.3415,0.1594,1.1892,-1.4132,5.4288,-5.1641
146.349996728,0.0102,0.0055,-0.3414,0.1594,1.1892,-1.4132,5.4287,-5.1641
146.354996728,0.0102,0.0055,-0.3414,0.1594,1.1893,-1.4132,5.4287,-5.164
146.359996728,0.0102,0.0055,-0.3414,0.1594,1.1893,-1.4132,5.4286,-5.164
146.364996728,0.0102,0.0055,-0.3413,0.1593,1.1894,-1.4133,5.4286,-5.164
146.369996728,0.0102,0.0055,-0.3413,0.1593,1.1894,-1.4133,5.4285,-5.1639
146.374996728,0.0102,0.0055,-0.3413,0.1593,1.1894,-1.4133,5.4285,-5.1639
146.379996728,0.0102,0.0055,-0.3412,0.1593,1.1895,-1.4133,5.4284,-5.1639
146.384996728,0.0102,0.0055,-0.3412,0.1593,1.1895,-1.4134,5.4284,-5.1638
146.389996727,0.0102,0.0055,-0.3412,0.1593,1.1896,-1.4134,5.4283,-5.1638
146.394996727,0.0102,0.0055,-0.3411,0.1592,1.1896,-1.4134,5.4283,-5.1638
146.399996727,0.0102,0.0055,-0.3411,0.1592,1.1897,-1.4134,5.4282,-5.1637
146.404996727,0.0102,0.0055,-0.3411,0.1592,1.1897,-1.4134,5.4282,-5.1637
146.409996727,0.0102,0.0055,-0.3411,0.1592,1.1897,-1.4135,5.4281,-5.1637
146.414996727,0.0102,0.0055,-0.341,0.1592,1.1898,-1.4135,5.4281,-5.1636
146.419996727,0.0102,0.0055,-0.341,0.1591,1.1898,-1.4135,5.428,-5.1636
146.424996727,0.0102,0.0055,-0.3409,0.1591,1.1899,-1.4135,5.428,-5.1636
146.429996727,0.0102,0.0055,-0.3409,0.1591,1.1899,-1.4135,5.4279,-5.1635
146.434996726,0.0102,0.0055,-0.3409,0.1591,1.19,-1.4136,5.4279,-5.1635
146.439996726,0.0102,0.0055,-0.3409,0.1591,1.19,-1.4136,5.4278,-5.1635
146.444996726,0.0102,0.0055,-0.3408,0.1591,1.1901,-1.4136,5.4278,-5.1634
146.449996726,0.0102,0.0055,-0.3408,0.159,1.1901,-1.4136,5.4277,-5.1634
146.454996726,0.0102,0.0055,-0.3408,0.159,1.1901,-1.4136,5.4277,-5.1633
146.459996726,0.0102,0.0055,-0.3407,0.159,1.1902,-1.4137,5.4276,-5.1633
146.464996726,0.0102,0.0055,-0.3407,0.159,1.1902,-1.4137,5.4276,-5.1633
146.469996726,0.0102,0.0055,-0.3407,0.159,1.1903,-1.4137,5.4275,-5.1632
146.474996726,0.0102,0.0055,-0.3406,0.1589,1.1903,-1.4137,5.4275,-5.1632
146.479996725,0.0102,0.0055,-0.3406,0.1589,1.1904,-1.4137,5.4274,-5.1632
146.484996725,0.0102,0.0055,-0.3406,0.1589,1.1904,-1.4138,5.4274,-5.1631
146.489996725,0.0102,0.0055,-0.3405,0.1589,1.1904,-1.4138,5.4273,-5.1631
146.494996725,0.0102,0.0055,-0.3405,0.1589,1.1905,-1.4138,5.4273,-5.1631
146.499996725,0.0102,0.0055,-0.3405,0.1589,1.1905,-1.4138,5.4272,-5.163
146.504996725,0.0102,0.0055,-0.3404,0.1588,1.1906,-1.4138,5.4272,-5.163
146.509996725,0.0102,0.0055,-0.3404,0.1588,1.1906,-1.4139,5.4271,-5.163
146.514996725,0.0102,0.0055,-0.3404,0.1588,1.1907,-1.4139,5.4271,-5.163
146.519996725,0.0102,0.0055,-0.3403,0.1588,1.1907,-1.4139,5.427,-5.1629
146.524996724,0.0102,0.0055,-0.3403,0.1588,1.1907,-1.4139,5.427,-5.1629
146.529996724,0.0102,0.0055,-0.3403,0.1588,1.1908,-1.4139,5.4269,-5.1629
146.534996724,0.0102,0.0055,-0.3402,0.1587,1.1908,-1.414,5.4269,-5.1628
146.539996724,0.0102,0.0055,-0.3402,0.1587,1.1909,-1.414,5.4268,-5.1628
146.544996724,0.0102,0.0055,-0.3402,0.1587,1.1909,-1.414,5.4268,-5.1628
146.549996724,0.0102,0.0055,-0.3401,0.1587,1.191,-1.414,5.4267,-5.1627
146.554996724,0.0102,0.0055,-0.3401,0.1587,1.191,-1.414,5.4267,-5.1627
146.559996724,0.0102,0.0055,-0.3401,0.1587,1.191,-1.4141,5.4266,-5.1627
146.564996724,0.0102,0.0055,-0.34,0.1586,1.1911,-1.4141,5.4266,-5.1626
146.569996723,0.0102,0.0055,-0.34,0.1586,1.1911,-1.4141,5.4265,-5.1626
146.574996723,0.0102,0.0055,-0.34,0.1586,1.1912,-1.4141,5.4265,-5.1626
146.579996723,0.0102,0.0055,-0.34,0.1586,1.1912,-1.4141,5.4264,-5.1625
146.584996723,0.0102,0.0055,-0.3399,0.1586,1.1913,-1.4142,5.4264,-5.1625
146.589996723,0.0102,0.0055,-0.3399,0.1586,1.1913,-1.4142,5.4263,-5.1625
146.594996723,0.0102,0.0055,-0.3399,0.1585,1.1914,-1.4142,5.4263,-5.1625
146.599996723,0.0102,0.0055,-0.3398,0.1585,1.1914,-1.4142,5.4262,-5.1624
146.604996723,0.0102,0.0055,-0.3398,0.1585,1.1914,-1.4142,5.4262,-5.1624
146.609996723,0.0102,0.0055,-0.3398,0.1585,1.1915,-1.4143,5.4261,-5.1624
146.614996722,0.0102,0.0055,-0.3397,0.1585,1.1915,-1.4143,5.4261,-5.1623
146.619996722,0.0102,0.0055,-0.3397,0.1584,1.1916,-1.4143,5.426,-5.1623
146.624996722,0.0102,0.0055,-0.3397,0.1584,1.1916,-1.4143,5.426,-5.1623
146.629996722,0.0102,0.0055,-0.3396,0.1584,1.1917,-1.4143,5.4259,-5.1622
146.634996722,0.0102,0.0055,-0.3396,0.1584,1.1917,-1.4144,5.4258,-5.1622
146.639996722,0.0102,0.0055,-0.3396,0.1584,1.1917,-1.4144,5.4258,-5.1622
146.644996722,0.0102,0.0055,-0.3395,0.1584,1.1918,-1.4144,5.4258,-5.1621
146.649996722,0.0102,0.0055,-0.3395,0.1583,1.1918,-1.4144,5.4257,-5.1621
146.654996722,0.0102,0.0055,-0.3395,0.1583,1.1919,-1.4144,5.4257,-5.1621
146.659996721,0.0102,0.0055,-0.3394,0.1583,1.1919,-1.4145,5.4256,-5.162
146.664996721,0.0102,0.0055,-0.3394,0.1583,1.192,-1.4145,5.4256,-5.162
146.669996721,0.0102,0.0055,-0.3394,0.1583,1.192,-1.4145,5.4255,-5.162
146.674996721,0.0102,0.0055,-0.3393,0.1583,1.1921,-1.4145,5.4255,-5.1619
146.679996721,0.0102,0.0055,-0.3393,0.1582,1.1921,-1.4145,5.4254,-5.1619
146.684996721,0.0102,0.0055,-0.3393,0.1582,1.1921,-1.4146,5.4253,-5.1619
146.689996721,0.0102,0.0055,-0.3392,0.1582,1.1922,-1.4146,5.4253,-5.1618
146.694996721,0.0102,0.0055,-0.3392,0.1582,1.1922,-1.4146,5.4252,-5.1618
146.69999672,0.0102,0.0055,-0.3392,0.1582,1.1923,-1.4146,5.4252,-5.1618
146.70499672,0.0102,0.0055,-0.3391,0.1582,1.1923,-1.4146,5.4251,-5.1617
146.70999672,0.0102,0.0055,-0.3391,0.1581,1.1924,-1.4147,5.4251,-5.1617
146.71499672,0.0102,0.0055,-0.3391,0.1581,1.1924,-1.4147,5.425,-5.1617
146.71999672,0.0102,0.0055,-0.339,0.1581,1.1925,-1.4147,5.425,-5.1616
146.72499672,0.0102,0.0055,-0.339,0.1581,1.1925,-1.4147,5.4249,-5.1616
146.72999672,0.0102,0.0055,-0.339,0.1581,1.1926,-1.4147,5.4249,-5.1616
146.73499672,0.0102,0.0055,-0.3389,0.1581,1.1926,-1.4148,5.4248,-5.1615
146.73999672,0.0102,0.0055,-0.3389,0.158,1.1926,-1.4148,5.4248,-5.1615
146.744996719,0.0102,0.0055,-0.3389,0.158,1.1927,-1.4148,5.4247,-5.1615
146.749996719,0.0102,0.0055,-0.3388,0.158,1.1927,-1.4148,5.4247,-5.1615
146.754996719,0.0102,0.0055,-0.3388,0.158,1.1928,-1.4148,5.4246,-5.1614
146.75999671900001,0.0102,0.0055,-0.3388,0.158,1.1928,-1.4149,5.4246,-5.1614
146.764996719,0.0102,0.0055,-0.3387,0.158,1.1929,-1.4149,5.4245,-5.1614
146.769996719,0.0102,0.0055,-0.3387,0.1579,1.1929,-1.4149,5.4245,-5.1613
146.774996719,0.0102,0.0055,-0.3387,0.1579,1.1929,-1.4149,5.4244,-5.1613
146.779996719,0.0102,0.0055,-0.3386,0.1579,1.193,-1.4149,5.4244,-5.1613
146.784996719,0.0102,0.0055,-0.3386,0.1579,1.193,-1.415,5.4243,-5.1612
146.789996718,0.0102,0.0055,-0.3386,0.1579,1.1931,-1.415,5.4243,-5.1612
146.794996718,0.0102,0.0055,-0.3385,0.1578,1.1931,-1.415,5.4242,-5.1612
146.799996718,0.0102,0.0055,-0.3385,0.1578,1.1932,-1.415,5.4242,-5.1611
146.804996718,0.0102,0.0055,-0.3385,0.1578,1.1932,-1.4151,5.4241,-5.1611
146.809996718,0.0102,0.0055,-0.3384,0.1578,1.1932,-1.4151,5.4241,-5.1611
146.814996718,0.0102,0.0055,-0.3384,0.1578,1.1933,-1.4151,5.424,-5.161
146.819996718,0.0102,0.0055,-0.3384,0.1578,1.1933,-1.4151,5.424,-5.161
146.824996718,0.0102,0.0055,-0.3383,0.1577,1.1934,-1.4151,5.4239,-5.1609
146.829996718,0.0102,0.0055,-0.3383,0.1577,1.1934,-1.4152,5.4239,-5.1609
146.834996717,0.0102,0.0055,-0.3383,0.1577,1.1934,-1.4152,5.4238,-5.1609
146.839996717,0.0102,0.0055,-0.3383,0.1577,1.1935,-1.4152,5.4238,-5.1609
146.844996717,0.0102,0.0055,-0.3382,0.1577,1.1935,-1.4152,5.4237,-5.1608
146.849996717,0.0102,0.0055,-0.3382,0.1576,1.1936,-1.4152,5.4237,-5.1608
146.854996717,0.0102,0.0055,-0.3382,0.1576,1.1936,-1.4153,5.4236,-5.1607
146.859996717,0.0102,0.0055,-0.3381,0.1576,1.1937,-1.4153,5.4236,-5.1607
146.864996717,0.0102,0.0055,-0.3381,0.1576,1.1937,-1.4153,5.4235,-5.1607
146.869996717,0.0102,0.0055,-0.3381,0.1576,1.1938,-1.4153,5.4235,-5.1606
146.874996717,0.0102,0.0055,-0.338,0.1576,1.1938,-1.4153,5.4234,-5.1606
146.879996716,0.0102,0.0055,-0.338,0.1575,1.1938,-1.4154,5.4234,-5.1606
146.884996716,0.0102,0.0055,-0.338,0.1575,1.1939,-1.4154,5.4233,-5.1605
146.889996716,0.0102,0.0055,-0.3379,0.1575,1.1939,-1.4154,5.4233,-5.1605
146.894996716,0.0102,0.0055,-0.3379,0.1575,1.194,-1.4154,5.4232,-5.1605
146.899996716,0.0102,0.0055,-0.3379,0.1575,1.194,-1.4155,5.4232,-5.1605
146.904996716,0.0102,0.0055,-0.3378,0.1575,1.194,-1.4155,5.4231,-5.1604
146.909996716,0.0102,0.0055,-0.3378,0.1574,1.1941,-1.4155,5.4231,-5.1604
146.914996716,0.0102,0.0055,-0.3378,0.1574,1.1941,-1.4155,5.423,-5.1604
146.919996716,0.0102,0.0055,-0.3378,0.1574,1.1942,-1.4155,5.423,-5.1603
146.924996715,0.0102,0.0055,-0.3377,0.1574,1.1942,-1.4156,5.4229,-5.1603
146.929996715,0.0102,0.0055,-0.3377,0.1574,1.1943,-1.4156,5.4229,-5.1602
146.934996715,0.0102,0.0055,-0.3377,0.1573,1.1943,-1.4156,5.4228,-5.1602
146.939996715,0.0102,0.0055,-0.3376,0.1573,1.1943,-1.4156,5.4228,-5.1602
146.944996715,0.0102,0.0055,-0.3376,0.1573,1.1944,-1.4156,5.4227,-5.1602
146.949996715,0.0102,0.0055,-0.3376,0.1573,1.1944,-1.4157,5.4227,-5.1601
146.954996715,0.0102,0.0055,-0.3375,0.1573,1.1945,-1.4157,5.4226,-5.1601
146.959996715,0.0102,0.0055,-0.3375,0.1573,1.1945,-1.4157,5.4226,-5.1601
146.964996715,0.0102,0.0055,-0.3375,0.1572,1.1946,-1.4157,5.4225,-5.16
146.969996714,0.0102,0.0055,-0.3374,0.1572,1.1946,-1.4157,5.4225,-5.16
146.974996714,0.0102,0.0055,-0.3374,0.1572,1.1946,-1.4158,5.4224,-5.16
146.979996714,0.0102,0.0055,-0.3374,0.1572,1.1947,-1.4158,5.4224,-5.1599
146.984996714,0.0102,0.0055,-0.3373,0.1572,1.1947,-1.4158,5.4223,-5.1599
146.989996714,0.0102,0.0055,-0.3373,0.1572,1.1948,-1.4158,5.4223,-5.1599
146.994996714,0.0102,0.0055,-0.3373,0.1571,1.1948,-1.4158,5.4222,-5.1598
146.999996714,0.0102,0.0055,-0.3372,0.1571,1.1949,-1.4159,5.4222,-5.1598
147.004996714,0.0102,0.0055,-0.3372,0.1571,1.1949,-1.4159,5.4221,-5.1598
147.009996714,0.0102,0.0055,-0.3372,0.1571,1.1949,-1.4159,5.4221,-5.1597
147.014996713,0.0102,0.0055,-0.3371,0.1571,1.195,-1.4159,5.422,-5.1597
147.019996713,0.0102,0.0055,-0.3371,0.157,1.195,-1.4159,5.422,-5.1596
147.024996713,0.0102,0.0055,-0.3371,0.157,1.1951,-1.416,5.4219,-5.1596
147.029996713,0.0102,0.0055,-0.3371,0.157,1.1951,-1.416,5.4219,-5.1596
147.034996713,0.0102,0.0055,-0.337,0.157,1.1952,-1.416,5.4218,-5.1596
147.039996713,0.0102,0.0055,-0.337,0.157,1.1952,-1.416,5.4218,-5.1595
147.044996713,0.0102,0.0055,-0.337,0.157,1.1952,-1.416,5.4217,-5.1595
147.049996713,0.0102,0.0055,-0.3369,0.1569,1.1953,-1.4161,5.4217,-5.1595
147.054996713,0.0102,0.0055,-0.3369,0.1569,1.1953,-1.4161,5.4216,-5.1594
147.059996712,0.0102,0.0055,-0.3369,0.1569,1.1954,-1.4161,5.4216,-5.1594
147.064996712,0.0102,0.0055,-0.3368,0.1569,1.1954,-1.4161,5.4215,-5.1594
147.069996712,0.0102,0.0055,-0.3368,0.1569,1.1955,-1.4161,5.4215,-5.1593
147.074996712,0.0102,0.0055,-0.3368,0.1569,1.1955,-1.4162,5.4214,-5.1593
147.079996712,0.0102,0.0055,-0.3367,0.1568,1.1955,-1.4162,5.4214,-5.1593
147.084996712,0.0102,0.0055,-0.3367,0.1568,1.1956,-1.4162,5.4213,-5.1592
147.089996712,0.0102,0.0055,-0.3367,0.1568,1.1956,-1.4162,5.4213,-5.1592
147.094996712,0.0102,0.0055,-0.3366,0.1568,1.1957,-1.4162,5.4212,-5.1592
147.099996712,0.0102,0.0055,-0.3366,0.1568,1.1957,-1.4163,5.4212,-5.1591
147.104996711,0.0102,0.0055,-0.3366,0.1567,1.1958,-1.4163,5.4211,-5.1591
147.109996711,0.0102,0.0055,-0.3365,0.1567,1.1958,-1.4163,5.4211,-5.1591
147.114996711,0.0102,0.0055,-0.3365,0.1567,1.1958,-1.4163,5.421,-5.159
147.119996711,0.0102,0.0055,-0.3365,0.1567,1.1959,-1.4163,5.421,-5.159
147.124996711,0.0102,0.0055,-0.3364,0.1567,1.1959,-1.4164,5.4209,-5.159
147.129996711,0.0102,0.0055,-0.3364,0.1567,1.196,-1.4164,5.4209,-5.1589
147.134996711,0.0102,0.0055,-0.3364,0.1566,1.196,-1.4164,5.4208,-5.1589
147.139996711,0.0102,0.0055,-0.3363,0.1566,1.1961,-1.4164,5.4208,-5.1589
147.144996711,0.0102,0.0055,-0.3363,0.1566,1.1961,-1.4164,5.4207,-5.1588
147.14999671,0.0102,0.0055,-0.3363,0.1566,1.1962,-1.4165,5.4207,-5.1588
147.15499671,0.0102,0.0055,-0.3362,0.1566,1.1962,-1.4165,5.4206,-5.1588
147.15999671,0.0102,0.0055,-0.3362,0.1566,1.1962,-1.4165,5.4206,-5.1587
147.16499671,0.0102,0.0055,-0.3362,0.1565,1.1963,-1.4165,5.4205,-5.1587
147.16999671,0.0102,0.0055,-0.3362,0.1565,1.1963,-1.4165,5.4205,-5.1587
147.17499671,0.0102,0.0055,-0.3361,0.1565,1.1964,-1.4166,5.4204,-5.1586
147.17999671,0.0102,0.0055,-0.3361,0.1565,1.1964,-1.4166,5.4204,-5.1586
147.18499671,0.0102,0.0055,-0.336,0.1565,1.1965,-1.4166,5.4203,-5.1586
147.18999671,0.0102,0.0055,-0.336,0.1564,1.1965,-1.4166,5.4203,-5.1585
147.194996709,0.0102,0.0055,-0.336,0.1564,1.1965,-1.4166,5.4202,-5.1585
147.199996709,0.0102,0.0055,-0.336,0.1564,1.1966,-1.4167,5.4202,-5.1585
147.204996709,0.0102,0.0055,-0.3359,0.1564,1.1966,-1.4167,5.4201,-5.1585
147.209996709,0.0102,0.0055,-0.3359,0.1564,1.1967,-1.4167,5.4201,-5.1584
147.214996709,0.0102,0.0055,-0.3358,0.1564,1.1967,-1.4167,5.42,-5.1584
147.219996709,0.0102,0.0055,-0.3358,0.1563,1.1968,-1.4168,5.42,-5.1584
147.224996709,0.0102,0.0055,-0.3358,0.1563,1.1968,-1.4168,5.4199,-5.1583
147.229996709,0.0102,0.0055,-0.3358,0.1563,1.1968,-1.4168,5.4199,-5.1583
147.234996709,0.0102,0.0055,-0.3357,0.1563,1.1969,-1.4168,5.4198,-5.1583
147.239996708,0.0102,0.0055,-0.3357,0.1563,1.1969,-1.4168,5.4198,-5.1582
147.244996708,0.0102,0.0055,-0.3357,0.1563,1.197,-1.4168,5.4197,-5.1582
147.249996708,0.0102,0.0055,-0.3356,0.1562,1.197,-1.4169,5.4196,-5.1582
147.254996708,0.0102,0.0055,-0.3356,0.1562,1.1971,-1.4169,5.4196,-5.1581
147.259996708,0.0102,0.0055,-0.3356,0.1562,1.1971,-1.4169,5.4195,-5.1581
147.264996708,0.0102,0.0055,-0.3355,0.1562,1.1972,-1.4169,5.4195,-5.1581
147.269996708,0.0102,0.0055,-0.3355,0.1562,1.1972,-1.417,5.4194,-5.158
147.274996708,0.0102,0.0055,-0.3355,0.1562,1.1972,-1.417,5.4194,-5.158
147.279996708,0.0102,0.0055,-0.3354,0.1561,1.1973,-1.417,5.4193,-5.158
147.284996707,0.0102,0.0055,-0.3354,0.1561,1.1973,-1.417,5.4193,-5.1579
147.289996707,0.0102,0.0055,-0.3354,0.1561,1.1974,-1.417,5.4192,-5.1579
147.294996707,0.0102,0.0055,-0.3353,0.1561,1.1974,-1.4171,5.4192,-5.1579
147.299996707,0.0102,0.0055,-0.3353,0.1561,1.1975,-1.4171,5.4191,-5.1578
147.304996707,0.0102,0.0055,-0.3353,0.1561,1.1975,-1.4171,5.4191,-5.1578
147.309996707,0.0102,0.0055,-0.3352,0.156,1.1975,-1.4171,5.419,-5.1578
147.314996707,0.0102,0.0055,-0.3352,0.156,1.1976,-1.4171,5.419,-5.1577
147.319996707,0.0102,0.0055,-0.3352,0.156,1.1976,-1.4171,5.4189,-5.1577
147.324996707,0.0102,0.0055,-0.3351,0.156,1.1977,-1.4172,5.4189,-5.1577
147.329996706,0.0102,0.0055,-0.3351,0.156,1.1977,-1.4172,5.4188,-5.1577
147.334996706,0.0102,0.0055,-0.3351,0.1559,1.1978,-1.4172,5.4188,-5.1576
147.339996706,0.0102,0.0055,-0.335,0.1559,1.1978,-1.4172,5.4187,-5.1576
147.344996706,0.0102,0.0055,-0.335,0.1559,1.1979,-1.4172,5.4187,-5.1576
147.349996706,0.0102,0.0055,-0.335,0.1559,1.1979,-1.4173,5.4186,-5.1575
147.354996706,0.0102,0.0055,-0.3349,0.1559,1.1979,-1.4173,5.4186,-5.1575
147.359996706,0.0102,0.0055,-0.3349,0.1559,1.198,-1.4173,5.4185,-5.1575
147.364996706,0.0102,0.0055,-0.3349,0.1558,1.198,-1.4173,5.4185,-5.1574
147.369996706,0.0102,0.0055,-0.3348,0.1558,1.1981,-1.4173,5.4184,-5.1574
147.374996705,0.0102,0.0055,-0.3348,0.1558,1.1981,-1.4174,5.4184,-5.1574
147.379996705,0.0102,0.0055,-0.3348,0.1558,1.1982,-1.4174,5.4183,-5.1573
147.384996705,0.0102,0.0055,-0.3347,0.1558,1.1982,-1.4174,5.4183,-5.1573
147.389996705,0.0102,0.0055,-0.3347,0.1558,1.1982,-1.4174,5.4182,-5.1573
147.394996705,0.0102,0.0055,-0.3347,0.1557,1.1983,-1.4174,5.4182,-5.1572
147.399996705,0.0102,0.0055,-0.3346,0.1557,1.1983,-1.4175,5.4181,-5.1572
147.404996705,0.0102,0.0055,-0.3346,0.1557,1.1984,-1.4175,5.4181,-5.1572
147.409996705,0.0102,0.0055,-0.3346,0.1557,1.1984,-1.4175,5.418,-5.1571
147.414996705,0.0102,0.0055,-0.3345,0.1557,1.1985,-1.4175,5.418,-5.1571
147.419996704,0.0102,0.0055,-0.3345,0.1557,1.1985,-1.4175,5.4179,-5.1571
147.424996704,0.0102,0.0055,-0.3345,0.1556,1.1985,-1.4176,5.4179,-5.157
147.429996704,0.0102,0.0055,-0.3345,0.1556,1.1986,-1.4176,5.4178,-5.157
147.434996704,0.0102,0.0055,-0.3344,0.1556,1.1986,-1.4176,5.4178,-5.157
147.439996704,0.0102,0.0055,-0.3344,0.1556,1.1987,-1.4176,5.4177,-5.1569
147.444996704,0.0102,0.0055,-0.3344,0.1556,1.1987,-1.4176,5.4177,-5.1569
147.449996704,0.0102,0.0055,-0.3343,0.1556,1.1988,-1.4177,5.4176,-5.1569
147.454996704,0.0102,0.0055,-0.3343,0.1555,1.1988,-1.4177,5.4176,-5.1568
147.459996704,0.0102,0.0055,-0.3343,0.1555,1.1988,-1.4177,5.4175,-5.1568
147.464996703,0.0102,0.0055,-0.3342,0.1555,1.1989,-1.4177,5.4175,-5.1568
147.469996703,0.0102,0.0055,-0.3342,0.1555,1.1989,-1.4177,5.4174,-5.1568
147.474996703,0.0102,0.0055,-0.3342,0.1555,1.199,-1.4178,5.4173,-5.1567
147.479996703,0.0102,0.0055,-0.3341,0.1555,1.199,-1.4178,5.4173,-5.1567
147.484996703,0.0102,0.0055,-0.3341,0.1554,1.1991,-1.4178,5.4172,-5.1567
147.489996703,0.0102,0.0055,-0.3341,0.1554,1.1991,-1.4178,5.4172,-5.1566
147.494996703,0.0102,0.0055,-0.334,0.1554,1.1991,-1.4178,5.4171,-5.1566
147.499996703,0.0102,0.0055,-0.334,0.1554,1.1992,-1.4179,5.4171,-5.1566
147.504996703,0.0102,0.0055,-0.334,0.1554,1.1992,-1.4179,5.417,-5.1565
147.509996702,0.0102,0.0055,-0.3339,0.1554,1.1993,-1.4179,5.417,-5.1565
147.514996702,0.0102,0.0055,-0.3339,0.1553,1.1993,-1.4179,5.417,-5.1565
147.519996702,0.0102,0.0055,-0.3339,0.1553,1.1994,-1.4179,5.4169,-5.1564
147.524996702,0.0102,0.0055,-0.3338,0.1553,1.1994,-1.418,5.4168,-5.1564
147.529996702,0.0102,0.0055,-0.3338,0.1553,1.1995,-1.418,5.4168,-5.1564
147.534996702,0.0102,0.0055,-0.3338,0.1553,1.1995,-1.418,5.4167,-5.1564
147.539996702,0.0102,0.0055,-0.3337,0.1553,1.1995,-1.418,5.4167,-5.1563
147.544996702,0.0102,0.0055,-0.3337,0.1552,1.1996,-1.418,5.4166,-5.1563
147.549996702,0.0102,0.0055,-0.3337,0.1552,1.1996,-1.4181,5.4166,-5.1563
147.554996701,0.0102,0.0055,-0.3336,0.1552,1.1997,-1.4181,5.4165,-5.1562
147.559996701,0.0102,0.0055,-0.3336,0.1552,1.1997,-1.4181,5.4165,-5.1562
147.564996701,0.0102,0.0055,-0.3336,0.1552,1.1998,-1.4181,5.4164,-5.1562
147.569996701,0.0102,0.0055,-0.3335,0.1552,1.1998,-1.4181,5.4164,-5.1561
147.574996701,0.0102,0.0055,-0.3335,0.1551,1.1998,-1.4182,5.4163,-5.1561
147.579996701,0.0102,0.0055,-0.3335,0.1551,1.1999,-1.4182,5.4163,-5.1561
147.584996701,0.0102,0.0055,-0.3335,0.1551,1.1999,-1.4182,5.4162,-5.156
147.589996701,0.0102,0.0055,-0.3334,0.1551,1.2,-1.4182,5.4162,-5.156
147.5949967,0.0102,0.0055,-0.3334,0.1551,1.2,-1.4182,5.4161,-5.156
147.5999967,0.0102,0.0055,-0.3334,0.155,1.2001,-1.4183,5.4161,-5.1559
147.6049967,0.0102,0.0055,-0.3333,0.155,1.2001,-1.4183,5.416,-5.1559
147.6099967,0.0102,0.0055,-0.3333,0.155,1.2001,-1.4183,5.416,-5.1559
147.6149967,0.0102,0.0055,-0.3333,0.155,1.2002,-1.4183,5.4159,-5.1558
147.6199967,0.0102,0.0055,-0.3332,0.155,1.2002,-1.4183,5.4159,-5.1558
147.6249967,0.0102,0.0055,-0.3332,0.155,1.2003,-1.4184,5.4158,-5.1558
147.6299967,0.0102,0.0055,-0.3332,0.1549,1.2003,-1.4184,5.4158,-5.1557
147.6349967,0.0102,0.0055,-0.3331,0.1549,1.2004,-1.4184,5.4157,-5.1557
147.639996699,0.0102,0.0055,-0.3331,0.1549,1.2004,-1.4184,5.4157,-5.1557
147.644996699,0.0102,0.0055,-0.3331,0.1549,1.2004,-1.4184,5.4156,-5.1556
147.649996699,0.0102,0.0055,-0.333,0.1549,1.2005,-1.4185,5.4156,-5.1556
147.654996699,0.0102,0.0055,-0.333,0.1548,1.2005,-1.4185,5.4155,-5.1556
147.659996699,0.0102,0.0055,-0.333,0.1548,1.2006,-1.4185,5.4155,-5.1555
147.664996699,0.0102,0.0055,-0.3329,0.1548,1.2006,-1.4185,5.4154,-5.1555
147.669996699,0.0102,0.0055,-0.3329,0.1548,1.2007,-1.4185,5.4154,-5.1555
147.674996699,0.0102,0.0055,-0.3329,0.1548,1.2007,-1.4186,5.4153,-5.1555
147.679996699,0.0102,0.0055,-0.3328,0.1548,1.2007,-1.4186,5.4153,-5.1554
147.684996698,0.0102,0.0055,-0.3328,0.1547,1.2008,-1.4186,5.4152,-5.1554
147.689996698,0.0102,0.0055,-0.3328,0.1547,1.2008,-1.4186,5.4152,-5.1554
147.694996698,0.0102,0.0055,-0.3327,0.1547,1.2009,-1.4186,5.4151,-5.1553
147.699996698,0.0102,0.0055,-0.3327,0.1547,1.2009,-1.4187,5.4151,-5.1553
147.704996698,0.0102,0.0055,-0.3327,0.1547,1.2009,-1.4187,5.415,-5.1553
147.709996698,0.0102,0.0055,-0.3326,0.1547,1.201,-1.4187,5.415,-5.1552
147.714996698,0.0102,0.0055,-0.3326,0.1546,1.201,-1.4187,5.4149,-5.1552
147.719996698,0.0102,0.0055,-0.3326,0.1546,1.2011,-1.4187,5.4149,-5.1551
147.724996698,0.0102,0.0055,-0.3326,0.1546,1.2011,-1.4188,5.4148,-5.1551
147.729996697,0.0102,0.0055,-0.3325,0.1546,1.2012,-1.4188,5.4148,-5.1551
147.734996697,0.0102,0.0055,-0.3325,0.1546,1.2012,-1.4188,5.4147,-5.155
147.739996697,0.0102,0.0055,-0.3325,0.1546,1.2012,-1.4188,5.4147,-5.155
147.744996697,0.0102,0.0055,-0.3324,0.1545,1.2013,-1.4188,5.4146,-5.155
147.749996697,0.0102,0.0055,-0.3324,0.1545,1.2013,-1.4189,5.4146,-5.1549
147.754996697,0.0102,0.0055,-0.3324,0.1545,1.2014,-1.4189,5.4145,-5.1549
147.759996697,0.0102,0.0055,-0.3323,0.1545,1.2014,-1.4189,5.4145,-5.1549
147.764996697,0.0102,0.0055,-0.3323,0.1545,1.2015,-1.4189,5.4144,-5.1548
147.769996697,0.0102,0.0055,-0.3323,0.1544,1.2015,-1.4189,5.4144,-5.1548
147.774996696,0.0102,0.0055,-0.3322,0.1544,1.2015,-1.419,5.4143,-5.1548
147.779996696,0.0102,0.0055,-0.3322,0.1544,1.2016,-1.419,5.4143,-5.1547
147.784996696,0.0102,0.0055,-0.3322,0.1544,1.2016,-1.419,5.4142,-5.1547
147.789996696,0.0102,0.0055,-0.3322,0.1544,1.2017,-1.419,5.4142,-5.1547
147.794996696,0.0102,0.0055,-0.3321,0.1544,1.2017,-1.4191,5.4141,-5.1547
147.799996696,0.0102,0.0055,-0.3321,0.1543,1.2018,-1.4191,5.4141,-5.1546
147.804996696,0.0102,0.0055,-0.3321,0.1543,1.2018,-1.4191,5.414,-5.1546
147.809996696,0.0102,0.0055,-0.332,0.1543,1.2018,-1.4191,5.414,-5.1546
147.814996696,0.0102,0.0055,-0.332,0.1543,1.2019,-1.4191,5.4139,-5.1545
147.819996695,0.0102,0.0055,-0.332,0.1543,1.2019,-1.4191,5.4139,-5.1545
147.824996695,0.0102,0.0055,-0.3319,0.1543,1.202,-1.4192,5.4138,-5.1545
147.829996695,0.0102,0.0055,-0.3319,0.1542,1.202,-1.4192,5.4138,-5.1544
147.834996695,0.0102,0.0055,-0.3319,0.1542,1.2021,-1.4192,5.4137,-5.1544
147.839996695,0.0102,0.0055,-0.3318,0.1542,1.2021,-1.4192,5.4137,-5.1544
147.844996695,0.0102,0.0055,-0.3318,0.1542,1.2021,-1.4192,5.4136,-5.1543
147.849996695,0.0102,0.0055,-0.3318,0.1542,1.2022,-1.4193,5.4136,-5.1543
147.854996695,0.0102,0.0055,-0.3317,0.1542,1.2022,-1.4193,5.4135,-5.1543
147.859996695,0.0102,0.0055,-0.3317,0.1541,1.2023,-1.4193,5.4135,-5.1542
147.864996694,0.0102,0.0055,-0.3317,0.1541,1.2023,-1.4193,5.4134,-5.1542
147.869996694,0.0102,0.0055,-0.3316,0.1541,1.2024,-1.4193,5.4134,-5.1542
147.874996694,0.0102,0.0055,-0.3316,0.1541,1.2024,-1.4194,5.4133,-5.1541
147.879996694,0.0102,0.0055,-0.3316,0.1541,1.2024,-1.4194,5.4133,-5.1541
147.884996694,0.0102,0.0055,-0.3315,0.1541,1.2025,-1.4194,5.4132,-5.1541
147.889996694,0.0102,0.0055,-0.3315,0.154,1.2025,-1.4194,5.4132,-5.154
147.894996694,0.0102,0.0055,-0.3315,0.154,1.2026,-1.4194,5.4131,-5.154
147.899996694,0.0102,0.0055,-0.3314,0.154,1.2026,-1.4195,5.4131,-5.154
147.904996694,0.0102,0.0055,-0.3314,0.154,1.2027,-1.4195,5.413,-5.1539
147.909996693,0.0102,0.0055,-0.3314,0.154,1.2027,-1.4195,5.413,-5.1539
147.914996693,0.0102,0.0055,-0.3313,0.154,1.2027,-1.4195,5.4129,-5.1539
147.919996693,0.0102,0.0055,-0.3313,0.1539,1.2028,-1.4195,5.4128,-5.1539
147.924996693,0.0102,0.0055,-0.3313,0.1539,1.2028,-1.4196,5.4128,-5.1538
147.929996693,0.0102,0.0055,-0.3312,0.1539,1.2029,-1.4196,5.4128,-5.1538
147.934996693,0.0102,0.0055,-0.3312,0.1539,1.2029,-1.4196,5.4127,-5.1538
147.939996693,0.0102,0.0055,-0.3312,0.1539,1.203,-1.4196,5.4127,-5.1537
147.944996693,0.0102,0.0055,-0.3312,0.1539,1.203,-1.4196,5.4126,-5.1537
147.949996693,0.0102,0.0055,-0.3311,0.1538,1.203,-1.4197,5.4126,-5.1537
147.954996692,0.0102,0.0055,-0.3311,0.1538,1.2031,-1.4197,5.4125,-5.1536
147.959996692,0.0102,0.0055,-0.331,0.1538,1.2031,-1.4197,5.4125,-5.1536
147.964996692,0.0102,0.0055,-0.331,0.1538,1.2032,-1.4197,5.4124,-5.1536
147.969996692,0.0102,0.0055,-0.331,0.1538,1.2032,-1.4197,5.4123,-5.1535
147.974996692,0.0102,0.0055,-0.331,0.1537,1.2033,-1.4198,5.4123,-5.1535
147.979996692,0.0102,0.0055,-0.3309,0.1537,1.2033,-1.4198,5.4122,-5.1535
147.984996692,0.0102,0.0055,-0.3309,0.1537,1.2033,-1.4198,5.4122,-5.1534
147.989996692,0.0102,0.0055,-0.3309,0.1537,1.2034,-1.4198,5.4121,-5.1534
147.994996692,0.0102,0.0055,-0.3308,0.1537,1.2034,-1.4198,5.4121,-5.1534
147.999996691,0.0102,0.0055,-0.3308,0.1537,1.2035,-1.4199,5.412,-5.1533
148.004996691,0.0102,0.0055,-0.3308,0.1536,1.2035,-1.4199,5.412,-5.1533
148.009996691,0.0102,0.0055,-0.3307,0.1536,1.2036,-1.4199,5.4119,-5.1533
148.014996691,0.0102,0.0055,-0.3307,0.1536,1.2036,-1.4199,5.4119,-5.1532
148.019996691,0.0102,0.0055,-0.3307,0.1536,1.2037,-1.4199,5.4118,-5.1532
148.024996691,0.0102,0.0055,-0.3306,0.1536,1.2037,-1.42,5.4118,-5.1532
148.029996691,0.0102,0.0055,-0.3306,0.1536,1.2037,-1.42,5.4117,-5.1532
148.034996691,0.0102,0.0055,-0.3306,0.1535,1.2038,-1.42,5.4117,-5.1531
148.039996691,0.0102,0.0055,-0.3305,0.1535,1.2038,-1.42,5.4116,-5.1531
148.04499669,0.0102,0.0055,-0.3305,0.1535,1.2039,-1.42,5.4116,-5.1531
148.04999669,0.0102,0.0055,-0.3305,0.1535,1.2039,-1.4201,5.4115,-5.153
148.05499669,0.0102,0.0055,-0.3304,0.1535,1.204,-1.4201,5.4115,-5.153
148.05999669,0.0102,0.0055,-0.3304,0.1535,1.204,-1.4201,5.4114,-5.153
148.06499669,0.0102,0.0055,-0.3304,0.1534,1.204,-1.4201,5.4114,-5.1529
148.06999669,0.0102,0.0055,-0.3303,0.1534,1.2041,-1.4201,5.4113,-5.1529
148.07499669,0.0102,0.0055,-0.3303,0.1534,1.2041,-1.4202,5.4113,-5.1529
148.07999669,0.0102,0.0055,-0.3303,0.1534,1.2042,-1.4202,5.4112,-5.1528
148.08499669,0.0102,0.0055,-0.3302,0.1534,1.2042,-1.4202,5.4112,-5.1528
148.089996689,0.0102,0.0055,-0.3302,0.1534,1.2043,-1.4202,5.4111,-5.1528
148.094996689,0.0102,0.0055,-0.3302,0.1533,1.2043,-1.4202,5.411,-5.1527
148.099996689,0.0102,0.0055,-0.3301,0.1533,1.2044,-1.4203,5.411,-5.1527
148.104996689,0.0102,0.0055,-0.3301,0.1533,1.2044,-1.4203,5.4109,-5.1527
148.109996689,0.0102,0.0055,-0.3301,0.1533,1.2044,-1.4203,5.4109,-5.1526
148.114996689,0.0102,0.0055,-0.33,0.1533,1.2045,-1.4203,5.4108,-5.1526
148.119996689,0.0102,0.0055,-0.33,0.1533,1.2045,-1.4203,5.4108,-5.1526
148.124996689,0.0102,0.0055,-0.33,0.1532,1.2046,-1.4204,5.4107,-5.1525
148.129996689,0.0102,0.0055,-0.3299,0.1532,1.2046,-1.4204,5.4107,-5.1525
148.134996688,0.0102,0.0055,-0.3299,0.1532,1.2047,-1.4204,5.4106,-5.1525
148.139996688,0.0102,0.0055,-0.3299,0.1532,1.2047,-1.4204,5.4106,-5.1525
148.144996688,0.0102,0.0055,-0.3298,0.1532,1.2047,-1.4204,5.4105,-5.1524
148.149996688,0.0102,0.0055,-0.3298,0.1532,1.2048,-1.4204,5.4105,-5.1524
148.154996688,0.0102,0.0055,-0.3298,0.1531,1.2048,-1.4205,5.4104,-5.1524
148.159996688,0.0102,0.0055,-0.3297,0.1531,1.2049,-1.4205,5.4104,-5.1523
148.164996688,0.0102,0.0055,-0.3297,0.1531,1.2049,-1.4205,5.4103,-5.1523
148.169996688,0.0102,0.0055,-0.3297,0.1531,1.205,-1.4205,5.4103,-5.1523
148.174996688,0.0102,0.0055,-0.3297,0.1531,1.205,-1.4205,5.4102,-5.1522
148.179996687,0.0102,0.0055,-0.3296,0.1531,1.205,-1.4206,5.4102,-5.1522
148.184996687,0.0102,0.0055,-0.3296,0.153,1.2051,-1.4206,5.4101,-5.1522
148.189996687,0.0102,0.0055,-0.3296,0.153,1.2051,-1.4206,5.4101,-5.1521
148.194996687,0.0102,0.0055,-0.3295,0.153,1.2052,-1.4206,5.41,-5.1521
148.199996687,0.0102,0.0055,-0.3295,0.153,1.2052,-1.4206,5.41,-5.1521
148.204996687,0.0102,0.0055,-0.3295,0.153,1.2053,-1.4207,5.4099,-5.1521
148.209996687,0.0102,0.0055,-0.3294,0.153,1.2053,-1.4207,5.4099,-5.152
148.214996687,0.0102,0.0055,-0.3294,0.1529,1.2053,-1.4207,5.4098,-5.152
148.219996687,0.0102,0.0055,-0.3294,0.1529,1.2054,-1.4207,5.4098,-5.152
148.224996686,0.0102,0.0055,-0.3293,0.1529,1.2054,-1.4207,5.4097,-5.1519
148.229996686,0.0102,0.0055,-0.3293,0.1529,1.2055,-1.4208,5.4097,-5.1519
148.234996686,0.0102,0.0055,-0.3293,0.1529,1.2055,-1.4208,5.4096,-5.1519
148.239996686,0.0102,0.0055,-0.3292,0.1529,1.2056,-1.4208,5.4096,-5.1518
148.244996686,0.0102,0.0055,-0.3292,0.1528,1.2056,-1.4208,5.4095,-5.1518
148.249996686,0.0102,0.0055,-0.3292,0.1528,1.2056,-1.4208,5.4095,-5.1518
148.254996686,0.0102,0.0055,-0.3291,0.1528,1.2057,-1.4208,5.4094,-5.1517
148.259996686,0.0102,0.0055,-0.3291,0.1528,1.2057,-1.4209,5.4093,-5.1517
148.264996686,0.0102,0.0055,-0.3291,0.1528,1.2058,-1.4209,5.4093,-5.1517
148.269996685,0.0102,0.0055,-0.329,0.1528,1.2058,-1.4209,5.4093,-5.1516
148.274996685,0.0102,0.0055,-0.329,0.1527,1.2059,-1.4209,5.4092,-5.1516
148.279996685,0.0102,0.0055,-0.329,0.1527,1.2059,-1.4209,5.4091,-5.1516
148.284996685,0.0102,0.0055,-0.3289,0.1527,1.2059,-1.421,5.4091,-5.1515
148.289996685,0.0102,0.0055,-0.3289,0.1527,1.206,-1.421,5.409,-5.1515
148.294996685,0.0102,0.0055,-0.3289,0.1527,1.206,-1.421,5.409,-5.1515
148.299996685,0.0102,0.0055,-0.3288,0.1527,1.2061,-1.421,5.409,-5.1515
148.304996685,0.0102,0.0055,-0.3288,0.1526,1.2061,-1.421,5.4089,-5.1514
148.309996685,0.0102,0.0055,-0.3288,0.1526,1.2062,-1.4211,5.4088,-5.1514
148.314996684,0.0102,0.0055,-0.3287,0.1526,1.2062,-1.4211,5.4088,-5.1514
148.319996684,0.0102,0.0055,-0.3287,0.1526,1.2063,-1.4211,5.4087,-5.1513
148.324996684,0.0102,0.0055,-0.3287,0.1526,1.2063,-1.4211,5.4087,-5.1513
148.329996684,0.0102,0.0055,-0.3286,0.1526,1.2063,-1.4211,5.4086,-5.1513
148.334996684,0.0102,0.0055,-0.3286,0.1525,1.2064,-1.4212,5.4086,-5.1512
148.339996684,0.0102,0.0055,-0.3286,0.1525,1.2064,-1.4212,5.4085,-5.1512
148.344996684,0.0102,0.0055,-0.3286,0.1525,1.2065,-1.4212,5.4085,-5.1512
148.349996684,0.0102,0.0055,-0.3285,0.1525,1.2065,-1.4212,5.4084,-5.1512
148.354996684,0.0102,0.0055,-0.3285,0.1525,1.2065,-1.4212,5.4084,-5.1511
148.359996683,0.0102,0.0055,-0.3285,0.1524,1.2066,-1.4213,5.4083,-5.1511
148.364996683,0.0102,0.0055,-0.3284,0.1524,1.2066,-1.4213,5.4083,-5.1511
148.369996683,0.0102,0.0055,-0.3284,0.1524,1.2067,-1.4213,5.4082,-5.151
148.374996683,0.0102,0.0055,-0.3284,0.1524,1.2067,-1.4213,5.4082,-5.151
148.379996683,0.0102,0.0055,-0.3283,0.1524,1.2068,-1.4213,5.4081,-5.1509
148.384996683,0.0102,0.0055,-0.3283,0.1524,1.2068,-1.4214,5.4081,-5.1509
148.389996683,0.0102,0.0055,-0.3283,0.1524,1.2068,-1.4214,5.408,-5.1509
148.394996683,0.0102,0.0055,-0.3282,0.1523,1.2069,-1.4214,5.408,-5.1509
148.399996683,0.0102,0.0055,-0.3282,0.1523,1.2069,-1.4214,5.4079,-5.1508
148.404996682,0.0102,0.0055,-0.3282,0.1523,1.207,-1.4214,5.4079,-5.1508
148.409996682,0.0102,0.0055,-0.3281,0.1523,1.207,-1.4215,5.4078,-5.1508
148.414996682,0.0102,0.0055,-0.3281,0.1523,1.2071,-1.4215,5.4078,-5.1507
148.419996682,0.0102,0.0055,-0.3281,0.1522,1.2071,-1.4215,5.4077,-5.1507
148.424996682,0.0102,0.0055,-0.328,0.1522,1.2071,-1.4215,5.4077,-5.1507
148.429996682,0.0102,0.0055,-0.328,0.1522,1.2072,-1.4215,5.4076,-5.1506
148.434996682,0.0102,0.0055,-0.328,0.1522,1.2072,-1.4216,5.4076,-5.1506
148.439996682,0.0102,0.0055,-0.328,0.1522,1.2073,-1.4216,5.4075,-5.1506
148.444996681,0.0102,0.0055,-0.3279,0.1522,1.2073,-1.4216,5.4075,-5.1505
148.449996681,0.0102,0.0055,-0.3279,0.1521,1.2074,-1.4216,5.4074,-5.1505
148.454996681,0.0102,0.0055,-0.3279,0.1521,1.2074,-1.4216,5.4074,-5.1505
148.459996681,0.0102,0.0055,-0.3278,0.1521,1.2074,-1.4217,5.4073,-5.1504
148.464996681,0.0102,0.0055,-0.3278,0.1521,1.2075,-1.4217,5.4073,-5.1504
148.469996681,0.0102,0.0055,-0.3278,0.1521,1.2075,-1.4217,5.4072,-5.1504
148.474996681,0.0102,0.0055,-0.3277,0.1521,1.2076,-1.4217,5.4072,-5.1503
148.479996681,0.0102,0.0055,-0.3277,0.1521,1.2076,-1.4217,5.4071,-5.1503
148.484996681,0.0102,0.0055,-0.3276,0.152,1.2077,-1.4218,5.4071,-5.1503
148.48999668,0.0102,0.0055,-0.3276,0.152,1.2077,-1.4218,5.407,-5.1502
148.49499668,0.0102,0.0055,-0.3276,0.152,1.2077,-1.4218,5.407,-5.1502
148.49999668,0.0102,0.0055,-0.3275,0.152,1.2078,-1.4218,5.4069,-5.1502
148.50499668,0.0102,0.0055,-0.3275,0.152,1.2078,-1.4218,5.4069,-5.1502
148.50999668,0.0102,0.0055,-0.3275,0.1519,1.2079,-1.4219,5.4068,-5.1501
148.51499668,0.0102,0.0055,-0.3275,0.1519,1.2079,-1.4219,5.4068,-5.1501
148.51999668,0.0102,0.0055,-0.3274,0.1519,1.208,-1.4219,5.4067,-5.1501
148.52499668,0.0102,0.0055,-0.3274,0.1519,1.208,-1.4219,5.4066,-5.15
148.52999668,0.0102,0.0055,-0.3274,0.1519,1.2081,-1.4219,5.4066,-5.15
148.534996679,0.0102,0.0055,-0.3273,0.1519,1.2081,-1.422,5.4065,-5.15
148.539996679,0.0102,0.0055,-0.3273,0.1518,1.2081,-1.422,5.4065,-5.1499
148.544996679,0.0102,0.0055,-0.3273,0.1518,1.2082,-1.422,5.4064,-5.1499
148.549996679,0.0102,0.0055,-0.3272,0.1518,1.2082,-1.422,5.4064,-5.1499
148.554996679,0.0102,0.0055,-0.3272,0.1518,1.2083,-1.422,5.4063,-5.1498
148.559996679,0.0102,0.0055,-0.3272,0.1518,1.2083,-1.422,5.4063,-5.1498
148.564996679,0.0102,0.0055,-0.3271,0.1517,1.2083,-1.4221,5.4062,-5.1498
148.569996679,0.0102,0.0055,-0.3271,0.1517,1.2084,-1.4221,5.4062,-5.1497
148.574996679,0.0102,0.0055,-0.3271,0.1517,1.2084,-1.4221,5.4061,-5.1497
148.579996678,0.0102,0.0055,-0.327,0.1517,1.2085,-1.4221,5.4061,-5.1497
148.584996678,0.0102,0.0055,-0.327,0.1517,1.2085,-1.4221,5.406,-5.1496
148.589996678,0.0102,0.0055,-0.327,0.1517,1.2086,-1.4222,5.406,-5.1496
148.594996678,0.0102,0.0055,-0.3269,0.1516,1.2086,-1.4222,5.4059,-5.1496
148.599996678,0.0102,0.0055,-0.3269,0.1516,1.2087,-1.4222,5.4059,-5.1495
148.604996678,0.0102,0.0055,-0.3269,0.1516,1.2087,-1.4222,5.4058,-5.1495
148.609996678,0.0102,0.0055,-0.3268,0.1516,1.2087,-1.4222,5.4058,-5.1495
148.614996678,0.0102,0.0055,-0.3268,0.1516,1.2088,-1.4223,5.4057,-5.1494
148.619996678,0.0102,0.0055,-0.3268,0.1516,1.2088,-1.4223,5.4057,-5.1494
148.624996677,0.0102,0.0055,-0.3267,0.1515,1.2089,-1.4223,5.4056,-5.1494
148.629996677,0.0102,0.0055,-0.3267,0.1515,1.2089,-1.4223,5.4056,-5.1494
148.634996677,0.0102,0.0055,-0.3267,0.1515,1.209,-1.4223,5.4055,-5.1493
148.639996677,0.0102,0.0055,-0.3266,0.1515,1.209,-1.4224,5.4055,-5.1493
148.644996677,0.0102,0.0055,-0.3266,0.1515,1.209,-1.4224,5.4054,-5.1493
148.649996677,0.0102,0.0055,-0.3266,0.1515,1.2091,-1.4224,5.4054,-5.1492
148.654996677,0.0102,0.0055,-0.3265,0.1514,1.2091,-1.4224,5.4053,-5.1492
148.659996677,0.0102,0.0055,-0.3265,0.1514,1.2092,-1.4224,5.4053,-5.1492
148.664996677,0.0102,0.0055,-0.3265,0.1514,1.2092,-1.4225,5.4052,-5.1491
148.669996676,0.0102,0.0055,-0.3265,0.1514,1.2093,-1.4225,5.4052,-5.1491
148.674996676,0.0102,0.0055,-0.3264,0.1514,1.2093,-1.4225,5.4051,-5.1491
148.679996676,0.0102,0.0055,-0.3264,0.1514,1.2093,-1.4225,5.4051,-5.1491
148.684996676,0.0102,0.0055,-0.3264,0.1513,1.2094,-1.4225,5.405,-5.149
148.689996676,0.0102,0.0055,-0.3263,0.1513,1.2094,-1.4226,5.405,-5.149
