time_sec,hip_L_Joint_pos_rad,hip_R_Joint_pos_rad,thigh_L_Joint_pos_rad,thigh_R_Joint_pos_rad,knee_L_Joint_pos_rad,knee_R_Joint_pos_rad,wheel_L_Joint_pos_rad,wheel_R_Joint_pos_rad,hip_L_Joint_vel_rad/s,hip_R_Joint_vel_rad/s,thigh_L_Joint_vel_rad/s,thigh_R_Joint_vel_rad/s,knee_L_Joint_vel_rad/s,knee_R_Joint_vel_rad/s,wheel_L_Joint_vel_rad/s,wheel_R_Joint_vel_rad/s,hip_L_Joint_torque,hip_R_Joint_torque,thigh_L_Joint_torque,thigh_R_Joint_torque,knee_L_Joint_torque,knee_R_Joint_torque,wheel_L_Joint_torque,wheel_R_Joint_torque
1786168466.6249962,0.0111,-0.0111,-0.001,0.0039,-0.0017,0.0004,1.1236,-0.2356,-0.0001,-0.0001,0.0025,-0.0183,0.0,-0.0001,0.0001,0.0039,-0.03328999876976013,0.033309999853372574,1.5732500553131104,-1.5803700685501099,1.575600028038025,-1.5716900825500488,0.0,0.0
1786168466.6260636,0.0111,-0.0111,-0.001,0.0038,-0.0017,0.0004,1.1236,-0.2356,0.0001,0.0001,-0.0014,-0.0057,0.0,0.0001,-0.0004,0.0016,-0.033309999853372574,0.03328999876976013,1.573639988899231,-1.5813299417495728,1.575600028038025,-1.5717101097106934,0.0,0.0
1786168466.6268246,0.0111,-0.0111,-0.001,0.0038,-0.0017,0.0004,1.1236,-0.2356,0.0,0.0,-0.0009,-0.0033,0.0,0.0,-0.0001,0.0005,-0.033299997448921204,0.033299997448921204,1.5735900402069092,-1.581570029258728,1.575600028038025,-1.571700096130371,0.0,0.0
1786168466.6312087,0.0111,-0.0111,0.0017,0.0011,0.0029,-0.0043,1.1243,-0.2362,0.0,0.0,0.5384,-0.5465,0.937,-0.9368,0.1259,-0.1243,-0.033299997448921204,0.033299997448921204,1.511560082435608,-1.5191501379013062,1.4681000709533691,-1.4639201164245605,0.0,0.0
1786168466.7210577,0.0111,-0.0111,0.0071,-0.0043,0.0123,-0.0136,1.1255,-0.2374,0.0,0.0,1.0765,-1.088,1.873,-1.8726,0.2517,-0.249,-0.033299997448921204,0.033299997448921204,1.4415501356124878,-1.4488000869750977,1.3463000059127808,-1.342440128326416,0.0,0.0
1786168466.728161,0.0111,-0.0111,0.0152,-0.0125,0.0263,-0.0277,1.1274,-0.2393,0.0,0.0,1.6132,-1.6281,2.8064,-2.8059,0.3772,-0.3734,-0.033299997448921204,0.033299997448921204,1.3635799884796143,-1.370190143585205,1.210960030555725,-1.2068099975585938,0.0,0.0
1786168466.7339644,0.0111,-0.0111,0.0257,-0.0232,0.0447,-0.0461,1.1299,-0.2417,0.0,0.0,2.1163,-2.1346,3.6787,-3.678,0.494,-0.489,-0.033299997448921204,0.033299997448921204,1.28177011013031,-1.2874401807785034,1.0685300827026367,-1.06440007686615,0.0,0.0
1786168466.7603066,0.0111,-0.0111,0.0386,-0.0362,0.0671,-0.0685,1.1329,-0.2447,0.0,0.0,2.581,-2.6026,4.4804,-4.4798,0.6006,-0.5946,-0.033299997448921204,0.033299997448921204,1.196600079536438,-1.2016401290893555,0.921160101890564,-0.9170200824737549,0.0,0.0
1786168466.7668324,0.0111,-0.0111,0.0537,-0.0513,0.0931,-0.0945,1.1364,-0.2481,0.0,0.0,3.0023,-3.027,5.2023,-5.2018,0.6958,-0.6889,-0.033299997448921204,0.033299997448921204,1.1091700792312622,-1.113900065422058,0.7709700465202332,-0.7668200731277466,0.0,0.0
1786168466.7723622,0.0111,-0.0111,0.0705,-0.0683,0.1223,-0.1237,1.1402,-0.252,0.0,0.0,3.3772,-3.4048,5.8387,-5.8384,0.7786,-0.7708,-0.033299997448921204,0.033299997448921204,1.02128005027771,-1.0251200199127197,0.6197301149368286,-0.6155601143836975,0.0,0.0
1786168466.7774878,0.0111,-0.0111,0.0891,-0.087,0.1543,-0.1556,1.1445,-0.2562,0.0,0.0,3.7032,-3.7338,6.3849,-6.3851,0.8484,-0.8398,-0.033299997448921204,0.033299997448921204,0.9328800439834595,-0.9361200332641602,0.46911004185676575,-0.465190052986145,0.0,0.0
1786168466.8060567,0.0111,-0.0111,0.109,-0.1071,0.1885,-0.1898,1.149,-0.2607,0.0,-0.0001,3.9788,-4.0123,6.8376,-6.8388,0.9046,-0.8954,-0.033299997448921204,0.033309999853372574,0.8456200957298279,-0.8479700684547424,0.321240097284317,-0.3172200918197632,0.0,0.0
1786168466.8117888,0.0111,-0.0111,0.13,-0.1283,0.2244,-0.2258,1.1538,-0.2654,0.0,-0.0001,4.2031,-4.2396,7.1954,-7.1979,0.947,-0.9373,-0.033299997448921204,0.033309999853372574,0.7601900696754456,-0.7616400122642517,0.17776009440422058,-0.17331016063690186,0.0,0.0
1786168466.8171551,0.0111,-0.0111,0.1519,-0.1504,0.2618,-0.2631,1.1586,-0.2702,0.0,-0.0001,4.3762,-4.4157,7.4581,-7.4623,0.9756,-0.9654,-0.033299997448921204,0.033309999853372574,0.6771800518035889,-0.677730143070221,0.03929011896252632,-0.03497009724378586,0.0,0.0
1786168466.8452349,0.0111,-0.0111,0.1744,-0.1731,0.2999,-0.3013,1.1636,-0.2751,0.0,-0.0001,4.499,-4.5415,7.6274,-7.6336,0.9905,-0.9801,-0.033299997448921204,0.033309999853372574,0.5974000692367554,-0.5970500707626343,-0.09193990379571915,0.09675991535186768,0.0,0.0
1786168466.8507519,0.0111,-0.0111,0.1973,-0.1962,0.3385,-0.3399,1.1686,-0.28,0.0,-0.0001,4.5733,-4.6185,7.7068,-7.7151,0.9924,-0.9818,-0.033299997448921204,0.033309999853372574,0.5212700366973877,-0.5200499892234802,-0.21567989885807037,0.22070986032485962,0.0,0.0
1786168466.8568754,0.0111,-0.0111,0.2203,-0.2194,0.377,-0.3785,1.1735,-0.2849,0.0,-0.0001,4.6013,-4.6492,7.7009,-7.7115,0.9819,-0.9712,-0.033299997448921204,0.033309999853372574,0.44947004318237305,-0.4473801255226135,-0.3305899500846863,0.33614999055862427,0.0,0.0
1786168466.88439,0.0111,-0.0111,0.2432,-0.2426,0.4151,-0.4166,1.1783,-0.2896,0.0,-0.0001,4.5862,-4.6365,7.6157,-7.6285,0.9601,-0.9493,-0.033299997448921204,0.033309999853372574,0.38228005170822144,-0.3790501058101654,-0.436369925737381,0.4421498775482178,0.0,0.0
1786168466.8907702,0.0111,-0.0111,0.2659,-0.2656,0.4524,-0.454,1.1829,-0.2942,0.0,-0.0001,4.5313,-4.5838,7.4581,-7.4728,0.9278,-0.917,-0.033299997448921204,0.033309999853372574,0.3196701109409332,-0.31532010436058044,-0.5325099229812622,0.5387799143791199,0.0,0.0
1786168466.896274,0.0111,-0.0111,0.2881,-0.2881,0.4886,-0.4903,1.1874,-0.2986,0.0,0.0,4.4404,-4.4948,7.2353,-7.2518,0.8863,-0.8754,-0.033299997448921204,0.033299997448921204,0.262160062789917,-0.25672006607055664,-0.6188299059867859,0.6255799531936646,0.0,0.0
1786168466.901539,0.0111,-0.0111,0.3097,-0.3099,0.5234,-0.5252,1.1915,-0.3027,0.0,0.0,4.3173,-4.3732,6.9552,-6.9729,0.8368,-0.8259,-0.033299997448921204,0.033299997448921204,0.2096700519323349,-0.20348012447357178,-0.6952199935913086,0.7023899555206299,0.0,0.0
1786168466.9324975,0.0111,-0.0111,0.3305,-0.3311,0.5566,-0.5585,1.1955,-0.3066,0.0,0.0,4.1659,-4.2227,6.6251,-6.6436,0.7805,-0.7695,-0.033299997448921204,0.033299997448921204,0.16241003572940826,-0.15493009984493256,-0.7618098855018616,0.7693598866462708,0.0,0.0
1786168466.938586,0.0111,-0.0111,0.3505,-0.3513,0.5879,-0.5898,1.1991,-0.3101,0.0,0.0,3.9898,-4.0471,6.2525,-6.2711,0.7185,-0.7074,-0.033299997448921204,0.033299997448921204,0.12002011388540268,-0.11189006268978119,-0.818449854850769,0.8260099291801453,0.0,0.0
1786168466.9445224,0.0111,-0.0111,0.3695,-0.3706,0.6171,-0.6192,1.2023,-0.3133,0.0,0.0,3.7924,-3.8498,5.8441,-5.8623,0.6519,-0.6406,-0.033299997448921204,0.033299997448921204,0.0827600508928299,-0.07372011244297028,-0.8652099370956421,0.8733298778533936,0.0,0.0
1786168466.9761865,0.0111,-0.0111,0.3874,-0.3888,0.6442,-0.6463,1.2052,-0.3162,0.0,0.0,3.5771,-3.634,5.4064,-5.4236,0.5816,-0.5702,-0.033299997448921204,0.033299997448921204,0.050590068101882935,-0.04070008546113968,-0.9027400016784668,0.9107599854469299,0.0,0.0
1786168466.9826741,0.0111,-0.0111,0.4041,-0.4058,0.6689,-0.6712,1.2078,-0.3187,0.0,0.0,3.3468,-3.4028,4.9452,-4.9609,0.5086,-0.497,-0.033299997448921204,0.033299997448921204,0.02352006360888481,-0.012820023111999035,-0.9307199716567993,0.9391898512840271,0.0,0.0
1786168466.9891021,0.0111,-0.0111,0.4197,-0.4216,0.6913,-0.6936,1.21,-0.3208,0.0,0.0,3.1043,-3.159,4.4658,-4.4795,0.4336,-0.4218,-0.033299997448921204,0.033299997448921204,0.0009700834634713829,0.010199958458542824,-0.949979841709137,0.9582499265670776,0.0,0.0
1786168467.0137777,0.0111,-0.0111,0.4339,-0.4361,0.7112,-0.7135,1.2117,-0.3225,0.0,0.0,2.8521,-2.9051,3.9728,-3.9841,0.3574,-0.3454,-0.033299997448921204,0.033299997448921204,-0.01640990935266018,0.028309952467679977,-0.9603798985481262,0.9684100151062012,0.0,0.0
1786168467.0191264,0.0111,-0.0111,0.4469,-0.4493,0.7285,-0.7309,1.2132,-0.3239,0.0,0.0,2.5925,-2.6434,3.4707,-3.4791,0.2806,-0.2684,-0.033299997448921204,0.033299997448921204,-0.0294499509036541,0.04173989221453667,-0.9620699286460876,0.9701098799705505,0.0,0.0
1786168467.0240362,0.0111,-0.0111,0.4585,-0.4612,0.7434,-0.7458,1.2142,-0.3248,0.0,0.0,2.3275,-2.3761,2.9631,-2.9684,0.2038,-0.1912,-0.033299997448921204,0.033299997448921204,-0.03774992749094963,0.05070992559194565,-0.9560098648071289,0.9637399911880493,0.0,0.0
1786168467.0301757,0.0111,-0.0111,0.4688,-0.4718,0.7556,-0.7581,1.2148,-0.3254,0.0,0.0,2.0592,-2.1051,2.4534,-2.4554,0.1273,-0.1146,-0.033299997448921204,0.033299997448921204,-0.04181995242834091,0.05540991574525833,-0.9416398406028748,0.9493398666381836,0.0,0.0
1786168467.0540097,0.0111,-0.0111,0.4778,-0.4809,0.7654,-0.7678,1.2151,-0.3256,0.0,0.0,1.7893,-1.8324,1.9448,-1.9434,0.0516,-0.0387,-0.033299997448921204,0.033299997448921204,-0.04182995483279228,0.055439889430999756,-0.9201799035072327,0.9272398352622986,0.0,0.0
1786168467.059794,0.0111,-0.0111,0.4854,-0.4887,0.7726,-0.775,1.215,-0.3254,0.0,0.0,1.5194,-1.5596,1.44,-1.4351,-0.0228,0.0359,-0.033299997448921204,0.033299997448921204,-0.03763989731669426,0.0515599325299263,-0.8912999033927917,0.8980098366737366,0.0,0.0
1786168467.065964,0.0111,-0.0111,0.4917,-0.4952,0.7773,-0.7797,1.2145,-0.3249,0.0,0.0,1.2512,-1.2883,0.9417,-0.9332,-0.0958,0.109,-0.033299997448921204,0.033299997448921204,-0.029719900339841843,0.04392995312809944,-0.8555698990821838,0.8619198799133301,0.0,0.0
1786168467.0901492,0.0111,-0.0111,0.4966,-0.5003,0.7796,-0.7819,1.2136,-0.324,0.0,0.0,0.9861,-1.0201,0.4522,-0.4402,-0.1669,0.1803,-0.033299997448921204,0.033299997448921204,-0.017909932881593704,0.032409895211458206,-0.8135200142860413,0.8192198872566223,0.0,0.0
1786168467.0953813,0.0111,-0.0111,0.5003,-0.5042,0.7796,-0.7819,1.2125,-0.3228,0.0,0.0,0.7385,-0.7769,0.0,0.0,-0.2318,0.2428,-0.033299997448921204,0.033299997448921204,-0.00424989452585578,0.019789868965744972,-0.7682999968528748,0.7751998901367188,0.0,0.0
1786168467.10048,0.0111,-0.0111,0.5028,-0.5068,0.7774,-0.7797,1.211,-0.3213,0.0,0.0,0.5004,-0.5357,-0.4319,0.4348,-0.2933,0.3042,-0.033299997448921204,0.033299997448921204,0.01206011138856411,0.003469914197921753,-0.7185099720954895,0.7251198887825012,0.0,0.0
1786168467.1243968,0.0111,-0.0111,0.5041,-0.5084,0.7732,-0.7754,1.2093,-0.3194,0.0,0.0,0.2697,-0.3022,-0.8483,0.8538,-0.3522,0.363,-0.033299997448921204,0.033299997448921204,0.031230002641677856,-0.01508000772446394,-0.6642698645591736,0.6703198552131653,0.0,0.0
1786168467.1295297,0.0111,-0.0111,0.5044,-0.5087,0.7669,-0.7691,1.2072,-0.3173,0.0,0.0,0.0471,-0.0764,-1.2481,1.2567,-0.4084,0.4192,-0.033299997448921204,0.033299997448921204,0.052590031176805496,-0.036760035902261734,-0.6053899526596069,0.6111299395561218,0.0,0.0
1786168467.134899,0.0111,-0.0111,0.5036,-0.5081,0.7589,-0.761,1.2049,-0.315,0.0,0.0,-0.1525,0.1259,-1.6135,1.6247,-0.461,0.4718,-0.033299997448921204,0.033299997448921204,0.07495006918907166,-0.05879015475511551,-0.5448498725891113,0.5500298738479614,0.0,0.0
1786168467.1402843,0.0111,-0.0111,0.5019,-0.5065,0.7491,-0.7512,1.2024,-0.3124,0.0,0.0,-0.3417,0.3178,-1.9587,1.9724,-0.5105,0.5212,-0.033299997448921204,0.033299997448921204,0.09897002577781677,-0.08278005570173264,-0.48093003034591675,0.4858599901199341,0.0,0.0
1786168467.1645725,0.0111,-0.0111,0.4993,-0.504,0.7377,-0.7397,1.1996,-0.3095,0.0,0.0,-0.5195,0.4979,-2.282,2.2977,-0.5567,0.5673,-0.033299997448921204,0.033299997448921204,0.12455006688833237,-0.10829005390405655,-0.4143998622894287,0.4188299775123596,0.0,0.0
1786168467.1700063,0.0111,-0.0111,0.4959,-0.5007,0.7248,-0.7267,1.1966,-0.3065,0.0,0.0,-0.6851,0.6659,-2.5824,2.5998,-0.5995,0.6099,-0.033299997448921204,0.033299997448921204,0.1513100564479828,-0.13499008119106293,-0.34565988183021545,0.34961992502212524,0.0,0.0
1786168467.1756523,0.0111,-0.0111,0.4917,-0.4966,0.7105,-0.7123,1.1934,-0.3032,0.0,0.0,-0.8377,0.8206,-2.8582,2.8771,-0.6386,0.6488,-0.033299997448921204,0.033299997448921204,0.17917010188102722,-0.16276006400585175,-0.275179922580719,0.2786899209022522,0.0,0.0
1786168467.1990693,0.0111,-0.0111,0.4868,-0.4918,0.6949,-0.6967,1.19,-0.2998,0.0,0.0,-0.9763,0.9611,-3.1078,3.1277,-0.6738,0.6838,-0.033299997448921204,0.033299997448921204,0.20773011445999146,-0.1912100464105606,-0.20341984927654266,0.20682984590530396,0.0,0.0
1786168467.2043142,0.0111,-0.0111,0.4813,-0.4864,0.6783,-0.6799,1.1865,-0.2963,0.0,0.0,-1.1,1.0865,-3.3296,3.3503,-0.705,0.7147,-0.033299997448921204,0.033299997448921204,0.2366000860929489,-0.21995005011558533,-0.13143998384475708,0.13416989147663116,0.0,0.0
1786168467.2100587,0.0111,-0.0111,0.4753,-0.4804,0.6607,-0.6622,1.1828,-0.2925,0.0,0.0,-1.208,1.196,-3.5222,3.5434,-0.7319,0.7412,-0.033299997448921204,0.033299997448921204,0.2654000222682953,-0.24890008568763733,-0.05937998369336128,0.061759840697050095,0.0,0.0
1786168467.2353776,0.0111,-0.0111,0.4688,-0.474,0.6423,-0.6437,1.1791,-0.2887,0.0,0.0,-1.2995,1.2889,-3.6842,3.7057,-0.7543,0.7633,-0.033299997448921204,0.033299997448921204,0.29405003786087036,-0.2773900628089905,0.0120200514793396,-0.00997005682438612,0.0,0.0
1786168467.2397842,0.0111,-0.0111,0.4619,-0.4671,0.6232,-0.6245,1.1752,-0.2848,0.0,0.0,-1.3741,1.3646,-3.8145,3.836,-0.7721,0.7807,-0.033299997448921204,0.033299997448921204,0.32221007347106934,-0.30566009879112244,0.08235009014606476,-0.08060014247894287,0.0,0.0
1786168467.2467465,0.0111,-0.0111,0.4548,-0.46,0.6037,-0.6049,1.1713,-0.2809,0.0,0.0,-1.4312,1.4226,-3.9124,3.9335,-0.7852,0.7933,-0.033299997448921204,0.033299997448921204,0.34922003746032715,-0.3327600657939911,0.15064013004302979,-0.1491500735282898,0.0,0.0
1786168467.2502525,0.0111,-0.0111,0.4474,-0.4527,0.5838,-0.5849,1.1673,-0.2769,0.0,0.0,-1.4704,1.4627,-3.977,3.9975,-0.7933,0.801,-0.033299997448921204,0.033299997448921204,0.375340074300766,-0.35867011547088623,0.2168000191450119,-0.2155500054359436,0.0,0.0
1786168467.2747722,0.0111,-0.0111,0.44,-0.4453,0.5637,-0.5647,1.1633,-0.2728,0.0,0.0,-1.4917,1.4845,-4.0079,4.0277,-0.7965,0.8038,-0.033299997448921204,0.033299997448921204,0.3996700942516327,-0.3830500543117523,0.28019005060195923,-0.27917003631591797,0.0,0.0
1786168467.280513,0.0111,-0.0111,0.4325,-0.4379,0.5437,-0.5446,1.1594,-0.2688,0.0,0.0,-1.4949,1.4883,-4.0051,4.0241,-0.7947,0.8016,-0.033299997448921204,0.033299997448921204,0.42249006032943726,-0.40563005208969116,0.3399101197719574,-0.33911001682281494,0.0,0.0
1786168467.285631,0.0111,-0.0111,0.4251,-0.4305,0.5239,-0.5247,1.1554,-0.2649,0.0,0.0,-1.4803,1.4741,-3.9688,3.9869,-0.788,0.7944,-0.033299997448921204,0.033299997448921204,0.4432300627231598,-0.42641007900238037,0.39568015933036804,-0.39509013295173645,0.0,0.0
1786168467.3099174,0.0111,-0.0111,0.4179,-0.4233,0.5044,-0.5051,1.1515,-0.261,0.0,0.0,-1.4483,1.4424,-3.8996,3.9166,-0.7764,0.7824,-0.033299997448921204,0.033299997448921204,0.46163007616996765,-0.44484007358551025,0.4472600221633911,-0.44686004519462585,0.0,0.0
1786168467.3155959,0.0111,-0.0111,0.4109,-0.4163,0.4854,-0.4861,1.1477,-0.2571,0.0,0.0,-1.3993,1.3938,-3.7984,3.8145,-0.76,0.7655,-0.033299997448921204,0.033299997448921204,0.4777300953865051,-0.460980087518692,0.494140088558197,-0.4936501085758209,0.0,0.0
1786168467.3204951,0.0111,-0.0111,0.4042,-0.4097,0.4671,-0.4677,1.144,-0.2534,0.0,0.0,-1.3343,1.329,-3.6667,3.6819,-0.739,0.7442,-0.033299997448921204,0.033299997448921204,0.4913301169872284,-0.4743000566959381,0.5358700752258301,-0.5355900526046753,0.0,0.0
1786168467.3444033,0.0111,-0.0111,0.3979,-0.4034,0.4496,-0.4501,1.1405,-0.2498,0.0,0.0,-1.2542,1.2491,-3.5062,3.5204,-0.7137,0.7185,-0.033299997448921204,0.033299997448921204,0.502220094203949,-0.4852100610733032,0.5723200440406799,-0.5722400546073914,0.0,0.0
1786168467.3497076,0.0111,-0.0111,0.3921,-0.3977,0.433,-0.4334,1.1371,-0.2464,0.0,0.0,-1.16,1.1553,-3.3189,3.3323,-0.6844,0.6888,-0.033299997448921204,0.033299997448921204,0.510200023651123,-0.4929300546646118,0.603390097618103,-0.6035300493240356,0.0,0.0
1786168467.3549013,0.0111,-0.0111,0.3869,-0.3924,0.4175,-0.4178,1.1338,-0.2431,0.0,0.0,-1.0532,1.0488,-3.1073,3.1199,-0.6513,0.6554,-0.033299997448921204,0.033299997448921204,0.5151200294494629,-0.498180091381073,0.6287301182746887,-0.6290900707244873,0.0,0.0
1786168467.3601956,0.0111,-0.0111,0.3822,-0.3878,0.4031,-0.4034,1.1307,-0.24,0.0,-0.0001,-0.9352,0.931,-2.8739,2.8858,-0.6149,0.6187,-0.033299997448921204,0.033309999853372574,0.5174200534820557,-0.5002000331878662,0.6485900282859802,-0.6488800644874573,0.0,0.0
1786168467.3867102,0.0111,-0.0111,0.3782,-0.3838,0.39,-0.3902,1.1279,-0.2371,0.0,-0.0001,-0.8075,0.8037,-2.6216,2.633,-0.5756,0.5791,-0.033299997448921204,0.033309999853372574,0.5166500806808472,-0.4994700849056244,0.6626601219177246,-0.6632000803947449,0.0,0.0
1786168467.3918023,0.0111,-0.0111,0.3748,-0.3804,0.3782,-0.3784,1.1252,-0.2344,0.0,-0.0001,-0.6719,0.6685,-2.3536,2.3644,-0.5338,0.537,-0.033299997448921204,0.033309999853372574,0.5132901072502136,-0.49615007638931274,0.6712601184844971,-0.6717400550842285,0.0,0.0
1786168467.3972163,0.0111,-0.0111,0.3721,-0.3778,0.3679,-0.368,1.1227,-0.232,0.0,0.0,-0.5301,0.5271,-2.0729,2.0834,-0.49,0.4929,-0.033299997448921204,0.033299997448921204,0.5072100758552551,-0.48981010913848877,0.6740900278091431,-0.6748400926589966,0.0,0.0
1786168467.421467,0.0111,-0.0111,0.3702,-0.3759,0.359,-0.3591,1.1205,-0.2297,0.0,0.0,-0.3838,0.3812,-1.7829,1.7931,-0.4446,0.4473,-0.033299997448921204,0.033299997448921204,0.49828004837036133,-0.48092007637023926,0.6717900633811951,-0.672510027885437,0.0,0.0
1786168467.4264905,0.0111,-0.0111,0.3691,-0.3747,0.3515,-0.3516,1.1185,-0.2277,0.0,-0.0001,-0.2348,0.2327,-1.4868,1.4968,-0.3982,0.4006,-0.033299997448921204,0.033309999853372574,0.4866800606250763,-0.46967005729675293,0.6646800637245178,-0.6653801202774048,0.0,0.0
1786168467.4312968,0.0111,-0.0111,0.3686,-0.3743,0.3456,-0.3456,1.1168,-0.226,0.0,0.0,-0.0848,0.0833,-1.188,1.1978,-0.3512,0.3534,-0.033299997448921204,0.033299997448921204,0.47318005561828613,-0.45593005418777466,0.6525000333786011,-0.653480052947998,0.0,0.0
1786168467.4563563,0.0111,-0.0111,0.3689,-0.3745,0.341,-0.341,1.1152,-0.2244,0.0,0.0,0.0496,-0.0503,-0.9089,0.9186,-0.3054,0.3074,-0.033299997448921204,0.033299997448921204,0.4588400721549988,-0.4419700503349304,0.6383901238441467,-0.6393601298332214,0.0,0.0
1786168467.4610012,0.0111,-0.0111,0.3698,-0.3754,0.3379,-0.3378,1.1139,-0.2231,0.0,-0.0001,0.1815,-0.1814,-0.6332,0.6428,-0.26,0.2617,-0.033299997448921204,0.033309999853372574,0.4429500699043274,-0.42616006731987,0.6201200485229492,-0.621380090713501,0.0,0.0
1786168467.466914,0.0111,-0.0111,0.3713,-0.377,0.3361,-0.3359,1.1129,-0.222,0.0,-0.0001,0.3095,-0.3086,-0.3639,0.3734,-0.2154,0.2167,-0.033299997448921204,0.033309999853372574,0.425650030374527,-0.408640056848526,0.5985900163650513,-0.6001400351524353,0.0,0.0
1786168467.472154,0.0111,-0.0111,0.3735,-0.3791,0.3356,-0.3354,1.112,-0.2212,0.0,-0.0001,0.4327,-0.431,-0.1023,0.1116,-0.1716,0.1726,-0.033299997448921204,0.033309999853372574,0.40673011541366577,-0.3901000916957855,0.5739300847053528,-0.5754601359367371,0.0,0.0
1786168467.4973502,0.0111,-0.0111,0.3762,-0.3818,0.3361,-0.3359,1.1113,-0.2205,0.0,0.0,0.5306,-0.5281,0.1098,-0.1006,-0.1355,0.1362,-0.033299997448921204,0.033299997448921204,0.38884010910987854,-0.37229007482528687,0.5512200593948364,-0.5527400374412537,0.0,0.0
1786168467.502242,0.0111,-0.0111,0.3793,-0.3849,0.3376,-0.3374,1.1108,-0.22,0.0,0.0,0.6214,-0.618,0.3098,-0.3008,-0.101,0.1014,-0.033299997448921204,0.033299997448921204,0.3704600930213928,-0.354000061750412,0.5267201066017151,-0.5282201170921326,0.0,0.0
1786168467.507568,0.0111,-0.0111,0.3828,-0.3884,0.3401,-0.3398,1.1105,-0.2196,0.0,0.0,0.7041,-0.7,0.4958,-0.4872,-0.0684,0.0683,-0.033299997448921204,0.033299997448921204,0.35169002413749695,-0.33530011773109436,0.5006201267242432,-0.5023800730705261,0.0,0.0
1786168467.5318718,0.0111,-0.0111,0.3867,-0.3923,0.3435,-0.3431,1.1103,-0.2194,0.0,0.0,0.7792,-0.7742,0.6686,-0.6604,-0.0375,0.0371,-0.033299997448921204,0.033299997448921204,0.3324800729751587,-0.3161800503730774,0.4731401205062866,-0.47516003251075745,0.0,0.0
1786168467.5373137,0.0111,-0.0111,0.3909,-0.3965,0.3476,-0.3472,1.1102,-0.2194,0.0,0.0,0.846,-0.8402,0.8271,-0.8192,-0.0085,0.0077,-0.033299997448921204,0.033299997448921204,0.31320011615753174,-0.2969801127910614,0.44499003887176514,-0.4469800591468811,0.0,0.0
1786168467.5427606,0.0111,-0.0111,0.3954,-0.401,0.3525,-0.352,1.1103,-0.2195,0.0,0.0,0.9042,-0.8976,0.9704,-0.9631,0.0184,-0.0197,-0.033299997448921204,0.033299997448921204,0.2938801050186157,-0.27774009108543396,0.4159601032733917,-0.4181900918483734,0.0,0.0
1786168467.5671256,0.0111,-0.0111,0.4002,-0.4057,0.3579,-0.3575,1.1106,-0.2197,0.0,0.0,0.9532,-0.9459,1.0977,-1.0912,0.0432,-0.0449,-0.033299997448921204,0.033299997448921204,0.27458006143569946,-0.2588100731372833,0.38703009486198425,-0.3888801038265228,0.0,0.0
1786168467.5722883,0.0111,-0.0111,0.4052,-0.4106,0.364,-0.3635,1.1109,-0.2201,0.0,0.0,0.993,-0.9849,1.2087,-1.2029,0.0657,-0.0679,-0.033299997448921204,0.033299997448921204,0.25560006499290466,-0.24021005630493164,0.3576301038265228,-0.35971006751060486,0.0,0.0
1786168467.577992,0.0111,-0.0111,0.4103,-0.4157,0.3705,-0.37,1.1113,-0.2205,0.0,0.0,1.0232,-1.0144,1.3029,-1.298,0.086,-0.0887,-0.033299997448921204,0.033299997448921204,0.23728011548519135,-0.22196011245250702,0.32871007919311523,-0.3307000696659088,0.0,0.0
1786168467.5830963,0.0111,-0.0111,0.4155,-0.4209,0.3774,-0.3769,1.1118,-0.2211,0.0,0.0,1.0439,-1.0344,1.3804,-1.3763,0.1039,-0.1071,-0.033299997448921204,0.033299997448921204,0.21961012482643127,-0.20436011254787445,0.3002600371837616,-0.30217012763023376,0.0,0.0
1786168467.6072521,0.0111,-0.0111,0.4208,-0.4261,0.3846,-0.3841,1.1124,-0.2217,0.0,0.0,1.0551,-1.0449,1.4409,-1.4378,0.1196,-0.1233,-0.033299997448921204,0.033299997448921204,0.20259007811546326,-0.18771012127399445,0.27261003851890564,-0.2744201123714447,0.0,0.0
1786168467.61188,0.0111,-0.0111,0.4261,-0.4313,0.392,-0.3915,1.1131,-0.2224,0.0,0.0,1.0568,-1.046,1.4849,-1.4829,0.1329,-0.1372,-0.033299997448921204,0.033299997448921204,0.18652011454105377,-0.17200003564357758,0.24601010978221893,-0.24771007895469666,0.0,0.0
1786168467.6168869,0.0111,-0.0111,0.4313,-0.4365,0.3996,-0.399,1.1138,-0.2231,0.0,0.0,1.0495,-1.0379,1.5127,-1.5117,0.1441,-0.1489,-0.033299997448921204,0.033299997448921204,0.17165003716945648,-0.15721003711223602,0.22043007612228394,-0.22233010828495026,0.0,0.0
1786168467.6420982,0.0111,-0.0111,0.4365,-0.4416,0.4072,-0.4067,1.1146,-0.2239,0.0,0.0,1.0332,-1.021,1.5248,-1.5249,0.153,-0.1585,-0.033299997448921204,0.033299997448921204,0.15768003463745117,-0.14360009133815765,0.19642005860805511,-0.1979101300239563,0.0,0.0
1786168467.647471,0.0111,-0.0111,0.4415,-0.4466,0.4148,-0.4143,1.1154,-0.2247,0.0,0.0,1.0085,-0.9956,1.522,-1.5232,0.16,-0.166,-0.033299997448921204,0.033299997448921204,0.1451500505208969,-0.1311401128768921,0.17390011250972748,-0.17528009414672852,0.0,0.0
1786168467.6530318,0.0111,-0.0111,0.4464,-0.4514,0.4224,-0.4218,1.1162,-0.2256,0.0,0.0,0.9758,-0.9622,1.5049,-1.5074,0.1649,-0.1715,-0.033299997448921204,0.033299997448921204,0.13372011482715607,-0.12008003890514374,0.15281008183956146,-0.1543601155281067,0.0,0.0
1786168467.6768484,0.0111,-0.0111,0.4511,-0.456,0.4297,-0.4292,1.1171,-0.2265,0.0,0.0,0.9355,-0.9213,1.4744,-1.4781,0.168,-0.1753,-0.033299997448921204,0.033299997448921204,0.12365009635686874,-0.11037007719278336,0.13396011292934418,-0.13509009778499603,0.0,0.0
1786168467.6823287,0.0111,-0.0111,0.4555,-0.4604,0.4369,-0.4364,1.1179,-0.2273,0.0,0.0,0.8882,-0.8733,1.4316,-1.4365,0.1695,-0.1773,-0.033299997448921204,0.033299997448921204,0.11518006026744843,-0.1019701212644577,0.116640105843544,-0.1176500916481018,0.0,0.0
1786168467.6882856,0.0111,-0.0111,0.4597,-0.4645,0.4438,-0.4433,1.1187,-0.2282,0.0,0.0,0.8345,-0.819,1.3774,-1.3835,0.1693,-0.1777,-0.033299997448921204,0.033299997448921204,0.1079501062631607,-0.0951000452041626,0.10136006772518158,-0.10225005447864532,0.0,0.0
1786168467.6933677,0.0111,-0.0111,0.4636,-0.4683,0.4503,-0.4499,1.1196,-0.2291,0.0,0.0,0.7751,-0.7589,1.3128,-1.3201,0.1677,-0.1767,-0.033299997448921204,0.033299997448921204,0.1021900475025177,-0.08971003443002701,0.0883200466632843,-0.08879007399082184,0.0,0.0
1786168467.7182155,0.0111,-0.0111,0.4672,-0.4718,0.4565,-0.4561,1.1204,-0.23,0.0,0.0,0.7104,-0.6935,1.2391,-1.2476,0.1648,-0.1745,-0.033299997448921204,0.033299997448921204,0.09786004573106766,-0.08575008064508438,0.07709009945392609,-0.07744012027978897,0.0,0.0
1786168467.7234175,0.0111,-0.0111,0.4704,-0.4749,0.4623,-0.462,1.1212,-0.2308,0.0,0.0,0.6413,-0.6237,1.1573,-1.1669,0.1608,-0.171,-0.033299997448921204,0.033299997448921204,0.09517005831003189,-0.08343005180358887,0.06787006556987762,-0.06781003624200821,0.0,0.0
1786168467.7289755,0.0111,-0.0111,0.4732,-0.4776,0.4677,-0.4674,1.122,-0.2317,0.0,0.0,0.5683,-0.5501,1.0686,-1.0793,0.1559,-0.1667,-0.033299997448921204,0.033299997448921204,0.09407009184360504,-0.0826900452375412,0.060540057718753815,-0.060370028018951416,0.0,0.0
1786168467.7526948,0.0111,-0.0111,0.4757,-0.48,0.4725,-0.4723,1.1227,-0.2325,0.0,0.0,0.4922,-0.4733,0.9742,-0.986,0.1501,-0.1614,-0.033299997448921204,0.033299997448921204,0.09418010711669922,-0.08317010849714279,0.05558008700609207,-0.055000096559524536,0.0,0.0
1786168467.757796,0.0111,-0.0111,0.4777,-0.482,0.4769,-0.4767,1.1235,-0.2333,0.0,0.0,0.4135,-0.394,0.8751,-0.8879,0.1437,-0.1555,-0.033299997448921204,0.033299997448921204,0.09605009108781815,-0.08510009944438934,0.052290040999650955,-0.05161005258560181,0.0,0.0
1786168467.7632892,0.0111,-0.0111,0.4794,-0.4835,0.4808,-0.4807,1.1241,-0.234,0.0,0.0,0.3331,-0.3129,0.7725,-0.7863,0.1367,-0.1491,-0.033299997448921204,0.033299997448921204,0.0989900529384613,-0.08871006220579147,0.050850071012973785,-0.04977011680603027,0.0,0.0
1786168467.787527,0.0111,-0.0111,0.4807,-0.4847,0.4841,-0.4841,1.1248,-0.2347,0.0,0.0,0.2514,-0.2306,0.6676,-0.6823,0.1293,-0.1422,-0.033299997448921204,0.033299997448921204,0.1032601147890091,-0.09334009140729904,0.0514400377869606,-0.04997003823518753,0.0,0.0
1786168467.7924497,0.0111,-0.0111,0.4815,-0.4854,0.4869,-0.487,1.1254,-0.2354,0.0,0.0,0.1692,-0.1478,0.5614,-0.577,0.1217,-0.1351,-0.033299997448921204,0.033299997448921204,0.10908007621765137,-0.09952010214328766,0.0536600723862648,-0.05180010944604874,0.0,0.0
1786168467.7981126,0.0111,-0.0111,0.482,-0.4858,0.4892,-0.4893,1.126,-0.236,0.0,0.0,0.087,-0.065,0.4548,-0.4713,0.114,-0.1279,-0.033299997448921204,0.033299997448921204,0.11580009758472443,-0.1066000834107399,0.05742008611559868,-0.05547003820538521,0.0,0.0
1786168467.8033068,0.0111,-0.0111,0.482,-0.4858,0.4909,-0.4913,1.1265,-0.2366,0.0,0.0,0.0,0.0,0.3419,-0.3878,0.1059,-0.1221,-0.033299997448921204,0.033299997448921204,0.1245000958442688,-0.1131000816822052,0.06361004710197449,-0.057820115238428116,0.0,0.0
1786168467.8289294,0.0111,-0.0111,0.4816,-0.4854,0.4922,-0.4928,1.127,-0.2372,0.0,0.0,-0.0658,0.0662,0.2562,-0.3029,0.0996,-0.1162,-0.033299997448921204,0.033299997448921204,0.1322801113128662,-0.1209200993180275,0.06828011572360992,-0.06181008368730545,0.0,0.0
1786168467.8365057,0.0111,-0.0111,0.481,-0.4848,0.4931,-0.4939,1.1275,-0.2378,0.0,0.0,-0.13,0.1307,0.173,-0.2204,0.0936,-0.1105,-0.033299997448921204,0.033299997448921204,0.1405000537633896,-0.12917004525661469,0.07390011101961136,-0.06676007062196732,0.0,0.0
1786168467.8392832,0.0111,-0.0111,0.48,-0.4838,0.4935,-0.4946,1.1279,-0.2383,0.0,0.0,-0.1917,0.1937,0.0935,-0.1398,0.088,-0.105,-0.033299997448921204,0.033299997448921204,0.14967010915279388,-0.1384700983762741,0.08065009117126465,-0.07272008061408997,0.0,0.0
1786168467.8623924,0.0111,-0.0111,0.4787,-0.4825,0.4935,-0.4949,1.1283,-0.2388,0.0,0.0,-0.2597,0.2547,0.0,-0.0621,0.0799,-0.0997,-0.033299997448921204,0.033299997448921204,0.16037003695964813,-0.14847011864185333,0.09000009298324585,-0.07959011197090149,0.0,0.0
1786168467.867476,0.0111,-0.0111,0.4772,-0.481,0.4933,-0.4949,1.1287,-0.2393,0.0,0.0,-0.2985,0.3075,-0.0353,0.0,0.081,-0.0968,-0.033299997448921204,0.033299997448921204,0.1687500774860382,-0.15825006365776062,0.09413010627031326,-0.08580011129379272,0.0,0.0
1786168467.8733835,0.0111,-0.0111,0.4755,-0.4793,0.493,-0.4947,1.1291,-0.2398,0.0,0.0,-0.3345,0.3451,-0.0663,0.0329,0.0826,-0.0983,-0.033299997448921204,0.033299997448921204,0.17745012044906616,-0.16711010038852692,0.09813007712364197,-0.08969002962112427,0.0,0.0
1786168467.8978436,0.0111,-0.0111,0.4737,-0.4774,0.4926,-0.4944,1.1295,-0.2403,0.0,0.0,-0.3671,0.3798,-0.0918,0.0613,0.0849,-0.1003,-0.033299997448921204,0.033299997448921204,0.18611010909080505,-0.17628006637096405,0.10188009589910507,-0.09343009442090988,0.0,0.0
1786168467.9029624,0.0111,-0.0111,0.4717,-0.4753,0.492,-0.494,1.13,-0.2408,0.0,0.0,-0.3975,0.4116,-0.1142,0.0855,0.0874,-0.1027,-0.033299997448921204,0.033299997448921204,0.19515003263950348,-0.185760036110878,0.10592003166675568,-0.09705011546611786,0.0,0.0
1786168467.9087763,0.0111,-0.0111,0.4696,-0.4731,0.4913,-0.4935,1.1304,-0.2413,0.0,0.0,-0.4256,0.4412,-0.1333,0.1065,0.0903,-0.1055,-0.033299997448921204,0.033299997448921204,0.20426009595394135,-0.19532005488872528,0.1099301129579544,-0.10065009444952011,0.0,0.0
1786168467.9135315,0.0111,-0.0111,0.4673,-0.4707,0.4906,-0.4928,1.1309,-0.2419,0.0,0.0,-0.4515,0.4685,-0.1493,0.1244,0.0934,-0.1085,-0.033299997448921204,0.033299997448921204,0.21375007927417755,-0.205250084400177,0.11363010853528976,-0.10454007983207703,0.0,0.0
1786168467.9391139,0.0111,-0.0111,0.465,-0.4683,0.4898,-0.4921,1.1314,-0.2424,0.0,0.0,-0.475,0.4934,-0.162,0.139,0.0968,-0.1117,-0.033299997448921204,0.033299997448921204,0.22300006449222565,-0.21494002640247345,0.11730005592107773,-0.10810007154941559,0.0,0.0
1786168467.9440618,0.0111,-0.0111,0.4625,-0.4657,0.4889,-0.4914,1.1319,-0.243,0.0,0.0,-0.4961,0.5159,-0.1714,0.1503,0.1006,-0.1153,-0.033299997448921204,0.033299997448921204,0.2326100617647171,-0.22499006986618042,0.12094005942344666,-0.1113300621509552,0.0,0.0
1786168467.9495523,0.0111,-0.0111,0.4599,-0.463,0.488,-0.4906,1.1324,-0.2436,0.0,0.0,-0.5149,0.5359,-0.1774,0.1583,0.1046,-0.1191,-0.033299997448921204,0.033299997448921204,0.24229010939598083,-0.23509007692337036,0.12424005568027496,-0.11453010886907578,0.0,0.0
1786168467.9743721,0.0111,-0.0111,0.4572,-0.4602,0.4871,-0.4898,1.133,-0.2442,0.0,0.0,-0.5313,0.5535,-0.1802,0.1629,0.1089,-0.1232,-0.033299997448921204,0.033299997448921204,0.2520301043987274,-0.24525004625320435,0.1272200644016266,-0.11739005893468857,0.0,0.0
1786168467.980015,0.0111,-0.0111,0.4545,-0.4574,0.4862,-0.489,1.1335,-0.2448,0.0,0.0,-0.5453,0.5686,-0.1796,0.1642,0.1135,-0.1276,-0.033299997448921204,0.033299997448921204,0.2615301012992859,-0.2551600933074951,0.129860058426857,-0.11992009729146957,0.0,0.0
1786168467.9850497,0.0111,-0.0111,0.4517,-0.4545,0.4853,-0.4882,1.1341,-0.2455,0.0,0.0,-0.5569,0.5812,-0.1758,0.1623,0.1184,-0.1322,-0.033299997448921204,0.033299997448921204,0.2710900604724884,-0.26512011885643005,0.13218006491661072,-0.12213005125522614,0.0,0.0
1786168468.0133162,0.0111,-0.0111,0.4489,-0.4515,0.4845,-0.4874,1.1347,-0.2462,0.0,0.0,-0.5662,0.5915,-0.1689,0.1573,0.1236,-0.1371,-0.033299997448921204,0.033299997448921204,0.2804200351238251,-0.2751500904560089,0.13389010727405548,-0.12403009086847305,0.0,0.0
1786168468.0160983,0.0111,-0.0111,0.446,-0.4485,0.4837,-0.4866,1.1354,-0.2469,0.0,0.0,-0.5732,0.5995,-0.159,0.1493,0.1289,-0.1422,-0.033299997448921204,0.033299997448921204,0.2898200452327728,-0.28495004773139954,0.13530005514621735,-0.12563003599643707,0.0,0.0
1786168468.0222955,0.0111,-0.0111,0.4431,-0.4455,0.483,-0.4859,1.1361,-0.2476,0.0,0.0,-0.5781,0.6052,-0.1463,0.1384,0.1345,-0.1474,-0.033299997448921204,0.033299997448921204,0.2990100681781769,-0.2945201098918915,0.13613004982471466,-0.12664003670215607,0.0,0.0
1786168468.026547,0.0111,-0.0111,0.4402,-0.4425,0.4823,-0.4853,1.1368,-0.2484,0.0,0.0,-0.5809,0.6086,-0.1311,0.1248,0.1402,-0.1529,-0.033299997448921204,0.033299997448921204,0.30799007415771484,-0.3038600981235504,0.1367100328207016,-0.1270800679922104,0.0,0.0
1786168468.051047,0.0111,-0.0111,0.4373,-0.4394,0.4818,-0.4848,1.1375,-0.2492,0.0,0.0,-0.5817,0.61,-0.1133,0.1085,0.1461,-0.1584,-0.033299997448921204,0.033299997448921204,0.316770076751709,-0.31330010294914246,0.13643009960651398,-0.12695004045963287,0.0,0.0
1786168468.0559027,0.0111,-0.0111,0.4344,-0.4364,0.4813,-0.4843,1.1382,-0.25,0.0,0.0,-0.5806,0.6093,-0.0935,0.09,0.152,-0.1641,-0.033299997448921204,0.033299997448921204,0.32536008954048157,-0.32223010063171387,0.13595008850097656,-0.12660011649131775,0.0,0.0
1786168468.061735,0.0111,-0.0111,0.4315,-0.4333,0.4809,-0.484,1.139,-0.2509,0.0,0.0,-0.5777,0.6068,-0.0715,0.0694,0.1581,-0.1699,-0.033299997448921204,0.033299997448921204,0.33377012610435486,-0.3312801122665405,0.13495010137557983,-0.1254400908946991,0.0,0.0
1786168468.0851076,0.0111,-0.0111,0.4286,-0.4303,0.4807,-0.4837,1.1399,-0.2517,0.0,0.0,-0.5733,0.6026,-0.048,0.047,0.1641,-0.1756,-0.033299997448921204,0.033299997448921204,0.34203004837036133,-0.33986008167266846,0.13320012390613556,-0.12410005182027817,0.0,0.0
1786168468.09001,0.0111,-0.0111,0.4259,-0.4274,0.4807,-0.4837,1.1407,-0.2527,0.0,0.0,-0.5561,0.5854,0.0,0.0,0.1739,-0.1851,-0.033299997448921204,0.033299997448921204,0.348410040140152,-0.3468400835990906,0.12840011715888977,-0.11940005421638489,0.0,0.0
1786168468.0946558,0.0111,-0.0111,0.4231,-0.4244,0.4807,-0.4837,1.1416,-0.2536,0.0,0.0,-0.5617,0.5906,0.0,0.0,0.1757,-0.1868,-0.033299997448921204,0.033299997448921204,0.3573700785636902,-0.3563600778579712,0.12840011715888977,-0.11940005421638489,0.0,0.0
1786168468.1183517,0.0111,-0.0111,0.4202,-0.4215,0.4807,-0.4837,1.1425,-0.2545,0.0,0.0,-0.5666,0.5949,0.0,0.0,0.1772,-0.1882,-0.033299997448921204,0.033299997448921204,0.36656010150909424,-0.3654900789260864,0.12840011715888977,-0.11940005421638489,0.0,0.0
1786168468.124027,0.0111,-0.0111,0.4174,-0.4185,0.4807,-0.4837,1.1434,-0.2555,0.0,0.0,-0.5708,0.5985,0.0,0.0,0.1786,-0.1893,-0.033299997448921204,0.033299997448921204,0.3753800690174103,-0.3748500645160675,0.12840011715888977,-0.11940005421638489,0.0,0.0
1786168468.1294234,0.0111,-0.0111,0.4145,-0.4155,0.4807,-0.4837,1.1443,-0.2564,0.0,0.0,-0.5741,0.6012,0.0,0.0,0.1797,-0.1902,-0.033299997448921204,0.033299997448921204,0.3844100832939148,-0.3841201066970825,0.12840011715888977,-0.11940005421638489,0.0,0.0
1786168468.1346054,0.0111,-0.0111,0.4116,-0.4124,0.4807,-0.4837,1.1452,-0.2574,0.0,0.0,-0.5767,0.603,0.0,0.0,0.1805,-0.1908,-0.033299997448921204,0.033299997448921204,0.3933700919151306,-0.3936000466346741,0.12840011715888977,-0.11940005421638489,0.0,0.0
1786168468.1589143,0.0111,-0.0111,0.4087,-0.4094,0.4807,-0.4837,1.1461,-0.2584,0.0,0.0,-0.5784,0.604,0.0,0.0,0.1811,-0.1912,-0.033299997448921204,0.033299997448921204,0.4022400975227356,-0.40270012617111206,0.12840011715888977,-0.11940005421638489,0.0,0.0
1786168468.164153,0.0111,-0.0111,0.4058,-0.4064,0.4807,-0.4837,1.147,-0.2593,0.0,0.0,-0.5793,0.6041,0.0,0.0,0.1814,-0.1912,-0.033299997448921204,0.033299997448921204,0.41103002429008484,-0.41171008348464966,0.12840011715888977,-0.11940005421638489,0.0,0.0
1786168468.1700046,0.0111,-0.0111,0.4029,-0.4034,0.4807,-0.4837,1.1479,-0.2603,0.0,0.0,-0.5794,0.6034,0.0,0.0,0.1814,-0.191,-0.033299997448921204,0.033299997448921204,0.41974005103111267,-0.4206400513648987,0.12840011715888977,-0.11940005421638489,0.0,0.0
1786168468.1940742,0.0111,-0.0111,0.4,-0.4004,0.4807,-0.4837,1.1488,-0.2612,0.0,0.0,-0.5787,0.6017,0.0,0.0,0.1812,-0.1905,-0.033299997448921204,0.033299997448921204,0.42837005853652954,-0.429470032453537,0.12840011715888977,-0.11940005421638489,0.0,0.0
1786168468.1993055,0.0111,-0.0111,0.3971,-0.3974,0.4807,-0.4837,1.1497,-0.2622,0.0,0.0,-0.5772,0.5993,0.0,0.0,0.1808,-0.1898,-0.033299997448921204,0.033299997448921204,0.43692007660865784,-0.43823009729385376,0.12840011715888977,-0.11940005421638489,0.0,0.0
1786168468.2046797,0.0111,-0.0111,0.3942,-0.3944,0.4807,-0.4837,1.1506,-0.2631,0.0,0.0,-0.5749,0.596,0.0,0.0,0.18,-0.1888,-0.033299997448921204,0.033299997448921204,0.44539007544517517,-0.44690006971359253,0.12840011715888977,-0.11940005421638489,0.0,0.0
1786168468.228227,0.0111,-0.0111,0.3914,-0.3914,0.4807,-0.4837,1.1515,-0.264,0.0,0.0,-0.5718,0.5918,0.0,0.0,0.1791,-0.1875,-0.033299997448921204,0.033299997448921204,0.4534800350666046,-0.45548003911972046,0.12840011715888977,-0.11940005421638489,0.0,0.0
1786168468.2338817,0.0111,-0.0111,0.3885,-0.3885,0.4807,-0.4837,1.1524,-0.265,0.0,0.0,-0.5678,0.5868,0.0,0.0,0.1779,-0.1859,-0.033299997448921204,0.033299997448921204,0.4617800712585449,-0.46368005871772766,0.12840011715888977,-0.11940005421638489,0.0,0.0
1786168468.2392294,0.0111,-0.0111,0.3857,-0.3856,0.4807,-0.4837,1.1533,-0.2659,0.0,0.0,-0.5631,0.581,0.0,0.0,0.1764,-0.1841,-0.033299997448921204,0.033299997448921204,0.469710111618042,-0.4718000590801239,0.12840011715888977,-0.11940005421638489,0.0,0.0
1786168468.2445643,0.0111,-0.0111,0.3829,-0.3827,0.4807,-0.4837,1.1541,-0.2668,0.0,0.0,-0.5577,0.5744,0.0,0.0,0.1747,-0.1821,-0.033299997448921204,0.033299997448921204,0.4775700867176056,-0.47984009981155396,0.12840011715888977,-0.11940005421638489,0.0,0.0
1786168468.2690248,0.0111,-0.0111,0.3802,-0.3799,0.4807,-0.4837,1.155,-0.2677,0.0,0.0,-0.5514,0.567,0.0,0.0,0.1727,-0.1797,-0.033299997448921204,0.033299997448921204,0.4850400686264038,-0.48750004172325134,0.12840011715888977,-0.11940005421638489,0.0,0.0
1786168468.274209,0.0111,-0.0111,0.3775,-0.3771,0.4807,-0.4837,1.1559,-0.2686,0.0,0.0,-0.5445,0.5588,0.0,0.0,0.1705,-0.1772,-0.033299997448921204,0.033299997448921204,0.492450088262558,-0.4950801134109497,0.12840011715888977,-0.11940005421638489,0.0,0.0
1786168468.2797322,0.0111,-0.0111,0.3748,-0.3743,0.4807,-0.4837,1.1567,-0.2695,0.0,0.0,-0.5367,0.5498,0.0,0.0,0.1681,-0.1744,-0.033299997448921204,0.033299997448921204,0.49977007508277893,-0.5025800466537476,0.12840011715888977,-0.11940005421638489,0.0,0.0
1786168468.3035967,0.0111,-0.0111,0.3721,-0.3716,0.4807,-0.4837,1.1575,-0.2703,0.0,0.0,-0.5283,0.5401,0.0,0.0,0.1655,-0.1713,-0.033299997448921204,0.033299997448921204,0.5070300698280334,-0.5097100734710693,0.12840011715888977,-0.11940005421638489,0.0,0.0
1786168468.3086312,0.0111,-0.0111,0.3695,-0.369,0.4807,-0.4838,1.1583,-0.2712,0.0,0.0,-0.5192,0.5296,0.0,0.0,0.1626,-0.168,-0.033299997448921204,0.033299997448921204,0.5139200687408447,-0.516460120677948,0.12840011715888977,-0.11910009384155273,0.0,0.0
1786168468.313542,0.0111,-0.0111,0.367,-0.3664,0.4807,-0.4838,1.1591,-0.272,0.0,0.0,-0.5093,0.5184,0.0,0.0,0.1595,-0.1645,-0.033299997448921204,0.033299997448921204,0.5204300284385681,-0.5231400728225708,0.12840011715888977,-0.11910009384155273,0.0,0.0
1786168468.3390465,0.0111,-0.0111,0.3645,-0.3638,0.4807,-0.4838,1.1599,-0.2728,0.0,0.0,-0.4988,0.5065,0.0,0.0,0.1562,-0.1608,-0.033299997448921204,0.033299997448921204,0.526880145072937,-0.5297501087188721,0.12840011715888977,-0.11910009384155273,0.0,0.0
1786168468.3441415,0.0111,-0.0111,0.3621,-0.3614,0.4807,-0.4838,1.1607,-0.2736,0.0,0.0,-0.4876,0.494,0.0,0.0,0.1527,-0.1568,-0.033299997448921204,0.033299997448921204,0.532960057258606,-0.5357000231742859,0.12840011715888977,-0.11910009384155273,0.0,0.0
1786168468.3501747,0.0111,-0.0111,0.3597,-0.359,0.4807,-0.4838,1.1614,-0.2743,0.0,0.0,-0.4758,0.4808,0.0,0.0,0.149,-0.1527,-0.033299997448921204,0.033299997448921204,0.5389800667762756,-0.541580080986023,0.12840011715888977,-0.11910009384155273,0.0,0.0
1786168468.3552349,0.0111,-0.0111,0.3574,-0.3566,0.4807,-0.4838,1.1622,-0.2751,0.0,0.0,-0.4633,0.4669,0.0,0.0,0.145,-0.1483,-0.033299997448921204,0.033299997448921204,0.5446300506591797,-0.5473901033401489,0.12840011715888977,-0.11910009384155273,0.0,0.0
1786168468.3798091,0.0111,-0.0111,0.3551,-0.3544,0.4807,-0.4838,1.1629,-0.2758,0.0,0.0,-0.4503,0.4524,0.0,0.0,0.1409,-0.1438,-0.033299997448921204,0.033299997448921204,0.550230085849762,-0.5525400638580322,0.12840011715888977,-0.11910009384155273,0.0,0.0
1786168468.3841107,0.0111,-0.0111,0.353,-0.3522,0.4808,-0.4839,1.1636,-0.2765,0.0,0.0,-0.4233,0.4239,0.0272,-0.0275,0.141,-0.1435,-0.033299997448921204,0.033299997448921204,0.5538301467895508,-0.5562900900840759,0.12538006901741028,-0.11605004221200943,0.0,0.0
1786168468.3901734,0.0111,-0.0111,0.351,-0.3503,0.4811,-0.4842,1.1643,-0.2772,0.0,0.0,-0.3952,0.3942,0.0555,-0.0561,0.1411,-0.1431,-0.033299997448921204,0.033299997448921204,0.5570200681686401,-0.5590200424194336,0.1216500997543335,-0.11229007691144943,0.0,0.0
1786168468.4157705,0.0111,-0.0111,0.3492,-0.3485,0.4815,-0.4846,1.165,-0.2779,0.0,0.0,-0.366,0.3634,0.0849,-0.0858,0.1412,-0.1428,-0.033299997448921204,0.033299997448921204,0.5595000386238098,-0.5613400340080261,0.11751008033752441,-0.10812005400657654,0.0,0.0
1786168468.4210248,0.0111,-0.0111,0.3475,-0.3468,0.4821,-0.4852,1.1657,-0.2787,0.0,0.0,-0.3366,0.3325,0.1139,-0.115,0.1411,-0.1423,-0.033299997448921204,0.033299997448921204,0.56166011095047,-0.5633500814437866,0.11281004548072815,-0.10340011119842529,0.0,0.0
1786168468.4260197,0.0111,-0.0111,0.3459,-0.3453,0.4828,-0.4859,1.1664,-0.2794,0.0,0.0,-0.3073,0.3016,0.1421,-0.1434,0.1407,-0.1415,-0.033299997448921204,0.033299997448921204,0.5635300874710083,-0.5647600889205933,0.1078900545835495,-0.09846003353595734,0.0,0.0
1786168468.4498634,0.0111,-0.0111,0.3446,-0.3439,0.4837,-0.4868,1.1671,-0.2801,0.0,0.0,-0.2781,0.271,0.1692,-0.1705,0.14,-0.1404,-0.033299997448921204,0.033299997448921204,0.5645101070404053,-0.5659000873565674,0.10248005390167236,-0.09305012226104736,0.0,0.0
1786168468.4550476,0.0111,-0.0111,0.3433,-0.3427,0.4846,-0.4877,1.1678,-0.2808,0.0,0.0,-0.2493,0.2408,0.1947,-0.1962,0.139,-0.139,-0.033299997448921204,0.033299997448921204,0.5655300617218018,-0.5664800405502319,0.09723005443811417,-0.08778011798858643,0.0,0.0
1786168468.4620986,0.0111,-0.0111,0.3422,-0.3417,0.4857,-0.4888,1.1685,-0.2814,0.0,0.0,-0.2211,0.2111,0.2187,-0.2202,0.1377,-0.1373,-0.033299997448921204,0.033299997448921204,0.566010057926178,-0.5665101408958435,0.09153003990650177,-0.08208011090755463,0.0,0.0
1786168468.465699,0.0111,-0.0111,0.3412,-0.3407,0.4869,-0.4901,1.1692,-0.2821,0.0,0.0,-0.1935,0.1822,0.2407,-0.2423,0.136,-0.1351,-0.033299997448921204,0.033299997448921204,0.5662500858306885,-0.5666200518608093,0.08573006838560104,-0.07597008347511292,0.0,0.0
1786168468.4906082,0.0111,-0.0111,0.3404,-0.34,0.4882,-0.4914,1.1698,-0.2828,0.0,0.0,-0.1667,0.154,0.2608,-0.2623,0.1338,-0.1325,-0.033299997448921204,0.033299997448921204,0.5659700632095337,-0.5659000873565674,0.07982005178928375,-0.0700700655579567,0.0,0.0
1786168468.4966764,0.0111,-0.0111,0.3397,-0.3393,0.4896,-0.4928,1.1705,-0.2834,0.0,0.0,-0.1408,0.1268,0.2786,-0.28,0.1313,-0.1296,-0.033299997448921204,0.033299997448921204,0.5654800534248352,-0.5652800798416138,0.07384006679058075,-0.06410008668899536,0.0,0.0
1786168468.5018475,0.0111,-0.0111,0.3391,-0.3388,0.4911,-0.4942,1.1711,-0.2841,0.0,0.0,-0.1159,0.1007,0.2941,-0.2952,0.1283,-0.1261,-0.033299997448921204,0.033299997448921204,0.5647900700569153,-0.5641700625419617,0.06779003888368607,-0.05838010460138321,0.0,0.0
1786168468.5250266,0.0111,-0.0111,0.3386,-0.3385,0.4926,-0.4958,1.1717,-0.2847,0.0,0.0,-0.092,0.0758,0.307,-0.3078,0.1249,-0.1223,-0.033299997448921204,0.033299997448921204,0.5639000535011292,-0.5625801086425781,0.0620000921189785,-0.05232011154294014,0.0,0.0
1786168468.5305226,0.0111,-0.0111,0.3383,-0.3382,0.4942,-0.4974,1.1723,-0.2853,0.0,0.0,-0.0694,0.052,0.3174,-0.3178,0.121,-0.1179,-0.033299997448921204,0.033299997448921204,0.5625401139259338,-0.5611000657081604,0.0561600998044014,-0.04652012139558792,0.0,0.0
1786168468.5363479,0.0111,-0.0111,0.3381,-0.338,0.4959,-0.499,1.1729,-0.2858,0.0,0.0,-0.0479,0.0295,0.3252,-0.3253,0.1167,-0.1132,-0.033299997448921204,0.033299997448921204,0.5609900951385498,-0.559450089931488,0.05028006061911583,-0.04097003489732742,0.0,0.0
1786168468.560503,0.0111,-0.0111,0.3379,-0.338,0.4975,-0.5007,1.1735,-0.2864,0.0,0.0,-0.0277,0.0,0.3303,-0.3404,0.1119,-0.1086,-0.033299997448921204,0.033299997448921204,0.5595700144767761,-0.5565000772476196,0.0449700690805912,-0.03436008468270302,0.0,0.0
1786168468.566381,0.0111,-0.0111,0.3379,-0.338,0.4992,-0.5023,1.174,-0.2869,0.0,0.0,0.0,0.0,0.3438,-0.3171,0.1074,-0.1013,-0.033299997448921204,0.033299997448921204,0.5568000078201294,-0.5565000772476196,0.03852011635899544,-0.03189000487327576,0.0,0.0
1786168468.5708244,0.0111,-0.0111,0.3379,-0.338,0.5008,-0.5037,1.1745,-0.2874,0.0,0.0,0.0,-0.0001,0.3207,-0.2928,0.1002,-0.0937,-0.033299997448921204,0.033299997448921204,0.5568000078201294,-0.5564900636672974,0.036030035465955734,-0.030120020732283592,0.0,0.0
1786168468.576527,0.0111,-0.0111,0.3379,-0.338,0.5023,-0.5051,1.175,-0.2878,0.0,0.0,0.0,-0.0001,0.2969,-0.2675,0.0927,-0.0857,-0.033299997448921204,0.033299997448921204,0.5568000078201294,-0.5564900636672974,0.03391000255942345,-0.02845003828406334,0.0,0.0
1786168468.6011226,0.0111,-0.0111,0.3379,-0.338,0.5037,-0.5063,1.1754,-0.2882,0.0,0.0,0.0,-0.0001,0.272,-0.2417,0.0848,-0.0775,-0.033299997448921204,0.033299997448921204,0.5568000078201294,-0.5564900636672974,0.03220001980662346,-0.027430158108472824,0.0,0.0
1786168468.6057684,0.0111,-0.0111,0.3379,-0.338,0.5049,-0.5074,1.1758,-0.2885,0.0,0.0,0.0,-0.0001,0.2465,-0.2154,0.0768,-0.0692,-0.033299997448921204,0.033299997448921204,0.5568000078201294,-0.5564900636672974,0.03115013986825943,-0.026760147884488106,0.0,0.0
1786168468.6110234,0.0111,-0.0111,0.3379,-0.338,0.506,-0.5083,1.1761,-0.2888,0.0,0.0,0.0,-0.0001,0.2207,-0.1888,0.0686,-0.0608,-0.033299997448921204,0.033299997448921204,0.5568000078201294,-0.5564900636672974,0.030430128797888756,-0.02672005631029606,0.0,0.0
1786168468.6364825,0.0111,-0.0111,0.3379,-0.338,0.507,-0.5091,1.1764,-0.2891,0.0,0.0,0.0,-0.0001,0.1944,-0.162,0.0603,-0.0524,-0.033299997448921204,0.033299997448921204,0.5568000078201294,-0.5564900636672974,0.030059989541769028,-0.02700001560151577,0.0,0.0
1786168468.6421692,0.0111,-0.0111,0.3379,-0.338,0.5078,-0.5098,1.1767,-0.2893,0.0,0.0,0.0,-0.0001,0.1679,-0.1349,0.0519,-0.0438,-0.033299997448921204,0.033299997448921204,0.5568000078201294,-0.5564900636672974,0.03031012788414955,-0.02761002443730831,0.0,0.0
1786168468.6472416,0.0111,-0.0111,0.3379,-0.338,0.5085,-0.5104,1.1769,-0.2895,0.0,0.0,0.0,-0.0001,0.1411,-0.1077,0.0435,-0.0352,-0.033299997448921204,0.033299997448921204,0.5568000078201294,-0.5564900636672974,0.03089013509452343,-0.02853008359670639,0.0,0.0
1786168468.6721108,0.0111,-0.0111,0.3379,-0.338,0.5091,-0.5108,1.1771,-0.2896,0.0,0.0,0.0,-0.0001,0.1143,-0.0806,0.035,-0.0266,-0.033299997448921204,0.033299997448921204,0.5568000078201294,-0.5564900636672974,0.0317700169980526,-0.030040062963962555,0.0,0.0
1786168468.6775088,0.0111,-0.0111,0.3379,-0.338,0.5095,-0.511,1.1772,-0.2897,0.0,0.0,0.0,-0.0001,0.0874,-0.0534,0.0264,-0.018,-0.033299997448921204,0.033299997448921204,0.5568000078201294,-0.5564900636672974,0.03325999528169632,-0.03216014429926872,0.0,0.0
1786168468.6822503,0.0111,-0.0111,0.3379,-0.338,0.5098,-0.5112,1.1773,-0.2897,0.0001,0.0003,0.0,-0.0102,0.0576,-0.0347,0.0179,-0.0097,-0.033309999853372574,0.03326999768614769,0.5568000078201294,-0.5554800629615784,0.03534002602100372,-0.03343004360795021,0.0,0.0
1786168468.6882064,0.0111,-0.0111,0.3379,-0.3381,0.51,-0.5112,1.1774,-0.2898,0.0,0.0,0.0,0.0,0.0337,0.0,0.0095,-0.0012,-0.033299997448921204,0.033299997448921204,0.5568000078201294,-0.5562001466751099,0.03713010251522064,-0.03690004348754883,0.0,0.0
1786168468.7127707,0.0111,-0.0111,0.3379,-0.3381,0.51,-0.5112,1.1774,-0.2897,0.0001,0.0001,-0.0023,-0.0074,0.0,0.0001,-0.0015,0.0022,-0.033309999853372574,0.03328999876976013,0.5570300221443176,-0.5554600954055786,0.040500104427337646,-0.0369100421667099,0.0,0.0
1786168468.7182488,0.0111,-0.0111,0.3379,-0.3382,0.51,-0.5112,1.1773,-0.2897,0.0001,0.0,0.0201,-0.0309,0.0,0.0001,-0.0057,0.0068,-0.033309999853372574,0.033299997448921204,0.5547900199890137,-0.5528100728988647,0.040500104427337646,-0.0369100421667099,0.0,0.0
1786168468.7236705,0.0111,-0.0111,0.3381,-0.3384,0.51,-0.5112,1.1773,-0.2896,0.0,0.0,0.0261,-0.0385,0.0,0.0,-0.0095,0.0111,-0.033299997448921204,0.033299997448921204,0.5535901188850403,-0.5514500737190247,0.040500104427337646,-0.03690004348754883,0.0,0.0
1786168468.7473245,0.0111,-0.0111,0.3383,-0.3387,0.51,-0.5112,1.1772,-0.2896,0.0,0.0,0.0389,-0.0521,0.0,0.0,-0.0136,0.0154,-0.033299997448921204,0.033299997448921204,0.5517101287841797,-0.549190104007721,0.040500104427337646,-0.03690004348754883,0.0,0.0
1786168468.7527122,0.0111,-0.0111,0.3385,-0.339,0.51,-0.5112,1.1771,-0.2895,0.0,0.0,0.0516,-0.0655,0.0,0.0,-0.0176,0.0196,-0.033299997448921204,0.033299997448921204,0.5498400926589966,-0.546950101852417,0.040500104427337646,-0.03690004348754883,0.0,0.0
1786168468.7577355,0.0111,-0.0111,0.3388,-0.3394,0.51,-0.5112,1.177,-0.2894,0.0,0.0,0.0642,-0.0789,0.0,0.0,-0.0216,0.0238,-0.033299997448921204,0.033299997448921204,0.5476800203323364,-0.5444101095199585,0.040500104427337646,-0.03690004348754883,0.0,0.0
1786168468.781858,0.0111,-0.0111,0.3392,-0.3399,0.51,-0.5112,1.1769,-0.2892,0.0,0.0,0.0767,-0.092,0.0,0.0,-0.0256,0.028,-0.033299997448921204,0.033299997448921204,0.5452300906181335,-0.5416001081466675,0.040500104427337646,-0.03690004348754883,0.0,0.0
1786168468.786756,0.0111,-0.0111,0.3397,-0.3404,0.51,-0.5112,1.1768,-0.2891,0.0,0.0,0.089,-0.105,0.0,0.0,-0.0295,0.0321,-0.033299997448921204,0.033299997448921204,0.5425000190734863,-0.538800060749054,0.040500104427337646,-0.03690004348754883,0.0,0.0
1786168468.7925227,0.0111,-0.0111,0.3402,-0.341,0.51,-0.5112,1.1766,-0.2889,0.0,0.0,0.1011,-0.1178,0.0,0.0,-0.0333,0.0362,-0.033299997448921204,0.033299997448921204,0.5397900342941284,-0.5357201099395752,0.040500104427337646,-0.03690004348754883,0.0,0.0
1786168468.7976038,0.0111,-0.0111,0.3408,-0.3416,0.51,-0.5112,1.1764,-0.2887,0.0,0.0,0.113,-0.1303,0.0,0.0,-0.0371,0.0401,-0.033299997448921204,0.033299997448921204,0.5368000864982605,-0.5326700806617737,0.040500104427337646,-0.03690004348754883,0.0,0.0
1786168468.8218968,0.0111,-0.0111,0.3414,-0.3424,0.51,-0.5112,1.1762,-0.2885,0.0,0.0,0.1248,-0.1426,0.0,0.0,-0.0409,0.044,-0.033299997448921204,0.033299997448921204,0.5338200926780701,-0.5290400385856628,0.040500104427337646,-0.03690004348754883,0.0,0.0
1786168468.8275633,0.0111,-0.0111,0.3421,-0.3431,0.51,-0.5112,1.176,-0.2882,0.0,0.0,0.1363,-0.1547,0.0,0.0,-0.0445,0.0479,-0.033299997448921204,0.033299997448921204,0.5305700898170471,-0.5257300138473511,0.040500104427337646,-0.03690004348754883,0.0,0.0
1786168468.832703,0.0111,-0.0111,0.3428,-0.344,0.51,-0.5112,1.1757,-0.288,0.0,0.0,0.1475,-0.1664,0.0,0.0,-0.0481,0.0516,-0.033299997448921204,0.033299997448921204,0.527350127696991,-0.5218600630760193,0.040500104427337646,-0.03690004348754883,0.0,0.0
1786168468.8567057,0.0111,-0.0111,0.3436,-0.3449,0.51,-0.5112,1.1755,-0.2877,0.0,0.0,0.1585,-0.1779,0.0,0.0,-0.0516,0.0552,-0.033299997448921204,0.033299997448921204,0.5238500833511353,-0.5180100202560425,0.040500104427337646,-0.03690004348754883,0.0,0.0
1786168468.8621128,0.0111,-0.0111,0.3444,-0.3458,0.51,-0.5112,1.1752,-0.2874,0.0,0.0,0.1693,-0.1891,0.0,0.0,-0.055,0.0588,-0.033299997448921204,0.033299997448921204,0.5203701257705688,-0.5141900181770325,0.040500104427337646,-0.03690004348754883,0.0,0.0
1786168468.8669095,0.0111,-0.0111,0.3453,-0.3468,0.51,-0.5112,1.1749,-0.2871,0.0,0.0,0.1798,-0.2,0.0,0.0,-0.0583,0.0622,-0.033299997448921204,0.033299997448921204,0.5166200995445251,-0.5101000666618347,0.040500104427337646,-0.03690004348754883,0.0,0.0
1786168468.8914678,0.0111,-0.0111,0.3463,-0.3479,0.51,-0.5112,1.1746,-0.2867,0.0,0.0,0.1899,-0.2105,0.0,0.0,-0.0616,0.0656,-0.033299997448921204,0.033299997448921204,0.5126100778579712,-0.5057500600814819,0.040500104427337646,-0.03690004348754883,0.0,0.0
1786168468.8968418,0.0111,-0.0111,0.3473,-0.349,0.51,-0.5112,1.1743,-0.2864,0.0,0.0,0.1998,-0.2207,0.0,0.0,-0.0647,0.0688,-0.033299997448921204,0.033299997448921204,0.5086200833320618,-0.5014300346374512,0.040500104427337646,-0.03690004348754883,0.0,0.0
1786168468.9027123,0.0111,-0.0111,0.3484,-0.3501,0.51,-0.5112,1.1739,-0.286,0.0,0.0,0.2094,-0.2306,0.0,0.0,-0.0678,0.072,-0.033299997448921204,0.033299997448921204,0.5043600797653198,-0.4971400499343872,0.040500104427337646,-0.03690004348754883,0.0,0.0
1786168468.9078228,0.0111,-0.0111,0.3494,-0.3513,0.51,-0.5112,1.1736,-0.2857,0.0,0.0,0.2186,-0.24,0.0,0.0,-0.0707,0.075,-0.033299997448921204,0.033299997448921204,0.5004400610923767,-0.49260008335113525,0.040500104427337646,-0.03690004348754883,0.0,0.0
1786168468.9342492,0.0111,-0.0111,0.3506,-0.3526,0.51,-0.5112,1.1732,-0.2853,0.0,0.0,0.2274,-0.2491,0.0,0.0,-0.0735,0.0778,-0.033299997448921204,0.033299997448921204,0.4959600567817688,-0.487790048122406,0.040500104427337646,-0.03690004348754883,0.0,0.0
1786168468.9368296,0.0111,-0.0111,0.3518,-0.3539,0.51,-0.5112,1.1728,-0.2849,0.0,0.0,0.2359,-0.2578,0.0,0.0,-0.0762,0.0806,-0.033299997448921204,0.033299997448921204,0.4915100932121277,-0.4830201268196106,0.040500104427337646,-0.03690004348754883,0.0,0.0
1786168468.9420645,0.0111,-0.0111,0.353,-0.3552,0.51,-0.5112,1.1724,-0.2845,0.0,0.0,0.2441,-0.2661,0.0,0.0,-0.0788,0.0832,-0.033299997448921204,0.033299997448921204,0.4870901107788086,-0.4782901108264923,0.040500104427337646,-0.03690004348754883,0.0,0.0
1786168468.9664068,0.0111,-0.0111,0.3543,-0.3566,0.51,-0.5112,1.172,-0.284,0.0,0.0,0.2519,-0.2739,0.0,0.0,-0.0813,0.0857,-0.033299997448921204,0.033299997448921204,0.48241010308265686,-0.47331011295318604,0.040500104427337646,-0.03690004348754883,0.0,0.0
1786168468.9716187,0.0111,-0.0111,0.3556,-0.358,0.51,-0.5112,1.1716,-0.2836,0.0,0.0,0.2592,-0.2813,0.0,0.0,-0.0837,0.0881,-0.033299997448921204,0.033299997448921204,0.4777800738811493,-0.4683700501918793,0.040500104427337646,-0.03690004348754883,0.0,0.0
1786168468.976856,0.0111,-0.0111,0.3569,-0.3594,0.51,-0.5112,1.1712,-0.2831,0.0,0.0,0.2662,-0.2883,0.0,0.0,-0.0859,0.0903,-0.033299997448921204,0.033299997448921204,0.47318005561828613,-0.46347007155418396,0.040500104427337646,-0.03690004348754883,0.0,0.0
1786168469.0011616,0.0111,-0.0111,0.3583,-0.3609,0.51,-0.5112,1.1707,-0.2827,0.0,0.0,0.2728,-0.2949,0.0,0.0,-0.088,0.0924,-0.033299997448921204,0.033299997448921204,0.4683200716972351,-0.4583100378513336,0.040500104427337646,-0.03690004348754883,0.0,0.0
1786168469.0067632,0.0111,-0.0111,0.3596,-0.3624,0.51,-0.5112,1.1703,-0.2822,0.0,0.0,0.279,-0.301,0.0,0.0,-0.09,0.0944,-0.033299997448921204,0.033299997448921204,0.4638000428676605,-0.453200101852417,0.040500104427337646,-0.03690004348754883,0.0,0.0
1786168469.0120828,0.0111,-0.0111,0.3611,-0.364,0.51,-0.5112,1.1698,-0.2817,0.0,0.0,0.2847,-0.3066,0.0,0.0,-0.0918,0.0962,-0.033299997448921204,0.033299997448921204,0.4587301015853882,-0.4478400945663452,0.040500104427337646,-0.03690004348754883,0.0,0.0
1786168469.0178263,0.0111,-0.0111,0.3625,-0.3655,0.51,-0.5112,1.1694,-0.2812,0.0,0.0,0.29,-0.3118,0.0,0.0,-0.0935,0.0978,-0.033299997448921204,0.033299997448921204,0.4540000557899475,-0.44282007217407227,0.040500104427337646,-0.03690004348754883,0.0,0.0
1786168469.0429795,0.0111,-0.0111,0.364,-0.3671,0.51,-0.5112,1.1689,-0.2807,0.0,0.0,0.2949,-0.3165,0.0,0.0,-0.0951,0.0993,-0.033299997448921204,0.033299997448921204,0.44901010394096375,-0.43755006790161133,0.040500104427337646,-0.03690004348754883,0.0,0.0
1786168469.0482688,0.0111,-0.0111,0.3655,-0.3687,0.51,-0.5112,1.1684,-0.2802,0.0,0.0,0.2994,-0.3207,0.0,0.0,-0.0965,0.1007,-0.033299997448921204,0.033299997448921204,0.4440600574016571,-0.43233007192611694,0.040500104427337646,-0.03690004348754883,0.0,0.0
1786168469.0532162,0.0111,-0.0111,0.367,-0.3703,0.51,-0.5112,1.1679,-0.2797,0.0,0.0,0.3034,-0.3245,0.0,0.0,-0.0978,0.1019,-0.033299997448921204,0.033299997448921204,0.4391600489616394,-0.42715010046958923,0.040500104427337646,-0.03690004348754883,0.0,0.0
1786168469.0777628,0.0111,-0.0111,0.3686,-0.372,0.51,-0.5112,1.1674,-0.2792,0.0,0.0,0.307,-0.3277,0.0,0.0,-0.099,0.1029,-0.033299997448921204,0.033299997448921204,0.43400004506111145,-0.42173004150390625,0.040500104427337646,-0.03690004348754883,0.0,0.0
1786168469.0827415,0.0111,-0.0111,0.3701,-0.3736,0.51,-0.5112,1.1669,-0.2787,0.0,0.0,0.3101,-0.3305,0.0,0.0,-0.1,0.1038,-0.033299997448921204,0.033299997448921204,0.42919009923934937,-0.41665005683898926,0.040500104427337646,-0.03690004348754883,0.0,0.0
1786168469.0875268,0.0111,-0.0111,0.3717,-0.3753,0.51,-0.5112,1.1664,-0.2782,0.0,0.0,0.3128,-0.3328,0.0,0.0,-0.1009,0.1046,-0.033299997448921204,0.033299997448921204,0.42412009835243225,-0.4113200902938843,0.040500104427337646,-0.03690004348754883,0.0,0.0
1786168469.112171,0.0111,-0.0111,0.3733,-0.377,0.51,-0.5112,1.1659,-0.2776,0.0,0.0,0.315,-0.3346,0.0,0.0,-0.1016,0.1052,-0.033299997448921204,0.033299997448921204,0.4191001057624817,-0.4060400724411011,0.040500104427337646,-0.03690004348754883,0.0,0.0
1786168469.1168656,0.0111,-0.0111,0.3748,-0.3786,0.51,-0.5112,1.1654,-0.2771,0.0,0.0,0.3168,-0.3359,0.0,0.0,-0.1022,0.1056,-0.033299997448921204,0.033299997448921204,0.41442009806632996,-0.40111008286476135,0.040500104427337646,-0.03690004348754883,0.0,0.0
1786168469.1224623,0.0111,-0.0111,0.3764,-0.3803,0.51,-0.5112,1.1649,-0.2766,0.0,0.0,0.3181,-0.3367,0.0,0.0,-0.1027,0.1059,-0.033299997448921204,0.033299997448921204,0.40949010848999023,-0.39593011140823364,0.040500104427337646,-0.03690004348754883,0.0,0.0
1786168469.127607,0.0111,-0.0111,0.378,-0.382,0.51,-0.5112,1.1644,-0.2761,0.0,0.0,0.319,-0.3371,0.0,0.0,-0.1029,0.106,-0.033299997448921204,0.033299997448921204,0.4046001136302948,-0.39079007506370544,0.040500104427337646,-0.03690004348754883,0.0,0.0
1786168469.1542096,0.0111,-0.0111,0.3796,-0.3837,0.51,-0.5112,1.1639,-0.2755,0.0,0.0,0.3194,-0.3369,0.0,0.0,-0.1031,0.106,-0.033299997448921204,0.033299997448921204,0.39976009726524353,-0.3857100307941437,0.040500104427337646,-0.03690004348754883,0.0,0.0
1786168469.1594176,0.0111,-0.0111,0.3812,-0.3854,0.51,-0.5112,1.1633,-0.275,0.0,0.0,0.3194,-0.3363,0.0,0.0,-0.1031,0.1058,-0.033299997448921204,0.033299997448921204,0.39496010541915894,-0.38067007064819336,0.040500104427337646,-0.03690004348754883,0.0,0.0
1786168469.1643815,0.0111,-0.0111,0.3828,-0.3871,0.51,-0.5112,1.1628,-0.2745,0.0,0.0,0.3189,-0.3352,0.0,0.0,-0.103,0.1055,-0.033299997448921204,0.033299997448921204,0.39021003246307373,-0.37568002939224243,0.040500104427337646,-0.03690004348754883,0.0,0.0
1786168469.1882577,0.0111,-0.0111,0.3844,-0.3887,0.51,-0.5112,1.1623,-0.2739,0.0,0.0,0.3179,-0.3336,0.0,0.0,-0.1027,0.105,-0.033299997448921204,0.033299997448921204,0.38551005721092224,-0.3710400462150574,0.040500104427337646,-0.03690004348754883,0.0,0.0
1786168469.193497,0.0111,-0.0111,0.386,-0.3904,0.51,-0.5112,1.1618,-0.2734,0.0,0.0,0.3166,-0.3315,0.0,0.0,-0.1023,0.1043,-0.033299997448921204,0.033299997448921204,0.3808400630950928,-0.3661501109600067,0.040500104427337646,-0.03690004348754883,0.0,0.0
1786168469.1987977,0.0111,-0.0111,0.3876,-0.392,0.51,-0.5112,1.1613,-0.2729,0.0,0.0,0.3147,-0.329,0.0,0.0,-0.1018,0.1036,-0.033299997448921204,0.033299997448921204,0.37623006105422974,-0.3616001009941101,0.040500104427337646,-0.03690004348754883,0.0,0.0
1786168469.2222495,0.0111,-0.0111,0.3891,-0.3937,0.51,-0.5112,1.1608,-0.2724,0.0,0.0,0.3125,-0.326,0.0,0.0,-0.1011,0.1026,-0.033299997448921204,0.033299997448921204,0.3719501197338104,-0.3568000793457031,0.040500104427337646,-0.03690004348754883,0.0,0.0
1786168469.2273111,0.0111,-0.0111,0.3907,-0.3953,0.51,-0.5112,1.1603,-0.2719,0.0,0.0,0.3098,-0.3225,0.0,0.0,-0.1002,0.1016,-0.033299997448921204,0.033299997448921204,0.3674200475215912,-0.3523500859737396,0.040500104427337646,-0.03690004348754883,0.0,0.0
1786168469.2331553,0.0111,-0.0111,0.3922,-0.3969,0.51,-0.5112,1.1598,-0.2714,0.0,0.0,0.3066,-0.3186,0.0,0.0,-0.0993,0.1003,-0.033299997448921204,0.033299997448921204,0.3632400929927826,-0.3479400873184204,0.040500104427337646,-0.03690004348754883,0.0,0.0
1786168469.2383516,0.0111,-0.0111,0.3937,-0.3985,0.51,-0.5112,1.1593,-0.2709,0.0,0.0,0.3031,-0.3142,0.0,0.0,-0.0982,0.099,-0.033299997448921204,0.033299997448921204,0.35909005999565125,-0.34358009696006775,0.040500104427337646,-0.03690004348754883,0.0,0.0
1786168469.262117,0.0111,-0.0111,0.3952,-0.4,0.51,-0.5111,1.1588,-0.2704,0.0,0.0,0.2991,-0.3094,0.0,0.0,-0.097,0.0975,-0.033299997448921204,0.033299997448921204,0.35499003529548645,-0.33956006169319153,0.040500104427337646,-0.037200093269348145,0.0,0.0
1786168469.267038,0.0111,-0.0111,0.3967,-0.4015,0.51,-0.5111,1.1583,-0.2699,0.0,0.0002,0.2944,-0.3042,0.0,0.0002,-0.0956,0.096,-0.033299997448921204,0.03328000009059906,0.3509600758552551,-0.33558011054992676,0.040500104427337646,-0.03722009435296059,0.0,0.0
1786168469.272236,0.0111,-0.0111,0.3981,-0.4029,0.5099,-0.5109,1.1578,-0.2694,-0.0013,-0.0014,0.2901,-0.2846,0.0,0.0278,-0.0943,0.0985,-0.03316999971866608,0.0334399975836277,0.34719011187553406,-0.333340048789978,0.04080015420913696,-0.04058001562952995,0.0,0.0
1786168469.2969806,0.0111,-0.0111,0.3995,-0.4042,0.5097,-0.5107,1.1574,-0.2689,0.0,0.0,0.2711,-0.2652,-0.0279,0.0555,-0.097,0.1011,-0.033299997448921204,0.033299997448921204,0.3448900282382965,-0.33138012886047363,0.04419007524847984,-0.04395011439919472,0.0,0.0
1786168469.3010802,0.0111,-0.0111,0.4007,-0.4055,0.5094,-0.5102,1.1569,-0.2684,0.0,0.0,0.2519,-0.2448,-0.0557,0.084,-0.0998,0.1037,-0.033299997448921204,0.033299997448921204,0.3432100713253021,-0.3295201063156128,0.04787004739046097,-0.04830000549554825,0.0,0.0
1786168469.3064146,0.0111,-0.0111,0.4019,-0.4066,0.509,-0.5097,1.1564,-0.2679,0.0,0.0,0.232,-0.2245,-0.0841,0.1115,-0.1025,0.106,-0.033299997448921204,0.033299997448921204,0.34160009026527405,-0.32825008034706116,0.05191006511449814,-0.052550073713064194,0.0,0.0
1786168469.3298736,0.0111,-0.0111,0.403,-0.4076,0.5085,-0.509,1.1558,-0.2673,0.0,0.0,0.2122,-0.2043,-0.1117,0.1381,-0.105,0.108,-0.033299997448921204,0.033299997448921204,0.34028008580207825,-0.32727012038230896,0.056170135736465454,-0.0573100671172142,0.0,0.0
1786168469.335322,0.0111,-0.0111,0.4039,-0.4085,0.5078,-0.5082,1.1553,-0.2668,0.0,0.0,0.1928,-0.1846,-0.1381,0.1633,-0.1072,0.1098,-0.033299997448921204,0.033299997448921204,0.33952009677886963,-0.32654011249542236,0.06091012805700302,-0.06223010644316673,0.0,0.0
1786168469.3399637,0.0111,-0.0111,0.4048,-0.4094,0.507,-0.5072,1.1547,-0.2662,0.0,0.0,0.1737,-0.1654,-0.1632,0.1871,-0.1091,0.1113,-0.033299997448921204,0.033299997448921204,0.3387300968170166,-0.3257601261138916,0.06581998616456985,-0.06761007010936737,0.0,0.0
1786168469.3448756,0.0111,-0.0111,0.4056,-0.4101,0.506,-0.5062,1.1542,-0.2657,0.0,0.0,0.1552,-0.1469,-0.1868,0.2091,-0.1108,0.1124,-0.033299997448921204,0.033299997448921204,0.3381800353527069,-0.32551002502441406,0.07118012756109238,-0.07281003147363663,0.0,0.0
1786168469.3722389,0.0111,-0.0111,0.4063,-0.4108,0.505,-0.505,1.1536,-0.2651,0.0,0.0,0.1373,-0.1291,-0.2087,0.2292,-0.1121,0.1131,-0.033299997448921204,0.033299997448921204,0.3378700613975525,-0.3251900374889374,0.07637009024620056,-0.07842008769512177,0.0,0.0
1786168469.3771245,0.0111,-0.0111,0.4069,-0.4113,0.5038,-0.5038,1.1531,-0.2645,0.0,0.0,0.1202,-0.1121,-0.2287,0.2473,-0.113,0.1135,-0.033299997448921204,0.033299997448921204,0.3377801179885864,-0.3253900706768036,0.08197014778852463,-0.08383014798164368,0.0,0.0
1786168469.381954,0.0111,-0.0111,0.4074,-0.4118,0.5026,-0.5025,1.1525,-0.264,0.0,0.0,0.1039,-0.096,-0.2466,0.2633,-0.1136,0.1135,-0.033299997448921204,0.033299997448921204,0.3379100263118744,-0.3255000710487366,0.08736003190279007,-0.08933008462190628,0.0,0.0
1786168469.4055803,0.0111,-0.0111,0.4078,-0.4122,0.5013,-0.5011,1.1519,-0.2634,0.0,0.0,0.0885,-0.0809,-0.2625,0.2771,-0.1137,0.1131,-0.033299997448921204,0.033299997448921204,0.3382501006126404,-0.3258100748062134,0.09285014122724533,-0.09491006284952164,0.0,0.0
1786168469.410967,0.0111,-0.0111,0.4082,-0.4125,0.4999,-0.4997,1.1514,-0.2628,0.0,0.0,0.0742,-0.0668,-0.276,0.2885,-0.1135,0.1123,-0.033299997448921204,0.033299997448921204,0.3384800851345062,-0.326320081949234,0.09840003401041031,-0.10025005042552948,0.0,0.0
1786168469.4159315,0.0111,-0.0111,0.4085,-0.4128,0.4985,-0.4982,1.1508,-0.2623,0.0,0.0,0.0608,-0.0537,-0.2873,0.2976,-0.1129,0.111,-0.033299997448921204,0.033299997448921204,0.33892011642456055,-0.32673004269599915,0.10373010486364365,-0.105660080909729,0.0,0.0
1786168469.4420626,0.0111,-0.0111,0.4088,-0.413,0.497,-0.4967,1.1502,-0.2617,0.0,0.0,0.0485,-0.0417,-0.2962,0.3043,-0.1118,0.1094,-0.033299997448921204,0.033299997448921204,0.3392500579357147,-0.3273301124572754,0.10912004858255386,-0.11083011329174042,0.0,0.0
1786168469.447289,0.0111,-0.0111,0.4089,-0.4132,0.4955,-0.4951,1.1497,-0.2612,0.0,0.0,0.0373,-0.0309,-0.3027,0.3087,-0.1104,0.1073,-0.033299997448921204,0.033299997448921204,0.34007009863853455,-0.3278101086616516,0.11427008360624313,-0.11607009917497635,0.0,0.0
1786168469.4533064,0.0111,-0.0111,0.4091,-0.4133,0.4939,-0.4935,1.1491,-0.2607,0.0004,0.0004,0.0,0.0087,-0.3163,0.3229,-0.1088,0.1052,-0.03333999961614609,0.03325999900698662,0.34320008754730225,-0.3314700424671173,0.12043007463216782,-0.12229008972644806,0.0,0.0
1786168469.4586375,0.0111,-0.0111,0.4091,-0.4133,0.4923,-0.4919,1.1486,-0.2601,0.0001,0.0001,0.0,0.003,-0.3278,0.326,-0.1074,0.103,-0.033309999853372574,0.03328999876976013,0.34320008754730225,-0.33090004324913025,0.1263800710439682,-0.12740008533000946,0.0,0.0
1786168469.4834538,0.0111,-0.0111,0.4091,-0.4133,0.4907,-0.4903,1.1481,-0.2597,0.0,0.0,0.0,0.0,-0.3213,0.3137,-0.1045,0.0992,-0.033299997448921204,0.033299997448921204,0.34320008754730225,-0.3306000530719757,0.13053005933761597,-0.1309700757265091,0.0,0.0
1786168469.487986,0.0111,-0.0111,0.4091,-0.4133,0.4892,-0.4888,1.1476,-0.2592,0.0,0.0,0.0,0.0,-0.3096,0.3003,-0.1008,0.095,-0.033299997448921204,0.033299997448921204,0.34320008754730225,-0.3306000530719757,0.13386008143424988,-0.1341301053762436,0.0,0.0
1786168469.4930515,0.0111,-0.0111,0.4091,-0.4133,0.4877,-0.4874,1.1471,-0.2587,0.0,0.0,0.0,0.0,-0.2968,0.286,-0.0968,0.0905,-0.033299997448921204,0.033299997448921204,0.34320008754730225,-0.3306000530719757,0.137080118060112,-0.13690009713172913,0.0,0.0
1786168469.5167482,0.0111,-0.0111,0.4091,-0.4133,0.4863,-0.4861,1.1466,-0.2583,0.0,0.0,0.0,0.0,-0.2832,0.2709,-0.0925,0.0858,-0.033299997448921204,0.033299997448921204,0.34320008754730225,-0.3306000530719757,0.13992010056972504,-0.13929010927677155,0.0,0.0
1786168469.5225163,0.0111,-0.0111,0.4091,-0.4133,0.4849,-0.4848,1.1462,-0.2579,0.0,0.0,0.0,0.0,-0.2689,0.2553,-0.0881,0.0808,-0.033299997448921204,0.033299997448921204,0.34320008754730225,-0.3306000530719757,0.14269007742404938,-0.14163003861904144,0.0,0.0
1786168469.527465,0.0111,-0.0111,0.4091,-0.4133,0.4836,-0.4836,1.1458,-0.2575,0.0,0.0,0.0,0.0,-0.2541,0.2391,-0.0834,0.0757,-0.033299997448921204,0.033299997448921204,0.34320008754730225,-0.3306000530719757,0.1451101005077362,-0.14361010491847992,0.0,0.0
1786168469.5508304,0.0111,-0.0111,0.4091,-0.4133,0.4825,-0.4825,1.1454,-0.2572,0.0,0.0,0.0,0.0,-0.2386,0.2223,-0.0785,0.0704,-0.033299997448921204,0.033299997448921204,0.34320008754730225,-0.3306000530719757,0.14686012268066406,-0.14523011445999146,0.0,0.0
1786168469.5559533,0.0111,-0.0111,0.4091,-0.4133,0.4813,-0.4815,1.145,-0.2568,0.0,0.0,0.0,0.0,-0.2226,0.2051,-0.0735,0.065,-0.033299997448921204,0.033299997448921204,0.34320008754730225,-0.3306000530719757,0.14886008203029633,-0.1465100795030594,0.0,0.0
1786168469.5617986,0.0111,-0.0111,0.4091,-0.4133,0.4803,-0.4805,1.1447,-0.2565,0.0,0.0,0.0,0.0,-0.2062,0.1875,-0.0683,0.0594,-0.033299997448921204,0.033299997448921204,0.34320008754730225,-0.3306000530719757,0.15022005140781403,-0.14775003492832184,0.0,0.0
1786168469.5670352,0.0111,-0.0111,0.4091,-0.4133,0.4794,-0.4797,1.1444,-0.2563,0.0,0.0,0.0,0.0,-0.1893,0.1695,-0.063,0.0538,-0.033299997448921204,0.033299997448921204,0.34320008754730225,-0.3306000530719757,0.15123005211353302,-0.1483500748872757,0.0,0.0
1786168469.5923123,0.0111,-0.0111,0.4091,-0.4133,0.4785,-0.4789,1.1441,-0.256,0.0,0.0,0.0,0.0,-0.172,0.1512,-0.0575,0.048,-0.033299997448921204,0.033299997448921204,0.34320008754730225,-0.3306000530719757,0.15220004320144653,-0.14892011880874634,0.0,0.0
1786168469.5971894,0.0111,-0.0111,0.4091,-0.4133,0.4777,-0.4782,1.1438,-0.2558,0.0,0.0,0.0,0.0,-0.1545,0.1327,-0.052,0.0421,-0.033299997448921204,0.033299997448921204,0.34320008754730225,-0.3306000530719757,0.15285009145736694,-0.14917011559009552,0.0,0.0
1786168469.6027055,0.0111,-0.0111,0.4091,-0.4133,0.477,-0.4777,1.1436,-0.2556,0.0,0.0,0.0,0.0,-0.1367,0.1139,-0.0464,0.0362,-0.033299997448921204,0.033299997448921204,0.34320008754730225,-0.3306000530719757,0.15317007899284363,-0.14879009127616882,0.0,0.0
1786168469.6280446,0.0111,-0.0111,0.4091,-0.4133,0.4765,-0.4772,1.1434,-0.2555,0.0,0.0,0.0,0.0,-0.1186,0.0951,-0.0407,0.0302,-0.033299997448921204,0.033299997448921204,0.34320008754730225,-0.3306000530719757,0.15286006033420563,-0.14841006696224213,0.0,0.0
1786168469.6342914,0.0111,-0.0111,0.4091,-0.4133,0.476,-0.4768,1.1432,-0.2554,0.0,0.0,0.0,0.0,-0.1004,0.0761,-0.035,0.0243,-0.033299997448921204,0.033299997448921204,0.34320008754730225,-0.3306000530719757,0.15254004299640656,-0.14771008491516113,0.0,0.0
1786168469.6380746,0.0111,-0.0111,0.4091,-0.4133,0.4755,-0.4765,1.1431,-0.2553,0.0,0.0,0.0,0.0,-0.0821,0.0571,-0.0292,0.0183,-0.033299997448921204,0.033299997448921204,0.34320008754730225,-0.3306000530719757,0.15221011638641357,-0.14671006798744202,0.0,0.0
1786168469.6619937,0.0111,-0.0111,0.4091,-0.4133,0.4752,-0.4763,1.1429,-0.2552,0.0,0.0,0.0,0.0,-0.0638,0.0381,-0.0234,0.0123,-0.033299997448921204,0.033299997448921204,0.34320008754730225,-0.3306000530719757,0.15128009021282196,-0.14541007578372955,0.0,0.0
1786168469.6670623,0.0111,-0.0111,0.4091,-0.4133,0.475,-0.4763,1.1429,-0.2552,0.0001,0.0002,0.0,-0.0099,-0.0466,0.0001,-0.0176,0.003,-0.033309999853372574,0.03328000009059906,0.34320008754730225,-0.32961004972457886,0.15016008913516998,-0.1416100710630417,0.0,0.0
1786168469.6727798,0.0111,-0.0111,0.4091,-0.4133,0.4749,-0.4763,1.1428,-0.2552,0.0,-0.0001,0.0,-0.0009,-0.0283,0.0,-0.012,0.0003,-0.033299997448921204,0.033309999853372574,0.34320008754730225,-0.33051005005836487,0.1486300528049469,-0.14160007238388062,0.0,0.0
1786168469.677635,0.0111,-0.0111,0.4091,-0.4133,0.4749,-0.4763,1.1428,-0.2552,0.0001,0.0,0.0174,-0.0107,0.0,0.0003,-0.0052,0.0001,-0.033309999853372574,0.033299997448921204,0.34146007895469666,-0.3295300602912903,0.14580005407333374,-0.14163006842136383,0.0,0.0
1786168469.7016518,0.0111,-0.0111,0.4091,-0.4132,0.4749,-0.4763,1.1428,-0.2552,0.0,0.0,0.0005,0.0019,0.0,0.0,-0.0032,-0.0006,-0.033299997448921204,0.033299997448921204,0.3431500792503357,-0.3310900926589966,0.14580005407333374,-0.14160007238388062,0.0,0.0
1786168469.707397,0.0111,-0.0111,0.4091,-0.4132,0.4749,-0.4763,1.1427,-0.2552,0.0,0.0,-0.0004,0.0005,0.0,0.0,-0.0025,-0.0006,-0.033299997448921204,0.033299997448921204,0.34324008226394653,-0.3309501111507416,0.14580005407333374,-0.14160007238388062,0.0,0.0
1786168469.712128,0.0111,-0.0111,0.4091,-0.4132,0.4749,-0.4763,1.1427,-0.2552,0.0,0.0,-0.0009,0.0,0.0,0.0,-0.0019,-0.0009,-0.033299997448921204,0.033299997448921204,0.3432900905609131,-0.330900102853775,0.14580005407333374,-0.14160007238388062,0.0,0.0
1786168469.7387424,0.0111,-0.0111,0.409,-0.4132,0.4749,-0.4763,1.1427,-0.2552,0.0,0.0,-0.001,-0.0004,0.0,0.0001,-0.0007,-0.002,-0.033299997448921204,0.033299997448921204,0.3436000347137451,-0.33086010813713074,0.14580005407333374,-0.1416100710630417,0.0,0.0
1786168469.7439847,0.0111,-0.0111,0.409,-0.4131,0.4749,-0.4763,1.1427,-0.2552,0.0001,0.0,-0.002,-0.0001,0.0,0.0001,-0.0007,-0.0017,-0.033309999853372574,0.033299997448921204,0.3437000513076782,-0.3311900496482849,0.14580005407333374,-0.1416100710630417,0.0,0.0
1786168469.7503233,0.0111,-0.0111,0.4089,-0.4131,0.4749,-0.4763,1.1427,-0.2553,0.0001,0.0,-0.0023,-0.0004,0.0,0.0001,-0.0004,-0.0018,-0.033309999853372574,0.033299997448921204,0.34403011202812195,-0.3311600685119629,0.14580005407333374,-0.1416100710630417,0.0,0.0
1786168469.7743814,0.0111,-0.0111,0.4089,-0.413,0.4749,-0.4763,1.1427,-0.2553,-0.0001,0.0,-0.0324,0.0303,0.0,-0.0002,0.0014,-0.004,-0.03328999876976013,0.033299997448921204,0.3470400869846344,-0.3345301151275635,0.14580005407333374,-0.14158007502555847,0.0,0.0
1786168469.7798417,0.0111,-0.0111,0.4088,-0.413,0.4749,-0.4763,1.1428,-0.2553,0.0,-0.0001,-0.0024,-0.0007,0.0,0.0001,0.0014,-0.0035,-0.033299997448921204,0.033309999853372574,0.344340056180954,-0.3314301073551178,0.14580005407333374,-0.1416100710630417,0.0,0.0
1786168469.7850373,0.0111,-0.0111,0.4087,-0.4129,0.4749,-0.4763,1.1428,-0.2553,0.0,-0.0001,-0.0027,-0.001,0.0,0.0002,0.0018,-0.0037,-0.033299997448921204,0.033309999853372574,0.3446701169013977,-0.33170008659362793,0.14580005407333374,-0.14162006974220276,0.0,0.0
1786168469.7911,0.0111,-0.0111,0.4086,-0.4128,0.4749,-0.4763,1.1428,-0.2553,0.0,-0.0001,-0.003,-0.0013,0.0,0.0002,0.0022,-0.0039,-0.033299997448921204,0.033309999853372574,0.3450000584125519,-0.3319700360298157,0.14580005407333374,-0.14162006974220276,0.0,0.0
1786168469.815593,0.0111,-0.0111,0.4085,-0.4127,0.4749,-0.4763,1.1428,-0.2554,0.0,-0.0001,-0.0033,-0.0016,0.0,0.0002,0.0025,-0.0041,-0.033299997448921204,0.033309999853372574,0.3453301191329956,-0.3322400748729706,0.14580005407333374,-0.14162006974220276,0.0,0.0
1786168469.820966,0.0111,-0.0111,0.4084,-0.4126,0.4749,-0.4763,1.1428,-0.2554,0.0,-0.0001,-0.0035,-0.0019,0.0,0.0002,0.0028,-0.0042,-0.033299997448921204,0.033309999853372574,0.3456500768661499,-0.3325100541114807,0.14580005407333374,-0.14162006974220276,0.0,0.0
1786168469.8264487,0.0111,-0.0111,0.4083,-0.4125,0.4749,-0.4763,1.1428,-0.2554,0.0,-0.0001,-0.0037,-0.0022,0.0,0.0002,0.003,-0.0043,-0.033299997448921204,0.033309999853372574,0.3459700345993042,-0.3327800929546356,0.14580005407333374,-0.14162006974220276,0.0,0.0
1786168469.8505857,0.0111,-0.0111,0.4082,-0.4125,0.4749,-0.4763,1.1429,-0.2554,0.0,0.0001,-0.0416,0.0363,0.0,-0.0002,0.0046,-0.0062,-0.033299997448921204,0.03328999876976013,0.3500600755214691,-0.33663010597229004,0.14580005407333374,-0.14158007502555847,0.0,0.0
1786168469.8559911,0.0111,-0.0111,0.408,-0.4123,0.4749,-0.4763,1.1429,-0.2555,-0.0001,0.0,-0.0292,0.0244,0.0,0.0,0.0058,-0.0075,-0.03328999876976013,0.033299997448921204,0.34942010045051575,-0.33604010939598083,0.14580005407333374,-0.14160007238388062,0.0,0.0
1786168469.861485,0.0111,-0.0111,0.4079,-0.4122,0.4749,-0.4763,1.1429,-0.2555,0.0,0.0,-0.0311,0.0267,0.0,0.0,0.0064,-0.0082,-0.033299997448921204,0.033299997448921204,0.34991005063056946,-0.33657005429267883,0.14580005407333374,-0.14160007238388062,0.0,0.0
1786168469.8847702,0.0111,-0.0111,0.4077,-0.4121,0.4749,-0.4763,1.1429,-0.2556,0.0,0.0,-0.0341,0.0302,0.0,0.0,0.0073,-0.0093,-0.033299997448921204,0.033299997448921204,0.35081008076667786,-0.33722010254859924,0.14580005407333374,-0.14160007238388062,0.0,0.0
1786168469.8908908,0.0111,-0.0111,0.4075,-0.4119,0.4749,-0.4763,1.143,-0.2556,0.0,0.0,-0.037,0.0337,0.0,0.0,0.0083,-0.0104,-0.033299997448921204,0.033299997448921204,0.3517000675201416,-0.33817002177238464,0.14580005407333374,-0.14160007238388062,0.0,0.0
1786168469.8959818,0.0111,-0.0111,0.4073,-0.4117,0.4749,-0.4763,1.143,-0.2557,0.0,0.0,-0.04,0.0372,0.0,0.0,0.0092,-0.0115,-0.033299997448921204,0.033299997448921204,0.35260009765625,-0.3391200304031372,0.14580005407333374,-0.14160007238388062,0.0,0.0
1786168469.90213,0.0111,-0.0111,0.4071,-0.4115,0.4749,-0.4763,1.1431,-0.2557,0.0,0.0,-0.0429,0.0406,0.0,0.0,0.0101,-0.0126,-0.033299997448921204,0.033299997448921204,0.35349011421203613,-0.3400600552558899,0.14580005407333374,-0.14160007238388062,0.0,0.0
1786168469.9278936,0.0111,-0.0111,0.4069,-0.4113,0.4749,-0.4763,1.1431,-0.2558,0.0,0.0,-0.0457,0.0439,0.0,0.0,0.011,-0.0136,-0.033299997448921204,0.033299997448921204,0.3543701171875,-0.3409900665283203,0.14580005407333374,-0.14160007238388062,0.0,0.0
1786168469.9331753,0.0111,-0.0111,0.4066,-0.411,0.4749,-0.4763,1.1432,-0.2559,0.0,0.0,-0.0484,0.0471,0.0,0.0,0.0118,-0.0147,-0.033299997448921204,0.033299997448921204,0.35554006695747375,-0.3422100245952606,0.14580005407333374,-0.14160007238388062,0.0,0.0
1786168469.937979,0.0111,-0.0111,0.4064,-0.4108,0.4749,-0.4763,1.1433,-0.256,0.0,0.0,-0.051,0.0503,0.0,0.0,0.0127,-0.0157,-0.033299997448921204,0.033299997448921204,0.35640010237693787,-0.34313005208969116,0.14580005407333374,-0.14160007238388062,0.0,0.0
1786168469.9621298,0.0111,-0.0111,0.4061,-0.4105,0.4749,-0.4763,1.1433,-0.256,0.0,0.0,-0.0536,0.0533,0.0,0.0,0.0135,-0.0166,-0.033299997448921204,0.033299997448921204,0.35756006836891174,-0.3443301022052765,0.14580005407333374,-0.14160007238388062,0.0,0.0
1786168469.9677641,0.0111,-0.0111,0.4058,-0.4102,0.4749,-0.4763,1.1434,-0.2561,0.0,0.0,-0.0561,0.0563,0.0,0.0,0.0142,-0.0176,-0.033299997448921204,0.033299997448921204,0.35871002078056335,-0.34553006291389465,0.14580005407333374,-0.14160007238388062,0.0,0.0
1786168469.9727712,0.0111,-0.0111,0.4055,-0.4099,0.4749,-0.4763,1.1435,-0.2562,0.0,0.0,-0.0585,0.0592,0.0,0.0,0.015,-0.0185,-0.033299997448921204,0.033299997448921204,0.35985007882118225,-0.34672003984451294,0.14580005407333374,-0.14160007238388062,0.0,0.0
1786168469.996013,0.0111,-0.0111,0.4052,-0.4096,0.4749,-0.4763,1.1436,-0.2563,0.0,0.0,-0.0608,0.062,0.0,0.0,0.0157,-0.0194,-0.033299997448921204,0.033299997448921204,0.3609800636768341,-0.3479000926017761,0.14580005407333374,-0.14160007238388062,0.0,0.0
1786168470.00127,0.0111,-0.0111,0.4049,-0.4093,0.4749,-0.4763,1.1436,-0.2564,0.0,0.0,-0.063,0.0647,0.0,0.0,0.0164,-0.0202,-0.033299997448921204,0.033299997448921204,0.3621000349521637,-0.34907007217407227,0.14580005407333374,-0.14160007238388062,0.0,0.0
1786168470.0066035,0.0111,-0.0111,0.4046,-0.409,0.4749,-0.4763,1.1437,-0.2565,0.0,0.0,-0.0651,0.0672,0.0,0.0,0.0171,-0.021,-0.033299997448921204,0.033299997448921204,0.3632100820541382,-0.35022005438804626,0.14580005407333374,-0.14160007238388062,0.0,0.0
1786168470.0120404,0.0111,-0.0111,0.4042,-0.4086,0.4749,-0.4763,1.1438,-0.2566,0.0,0.0,-0.0671,0.0697,0.0,0.0,0.0177,-0.0218,-0.033299997448921204,0.033299997448921204,0.36461010575294495,-0.3516700565814972,0.14580005407333374,-0.14160007238388062,0.0,0.0
1786168470.0361435,0.0111,-0.0111,0.4039,-0.4082,0.4749,-0.4763,1.1439,-0.2567,0.0,0.0,-0.069,0.0721,0.0,0.0,0.0183,-0.0226,-0.033299997448921204,0.033299997448921204,0.3657000958919525,-0.35311007499694824,0.14580005407333374,-0.14160007238388062,0.0,0.0
1786168470.0417473,0.0111,-0.0111,0.4035,-0.4079,0.4749,-0.4763,1.144,-0.2569,0.0,0.0,-0.0708,0.0744,0.0,0.0,0.0189,-0.0233,-0.033299997448921204,0.033299997448921204,0.36708009243011475,-0.3542400598526001,0.14580005407333374,-0.14160007238388062,0.0,0.0
1786168470.0478404,0.0111,-0.0111,0.4032,-0.4075,0.4749,-0.4763,1.1441,-0.257,0.0,0.0,-0.0725,0.0765,0.0,0.0,0.0194,-0.024,-0.033299997448921204,0.033299997448921204,0.36815008521080017,-0.35565006732940674,0.14580005407333374,-0.14160007238388062,0.0,0.0
1786168470.0722427,0.0111,-0.0111,0.4028,-0.4071,0.4749,-0.4763,1.1442,-0.2571,0.0,0.0,-0.0741,0.0785,0.0,0.0,0.0199,-0.0246,-0.033299997448921204,0.033299997448921204,0.36951008439064026,-0.3570500910282135,0.14580005407333374,-0.14160007238388062,0.0,0.0
1786168470.0778491,0.0111,-0.0111,0.4024,-0.4067,0.4749,-0.4763,1.1443,-0.2572,0.0,0.0,-0.0756,0.0804,0.0,0.0,0.0204,-0.0252,-0.033299997448921204,0.033299997448921204,0.37086009979248047,-0.3584401309490204,0.14580005407333374,-0.14160007238388062,0.0,0.0
1786168470.0831149,0.0111,-0.0111,0.402,-0.4063,0.4749,-0.4763,1.1444,-0.2574,0.0,0.0,-0.077,0.0822,0.0,0.0,0.0208,-0.0258,-0.033299997448921204,0.033299997448921204,0.37220004200935364,-0.35982003808021545,0.14580005407333374,-0.14160007238388062,0.0,0.0
1786168470.1082456,0.0111,-0.0111,0.4016,-0.4058,0.4749,-0.4763,1.1445,-0.2575,0.0,0.0,-0.0782,0.0839,0.0,0.0,0.0212,-0.0263,-0.033299997448921204,0.033299997448921204,0.3735200762748718,-0.36149004101753235,0.14580005407333374,-0.14160007238388062,0.0,0.0
1786168470.1134307,0.0111,-0.0111,0.4012,-0.4054,0.4749,-0.4763,1.1446,-0.2576,0.0,0.0,-0.0794,0.0854,0.0,0.0,0.0215,-0.0268,-0.033299997448921204,0.033299997448921204,0.3748400807380676,-0.36284005641937256,0.14580005407333374,-0.14160007238388062,0.0,0.0
1786168470.118933,0.0111,-0.0111,0.4008,-0.405,0.4749,-0.4763,1.1447,-0.2578,0.0,0.0,-0.0804,0.0868,0.0,0.0,0.0218,-0.0272,-0.033299997448921204,0.033299997448921204,0.37614011764526367,-0.3641800582408905,0.14580005407333374,-0.14160007238388062,0.0,0.0
1786168470.1246634,0.0111,-0.0111,0.4004,-0.4045,0.4749,-0.4763,1.1448,-0.2579,0.0,0.0,-0.0813,0.0881,0.0,0.0,0.0221,-0.0276,-0.033299997448921204,0.033299997448921204,0.3774300515651703,-0.3658100664615631,0.14580005407333374,-0.14160007238388062,0.0,0.0
1786168470.151286,0.0111,-0.0111,0.4,-0.4041,0.4749,-0.4763,1.1449,-0.258,0.0,0.0,-0.0821,0.0892,0.0,0.0,0.0224,-0.028,-0.033299997448921204,0.033299997448921204,0.3787100613117218,-0.36712008714675903,0.14580005407333374,-0.14160007238388062,0.0,0.0
1786168470.1569242,0.0111,-0.0111,0.3996,-0.4036,0.4749,-0.4763,1.1451,-0.2582,0.0,0.0,-0.0827,0.0902,0.0,0.0,0.0226,-0.0283,-0.033299997448921204,0.033299997448921204,0.37997007369995117,-0.36872005462646484,0.14580005407333374,-0.14160007238388062,0.0,0.0
1786168470.1624136,0.0111,-0.0111,0.3992,-0.4032,0.4749,-0.4763,1.1452,-0.2583,0.0,0.0,-0.0833,0.0911,0.0,0.0,0.0227,-0.0286,-0.033299997448921204,0.033299997448921204,0.38123008608818054,-0.3700100779533386,0.14580005407333374,-0.14160007238388062,0.0,0.0
1786168470.186528,0.0111,-0.0111,0.3987,-0.4027,0.4749,-0.4763,1.1453,-0.2585,0.0,0.0,-0.0837,0.0918,0.0,0.0,0.0229,-0.0288,-0.033299997448921204,0.033299997448921204,0.3827700912952423,-0.3715800642967224,0.14580005407333374,-0.14160007238388062,0.0,0.0
1786168470.1919112,0.0111,-0.0111,0.3983,-0.4023,0.4749,-0.4763,1.1454,-0.2586,0.0,0.0,-0.084,0.0924,0.0,0.0,0.023,-0.029,-0.033299997448921204,0.033299997448921204,0.38400009274482727,-0.3728400766849518,0.14580005407333374,-0.14160007238388062,0.0,0.0
1786168470.1977727,0.0111,-0.0111,0.3979,-0.4018,0.4749,-0.4763,1.1455,-0.2588,0.0,0.0,-0.0842,0.0929,0.0,0.0,0.023,-0.0292,-0.033299997448921204,0.033299997448921204,0.38522011041641235,-0.3743900656700134,0.14580005407333374,-0.14160007238388062,0.0,0.0
1786168470.2219946,0.0111,-0.0111,0.3975,-0.4013,0.4749,-0.4763,1.1456,-0.2589,0.0,0.0,-0.0843,0.0932,0.0,0.0,0.023,-0.0293,-0.033299997448921204,0.033299997448921204,0.3864300549030304,-0.37592002749443054,0.14580005407333374,-0.14160007238388062,0.0,0.0
1786168470.2267492,0.0111,-0.0111,0.3971,-0.4009,0.4749,-0.4763,1.1457,-0.259,0.0,0.0,-0.0842,0.0934,0.0,0.0,0.023,-0.0294,-0.033299997448921204,0.033299997448921204,0.38762006163597107,-0.3771400451660156,0.14580005407333374,-0.14160007238388062,0.0,0.0
1786168470.2321913,0.0111,-0.0111,0.3966,-0.4004,0.4749,-0.4763,1.1459,-0.2592,0.0,0.0,-0.0841,0.0935,0.0,0.0,0.023,-0.0294,-0.033299997448921204,0.033299997448921204,0.3891100585460663,-0.378650039434433,0.14580005407333374,-0.14160007238388062,0.0,0.0
1786168470.2375226,0.0111,-0.0111,0.3962,-0.3999,0.4749,-0.4763,1.146,-0.2593,0.0,0.0,-0.0838,0.0934,0.0,0.0,0.0229,-0.0294,-0.033299997448921204,0.033299997448921204,0.3902800679206848,-0.380140095949173,0.14580005407333374,-0.14160007238388062,0.0,0.0
1786168470.2615285,0.0111,-0.0111,0.3958,-0.3994,0.4749,-0.4763,1.1461,-0.2595,0.0,0.0,-0.0834,0.0932,0.0,0.0,0.0227,-0.0293,-0.033299997448921204,0.033299997448921204,0.39144009351730347,-0.3816200792789459,0.14580005407333374,-0.14160007238388062,0.0,0.0
1786168470.266843,0.0111,-0.0111,0.3954,-0.399,0.4749,-0.4763,1.1462,-0.2596,0.0,0.0,-0.0829,0.0929,0.0,0.0,0.0226,-0.0292,-0.033299997448921204,0.033299997448921204,0.39259010553359985,-0.38279011845588684,0.14580005407333374,-0.14160007238388062,0.0,0.0
1786168470.2720857,0.0111,-0.0111,0.395,-0.3985,0.4749,-0.4763,1.1463,-0.2598,0.0,0.0,-0.0823,0.0924,0.0,0.0,0.0224,-0.0291,-0.033299997448921204,0.033299997448921204,0.3937300443649292,-0.3842400908470154,0.14580005407333374,-0.14160007238388062,0.0,0.0
1786168470.295514,0.0111,-0.0111,0.3946,-0.3981,0.4749,-0.4763,1.1464,-0.2599,0.0,0.0,-0.0815,0.0918,0.0,0.0,0.0221,-0.0289,-0.033299997448921204,0.033299997448921204,0.39485007524490356,-0.3853801190853119,0.14580005407333374,-0.14160007238388062,0.0,0.0
1786168470.301073,0.0111,-0.0111,0.3941,-0.3976,0.4749,-0.4763,1.1465,-0.2601,0.0,0.0,-0.0807,0.0911,0.0,0.0,0.0218,-0.0286,-0.033299997448921204,0.033299997448921204,0.3962700366973877,-0.3868100941181183,0.14580005407333374,-0.14160007238388062,0.0,0.0
1786168470.3065264,0.0111,-0.0111,0.3937,-0.3971,0.4749,-0.4763,1.1466,-0.2602,0.0,0.0,-0.0797,0.0902,0.0,0.0,0.0215,-0.0284,-0.033299997448921204,0.033299997448921204,0.3973700702190399,-0.38822007179260254,0.14580005407333374,-0.14160007238388062,0.0,0.0
1786168470.330411,0.0111,-0.0111,0.3933,-0.3967,0.4749,-0.4763,1.1467,-0.2603,0.0,0.0,-0.0786,0.0892,0.0,0.0,0.0212,-0.0281,-0.033299997448921204,0.033299997448921204,0.3984600901603699,-0.38932010531425476,0.14580005407333374,-0.14160007238388062,0.0,0.0
1786168470.3358486,0.0111,-0.0111,0.393,-0.3963,0.4749,-0.4763,1.1468,-0.2605,0.0,0.0,-0.0775,0.0881,0.0,0.0,0.0208,-0.0277,-0.033299997448921204,0.033299997448921204,0.3992500603199005,-0.3904101252555847,0.14580005407333374,-0.14160007238388062,0.0,0.0
1786168470.3410149,0.0111,-0.0111,0.3926,-0.3958,0.4749,-0.4763,1.147,-0.2606,0.0,0.0,-0.0762,0.0869,0.0,0.0,0.0204,-0.0273,-0.033299997448921204,0.033299997448921204,0.4003200829029083,-0.39179009199142456,0.14580005407333374,-0.14160007238388062,0.0,0.0
1786168470.3459764,0.0111,-0.0111,0.3922,-0.3954,0.4749,-0.4763,1.1471,-0.2608,0.0,0.0,-0.0748,0.0855,0.0,0.0,0.02,-0.0269,-0.033299997448921204,0.033299997448921204,0.40138009190559387,-0.3928501009941101,0.14580005407333374,-0.14160007238388062,0.0,0.0
1786168470.3700294,0.0111,-0.0111,0.3918,-0.395,0.4749,-0.4763,1.1471,-0.2609,0.0,0.0,-0.0733,0.0841,0.0,0.0,0.0195,-0.0265,-0.033299997448921204,0.033299997448921204,0.40243011713027954,-0.3939100503921509,0.14580005407333374,-0.14160007238388062,0.0,0.0
1786168470.3756466,0.0111,-0.0111,0.3915,-0.3946,0.4749,-0.4763,1.1472,-0.261,0.0,0.0,-0.0717,0.0825,0.0,0.0,0.019,-0.026,-0.033299997448921204,0.033299997448921204,0.40317007899284363,-0.3949500620365143,0.14580005407333374,-0.14160007238388062,0.0,0.0
1786168470.380972,0.0111,-0.0111,0.3911,-0.3941,0.4749,-0.4763,1.1473,-0.2611,0.0,0.0,-0.07,0.0808,0.0,0.0,0.0184,-0.0254,-0.033299997448921204,0.033299997448921204,0.40420010685920715,-0.39628005027770996,0.14580005407333374,-0.14160007238388062,0.0,0.0
1786168470.4068587,0.0111,-0.0111,0.3908,-0.3938,0.4749,-0.4763,1.1474,-0.2613,0.0,0.0,-0.0683,0.079,0.0,0.0,0.0179,-0.0249,-0.033299997448921204,0.033299997448921204,0.40493008494377136,-0.39700010418891907,0.14580005407333374,-0.14160007238388062,0.0,0.0
1786168470.4092731,0.0111,-0.0111,0.3904,-0.3934,0.4749,-0.4763,1.1475,-0.2614,0.0,0.0,-0.0664,0.0771,0.0,0.0,0.0173,-0.0243,-0.033299997448921204,0.033299997448921204,0.40594008564949036,-0.3980100452899933,0.14580005407333374,-0.14160007238388062,0.0,0.0
1786168470.4149907,0.0111,-0.0111,0.3901,-0.393,0.4749,-0.4763,1.1476,-0.2615,0.0,0.0,-0.0645,0.0751,0.0,0.0,0.0167,-0.0236,-0.033299997448921204,0.033299997448921204,0.4066500663757324,-0.3990100622177124,0.14580005407333374,-0.14160007238388062,0.0,0.0
1786168470.4389415,0.0111,-0.0111,0.3898,-0.3926,0.4749,-0.4763,1.1477,-0.2616,0.0,0.0,-0.0624,0.073,0.0,0.0,0.016,-0.023,-0.033299997448921204,0.033299997448921204,0.40734004974365234,-0.40000006556510925,0.14580005407333374,-0.14160007238388062,0.0,0.0
1786168470.443816,0.0111,-0.0111,0.3895,-0.3923,0.4749,-0.4763,1.1478,-0.2617,0.0,0.0,-0.0603,0.0708,0.0,0.0,0.0153,-0.0223,-0.033299997448921204,0.033299997448921204,0.40803009271621704,-0.4006800353527069,0.14580005407333374,-0.14160007238388062,0.0,0.0
1786168470.4500983,0.0111,-0.0111,0.3892,-0.3919,0.4749,-0.4763,1.1478,-0.2618,0.0,0.0,-0.0581,0.0685,0.0,0.0,0.0146,-0.0215,-0.033299997448921204,0.033299997448921204,0.4087100625038147,-0.401650071144104,0.14580005407333374,-0.14160007238388062,0.0,0.0
1786168470.4549854,0.0111,-0.0111,0.3889,-0.3916,0.4749,-0.4763,1.1479,-0.2619,0.0,0.0,-0.0559,0.0661,0.0,0.0,0.0139,-0.0208,-0.033299997448921204,0.033299997448921204,0.40939003229141235,-0.4023100435733795,0.14580005407333374,-0.14160007238388062,0.0,0.0
1786168470.479372,0.0111,-0.0111,0.3887,-0.3913,0.4749,-0.4763,1.148,-0.262,0.0,0.0,-0.0535,0.0636,0.0,0.0,0.0132,-0.02,-0.033299997448921204,0.033299997448921204,0.4097500443458557,-0.4029600918292999,0.14580005407333374,-0.14160007238388062,0.0,0.0
1786168470.48433,0.0111,-0.0111,0.3884,-0.391,0.4749,-0.4763,1.148,-0.2621,0.0,0.0,-0.0511,0.0611,0.0,0.0,0.0124,-0.0192,-0.033299997448921204,0.033299997448921204,0.4104101061820984,-0.40361008048057556,0.14580005407333374,-0.14160007238388062,0.0,0.0
1786168470.4895008,0.0111,-0.0111,0.3882,-0.3907,0.4749,-0.4763,1.1481,-0.2622,0.0,0.0,-0.0487,0.0584,0.0,0.0,0.0116,-0.0184,-0.033299997448921204,0.033299997448921204,0.4107700288295746,-0.40424004197120667,0.14580005407333374,-0.14160007238388062,0.0,0.0
1786168470.513169,0.0111,-0.0111,0.3879,-0.3904,0.4749,-0.4763,1.1481,-0.2623,0.0,0.0,-0.0462,0.0557,0.0,0.0,0.0108,-0.0175,-0.033299997448921204,0.033299997448921204,0.411420077085495,-0.40487009286880493,0.14580005407333374,-0.14160007238388062,0.0,0.0
1786168470.5187604,0.0111,-0.0111,0.3877,-0.3901,0.4749,-0.4763,1.1482,-0.2624,0.0,0.0,-0.0436,0.0529,0.0,0.0,0.01,-0.0166,-0.033299997448921204,0.033299997448921204,0.4117600917816162,-0.40549007058143616,0.14580005407333374,-0.14160007238388062,0.0,0.0
1786168470.5238004,0.0111,-0.0112,0.3875,-0.3899,0.4749,-0.4763,1.1482,-0.2625,0.0,0.0,-0.041,0.0501,0.0,0.0,0.0092,-0.0157,-0.033299997448921204,0.03359999880194664,0.4121001064777374,-0.40581008791923523,0.14580005407333374,-0.14160007238388062,0.0,0.0
1786168470.5479636,0.0111,-0.0112,0.3873,-0.3896,0.4749,-0.4763,1.1483,-0.2626,0.0,0.0,-0.0383,0.0472,0.0,0.0,0.0083,-0.0148,-0.033299997448921204,0.03359999880194664,0.4124300181865692,-0.4064200520515442,0.14580005407333374,-0.14160007238388062,0.0,0.0
1786168470.5530815,0.0111,-0.0112,0.3871,-0.3894,0.4749,-0.4763,1.1483,-0.2626,0.0,0.0,-0.0356,0.0442,0.0,0.0,0.0074,-0.0139,-0.033299997448921204,0.03359999880194664,0.41276004910469055,-0.4067200720310211,0.14580005407333374,-0.14160007238388062,0.0,0.0
1786168470.5580928,0.0111,-0.0112,0.387,-0.3892,0.4749,-0.4763,1.1483,-0.2627,0.0,0.0,-0.0328,0.0412,0.0,0.0,0.0066,-0.0129,-0.033299997448921204,0.03359999880194664,0.41278010606765747,-0.40702006220817566,0.14580005407333374,-0.14160007238388062,0.0,0.0
1786168470.5634143,0.0111,-0.0112,0.3868,-0.389,0.4749,-0.4763,1.1484,-0.2628,0.0,0.0,-0.03,0.0382,0.0,0.0,0.0057,-0.012,-0.033299997448921204,0.03359999880194664,0.41310009360313416,-0.4073200821876526,0.14580005407333374,-0.14160007238388062,0.0,0.0
1786168470.5885742,0.0111,-0.0112,0.3867,-0.3888,0.4749,-0.4763,1.1484,-0.2628,0.0,0.0,-0.0272,0.0351,0.0,0.0,0.0048,-0.011,-0.033299997448921204,0.03359999880194664,0.4131200611591339,-0.40761008858680725,0.14580005407333374,-0.14160007238388062,0.0,0.0
1786168470.594081,0.0111,-0.0112,0.3866,-0.3887,0.4749,-0.4763,1.1484,-0.2629,0.0,0.0,-0.0243,0.0319,0.0,0.0,0.0039,-0.01,-0.033299997448921204,0.03359999880194664,0.41313010454177856,-0.4075900614261627,0.14580005407333374,-0.14160007238388062,0.0,0.0
1786168470.599334,0.0111,-0.0112,0.3865,-0.3885,0.4749,-0.4763,1.1484,-0.2629,-0.0001,-0.0001,-0.0325,0.0387,0.0,-0.0003,0.0033,-0.0091,-0.03328999876976013,0.03360999748110771,0.41425007581710815,-0.40887007117271423,0.14580005407333374,-0.1415700763463974,0.0,0.0
1786168470.6242886,0.0111,-0.0112,0.3864,-0.3884,0.4749,-0.4763,1.1484,-0.2629,-0.0001,-0.0001,-0.0281,0.0342,0.0,-0.0002,0.0023,-0.008,-0.03328999876976013,0.03360999748110771,0.4141100347042084,-0.40872010588645935,0.14580005407333374,-0.14158007502555847,0.0,0.0
1786168470.630032,0.0111,-0.0112,0.3863,-0.3883,0.4749,-0.4763,1.1484,-0.263,0.0,0.0001,-0.0284,0.0358,0.0,0.0,0.0012,-0.0073,-0.033299997448921204,0.03359000012278557,0.4144400954246521,-0.40918007493019104,0.14580005407333374,-0.14160007238388062,0.0,0.0
1786168470.636267,0.0111,-0.0112,0.3862,-0.3882,0.4749,-0.4763,1.1484,-0.263,0.0,-0.0001,-0.0005,0.0035,0.0,0.0,-0.0002,-0.0045,-0.033299997448921204,0.03360999748110771,0.4119500517845154,-0.4062500298023224,0.14580005407333374,-0.14160007238388062,0.0,0.0
1786168470.660612,0.0111,-0.0112,0.3862,-0.3882,0.4749,-0.4763,1.1484,-0.263,0.0,0.0001,-0.0235,0.0274,0.0,-0.0001,-0.0007,-0.0043,-0.033299997448921204,0.03359000012278557,0.41425004601478577,-0.4086400270462036,0.14580005407333374,-0.14159007370471954,0.0,0.0
1786168470.6664977,0.0111,-0.0112,0.3862,-0.3881,0.4749,-0.4763,1.1484,-0.263,0.0,0.0,0.0003,0.0027,0.0,0.0,-0.0032,-0.0016,-0.033299997448921204,0.03359999880194664,0.4118700325489044,-0.40647009015083313,0.14580005407333374,-0.14160007238388062,0.0,0.0
1786168470.6715176,0.0111,-0.0112,0.3862,-0.3881,0.4749,-0.4763,1.1484,-0.263,0.0,0.0,0.0001,0.0001,0.0,0.0,-0.004,0.0001,-0.033299997448921204,0.03359999880194664,0.41189002990722656,-0.4062100946903229,0.14580005407333374,-0.14160007238388062,0.0,0.0
1786168470.676591,0.0111,-0.0112,0.3862,-0.3881,0.4749,-0.4763,1.1484,-0.263,0.0,0.0,0.0001,0.0001,0.0,0.0,-0.004,0.0002,-0.033299997448921204,0.03359999880194664,0.41189002990722656,-0.4062100946903229,0.14580005407333374,-0.14160007238388062,0.0,0.0
1786168470.701255,0.0111,-0.0112,0.3862,-0.3881,0.4749,-0.4763,1.1484,-0.263,0.0,0.0,0.0001,0.0001,0.0,0.0,-0.0041,0.0002,-0.033299997448921204,0.03359999880194664,0.41189002990722656,-0.4062100946903229,0.14580005407333374,-0.14160007238388062,0.0,0.0
1786168470.7065165,0.0111,-0.0112,0.3862,-0.3881,0.4749,-0.4763,1.1483,-0.263,0.0,0.0,0.0001,0.0001,0.0,0.0,-0.0041,0.0002,-0.033299997448921204,0.03359999880194664,0.41189002990722656,-0.4062100946903229,0.14580005407333374,-0.14160007238388062,0.0,0.0
1786168470.7118733,0.0111,-0.0112,0.3862,-0.3881,0.4749,-0.4763,1.1483,-0.263,0.0,0.0,0.0001,0.0001,0.0,0.0,-0.0041,0.0002,-0.033299997448921204,0.03359999880194664,0.41189002990722656,-0.4062100946903229,0.14580005407333374,-0.14160007238388062,0.0,0.0
1786168470.7363992,0.0111,-0.0112,0.3862,-0.3881,0.4749,-0.4763,1.1483,-0.263,0.0,0.0,0.0001,0.0001,0.0,0.0,-0.0041,0.0002,-0.033299997448921204,0.03359999880194664,0.41189002990722656,-0.4062100946903229,0.14580005407333374,-0.14160007238388062,0.0,0.0
1786168470.742053,0.0111,-0.0112,0.3862,-0.3881,0.4749,-0.4763,1.1483,-0.263,0.0,0.0,0.0001,0.0001,0.0,0.0,-0.0041,0.0002,-0.033299997448921204,0.03359999880194664,0.41189002990722656,-0.4062100946903229,0.14580005407333374,-0.14160007238388062,0.0,0.0
1786168470.746949,0.0111,-0.0112,0.3862,-0.3881,0.4749,-0.4763,1.1483,-0.263,0.0,0.0,0.0001,0.0001,0.0,0.0,-0.0041,0.0002,-0.033299997448921204,0.03359999880194664,0.41189002990722656,-0.4062100946903229,0.14580005407333374,-0.14160007238388062,0.0,0.0
1786168470.7712696,0.0111,-0.0112,0.3861,-0.3881,0.4749,-0.4763,1.1483,-0.263,0.0,0.0,0.0001,0.0001,0.0,0.0,-0.0041,0.0002,-0.033299997448921204,0.03359999880194664,0.4121900796890259,-0.4062100946903229,0.14580005407333374,-0.14160007238388062,0.0,0.0
1786168470.7761629,0.0111,-0.0112,0.3861,-0.3881,0.4749,-0.4763,1.1482,-0.263,0.0,0.0,0.0001,0.0001,0.0,0.0,-0.0041,0.0002,-0.033299997448921204,0.03359999880194664,0.4121900796890259,-0.4062100946903229,0.14580005407333374,-0.14160007238388062,0.0,0.0
1786168470.7818077,0.0111,-0.0112,0.3861,-0.3881,0.4749,-0.4763,1.1482,-0.263,0.0,0.0,0.0001,0.0001,0.0,0.0,-0.0041,0.0002,-0.033299997448921204,0.03359999880194664,0.4121900796890259,-0.4062100946903229,0.14580005407333374,-0.14160007238388062,0.0,0.0
1786168470.7870212,0.0111,-0.0112,0.3861,-0.3881,0.4749,-0.4763,1.1482,-0.263,0.0,0.0,0.0001,0.0001,0.0,0.0,-0.0041,0.0002,-0.033299997448921204,0.03359999880194664,0.4121900796890259,-0.4062100946903229,0.14580005407333374,-0.14160007238388062,0.0,0.0
1786168470.8118865,0.0111,-0.0112,0.3861,-0.3881,0.4749,-0.4763,1.1482,-0.263,0.0,0.0,0.0001,0.0001,0.0,0.0,-0.0042,0.0002,-0.033299997448921204,0.03359999880194664,0.4121900796890259,-0.4062100946903229,0.14580005407333374,-0.14160007238388062,0.0,0.0
1786168470.8166723,0.0111,-0.0112,0.3861,-0.3881,0.4749,-0.4763,1.1482,-0.263,0.0,0.0,0.0001,0.0001,0.0,0.0,-0.0042,0.0002,-0.033299997448921204,0.03359999880194664,0.4121900796890259,-0.4062100946903229,0.14580005407333374,-0.14160007238388062,0.0,0.0
1786168470.8215098,0.0111,-0.0112,0.3861,-0.3881,0.4749,-0.4763,1.1481,-0.263,0.0,0.0,0.0001,0.0001,0.0,0.0,-0.0042,0.0002,-0.033299997448921204,0.03359999880194664,0.4121900796890259,-0.4062100946903229,0.14580005407333374,-0.14160007238388062,0.0,0.0
1786168470.8462694,0.0111,-0.0112,0.3861,-0.3881,0.4749,-0.4763,1.1481,-0.263,0.0,0.0,0.0001,0.0001,0.0,0.0,-0.0042,0.0002,-0.033299997448921204,0.03359999880194664,0.4121900796890259,-0.4062100946903229,0.14580005407333374,-0.14160007238388062,0.0,0.0
1786168470.8515768,0.0111,-0.0112,0.3861,-0.3881,0.4749,-0.4763,1.1481,-0.263,0.0,0.0,0.0001,0.0,0.0,0.0,-0.0042,0.0002,-0.033299997448921204,0.03359999880194664,0.4121900796890259,-0.4062000811100006,0.14580005407333374,-0.14160007238388062,0.0,0.0
1786168470.8563485,0.0111,-0.0112,0.3861,-0.3881,0.4749,-0.4763,1.1481,-0.263,0.0,0.0,0.0001,0.0001,0.0,0.0,-0.0042,0.0002,-0.033299997448921204,0.03359999880194664,0.4121900796890259,-0.4062100946903229,0.14580005407333374,-0.14160007238388062,0.0,0.0
1786168470.8809638,0.0111,-0.0112,0.3861,-0.3881,0.4749,-0.4763,1.1481,-0.263,0.0,0.0,0.0001,0.0001,0.0,0.0,-0.0042,0.0002,-0.033299997448921204,0.03359999880194664,0.4121900796890259,-0.4062100946903229,0.14580005407333374,-0.14160007238388062,0.0,0.0
1786168470.885769,0.0111,-0.0112,0.3861,-0.3881,0.4749,-0.4763,1.148,-0.263,0.0,0.0,0.0001,0.0001,0.0,0.0,-0.0042,0.0002,-0.033299997448921204,0.03359999880194664,0.4121900796890259,-0.4062100946903229,0.14580005407333374,-0.14160007238388062,0.0,0.0
1786168470.892056,0.0111,-0.0112,0.3861,-0.3881,0.4749,-0.4763,1.148,-0.263,0.0,0.0,0.0001,0.0001,0.0,0.0,-0.0042,0.0002,-0.033299997448921204,0.03359999880194664,0.4121900796890259,-0.4062100946903229,0.14580005407333374,-0.14160007238388062,0.0,0.0
1786168470.8965945,0.0111,-0.0112,0.3861,-0.3881,0.4749,-0.4763,1.148,-0.263,0.0,0.0,0.0001,0.0001,0.0,0.0,-0.0042,0.0002,-0.033299997448921204,0.03359999880194664,0.4121900796890259,-0.4062100946903229,0.14580005407333374,-0.14160007238388062,0.0,0.0
1786168470.9231324,0.0111,-0.0112,0.3861,-0.3881,0.4749,-0.4763,1.148,-0.263,0.0,0.0,0.0001,0.0001,0.0,0.0,-0.0042,0.0002,-0.033299997448921204,0.03359999880194664,0.4121900796890259,-0.4062100946903229,0.14580005407333374,-0.14160007238388062,0.0,0.0
1786168470.9268708,0.0111,-0.0112,0.3861,-0.3881,0.4749,-0.4763,1.148,-0.263,0.0,0.0,0.0001,0.0001,0.0,0.0,-0.0043,0.0002,-0.033299997448921204,0.03359999880194664,0.4121900796890259,-0.4062100946903229,0.14580005407333374,-0.14160007238388062,0.0,0.0
1786168470.9319475,0.0111,-0.0112,0.3861,-0.3881,0.4749,-0.4763,1.1479,-0.263,0.0,0.0,0.0001,0.0001,0.0,0.0,-0.0043,0.0002,-0.033299997448921204,0.03359999880194664,0.4121900796890259,-0.4062100946903229,0.14580005407333374,-0.14160007238388062,0.0,0.0
1786168470.9560807,0.0111,-0.0112,0.3861,-0.3881,0.4749,-0.4763,1.1479,-0.263,0.0,0.0,0.0001,0.0001,0.0,0.0,-0.0043,0.0002,-0.033299997448921204,0.03359999880194664,0.4121900796890259,-0.4062100946903229,0.14580005407333374,-0.14160007238388062,0.0,0.0
1786168470.961483,0.0111,-0.0112,0.3861,-0.3881,0.4749,-0.4763,1.1479,-0.263,0.0,0.0,0.0001,0.0001,0.0,0.0,-0.0043,0.0002,-0.033299997448921204,0.03359999880194664,0.4121900796890259,-0.4062100946903229,0.14580005407333374,-0.14160007238388062,0.0,0.0
1786168470.9678512,0.0111,-0.0112,0.3861,-0.3881,0.4749,-0.4763,1.1479,-0.263,0.0,0.0,0.0001,0.0001,0.0,0.0,-0.0043,0.0002,-0.033299997448921204,0.03359999880194664,0.4121900796890259,-0.4062100946903229,0.14580005407333374,-0.14160007238388062,0.0,0.0
1786168470.9928327,0.0111,-0.0112,0.3861,-0.3881,0.4749,-0.4763,1.1479,-0.263,0.0,0.0,0.0001,0.0001,0.0,0.0,-0.0043,0.0003,-0.033299997448921204,0.03359999880194664,0.4121900796890259,-0.4062100946903229,0.14580005407333374,-0.14160007238388062,0.0,0.0
1786168470.9982038,0.0111,-0.0112,0.3861,-0.3881,0.4749,-0.4763,1.1478,-0.263,0.0,0.0,0.0001,0.0001,0.0,0.0,-0.0043,0.0003,-0.033299997448921204,0.03359999880194664,0.4121900796890259,-0.4062100946903229,0.14580005407333374,-0.14160007238388062,0.0,0.0
1786168471.0033176,0.0111,-0.0112,0.3861,-0.3881,0.4749,-0.4763,1.1478,-0.263,0.0,0.0,0.0001,0.0001,0.0,0.0,-0.0043,0.0003,-0.033299997448921204,0.03359999880194664,0.4121900796890259,-0.4062100946903229,0.14580005407333374,-0.14160007238388062,0.0,0.0
1786168471.0081506,0.0111,-0.0112,0.3861,-0.3881,0.4749,-0.4763,1.1478,-0.263,0.0,0.0,0.0001,0.0001,0.0,0.0,-0.0043,0.0003,-0.033299997448921204,0.03359999880194664,0.4121900796890259,-0.4062100946903229,0.14580005407333374,-0.14160007238388062,0.0,0.0
1786168471.0322554,0.0111,-0.0112,0.3861,-0.3881,0.4749,-0.4763,1.1478,-0.263,0.0,0.0,0.0001,0.0001,0.0,0.0,-0.0043,0.0003,-0.033299997448921204,0.03359999880194664,0.4121900796890259,-0.4062100946903229,0.14580005407333374,-0.14160007238388062,0.0,0.0
1786168471.0374548,0.0111,-0.0112,0.3861,-0.3881,0.4749,-0.4763,1.1478,-0.263,0.0,0.0,0.0001,0.0001,0.0,0.0,-0.0044,0.0003,-0.033299997448921204,0.03359999880194664,0.4121900796890259,-0.4062100946903229,0.14580005407333374,-0.14160007238388062,0.0,0.0
1786168471.042782,0.0111,-0.0112,0.3861,-0.3881,0.4749,-0.4763,1.1477,-0.263,0.0,0.0,0.0001,0.0001,0.0,0.0,-0.0044,0.0003,-0.033299997448921204,0.03359999880194664,0.4121900796890259,-0.4062100946903229,0.14580005407333374,-0.14160007238388062,0.0,0.0
1786168471.0669756,0.0111,-0.0112,0.3861,-0.388,0.4749,-0.4763,1.1477,-0.263,0.0,0.0,0.0001,0.0001,0.0,0.0,-0.0044,0.0003,-0.033299997448921204,0.03359999880194664,0.4121900796890259,-0.40651005506515503,0.14580005407333374,-0.14160007238388062,0.0,0.0
1786168471.0720942,0.0111,-0.0112,0.3861,-0.388,0.4749,-0.4763,1.1477,-0.263,0.0,0.0,0.0001,0.0001,0.0,0.0,-0.0044,0.0003,-0.033299997448921204,0.03359999880194664,0.4121900796890259,-0.40651005506515503,0.14580005407333374,-0.14160007238388062,0.0,0.0
1786168471.0779734,0.0111,-0.0112,0.3861,-0.388,0.4749,-0.4763,1.1477,-0.263,0.0,0.0,0.0001,0.0001,0.0,0.0,-0.0044,0.0003,-0.033299997448921204,0.03359999880194664,0.4121900796890259,-0.40651005506515503,0.14580005407333374,-0.14160007238388062,0.0,0.0
1786168471.1030512,0.0111,-0.0112,0.3861,-0.388,0.4749,-0.4763,1.1477,-0.263,0.0,0.0,0.0001,0.0001,0.0,0.0,-0.0044,0.0003,-0.033299997448921204,0.03359999880194664,0.4121900796890259,-0.40651005506515503,0.14580005407333374,-0.14160007238388062,0.0,0.0
1786168471.1079202,0.0111,-0.0112,0.3861,-0.388,0.4749,-0.4763,1.1476,-0.263,0.0,0.0,0.0001,0.0001,0.0,0.0,-0.0044,0.0003,-0.033299997448921204,0.03359999880194664,0.4121900796890259,-0.40651005506515503,0.14580005407333374,-0.14160007238388062,0.0,0.0
1786168471.1134973,0.0111,-0.0112,0.3861,-0.388,0.4749,-0.4763,1.1476,-0.263,0.0,0.0,0.0001,0.0001,0.0,0.0,-0.0044,0.0003,-0.033299997448921204,0.03359999880194664,0.4121900796890259,-0.40651005506515503,0.14580005407333374,-0.14160007238388062,0.0,0.0
1786168471.118539,0.0111,-0.0112,0.3861,-0.388,0.4749,-0.4763,1.1476,-0.263,0.0,0.0,0.0001,0.0,0.0,0.0,-0.0044,0.0003,-0.033299997448921204,0.03359999880194664,0.4121900796890259,-0.40650004148483276,0.14580005407333374,-0.14160007238388062,0.0,0.0
1786168471.143479,0.0111,-0.0112,0.3861,-0.388,0.4749,-0.4763,1.1476,-0.263,0.0,0.0,0.0001,0.0001,0.0,0.0,-0.0044,0.0003,-0.033299997448921204,0.03359999880194664,0.4121900796890259,-0.40651005506515503,0.14580005407333374,-0.14160007238388062,0.0,0.0
1786168471.1489346,0.0111,-0.0112,0.3861,-0.388,0.4749,-0.4763,1.1475,-0.263,0.0,0.0,0.0001,0.0001,0.0,0.0,-0.0045,0.0003,-0.033299997448921204,0.03359999880194664,0.4121900796890259,-0.40651005506515503,0.14580005407333374,-0.14160007238388062,0.0,0.0
1786168471.1542995,0.0111,-0.0112,0.3861,-0.388,0.4749,-0.4763,1.1475,-0.263,0.0,0.0,0.0001,0.0001,0.0,0.0,-0.0045,0.0003,-0.033299997448921204,0.03359999880194664,0.4121900796890259,-0.40651005506515503,0.14580005407333374,-0.14160007238388062,0.0,0.0
1786168471.178641,0.0111,-0.0112,0.3861,-0.388,0.4749,-0.4763,1.1475,-0.263,0.0,0.0,0.0001,0.0001,0.0,0.0,-0.0045,0.0003,-0.033299997448921204,0.03359999880194664,0.4121900796890259,-0.40651005506515503,0.14580005407333374,-0.14160007238388062,0.0,0.0
1786168471.1868804,0.0111,-0.0112,0.3861,-0.388,0.4749,-0.4763,1.1475,-0.263,0.0,0.0,0.0001,0.0001,0.0,0.0,-0.0045,0.0003,-0.033299997448921204,0.03359999880194664,0.4121900796890259,-0.40651005506515503,0.14580005407333374,-0.14160007238388062,0.0,0.0
1786168471.1890984,0.0111,-0.0112,0.3861,-0.388,0.4749,-0.4763,1.1475,-0.263,0.0,0.0,0.0001,0.0001,0.0,0.0,-0.0045,0.0003,-0.033299997448921204,0.03359999880194664,0.4121900796890259,-0.40651005506515503,0.14580005407333374,-0.14160007238388062,0.0,0.0
1786168471.2141356,0.0111,-0.0112,0.3861,-0.388,0.4749,-0.4763,1.1474,-0.263,0.0,0.0,0.0001,0.0001,0.0,0.0,-0.0045,0.0003,-0.033299997448921204,0.03359999880194664,0.4121900796890259,-0.40651005506515503,0.14580005407333374,-0.14160007238388062,0.0,0.0
1786168471.2197695,0.0111,-0.0112,0.3861,-0.388,0.4749,-0.4763,1.1474,-0.263,0.0,0.0,0.0001,0.0001,0.0,0.0,-0.0045,0.0003,-0.033299997448921204,0.03359999880194664,0.4121900796890259,-0.40651005506515503,0.14580005407333374,-0.14160007238388062,0.0,0.0
1786168471.225464,0.0111,-0.0112,0.3861,-0.388,0.4749,-0.4763,1.1474,-0.263,0.0,0.0,0.0001,0.0001,0.0,0.0,-0.0045,0.0003,-0.033299997448921204,0.03359999880194664,0.4121900796890259,-0.40651005506515503,0.14580005407333374,-0.14160007238388062,0.0,0.0
1786168471.2307718,0.0111,-0.0112,0.3861,-0.388,0.4749,-0.4763,1.1474,-0.263,0.0,0.0,0.0001,0.0001,0.0,0.0,-0.0045,0.0003,-0.033299997448921204,0.03359999880194664,0.4121900796890259,-0.40651005506515503,0.14580005407333374,-0.14160007238388062,0.0,0.0
1786168471.2558746,0.0111,-0.0112,0.3861,-0.388,0.4749,-0.4763,1.1474,-0.263,0.0,0.0,0.0001,0.0001,0.0,0.0,-0.0045,0.0003,-0.033299997448921204,0.03359999880194664,0.4121900796890259,-0.40651005506515503,0.14580005407333374,-0.14160007238388062,0.0,0.0
1786168471.2607703,0.0111,-0.0112,0.3861,-0.388,0.4749,-0.4763,1.1473,-0.263,0.0,0.0,0.0001,0.0001,0.0,0.0,-0.0045,0.0003,-0.033299997448921204,0.03359999880194664,0.4121900796890259,-0.40651005506515503,0.14580005407333374,-0.14160007238388062,0.0,0.0
1786168471.266729,0.0111,-0.0112,0.3861,-0.388,0.4749,-0.4763,1.1473,-0.263,0.0,0.0,0.0001,0.0,0.0,0.0,-0.0046,0.0003,-0.033299997448921204,0.03359999880194664,0.4121900796890259,-0.40650004148483276,0.14580005407333374,-0.14160007238388062,0.0,0.0
1786168471.2919245,0.0111,-0.0112,0.3861,-0.388,0.4749,-0.4763,1.1473,-0.263,0.0,0.0,0.0001,0.0,0.0,0.0,-0.0046,0.0003,-0.033299997448921204,0.03359999880194664,0.4121900796890259,-0.40650004148483276,0.14580005407333374,-0.14160007238388062,0.0,0.0
1786168471.297156,0.0111,-0.0112,0.3861,-0.388,0.4749,-0.4763,1.1473,-0.263,0.0,0.0,0.0001,0.0001,0.0,0.0,-0.0046,0.0003,-0.033299997448921204,0.03359999880194664,0.4121900796890259,-0.40651005506515503,0.14580005407333374,-0.14160007238388062,0.0,0.0
1786168471.3024375,0.0111,-0.0112,0.3861,-0.388,0.4749,-0.4763,1.1472,-0.263,0.0,0.0,0.0001,0.0001,0.0,0.0,-0.0046,0.0003,-0.033299997448921204,0.03359999880194664,0.4121900796890259,-0.40651005506515503,0.14580005407333374,-0.14160007238388062,0.0,0.0
1786168471.3269885,0.0111,-0.0112,0.3861,-0.388,0.4749,-0.4763,1.1472,-0.263,0.0,0.0,0.0001,0.0001,0.0,0.0,-0.0046,0.0003,-0.033299997448921204,0.03359999880194664,0.4121900796890259,-0.40651005506515503,0.14580005407333374,-0.14160007238388062,0.0,0.0
1786168471.3321052,0.0111,-0.0112,0.3861,-0.388,0.4749,-0.4763,1.1472,-0.263,0.0,0.0,0.0001,0.0001,0.0,0.0,-0.0046,0.0003,-0.033299997448921204,0.03359999880194664,0.4121900796890259,-0.40651005506515503,0.14580005407333374,-0.14160007238388062,0.0,0.0
1786168471.338134,0.0111,-0.0112,0.3861,-0.388,0.4749,-0.4763,1.1472,-0.263,0.0,0.0,0.0001,0.0001,0.0,0.0,-0.0046,0.0003,-0.033299997448921204,0.03359999880194664,0.4121900796890259,-0.40651005506515503,0.14580005407333374,-0.14160007238388062,0.0,0.0
1786168471.343264,0.0111,-0.0112,0.3861,-0.388,0.4749,-0.4763,1.1472,-0.263,0.0,0.0,0.0001,0.0001,0.0,0.0,-0.0046,0.0003,-0.033299997448921204,0.03359999880194664,0.4121900796890259,-0.40651005506515503,0.14580005407333374,-0.14160007238388062,0.0,0.0
1786168471.3681886,0.0111,-0.0112,0.3861,-0.388,0.4749,-0.4763,1.1471,-0.263,0.0,0.0,0.0001,0.0001,0.0,0.0,-0.0046,0.0003,-0.033299997448921204,0.03359999880194664,0.4121900796890259,-0.40651005506515503,0.14580005407333374,-0.14160007238388062,0.0,0.0
1786168471.3735037,0.0111,-0.0112,0.3861,-0.388,0.4749,-0.4763,1.1471,-0.263,0.0,0.0,0.0001,0.0001,0.0,0.0,-0.0046,0.0003,-0.033299997448921204,0.03359999880194664,0.4121900796890259,-0.40651005506515503,0.14580005407333374,-0.14160007238388062,0.0,0.0
1786168471.37864,0.0111,-0.0112,0.3861,-0.388,0.4749,-0.4763,1.1471,-0.263,0.0,0.0,0.0001,0.0001,0.0,0.0,-0.0047,0.0003,-0.033299997448921204,0.03359999880194664,0.4121900796890259,-0.40651005506515503,0.14580005407333374,-0.14160007238388062,0.0,0.0
1786168471.4032433,0.0111,-0.0112,0.3861,-0.388,0.4749,-0.4763,1.1471,-0.263,0.0,0.0,0.0001,0.0001,0.0,0.0,-0.0047,0.0003,-0.033299997448921204,0.03359999880194664,0.4121900796890259,-0.40651005506515503,0.14580005407333374,-0.14160007238388062,0.0,0.0
1786168471.408861,0.0111,-0.0112,0.3861,-0.388,0.4749,-0.4763,1.1471,-0.263,0.0,0.0,0.0001,0.0001,0.0,0.0,-0.0047,0.0003,-0.033299997448921204,0.03359999880194664,0.4121900796890259,-0.40651005506515503,0.14580005407333374,-0.14160007238388062,0.0,0.0
1786168471.4140363,0.0111,-0.0112,0.3861,-0.388,0.4749,-0.4763,1.147,-0.263,0.0,0.0,0.0001,0.0001,0.0,0.0,-0.0047,0.0003,-0.033299997448921204,0.03359999880194664,0.4121900796890259,-0.40651005506515503,0.14580005407333374,-0.14160007238388062,0.0,0.0
1786168471.438976,0.0111,-0.0112,0.3861,-0.388,0.4749,-0.4763,1.147,-0.263,0.0,0.0,0.0001,0.0001,0.0,0.0,-0.0047,0.0003,-0.033299997448921204,0.03359999880194664,0.4121900796890259,-0.40651005506515503,0.14580005407333374,-0.14160007238388062,0.0,0.0
1786168471.4465644,0.0111,-0.0112,0.3861,-0.388,0.4749,-0.4763,1.147,-0.263,0.0,0.0,0.0001,0.0001,0.0,0.0,-0.0047,0.0003,-0.033299997448921204,0.03359999880194664,0.4121900796890259,-0.40651005506515503,0.14580005407333374,-0.14160007238388062,0.0,0.0
1786168471.4523883,0.0111,-0.0112,0.3861,-0.388,0.4749,-0.4763,1.147,-0.263,0.0,0.0,0.0001,0.0001,0.0,0.0,-0.0047,0.0003,-0.033299997448921204,0.03359999880194664,0.4121900796890259,-0.40651005506515503,0.14580005407333374,-0.14160007238388062,0.0,0.0
1786168471.4549615,0.0111,-0.0112,0.3861,-0.388,0.4749,-0.4763,1.1469,-0.263,0.0,0.0,0.0001,0.0001,0.0,0.0,-0.0047,0.0003,-0.033299997448921204,0.03359999880194664,0.4121900796890259,-0.40651005506515503,0.14580005407333374,-0.14160007238388062,0.0,0.0
1786168471.4795516,0.0111,-0.0112,0.3861,-0.388,0.4749,-0.4763,1.1469,-0.263,0.0,0.0,0.0001,0.0001,0.0,0.0,-0.0047,0.0003,-0.033299997448921204,0.03359999880194664,0.4121900796890259,-0.40651005506515503,0.14580005407333374,-0.14160007238388062,0.0,0.0
1786168471.4849815,0.0111,-0.0112,0.3861,-0.388,0.4749,-0.4763,1.1469,-0.263,0.0,0.0,0.0001,0.0001,0.0,0.0,-0.0047,0.0003,-0.033299997448921204,0.03359999880194664,0.4121900796890259,-0.40651005506515503,0.14580005407333374,-0.14160007238388062,0.0,0.0
1786168471.4903734,0.0111,-0.0112,0.386,-0.388,0.4749,-0.4763,1.1469,-0.263,0.0,0.0,0.0001,0.0001,0.0,0.0,-0.0048,0.0003,-0.033299997448921204,0.03359999880194664,0.41249004006385803,-0.40651005506515503,0.14580005407333374,-0.14160007238388062,0.0,0.0
1786168471.5156732,0.0111,-0.0112,0.386,-0.388,0.4749,-0.4763,1.1469,-0.263,0.0,0.0,0.0001,0.0001,0.0,0.0,-0.0048,0.0003,-0.033299997448921204,0.03359999880194664,0.41249004006385803,-0.40651005506515503,0.14580005407333374,-0.14160007238388062,0.0,0.0
1786168471.5205226,0.0111,-0.0112,0.386,-0.388,0.4749,-0.4763,1.1468,-0.263,0.0,0.0,0.0001,0.0001,0.0,0.0,-0.0048,0.0003,-0.033299997448921204,0.03359999880194664,0.41249004006385803,-0.40651005506515503,0.14580005407333374,-0.14160007238388062,0.0,0.0
1786168471.5261345,0.0111,-0.0112,0.386,-0.388,0.4749,-0.4763,1.1468,-0.263,0.0,0.0,0.0001,0.0001,0.0,0.0,-0.0048,0.0003,-0.033299997448921204,0.03359999880194664,0.41249004006385803,-0.40651005506515503,0.14580005407333374,-0.14160007238388062,0.0,0.0
1786168471.553252,0.0111,-0.0112,0.386,-0.388,0.4749,-0.4763,1.1468,-0.263,0.0,0.0,0.0001,0.0001,0.0,0.0,-0.0048,0.0003,-0.033299997448921204,0.03359999880194664,0.41249004006385803,-0.40651005506515503,0.14580005407333374,-0.14160007238388062,0.0,0.0
1786168471.5587645,0.0111,-0.0112,0.386,-0.388,0.4749,-0.4763,1.1468,-0.263,0.0,0.0,0.0001,0.0001,0.0,0.0,-0.0048,0.0003,-0.033299997448921204,0.03359999880194664,0.41249004006385803,-0.40651005506515503,0.14580005407333374,-0.14160007238388062,0.0,0.0
1786168471.5651224,0.0111,-0.0112,0.386,-0.388,0.4749,-0.4763,1.1467,-0.263,0.0,0.0,0.0001,0.0,0.0,0.0,-0.0048,0.0003,-0.033299997448921204,0.03359999880194664,0.41249004006385803,-0.40650004148483276,0.14580005407333374,-0.14160007238388062,0.0,0.0
1786168471.5707626,0.0111,-0.0112,0.386,-0.388,0.4749,-0.4763,1.1467,-0.263,0.0,0.0,0.0001,0.0,0.0,0.0,-0.0048,0.0003,-0.033299997448921204,0.03359999880194664,0.41249004006385803,-0.40650004148483276,0.14580005407333374,-0.14160007238388062,0.0,0.0
1786168471.5983968,0.0111,-0.0112,0.386,-0.388,0.4749,-0.4763,1.1467,-0.263,0.0,0.0,0.0001,0.0001,0.0,0.0,-0.0048,0.0003,-0.033299997448921204,0.03359999880194664,0.41249004006385803,-0.40651005506515503,0.14580005407333374,-0.14160007238388062,0.0,0.0
1786168471.603835,0.0111,-0.0112,0.386,-0.388,0.4749,-0.4763,1.1467,-0.263,0.0,0.0,0.0001,0.0001,0.0,0.0,-0.0048,0.0003,-0.033299997448921204,0.03359999880194664,0.41249004006385803,-0.40651005506515503,0.14580005407333374,-0.14160007238388062,0.0,0.0
1786168471.6090147,0.0111,-0.0112,0.386,-0.388,0.4749,-0.4763,1.1467,-0.263,0.0,0.0,0.0001,0.0001,0.0,0.0,-0.0048,0.0003,-0.033299997448921204,0.03359999880194664,0.41249004006385803,-0.40651005506515503,0.14580005407333374,-0.14160007238388062,0.0,0.0
1786168471.6331973,0.0111,-0.0112,0.386,-0.388,0.4749,-0.4763,1.1466,-0.263,0.0,0.0,0.0001,0.0001,0.0,0.0,-0.0049,0.0003,-0.033299997448921204,0.03359999880194664,0.41249004006385803,-0.40651005506515503,0.14580005407333374,-0.14160007238388062,0.0,0.0
1786168471.6383524,0.0111,-0.0112,0.386,-0.388,0.4749,-0.4763,1.1466,-0.263,0.0,0.0,0.0001,0.0001,0.0,0.0,-0.0049,0.0003,-0.033299997448921204,0.03359999880194664,0.41249004006385803,-0.40651005506515503,0.14580005407333374,-0.14160007238388062,0.0,0.0
1786168471.6435041,0.0111,-0.0112,0.386,-0.388,0.4749,-0.4763,1.1466,-0.263,0.0,0.0,0.0001,0.0001,0.0,0.0,-0.0049,0.0003,-0.033299997448921204,0.03359999880194664,0.41249004006385803,-0.40651005506515503,0.14580005407333374,-0.14160007238388062,0.0,0.0
1786168471.6680002,0.0111,-0.0112,0.386,-0.388,0.4749,-0.4763,1.1466,-0.263,0.0,0.0,0.0001,0.0001,0.0,0.0,-0.0049,0.0004,-0.033299997448921204,0.03359999880194664,0.41249004006385803,-0.40651005506515503,0.14580005407333374,-0.14160007238388062,0.0,0.0
1786168471.6734776,0.0111,-0.0112,0.386,-0.388,0.4749,-0.4763,1.1465,-0.263,0.0,0.0,0.0001,0.0001,0.0,0.0,-0.0049,0.0004,-0.033299997448921204,0.03359999880194664,0.41249004006385803,-0.40651005506515503,0.14580005407333374,-0.14160007238388062,0.0,0.0
1786168471.6785512,0.0111,-0.0112,0.386,-0.388,0.4749,-0.4763,1.1465,-0.263,0.0,0.0,0.0001,0.0001,0.0,0.0,-0.0049,0.0004,-0.033299997448921204,0.03359999880194664,0.41249004006385803,-0.40651005506515503,0.14580005407333374,-0.14160007238388062,0.0,0.0
1786168471.6837115,0.0111,-0.0112,0.386,-0.388,0.4749,-0.4763,1.1465,-0.263,0.0,0.0,0.0001,0.0001,0.0,0.0,-0.0049,0.0004,-0.033299997448921204,0.03359999880194664,0.41249004006385803,-0.40651005506515503,0.14580005407333374,-0.14160007238388062,0.0,0.0
1786168471.7084005,0.0111,-0.0112,0.386,-0.388,0.4749,-0.4763,1.1465,-0.263,0.0,0.0,0.0001,0.0001,0.0,0.0,-0.0049,0.0004,-0.033299997448921204,0.03359999880194664,0.41249004006385803,-0.40651005506515503,0.14580005407333374,-0.14160007238388062,0.0,0.0
1786168471.7136023,0.0111,-0.0112,0.386,-0.388,0.4749,-0.4763,1.1464,-0.263,0.0,0.0,0.0001,0.0,0.0,0.0,-0.0049,0.0004,-0.033299997448921204,0.03359999880194664,0.41249004006385803,-0.40650004148483276,0.14580005407333374,-0.14160007238388062,0.0,0.0
1786168471.7198594,0.0111,-0.0112,0.386,-0.388,0.4749,-0.4763,1.1464,-0.263,0.0,0.0,0.0001,0.0001,0.0,0.0,-0.0049,0.0004,-0.033299997448921204,0.03359999880194664,0.41249004006385803,-0.40651005506515503,0.14580005407333374,-0.14160007238388062,0.0,0.0
1786168471.7491899,0.0111,-0.0112,0.386,-0.3879,0.4749,-0.4763,1.1464,-0.263,0.0,0.0,0.0001,0.0001,0.0,0.0,-0.005,0.0004,-0.033299997448921204,0.03359999880194664,0.41249004006385803,-0.40681010484695435,0.14580005407333374,-0.14160007238388062,0.0,0.0
1786168471.7547085,0.0111,-0.0112,0.386,-0.3879,0.4749,-0.4763,1.1464,-0.263,0.0,0.0,0.0001,0.0001,0.0,0.0,-0.005,0.0004,-0.033299997448921204,0.03359999880194664,0.41249004006385803,-0.40681010484695435,0.14580005407333374,-0.14160007238388062,0.0,0.0
1786168471.7600574,0.0111,-0.0112,0.386,-0.3879,0.4749,-0.4763,1.1464,-0.263,0.0,0.0,0.0001,0.0001,0.0,0.0,-0.005,0.0004,-0.033299997448921204,0.03359999880194664,0.41249004006385803,-0.40681010484695435,0.14580005407333374,-0.14160007238388062,0.0,0.0
1786168471.787197,0.0111,-0.0112,0.386,-0.3879,0.4749,-0.4763,1.1463,-0.263,0.0,0.0,0.0001,0.0001,0.0,0.0,-0.005,0.0004,-0.033299997448921204,0.03359999880194664,0.41249004006385803,-0.40681010484695435,0.14580005407333374,-0.14160007238388062,0.0,0.0
1786168471.7923439,0.0111,-0.0112,0.386,-0.3879,0.4749,-0.4763,1.1463,-0.263,0.0,0.0,0.0001,0.0001,0.0,0.0,-0.005,0.0004,-0.033299997448921204,0.03359999880194664,0.41249004006385803,-0.40681010484695435,0.14580005407333374,-0.14160007238388062,0.0,0.0
1786168471.7998405,0.0111,-0.0112,0.386,-0.3879,0.4749,-0.4763,1.1463,-0.263,0.0,0.0,0.0001,0.0001,0.0,0.0,-0.005,0.0004,-0.033299997448921204,0.03359999880194664,0.41249004006385803,-0.40681010484695435,0.14580005407333374,-0.14160007238388062,0.0,0.0
1786168471.8031545,0.0111,-0.0112,0.386,-0.3879,0.4749,-0.4763,1.1463,-0.263,0.0,0.0,0.0001,0.0001,0.0,0.0,-0.005,0.0004,-0.033299997448921204,0.03359999880194664,0.41249004006385803,-0.40681010484695435,0.14580005407333374,-0.14160007238388062,0.0,0.0
1786168471.8285403,0.0111,-0.0112,0.386,-0.3879,0.4749,-0.4763,1.1462,-0.263,0.0,0.0,0.0001,0.0001,0.0,0.0,-0.005,0.0004,-0.033299997448921204,0.03359999880194664,0.41249004006385803,-0.40681010484695435,0.14580005407333374,-0.14160007238388062,0.0,0.0
1786168471.8332152,0.0111,-0.0112,0.386,-0.3879,0.4749,-0.4763,1.1462,-0.263,0.0,0.0,0.0001,0.0001,0.0,0.0,-0.005,0.0004,-0.033299997448921204,0.03359999880194664,0.41249004006385803,-0.40681010484695435,0.14580005407333374,-0.14160007238388062,0.0,0.0
1786168471.8383207,0.0111,-0.0112,0.386,-0.3879,0.4749,-0.4763,1.1462,-0.263,0.0,0.0,0.0001,0.0001,0.0,0.0,-0.005,0.0004,-0.033299997448921204,0.03359999880194664,0.41249004006385803,-0.40681010484695435,0.14580005407333374,-0.14160007238388062,0.0,0.0
1786168471.8640723,0.0111,-0.0112,0.386,-0.3879,0.4749,-0.4763,1.1462,-0.263,0.0,0.0,0.0001,0.0001,0.0,0.0,-0.005,0.0004,-0.033299997448921204,0.03359999880194664,0.41249004006385803,-0.40681010484695435,0.14580005407333374,-0.14160007238388062,0.0,0.0
1786168471.8699253,0.0111,-0.0112,0.386,-0.3879,0.4749,-0.4763,1.1461,-0.263,0.0,0.0,0.0001,0.0,0.0,0.0,-0.0051,0.0004,-0.033299997448921204,0.03359999880194664,0.41249004006385803,-0.4068000912666321,0.14580005407333374,-0.14160007238388062,0.0,0.0
1786168471.8756397,0.0111,-0.0112,0.386,-0.3879,0.4749,-0.4763,1.1461,-0.263,0.0,0.0,0.0001,0.0001,0.0,0.0,-0.0051,0.0004,-0.033299997448921204,0.03359999880194664,0.41249004006385803,-0.40681010484695435,0.14580005407333374,-0.14160007238388062,0.0,0.0
1786168471.9003117,0.0111,-0.0112,0.386,-0.3879,0.4749,-0.4763,1.1461,-0.263,0.0,0.0,0.0001,0.0001,0.0,0.0,-0.0051,0.0004,-0.033299997448921204,0.03359999880194664,0.41249004006385803,-0.40681010484695435,0.14580005407333374,-0.14160007238388062,0.0,0.0
1786168471.906846,0.0111,-0.0112,0.386,-0.3879,0.4749,-0.4763,1.1461,-0.263,0.0,0.0,0.0001,0.0001,0.0,0.0,-0.0051,0.0004,-0.033299997448921204,0.03359999880194664,0.41249004006385803,-0.40681010484695435,0.14580005407333374,-0.14160007238388062,0.0,0.0
1786168471.9125848,0.0111,-0.0112,0.386,-0.3879,0.4749,-0.4763,1.146,-0.263,0.0,0.0,0.0001,0.0001,0.0,0.0,-0.0051,0.0004,-0.033299997448921204,0.03359999880194664,0.41249004006385803,-0.40681010484695435,0.14580005407333374,-0.14160007238388062,0.0,0.0
1786168471.9181387,0.0111,-0.0112,0.386,-0.3879,0.4749,-0.4763,1.146,-0.263,0.0,0.0,0.0001,0.0001,0.0,0.0,-0.0051,0.0004,-0.033299997448921204,0.03359999880194664,0.41249004006385803,-0.40681010484695435,0.14580005407333374,-0.14160007238388062,0.0,0.0
1786168471.9431694,0.0111,-0.0112,0.386,-0.3879,0.4749,-0.4763,1.146,-0.263,0.0,0.0,0.0001,0.0001,0.0,0.0,-0.0051,0.0004,-0.033299997448921204,0.03359999880194664,0.41249004006385803,-0.40681010484695435,0.14580005407333374,-0.14160007238388062,0.0,0.0
1786168471.947873,0.0111,-0.0112,0.386,-0.3879,0.4749,-0.4763,1.146,-0.263,0.0,0.0,0.0001,0.0001,0.0,0.0,-0.0051,0.0004,-0.033299997448921204,0.03359999880194664,0.41249004006385803,-0.40681010484695435,0.14580005407333374,-0.14160007238388062,0.0,0.0
1786168471.9534814,0.0111,-0.0112,0.386,-0.3879,0.4749,-0.4763,1.1459,-0.263,0.0,0.0,0.0001,0.0001,0.0,0.0,-0.0051,0.0004,-0.033299997448921204,0.03359999880194664,0.41249004006385803,-0.40681010484695435,0.14580005407333374,-0.14160007238388062,0.0,0.0
1786168471.97811,0.0111,-0.0112,0.386,-0.3879,0.4749,-0.4763,1.1459,-0.263,0.0,0.0,0.0001,0.0001,0.0,0.0,-0.0051,0.0004,-0.033299997448921204,0.03359999880194664,0.41249004006385803,-0.40681010484695435,0.14580005407333374,-0.14160007238388062,0.0,0.0
1786168471.984628,0.0111,-0.0112,0.386,-0.3879,0.4749,-0.4763,1.1459,-0.263,0.0,0.0,0.0001,0.0001,0.0,0.0,-0.0052,0.0004,-0.033299997448921204,0.03359999880194664,0.41249004006385803,-0.40681010484695435,0.14580005407333374,-0.14160007238388062,0.0,0.0
1786168471.9897337,0.0111,-0.0112,0.386,-0.3879,0.4749,-0.4763,1.1459,-0.263,0.0,0.0,0.0001,0.0001,0.0,0.0,-0.0052,0.0004,-0.033299997448921204,0.03359999880194664,0.41249004006385803,-0.40681010484695435,0.14580005407333374,-0.14160007238388062,0.0,0.0
1786168472.0143077,0.0111,-0.0112,0.386,-0.3879,0.4749,-0.4763,1.1458,-0.263,0.0,0.0,0.0001,0.0001,0.0,0.0,-0.0052,0.0004,-0.033299997448921204,0.03359999880194664,0.41249004006385803,-0.40681010484695435,0.14580005407333374,-0.14160007238388062,0.0,0.0
1786168472.019897,0.0111,-0.0112,0.386,-0.3879,0.4749,-0.4763,1.1458,-0.263,0.0,0.0,0.0001,0.0001,0.0,0.0,-0.0052,0.0004,-0.033299997448921204,0.03359999880194664,0.41249004006385803,-0.40681010484695435,0.14580005407333374,-0.14160007238388062,0.0,0.0
1786168472.0260997,0.0111,-0.0112,0.386,-0.3879,0.4749,-0.4763,1.1458,-0.263,0.0,0.0,0.0001,0.0001,0.0,0.0,-0.0052,0.0004,-0.033299997448921204,0.03359999880194664,0.41249004006385803,-0.40681010484695435,0.14580005407333374,-0.14160007238388062,0.0,0.0
1786168472.030687,0.0111,-0.0112,0.386,-0.3879,0.4749,-0.4763,1.1458,-0.263,0.0,0.0,0.0001,0.0001,0.0,0.0,-0.0052,0.0004,-0.033299997448921204,0.03359999880194664,0.41249004006385803,-0.40681010484695435,0.14580005407333374,-0.14160007238388062,0.0,0.0
1786168472.0565357,0.0111,-0.0112,0.386,-0.3879,0.4749,-0.4763,1.1457,-0.263,0.0,0.0,0.0001,0.0001,0.0,0.0,-0.0052,0.0004,-0.033299997448921204,0.03359999880194664,0.41249004006385803,-0.40681010484695435,0.14580005407333374,-0.14160007238388062,0.0,0.0
1786168472.062084,0.0111,-0.0112,0.386,-0.3879,0.4749,-0.4763,1.1457,-0.263,0.0,0.0,0.0001,0.0001,0.0,0.0,-0.0052,0.0004,-0.033299997448921204,0.03359999880194664,0.41249004006385803,-0.40681010484695435,0.14580005407333374,-0.14160007238388062,0.0,0.0
1786168472.0671623,0.0111,-0.0112,0.386,-0.3879,0.4749,-0.4763,1.1457,-0.263,0.0,0.0,0.0001,0.0001,0.0,0.0,-0.0052,0.0004,-0.033299997448921204,0.03359999880194664,0.41249004006385803,-0.40681010484695435,0.14580005407333374,-0.14160007238388062,0.0,0.0
1786168472.0923347,0.0111,-0.0112,0.386,-0.3879,0.4749,-0.4763,1.1457,-0.263,0.0,0.0,0.0001,0.0001,0.0,0.0,-0.0052,0.0004,-0.033299997448921204,0.03359999880194664,0.41249004006385803,-0.40681010484695435,0.14580005407333374,-0.14160007238388062,0.0,0.0
1786168472.096714,0.0111,-0.0112,0.386,-0.3879,0.4749,-0.4763,1.1456,-0.263,0.0,0.0,0.0001,0.0001,0.0,0.0,-0.0053,0.0004,-0.033299997448921204,0.03359999880194664,0.41249004006385803,-0.40681010484695435,0.14580005407333374,-0.14160007238388062,0.0,0.0
1786168472.101951,0.0111,-0.0112,0.386,-0.3879,0.4749,-0.4763,1.1456,-0.263,0.0,0.0,0.0001,0.0001,0.0,0.0,-0.0053,0.0004,-0.033299997448921204,0.03359999880194664,0.41249004006385803,-0.40681010484695435,0.14580005407333374,-0.14160007238388062,0.0,0.0
1786168472.126035,0.0111,-0.0112,0.386,-0.3879,0.4749,-0.4763,1.1456,-0.263,0.0,0.0,0.0001,0.0001,0.0,0.0,-0.0053,0.0004,-0.033299997448921204,0.03359999880194664,0.41249004006385803,-0.40681010484695435,0.14580005407333374,-0.14160007238388062,0.0,0.0
1786168472.1316762,0.0111,-0.0112,0.386,-0.3879,0.4749,-0.4763,1.1456,-0.263,0.0,0.0,0.0001,0.0001,0.0,0.0,-0.0053,0.0004,-0.033299997448921204,0.03359999880194664,0.41249004006385803,-0.40681010484695435,0.14580005407333374,-0.14160007238388062,0.0,0.0
1786168472.1366115,0.0111,-0.0112,0.386,-0.3879,0.4749,-0.4763,1.1455,-0.263,0.0,0.0,0.0001,0.0001,0.0,0.0,-0.0053,0.0004,-0.033299997448921204,0.03359999880194664,0.41249004006385803,-0.40681010484695435,0.14580005407333374,-0.14160007238388062,0.0,0.0
1786168472.142269,0.0111,-0.0112,0.386,-0.3879,0.4749,-0.4763,1.1455,-0.263,0.0,0.0,0.0001,0.0001,0.0,0.0,-0.0053,0.0004,-0.033299997448921204,0.03359999880194664,0.41249004006385803,-0.40681010484695435,0.14580005407333374,-0.14160007238388062,0.0,0.0
1786168472.1673644,0.0111,-0.0112,0.386,-0.3879,0.4749,-0.4763,1.1455,-0.263,0.0,0.0,0.0001,0.0001,0.0,0.0,-0.0053,0.0004,-0.033299997448921204,0.03359999880194664,0.41249004006385803,-0.40681010484695435,0.14580005407333374,-0.14160007238388062,0.0,0.0
1786168472.1719513,0.0111,-0.0112,0.386,-0.3879,0.4749,-0.4763,1.1455,-0.263,0.0,0.0,0.0001,0.0,0.0,0.0,-0.0053,0.0004,-0.033299997448921204,0.03359999880194664,0.41249004006385803,-0.4068000912666321,0.14580005407333374,-0.14160007238388062,0.0,0.0
1786168472.176973,0.0111,-0.0112,0.386,-0.3879,0.4749,-0.4763,1.1454,-0.263,0.0,0.0,0.0001,0.0001,0.0,0.0,-0.0053,0.0004,-0.033299997448921204,0.03359999880194664,0.41249004006385803,-0.40681010484695435,0.14580005407333374,-0.14160007238388062,0.0,0.0
1786168472.201369,0.0111,-0.0112,0.386,-0.3879,0.4749,-0.4763,1.1454,-0.263,0.0,0.0,0.0001,0.0001,0.0,0.0,-0.0053,0.0004,-0.033299997448921204,0.03359999880194664,0.41249004006385803,-0.40681010484695435,0.14580005407333374,-0.14160007238388062,0.0,0.0
1786168472.2074764,0.0111,-0.0112,0.386,-0.3879,0.4749,-0.4763,1.1454,-0.263,0.0,0.0,0.0001,0.0001,0.0,0.0,-0.0053,0.0004,-0.033299997448921204,0.03359999880194664,0.41249004006385803,-0.40681010484695435,0.14580005407333374,-0.14160007238388062,0.0,0.0
1786168472.2125156,0.0111,-0.0112,0.386,-0.3879,0.4749,-0.4763,1.1454,-0.263,0.0,0.0,0.0001,0.0001,0.0,0.0,-0.0054,0.0004,-0.033299997448921204,0.03359999880194664,0.41249004006385803,-0.40681010484695435,0.14580005407333374,-0.14160007238388062,0.0,0.0
1786168472.2361991,0.0111,-0.0112,0.386,-0.3879,0.4749,-0.4763,1.1453,-0.263,0.0,0.0,0.0001,0.0001,0.0,0.0,-0.0054,0.0004,-0.033299997448921204,0.03359999880194664,0.41249004006385803,-0.40681010484695435,0.14580005407333374,-0.14160007238388062,0.0,0.0
1786168472.2420647,0.0111,-0.0112,0.3859,-0.3879,0.4749,-0.4763,1.1453,-0.263,0.0,0.0,0.0001,0.0001,0.0,0.0,-0.0054,0.0004,-0.033299997448921204,0.03359999880194664,0.41279008984565735,-0.40681010484695435,0.14580005407333374,-0.14160007238388062,0.0,0.0
1786168472.246663,0.0111,-0.0112,0.3859,-0.3879,0.4749,-0.4763,1.1453,-0.263,0.0,0.0,0.0001,0.0001,0.0,0.0,-0.0054,0.0005,-0.033299997448921204,0.03359999880194664,0.41279008984565735,-0.40681010484695435,0.14580005407333374,-0.14160007238388062,0.0,0.0
1786168472.2522333,0.0111,-0.0112,0.3859,-0.3879,0.4749,-0.4763,1.1453,-0.263,0.0,0.0,0.0001,0.0001,0.0,0.0,-0.0054,0.0005,-0.033299997448921204,0.03359999880194664,0.41279008984565735,-0.40681010484695435,0.14580005407333374,-0.14160007238388062,0.0,0.0
1786168472.2765934,0.0111,-0.0112,0.3859,-0.3879,0.4749,-0.4763,1.1452,-0.263,0.0,0.0,0.0001,0.0001,0.0,0.0,-0.0054,0.0005,-0.033299997448921204,0.03359999880194664,0.41279008984565735,-0.40681010484695435,0.14580005407333374,-0.14160007238388062,0.0,0.0
1786168472.2824106,0.0111,-0.0112,0.3859,-0.3879,0.4749,-0.4763,1.1452,-0.263,0.0,0.0,0.0001,0.0001,0.0,0.0,-0.0054,0.0005,-0.033299997448921204,0.03359999880194664,0.41279008984565735,-0.40681010484695435,0.14580005407333374,-0.14160007238388062,0.0,0.0
1786168472.2871785,0.0111,-0.0112,0.3859,-0.3879,0.4749,-0.4763,1.1452,-0.263,0.0,0.0,0.0001,0.0001,0.0,0.0,-0.0054,0.0005,-0.033299997448921204,0.03359999880194664,0.41279008984565735,-0.40681010484695435,0.14580005407333374,-0.14160007238388062,0.0,0.0
1786168472.3112736,0.0111,-0.0112,0.3859,-0.3879,0.4749,-0.4763,1.1452,-0.263,0.0,0.0,0.0001,0.0001,0.0,0.0,-0.0054,0.0005,-0.033299997448921204,0.03359999880194664,0.41279008984565735,-0.40681010484695435,0.14580005407333374,-0.14160007238388062,0.0,0.0
1786168472.3164005,0.0111,-0.0112,0.3859,-0.3879,0.4749,-0.4763,1.1451,-0.263,0.0,0.0,0.0001,0.0001,0.0,0.0,-0.0054,0.0005,-0.033299997448921204,0.03359999880194664,0.41279008984565735,-0.40681010484695435,0.14580005407333374,-0.14160007238388062,0.0,0.0
1786168472.3212678,0.0111,-0.0112,0.3859,-0.3879,0.4749,-0.4763,1.1451,-0.263,0.0,0.0,0.0001,0.0001,0.0,0.0,-0.0055,0.0005,-0.033299997448921204,0.03359999880194664,0.41279008984565735,-0.40681010484695435,0.14580005407333374,-0.14160007238388062,0.0,0.0
1786168472.3461363,0.0111,-0.0112,0.3859,-0.3879,0.4749,-0.4763,1.1451,-0.263,0.0,0.0,0.0001,0.0001,0.0,0.0,-0.0055,0.0005,-0.033299997448921204,0.03359999880194664,0.41279008984565735,-0.40681010484695435,0.14580005407333374,-0.14160007238388062,0.0,0.0
1786168472.3510957,0.0111,-0.0112,0.3859,-0.3879,0.4749,-0.4763,1.1451,-0.263,0.0,0.0,0.0001,0.0001,0.0,0.0,-0.0055,0.0005,-0.033299997448921204,0.03359999880194664,0.41279008984565735,-0.40681010484695435,0.14580005407333374,-0.14160007238388062,0.0,0.0
1786168472.356329,0.0111,-0.0112,0.3859,-0.3879,0.4749,-0.4763,1.145,-0.263,0.0,0.0,0.0001,0.0001,0.0,0.0,-0.0055,0.0005,-0.033299997448921204,0.03359999880194664,0.41279008984565735,-0.40681010484695435,0.14580005407333374,-0.14160007238388062,0.0,0.0
1786168472.3620882,0.0111,-0.0112,0.3859,-0.3879,0.4749,-0.4763,1.145,-0.263,0.0,0.0,0.0001,0.0001,0.0,0.0,-0.0055,0.0005,-0.033299997448921204,0.03359999880194664,0.41279008984565735,-0.40681010484695435,0.14580005407333374,-0.14160007238388062,0.0,0.0
1786168472.3887906,0.0111,-0.0112,0.3859,-0.3879,0.4749,-0.4763,1.145,-0.263,0.0,0.0,0.0001,0.0001,0.0,0.0,-0.0055,0.0005,-0.033299997448921204,0.03359999880194664,0.41279008984565735,-0.40681010484695435,0.14580005407333374,-0.14160007238388062,0.0,0.0
1786168472.394832,0.0111,-0.0112,0.3859,-0.3879,0.4749,-0.4763,1.145,-0.263,0.0,0.0,0.0001,0.0001,0.0,0.0,-0.0055,0.0005,-0.033299997448921204,0.03359999880194664,0.41279008984565735,-0.40681010484695435,0.14580005407333374,-0.14160007238388062,0.0,0.0
1786168472.400052,0.0111,-0.0112,0.3859,-0.3879,0.4749,-0.4763,1.1449,-0.263,0.0,0.0,0.0001,0.0001,0.0,0.0,-0.0055,0.0005,-0.033299997448921204,0.03359999880194664,0.41279008984565735,-0.40681010484695435,0.14580005407333374,-0.14160007238388062,0.0,0.0
1786168472.4243777,0.0111,-0.0112,0.3859,-0.3878,0.4749,-0.4763,1.1449,-0.263,0.0,0.0,0.0001,0.0001,0.0,0.0,-0.0055,0.0005,-0.033299997448921204,0.03359999880194664,0.41279008984565735,-0.4071100652217865,0.14580005407333374,-0.14160007238388062,0.0,0.0
1786168472.4306786,0.0111,-0.0112,0.3859,-0.3878,0.4749,-0.4763,1.1449,-0.263,0.0,0.0,0.0001,0.0001,0.0,0.0,-0.0055,0.0005,-0.033299997448921204,0.03359999880194664,0.41279008984565735,-0.4071100652217865,0.14580005407333374,-0.14160007238388062,0.0,0.0
1786168472.435035,0.0111,-0.0112,0.3859,-0.3878,0.4749,-0.4763,1.1449,-0.263,0.0,0.0,0.0001,0.0001,0.0,0.0,-0.0055,0.0005,-0.033299997448921204,0.03359999880194664,0.41279008984565735,-0.4071100652217865,0.14580005407333374,-0.14160007238388062,0.0,0.0
1786168472.4609475,0.0111,-0.0112,0.3859,-0.3878,0.4749,-0.4763,1.1448,-0.263,0.0,0.0,0.0001,0.0001,0.0,0.0,-0.0056,0.0005,-0.033299997448921204,0.03359999880194664,0.41279008984565735,-0.4071100652217865,0.14580005407333374,-0.14160007238388062,0.0,0.0
1786168472.4662707,0.0111,-0.0112,0.3859,-0.3878,0.4749,-0.4763,1.1448,-0.263,0.0,0.0,0.0001,0.0,0.0,0.0,-0.0056,0.0005,-0.033299997448921204,0.03359999880194664,0.41279008984565735,-0.40710005164146423,0.14580005407333374,-0.14160007238388062,0.0,0.0
1786168472.4716752,0.0111,-0.0112,0.3859,-0.3878,0.4749,-0.4763,1.1448,-0.2629,0.0,0.0,0.0001,0.0001,0.0,0.0,-0.0056,0.0005,-0.033299997448921204,0.03359999880194664,0.41279008984565735,-0.4071100652217865,0.14580005407333374,-0.14160007238388062,0.0,0.0
1786168472.4768095,0.0111,-0.0112,0.3859,-0.3878,0.4749,-0.4763,1.1447,-0.2629,0.0,0.0,0.0001,0.0001,0.0,0.0,-0.0056,0.0005,-0.033299997448921204,0.03359999880194664,0.41279008984565735,-0.4071100652217865,0.14580005407333374,-0.14160007238388062,0.0,0.0
1786168472.5013967,0.0111,-0.0112,0.3859,-0.3878,0.4749,-0.4763,1.1447,-0.2629,0.0,0.0,0.0001,0.0001,0.0,0.0,-0.0056,0.0005,-0.033299997448921204,0.03359999880194664,0.41279008984565735,-0.4071100652217865,0.14580005407333374,-0.14160007238388062,0.0,0.0
1786168472.5069728,0.0111,-0.0112,0.3859,-0.3878,0.4749,-0.4763,1.1447,-0.2629,0.0,0.0,0.0001,0.0001,0.0,0.0,-0.0056,0.0005,-0.033299997448921204,0.03359999880194664,0.41279008984565735,-0.4071100652217865,0.14580005407333374,-0.14160007238388062,0.0,0.0
1786168472.5122347,0.0111,-0.0112,0.3859,-0.3878,0.4749,-0.4763,1.1447,-0.2629,0.0,0.0,0.0001,0.0001,0.0,0.0,-0.0056,0.0005,-0.033299997448921204,0.03359999880194664,0.41279008984565735,-0.4071100652217865,0.14580005407333374,-0.14160007238388062,0.0,0.0
1786168472.5403624,0.0111,-0.0112,0.3859,-0.3878,0.4749,-0.4763,1.1446,-0.2629,0.0,0.0,0.0001,0.0001,0.0,0.0,-0.0056,0.0005,-0.033299997448921204,0.03359999880194664,0.41279008984565735,-0.4071100652217865,0.14580005407333374,-0.14160007238388062,0.0,0.0
1786168472.545474,0.0111,-0.0112,0.3859,-0.3878,0.4749,-0.4763,1.1446,-0.2629,0.0,0.0,0.0001,0.0001,0.0,0.0,-0.0056,0.0005,-0.033299997448921204,0.03359999880194664,0.41279008984565735,-0.4071100652217865,0.14580005407333374,-0.14160007238388062,0.0,0.0
1786168472.5504398,0.0111,-0.0112,0.3859,-0.3878,0.4749,-0.4763,1.1446,-0.2629,0.0,0.0,0.0001,0.0001,0.0,0.0,-0.0056,0.0005,-0.033299997448921204,0.03359999880194664,0.41279008984565735,-0.4071100652217865,0.14580005407333374,-0.14160007238388062,0.0,0.0
1786168472.5743775,0.0111,-0.0112,0.3859,-0.3878,0.4749,-0.4763,1.1446,-0.2629,0.0,0.0,0.0001,0.0001,0.0,0.0,-0.0057,0.0005,-0.033299997448921204,0.03359999880194664,0.41279008984565735,-0.4071100652217865,0.14580005407333374,-0.14160007238388062,0.0,0.0
1786168472.580049,0.0111,-0.0112,0.3859,-0.3878,0.4749,-0.4763,1.1445,-0.2629,0.0,0.0,0.0001,0.0001,0.0,0.0,-0.0057,0.0005,-0.033299997448921204,0.03359999880194664,0.41279008984565735,-0.4071100652217865,0.14580005407333374,-0.14160007238388062,0.0,0.0
1786168472.586643,0.0111,-0.0112,0.3859,-0.3878,0.4749,-0.4763,1.1445,-0.2629,0.0,0.0,0.0001,0.0001,0.0,0.0,-0.0057,0.0005,-0.033299997448921204,0.03359999880194664,0.41279008984565735,-0.4071100652217865,0.14580005407333374,-0.14160007238388062,0.0,0.0
1786168472.5924156,0.0111,-0.0112,0.3859,-0.3878,0.4749,-0.4763,1.1445,-0.2629,0.0,0.0,0.0001,0.0,0.0,0.0,-0.0057,0.0005,-0.033299997448921204,0.03359999880194664,0.41279008984565735,-0.40710005164146423,0.14580005407333374,-0.14160007238388062,0.0,0.0
1786168472.617528,0.0111,-0.0112,0.3859,-0.3878,0.4749,-0.4763,1.1445,-0.2629,0.0,0.0,0.0001,0.0,0.0,0.0,-0.0057,0.0005,-0.033299997448921204,0.03359999880194664,0.41279008984565735,-0.40710005164146423,0.14580005407333374,-0.14160007238388062,0.0,0.0
1786168472.6229405,0.0111,-0.0112,0.3859,-0.3878,0.4749,-0.4763,1.1444,-0.2629,0.0,0.0,0.0001,0.0001,0.0,0.0,-0.0057,0.0005,-0.033299997448921204,0.03359999880194664,0.41279008984565735,-0.4071100652217865,0.14580005407333374,-0.14160007238388062,0.0,0.0
1786168472.6289876,0.0111,-0.0112,0.3859,-0.3878,0.4749,-0.4763,1.1444,-0.2629,0.0,0.0,0.0001,0.0001,0.0,0.0,-0.0057,0.0005,-0.033299997448921204,0.03359999880194664,0.41279008984565735,-0.4071100652217865,0.14580005407333374,-0.14160007238388062,0.0,0.0
1786168472.6560128,0.0111,-0.0112,0.3859,-0.3878,0.4749,-0.4763,1.1444,-0.2629,0.0,0.0,0.0001,0.0001,0.0,0.0,-0.0057,0.0005,-0.033299997448921204,0.03359999880194664,0.41279008984565735,-0.4071100652217865,0.14580005407333374,-0.14160007238388062,0.0,0.0
1786168472.6621706,0.0111,-0.0112,0.3859,-0.3878,0.4749,-0.4763,1.1444,-0.2629,0.0,0.0,0.0001,0.0001,0.0,0.0,-0.0057,0.0005,-0.033299997448921204,0.03359999880194664,0.41279008984565735,-0.4071100652217865,0.14580005407333374,-0.14160007238388062,0.0,0.0
1786168472.6678965,0.0111,-0.0112,0.3859,-0.3878,0.4749,-0.4763,1.1443,-0.2629,0.0,0.0,0.0001,0.0001,0.0,0.0,-0.0057,0.0005,-0.033299997448921204,0.03359999880194664,0.41279008984565735,-0.4071100652217865,0.14580005407333374,-0.14160007238388062,0.0,0.0
1786168472.6937616,0.0111,-0.0112,0.3859,-0.3878,0.4749,-0.4763,1.1443,-0.2629,0.0,0.0,0.0001,0.0001,0.0,0.0,-0.0057,0.0005,-0.033299997448921204,0.03359999880194664,0.41279008984565735,-0.4071100652217865,0.14580005407333374,-0.14160007238388062,0.0,0.0
1786168472.6991155,0.0111,-0.0112,0.3859,-0.3878,0.4749,-0.4763,1.1443,-0.2629,0.0,0.0,0.0001,0.0001,0.0,0.0,-0.0058,0.0005,-0.033299997448921204,0.03359999880194664,0.41279008984565735,-0.4071100652217865,0.14580005407333374,-0.14160007238388062,0.0,0.0
1786168472.7048843,0.0111,-0.0112,0.3859,-0.3878,0.4749,-0.4763,1.1442,-0.2629,0.0,0.0,0.0001,0.0,0.0,0.0,-0.0058,0.0005,-0.033299997448921204,0.03359999880194664,0.41279008984565735,-0.40710005164146423,0.14580005407333374,-0.14160007238388062,0.0,0.0
1786168472.7110145,0.0111,-0.0112,0.3859,-0.3878,0.4749,-0.4763,1.1442,-0.2629,0.0,0.0,0.0001,0.0001,0.0,0.0,-0.0058,0.0005,-0.033299997448921204,0.03359999880194664,0.41279008984565735,-0.4071100652217865,0.14580005407333374,-0.14160007238388062,0.0,0.0
1786168472.7372804,0.0111,-0.0112,0.3859,-0.3878,0.4749,-0.4763,1.1442,-0.2629,0.0,0.0,0.0001,0.0001,0.0,0.0,-0.0058,0.0005,-0.033299997448921204,0.03359999880194664,0.41279008984565735,-0.4071100652217865,0.14580005407333374,-0.14160007238388062,0.0,0.0
1786168472.742984,0.0111,-0.0112,0.3859,-0.3878,0.4749,-0.4763,1.1442,-0.2629,0.0,0.0,0.0001,0.0001,0.0,0.0,-0.0058,0.0005,-0.033299997448921204,0.03359999880194664,0.41279008984565735,-0.4071100652217865,0.14580005407333374,-0.14160007238388062,0.0,0.0
1786168472.7484434,0.0111,-0.0112,0.3859,-0.3878,0.4749,-0.4763,1.1441,-0.2629,0.0,0.0,0.0001,0.0001,0.0,0.0,-0.0058,0.0005,-0.033299997448921204,0.03359999880194664,0.41279008984565735,-0.4071100652217865,0.14580005407333374,-0.14160007238388062,0.0,0.0
1786168472.7737083,0.0111,-0.0112,0.3859,-0.3878,0.4749,-0.4763,1.1441,-0.2629,0.0,0.0,0.0001,0.0,0.0,0.0,-0.0058,0.0005,-0.033299997448921204,0.03359999880194664,0.41279008984565735,-0.40710005164146423,0.14580005407333374,-0.14160007238388062,0.0,0.0
1786168472.7797015,0.0111,-0.0112,0.3859,-0.3878,0.4749,-0.4763,1.1441,-0.2629,0.0,0.0,0.0001,0.0001,0.0,0.0,-0.0058,0.0005,-0.033299997448921204,0.03359999880194664,0.41279008984565735,-0.4071100652217865,0.14580005407333374,-0.14160007238388062,0.0,0.0
1786168472.784005,0.0111,-0.0112,0.3859,-0.3878,0.4749,-0.4763,1.144,-0.2629,0.0,0.0,0.0001,0.0001,0.0,0.0,-0.0058,0.0005,-0.033299997448921204,0.03359999880194664,0.41279008984565735,-0.4071100652217865,0.14580005407333374,-0.14160007238388062,0.0,0.0
1786168472.8099453,0.0111,-0.0112,0.3859,-0.3878,0.4749,-0.4763,1.144,-0.2629,0.0,0.0,0.0001,0.0001,0.0,0.0,-0.0058,0.0005,-0.033299997448921204,0.03359999880194664,0.41279008984565735,-0.4071100652217865,0.14580005407333374,-0.14160007238388062,0.0,0.0
1786168472.8161895,0.0111,-0.0112,0.3859,-0.3878,0.4749,-0.4763,1.144,-0.2629,0.0,0.0,0.0001,0.0001,0.0,0.0,-0.0059,0.0005,-0.033299997448921204,0.03359999880194664,0.41279008984565735,-0.4071100652217865,0.14580005407333374,-0.14160007238388062,0.0,0.0
1786168472.8219125,0.0111,-0.0112,0.3859,-0.3878,0.4749,-0.4763,1.144,-0.2629,0.0,0.0,0.0001,0.0001,0.0,0.0,-0.0059,0.0005,-0.033299997448921204,0.03359999880194664,0.41279008984565735,-0.4071100652217865,0.14580005407333374,-0.14160007238388062,0.0,0.0
1786168472.8273075,0.0111,-0.0112,0.3859,-0.3878,0.4749,-0.4763,1.1439,-0.2629,0.0,0.0,0.0001,0.0,0.0,0.0,-0.0059,0.0005,-0.033299997448921204,0.03359999880194664,0.41279008984565735,-0.40710005164146423,0.14580005407333374,-0.14160007238388062,0.0,0.0
1786168472.8530564,0.0111,-0.0112,0.3859,-0.3878,0.4749,-0.4763,1.1439,-0.2629,0.0,0.0,0.0001,0.0,0.0,0.0,-0.0059,0.0005,-0.033299997448921204,0.03359999880194664,0.41279008984565735,-0.40710005164146423,0.14580005407333374,-0.14160007238388062,0.0,0.0
1786168472.8582463,0.0111,-0.0112,0.3859,-0.3878,0.4749,-0.4763,1.1439,-0.2629,0.0,0.0,0.0001,0.0001,0.0,0.0,-0.0059,0.0005,-0.033299997448921204,0.03359999880194664,0.41279008984565735,-0.4071100652217865,0.14580005407333374,-0.14160007238388062,0.0,0.0
1786168472.8634918,0.0111,-0.0112,0.3859,-0.3878,0.4749,-0.4763,1.1438,-0.2629,0.0,0.0,0.0001,0.0001,0.0,0.0,-0.0059,0.0005,-0.033299997448921204,0.03359999880194664,0.41279008984565735,-0.4071100652217865,0.14580005407333374,-0.14160007238388062,0.0,0.0
1786168472.8917613,0.0111,-0.0112,0.3859,-0.3878,0.4749,-0.4763,1.1438,-0.2629,0.0,0.0,0.0001,0.0001,0.0,0.0,-0.0059,0.0005,-0.033299997448921204,0.03359999880194664,0.41279008984565735,-0.4071100652217865,0.14580005407333374,-0.14160007238388062,0.0,0.0
1786168472.8949769,0.0111,-0.0112,0.3859,-0.3878,0.4749,-0.4763,1.1438,-0.2629,0.0,0.0,0.0001,0.0001,0.0,0.0,-0.0059,0.0005,-0.033299997448921204,0.03359999880194664,0.41279008984565735,-0.4071100652217865,0.14580005407333374,-0.14160007238388062,0.0,0.0
1786168472.9001164,0.0111,-0.0112,0.3859,-0.3878,0.4749,-0.4763,1.1438,-0.2629,0.0,0.0,0.0001,0.0,0.0,0.0,-0.0059,0.0006,-0.033299997448921204,0.03359999880194664,0.41279008984565735,-0.40710005164146423,0.14580005407333374,-0.14160007238388062,0.0,0.0
1786168472.9261525,0.0111,-0.0112,0.3859,-0.3878,0.4749,-0.4763,1.1437,-0.2629,0.0,0.0,0.0001,0.0,0.0,0.0,-0.0059,0.0006,-0.033299997448921204,0.03359999880194664,0.41279008984565735,-0.40710005164146423,0.14580005407333374,-0.14160007238388062,0.0,0.0
1786168472.9319642,0.0111,-0.0112,0.3859,-0.3878,0.4749,-0.4763,1.1437,-0.2629,0.0,0.0,0.0001,0.0001,0.0,0.0,-0.006,0.0006,-0.033299997448921204,0.03359999880194664,0.41279008984565735,-0.4071100652217865,0.14580005407333374,-0.14160007238388062,0.0,0.0
1786168472.9378974,0.0111,-0.0112,0.3859,-0.3878,0.4749,-0.4763,1.1437,-0.2629,0.0,0.0,0.0001,0.0001,0.0,0.0,-0.006,0.0006,-0.033299997448921204,0.03359999880194664,0.41279008984565735,-0.4071100652217865,0.14580005407333374,-0.14160007238388062,0.0,0.0
1786168472.9434216,0.0111,-0.0112,0.3859,-0.3878,0.4749,-0.4763,1.1436,-0.2629,0.0,0.0,0.0001,0.0001,0.0,0.0,-0.006,0.0006,-0.033299997448921204,0.03359999880194664,0.41279008984565735,-0.4071100652217865,0.14580005407333374,-0.14160007238388062,0.0,0.0
1786168472.9701688,0.0111,-0.0112,0.3859,-0.3878,0.4749,-0.4763,1.1436,-0.2629,0.0,0.0,0.0001,0.0001,0.0,0.0,-0.006,0.0006,-0.033299997448921204,0.03359999880194664,0.41279008984565735,-0.4071100652217865,0.14580005407333374,-0.14160007238388062,0.0,0.0
1786168472.9751287,0.0111,-0.0112,0.3859,-0.3878,0.4749,-0.4763,1.1436,-0.2629,0.0,0.0,0.0001,0.0001,0.0,0.0,-0.006,0.0006,-0.033299997448921204,0.03359999880194664,0.41279008984565735,-0.4071100652217865,0.14580005407333374,-0.14160007238388062,0.0,0.0
1786168472.9803843,0.0111,-0.0112,0.3859,-0.3878,0.4749,-0.4763,1.1436,-0.2629,0.0,0.0,0.0001,0.0001,0.0,0.0,-0.006,0.0006,-0.033299997448921204,0.03359999880194664,0.41279008984565735,-0.4071100652217865,0.14580005407333374,-0.14160007238388062,0.0,0.0
1786168473.0059931,0.0111,-0.0112,0.3858,-0.3878,0.4749,-0.4763,1.1435,-0.2629,0.0,0.0,0.0001,0.0001,0.0,0.0,-0.006,0.0006,-0.033299997448921204,0.03359999880194664,0.4130900502204895,-0.4071100652217865,0.14580005407333374,-0.14160007238388062,0.0,0.0
1786168473.0115075,0.0111,-0.0112,0.3858,-0.3878,0.4749,-0.4763,1.1435,-0.2629,0.0,0.0,0.0001,0.0001,0.0,0.0,-0.006,0.0006,-0.033299997448921204,0.03359999880194664,0.4130900502204895,-0.4071100652217865,0.14580005407333374,-0.14160007238388062,0.0,0.0
1786168473.0171142,0.0111,-0.0112,0.3858,-0.3878,0.4749,-0.4763,1.1435,-0.2629,0.0,0.0,0.0001,0.0001,0.0,0.0,-0.006,0.0006,-0.033299997448921204,0.03359999880194664,0.4130900502204895,-0.4071100652217865,0.14580005407333374,-0.14160007238388062,0.0,0.0
1786168473.0434854,0.0111,-0.0112,0.3858,-0.3878,0.4749,-0.4763,1.1434,-0.2629,0.0,0.0,0.0001,0.0001,0.0,0.0,-0.006,0.0006,-0.033299997448921204,0.03359999880194664,0.4130900502204895,-0.4071100652217865,0.14580005407333374,-0.14160007238388062,0.0,0.0
1786168473.049437,0.0111,-0.0112,0.3858,-0.3878,0.4749,-0.4763,1.1434,-0.2629,0.0,0.0,0.0001,0.0001,0.0,0.0,-0.006,0.0006,-0.033299997448921204,0.03359999880194664,0.4130900502204895,-0.4071100652217865,0.14580005407333374,-0.14160007238388062,0.0,0.0
1786168473.054914,0.0111,-0.0112,0.3858,-0.3878,0.4749,-0.4763,1.1434,-0.2629,0.0,0.0,0.0001,0.0001,0.0,0.0,-0.0061,0.0006,-0.033299997448921204,0.03359999880194664,0.4130900502204895,-0.4071100652217865,0.14580005407333374,-0.14160007238388062,0.0,0.0
1786168473.0606031,0.0111,-0.0112,0.3858,-0.3878,0.4749,-0.4763,1.1434,-0.2629,0.0,0.0,0.0001,0.0,0.0,0.0,-0.0061,0.0006,-0.033299997448921204,0.03359999880194664,0.4130900502204895,-0.40710005164146423,0.14580005407333374,-0.14160007238388062,0.0,0.0
1786168473.0858922,0.0111,-0.0112,0.3858,-0.3878,0.4749,-0.4763,1.1433,-0.2629,0.0,0.0,0.0001,0.0001,0.0,0.0,-0.0061,0.0006,-0.033299997448921204,0.03359999880194664,0.4130900502204895,-0.4071100652217865,0.14580005407333374,-0.14160007238388062,0.0,0.0
1786168473.0912406,0.0111,-0.0112,0.3858,-0.3878,0.4749,-0.4763,1.1433,-0.2629,0.0,0.0,0.0001,0.0001,0.0,0.0,-0.0061,0.0006,-0.033299997448921204,0.03359999880194664,0.4130900502204895,-0.4071100652217865,0.14580005407333374,-0.14160007238388062,0.0,0.0
1786168473.0965998,0.0111,-0.0112,0.3858,-0.3878,0.4749,-0.4763,1.1433,-0.2629,0.0,0.0,0.0001,0.0001,0.0,0.0,-0.0061,0.0006,-0.033299997448921204,0.03359999880194664,0.4130900502204895,-0.4071100652217865,0.14580005407333374,-0.14160007238388062,0.0,0.0
1786168473.1239557,0.0111,-0.0112,0.3858,-0.3877,0.4749,-0.4763,1.1432,-0.2629,0.0,0.0,0.0001,0.0001,0.0,0.0,-0.0061,0.0006,-0.033299997448921204,0.03359999880194664,0.4130900502204895,-0.4074101150035858,0.14580005407333374,-0.14160007238388062,0.0,0.0
1786168473.128867,0.0111,-0.0112,0.3858,-0.3877,0.4749,-0.4763,1.1432,-0.2629,0.0,0.0,0.0001,0.0001,0.0,0.0,-0.0061,0.0006,-0.033299997448921204,0.03359999880194664,0.4130900502204895,-0.4074101150035858,0.14580005407333374,-0.14160007238388062,0.0,0.0
1786168473.1351225,0.0111,-0.0112,0.3858,-0.3877,0.4749,-0.4763,1.1432,-0.2629,0.0,0.0,0.0001,0.0001,0.0,0.0,-0.0061,0.0006,-0.033299997448921204,0.03359999880194664,0.4130900502204895,-0.4074101150035858,0.14580005407333374,-0.14160007238388062,0.0,0.0
1786168473.1605208,0.0111,-0.0112,0.3858,-0.3877,0.4749,-0.4763,1.1432,-0.2629,0.0,0.0,0.0001,0.0001,0.0,0.0,-0.0061,0.0006,-0.033299997448921204,0.03359999880194664,0.4130900502204895,-0.4074101150035858,0.14580005407333374,-0.14160007238388062,0.0,0.0
1786168473.1662312,0.0111,-0.0112,0.3858,-0.3877,0.4749,-0.4763,1.1431,-0.2629,0.0,0.0,0.0001,0.0,0.0,0.0,-0.0061,0.0006,-0.033299997448921204,0.03359999880194664,0.4130900502204895,-0.40740010142326355,0.14580005407333374,-0.14160007238388062,0.0,0.0
1786168473.1720462,0.0111,-0.0112,0.3858,-0.3877,0.4749,-0.4763,1.1431,-0.2629,0.0,0.0,0.0001,0.0001,0.0,0.0,-0.0061,0.0006,-0.033299997448921204,0.03359999880194664,0.4130900502204895,-0.4074101150035858,0.14580005407333374,-0.14160007238388062,0.0,0.0
1786168473.1775596,0.0111,-0.0112,0.3858,-0.3877,0.4749,-0.4763,1.1431,-0.2629,0.0,0.0,0.0001,0.0001,0.0,0.0,-0.0062,0.0006,-0.033299997448921204,0.03359999880194664,0.4130900502204895,-0.4074101150035858,0.14580005407333374,-0.14160007238388062,0.0,0.0
1786168473.2032843,0.0111,-0.0112,0.3858,-0.3877,0.4749,-0.4763,1.143,-0.2629,0.0,0.0,0.0001,0.0001,0.0,0.0,-0.0062,0.0006,-0.033299997448921204,0.03359999880194664,0.4130900502204895,-0.4074101150035858,0.14580005407333374,-0.14160007238388062,0.0,0.0
1786168473.208542,0.0111,-0.0112,0.3858,-0.3877,0.4749,-0.4763,1.143,-0.2629,0.0,0.0,0.0001,0.0,0.0,0.0,-0.0062,0.0006,-0.033299997448921204,0.03359999880194664,0.4130900502204895,-0.40740010142326355,0.14580005407333374,-0.14160007238388062,0.0,0.0
1786168473.2151446,0.0111,-0.0112,0.3858,-0.3877,0.4749,-0.4763,1.143,-0.2629,0.0,0.0,0.0001,0.0001,0.0,0.0,-0.0062,0.0006,-0.033299997448921204,0.03359999880194664,0.4130900502204895,-0.4074101150035858,0.14580005407333374,-0.14160007238388062,0.0,0.0
1786168473.2406611,0.0111,-0.0112,0.3858,-0.3877,0.4749,-0.4763,1.1429,-0.2628,0.0,0.0,0.0001,0.0001,0.0,0.0,-0.0062,0.0006,-0.033299997448921204,0.03359999880194664,0.4130900502204895,-0.4074101150035858,0.14580005407333374,-0.14160007238388062,0.0,0.0
1786168473.2463257,0.0111,-0.0112,0.3858,-0.3877,0.4749,-0.4763,1.1429,-0.2628,0.0,0.0,0.0001,0.0001,0.0,0.0,-0.0062,0.0006,-0.033299997448921204,0.03359999880194664,0.4130900502204895,-0.4074101150035858,0.14580005407333374,-0.14160007238388062,0.0,0.0
1786168473.2513583,0.0111,-0.0112,0.3858,-0.3877,0.4749,-0.4763,1.1429,-0.2628,0.0,0.0,0.0001,0.0001,0.0,0.0,-0.0062,0.0006,-0.033299997448921204,0.03359999880194664,0.4130900502204895,-0.4074101150035858,0.14580005407333374,-0.14160007238388062,0.0,0.0
1786168473.277234,0.0111,-0.0112,0.3858,-0.3877,0.4749,-0.4763,1.1429,-0.2628,0.0,0.0,0.0001,0.0001,0.0,0.0,-0.0062,0.0006,-0.033299997448921204,0.03359999880194664,0.4130900502204895,-0.4074101150035858,0.14580005407333374,-0.14160007238388062,0.0,0.0
1786168473.2825596,0.0111,-0.0112,0.3858,-0.3877,0.4749,-0.4763,1.1428,-0.2628,0.0,0.0,0.0001,0.0001,0.0,0.0,-0.0062,0.0006,-0.033299997448921204,0.03359999880194664,0.4130900502204895,-0.4074101150035858,0.14580005407333374,-0.14160007238388062,0.0,0.0
1786168473.288226,0.0111,-0.0112,0.3858,-0.3877,0.4749,-0.4763,1.1428,-0.2628,0.0,0.0,0.0001,0.0,0.0,0.0,-0.0063,0.0006,-0.033299997448921204,0.03359999880194664,0.4130900502204895,-0.40740010142326355,0.14580005407333374,-0.14160007238388062,0.0,0.0
1786168473.293704,0.0111,-0.0112,0.3858,-0.3877,0.4749,-0.4763,1.1428,-0.2628,0.0,0.0,0.0001,0.0001,0.0,0.0,-0.0063,0.0006,-0.033299997448921204,0.03359999880194664,0.4130900502204895,-0.4074101150035858,0.14580005407333374,-0.14160007238388062,0.0,0.0
1786168473.3193235,0.0111,-0.0112,0.3858,-0.3877,0.4749,-0.4763,1.1427,-0.2628,0.0,0.0,0.0001,0.0001,0.0,0.0,-0.0063,0.0006,-0.033299997448921204,0.03359999880194664,0.4130900502204895,-0.4074101150035858,0.14580005407333374,-0.14160007238388062,0.0,0.0
1786168473.3248658,0.0111,-0.0112,0.3858,-0.3877,0.4749,-0.4763,1.1427,-0.2628,0.0,0.0,0.0001,0.0001,0.0,0.0,-0.0063,0.0006,-0.033299997448921204,0.03359999880194664,0.4130900502204895,-0.4074101150035858,0.14580005407333374,-0.14160007238388062,0.0,0.0
1786168473.3310716,0.0111,-0.0112,0.3858,-0.3877,0.4749,-0.4763,1.1427,-0.2628,0.0,0.0,0.0001,0.0001,0.0,0.0,-0.0063,0.0006,-0.033299997448921204,0.03359999880194664,0.4130900502204895,-0.4074101150035858,0.14580005407333374,-0.14160007238388062,0.0,0.0
1786168473.3562095,0.0111,-0.0112,0.3858,-0.3877,0.4749,-0.4763,1.1427,-0.2628,0.0,0.0,0.0001,0.0001,0.0,0.0,-0.0063,0.0006,-0.033299997448921204,0.03359999880194664,0.4130900502204895,-0.4074101150035858,0.14580005407333374,-0.14160007238388062,0.0,0.0
1786168473.3615656,0.0111,-0.0112,0.3858,-0.3877,0.4749,-0.4763,1.1426,-0.2628,0.0,0.0,0.0001,0.0,0.0,0.0,-0.0063,0.0006,-0.033299997448921204,0.03359999880194664,0.4130900502204895,-0.40740010142326355,0.14580005407333374,-0.14160007238388062,0.0,0.0
1786168473.366473,0.0111,-0.0112,0.3858,-0.3877,0.4749,-0.4763,1.1426,-0.2628,0.0,0.0,0.0001,0.0001,0.0,0.0,-0.0063,0.0006,-0.033299997448921204,0.03359999880194664,0.4130900502204895,-0.4074101150035858,0.14580005407333374,-0.14160007238388062,0.0,0.0
1786168473.3921745,0.0111,-0.0112,0.3858,-0.3877,0.4749,-0.4763,1.1426,-0.2628,0.0,0.0,0.0001,0.0001,0.0,0.0,-0.0063,0.0006,-0.033299997448921204,0.03359999880194664,0.4130900502204895,-0.4074101150035858,0.14580005407333374,-0.14160007238388062,0.0,0.0
1786168473.398081,0.0111,-0.0112,0.3858,-0.3877,0.4749,-0.4763,1.1425,-0.2628,0.0,0.0,0.0001,0.0001,0.0,0.0,-0.0063,0.0006,-0.033299997448921204,0.03359999880194664,0.4130900502204895,-0.4074101150035858,0.14580005407333374,-0.14160007238388062,0.0,0.0
1786168473.4037116,0.0111,-0.0112,0.3858,-0.3877,0.4749,-0.4763,1.1425,-0.2628,0.0,0.0,0.0001,0.0001,0.0,0.0,-0.0063,0.0006,-0.033299997448921204,0.03359999880194664,0.4130900502204895,-0.4074101150035858,0.14580005407333374,-0.14160007238388062,0.0,0.0
1786168473.409205,0.0111,-0.0112,0.3858,-0.3877,0.4749,-0.4763,1.1425,-0.2628,0.0,0.0,0.0001,0.0001,0.0,0.0,-0.0063,0.0006,-0.033299997448921204,0.03359999880194664,0.4130900502204895,-0.4074101150035858,0.14580005407333374,-0.14160007238388062,0.0,0.0
1786168473.435094,0.0111,-0.0112,0.3858,-0.3877,0.4749,-0.4763,1.1424,-0.2628,0.0,0.0,0.0001,0.0001,0.0,0.0,-0.0064,0.0006,-0.033299997448921204,0.03359999880194664,0.4130900502204895,-0.4074101150035858,0.14580005407333374,-0.14160007238388062,0.0,0.0
1786168473.4402866,0.0111,-0.0112,0.3858,-0.3877,0.4749,-0.4763,1.1424,-0.2628,0.0,0.0,0.0001,0.0001,0.0,0.0,-0.0064,0.0006,-0.033299997448921204,0.03359999880194664,0.4130900502204895,-0.4074101150035858,0.14580005407333374,-0.14160007238388062,0.0,0.0
1786168473.445694,0.0111,-0.0112,0.3858,-0.3877,0.4749,-0.4763,1.1424,-0.2628,0.0,0.0,0.0001,0.0001,0.0,0.0,-0.0064,0.0006,-0.033299997448921204,0.03359999880194664,0.4130900502204895,-0.4074101150035858,0.14580005407333374,-0.14160007238388062,0.0,0.0
1786168473.470704,0.0111,-0.0112,0.3858,-0.3877,0.4749,-0.4763,1.1424,-0.2628,0.0,0.0,0.0001,0.0001,0.0,0.0,-0.0064,0.0006,-0.033299997448921204,0.03359999880194664,0.4130900502204895,-0.4074101150035858,0.14580005407333374,-0.14160007238388062,0.0,0.0
1786168473.476436,0.0111,-0.0112,0.3858,-0.3877,0.4749,-0.4763,1.1423,-0.2628,0.0,0.0,0.0001,0.0001,0.0,0.0,-0.0064,0.0006,-0.033299997448921204,0.03359999880194664,0.4130900502204895,-0.4074101150035858,0.14580005407333374,-0.14160007238388062,0.0,0.0
1786168473.4818106,0.0111,-0.0112,0.3858,-0.3877,0.4749,-0.4763,1.1423,-0.2628,0.0,0.0,0.0001,0.0001,0.0,0.0,-0.0064,0.0006,-0.033299997448921204,0.03359999880194664,0.4130900502204895,-0.4074101150035858,0.14580005407333374,-0.14160007238388062,0.0,0.0
1786168473.5063276,0.0111,-0.0112,0.3858,-0.3877,0.4749,-0.4763,1.1423,-0.2628,0.0,0.0,0.0001,0.0001,0.0,0.0,-0.0064,0.0006,-0.033299997448921204,0.03359999880194664,0.4130900502204895,-0.4074101150035858,0.14580005407333374,-0.14160007238388062,0.0,0.0
1786168473.51135,0.0111,-0.0112,0.3858,-0.3877,0.4749,-0.4763,1.1422,-0.2628,0.0,0.0,0.0001,0.0,0.0,0.0,-0.0064,0.0007,-0.033299997448921204,0.03359999880194664,0.4130900502204895,-0.40740010142326355,0.14580005407333374,-0.14160007238388062,0.0,0.0
1786168473.5167475,0.0111,-0.0112,0.3858,-0.3877,0.4749,-0.4763,1.1422,-0.2628,0.0,0.0,0.0001,0.0,0.0,0.0,-0.0064,0.0007,-0.033299997448921204,0.03359999880194664,0.4130900502204895,-0.40740010142326355,0.14580005407333374,-0.14160007238388062,0.0,0.0
1786168473.522191,0.0111,-0.0112,0.3858,-0.3877,0.4749,-0.4763,1.1422,-0.2628,0.0,0.0,0.0001,0.0001,0.0,0.0,-0.0064,0.0006,-0.033299997448921204,0.03359999880194664,0.4130900502204895,-0.4074101150035858,0.14580005407333374,-0.14160007238388062,0.0,0.0
1786168473.5473998,0.0111,-0.0112,0.3858,-0.3877,0.4749,-0.4763,1.1421,-0.2628,0.0,0.0,0.0001,0.0001,0.0,0.0,-0.0065,0.0007,-0.033299997448921204,0.03359999880194664,0.4130900502204895,-0.4074101150035858,0.14580005407333374,-0.14160007238388062,0.0,0.0
1786168473.555487,0.0111,-0.0112,0.3858,-0.3877,0.4749,-0.4763,1.1421,-0.2628,0.0,0.0,0.0001,0.0001,0.0,0.0,-0.0065,0.0006,-0.033299997448921204,0.03359999880194664,0.4130900502204895,-0.4074101150035858,0.14580005407333374,-0.14160007238388062,0.0,0.0
1786168473.5587273,0.0111,-0.0112,0.3858,-0.3877,0.4749,-0.4763,1.1421,-0.2628,0.0,0.0,0.0001,0.0001,0.0,0.0,-0.0065,0.0007,-0.033299997448921204,0.03359999880194664,0.4130900502204895,-0.4074101150035858,0.14580005407333374,-0.14160007238388062,0.0,0.0
1786168473.5839097,0.0111,-0.0112,0.3858,-0.3877,0.4749,-0.4763,1.142,-0.2628,0.0,0.0,0.0001,0.0001,0.0,0.0,-0.0065,0.0006,-0.033299997448921204,0.03359999880194664,0.4130900502204895,-0.4074101150035858,0.14580005407333374,-0.14160007238388062,0.0,0.0
1786168473.589892,0.0111,-0.0112,0.3858,-0.3877,0.4749,-0.4763,1.142,-0.2628,0.0,0.0,0.0001,0.0,0.0,0.0,-0.0065,0.0007,-0.033299997448921204,0.03359999880194664,0.4130900502204895,-0.40740010142326355,0.14580005407333374,-0.14160007238388062,0.0,0.0
1786168473.5952017,0.0111,-0.0112,0.3858,-0.3877,0.4749,-0.4763,1.142,-0.2628,0.0,0.0,0.0001,0.0,0.0,0.0,-0.0065,0.0007,-0.033299997448921204,0.03359999880194664,0.4130900502204895,-0.40740010142326355,0.14580005407333374,-0.14160007238388062,0.0,0.0
1786168473.621068,0.0111,-0.0112,0.3858,-0.3877,0.4749,-0.4763,1.142,-0.2628,0.0,0.0,0.0001,0.0,0.0,0.0,-0.0065,0.0007,-0.033299997448921204,0.03359999880194664,0.4130900502204895,-0.40740010142326355,0.14580005407333374,-0.14160007238388062,0.0,0.0
1786168473.626606,0.0111,-0.0112,0.3858,-0.3877,0.4749,-0.4763,1.1419,-0.2628,0.0,0.0,0.0001,0.0001,0.0,0.0,-0.0065,0.0007,-0.033299997448921204,0.03359999880194664,0.4130900502204895,-0.4074101150035858,0.14580005407333374,-0.14160007238388062,0.0,0.0
1786168473.6321368,0.0111,-0.0112,0.3858,-0.3877,0.4749,-0.4763,1.1419,-0.2628,0.0,0.0,0.0001,0.0001,0.0,0.0,-0.0065,0.0007,-0.033299997448921204,0.03359999880194664,0.4130900502204895,-0.4074101150035858,0.14580005407333374,-0.14160007238388062,0.0,0.0
1786168473.6385553,0.0111,-0.0112,0.3858,-0.3877,0.4749,-0.4763,1.1419,-0.2628,0.0,0.0,0.0001,0.0001,0.0,0.0,-0.0065,0.0007,-0.033299997448921204,0.03359999880194664,0.4130900502204895,-0.4074101150035858,0.14580005407333374,-0.14160007238388062,0.0,0.0
1786168473.6647305,0.0111,-0.0112,0.3858,-0.3877,0.4749,-0.4763,1.1418,-0.2628,0.0,0.0,0.0001,0.0,0.0,0.0,-0.0066,0.0007,-0.033299997448921204,0.03359999880194664,0.4130900502204895,-0.40740010142326355,0.14580005407333374,-0.14160007238388062,0.0,0.0
1786168473.6706498,0.0111,-0.0112,0.3858,-0.3877,0.4749,-0.4763,1.1418,-0.2628,0.0,0.0,0.0001,0.0001,0.0,0.0,-0.0066,0.0007,-0.033299997448921204,0.03359999880194664,0.4130900502204895,-0.4074101150035858,0.14580005407333374,-0.14160007238388062,0.0,0.0
1786168473.6762998,0.0111,-0.0112,0.3858,-0.3877,0.4749,-0.4763,1.1418,-0.2628,0.0,0.0,0.0001,0.0,0.0,0.0,-0.0066,0.0007,-0.033299997448921204,0.03359999880194664,0.4130900502204895,-0.40740010142326355,0.14580005407333374,-0.14160007238388062,0.0,0.0
1786168473.7040782,0.0111,-0.0112,0.3858,-0.3877,0.4749,-0.4763,1.1417,-0.2628,0.0,0.0,0.0001,0.0001,0.0,0.0,-0.0066,0.0007,-0.033299997448921204,0.03359999880194664,0.4130900502204895,-0.4074101150035858,0.14580005407333374,-0.14160007238388062,0.0,0.0
1786168473.709973,0.0111,-0.0112,0.3858,-0.3877,0.4749,-0.4763,1.1417,-0.2628,0.0,0.0,0.0001,0.0001,0.0,0.0,-0.0066,0.0007,-0.033299997448921204,0.03359999880194664,0.4130900502204895,-0.4074101150035858,0.14580005407333374,-0.14160007238388062,0.0,0.0
1786168473.714492,0.0111,-0.0112,0.3858,-0.3877,0.4749,-0.4763,1.1417,-0.2628,0.0,0.0,0.0001,0.0001,0.0,0.0,-0.0066,0.0007,-0.033299997448921204,0.03359999880194664,0.4130900502204895,-0.4074101150035858,0.14580005407333374,-0.14160007238388062,0.0,0.0
1786168473.7400856,0.0111,-0.0112,0.3858,-0.3877,0.4749,-0.4763,1.1416,-0.2628,0.0,0.0,0.0001,0.0001,0.0,0.0,-0.0066,0.0007,-0.033299997448921204,0.03359999880194664,0.4130900502204895,-0.4074101150035858,0.14580005407333374,-0.14160007238388062,0.0,0.0
1786168473.7454393,0.0111,-0.0112,0.3858,-0.3877,0.4749,-0.4763,1.1416,-0.2628,0.0,0.0,0.0001,0.0,0.0,0.0,-0.0066,0.0007,-0.033299997448921204,0.03359999880194664,0.4130900502204895,-0.40740010142326355,0.14580005407333374,-0.14160007238388062,0.0,0.0
1786168473.7524004,0.0111,-0.0112,0.3857,-0.3877,0.4749,-0.4763,1.1416,-0.2628,0.0,0.0,0.0001,0.0001,0.0,0.0,-0.0066,0.0007,-0.033299997448921204,0.03359999880194664,0.4133901000022888,-0.4074101150035858,0.14580005407333374,-0.14160007238388062,0.0,0.0
1786168473.756684,0.0111,-0.0112,0.3857,-0.3877,0.4749,-0.4763,1.1415,-0.2628,0.0,0.0,0.0001,0.0001,0.0,0.0,-0.0066,0.0007,-0.033299997448921204,0.03359999880194664,0.4133901000022888,-0.4074101150035858,0.14580005407333374,-0.14160007238388062,0.0,0.0
1786168473.7831085,0.0111,-0.0112,0.3857,-0.3877,0.4749,-0.4763,1.1415,-0.2628,0.0,0.0,0.0001,0.0001,0.0,0.0,-0.0066,0.0007,-0.033299997448921204,0.03359999880194664,0.4133901000022888,-0.4074101150035858,0.14580005407333374,-0.14160007238388062,0.0,0.0
1786168473.7885127,0.0111,-0.0112,0.3857,-0.3877,0.4749,-0.4763,1.1415,-0.2627,0.0,0.0,0.0001,0.0001,0.0,0.0,-0.0066,0.0007,-0.033299997448921204,0.03359999880194664,0.4133901000022888,-0.4074101150035858,0.14580005407333374,-0.14160007238388062,0.0,0.0
1786168473.7937896,0.0111,-0.0112,0.3857,-0.3876,0.4749,-0.4763,1.1414,-0.2627,0.0,0.0,0.0001,0.0001,0.0,0.0,-0.0067,0.0007,-0.033299997448921204,0.03359999880194664,0.4133901000022888,-0.40771007537841797,0.14580005407333374,-0.14160007238388062,0.0,0.0
1786168473.8190594,0.0111,-0.0112,0.3857,-0.3876,0.4749,-0.4763,1.1414,-0.2627,0.0,0.0,0.0001,0.0001,0.0,0.0,-0.0067,0.0007,-0.033299997448921204,0.03359999880194664,0.4133901000022888,-0.40771007537841797,0.14580005407333374,-0.14160007238388062,0.0,0.0
1786168473.82434,0.0111,-0.0112,0.3857,-0.3876,0.4749,-0.4763,1.1414,-0.2627,0.0,0.0,0.0001,0.0,0.0,0.0,-0.0067,0.0007,-0.033299997448921204,0.03359999880194664,0.4133901000022888,-0.4077000617980957,0.14580005407333374,-0.14160007238388062,0.0,0.0
1786168473.8295314,0.0111,-0.0112,0.3857,-0.3876,0.4749,-0.4763,1.1413,-0.2627,0.0,0.0,0.0001,0.0001,0.0,0.0,-0.0067,0.0007,-0.033299997448921204,0.03359999880194664,0.4133901000022888,-0.40771007537841797,0.14580005407333374,-0.14160007238388062,0.0,0.0
1786168473.8558776,0.0111,-0.0112,0.3857,-0.3876,0.4749,-0.4763,1.1413,-0.2627,0.0,0.0,0.0001,0.0001,0.0,0.0,-0.0067,0.0007,-0.033299997448921204,0.03359999880194664,0.4133901000022888,-0.40771007537841797,0.14580005407333374,-0.14160007238388062,0.0,0.0
1786168473.8607132,0.0111,-0.0112,0.3857,-0.3876,0.4749,-0.4763,1.1413,-0.2627,0.0,0.0,0.0001,0.0001,0.0,0.0,-0.0067,0.0007,-0.033299997448921204,0.03359999880194664,0.4133901000022888,-0.40771007537841797,0.14580005407333374,-0.14160007238388062,0.0,0.0
1786168473.8665123,0.0111,-0.0112,0.3857,-0.3876,0.4749,-0.4763,1.1412,-0.2627,0.0,0.0,0.0001,0.0001,0.0,0.0,-0.0067,0.0007,-0.033299997448921204,0.03359999880194664,0.4133901000022888,-0.40771007537841797,0.14580005407333374,-0.14160007238388062,0.0,0.0
1786168473.8719342,0.0111,-0.0112,0.3857,-0.3876,0.4749,-0.4763,1.1412,-0.2627,0.0,0.0,0.0001,0.0001,0.0,0.0,-0.0067,0.0007,-0.033299997448921204,0.03359999880194664,0.4133901000022888,-0.40771007537841797,0.14580005407333374,-0.14160007238388062,0.0,0.0
1786168473.8982544,0.0111,-0.0112,0.3857,-0.3876,0.4749,-0.4763,1.1412,-0.2627,0.0,0.0,0.0001,0.0001,0.0,0.0,-0.0067,0.0007,-0.033299997448921204,0.03359999880194664,0.4133901000022888,-0.40771007537841797,0.14580005407333374,-0.14160007238388062,0.0,0.0
1786168473.9027834,0.0111,-0.0112,0.3857,-0.3876,0.4749,-0.4763,1.1412,-0.2627,0.0,0.0,0.0001,0.0001,0.0,0.0,-0.0068,0.0007,-0.033299997448921204,0.03359999880194664,0.4133901000022888,-0.40771007537841797,0.14580005407333374,-0.14160007238388062,0.0,0.0
1786168473.9078732,0.0111,-0.0112,0.3857,-0.3876,0.4749,-0.4763,1.1411,-0.2627,0.0,0.0,0.0001,0.0,0.0,0.0,-0.0068,0.0007,-0.033299997448921204,0.03359999880194664,0.4133901000022888,-0.4077000617980957,0.14580005407333374,-0.14160007238388062,0.0,0.0
1786168473.9329743,0.0111,-0.0112,0.3857,-0.3876,0.4749,-0.4763,1.1411,-0.2627,0.0,0.0,0.0001,0.0001,0.0,0.0,-0.0068,0.0007,-0.033299997448921204,0.03359999880194664,0.4133901000022888,-0.40771007537841797,0.14580005407333374,-0.14160007238388062,0.0,0.0
1786168473.9386516,0.0111,-0.0112,0.3857,-0.3876,0.4749,-0.4763,1.1411,-0.2627,0.0,0.0,0.0001,0.0001,0.0,0.0,-0.0068,0.0007,-0.033299997448921204,0.03359999880194664,0.4133901000022888,-0.40771007537841797,0.14580005407333374,-0.14160007238388062,0.0,0.0
1786168473.9441986,0.0111,-0.0112,0.3857,-0.3876,0.4749,-0.4763,1.141,-0.2627,0.0,0.0,0.0001,0.0001,0.0,0.0,-0.0068,0.0007,-0.033299997448921204,0.03359999880194664,0.4133901000022888,-0.40771007537841797,0.14580005407333374,-0.14160007238388062,0.0,0.0
1786168473.9693682,0.0111,-0.0112,0.3857,-0.3876,0.4749,-0.4763,1.141,-0.2627,0.0,0.0,0.0001,0.0,0.0,0.0,-0.0068,0.0007,-0.033299997448921204,0.03359999880194664,0.4133901000022888,-0.4077000617980957,0.14580005407333374,-0.14160007238388062,0.0,0.0
1786168473.9745972,0.0111,-0.0112,0.3857,-0.3876,0.4749,-0.4763,1.141,-0.2627,0.0,0.0,0.0001,0.0,0.0,0.0,-0.0068,0.0007,-0.033299997448921204,0.03359999880194664,0.4133901000022888,-0.4077000617980957,0.14580005407333374,-0.14160007238388062,0.0,0.0
1786168473.9809232,0.0111,-0.0112,0.3857,-0.3876,0.4749,-0.4763,1.1409,-0.2627,0.0,0.0,0.0001,0.0,0.0,0.0,-0.0068,0.0007,-0.033299997448921204,0.03359999880194664,0.4133901000022888,-0.4077000617980957,0.14580005407333374,-0.14160007238388062,0.0,0.0
1786168473.9860907,0.0111,-0.0112,0.3857,-0.3876,0.4749,-0.4763,1.1409,-0.2627,0.0,0.0,0.0001,0.0001,0.0,0.0,-0.0068,0.0007,-0.033299997448921204,0.03359999880194664,0.4133901000022888,-0.40771007537841797,0.14580005407333374,-0.14160007238388062,0.0,0.0
1786168474.0110183,0.0111,-0.0112,0.3857,-0.3876,0.4749,-0.4763,1.1409,-0.2627,0.0,0.0,0.0001,0.0001,0.0,0.0,-0.0068,0.0007,-0.033299997448921204,0.03359999880194664,0.4133901000022888,-0.40771007537841797,0.14580005407333374,-0.14160007238388062,0.0,0.0
1786168474.0165498,0.0111,-0.0112,0.3857,-0.3876,0.4749,-0.4763,1.1408,-0.2627,0.0,0.0,0.0001,0.0001,0.0,0.0,-0.0068,0.0007,-0.033299997448921204,0.03359999880194664,0.4133901000022888,-0.40771007537841797,0.14580005407333374,-0.14160007238388062,0.0,0.0
1786168474.0217645,0.0111,-0.0112,0.3857,-0.3876,0.4749,-0.4763,1.1408,-0.2627,0.0,0.0,0.0001,0.0001,0.0,0.0,-0.0068,0.0007,-0.033299997448921204,0.03359999880194664,0.4133901000022888,-0.40771007537841797,0.14580005407333374,-0.14160007238388062,0.0,0.0
1786168474.0493503,0.0111,-0.0112,0.3857,-0.3876,0.4749,-0.4763,1.1408,-0.2627,0.0,0.0,0.0001,0.0,0.0,0.0,-0.0069,0.0007,-0.033299997448921204,0.03359999880194664,0.4133901000022888,-0.4077000617980957,0.14580005407333374,-0.14160007238388062,0.0,0.0
1786168474.0548737,0.0111,-0.0112,0.3857,-0.3876,0.4749,-0.4763,1.1407,-0.2627,0.0,0.0,0.0001,0.0001,0.0,0.0,-0.0069,0.0007,-0.033299997448921204,0.03359999880194664,0.4133901000022888,-0.40771007537841797,0.14580005407333374,-0.14160007238388062,0.0,0.0
1786168474.060509,0.0111,-0.0112,0.3857,-0.3876,0.4749,-0.4763,1.1407,-0.2627,0.0,0.0,0.0001,0.0,0.0,0.0,-0.0069,0.0007,-0.033299997448921204,0.03359999880194664,0.4133901000022888,-0.4077000617980957,0.14580005407333374,-0.14160007238388062,0.0,0.0
1786168474.08567,0.0111,-0.0112,0.3857,-0.3876,0.4749,-0.4763,1.1407,-0.2627,0.0,0.0,0.0001,0.0001,0.0,0.0,-0.0069,0.0007,-0.033299997448921204,0.03359999880194664,0.4133901000022888,-0.40771007537841797,0.14580005407333374,-0.14160007238388062,0.0,0.0
1786168474.091341,0.0111,-0.0112,0.3857,-0.3876,0.4749,-0.4763,1.1406,-0.2627,0.0,0.0,0.0001,0.0001,0.0,0.0,-0.0069,0.0007,-0.033299997448921204,0.03359999880194664,0.4133901000022888,-0.40771007537841797,0.14580005407333374,-0.14160007238388062,0.0,0.0
1786168474.0969894,0.0111,-0.0112,0.3857,-0.3876,0.4749,-0.4763,1.1406,-0.2627,0.0,0.0,0.0001,0.0001,0.0,0.0,-0.0069,0.0007,-0.033299997448921204,0.03359999880194664,0.4133901000022888,-0.40771007537841797,0.14580005407333374,-0.14160007238388062,0.0,0.0
1786168474.1026967,0.0111,-0.0112,0.3857,-0.3876,0.4749,-0.4763,1.1406,-0.2627,0.0,0.0,0.0001,0.0,0.0,0.0,-0.0069,0.0007,-0.033299997448921204,0.03359999880194664,0.4133901000022888,-0.4077000617980957,0.14580005407333374,-0.14160007238388062,0.0,0.0
1786168474.1281664,0.0111,-0.0112,0.3857,-0.3876,0.4749,-0.4763,1.1405,-0.2627,0.0,0.0,0.0001,0.0001,0.0,0.0,-0.0069,0.0007,-0.033299997448921204,0.03359999880194664,0.4133901000022888,-0.40771007537841797,0.14580005407333374,-0.14160007238388062,0.0,0.0
1786168474.1334827,0.0111,-0.0112,0.3857,-0.3876,0.4749,-0.4763,1.1405,-0.2627,0.0,0.0,0.0001,0.0001,0.0,0.0,-0.0069,0.0007,-0.033299997448921204,0.03359999880194664,0.4133901000022888,-0.40771007537841797,0.14580005407333374,-0.14160007238388062,0.0,0.0
1786168474.1386204,0.0111,-0.0112,0.3857,-0.3876,0.4749,-0.4763,1.1405,-0.2627,0.0,0.0,0.0001,0.0001,0.0,0.0,-0.0069,0.0007,-0.033299997448921204,0.03359999880194664,0.4133901000022888,-0.40771007537841797,0.14580005407333374,-0.14160007238388062,0.0,0.0
1786168474.1658015,0.0111,-0.0112,0.3857,-0.3876,0.4749,-0.4763,1.1404,-0.2627,0.0,0.0,0.0001,0.0001,0.0,0.0,-0.007,0.0007,-0.033299997448921204,0.03359999880194664,0.4133901000022888,-0.40771007537841797,0.14580005407333374,-0.14160007238388062,0.0,0.0
1786168474.1691206,0.0111,-0.0112,0.3857,-0.3876,0.4749,-0.4763,1.1404,-0.2627,0.0,0.0,0.0001,0.0001,0.0,0.0,-0.007,0.0007,-0.033299997448921204,0.03359999880194664,0.4133901000022888,-0.40771007537841797,0.14580005407333374,-0.14160007238388062,0.0,0.0
1786168474.1749163,0.0111,-0.0112,0.3857,-0.3876,0.4749,-0.4763,1.1404,-0.2627,0.0,0.0,0.0001,0.0001,0.0,0.0,-0.007,0.0007,-0.033299997448921204,0.03359999880194664,0.4133901000022888,-0.40771007537841797,0.14580005407333374,-0.14160007238388062,0.0,0.0
1786168474.2003095,0.0111,-0.0112,0.3857,-0.3876,0.4749,-0.4763,1.1403,-0.2627,0.0,0.0,0.0001,0.0001,0.0,0.0,-0.007,0.0007,-0.033299997448921204,0.03359999880194664,0.4133901000022888,-0.40771007537841797,0.14580005407333374,-0.14160007238388062,0.0,0.0
1786168474.2062573,0.0111,-0.0112,0.3857,-0.3876,0.4749,-0.4763,1.1403,-0.2627,0.0,0.0,0.0001,0.0001,0.0,0.0,-0.007,0.0008,-0.033299997448921204,0.03359999880194664,0.4133901000022888,-0.40771007537841797,0.14580005407333374,-0.14160007238388062,0.0,0.0
1786168474.21118,0.0111,-0.0112,0.3857,-0.3876,0.4749,-0.4763,1.1403,-0.2627,0.0,0.0,0.0001,0.0,0.0,0.0,-0.007,0.0008,-0.033299997448921204,0.03359999880194664,0.4133901000022888,-0.4077000617980957,0.14580005407333374,-0.14160007238388062,0.0,0.0
1786168474.216204,0.0111,-0.0112,0.3857,-0.3876,0.4749,-0.4763,1.1402,-0.2627,0.0,0.0,0.0001,0.0001,0.0,0.0,-0.007,0.0008,-0.033299997448921204,0.03359999880194664,0.4133901000022888,-0.40771007537841797,0.14580005407333374,-0.14160007238388062,0.0,0.0
1786168474.2416031,0.0111,-0.0112,0.3857,-0.3876,0.4749,-0.4763,1.1402,-0.2627,0.0,0.0,0.0001,0.0001,0.0,0.0,-0.007,0.0008,-0.033299997448921204,0.03359999880194664,0.4133901000022888,-0.40771007537841797,0.14580005407333374,-0.14160007238388062,0.0,0.0
1786168474.2461793,0.0111,-0.0112,0.3857,-0.3876,0.4749,-0.4763,1.1402,-0.2627,0.0,0.0,0.0001,0.0001,0.0,0.0,-0.007,0.0008,-0.033299997448921204,0.03359999880194664,0.4133901000022888,-0.40771007537841797,0.14580005407333374,-0.14160007238388062,0.0,0.0
1786168474.2517133,0.0111,-0.0112,0.3857,-0.3876,0.4749,-0.4763,1.1401,-0.2626,0.0,0.0,0.0001,0.0001,0.0,0.0,-0.007,0.0008,-0.033299997448921204,0.03359999880194664,0.4133901000022888,-0.40771007537841797,0.14580005407333374,-0.14160007238388062,0.0,0.0
1786168474.2772753,0.0111,-0.0112,0.3857,-0.3876,0.4749,-0.4763,1.1401,-0.2626,0.0,0.0,0.0001,0.0001,0.0,0.0,-0.007,0.0008,-0.033299997448921204,0.03359999880194664,0.4133901000022888,-0.40771007537841797,0.14580005407333374,-0.14160007238388062,0.0,0.0
1786168474.2826734,0.0111,-0.0112,0.3857,-0.3876,0.4749,-0.4763,1.1401,-0.2626,0.0,0.0,0.0001,0.0,0.0,0.0,-0.0071,0.0008,-0.033299997448921204,0.03359999880194664,0.4133901000022888,-0.4077000617980957,0.14580005407333374,-0.14160007238388062,0.0,0.0
1786168474.2889435,0.0111,-0.0112,0.3857,-0.3876,0.4749,-0.4763,1.14,-0.2626,0.0,0.0,0.0001,0.0001,0.0,0.0,-0.0071,0.0008,-0.033299997448921204,0.03359999880194664,0.4133901000022888,-0.40771007537841797,0.14580005407333374,-0.14160007238388062,0.0,0.0
1786168474.314711,0.0111,-0.0112,0.3857,-0.3876,0.4749,-0.4763,1.14,-0.2626,0.0,0.0,0.0001,0.0001,0.0,0.0,-0.0071,0.0008,-0.033299997448921204,0.03359999880194664,0.4133901000022888,-0.40771007537841797,0.14580005407333374,-0.14160007238388062,0.0,0.0
1786168474.3200247,0.0111,-0.0112,0.3857,-0.3876,0.4749,-0.4763,1.14,-0.2626,0.0,0.0,0.0001,0.0001,0.0,0.0,-0.0071,0.0008,-0.033299997448921204,0.03359999880194664,0.4133901000022888,-0.40771007537841797,0.14580005407333374,-0.14160007238388062,0.0,0.0
1786168474.3255355,0.0111,-0.0112,0.3857,-0.3876,0.4749,-0.4763,1.1399,-0.2626,0.0,0.0,0.0001,0.0001,0.0,0.0,-0.0071,0.0008,-0.033299997448921204,0.03359999880194664,0.4133901000022888,-0.40771007537841797,0.14580005407333374,-0.14160007238388062,0.0,0.0
1786168474.3316958,0.0111,-0.0112,0.3857,-0.3876,0.4749,-0.4763,1.1399,-0.2626,0.0,0.0,0.0001,0.0001,0.0,0.0,-0.0071,0.0008,-0.033299997448921204,0.03359999880194664,0.4133901000022888,-0.40771007537841797,0.14580005407333374,-0.14160007238388062,0.0,0.0
1786168474.3577418,0.0111,-0.0112,0.3857,-0.3876,0.4749,-0.4763,1.1399,-0.2626,0.0,0.0,0.0001,0.0001,0.0,0.0,-0.0071,0.0008,-0.033299997448921204,0.03359999880194664,0.4133901000022888,-0.40771007537841797,0.14580005407333374,-0.14160007238388062,0.0,0.0
1786168474.3630426,0.0111,-0.0112,0.3857,-0.3876,0.4749,-0.4763,1.1398,-0.2626,0.0,0.0,0.0001,0.0001,0.0,0.0,-0.0071,0.0008,-0.033299997448921204,0.03359999880194664,0.4133901000022888,-0.40771007537841797,0.14580005407333374,-0.14160007238388062,0.0,0.0
1786168474.3680537,0.0111,-0.0112,0.3857,-0.3876,0.4749,-0.4763,1.1398,-0.2626,0.0,0.0,0.0001,0.0001,0.0,0.0,-0.0071,0.0008,-0.033299997448921204,0.03359999880194664,0.4133901000022888,-0.40771007537841797,0.14580005407333374,-0.14160007238388062,0.0,0.0
1786168474.393605,0.0111,-0.0112,0.3857,-0.3876,0.4749,-0.4763,1.1398,-0.2626,0.0,0.0,0.0001,0.0001,0.0,0.0,-0.0071,0.0008,-0.033299997448921204,0.03359999880194664,0.4133901000022888,-0.40771007537841797,0.14580005407333374,-0.14160007238388062,0.0,0.0
1786168474.4000983,0.0111,-0.0112,0.3857,-0.3876,0.4749,-0.4763,1.1397,-0.2626,0.0,0.0,0.0001,0.0001,0.0,0.0,-0.0072,0.0008,-0.033299997448921204,0.03359999880194664,0.4133901000022888,-0.40771007537841797,0.14580005407333374,-0.14160007238388062,0.0,0.0
1786168474.404711,0.0111,-0.0112,0.3857,-0.3876,0.4749,-0.4763,1.1397,-0.2626,0.0,0.0,0.0001,0.0,0.0,0.0,-0.0072,0.0008,-0.033299997448921204,0.03359999880194664,0.4133901000022888,-0.4077000617980957,0.14580005407333374,-0.14160007238388062,0.0,0.0
1786168474.4301808,0.0111,-0.0112,0.3857,-0.3876,0.4749,-0.4763,1.1397,-0.2626,0.0,0.0,0.0001,0.0,0.0,0.0,-0.0072,0.0008,-0.033299997448921204,0.03359999880194664,0.4133901000022888,-0.4077000617980957,0.14580005407333374,-0.14160007238388062,0.0,0.0
1786168474.4357302,0.0111,-0.0112,0.3857,-0.3876,0.4749,-0.4763,1.1396,-0.2626,0.0,0.0,0.0001,0.0001,0.0,0.0,-0.0072,0.0008,-0.033299997448921204,0.03359999880194664,0.4133901000022888,-0.40771007537841797,0.14580005407333374,-0.14160007238388062,0.0,0.0
1786168474.4409745,0.0111,-0.0112,0.3857,-0.3876,0.4749,-0.4763,1.1396,-0.2626,0.0,0.0,0.0001,0.0001,0.0,0.0,-0.0072,0.0008,-0.033299997448921204,0.03359999880194664,0.4133901000022888,-0.40771007537841797,0.14580005407333374,-0.14160007238388062,0.0,0.0
1786168474.4465988,0.0111,-0.0112,0.3857,-0.3876,0.4749,-0.4763,1.1396,-0.2626,0.0,0.0,0.0001,0.0001,0.0,0.0,-0.0072,0.0008,-0.033299997448921204,0.03359999880194664,0.4133901000022888,-0.40771007537841797,0.14580005407333374,-0.14160007238388062,0.0,0.0
1786168474.4723985,0.0111,-0.0112,0.3857,-0.3876,0.4749,-0.4763,1.1395,-0.2626,0.0,0.0,0.0001,0.0001,0.0,0.0,-0.0072,0.0008,-0.033299997448921204,0.03359999880194664,0.4133901000022888,-0.40771007537841797,0.14580005407333374,-0.14160007238388062,0.0,0.0
1786168474.4777372,0.0111,-0.0112,0.3857,-0.3875,0.4749,-0.4763,1.1395,-0.2626,0.0,0.0,0.0001,0.0001,0.0,0.0,-0.0072,0.0008,-0.033299997448921204,0.03359999880194664,0.4133901000022888,-0.4080101251602173,0.14580005407333374,-0.14160007238388062,0.0,0.0
1786168474.4831648,0.0111,-0.0112,0.3857,-0.3875,0.4749,-0.4763,1.1394,-0.2626,0.0,0.0,0.0001,0.0001,0.0,0.0,-0.0072,0.0008,-0.033299997448921204,0.03359999880194664,0.4133901000022888,-0.4080101251602173,0.14580005407333374,-0.14160007238388062,0.0,0.0
1786168474.5085979,0.0111,-0.0112,0.3857,-0.3875,0.4749,-0.4763,1.1394,-0.2626,0.0,0.0,0.0001,0.0001,0.0,0.0,-0.0072,0.0008,-0.033299997448921204,0.03359999880194664,0.4133901000022888,-0.4080101251602173,0.14580005407333374,-0.14160007238388062,0.0,0.0
1786168474.513776,0.0111,-0.0112,0.3856,-0.3875,0.4749,-0.4763,1.1394,-0.2626,0.0,0.0,0.0001,0.0001,0.0,0.0,-0.0072,0.0008,-0.033299997448921204,0.03359999880194664,0.41369006037712097,-0.4080101251602173,0.14580005407333374,-0.14160007238388062,0.0,0.0
1786168474.518878,0.0111,-0.0112,0.3856,-0.3875,0.4749,-0.4763,1.1393,-0.2626,0.0,0.0,0.0001,0.0001,0.0,0.0,-0.0073,0.0008,-0.033299997448921204,0.03359999880194664,0.41369006037712097,-0.4080101251602173,0.14580005407333374,-0.14160007238388062,0.0,0.0
1786168474.5438397,0.0111,-0.0112,0.3856,-0.3875,0.4749,-0.4763,1.1393,-0.2626,0.0,0.0,0.0001,0.0001,0.0,0.0,-0.0073,0.0008,-0.033299997448921204,0.03359999880194664,0.41369006037712097,-0.4080101251602173,0.14580005407333374,-0.14160007238388062,0.0,0.0
1786168474.5500293,0.0111,-0.0112,0.3856,-0.3875,0.4749,-0.4763,1.1393,-0.2626,0.0,0.0,0.0001,0.0001,0.0,0.0,-0.0073,0.0008,-0.033299997448921204,0.03359999880194664,0.41369006037712097,-0.4080101251602173,0.14580005407333374,-0.14160007238388062,0.0,0.0
1786168474.5560849,0.0111,-0.0112,0.3856,-0.3875,0.4749,-0.4763,1.1392,-0.2626,0.0,0.0,0.0001,0.0,0.0,0.0,-0.0073,0.0008,-0.033299997448921204,0.03359999880194664,0.41369006037712097,-0.408000111579895,0.14580005407333374,-0.14160007238388062,0.0,0.0
1786168474.5608017,0.0111,-0.0112,0.3856,-0.3875,0.4749,-0.4763,1.1392,-0.2626,0.0,0.0,0.0001,0.0,0.0,0.0,-0.0073,0.0008,-0.033299997448921204,0.03359999880194664,0.41369006037712097,-0.408000111579895,0.14580005407333374,-0.14160007238388062,0.0,0.0
1786168474.586577,0.0111,-0.0112,0.3856,-0.3875,0.4749,-0.4763,1.1392,-0.2626,0.0,0.0,0.0001,0.0001,0.0,0.0,-0.0073,0.0008,-0.033299997448921204,0.03359999880194664,0.41369006037712097,-0.4080101251602173,0.14580005407333374,-0.14160007238388062,0.0,0.0
1786168474.5927694,0.0111,-0.0112,0.3856,-0.3875,0.4749,-0.4763,1.1391,-0.2626,0.0,0.0,0.0001,0.0001,0.0,0.0,-0.0073,0.0008,-0.033299997448921204,0.03359999880194664,0.41369006037712097,-0.4080101251602173,0.14580005407333374,-0.14160007238388062,0.0,0.0
1786168474.5980873,0.0111,-0.0112,0.3856,-0.3875,0.4749,-0.4763,1.1391,-0.2626,0.0,0.0,0.0001,0.0001,0.0,0.0,-0.0073,0.0008,-0.033299997448921204,0.03359999880194664,0.41369006037712097,-0.4080101251602173,0.14580005407333374,-0.14160007238388062,0.0,0.0
1786168474.6227083,0.0111,-0.0112,0.3856,-0.3875,0.4749,-0.4763,1.1391,-0.2626,0.0,0.0,0.0001,0.0001,0.0,0.0,-0.0073,0.0008,-0.033299997448921204,0.03359999880194664,0.41369006037712097,-0.4080101251602173,0.14580005407333374,-0.14160007238388062,0.0,0.0
1786168474.6280847,0.0111,-0.0112,0.3856,-0.3875,0.4749,-0.4763,1.139,-0.2626,0.0,0.0,0.0001,0.0001,0.0,0.0,-0.0073,0.0008,-0.033299997448921204,0.03359999880194664,0.41369006037712097,-0.4080101251602173,0.14580005407333374,-0.14160007238388062,0.0,0.0
1786168474.6343915,0.0111,-0.0112,0.3856,-0.3875,0.4749,-0.4763,1.139,-0.2626,0.0,0.0,0.0001,0.0,0.0,0.0,-0.0074,0.0008,-0.033299997448921204,0.03359999880194664,0.41369006037712097,-0.408000111579895,0.14580005407333374,-0.14160007238388062,0.0,0.0
1786168474.658801,0.0111,-0.0112,0.3856,-0.3875,0.4749,-0.4763,1.139,-0.2626,0.0,0.0,0.0001,0.0,0.0,0.0,-0.0074,0.0008,-0.033299997448921204,0.03359999880194664,0.41369006037712097,-0.408000111579895,0.14580005407333374,-0.14160007238388062,0.0,0.0
1786168474.6644042,0.0111,-0.0112,0.3856,-0.3875,0.4749,-0.4763,1.1389,-0.2626,0.0,0.0,0.0001,0.0001,0.0,0.0,-0.0074,0.0008,-0.033299997448921204,0.03359999880194664,0.41369006037712097,-0.4080101251602173,0.14580005407333374,-0.14160007238388062,0.0,0.0
1786168474.670225,0.0111,-0.0112,0.3856,-0.3875,0.4749,-0.4763,1.1389,-0.2625,0.0,0.0,0.0001,0.0001,0.0,0.0,-0.0074,0.0008,-0.033299997448921204,0.03359999880194664,0.41369006037712097,-0.4080101251602173,0.14580005407333374,-0.14160007238388062,0.0,0.0
1786168474.6757734,0.0111,-0.0112,0.3856,-0.3875,0.4749,-0.4763,1.1388,-0.2625,0.0,0.0,0.0001,0.0001,0.0,0.0,-0.0074,0.0008,-0.033299997448921204,0.03359999880194664,0.41369006037712097,-0.4080101251602173,0.14580005407333374,-0.14160007238388062,0.0,0.0
1786168474.7008142,0.0111,-0.0112,0.3856,-0.3875,0.4749,-0.4763,1.1388,-0.2625,0.0,0.0,0.0001,0.0001,0.0,0.0,-0.0074,0.0008,-0.033299997448921204,0.03359999880194664,0.41369006037712097,-0.4080101251602173,0.14580005407333374,-0.14160007238388062,0.0,0.0
1786168474.7060606,0.0111,-0.0112,0.3856,-0.3875,0.4749,-0.4763,1.1388,-0.2625,0.0,0.0,0.0001,0.0,0.0,0.0,-0.0074,0.0008,-0.033299997448921204,0.03359999880194664,0.41369006037712097,-0.408000111579895,0.14580005407333374,-0.14160007238388062,0.0,0.0
1786168474.7110827,0.0111,-0.0112,0.3856,-0.3875,0.4749,-0.4763,1.1387,-0.2625,0.0,0.0,0.0001,0.0,0.0,0.0,-0.0074,0.0008,-0.033299997448921204,0.03359999880194664,0.41369006037712097,-0.408000111579895,0.14580005407333374,-0.14160007238388062,0.0,0.0
1786168474.735585,0.0111,-0.0112,0.3856,-0.3875,0.4749,-0.4763,1.1387,-0.2625,0.0,0.0,0.0001,0.0,0.0,0.0,-0.0074,0.0008,-0.033299997448921204,0.03359999880194664,0.41369006037712097,-0.408000111579895,0.14580005407333374,-0.14160007238388062,0.0,0.0
1786168474.7408512,0.0111,-0.0112,0.3856,-0.3875,0.4749,-0.4763,1.1387,-0.2625,0.0,0.0,0.0001,0.0001,0.0,0.0,-0.0074,0.0008,-0.033299997448921204,0.03359999880194664,0.41369006037712097,-0.4080101251602173,0.14580005407333374,-0.14160007238388062,0.0,0.0
1786168474.746938,0.0111,-0.0112,0.3856,-0.3875,0.4749,-0.4763,1.1386,-0.2625,0.0,0.0,0.0001,0.0001,0.0,0.0,-0.0074,0.0008,-0.033299997448921204,0.03359999880194664,0.41369006037712097,-0.4080101251602173,0.14580005407333374,-0.14160007238388062,0.0,0.0
1786168474.7723362,0.0111,-0.0112,0.3856,-0.3875,0.4749,-0.4763,1.1386,-0.2625,0.0,0.0,0.0001,0.0001,0.0,0.0,-0.0074,0.0008,-0.033299997448921204,0.03359999880194664,0.41369006037712097,-0.4080101251602173,0.14580005407333374,-0.14160007238388062,0.0,0.0
1786168474.7779095,0.0111,-0.0112,0.3856,-0.3875,0.4749,-0.4763,1.1386,-0.2625,0.0,0.0,0.0001,0.0001,0.0,0.0,-0.0075,0.0008,-0.033299997448921204,0.03359999880194664,0.41369006037712097,-0.4080101251602173,0.14580005407333374,-0.14160007238388062,0.0,0.0
1786168474.7834628,0.0111,-0.0112,0.3856,-0.3875,0.4749,-0.4763,1.1385,-0.2625,0.0,0.0,0.0001,0.0001,0.0,0.0,-0.0075,0.0008,-0.033299997448921204,0.03359999880194664,0.41369006037712097,-0.4080101251602173,0.14580005407333374,-0.14160007238388062,0.0,0.0
1786168474.7890782,0.0112,-0.0112,0.3856,-0.3875,0.4749,-0.4763,1.1385,-0.2625,0.0,0.0,0.0001,0.0001,0.0,0.0,-0.0075,0.0008,-0.03359999880194664,0.03359999880194664,0.41369006037712097,-0.4080101251602173,0.14580005407333374,-0.14160007238388062,0.0,0.0
1786168474.814593,0.0112,-0.0112,0.3856,-0.3875,0.4749,-0.4763,1.1384,-0.2625,0.0,0.0,0.0001,0.0,0.0,0.0,-0.0075,0.0008,-0.03359999880194664,0.03359999880194664,0.41369006037712097,-0.408000111579895,0.14580005407333374,-0.14160007238388062,0.0,0.0
1786168474.8199022,0.0112,-0.0112,0.3856,-0.3875,0.4749,-0.4763,1.1384,-0.2625,0.0,0.0,0.0001,0.0001,0.0,0.0,-0.0075,0.0008,-0.03359999880194664,0.03359999880194664,0.41369006037712097,-0.4080101251602173,0.14580005407333374,-0.14160007238388062,0.0,0.0
1786168474.8255672,0.0112,-0.0112,0.3856,-0.3875,0.4749,-0.4763,1.1384,-0.2625,0.0,0.0,0.0001,0.0001,0.0,0.0,-0.0075,0.0008,-0.03359999880194664,0.03359999880194664,0.41369006037712097,-0.4080101251602173,0.14580005407333374,-0.14160007238388062,0.0,0.0
1786168474.8506434,0.0112,-0.0112,0.3856,-0.3875,0.4749,-0.4763,1.1383,-0.2625,0.0,0.0,0.0001,0.0001,0.0,0.0,-0.0075,0.0008,-0.03359999880194664,0.03359999880194664,0.41369006037712097,-0.4080101251602173,0.14580005407333374,-0.14160007238388062,0.0,0.0
1786168474.8555925,0.0112,-0.0112,0.3856,-0.3875,0.4749,-0.4763,1.1383,-0.2625,0.0,0.0,0.0001,0.0,0.0,0.0,-0.0075,0.0009,-0.03359999880194664,0.03359999880194664,0.41369006037712097,-0.408000111579895,0.14580005407333374,-0.14160007238388062,0.0,0.0
1786168474.8615172,0.0112,-0.0112,0.3856,-0.3875,0.4749,-0.4763,1.1383,-0.2625,0.0,0.0,0.0001,0.0001,0.0,0.0,-0.0075,0.0009,-0.03359999880194664,0.03359999880194664,0.41369006037712097,-0.4080101251602173,0.14580005407333374,-0.14160007238388062,0.0,0.0
1786168474.887966,0.0112,-0.0112,0.3856,-0.3875,0.4749,-0.4763,1.1382,-0.2625,0.0,0.0,0.0001,0.0001,0.0,0.0,-0.0075,0.0009,-0.03359999880194664,0.03359999880194664,0.41369006037712097,-0.4080101251602173,0.14580005407333374,-0.14160007238388062,0.0,0.0
1786168474.8934112,0.0112,-0.0112,0.3856,-0.3875,0.4749,-0.4763,1.1382,-0.2625,0.0,0.0,0.0001,0.0,0.0,0.0,-0.0076,0.0009,-0.03359999880194664,0.03359999880194664,0.41369006037712097,-0.408000111579895,0.14580005407333374,-0.14160007238388062,0.0,0.0
1786168474.89939,0.0112,-0.0112,0.3856,-0.3875,0.4749,-0.4763,1.1382,-0.2625,0.0,0.0,0.0001,0.0001,0.0,0.0,-0.0076,0.0009,-0.03359999880194664,0.03359999880194664,0.41369006037712097,-0.4080101251602173,0.14580005407333374,-0.14160007238388062,0.0,0.0
1786168474.905224,0.0112,-0.0112,0.3856,-0.3875,0.4749,-0.4763,1.1381,-0.2625,0.0,0.0,0.0001,0.0001,0.0,0.0,-0.0076,0.0009,-0.03359999880194664,0.03359999880194664,0.41369006037712097,-0.4080101251602173,0.14580005407333374,-0.14160007238388062,0.0,0.0
1786168474.931955,0.0112,-0.0112,0.3856,-0.3875,0.4749,-0.4763,1.1381,-0.2625,0.0,0.0,0.0001,0.0001,0.0,0.0,-0.0076,0.0009,-0.03359999880194664,0.03359999880194664,0.41369006037712097,-0.4080101251602173,0.14580005407333374,-0.14160007238388062,0.0,0.0
1786168474.9370463,0.0112,-0.0112,0.3856,-0.3875,0.4749,-0.4763,1.138,-0.2625,0.0,0.0,0.0001,0.0,0.0,0.0,-0.0076,0.0009,-0.03359999880194664,0.03359999880194664,0.41369006037712097,-0.408000111579895,0.14580005407333374,-0.14160007238388062,0.0,0.0
1786168474.9426076,0.0112,-0.0112,0.3856,-0.3875,0.4749,-0.4763,1.138,-0.2625,0.0,0.0,0.0001,0.0,0.0,0.0,-0.0076,0.0009,-0.03359999880194664,0.03359999880194664,0.41369006037712097,-0.408000111579895,0.14580005407333374,-0.14160007238388062,0.0,0.0
1786168474.9703748,0.0112,-0.0112,0.3856,-0.3875,0.4749,-0.4763,1.138,-0.2625,0.0,0.0,0.0001,0.0001,0.0,0.0,-0.0076,0.0009,-0.03359999880194664,0.03359999880194664,0.41369006037712097,-0.4080101251602173,0.14580005407333374,-0.14160007238388062,0.0,0.0
1786168474.975759,0.0112,-0.0112,0.3856,-0.3875,0.4749,-0.4763,1.1379,-0.2625,0.0,0.0,0.0001,0.0001,0.0,0.0,-0.0076,0.0009,-0.03359999880194664,0.03359999880194664,0.41369006037712097,-0.4080101251602173,0.14580005407333374,-0.14160007238388062,0.0,0.0
1786168474.9814193,0.0112,-0.0112,0.3856,-0.3875,0.4749,-0.4763,1.1379,-0.2625,0.0,0.0,0.0001,0.0001,0.0,0.0,-0.0076,0.0009,-0.03359999880194664,0.03359999880194664,0.41369006037712097,-0.4080101251602173,0.14580005407333374,-0.14160007238388062,0.0,0.0
1786168475.0068197,0.0112,-0.0112,0.3856,-0.3875,0.4749,-0.4763,1.1379,-0.2625,0.0,0.0,0.0001,0.0001,0.0,0.0,-0.0076,0.0009,-0.03359999880194664,0.03359999880194664,0.41369006037712097,-0.4080101251602173,0.14580005407333374,-0.14160007238388062,0.0,0.0
1786168475.0123858,0.0112,-0.0112,0.3856,-0.3875,0.4749,-0.4763,1.1378,-0.2625,0.0,0.0,0.0001,0.0,0.0,0.0,-0.0077,0.0009,-0.03359999880194664,0.03359999880194664,0.41369006037712097,-0.408000111579895,0.14580005407333374,-0.14160007238388062,0.0,0.0
1786168475.017547,0.0112,-0.0112,0.3856,-0.3875,0.4749,-0.4763,1.1378,-0.2625,0.0,0.0,0.0001,0.0,0.0,0.0,-0.0077,0.0009,-0.03359999880194664,0.03359999880194664,0.41369006037712097,-0.408000111579895,0.14580005407333374,-0.14160007238388062,0.0,0.0
1786168475.0238702,0.0112,-0.0112,0.3856,-0.3875,0.4749,-0.4763,1.1378,-0.2625,0.0,0.0,0.0001,0.0001,0.0,0.0,-0.0077,0.0009,-0.03359999880194664,0.03359999880194664,0.41369006037712097,-0.4080101251602173,0.14580005407333374,-0.14160007238388062,0.0,0.0
