time_sec,hip_L_Joint_pos_rad,hip_R_Joint_pos_rad,thigh_L_Joint_pos_rad,thigh_R_Joint_pos_rad,knee_L_Joint_pos_rad,knee_R_Joint_pos_rad,wheel_L_Joint_pos_rad,wheel_R_Joint_pos_rad,hip_L_Joint_vel_rad/s,hip_R_Joint_vel_rad/s,thigh_L_Joint_vel_rad/s,thigh_R_Joint_vel_rad/s,knee_L_Joint_vel_rad/s,knee_R_Joint_vel_rad/s,wheel_L_Joint_vel_rad/s,wheel_R_Joint_vel_rad/s,hip_L_Joint_torque,hip_R_Joint_torque,thigh_L_Joint_torque,thigh_R_Joint_torque,knee_L_Joint_torque,knee_R_Joint_torque,wheel_L_Joint_torque,wheel_R_Joint_torque,observation_0,observation_1,observation_2,observation_3,observation_4,observation_5,observation_6,observation_7,observation_8,observation_9,observation_10,observation_11,observation_12,observation_13,observation_14,observation_15,observation_16,observation_17,observation_18,observation_19,observation_20,observation_21,observation_22,observation_23,observation_24,observation_25,observation_26,observation_27,observation_28,observation_29,observation_30,observation_31
0.0,0.015,0.0069,0.8924,-0.8795,2.0938,-2.0854,3.1155,-2.7745,0.0002,0.0,-0.0009,-0.0014,0.0017,-0.0005,-0.0346,0.0176,-0.04501999914646149,-0.02070000022649765,0.2496899962425232,-0.2881599962711334,0.0016299999551847577,-0.02694999985396862,0.0017300000181421638,-0.0008800000068731606,0.0,0.0,0.0,0.0,0.0,0.0,0.0,0.0,0.0,0.0,0.0,0.0,0.0,0.0,0.0,0.0,0.0,0.0,0.0,0.0,0.0,0.0,0.0,0.0,0.0,0.0,0.0,0.0,0.0,0.0,0.0,0.0
0.01,0.015,0.0069,0.8925,-0.8796,2.0938,-2.0854,3.1151,-2.7742,0.0002,0.0,-0.0009,-0.0012,0.0017,-0.0004,-0.0309,0.0122,-0.04501999914646149,-0.02070000022649765,0.24939000606536865,-0.287880003452301,0.0016299999551847577,-0.02696000039577484,0.0015450000064447522,-0.0006099999882280827,0.0,0.0,0.0,0.0,0.0,0.0,0.0,0.0,0.0,0.0,0.0,0.0,0.0,0.0,0.0,0.0,0.0,0.0,0.0,0.0,0.0,0.0,0.0,0.0,0.0,0.0,0.0,0.0,0.0,0.0,0.0,0.0
0.02,0.015,0.0069,0.8926,-0.8796,2.0938,-2.0854,3.1148,-2.774,0.0003,0.0,-0.0011,-0.0008,0.0019,-0.0005,-0.0306,0.0108,-0.04503000155091286,-0.02070000022649765,0.24910999834537506,-0.2879199981689453,0.001610000035725534,-0.02694999985396862,0.0015300000086426735,-0.000539999979082495,0.0,0.0,0.0,0.0,0.0,0.0,0.0,0.0,0.0,0.0,0.0,0.0,0.0,0.0,0.0,0.0,0.0,0.0,0.0,0.0,0.0,0.0,0.0,0.0,0.0,0.0,0.0,0.0,0.0,0.0,0.0,0.0
0.030000000000000002,0.015,0.0069,0.8928,-0.8797,2.0938,-2.0854,3.1144,-2.7738,0.0005,0.0001,-0.0012,-0.0012,0.0019,-0.0006,-0.0328,0.0154,-0.045049998909235,-0.02071000076830387,0.24852000176906586,-0.2875800132751465,0.001610000035725534,-0.0269399993121624,0.0016400000313296914,-0.0007699999841861427,0.0,0.0,0.0,0.0,0.0,0.0,0.0,0.0,0.0,0.0,0.0,0.0,0.0,0.0,0.0,0.0,0.0,0.0,0.0,0.0,0.0,0.0,0.0,0.0,0.0,0.0,0.0,0.0,0.0,0.0,0.0,0.0
0.039999999,0.015,0.0069,0.8929,-0.8798,2.0939,-2.0854,3.114,-2.7735,0.0003,0.0001,-0.001,-0.0016,0.0018,-0.0004,-0.0352,0.0198,-0.04503000155091286,-0.02071000076830387,0.24819999933242798,-0.28723999857902527,0.0013200000394135714,-0.02696000039577484,0.0017600000137463212,-0.0009899999713525176,0.0,0.0,0.0,0.0,0.0,0.0,0.0,0.0,0.0,0.0,0.0,0.0,0.0,0.0,0.0,0.0,0.0,0.0,0.0,0.0,0.0,0.0,0.0,0.0,0.0,0.0,0.0,0.0,0.0,0.0,0.0,0.0
0.049999999,0.015,0.0069,0.8931,-0.8799,2.0939,-2.0854,3.1136,-2.7732,0.0002,0.0,-0.0008,-0.0012,0.0017,-0.0005,-0.0343,0.0173,-0.04501999914646149,-0.02070000022649765,0.24758000671863556,-0.286980003118515,0.0013299999991431832,-0.02694999985396862,0.001715000020340085,-0.0008650000090710819,0.0,0.0,0.0,0.0,0.0,0.0,0.0,0.0,0.0,0.0,0.0,0.0,0.0,0.0,0.0,0.0,0.0,0.0,0.0,0.0,0.0,0.0,0.0,0.0,0.0,0.0,0.0,0.0,0.0,0.0,0.0,0.0
0.059999999000000005,0.015,0.0069,0.8932,-0.88,2.0939,-2.0855,3.1132,-2.773,0.0003,0.0,-0.0008,-0.0011,0.0018,-0.0004,-0.0312,0.0126,-0.04503000155091286,-0.02070000022649765,0.24728000164031982,-0.28668999671936035,0.0013200000394135714,-0.026660000905394554,0.001560000004246831,-0.0006300000241026282,0.0,0.0,0.0,0.0,0.0,0.0,0.0,0.0,0.0,0.0,0.0,0.0,0.0,0.0,0.0,0.0,0.0,0.0,0.0,0.0,0.0,0.0,0.0,0.0,0.0,0.0,0.0,0.0,0.0,0.0,0.0,0.0
0.06999999900000001,0.015,0.0069,0.8933,-0.8801,2.0939,-2.0855,3.1128,-2.7727,0.0003,0.0001,-0.001,-0.0006,0.0019,-0.0005,-0.0308,0.0106,-0.04503000155091286,-0.02071000076830387,0.24699999392032623,-0.28644001483917236,0.0013099999632686377,-0.026650000363588333,0.0015399999683722854,-0.0005300000193528831,0.0,0.0,0.0,0.0,0.0,0.0,0.0,0.0,0.0,0.0,0.0,0.0,0.0,0.0,0.0,0.0,0.0,0.0,0.0,0.0,0.0,0.0,0.0,0.0,0.0,0.0,0.0,0.0,0.0,0.0,0.0,0.0
0.079999999,0.015,0.0069,0.8935,-0.8802,2.0939,-2.0855,3.1125,-2.7725,0.0003,0.0001,-0.0009,-0.0004,0.0019,-0.0005,-0.0309,0.0103,-0.04503000155091286,-0.02071000076830387,0.24638999998569489,-0.2861599922180176,0.0013099999632686377,-0.026650000363588333,0.0015450000064447522,-0.0005150000215508044,0.0,0.0,0.0,0.0,0.0,0.0,0.0,0.0,0.0,0.0,0.0,0.0,0.0,0.0,0.0,0.0,0.0,0.0,0.0,0.0,0.0,0.0,0.0,0.0,0.0,0.0,0.0,0.0,0.0,0.0,0.0,0.0
0.08999999800000001,0.015,0.0069,0.8936,-0.8803,2.0939,-2.0855,3.1121,-2.7723,0.0003,0.0001,-0.0009,-0.0004,0.0018,-0.0004,-0.0309,0.0101,-0.04503000155091286,-0.02071000076830387,0.24608999490737915,-0.28586000204086304,0.0013200000394135714,-0.026660000905394554,0.0015450000064447522,-0.0005050000036135316,0.0,0.0,0.0,0.0,0.0,0.0,0.0,0.0,0.0,0.0,0.0,0.0,0.0,0.0,0.0,0.0,0.0,0.0,0.0,0.0,0.0,0.0,0.0,0.0,0.0,0.0,0.0,0.0,0.0,0.0,0.0,0.0
0.099999998,0.015,0.0069,0.8937,-0.8803,2.094,-2.0855,3.1118,-2.7721,0.0004,0.0002,-0.001,-0.0002,0.0018,-0.0005,-0.0311,0.01,-0.04504000023007393,-0.020719999447464943,0.24580000340938568,-0.2858799993991852,0.001019999966956675,-0.026650000363588333,0.001554999966174364,-0.0005000000237487257,0.0,0.0,0.0,0.0,0.0,0.0,0.0,0.0,0.0,0.0,0.0,0.0,0.0,0.0,0.0,0.0,0.0,0.0,0.0,0.0,0.0,0.0,0.0,0.0,0.0,0.0,0.0,0.0,0.0,0.0,0.0,0.0
0.109999998,0.015,0.0069,0.8939,-0.8804,2.094,-2.0855,3.1114,-2.7719,0.0004,0.0001,-0.0009,-0.0005,0.0019,-0.0004,-0.0311,0.0107,-0.04504000023007393,-0.02071000076830387,0.24518999457359314,-0.28554999828338623,0.0010100000072270632,-0.026660000905394554,0.001554999966174364,-0.000534999999217689,0.0,0.0,0.0,0.0,0.0,0.0,0.0,0.0,0.0,0.0,0.0,0.0,0.0,0.0,0.0,0.0,0.0,0.0,0.0,0.0,0.0,0.0,0.0,0.0,0.0,0.0,0.0,0.0,0.0,0.0,0.0,0.0
0.11999999800000001,0.015,0.0069,0.894,-0.8805,2.094,-2.0855,3.111,-2.7717,0.0004,0.0,-0.0009,-0.0006,0.0019,-0.0006,-0.0324,0.0143,-0.04504000023007393,-0.02070000022649765,0.2448900043964386,-0.2852399945259094,0.0010100000072270632,-0.026639999821782112,0.0016199999954551458,-0.0007149999728426337,0.0,0.0,0.0,0.0,0.0,0.0,0.0,0.0,0.0,0.0,0.0,0.0,0.0,0.0,0.0,0.0,0.0,0.0,0.0,0.0,0.0,0.0,0.0,0.0,0.0,0.0,0.0,0.0,0.0,0.0,0.0,0.0
0.129999997,0.015,0.0069,0.8941,-0.8806,2.094,-2.0855,3.1107,-2.7714,0.0004,0.0002,-0.0008,-0.001,0.0017,-0.0004,-0.0318,0.0159,-0.04504000023007393,-0.020719999447464943,0.2445800006389618,-0.2849000096321106,0.0010300000431016088,-0.026660000905394554,0.0015899999998509884,-0.0007949999999254942,0.0,0.0,0.0,0.0,0.0,0.0,0.0,0.0,0.0,0.0,0.0,0.0,0.0,0.0,0.0,0.0,0.0,0.0,0.0,0.0,0.0,0.0,0.0,0.0,0.0,0.0,0.0,0.0,0.0,0.0,0.0,0.0
0.13999999700000001,0.015,0.0069,0.8942,-0.8807,2.094,-2.0856,3.1103,-2.7712,0.0002,0.0,-0.0008,-0.0014,0.0017,-0.0004,-0.0326,0.0161,-0.04501999914646149,-0.02070000022649765,0.24427999556064606,-0.2845599949359894,0.0010300000431016088,-0.026359999552369118,0.0016299999551847577,-0.000805000017862767,0.0,0.0,0.0,0.0,0.0,0.0,0.0,0.0,0.0,0.0,0.0,0.0,0.0,0.0,0.0,0.0,0.0,0.0,0.0,0.0,0.0,0.0,0.0,0.0,0.0,0.0,0.0,0.0,0.0,0.0,0.0,0.0
0.149999997,0.015,0.0069,0.8944,-0.8807,2.0941,-2.0856,3.11,-2.7709,0.0002,0.0,-0.0008,-0.0015,0.0017,-0.0004,-0.0327,0.0159,-0.04501999914646149,-0.02070000022649765,0.24368000030517578,-0.2845500111579895,0.0007300000288523734,-0.026359999552369118,0.0016349999932572246,-0.0007949999999254942,0.0,0.0,0.0,0.0,0.0,0.0,0.0,0.0,0.0,0.0,0.0,0.0,0.0,0.0,0.0,0.0,0.0,0.0,0.0,0.0,0.0,0.0,0.0,0.0,0.0,0.0,0.0,0.0,0.0,0.0,0.0,0.0
0.159999997,0.015,0.0069,0.8945,-0.8808,2.0941,-2.0856,3.1096,-2.7707,0.0003,0.0001,-0.0008,-0.0015,0.0018,-0.0004,-0.0328,0.0165,-0.04503000155091286,-0.02071000076830387,0.24337999522686005,-0.2842499911785126,0.0007200000109151006,-0.026359999552369118,0.0016400000313296914,-0.0008249999955296516,0.0,0.0,0.0,0.0,0.0,0.0,0.0,0.0,0.0,0.0,0.0,0.0,0.0,0.0,0.0,0.0,0.0,0.0,0.0,0.0,0.0,0.0,0.0,0.0,0.0,0.0,0.0,0.0,0.0,0.0,0.0,0.0
0.16999999600000001,0.015,0.0069,0.8946,-0.8809,2.0941,-2.0856,3.1092,-2.7705,0.0003,0.0,-0.0006,-0.0008,0.0017,-0.0003,-0.0316,0.0141,-0.04503000155091286,-0.02070000022649765,0.24305999279022217,-0.28402000665664673,0.0007300000288523734,-0.02637000009417534,0.0015800000401213765,-0.0007050000131130219,0.0,0.0,0.0,0.0,0.0,0.0,0.0,0.0,0.0,0.0,0.0,0.0,0.0,0.0,0.0,0.0,0.0,0.0,0.0,0.0,0.0,0.0,0.0,0.0,0.0,0.0,0.0,0.0,0.0,0.0,0.0,0.0
0.17999999600000002,0.015,0.0069,0.8948,-0.881,2.0941,-2.0856,3.1089,-2.7702,0.0003,0.0001,-0.0008,-0.0007,0.0019,-0.0005,-0.0307,0.011,-0.04503000155091286,-0.02071000076830387,0.24247999489307404,-0.28373000025749207,0.0007099999929778278,-0.026350000873208046,0.0015350000467151403,-0.0005499999970197678,0.0,0.0,0.0,0.0,0.0,0.0,0.0,0.0,0.0,0.0,0.0,0.0,0.0,0.0,0.0,0.0,0.0,0.0,0.0,0.0,0.0,0.0,0.0,0.0,0.0,0.0,0.0,0.0,0.0,0.0,0.0,0.0
0.189999996,0.015,0.0069,0.8949,-0.8811,2.0941,-2.0856,3.1085,-2.77,0.0005,0.0001,-0.0008,-0.0005,0.0019,-0.0006,-0.0323,0.0132,-0.045049998909235,-0.02071000076830387,0.2421800047159195,-0.28345000743865967,0.0007099999929778278,-0.026340000331401825,0.001614999957382679,-0.0006600000197067857,0.0,0.0,0.0,0.0,0.0,0.0,0.0,0.0,0.0,0.0,0.0,0.0,0.0,0.0,0.0,0.0,0.0,0.0,0.0,0.0,0.0,0.0,0.0,0.0,0.0,0.0,0.0,0.0,0.0,0.0,0.0,0.0
0.199999996,0.015,0.0069,0.895,-0.8812,2.0942,-2.0856,3.1081,-2.7698,0.0004,0.0,-0.0008,-0.0009,0.0019,-0.0007,-0.0326,0.0151,-0.04504000023007393,-0.02070000022649765,0.24187999963760376,-0.28310999274253845,0.00041000000783242285,-0.026329999789595604,0.0016299999551847577,-0.000754999986384064,0.0,0.0,0.0,0.0,0.0,0.0,0.0,0.0,0.0,0.0,0.0,0.0,0.0,0.0,0.0,0.0,0.0,0.0,0.0,0.0,0.0,0.0,0.0,0.0,0.0,0.0,0.0,0.0,0.0,0.0,0.0,0.0
0.20999999600000002,0.015,0.0069,0.8952,-0.8813,2.0942,-2.0856,3.1078,-2.7695,0.0002,0.0,-0.0006,-0.0012,0.0017,-0.0005,-0.0332,0.0157,-0.04501999914646149,-0.02070000022649765,0.24126000702381134,-0.2827799916267395,0.0004299999854993075,-0.026350000873208046,0.0016599999507889152,-0.0007849999819882214,0.0,0.0,0.0,0.0,0.0,0.0,0.0,0.0,0.0,0.0,0.0,0.0,0.0,0.0,0.0,0.0,0.0,0.0,0.0,0.0,0.0,0.0,0.0,0.0,0.0,0.0,0.0,0.0,0.0,0.0,0.0,0.0
0.219999995,0.015,0.0069,0.8953,-0.8813,2.0942,-2.0857,3.1074,-2.7693,0.0003,0.0,-0.0005,-0.0007,0.0017,-0.0003,-0.032,0.0135,-0.04503000155091286,-0.02070000022649765,0.24095000326633453,-0.28282999992370605,0.0004299999854993075,-0.02607000060379505,0.0015999999595806003,-0.0006750000175088644,0.0,0.0,0.0,0.0,0.0,0.0,0.0,0.0,0.0,0.0,0.0,0.0,0.0,0.0,0.0,0.0,0.0,0.0,0.0,0.0,0.0,0.0,0.0,0.0,0.0,0.0,0.0,0.0,0.0,0.0,0.0,0.0
0.229999995,0.015,0.0069,0.8954,-0.8814,2.0942,-2.0857,3.107,-2.7691,0.0003,0.0001,-0.0007,-0.0005,0.0018,-0.0005,-0.0315,0.0102,-0.04503000155091286,-0.02071000076830387,0.24066999554634094,-0.28255000710487366,0.0004199999966658652,-0.02604999952018261,0.0015750000020489097,-0.0005099999834783375,0.0,0.0,0.0,0.0,0.0,0.0,0.0,0.0,0.0,0.0,0.0,0.0,0.0,0.0,0.0,0.0,0.0,0.0,0.0,0.0,0.0,0.0,0.0,0.0,0.0,0.0,0.0,0.0,0.0,0.0,0.0,0.0
0.23999999500000002,0.015,0.0069,0.8956,-0.8815,2.0942,-2.0857,3.1067,-2.7689,0.0004,0.0001,-0.0006,0.0001,0.0019,-0.0004,-0.0321,0.0089,-0.04504000023007393,-0.02071000076830387,0.2400600016117096,-0.28231000900268555,0.00041000000783242285,-0.02606000006198883,0.0016049999976530671,-0.0004450000124052167,0.0,0.0,0.0,0.0,0.0,0.0,0.0,0.0,0.0,0.0,0.0,0.0,0.0,0.0,0.0,0.0,0.0,0.0,0.0,0.0,0.0,0.0,0.0,0.0,0.0,0.0,0.0,0.0,0.0,0.0,0.0,0.0
0.249999995,0.015,0.0069,0.8957,-0.8816,2.0942,-2.0857,3.1063,-2.7687,0.0004,0.0001,-0.0009,0.0009,0.0019,-0.0003,-0.0308,0.0086,-0.04504000023007393,-0.02071000076830387,0.23978999257087708,-0.2820900082588196,0.00041000000783242285,-0.02607000060379505,0.0015399999683722854,-0.0004299999854993075,0.0,0.0,0.0,0.0,0.0,0.0,0.0,0.0,0.0,0.0,0.0,0.0,0.0,0.0,0.0,0.0,0.0,0.0,0.0,0.0,0.0,0.0,0.0,0.0,0.0,0.0,0.0,0.0,0.0,0.0,0.0,0.0
0.259999994,0.015,0.0069,0.8958,-0.8816,2.0943,-2.0857,3.106,-2.7685,0.0005,0.0003,-0.0011,0.0002,0.0019,-0.0005,-0.0297,0.0101,-0.045049998909235,-0.020729999989271164,0.23950999975204468,-0.2820200026035309,0.00011000000085914508,-0.02604999952018261,0.0014850000152364373,-0.0005050000036135316,0.0,0.0,0.0,0.0,0.0,0.0,0.0,0.0,0.0,0.0,0.0,0.0,0.0,0.0,0.0,0.0,0.0,0.0,0.0,0.0,0.0,0.0,0.0,0.0,0.0,0.0,0.0,0.0,0.0,0.0,0.0,0.0
0.269999994,0.015,0.0069,0.8959,-0.8817,2.0943,-2.0857,3.1056,-2.7683,0.0003,0.0001,-0.0011,-0.0005,0.0018,-0.0004,-0.0295,0.0104,-0.04503000155091286,-0.02071000076830387,0.23920999467372894,-0.28165000677108765,0.00011999999696854502,-0.02606000006198883,0.0014750000555068254,-0.0005200000014156103,0.0,0.0,0.0,0.0,0.0,0.0,0.0,0.0,0.0,0.0,0.0,0.0,0.0,0.0,0.0,0.0,0.0,0.0,0.0,0.0,0.0,0.0,0.0,0.0,0.0,0.0,0.0,0.0,0.0,0.0,0.0,0.0
0.27999999400000003,0.015,0.0069,0.8961,-0.8818,2.0943,-2.0857,3.1053,-2.7681,0.0004,0.0,-0.0011,-0.0006,0.0019,-0.0007,-0.0315,0.0144,-0.04504000023007393,-0.02070000022649765,0.23860999941825867,-0.28134000301361084,0.00011000000085914508,-0.026030000299215317,0.0015750000020489097,-0.0007200000109151006,0.0,0.0,0.0,0.0,0.0,0.0,0.0,0.0,0.0,0.0,0.0,0.0,0.0,0.0,0.0,0.0,0.0,0.0,0.0,0.0,0.0,0.0,0.0,0.0,0.0,0.0,0.0,0.0,0.0,0.0,0.0,0.0
0.28999999400000004,0.015,0.0069,0.8962,-0.8819,2.0943,-2.0857,3.105,-2.7678,0.0002,0.0,-0.001,-0.0014,0.0017,-0.0005,-0.0321,0.0169,-0.04501999914646149,-0.02070000022649765,0.23829999566078186,-0.28095999360084534,0.00013000000035390258,-0.02604999952018261,0.0016049999976530671,-0.0008449999731965363,0.0,0.0,0.0,0.0,0.0,0.0,0.0,0.0,0.0,0.0,0.0,0.0,0.0,0.0,0.0,0.0,0.0,0.0,0.0,0.0,0.0,0.0,0.0,0.0,0.0,0.0,0.0,0.0,0.0,0.0,0.0,0.0
0.299999994,0.015,0.0069,0.8963,-0.882,2.0943,-2.0858,3.1046,-2.7676,0.0002,0.0,-0.0008,-0.0009,0.0017,-0.0004,-0.0315,0.0151,-0.04501999914646149,-0.02070000022649765,0.23797999322414398,-0.28071001172065735,0.00013000000035390258,-0.025760000571608543,0.0015750000020489097,-0.000754999986384064,0.0,0.0,0.0,0.0,0.0,0.0,0.0,0.0,0.0,0.0,0.0,0.0,0.0,0.0,0.0,0.0,0.0,0.0,0.0,0.0,0.0,0.0,0.0,0.0,0.0,0.0,0.0,0.0,0.0,0.0,0.0,0.0
0.30999999300000003,0.015,0.0069,0.8965,-0.882,2.0944,-2.0858,3.1042,-2.7674,0.0002,0.0,-0.0009,-0.0013,0.0017,-0.0004,-0.0317,0.0159,0.9472010135650635,-0.2768195867538452,0.7631980776786804,-0.13642336428165436,-8.063145637512207,9.64443588256836,0.2064419984817505,0.025161152705550194,-0.0010216241935268044,0.0007814929122105241,0.009164980612695217,-8.838003395794658e-07,-3.501281389617361e-05,-1.0,0.0,0.0,0.0,0.5199999809265137,0.014999999664723873,0.006899999920278788,-0.07909999787807465,0.09359999746084213,0.0,0.00860000029206276,0.00019999999494757503,0.0,-0.0008999999845400453,-0.0013000000035390258,0.0017000000225380063,-0.00039999998989515007,-0.031700000166893005,0.01590000092983246,0.0,0.0,0.0,0.0,0.0,0.0,0.0,0.0
0.31999999300000004,0.015,0.0069,0.8966,-0.8821,2.0944,-2.0858,3.1039,-2.7671,0.0002,0.0,-0.0009,-0.0014,0.0017,-0.0004,-0.0316,0.0159,0.8645647168159485,-0.5277432799339294,1.203615665435791,-0.5133810639381409,-9.602937698364258,10.63758659362793,0.04616573452949524,0.3625507652759552,-0.000995165784843266,0.0007501642103306949,0.009126236662268639,-2.9007742341491394e-06,-9.38847915676888e-06,-1.0,0.0,0.0,0.0,0.5199999809265137,0.014999999664723873,0.006899999920278788,-0.07900000363588333,0.09350000321865082,0.0,0.00860000029206276,0.00019999999494757503,0.0,-0.0008999999845400453,-0.00139999995008111,0.0017000000225380063,-0.00039999998989515007,-0.031599998474121094,0.01590000092983246,0.6614806652069092,-0.17074640095233917,0.3505387008190155,0.09616442024707794,-5.375317096710205,6.4467973709106445,0.8194279670715332,0.10382460802793503
0.32999999300000005,0.0147,0.0066,0.8957,-0.8808,2.0931,-2.0843,3.104,-2.7677,-0.0546,-0.0535,-0.2181,0.2386,-0.262,0.2986,0.0699,-0.1113,0.8068140149116516,-0.4661778211593628,1.0418334007263184,-0.6225348711013794,-9.971302032470703,10.281269073486328,-0.0728139877319336,0.5605421662330627,-0.038004111498594284,-0.008992791175842285,0.012966913171112537,-2.9007742341491394e-06,-9.38847915676888e-06,-1.0,0.0,0.0,0.0,0.5199999809265137,0.014700000174343586,0.006599999964237213,-0.07989999651908875,0.09480000287294388,-0.0013000000035390258,0.010099999606609344,-0.05460000038146973,-0.05350000038743019,-0.21809999644756317,0.2386000007390976,-0.2619999945163727,0.2985999882221222,0.06989999860525131,-0.11129999905824661,0.6063898205757141,-0.33802884817123413,0.6443504095077515,-0.15534736216068268,-6.4018449783325195,7.108897686004639,0.17834293842315674,1.4533830881118774
0.339999993,0.0129,0.0047,0.8916,-0.8762,2.0863,-2.0764,3.105,-2.769,-0.2399,-0.2364,-0.4019,0.4529,-0.8335,0.9766,0.0411,-0.0323,0.6357550024986267,-0.058461520820856094,0.8943931460380554,-0.5998373031616211,-9.705381393432617,9.036428451538086,-0.24313731491565704,0.6652978658676147,-0.16238467395305634,-0.18234236538410187,0.023957332596182823,-5.158851854503155e-05,0.00016730853531043977,-1.0,0.0,0.0,0.0,0.5199999809265137,0.012900000438094139,0.004699999932199717,-0.08399999886751175,0.09939999878406525,-0.008100000210106373,0.017999999225139618,-0.23989999294281006,-0.23639999330043793,-0.4018999934196472,0.4528999924659729,-0.8335000276565552,0.9765999913215637,0.041099999099969864,-0.03229999914765358,0.5636360049247742,-0.3011518716812134,0.520215630531311,-0.20951658487319946,-6.667601108551025,6.894286155700684,-0.277275949716568,2.2199087142944336
0.34999999200000004,0.009,0.001,0.888,-0.8718,2.0732,-2.0611,3.1036,-2.7663,-0.4136,-0.406,-0.3796,0.3725,-1.4816,1.6981,-0.1919,0.4464,0.2885553538799286,0.5212233662605286,0.6503076553344727,-0.434998095035553,-8.788869857788086,7.34734582901001,-0.4187960624694824,0.7578091025352478,-0.2696610689163208,-0.49961939454078674,0.04205191135406494,-5.158851854503155e-05,0.00016730853531043977,-1.0,0.0,0.0,0.0,0.5199999809265137,0.008999999612569809,0.0010000000474974513,-0.08760000020265579,0.10379999876022339,-0.021199999377131462,0.0333000011742115,-0.41359999775886536,-0.4059999883174896,-0.37959998846054077,0.3725000023841858,-1.481600046157837,1.698099970817566,-0.19189999997615814,0.446399986743927,0.4336433410644531,-0.0453343465924263,0.40146875381469727,-0.1708981990814209,-6.542020797729492,6.125392436981201,-0.9643292427062988,2.654731512069702
0.35999999200000005,0.0045,-0.0035,0.885,-0.8693,2.0534,-2.0393,3.0989,-2.7573,-0.4407,-0.429,-0.2782,0.2033,-2.1517,2.3175,-0.5721,1.0646,-0.15208417177200317,0.9266340732574463,0.29706767201423645,-0.2283593714237213,-7.284462928771973,5.75069522857666,-0.5519242882728577,0.8540802001953125,-0.2498108595609665,-0.8233234882354736,0.0015974126290529966,-0.005276941694319248,0.003908839542418718,-0.9999784231185913,0.0,0.0,0.0,0.5199999809265137,0.0044999998062849045,-0.0035000001080334187,-0.09059999883174896,0.1062999963760376,-0.04100000113248825,0.05510000139474869,-0.4406999945640564,-0.42899999022483826,-0.2782000005245209,0.20329999923706055,-2.151700019836426,2.317500114440918,-0.5720999836921692,1.0645999908447266,0.1827968955039978,0.3224155902862549,0.233031764626503,-0.05756540596485138,-6.000420093536377,5.078037261962891,-1.7135642766952515,3.120516300201416
0.369999992,0.001,-0.0068,0.8826,-0.8689,2.027,-2.0126,3.0899,-2.7419,-0.2838,-0.2696,-0.25,-0.0136,-2.7932,2.7538,-1.0197,1.7096,-0.6213052272796631,1.0486900806427002,0.11629784852266312,0.012713286094367504,-5.6223344802856445,4.583696365356445,-0.6355952620506287,0.9208548069000244,-0.08393149822950363,-1.074302077293396,0.013441442511975765,-0.01764192245900631,0.007642763666808605,-0.9998151063919067,0.0,0.0,0.0,0.5199999809265137,0.0010000000474974513,-0.006800000090152025,-0.09300000220537186,0.10670000314712524,-0.0674000009894371,0.08179999887943268,-0.28380000591278076,-0.2696000039577484,-0.25,-0.01360000018030405,-2.7932000160217285,2.7537999153137207,-1.019700050354004,1.7095999717712402,-0.12176945060491562,0.5821560621261597,-0.0017015464836731553,0.07391375303268433,-5.0817551612854,4.098496913909912,-2.3221170902252197,3.6292407512664795
0.379999992,0.0001,-0.0075,0.88,-0.8702,1.9949,-1.9832,3.076,-2.7205,0.0049,0.0237,-0.2955,-0.1733,-3.3289,2.9661,-1.4927,2.2765,-1.0302692651748657,0.8952696323394775,0.1532721221446991,0.2555941939353943,-4.274783134460449,3.9909279346466064,-0.6328290700912476,0.9263024926185608,0.1705726683139801,-1.2004317045211792,0.009908931329846382,-0.01764192245900631,0.007642763666808605,-0.9998151063919067,0.0,0.0,0.0,0.5199999809265137,9.999999747378752e-05,-0.007499999832361937,-0.09560000151395798,0.10540000349283218,-0.09950000047683716,0.1111999973654747,0.004900000058114529,0.02370000071823597,-0.2955000102519989,-0.17329999804496765,-3.328900098800659,2.966099977493286,-1.4926999807357788,2.2764999866485596,-0.4311234951019287,0.6675534248352051,-0.12513476610183716,0.22096885740756989,-4.0692362785339355,3.402984380722046,-2.746320962905884,4.025339126586914
0.389999992,0.0023,-0.0053,0.8765,-0.8727,1.9588,-1.9526,3.0579,-2.6935,0.3107,0.318,-0.3846,-0.3265,-3.5739,3.0461,-1.8256,2.873,-1.2546074390411377,0.80222487449646,0.34514322876930237,0.5235675573348999,-3.584167957305908,3.855651617050171,-0.6386680006980896,0.9123273491859436,0.36107444763183594,-1.2178808450698853,0.08525322377681732,-0.03487185761332512,0.007059071213006973,-0.9993668794631958,0.0,0.0,0.0,0.5199999809265137,0.002300000051036477,-0.0052999998442828655,-0.09910000115633011,0.10289999842643738,-0.1356000006198883,0.14180000126361847,0.310699999332428,0.3179999887943268,-0.3846000134944916,-0.3264999985694885,-3.573899984359741,3.046099901199341,-1.825600028038025,2.872999906539917,-0.6863195300102234,0.5834264159202576,-0.10871858894824982,0.36964279413223267,-3.270781993865967,3.080758571624756,-2.8298563957214355,4.160510063171387
0.399999991,0.0064,-0.001,0.8731,-0.8761,1.923,-1.922,3.0372,-2.6612,0.4,0.4133,-0.3047,-0.3039,-3.5867,3.0806,-2.1886,3.3247,-1.3364918231964111,0.7526179552078247,0.21870030462741852,0.6160371899604797,-3.072143077850342,3.697507381439209,-0.6186639666557312,0.9008890986442566,0.38980263471603394,-1.1725409030914307,-0.03597511723637581,-0.03487185761332512,0.007059071213006973,-0.9993668794631958,0.0,0.0,0.0,0.5199999809265137,0.006399999838322401,-0.0010000000474974513,-0.10249999910593033,0.09950000047683716,-0.17139999568462372,0.17239999771118164,0.4000000059604645,0.4133000075817108,-0.30469998717308044,-0.30390000343322754,-3.586699962615967,3.0806000232696533,-2.1886000633239746,3.324700117111206,-0.8110916614532471,0.5454165935516357,0.006255485117435455,0.5330783724784851,-2.8989052772521973,3.05710768699646,-2.9197919368743896,4.223909378051758
0.409999991,0.0092,0.0019,0.8701,-0.8791,1.8874,-1.8905,3.0128,-2.6242,0.21,0.2231,-0.3055,-0.3008,-3.5362,3.1805,-2.5359,3.8352,-1.340851902961731,0.9633162021636963,0.21357229351997375,0.6473718285560608,-2.8792834281921387,3.308354139328003,-0.660731315612793,0.879181444644928,0.22725702822208405,-1.103848934173584,0.020145902410149574,-0.058966558426618576,-0.00034461531322449446,-0.9982598423957825,0.0,0.0,0.0,0.5199999809265137,0.009200000204145908,0.0019000000320374966,-0.1054999977350235,0.09650000184774399,-0.2070000022649765,0.20389999449253082,0.20999999344348907,0.22310000658035278,-0.30550000071525574,-0.30079999566078186,-3.5362000465393066,3.180500030517578,-2.535900115966797,3.835200071334839,-0.8515278697013855,0.527298629283905,-0.07951313257217407,0.5894314646720886,-2.6300086975097656,3.0151782035827637,-2.9123759269714355,4.268496513366699
0.419999991,0.0094,0.0023,0.8676,-0.8815,1.8533,-1.858,2.9849,-2.5828,-0.0089,0.0008,-0.2404,-0.2252,-3.3053,3.2501,-2.8182,4.2447,-1.3328474760055542,1.2015165090560913,0.10656671226024628,0.6022610664367676,-2.7975857257843018,2.7631771564483643,-0.7190935015678406,0.8593870401382446,-0.010540963150560856,-1.0007503032684326,0.04042532294988632,-0.07549573481082916,-0.003782827639952302,-0.9971388578414917,0.0,0.0,0.0,0.5199999809265137,0.009399999864399433,0.002300000051036477,-0.1080000028014183,0.0940999984741211,-0.2410999983549118,0.23639999330043793,-0.008899999782443047,0.0007999999797903001,-0.24040000140666962,-0.22519999742507935,-3.305299997329712,3.2500998973846436,-2.81820011138916,4.244699954986572,-0.8615012764930725,0.6608841419219971,-0.0889851376414299,0.6045278906822205,-2.5692689418792725,2.8254027366638184,-3.1501052379608154,4.28376579284668
0.429999991,0.0078,0.0008,0.8658,-0.8825,1.8219,-1.8252,2.9544,-2.5381,-0.2087,-0.1985,-0.1964,-0.0869,-3.1068,3.2936,-3.1385,4.5876,-1.2835617065429688,1.3069127798080444,-0.06033232808113098,0.4812468886375427,-2.7945356369018555,2.373565673828125,-0.7335915565490723,0.7936077117919922,-0.2039657086133957,-0.868008017539978,0.00699592987075448,-0.07549573481082916,-0.003782827639952302,-0.9971388578414917,0.0,0.0,0.0,0.5199999809265137,0.007799999788403511,0.0007999999797903001,-0.10980000346899033,0.09309999644756317,-0.27250000834465027,0.26919999718666077,-0.2087000012397766,-0.19850000739097595,-0.1964000016450882,-0.0869000032544136,-3.106800079345703,3.293600082397461,-3.1384999752044678,4.587600231170654,-0.8703583478927612,0.8056643009185791,-0.1609821915626526,0.574694037437439,-2.567610502243042,2.5315914154052734,-3.440014123916626,4.286488056182861
0.43999999,0.0048,-0.0021,0.8639,-0.8828,1.7921,-1.7924,2.9204,-2.4897,-0.3051,-0.2955,-0.1686,0.0013,-2.9502,3.2657,-3.5135,4.9227,-1.224289894104004,1.3314378261566162,-0.2213396430015564,0.41490936279296875,-2.8635618686676025,2.18384051322937,-0.7588025331497192,0.7207587957382202,-0.2957249879837036,-0.735622227191925,-0.006800691597163677,-0.0894685685634613,-0.00215302431024611,-0.9959872364997864,0.0,0.0,0.0,0.5199999809265137,0.004800000227987766,-0.002099999925121665,-0.11169999837875366,0.09279999881982803,-0.30230000615119934,0.3019999861717224,-0.3050999939441681,-0.2955000102519989,-0.16859999299049377,0.0013000000035390258,-2.950200080871582,3.265700101852417,-3.5134999752044678,4.922699928283691,-0.8540211319923401,0.8596418499946594,-0.2729148864746094,0.5012379288673401,-2.6151437759399414,2.340350389480591,-3.5620663166046143,4.0919508934021
0.44999999,0.0018,-0.005,0.8626,-0.8828,1.7636,-1.7607,2.8824,-2.4381,-0.2848,-0.2757,-0.1698,-0.0011,-2.8189,3.1499,-3.8804,5.2711,-1.1762982606887817,1.312040090560913,-0.2741621434688568,0.4043491780757904,-2.9959404468536377,2.1831254959106445,-0.762793779373169,0.619520902633667,-0.2846269905567169,-0.6127322316169739,0.027373509481549263,-0.0894685685634613,-0.00215302431024611,-0.9959872364997864,0.0,0.0,0.0,0.5199999809265137,0.0017999999690800905,-0.004999999888241291,-0.11299999803304672,0.09279999881982803,-0.33079999685287476,0.3337000012397766,-0.2847999930381775,-0.27570000290870667,-0.16979999840259552,-0.0010999999940395355,-2.8189001083374023,3.149899959564209,-3.8803999423980713,5.271100044250488,-0.8269332647323608,0.8637252449989319,-0.382199764251709,0.4622929096221924,-2.7103211879730225,2.277606964111328,-3.737910032272339,3.867575168609619
0.45999999,-0.0003,-0.007,0.861,-0.8827,1.7362,-1.7306,2.8407,-2.3835,-0.1722,-0.1628,-0.1686,0.0296,-2.7314,2.9749,-4.2717,5.5278,-1.156190037727356,1.228617787361145,-0.4319823086261749,0.4423281252384186,-3.012354850769043,2.3145010471343994,-0.7826342582702637,0.5605675578117371,-0.18812909722328186,-0.47939884662628174,-0.02506561204791069,-0.10359419137239456,0.003641474060714245,-0.9946130514144897,0.0,0.0,0.0,0.5199999809265137,-0.0003000000142492354,-0.007000000216066837,-0.11460000276565552,0.09290000051259995,-0.3582000136375427,0.3637999892234802,-0.17219999432563782,-0.16279999911785126,-0.16859999299049377,0.029600000008940697,-2.7314000129699707,2.974900007247925,-4.271699905395508,5.5278000831604,-0.7995855212211609,0.8463134169578552,-0.420094758272171,0.45509278774261475,-2.84682035446167,2.332810401916504,-3.8272550106048584,3.53230357170105
0.46999999000000003,-0.0009,-0.0076,0.8587,-0.8823,1.7094,-1.7023,2.7954,-2.3265,-0.026,-0.0181,-0.2593,0.0563,-2.6702,2.7873,-4.6192,5.7537,-1.135689616203308,1.1408714056015015,-0.40647560358047485,0.47526320815086365,-3.073899507522583,2.5916459560394287,-0.7860748767852783,0.4854188859462738,-0.059530895203351974,-0.32366153597831726,0.0030278663616627455,-0.11073484271764755,0.00645734928548336,-0.9938291311264038,0.0,0.0,0.0,0.5199999809265137,-0.0008999999845400453,-0.007600000128149986,-0.1168999969959259,0.093299999833107,-0.38499999046325684,0.3921000063419342,-0.026000000536441803,-0.01810000091791153,-0.25929999351501465,0.056299999356269836,-2.6702001094818115,2.7873001098632812,-4.619200229644775,5.753699779510498,-0.7828733325004578,0.7942251563072205,-0.5284281969070435,0.4826587438583374,-2.9067299365997314,2.4689273834228516,-3.984877109527588,3.347830295562744
0.47999999000000004,-0.0004,-0.007,0.8553,-0.8809,1.6833,-1.6757,2.7467,-2.2679,0.0655,0.0722,-0.3973,0.1754,-2.6078,2.6396,-4.9475,5.9138,-1.0709052085876465,1.0558066368103027,-0.3174799978733063,0.4430898129940033,-3.080274820327759,2.7783305644989014,-0.7323302030563354,0.38412582874298096,0.025327762588858604,-0.12971121072769165,0.02027219720184803,-0.11073484271764755,0.00645734928548336,-0.9938291311264038,0.0,0.0,0.0,0.5199999809265137,-0.00039999998989515007,-0.007000000216066837,-0.12030000239610672,0.09470000118017197,-0.41110000014305115,0.4187000095844269,0.06549999862909317,0.0722000002861023,-0.39730000495910645,0.1754000037908554,-2.607800006866455,2.6396000385284424,-4.947500228881836,5.91379976272583,-0.7606597542762756,0.7441743016242981,-0.5220704078674316,0.5071954727172852,-2.997279644012451,2.697783946990967,-4.068139553070068,3.0924155712127686
0.489999989,0.0007,-0.0059,0.8502,-0.8777,1.6576,-1.6503,2.6947,-2.2082,0.0875,0.0963,-0.5562,0.3815,-2.5511,2.5293,-5.2854,6.0009,-0.9571096301078796,0.9498084187507629,-0.2311088740825653,0.3535138666629791,-3.069612979888916,2.9065985679626465,-0.6343281865119934,0.26406997442245483,0.05884251743555069,0.09316857159137726,0.005286352708935738,-0.11419256776571274,0.006676278077065945,-0.993436336517334,0.0,0.0,0.0,0.5199999809265137,0.000699999975040555,-0.005900000222027302,-0.12540000677108765,0.09790000319480896,-0.4368000030517578,0.4440999925136566,0.08749999850988388,0.09629999846220016,-0.5562000274658203,0.3815000057220459,-2.551100015640259,2.5292999744415283,-5.285399913787842,6.000899791717529,-0.7103701233863831,0.6946843862533569,-0.47874000668525696,0.4964865446090698,-3.049569845199585,2.865593671798706,-3.918820858001709,2.7192633152008057
0.49999998900000003,0.0012,-0.0052,0.8437,-0.8723,1.6326,-1.6255,2.6394,-2.1478,0.0396,0.0465,-0.6818,0.6025,-2.4887,2.484,-5.6289,6.0612,-0.7981958985328674,0.8672332763671875,-0.13037757575511932,0.24171936511993408,-3.1209213733673096,2.966895818710327,-0.5148640871047974,0.12696412205696106,0.040388379245996475,0.29110610485076904,-0.005060109309852123,-0.11419256776571274,0.006676278077065945,-0.993436336517334,0.0,0.0,0.0,0.5199999809265137,0.0012000000569969416,-0.005200000014156103,-0.13189999759197235,0.10329999774694443,-0.4618000090122223,0.46889999508857727,0.03959999978542328,0.04650000110268593,-0.6818000078201294,0.6025000214576721,-2.4886999130249023,2.4839999675750732,-5.628900051116943,6.061200141906738,-0.6308397650718689,0.6278256177902222,-0.44195258617401123,0.4569092392921448,-3.0900819301605225,2.9945523738861084,-3.594392776489258,2.256459951400757
0.509999989,0.0013,-0.0051,0.8363,-0.8649,1.6083,-1.601,2.5807,-2.0871,-0.0063,-0.0003,-0.7699,0.7617,-2.4303,2.4447,-5.9414,6.0818,-0.6544819474220276,0.7867819666862488,0.033980678766965866,0.1746636927127838,-3.2259323596954346,3.0040855407714844,-0.3926022946834564,-0.0032690532971173525,0.02232702635228634,0.43596696853637695,0.017424531280994415,-0.11139591783285141,0.005495381075888872,-0.9937609434127808,0.0,0.0,0.0,0.5199999809265137,0.0013000000035390258,-0.005100000184029341,-0.13930000364780426,0.11069999635219574,-0.4860999882221222,0.4934000074863434,-0.006300000008195639,-0.0003000000142492354,-0.7699000239372253,0.7616999745368958,-2.430299997329712,2.444700002670288,-5.941400051116943,6.0817999839782715,-0.5270906090736389,0.5708554983139038,-0.3961717188358307,0.4079129099845886,-3.1701276302337646,3.0813305377960205,-3.1852364540100098,1.720096468925476
0.519999989,0.0013,-0.0051,0.8286,-0.8565,1.5843,-1.5772,2.5191,-2.027,0.0001,0.0062,-0.7875,0.8651,-2.3876,2.3718,-6.222,5.9971,-0.5621404647827148,0.6864153146743774,0.13648419082164764,0.14918242394924164,-3.2943544387817383,3.0689451694488525,-0.261577844619751,-0.0980772152543068,0.03666779026389122,0.5192272663116455,0.0012705372646450996,-0.10494377464056015,0.005101093556731939,-0.994465172290802,0.0,0.0,0.0,0.5199999809265137,0.0013000000035390258,-0.005100000184029341,-0.1469999998807907,0.11909999698400497,-0.5101000070571899,0.5171999931335449,9.999999747378752e-05,0.006200000178068876,-0.7875000238418579,0.8651000261306763,-2.3875999450683594,2.371799945831299,-6.2220001220703125,5.997099876403809,-0.4341413080692291,0.5143013000488281,-0.30727288126945496,0.3886224627494812,-3.284841537475586,3.152503728866577,-2.7586891651153564,1.2032837867736816
0.529999988,0.0015,-0.0047,0.821,-0.8475,1.5608,-1.5541,2.4552,-1.9681,0.0352,0.0412,-0.748,0.899,-2.3492,2.2951,-6.4468,5.8452,-0.5212898254394531,0.6196591854095459,0.21516697108745575,0.17336098849773407,-3.3672804832458496,3.1430087089538574,-0.15369965136051178,-0.14574290812015533,0.0679996907711029,0.5352330207824707,-0.00471586873754859,-0.10494377464056015,0.005101093556731939,-0.994465172290802,0.0,0.0,0.0,0.5199999809265137,0.001500000013038516,-0.004699999932199717,-0.15459999442100525,0.12809999287128448,-0.5335999727249146,0.5403000116348267,0.03519999980926514,0.041200000792741776,-0.7480000257492065,0.8989999890327454,-2.3492000102996826,2.295099973678589,-6.446800231933594,5.845200061798096,-0.372153639793396,0.44782355427742004,-0.255510538816452,0.3953282833099365,-3.3756096363067627,3.238483428955078,-2.2907114028930664,0.8071111440658569
0.539999988,0.0022,-0.004,0.8141,-0.8387,1.5376,-1.5318,2.3895,-1.9114,0.0703,0.0753,-0.6786,0.8781,-2.3133,2.2166,-6.6044,5.636,-0.5099208950996399,0.5861397385597229,0.3145875036716461,0.2366091012954712,-3.4200634956359863,3.1778318881988525,-0.05436299741268158,-0.1631256490945816,0.0998353585600853,0.5005213022232056,0.012005642056465149,-0.09702112525701523,0.004289011470973492,-0.9952730536460876,0.0,0.0,0.0,0.5199999809265137,0.002199999988079071,-0.004000000189989805,-0.1615000069141388,0.13689999282360077,-0.5568000078201294,0.5626000165939331,0.07029999792575836,0.07530000060796738,-0.678600013256073,0.8780999779701233,-2.3132998943328857,2.216599941253662,-6.604400157928467,5.636000156402588,-0.3421798646450043,0.40645280480384827,-0.21562202274799347,0.43170732259750366,-3.4686670303344727,3.3289458751678467,-1.904158592224121,0.5860683917999268
0.549999988,0.0031,-0.0031,0.8081,-0.83,1.5148,-1.5103,2.3226,-1.8571,0.0931,0.0981,-0.5927,0.8583,-2.281,2.1464,-6.6966,5.3674,-0.5379822850227356,0.586699366569519,0.342037171125412,0.3159974217414856,-3.403632402420044,3.1609323024749756,0.025266988202929497,-0.133099764585495,0.12026284635066986,0.4448094367980957,0.005232212133705616,-0.09702112525701523,0.004289011470973492,-0.9952730536460876,0.0,0.0,0.0,0.5199999809265137,0.003100000089034438,-0.003100000089034438,-0.16750000417232513,0.14560000598430634,-0.5795999765396118,0.5841000080108643,0.09309999644756317,0.09809999912977219,-0.5927000045776367,0.858299970626831,-2.2809998989105225,2.146399974822998,-6.696599960327148,5.367400169372559,-0.33086061477661133,0.3877798318862915,-0.15851499140262604,0.490079402923584,-3.5478622913360596,3.3915278911590576,-1.5383319854736328,0.47469738125801086
0.5599999880000001,0.0041,-0.002,0.8029,-0.8216,1.4923,-1.4893,2.2554,-1.8056,0.0997,0.1051,-0.5035,0.8496,-2.2504,2.0906,-6.7379,5.0724,-0.572013258934021,0.6008516550064087,0.30036091804504395,0.3666020929813385,-3.336012363433838,3.1198689937591553,0.10145904868841171,-0.08724135160446167,0.12489718943834305,0.38068878650665283,-0.020451925694942474,-0.08737335354089737,0.002151401713490486,-0.9961732029914856,0.0,0.0,0.0,0.5199999809265137,0.004100000020116568,-0.0020000000949949026,-0.17270000278949738,0.15399999916553497,-0.6021000146865845,0.6050999760627747,0.09969999641180038,0.10509999841451645,-0.5034999847412109,0.8496000170707703,-2.2504000663757324,2.09060001373291,-6.7378997802734375,5.072400093078613,-0.34624820947647095,0.3914729058742523,-0.14648856222629547,0.559084951877594,-3.580354928970337,3.418581485748291,-1.23825204372406,0.5410809516906738
0.5699999880000001,0.005,-0.0011,0.7984,-0.8133,1.4702,-1.4687,2.1883,-1.7569,0.0779,0.0824,-0.458,0.8281,-2.209,2.0551,-6.6971,4.8179,-0.5861845016479492,0.6519673466682434,0.3543720841407776,0.4282201826572418,-3.3304147720336914,2.992877721786499,0.152368426322937,-0.04685540124773979,0.10800836980342865,0.32273557782173157,0.016473762691020966,-0.0817122831940651,0.0002856909413821995,-0.9966558814048767,0.0,0.0,0.0,0.5199999809265137,0.004999999888241291,-0.0010999999940395355,-0.17720000445842743,0.1623000055551529,-0.6241999864578247,0.6256999969482422,0.0778999999165535,0.08240000158548355,-0.4580000042915344,0.8281000256538391,-2.2090001106262207,2.0550999641418457,-6.6971001625061035,4.81790018081665,-0.3664954900741577,0.4035744369029999,-0.17872604727745056,0.6090413928031921,-3.578234910964966,3.429486036300659,-0.941743791103363,0.6655145883560181
0.579999987,0.0055,-0.0005,0.7942,-0.8048,1.4485,-1.4485,2.1219,-1.7108,0.0464,0.0508,-0.4301,0.8519,-2.1626,2.0233,-6.6088,4.5665,-0.6152905821800232,0.6855611801147461,0.32960671186447144,0.45978033542633057,-3.2520833015441895,2.836846351623535,0.19011278450489044,0.013604545965790749,0.07936325669288635,0.2901429831981659,0.0030485838651657104,-0.0817122831940651,0.0002856909413821995,-0.9966558814048767,0.0,0.0,0.0,0.5199999809265137,0.005499999970197678,-0.0005000000237487257,-0.18140000104904175,0.17080000042915344,-0.6459000110626221,0.6459000110626221,0.04639999940991402,0.05079999938607216,-0.4300999939441681,0.8518999814987183,-2.162600040435791,2.0232999324798584,-6.608799934387207,4.566500186920166,-0.3755963146686554,0.43793821334838867,-0.1486852765083313,0.6652867794036865,-3.615943193435669,3.3836584091186523,-0.7299463152885437,0.7761583924293518
0.589999987,0.0058,-0.0002,0.79,-0.7961,1.4273,-1.4286,2.0569,-1.6668,0.0164,0.0209,-0.4221,0.8833,-2.1099,1.9862,-6.4754,4.3451,-0.6313912868499756,0.7034215927124023,0.27205410599708557,0.45336127281188965,-3.1775221824645996,2.7152552604675293,0.2182757407426834,0.06479570269584656,0.0510304793715477,0.27270933985710144,-0.01753210835158825,-0.07719298452138901,-0.0011552786454558372,-0.9970154762268066,0.0,0.0,0.0,0.5199999809265137,0.005799999926239252,-0.00019999999494757503,-0.18559999763965607,0.17949999868869781,-0.6671000123023987,0.6657999753952026,0.01640000008046627,0.020899999886751175,-0.4221000075340271,0.8833000063896179,-2.1098999977111816,1.986199975013733,-6.475399971008301,4.345099925994873,-0.39610037207603455,0.45942744612693787,-0.17173552513122559,0.7049135565757751,-3.6040289402008057,3.317917585372925,-0.5613088607788086,0.9677181839942932
0.599999987,0.0058,-0.0001,0.7857,-0.7874,1.4068,-1.4091,1.9934,-1.6247,0.0006,0.0046,-0.4464,0.8779,-2.0506,1.9322,-6.2973,4.1846,-0.6396802067756653,0.7178575396537781,0.31063100695610046,0.4741074740886688,-3.176652669906616,2.603928804397583,0.22577431797981262,0.09709478169679642,0.03811892867088318,0.26280736923217773,0.014335851185023785,-0.07719298452138901,-0.0011552786454558372,-0.9970154762268066,0.0,0.0,0.0,0.5199999809265137,0.005799999926239252,-9.999999747378752e-05,-0.1898999959230423,0.1881999969482422,-0.6876000165939331,0.6852999925613403,0.0006000000284984708,0.004600000102072954,-0.446399986743927,0.8779000043869019,-2.050600051879883,1.9321999549865723,-6.297299861907959,4.184599876403809,-0.408234179019928,0.46994104981422424,-0.2179705947637558,0.720127522945404,-3.593208074569702,3.274183511734009,-0.4219770133495331,1.1282027959823608
0.609999987,0.0058,-0.0001,0.7812,-0.7785,1.3868,-1.3904,1.9318,-1.584,-0.0001,0.0041,-0.4691,0.8801,-1.9865,1.8562,-6.1047,4.0467,-0.6483890414237976,0.6982937455177307,0.30824005603790283,0.47700613737106323,-3.137725353240967,2.5496628284454346,0.24371397495269775,0.1221199631690979,0.03583066910505295,0.26676976680755615,0.004522013012319803,-0.07184278964996338,-0.0021312108729034662,-0.9974136352539062,0.0,0.0,0.0,0.5199999809265137,0.005799999926239252,-9.999999747378752e-05,-0.19439999759197235,0.19709999859333038,-0.7075999975204468,0.7039999961853027,-9.999999747378752e-05,0.004100000020116568,-0.4690999984741211,0.8801000118255615,-1.9865000247955322,1.8561999797821045,-6.104700088500977,4.0467000007629395,-0.41481348872184753,0.4786783456802368,-0.20247267186641693,0.750998318195343,-3.6296751499176025,3.235365867614746,-0.3563627004623413,1.2252991199493408
0.6199999860000001,0.0058,0.0,0.7764,-0.7698,1.3675,-1.3725,1.8724,-1.5443,0.0006,0.0039,-0.4885,0.8665,-1.9123,1.771,-5.9056,3.9506,-0.6444383263587952,0.682025671005249,0.30093127489089966,0.47210392355918884,-3.130140781402588,2.5421829223632812,0.2597382664680481,0.13288524746894836,0.03492686152458191,0.2727912664413452,-0.0020332136191427708,-0.06788860261440277,-0.002680793171748519,-0.997689425945282,0.0,0.0,0.0,0.5199999809265137,0.005799999926239252,0.0,-0.19920000433921814,0.20579999685287476,-0.7268999814987183,0.7218999862670898,0.0006000000284984708,0.0038999998942017555,-0.4884999990463257,0.8665000200271606,-1.9122999906539917,1.7710000276565552,-5.905600070953369,3.9505999088287354,-0.42066603899002075,0.46560248732566833,-0.21457995474338531,0.7708774209022522,-3.6394503116607666,3.2315218448638916,-0.24608412384986877,1.2978198528289795
0.6299999860000001,0.0059,0.0001,0.7715,-0.7614,1.3491,-1.3555,1.8149,-1.5054,0.0003,0.0039,-0.4934,0.8351,-1.8325,1.6814,-5.7082,3.8826,-0.6506925225257874,0.66916823387146,0.28364405035972595,0.4630669355392456,-3.133164882659912,2.5565807819366455,0.2672814130783081,0.14100322127342224,0.03411766514182091,0.27380749583244324,-0.009680630639195442,-0.06788860261440277,-0.002680793171748519,-0.997689425945282,0.0,0.0,0.0,0.5199999809265137,0.005900000222027302,9.999999747378752e-05,-0.20409999787807465,0.2142000049352646,-0.7452999949455261,0.7389000058174133,0.0003000000142492354,0.0038999998942017555,-0.4934000074863434,0.835099995136261,-1.8324999809265137,1.681399941444397,-5.708199977874756,3.8826000690460205,-0.41798555850982666,0.45494377613067627,-0.23034581542015076,0.7841026186943054,-3.6680471897125244,3.256655216217041,-0.14216691255569458,1.3216609954833984
0.6399999860000001,0.0059,0.0001,0.7666,-0.7535,1.3314,-1.3394,1.7593,-1.4669,0.0005,0.004,-0.5116,0.7809,-1.7495,1.5929,-5.4952,3.8548,-0.6484671831130981,0.6653812527656555,0.3457200527191162,0.4788762927055359,-3.1858723163604736,2.553541660308838,0.27171310782432556,0.1300233006477356,0.03637946769595146,0.2744574546813965,0.021278930827975273,-0.06382115930318832,-0.003233186434954405,-0.9979562163352966,0.0,0.0,0.0,0.5199999809265137,0.005900000222027302,9.999999747378752e-05,-0.20900000631809235,0.22210000455379486,-0.7630000114440918,0.7549999952316284,0.0005000000237487257,0.004000000189989805,-0.5116000175476074,0.7809000015258789,-1.749500036239624,1.592900037765503,-5.495200157165527,3.85479998588562,-0.4219750165939331,0.4465721547603607,-0.25199729204177856,0.7927846312522888,-3.7015433311462402,3.294280529022217,-0.07251433283090591,1.340532898902893
0.6499999860000001,0.0059,0.0001,0.7616,-0.7459,1.3146,-1.3242,1.7058,-1.4287,0.0003,0.0032,-0.5021,0.7544,-1.6729,1.5095,-5.3095,3.8145,-0.6669548749923706,0.6532204747200012,0.2973431944847107,0.4468246400356293,-3.141770124435425,2.570322275161743,0.28248801827430725,0.13470667600631714,0.03311854228377342,0.2758200168609619,-0.016481760889291763,-0.06382115930318832,-0.003233186434954405,-0.9979562163352966,0.0,0.0,0.0,0.5199999809265137,0.005900000222027302,9.999999747378752e-05,-0.21400000154972076,0.2296999990940094,-0.7797999978065491,0.7702000141143799,0.0003000000142492354,0.0031999999191612005,-0.5020999908447266,0.7544000148773193,-1.6728999614715576,1.5095000267028809,-5.309500217437744,3.814500093460083,-0.42047810554504395,0.44405418634414673,-0.2216266393661499,0.8155108690261841,-3.7665481567382812,3.318554401397705,-0.012187626212835312,1.2910531759262085
0.6599999860000001,0.0059,0.0002,0.7566,-0.7388,1.2984,-1.3096,1.6543,-1.3905,0.001,0.0042,-0.5084,0.6952,-1.6016,1.4352,-5.1169,3.8125,-0.6734391450881958,0.6575233340263367,0.33462196588516235,0.4438345432281494,-3.165071725845337,2.5778298377990723,0.2882486581802368,0.11342106759548187,0.03566456213593483,0.27004706859588623,0.00846658181399107,-0.0583757683634758,-0.00394060742110014,-0.9982869625091553,0.0,0.0,0.0,0.5199999809265137,0.005900000222027302,0.00019999999494757503,-0.21899999678134918,0.23680000007152557,-0.7960000038146973,0.7847999930381775,0.0010000000474974513,0.00419999985024333,-0.508400022983551,0.6952000260353088,-1.6016000509262085,1.4351999759674072,-5.1168999671936035,3.8125,-0.43281659483909607,0.4358936548233032,-0.26324453949928284,0.8075764179229736,-3.7656400203704834,3.354581594467163,0.06805208325386047,1.3017266988754272
0.669999985,0.0059,0.0002,0.7517,-0.7322,1.283,-1.2958,1.6043,-1.3526,-0.0006,0.0022,-0.497,0.6408,-1.5341,1.3681,-4.9421,3.809,-0.6931130886077881,0.6638246178627014,0.35174766182899475,0.43384674191474915,-3.1493279933929443,2.565417766571045,0.30122002959251404,0.09268854558467865,0.03418527543544769,0.2590446472167969,0.009366369806230068,-0.054360225796699524,-0.004458896350115538,-0.9985114336013794,0.0,0.0,0.0,0.5199999809265137,0.005900000222027302,0.00019999999494757503,-0.22390000522136688,0.2433999925851822,-0.8113999962806702,0.7986000180244446,-0.0006000000284984708,0.002199999988079071,-0.4970000088214874,0.6407999992370605,-1.53410005569458,1.3681000471115112,-4.9421000480651855,3.809000015258789,-0.43709278106689453,0.43902888894081116,-0.2488120198249817,0.8158363699913025,-3.808821201324463,3.383833169937134,0.12961465120315552,1.2161842584609985
0.679999985,0.0059,0.0002,0.7469,-0.7262,1.2682,-1.2827,1.5562,-1.3145,0.0,0.0023,-0.4763,0.5876,-1.4718,1.3035,-4.7792,3.8052,-0.731894314289093,0.6772742867469788,0.33546143770217896,0.4094866216182709,-3.0974109172821045,2.5516018867492676,0.309801310300827,0.07851385325193405,0.033729780465364456,0.24430318176746368,-0.0022064577788114548,-0.054360225796699524,-0.004458896350115538,-0.9985114336013794,0.0,0.0,0.0,0.5199999809265137,0.005900000222027302,0.00019999999494757503,-0.22869999706745148,0.24940000474452972,-0.826200008392334,0.8116999864578247,0.0,0.002300000051036477,-0.4763000011444092,0.5875999927520752,-1.4717999696731567,1.3035000562667847,-4.779200077056885,3.8052000999450684,-0.4503153860569,0.44309642910957336,-0.24643489718437195,0.8187511563301086,-3.824625253677368,3.3986852169036865,0.21646007895469666,1.1325541734695435
0.689999985,0.0059,0.0002,0.7424,-0.7209,1.2539,-1.2701,1.5097,-1.2765,-0.0001,0.0022,-0.4467,0.5201,-1.4107,1.2418,-4.6187,3.7979,-0.77711421251297,0.7021072506904602,0.3230319321155548,0.3891759514808655,-3.042452812194824,2.5307278633117676,0.3157440423965454,0.05831592157483101,0.033917419612407684,0.21969297528266907,-0.001096551539376378,-0.05059843882918358,-0.00495573366060853,-0.9987068772315979,0.0,0.0,0.0,0.5199999809265137,0.005900000222027302,0.00019999999494757503,-0.23319999873638153,0.2547000050544739,-0.840499997138977,0.8242999911308289,-9.999999747378752e-05,0.002199999988079071,-0.44670000672340393,0.5200999975204468,-1.4106999635696411,1.2417999505996704,-4.61870002746582,3.7978999614715576,-0.47612956166267395,0.4520695209503174,-0.2655123770236969,0.8109644055366516,-3.815460681915283,3.411367893218994,0.28336524963378906,1.0750954151153564
0.699999985,0.0059,0.0002,0.7382,-0.7163,1.2403,-1.2582,1.4647,-1.2386,-0.005,-0.0025,-0.4161,0.4398,-1.3436,1.1795,-4.4497,3.7934,-0.8400979042053223,0.7393928170204163,0.33997729420661926,0.39755958318710327,-3.006382703781128,2.4765825271606445,0.31113263964653015,0.038955461233854294,0.03231407329440117,0.19046057760715485,0.02003355510532856,-0.05059843882918358,-0.00495573366060853,-0.9987068772315979,0.0,0.0,0.0,0.5199999809265137,0.005900000222027302,0.00019999999494757503,-0.23739999532699585,0.25929999351501465,-0.8540999889373779,0.8361999988555908,-0.004999999888241291,-0.0024999999441206455,-0.41609999537467957,0.4397999942302704,-1.3436000347137451,1.1794999837875366,-4.449699878692627,3.7934000492095947,-0.5062828063964844,0.46861815452575684,-0.2808253765106201,0.8035239577293396,-3.8033485412597656,3.4185385704040527,0.33923617005348206,0.9928436875343323
0.7099999840000001,0.0059,0.0003,0.7345,-0.7123,1.2275,-1.2469,1.4214,-1.201,0.0094,0.0112,-0.3569,0.376,-1.2641,1.113,-4.2884,3.7603,-0.9192812442779541,0.7646526098251343,0.28472474217414856,0.36257514357566833,-2.891265630722046,2.451841354370117,0.3134411573410034,0.029208822175860405,0.035330213606357574,0.15983466804027557,-0.006710933521389961,-0.046387676149606705,-0.005622569005936384,-0.9989076852798462,0.0,0.0,0.0,0.5199999809265137,0.005900000222027302,0.0003000000142492354,-0.2410999983549118,0.26330000162124634,-0.8669000267982483,0.8475000262260437,0.009399999864399433,0.01119999960064888,-0.35690000653266907,0.37599998712539673,-1.2640999555587769,1.1130000352859497,-4.288400173187256,3.7602999210357666,-0.54859858751297,0.4931618869304657,-0.27588847279548645,0.8129597306251526,-3.8020284175872803,3.4020884037017822,0.35459059476852417,0.9145018458366394
0.7199999840000001,0.0061,0.0005,0.7313,-0.7092,1.2155,-1.2363,1.3798,-1.1635,0.0238,0.026,-0.3121,0.2933,-1.179,1.0496,-4.1139,3.7401,-1.0028560161590576,0.8070419430732727,0.2865418791770935,0.3690555691719055,-2.837477445602417,2.404930591583252,0.3037363886833191,0.008060617372393608,0.03610916808247566,0.12792415916919708,0.018234875053167343,-0.044012557715177536,-0.006149943917989731,-0.9990119338035583,0.0,0.0,0.0,0.5199999809265137,0.006099999882280827,0.0005000000237487257,-0.2442999929189682,0.266400009393692,-0.8788999915122986,0.8580999970436096,0.023800000548362732,0.026000000536441803,-0.31209999322891235,0.29330000281333923,-1.1790000200271606,1.0496000051498413,-4.113900184631348,3.7400999069213867,-0.600427508354187,0.5111150741577148,-0.3161768317222595,0.7933834195137024,-3.7455837726593018,3.4037609100341797,0.39608466625213623,0.8688952922821045
0.729999984,0.0065,0.0009,0.7288,-0.7068,1.2044,-1.2264,1.3398,-1.1266,0.03,0.032,-0.2518,0.2237,-1.0826,0.9806,-3.9451,3.6983,-1.1098310947418213,0.8430663347244263,0.25441810488700867,0.36082151532173157,-2.7448055744171143,2.341276168823242,0.29146844148635864,-0.0011583653977140784,0.02803318202495575,0.09916900843381882,0.014522243291139603,-0.044012557715177536,-0.006149943917989731,-0.9990119338035583,0.0,0.0,0.0,0.5199999809265137,0.006500000134110451,0.0008999999845400453,-0.2468000054359436,0.2687999904155731,-0.8899999856948853,0.8679999709129333,0.029999999329447746,0.03200000151991844,-0.251800000667572,0.22370000183582306,-1.0825999975204468,0.9805999994277954,-3.9451000690460205,3.6982998847961426,-0.6547840237617493,0.5407612919807434,-0.318378746509552,0.7983903884887695,-3.7280516624450684,3.389460325241089,0.39216554164886475,0.7802624702453613
0.739999984,0.0067,0.0012,0.7267,-0.705,1.1944,-1.2171,1.3017,-1.09,0.0238,0.0253,-0.1844,0.1631,-0.9665,0.9105,-3.7716,3.6478,-1.2103290557861328,0.8911581635475159,0.20010504126548767,0.33495205640792847,-2.647120237350464,2.264617681503296,0.27561068534851074,-0.011229912750422955,0.008902943693101406,0.07584735006093979,0.006921775173395872,-0.04233843833208084,-0.00667138397693634,-0.999081015586853,0.0,0.0,0.0,0.5199999809265137,0.0066999997943639755,0.0012000000569969416,-0.24889999628067017,0.27059999108314514,-0.8999999761581421,0.8773000240325928,0.023800000548362732,0.025299999862909317,-0.18440000712871552,0.163100004196167,-0.9664999842643738,0.9104999899864197,-3.7716000080108643,3.6477999687194824,-0.7248873710632324,0.5659775733947754,-0.3407745957374573,0.7930610179901123,-3.6820437908172607,3.3622241020202637,0.3768538236618042,0.7350265383720398
0.749999984,0.0069,0.0013,0.7255,-0.7038,1.1858,-1.2086,1.2653,-1.054,-0.0065,-0.0052,-0.1125,0.1017,-0.8249,0.8356,-3.5901,3.5902,-1.3069636821746826,0.9474548101425171,0.15500834584236145,0.3184673488140106,-2.5839483737945557,2.164578914642334,0.2539006173610687,-0.02502000518143177,-0.02156767249107361,0.05792906507849693,0.013605927117168903,-0.04233843833208084,-0.00667138397693634,-0.999081015586853,0.0,0.0,0.0,0.5199999809265137,0.006899999920278788,0.0013000000035390258,-0.2500999867916107,0.2718000113964081,-0.9085999727249146,0.8858000040054321,-0.006500000134110451,-0.005200000014156103,-0.11249999701976776,0.10170000046491623,-0.8248999714851379,0.8356000185012817,-3.590100049972534,3.5901999473571777,-0.7918993830680847,0.5981920957565308,-0.37668997049331665,0.775374710559845,-3.6291801929473877,3.325045108795166,0.3481227457523346,0.6846403479576111
0.759999983,0.0065,0.0009,0.7249,-0.7032,1.1786,-1.2009,1.2307,-1.0186,-0.0495,-0.0485,-0.0395,0.0491,-0.6775,0.7447,-3.4182,3.5161,-1.3814539909362793,1.0125705003738403,0.0940120592713356,0.28373098373413086,-2.5234427452087402,2.0537900924682617,0.23719841241836548,-0.041443612426519394,-0.057724568992853165,0.049022577702999115,0.005496377125382423,-0.04093550518155098,-0.006715737283229828,-0.999139130115509,0.0,0.0,0.0,0.5199999809265137,0.006500000134110451,0.0008999999845400453,-0.2506999969482422,0.27239999175071716,-0.9157999753952026,0.8934999704360962,-0.0494999997317791,-0.048500001430511475,-0.039500001817941666,0.04910000041127205,-0.6775000095367432,0.744700014591217,-3.4182000160217285,3.5160999298095703,-0.8579424619674683,0.6338898539543152,-0.4043610990047455,0.7626915574073792,-3.594825506210327,3.2703592777252197,0.2975824177265167,0.6179599761962891
0.769999983,0.0057,0.0002,0.725,-0.7031,1.1731,-1.1943,1.1979,-0.9841,-0.0913,-0.0905,0.0147,0.0106,-0.5181,0.6401,-3.2388,3.4295,-1.4326616525650024,1.0787363052368164,0.05719099938869476,0.24479469656944275,-2.5011532306671143,1.944057583808899,0.2284908890724182,-0.06901630759239197,-0.09142078459262848,0.06022912636399269,0.004761387128382921,-0.040218982845544815,-0.005874736700206995,-0.999173641204834,0.0,0.0,0.0,0.5199999809265137,0.00570000009611249,0.00019999999494757503,-0.25060001015663147,0.27250000834465027,-0.9212999939918518,0.9000999927520752,-0.09130000323057175,-0.09049999713897705,0.014700000174343586,0.010599999688565731,-0.5181000232696533,0.6401000022888184,-3.238800048828125,3.429500102996826,-0.9112693667411804,0.6736136674880981,-0.44135862588882446,0.7372273206710815,-3.5590617656707764,3.2058401107788086,0.2651536762714386,0.5374455451965332
0.7799999830000001,0.0046,-0.001,0.7254,-0.7031,1.1691,-1.1888,1.1668,-0.9507,-0.1203,-0.1197,0.0316,0.0,-0.3564,0.5147,-3.0547,3.3186,-1.4572250843048096,1.1427403688430786,0.0682838037610054,0.19985947012901306,-2.5165154933929443,1.8486932516098022,0.23928117752075195,-0.11142243444919586,-0.11280040442943573,0.10288296639919281,0.007269705645740032,-0.040218982845544815,-0.005874736700206995,-0.999173641204834,0.0,0.0,0.0,0.5199999809265137,0.004600000102072954,-0.0010000000474974513,-0.2502000033855438,0.27250000834465027,-0.9253000020980835,0.9056000113487244,-0.12030000239610672,-0.11969999969005585,0.031599998474121094,0.0,-0.3564000129699707,0.5146999955177307,-3.0546998977661133,3.3185999393463135,-0.9497944712638855,0.7135242223739624,-0.46209266781806946,0.7089031338691711,-3.5445754528045654,3.138911724090576,0.26620355248451233,0.40983477234840393
0.7899999830000001,0.0033,-0.0022,0.7257,-0.7031,1.1667,-1.1848,1.1376,-0.9186,-0.1316,-0.131,0.032,-0.0002,-0.1953,0.3625,-2.8746,3.171,-1.4612536430358887,1.194495439529419,0.1166888028383255,0.1469784379005432,-2.553630828857422,1.7887593507766724,0.27839720249176025,-0.16886386275291443,-0.1181163564324379,0.16186682879924774,0.006587123032659292,-0.03904462978243828,-0.004347115755081177,-0.9992280602455139,0.0,0.0,0.0,0.5199999809265137,0.0032999999821186066,-0.002199999988079071,-0.2498999983072281,0.27250000834465027,-0.9276999831199646,0.909600019454956,-0.1316000074148178,-0.13099999725818634,0.03200000151991844,-0.00019999999494757503,-0.19529999792575836,0.36250001192092896,-2.8745999336242676,3.1710000038146973,-0.9703034162521362,0.7518469095230103,-0.45277079939842224,0.678239643573761,-3.552037000656128,3.0779755115509033,0.34618473052978516,0.21803027391433716
0.799999982,0.0022,-0.0034,0.726,-0.7032,1.1659,-1.1826,1.1101,-0.8882,-0.1062,-0.1059,0.0277,-0.0158,-0.0424,0.1758,-2.7004,2.9836,-1.4650825262069702,1.2318569421768188,0.20108622312545776,0.10663110762834549,-2.599823236465454,1.786052942276001,0.3391501307487488,-0.23261085152626038,-0.09347525984048843,0.21990911662578583,0.010618740692734718,-0.03904462978243828,-0.004347115755081177,-0.9992280602455139,0.0,0.0,0.0,0.5199999809265137,0.002199999988079071,-0.0034000000450760126,-0.24959999322891235,0.27239999175071716,-0.9284999966621399,0.9118000268936157,-0.10620000213384628,-0.10589999705553055,0.027699999511241913,-0.015799999237060547,-0.042399998754262924,0.17579999566078186,-2.7004001140594482,2.983599901199341,-0.9763424396514893,0.7831969857215881,-0.4198741316795349,0.6429722905158997,-3.57084059715271,3.0358729362487793,0.5386688113212585,-0.04125543311238289
0.809999982,0.0019,-0.0036,0.7263,-0.7036,1.1661,-1.1823,1.084,-0.86,0.0022,0.0027,-0.0017,-0.0483,0.0068,-0.0004,-2.5851,2.7813,-1.501146674156189,1.2171903848648071,0.30552366375923157,0.08356110751628876,-2.5955870151519775,1.8988678455352783,0.4192097783088684,-0.29726728796958923,-0.00446346215903759,0.2559293508529663,0.012326358817517757,-0.035554151982069016,-0.002166306134313345,-0.9993653297424316,0.0,0.0,0.0,0.5199999809265137,0.0019000000320374966,-0.003599999938160181,-0.2493000030517578,0.2720000147819519,-0.9283000230789185,0.9121000170707703,0.002199999988079071,0.0027000000700354576,-0.0017000000225380063,-0.04830000177025795,0.006800000090152025,-0.00039999998989515007,-2.585099935531616,2.7813000679016113,-0.9794016480445862,0.8073779940605164,-0.36329585313796997,0.6148340702056885,-3.5930421352386475,3.026021957397461,0.8165205717086792,-0.33372339606285095
0.819999982,0.0021,-0.0034,0.7265,-0.7043,1.1667,-1.1831,1.0592,-0.8337,0.0089,0.0089,0.0296,-0.0772,0.0823,-0.1058,-2.4521,2.5818,-1.4986729621887207,1.2386244535446167,0.3504141867160797,0.05488142371177673,-2.596876621246338,1.9661154747009277,0.49714237451553345,-0.35684049129486084,0.008030442520976067,0.25404879450798035,0.003913005348294973,-0.03179066255688667,-0.0019179342780262232,-0.9994926452636719,0.0,0.0,0.0,0.5199999809265137,0.002099999925121665,-0.0034000000450760126,-0.249099999666214,0.27129998803138733,-0.9276999831199646,0.911300003528595,0.008899999782443047,0.008899999782443047,0.029600000008940697,-0.07720000296831131,0.08229999989271164,-0.10580000281333923,-2.4521000385284424,2.5817999839782715,-0.9968177676200867,0.8044402599334717,-0.2950308918952942,0.5964874029159546,-3.586538076400757,3.09008526802063,1.1598191261291504,-0.6328091621398926
0.829999982,0.0022,-0.0033,0.7273,-0.7056,1.1682,-1.1851,1.0359,-0.8096,0.0,0.0,0.098,-0.1424,0.1748,-0.2075,-2.2707,2.3499,-1.499812364578247,1.2601442337036133,0.3722389340400696,0.0631936565041542,-2.631113290786743,2.018840789794922,0.5503544211387634,-0.39448320865631104,0.007868913002312183,0.21569310128688812,0.008943948894739151,-0.03179066255688667,-0.0019179342780262232,-0.9994926452636719,0.0,0.0,0.0,0.5199999809265137,0.002199999988079071,-0.0032999999821186066,-0.2483000010251999,0.27000001072883606,-0.9261999726295471,0.9093000292778015,0.0,0.0,0.09799999743700027,-0.14239999651908875,0.17479999363422394,-0.20749999582767487,-2.270699977874756,2.349900007247925,-0.9943219423294067,0.8195429444313049,-0.26261720061302185,0.574040949344635,-3.5811643600463867,3.1262903213500977,1.4981495141983032,-0.911001980304718
0.839999982,0.0023,-0.0033,0.729,-0.7077,1.1707,-1.188,1.0149,-0.7882,-0.0003,-0.0006,0.1864,-0.2279,0.2735,-0.3141,-2.035,2.0751,-1.503782033920288,1.2719838619232178,0.3626842498779297,0.10212542116641998,-2.6688082218170166,2.075551748275757,0.58137446641922,-0.4068496525287628,0.010990037582814693,0.15239866077899933,0.011398606933653355,-0.028259797021746635,-0.0021425934974104166,-0.9995983839035034,0.0,0.0,0.0,0.5199999809265137,0.002300000051036477,-0.0032999999821186066,-0.24660000205039978,0.2678999900817871,-0.9236999750137329,0.9064000248908997,-0.0003000000142492354,-0.0006000000284984708,0.18639999628067017,-0.22789999842643738,0.273499995470047,-0.3140999972820282,-2.0350000858306885,2.0750999450683594,-0.9954749345779419,0.8334961533546448,-0.24190737307071686,0.5726357698440552,-3.5948221683502197,3.150660514831543,1.7472777366638184,-1.1079528331756592
0.8499999810000001,0.0025,-0.003,0.7316,-0.7106,1.1742,-1.192,0.9966,-0.7698,0.027,0.0268,0.2694,-0.313,0.3745,-0.4209,-1.7461,1.7659,-1.524884581565857,1.2738816738128662,0.3389315903186798,0.17554809153079987,-2.701101779937744,2.151115655899048,0.5830378532409668,-0.38801828026771545,0.026385948061943054,0.08273883908987045,0.017340607941150665,-0.028259797021746635,-0.0021425934974104166,-0.9995983839035034,0.0,0.0,0.0,0.5199999809265137,0.0024999999441206455,-0.003000000026077032,-0.24400000274181366,0.26499998569488525,-0.920199990272522,0.902400016784668,0.027000000700354576,0.026799999177455902,0.2694000005722046,-0.31299999356269836,0.37450000643730164,-0.42089998722076416,-1.7460999488830566,1.7659000158309937,-0.9979413747787476,0.8413492441177368,-0.23898383975028992,0.5886902809143066,-3.608372211456299,3.1755611896514893,1.918497920036316,-1.2123786211013794
0.8599999810000001,0.0028,-0.0028,0.7349,-0.7141,1.1787,-1.1969,0.9815,-0.7547,-0.0007,-0.0014,0.3409,-0.3599,0.4863,-0.5015,-1.4207,1.4379,-1.5212818384170532,1.2925313711166382,0.27964261174201965,0.23960846662521362,-2.7412941455841064,2.2026572227478027,0.5715689659118652,-0.3521629273891449,0.005236173048615456,0.02496986649930477,0.012315280735492706,-0.02559715323150158,-0.0025256492663174868,-0.9996692538261414,0.0,0.0,0.0,0.5199999809265137,0.00279999990016222,-0.00279999990016222,-0.24070000648498535,0.2615000009536743,-0.9157000184059143,0.8974999785423279,-0.000699999975040555,-0.00139999995008111,0.3409000039100647,-0.35989999771118164,0.486299991607666,-0.5015000104904175,-1.420699954032898,1.4378999471664429,-1.0097897052764893,0.8450410962104797,-0.24408560991287231,0.6261653900146484,-3.6161677837371826,3.2108170986175537,1.9829314947128296,-1.1988930702209473
0.8699999810000001,0.0028,-0.0027,0.7385,-0.7179,1.1843,-1.2026,0.9698,-0.7429,-0.0009,-0.0016,0.359,-0.3746,0.5668,-0.5789,-1.089,1.1073,-1.5198211669921875,1.300850749015808,0.23828808963298798,0.2996290326118469,-2.7932229042053223,2.2816948890686035,0.5535209774971008,-0.31095629930496216,0.00546566117554903,-0.006790435407310724,0.011084845289587975,-0.02521742694079876,-0.002780237700790167,-0.9996781945228577,0.0,0.0,0.0,0.5199999809265137,0.00279999990016222,-0.0027000000700354576,-0.2371000051498413,0.25769999623298645,-0.910099983215332,0.8917999863624573,-0.0008999999845400453,-0.0015999999595806003,0.35899999737739563,-0.37459999322891235,0.5667999982833862,-0.5788999795913696,-1.0889999866485596,1.107300043106079,-1.0086345672607422,0.8559942245483398,-0.272244930267334,0.6587456464767456,-3.626509428024292,3.2300047874450684,2.002135753631592,-1.121071696281433
0.8799999810000001,0.0029,-0.0027,0.742,-0.7214,1.1905,-1.2088,0.9614,-0.7342,-0.0013,-0.002,0.3279,-0.3379,0.6358,-0.627,-0.756,0.8025,-1.509973168373108,1.3129693269729614,0.22684776782989502,0.3428434431552887,-2.8782334327697754,2.365666627883911,0.5437847375869751,-0.28013911843299866,0.0007794878911226988,-0.004028466995805502,0.014078275300562382,-0.02521742694079876,-0.002780237700790167,-0.9996781945228577,0.0,0.0,0.0,0.5199999809265137,0.002899999963119626,-0.0027000000700354576,-0.23360000550746918,0.2542000114917755,-0.9039000272750854,0.8855999708175659,-0.0013000000035390258,-0.0020000000949949026,0.3278999924659729,-0.3379000127315521,0.6358000040054321,-0.6269999742507935,-0.7559999823570251,0.8025000095367432,-1.0076740980148315,0.8617271780967712,-0.2914079427719116,0.6901793479919434,-3.644562005996704,3.266136646270752,1.9962838888168335,-1.0223652124404907
0.88999998,0.0029,-0.0027,0.7448,-0.7242,1.1972,-1.2153,0.9562,-0.7283,-0.0053,-0.0067,0.2471,-0.2568,0.6782,-0.6573,-0.4389,0.5251,-1.490146517753601,1.317409873008728,0.2403402477502823,0.34965264797210693,-2.979990243911743,2.4675371646881104,0.5532435178756714,-0.2676755487918854,-0.0021239309571683407,0.031817611306905746,0.01167723722755909,-0.025335505604743958,-0.002841036068275571,-0.999674916267395,0.0,0.0,0.0,0.5199999809265137,0.002899999963119626,-0.0027000000700354576,-0.23080000281333923,0.2513999938964844,-0.8971999883651733,0.8791000247001648,-0.0052999998442828655,-0.0066999997943639755,0.24709999561309814,-0.25679999589920044,0.6782000064849854,-0.6572999954223633,-0.4388999938964844,0.5250999927520752,-1.000935435295105,0.8697795867919922,-0.29410815238952637,0.7144356369972229,-3.6842355728149414,3.306511163711548,2.0239388942718506,-0.960056483745575
0.89999998,0.0029,-0.0027,0.7465,-0.7259,1.2041,-1.222,0.954,-0.725,-0.0115,-0.0129,0.1291,-0.1461,0.6943,-0.6626,-0.1413,0.2852,-1.4540003538131714,1.3125633001327515,0.2828541398048401,0.32582494616508484,-3.1111738681793213,2.5867996215820312,0.5831658840179443,-0.2790701389312744,-0.005193536169826984,0.08813488483428955,0.012943091802299023,-0.025335505604743958,-0.002841036068275571,-0.999674916267395,0.0,0.0,0.0,0.5199999809265137,0.002899999963119626,-0.0027000000700354576,-0.22910000383853912,0.24969999492168427,-0.8902999758720398,0.8723999857902527,-0.011500000022351742,-0.012900000438094139,0.1290999948978424,-0.1460999995470047,0.6942999958992004,-0.6625999808311462,-0.1412999927997589,0.28519999980926514,-0.9879843592643738,0.8724265694618225,-0.28489983081817627,0.7187817692756653,-3.735846757888794,3.3594048023223877,2.1251940727233887,-0.9656822085380554
0.90999998,0.0029,-0.0027,0.7469,-0.7265,1.211,-1.2286,0.9546,-0.7238,-0.0025,-0.0027,-0.0013,-0.0294,0.6762,-0.6504,0.1175,0.0722,-1.4073635339736938,1.2878684997558594,0.33611559867858887,0.2796657383441925,-3.2540676593780518,2.7370452880859375,0.630793035030365,-0.30933454632759094,0.0029290635138750076,0.14532211422920227,0.012274494394659996,-0.024460330605506897,-0.0028418265283107758,-0.9996968507766724,0.0,0.0,0.0,0.5199999809265137,0.002899999963119626,-0.0027000000700354576,-0.22869999706745148,0.249099999666214,-0.883400022983551,0.8658000230789185,-0.0024999999441206455,-0.0027000000700354576,-0.0013000000035390258,-0.029400000348687172,0.6761999726295471,-0.6503999829292297,0.11749999970197678,0.0722000002861023,-0.964300274848938,0.8687821626663208,-0.2610239088535309,0.7068766355514526,-3.80842924118042,3.4251596927642822,2.30440354347229,-1.0592405796051025
0.91999998,0.0029,-0.0027,0.7465,-0.7264,1.2176,-1.2349,0.9574,-0.7242,-0.0023,-0.0029,-0.0557,0.0114,0.6469,-0.6128,0.3323,-0.0636,-1.3614294528961182,1.258920669555664,0.3516356945037842,0.2538910210132599,-3.4021146297454834,2.8794901371002197,0.671403706073761,-0.3399448096752167,0.0023451249580830336,0.13998809456825256,0.01268674898892641,-0.022410795092582703,-0.0028831057716161013,-0.9997446537017822,0.0,0.0,0.0,0.5199999809265137,0.002899999963119626,-0.0027000000700354576,-0.22910000383853912,0.2492000013589859,-0.876800000667572,0.859499990940094,-0.002300000051036477,-0.002899999963119626,-0.05570000037550926,0.01140000019222498,0.6468999981880188,-0.6128000020980835,0.33230000734329224,-0.06360000371932983,-0.9326090216636658,0.8529990315437317,-0.2334095984697342,0.6826838254928589,-3.8910984992980957,3.51293683052063,2.5466721057891846,-1.222898244857788
0.9299999800000001,0.003,-0.0026,0.7458,-0.7262,1.2238,-1.2406,0.9624,-0.7258,-0.002,-0.0036,-0.0843,0.0209,0.5979,-0.5591,0.5545,-0.1886,-1.3390496969223022,1.2253588438034058,0.32793280482292175,0.2520962953567505,-3.542696952819824,3.011125087738037,0.6854466199874878,-0.3524714410305023,0.003353208303451538,0.10037724673748016,0.011398670263588428,-0.022410795092582703,-0.0028831057716161013,-0.9997446537017822,0.0,0.0,0.0,0.5199999809265137,0.003000000026077032,-0.0026000000070780516,-0.2298000007867813,0.24940000474452972,-0.8705999851226807,0.8537999987602234,-0.0020000000949949026,-0.003599999938160181,-0.08429999649524689,0.020899999886751175,0.5978999733924866,-0.5590999722480774,0.5544999837875366,-0.18860000371932983,-0.9019729495048523,0.8336871266365051,-0.22748954594135284,0.668420672416687,-3.9785497188568115,3.597806692123413,2.752074718475342,-1.3724992275238037
0.9399999790000001,0.0031,-0.0025,0.7448,-0.7259,1.2293,-1.2457,0.9697,-0.7288,-0.0021,-0.0025,-0.1111,0.0253,0.5278,-0.4831,0.7966,-0.3202,-1.3312525749206543,1.197037696838379,0.27361106872558594,0.2688714861869812,-3.6734914779663086,3.124560594558716,0.670154869556427,-0.34567078948020935,0.0040490832179784775,0.042569056153297424,0.01087186299264431,-0.020590823143720627,-0.002959829056635499,-0.9997835755348206,0.0,0.0,0.0,0.5199999809265137,0.003100000089034438,-0.0024999999441206455,-0.23080000281333923,0.24969999492168427,-0.8651000261306763,0.8486999869346619,-0.002099999925121665,-0.0024999999441206455,-0.11110000312328339,0.025299999862909317,0.5278000235557556,-0.4830999970436096,0.7965999841690063,-0.32019999623298645,-0.886833131313324,0.8114659190177917,-0.24659812450408936,0.6682575345039368,-4.063138008117676,3.677743434906006,2.8526864051818848,-1.4476057291030884
0.9499999790000001,0.0031,-0.0025,0.7435,-0.7255,1.234,-1.2499,0.9796,-0.7331,-0.0022,-0.0027,-0.1573,0.0498,0.4346,-0.3809,1.0526,-0.4572,-1.3363211154937744,1.1803064346313477,0.19719946384429932,0.2917247712612152,-3.7845098972320557,3.212865114212036,0.6242406964302063,-0.3181924819946289,0.0031398902647197247,-0.014338434673845768,0.009021123871207237,-0.020590823143720627,-0.002959829056635499,-0.9997835755348206,0.0,0.0,0.0,0.5199999809265137,0.003100000089034438,-0.0024999999441206455,-0.2320999950170517,0.2500999867916107,-0.8604000210762024,0.8445000052452087,-0.002199999988079071,-0.0027000000700354576,-0.15729999542236328,0.049800001084804535,0.43459999561309814,-0.38089999556541443,1.0526000261306763,-0.45719999074935913,-0.8814417123794556,0.7928584814071655,-0.2865992784500122,0.6803343296051025,-4.144007682800293,3.7482337951660156,2.839939594268799,-1.4467231035232544
0.9599999790000001,0.0032,-0.0024,0.7414,-0.7246,1.2375,-1.2528,0.992,-0.7387,-0.0023,-0.0025,-0.2438,0.1086,0.311,-0.2517,1.3058,-0.5873,-1.3497611284255981,1.1662017107009888,0.13251584768295288,0.31142035126686096,-3.8763184547424316,3.28181791305542,0.5574344396591187,-0.28152555227279663,0.0037504355423152447,-0.05444211885333061,0.011381455697119236,-0.020036252215504646,-0.003103280905634165,-0.9997945427894592,0.0,0.0,0.0,0.5199999809265137,0.0031999999191612005,-0.002400000113993883,-0.23420000076293945,0.25099998712539673,-0.8568999767303467,0.8416000008583069,-0.002300000051036477,-0.0024999999441206455,-0.24379999935626984,0.10859999805688858,0.3109999895095825,-0.2517000138759613,1.305799961090088,-0.5873000025749207,-0.8848274350166321,0.7816909551620483,-0.3432203531265259,0.6980031728744507,-4.2148332595825195,3.8055167198181152,2.7074828147888184,-1.3642098903656006
0.969999979,0.0034,-0.0022,0.7381,-0.7228,1.2396,-1.2543,1.0069,-0.7456,0.0192,0.0162,-0.369,0.21,0.1552,-0.107,1.5305,-0.711,-1.3742691278457642,1.1406445503234863,0.06692206114530563,0.2939879596233368,-3.8977584838867188,3.3520889282226562,0.48097100853919983,-0.24145615100860596,0.01444582361727953,-0.06844349205493927,-0.0006450607907027006,-0.02085387520492077,-0.003220210550352931,-0.9997774362564087,0.0,0.0,0.0,0.5199999809265137,0.0034000000450760126,-0.002199999988079071,-0.23749999701976776,0.25279998779296875,-0.8547999858856201,0.8400999903678894,0.019200000911951065,0.016200000420212746,-0.36899998784065247,0.20999999344348907,0.15520000457763672,-0.10700000077486038,1.530500054359436,-0.7110000252723694,-0.8935940861701965,0.7725011706352234,-0.39630943536758423,0.7168535590171814,-4.277278900146484,3.8542985916137695,2.4908976554870605,-1.2435622215270996
0.979999978,0.004,-0.0017,0.7334,-0.7198,1.24,-1.2544,1.0238,-0.7536,0.0592,0.0586,-0.5239,0.3378,0.0008,0.0391,1.7362,-0.8205,-1.4010649919509888,1.1024832725524902,0.042932748794555664,0.25036725401878357,-3.8717312812805176,3.44179105758667,0.4064197838306427,-0.2154921442270279,0.038893669843673706,-0.05548105761408806,-0.00325870793312788,-0.02085387520492077,-0.003220210550352931,-0.9997774362564087,0.0,0.0,0.0,0.5199999809265137,0.004000000189989805,-0.0017000000225380063,-0.24220000207424164,0.2558000087738037,-0.8543999791145325,0.8399999737739563,0.05920000001788139,0.05860000103712082,-0.5238999724388123,0.337799996137619,0.0007999999797903001,0.03909999877214432,1.736199975013733,-0.8205000162124634,-0.9080994129180908,0.7571097016334534,-0.45498529076576233,0.7155919671058655,-4.297759056091309,3.907792568206787,2.2299840450286865,-1.1080245971679688
0.9899999780000001,0.0047,-0.0009,0.7271,-0.7156,1.2392,-1.2532,1.0427,-0.7626,0.0555,0.0561,-0.6745,0.4625,-0.1054,0.1644,1.9394,-0.9105,-1.4032061100006104,1.0945701599121094,0.07112447917461395,0.20781122148036957,-3.858417272567749,3.477410078048706,0.3386903405189514,-0.20960982143878937,0.032881684601306915,-0.025197867304086685,0.014264251105487347,-0.021831879392266273,-0.003709387267008424,-0.9997547268867493,0.0,0.0,0.0,0.5199999809265137,0.004699999932199717,-0.0008999999845400453,-0.2485000044107437,0.25999999046325684,-0.8551999926567078,0.8411999940872192,0.05550000071525574,0.05609999969601631,-0.6744999885559082,0.4625000059604645,-0.10540000349283218,0.16439999639987946,1.9393999576568604,-0.9104999899864197,-0.9220966696739197,0.7354955077171326,-0.49070483446121216,0.701031506061554,-4.289900779724121,3.9771339893341064,1.9729191064834595,-1.0260685682296753
0.9999999780000001,0.0051,-0.0005,0.7193,-0.71,1.2373,-1.2505,1.0632,-0.7722,0.0108,0.0118,-0.8059,0.5968,-0.2137,0.3213,2.0865,-0.9569,-1.3838313817977905,1.1157848834991455,0.10210752487182617,0.14587831497192383,-3.807990550994873,3.4100382328033447,0.2839372754096985,-0.21826496720314026,-0.0035078099463135004,0.0032260525040328503,0.021225163713097572,-0.021831879392266273,-0.003709387267008424,-0.9997547268867493,0.0,0.0,0.0,0.5199999809265137,0.005100000184029341,-0.0005000000237487257,-0.2563000023365021,0.2655999958515167,-0.8571000099182129,0.8439000248908997,0.01080000028014183,0.011800000444054604,-0.805899977684021,0.5968000292778015,-0.21369999647140503,0.3212999999523163,2.0864999294281006,-0.9569000005722046,-0.9223707318305969,0.7316534519195557,-0.49455034732818604,0.6893741488456726,-4.2897047996521,4.011633396148682,1.7426413297653198,-1.0205392837524414
1.009999978,0.0051,-0.0005,0.7105,-0.7032,1.2342,-1.2461,1.0847,-0.782,-0.0191,-0.0184,-0.9,0.7058,-0.3402,0.468,2.1607,-0.9956,-1.380590796470642,1.1298454999923706,0.09515895694494247,0.06020994111895561,-3.657334566116333,3.2938666343688965,0.23824560642242432,-0.2289828211069107,-0.027430441230535507,0.012454853393137455,0.005299550015479326,-0.022247418761253357,-0.004351149778813124,-0.9997429251670837,0.0,0.0,0.0,0.5199999809265137,0.005100000184029341,-0.0005000000237487257,-0.26510000228881836,0.27239999175071716,-0.8601999878883362,0.8482999801635742,-0.019099999219179153,-0.018400000408291817,-0.8999999761581421,0.7057999968528748,-0.3402000069618225,0.46799999475479126,2.1607000827789307,-0.9955999851226807,-0.9116342663764954,0.7436432242393494,-0.4982549846172333,0.6682388782501221,-4.267107009887695,3.982578754425049,1.553049087524414,-1.0644398927688599
1.0199999770000001,0.0048,-0.0008,0.7011,-0.6956,1.2298,-1.2404,1.1065,-0.7922,-0.0261,-0.0252,-0.9509,0.7715,-0.4741,0.6002,2.1785,-1.0323,-1.3988356590270996,1.146183967590332,0.06027855724096298,-0.025329092517495155,-3.4480602741241455,3.159247636795044,0.1898031383752823,-0.2399221658706665,-0.03149406611919403,-0.007398226298391819,-0.0111421849578619,-0.022111879661679268,-0.004015878774225712,-0.9997473359107971,0.0,0.0,0.0,0.5199999809265137,0.004800000227987766,-0.0007999999797903001,-0.2745000123977661,0.2800000011920929,-0.8646000027656555,0.8539999723434448,-0.026100000366568565,-0.025200000032782555,-0.9509000182151794,0.7714999914169312,-0.4740999937057495,0.6001999974250793,2.178499937057495,-1.0322999954223633,-0.9114671945571899,0.7510036826133728,-0.5267606973648071,0.631993293762207,-4.181303024291992,3.923711061477661,1.3851224184036255,-1.11505126953125
1.0299999770000001,0.0046,-0.001,0.6914,-0.6878,1.224,-1.2336,1.1281,-0.8028,-0.0218,-0.0206,-0.9629,0.7801,-0.593,0.7004,2.1729,-1.0741,-1.4482691287994385,1.170345664024353,0.03551977872848511,-0.07255389541387558,-3.240746021270752,3.019900321960449,0.12754252552986145,-0.24274802207946777,-0.024117181077599525,-0.05474943667650223,-0.006152202840894461,-0.022111879661679268,-0.004015878774225712,-0.9997473359107971,0.0,0.0,0.0,0.5199999809265137,0.004600000102072954,-0.0010000000474974513,-0.2842000126838684,0.28780001401901245,-0.8704000115394592,0.86080002784729,-0.021800000220537186,-0.020600000396370888,-0.9628999829292297,0.7800999879837036,-0.5929999947547913,0.7003999948501587,2.1728999614715576,-1.0741000175476074,-0.9246971011161804,0.7608426213264465,-0.5722076296806335,0.5945472717285156,-4.059513568878174,3.8541784286499023,1.1949125528335571,-1.1661486625671387
1.0399999770000001,0.0045,-0.0011,0.6819,-0.6802,1.2173,-1.2261,1.1497,-0.814,-0.0144,-0.0133,-0.9345,0.7467,-0.6848,0.7597,2.1564,-1.1374,-1.526371955871582,1.206565499305725,0.003314963076263666,-0.09202757477760315,-3.0235493183135986,2.874945878982544,0.051019567996263504,-0.2239997833967209,-0.013482517562806606,-0.12090930342674255,-0.0009426028118468821,-0.022581584751605988,-0.0035980138927698135,-0.9997384548187256,0.0,0.0,0.0,0.5199999809265137,0.0044999998062849045,-0.0010999999940395355,-0.2937000095844269,0.2953999936580658,-0.8770999908447266,0.8683000206947327,-0.014399999752640724,-0.013299999758601189,-0.934499979019165,0.7466999888420105,-0.6848000288009644,0.7597000002861023,2.156399965286255,-1.1374000310897827,-0.957766056060791,0.7768571376800537,-0.6089134812355042,0.5792374014854431,-3.940830707550049,3.781560182571411,0.9447501301765442,-1.1858121156692505
1.0499999770000001,0.0044,-0.0012,0.6731,-0.6732,1.2099,-1.2183,1.171,-0.826,-0.0083,-0.0068,-0.8653,0.6884,-0.7354,0.7828,2.133,-1.2259,-1.6131738424301147,1.255911111831665,-0.050022006034851074,-0.10144155472517014,-2.77891206741333,2.730734348297119,-0.03519473597407341,-0.18081939220428467,-0.004548311233520508,-0.19640687108039856,-0.0031091885175555944,-0.022581584751605988,-0.0035980138927698135,-0.9997384548187256,0.0,0.0,0.0,0.5199999809265137,0.004399999976158142,-0.0012000000569969416,-0.30250000953674316,0.30239999294281006,-0.8845000267028809,0.8761000037193298,-0.008299999870359898,-0.006800000090152025,-0.8652999997138977,0.6883999705314636,-0.7354000210762024,0.782800018787384,2.132999897003174,-1.2259000539779663,-1.0095412731170654,0.8012903332710266,-0.6474900245666504,0.5792282819747925,-3.8155529499053955,3.7038772106170654,0.6353582739830017,-1.1234791278839111
1.0599999770000001,0.0042,-0.0013,0.6651,-0.6669,1.2023,-1.2105,1.192,-0.8389,-0.0141,-0.0128,-0.7714,0.6108,-0.7442,0.7764,2.0947,-1.3213,-1.695710301399231,1.3233088254928589,-0.09990303963422775,-0.08798900991678238,-2.543250322341919,2.5705482959747314,-0.1323661357164383,-0.11536580324172974,-0.005163609515875578,-0.2717541754245758,0.00626953924074769,-0.025422120466828346,-0.0033533871173858643,-0.9996712803840637,0.0,0.0,0.0,0.5199999809265137,0.00419999985024333,-0.0013000000035390258,-0.31049999594688416,0.30869999527931213,-0.8920999765396118,0.883899986743927,-0.014100000262260437,-0.012799999676644802,-0.771399974822998,0.61080002784729,-0.7441999912261963,0.7764000296592712,2.0947000980377197,-1.3213000297546387,-1.0672025680541992,0.8344207406044006,-0.6960346698760986,0.5830656290054321,-3.6706347465515137,3.6248762607574463,0.2858210504055023,-0.9684575796127319
1.069999976,0.004,-0.0015,0.6582,-0.6614,1.195,-1.2029,1.2124,-0.8529,-0.0324,-0.0312,-0.6525,0.5335,-0.7139,0.7459,2.0252,-1.4175,-1.76462721824646,1.389999508857727,-0.1666417419910431,-0.07924677431583405,-2.2884156703948975,2.397932529449463,-0.22884002327919006,-0.03135324642062187,-0.017348013818264008,-0.33774110674858093,0.001571943867020309,-0.029526783153414726,-0.0032561165280640125,-0.9995587468147278,0.0,0.0,0.0,0.5199999809265137,0.004000000189989805,-0.001500000013038516,-0.3174000084400177,0.3142000138759613,-0.899399995803833,0.8914999961853027,-0.03240000084042549,-0.031199999153614044,-0.6524999737739563,0.5335000157356262,-0.7139000296592712,0.7458999752998352,2.0251998901367188,-1.4175000190734863,-1.1230134963989258,0.878752589225769,-0.7390286922454834,0.5994606614112854,-3.529313564300537,3.5332589149475098,-0.11052452027797699,-0.7257232069969177
1.079999976,0.0036,-0.002,0.6526,-0.6567,1.1883,-1.1959,1.2319,-0.8676,-0.0643,-0.0633,-0.5222,0.4551,-0.6497,0.6922,1.919,-1.4911,-1.7879855632781982,1.4554022550582886,-0.23038536310195923,-0.07543141394853592,-2.059974193572998,2.233703851699829,-0.3073533773422241,0.04733404517173767,-0.04099589213728905,-0.3878498375415802,-0.004660839214920998,-0.029526783153414726,-0.0032561165280640125,-0.9995587468147278,0.0,0.0,0.0,0.5199999809265137,0.003599999938160181,-0.0020000000949949026,-0.3230000138282776,0.3188999891281128,-0.9060999751091003,0.8985000252723694,-0.06430000066757202,-0.0632999986410141,-0.5221999883651733,0.45509999990463257,-0.6496999859809875,0.6922000050544739,1.9190000295639038,-1.4910999536514282,-1.170578122138977,0.9215863347053528,-0.7893944978713989,0.6111354827880859,-3.3720037937164307,3.4313483238220215,-0.5103200674057007,-0.4089129865169525
1.089999976,0.0028,-0.0027,0.6485,-0.6528,1.1825,-1.1896,1.2501,-0.8829,-0.0874,-0.0865,-0.3817,0.3699,-0.5423,0.6087,1.7809,-1.526,-1.781597375869751,1.5049382448196411,-0.27930325269699097,-0.059432100504636765,-1.8904249668121338,2.09087872505188,-0.3749135136604309,0.12315923720598221,-0.0609382800757885,-0.4185012876987457,-0.00552090909332037,-0.035010360181331635,-0.0029086018912494183,-0.9993826150894165,0.0,0.0,0.0,0.5199999809265137,0.00279999990016222,-0.0027000000700354576,-0.32710000872612,0.32280001044273376,-0.911899983882904,0.9047999978065491,-0.08739999681711197,-0.08649999648332596,-0.3817000091075897,0.3698999881744385,-0.5422999858856201,0.6086999773979187,1.780900001525879,-1.5260000228881836,-1.1890770196914673,0.9620481729507446,-0.8344035744667053,0.6178523898124695,-3.2288293838500977,3.332282543182373,-0.8456134796142578,-0.1088838204741478
1.099999976,0.002,-0.0035,0.6457,-0.6498,1.1781,-1.1843,1.2666,-0.8981,-0.0898,-0.0891,-0.2405,0.2738,-0.4057,0.4883,1.6099,-1.5183,-1.7455320358276367,1.5315775871276855,-0.2943413555622101,-0.025740182027220726,-1.8056247234344482,2.0058767795562744,-0.4124845266342163,0.1792275309562683,-0.06810757517814636,-0.4293975830078125,-0.002194763161242008,-0.035010360181331635,-0.0029086018912494183,-0.9993826150894165,0.0,0.0,0.0,0.5199999809265137,0.0020000000949949026,-0.0035000001080334187,-0.32989999651908875,0.32580000162124634,-0.9162999987602234,0.910099983215332,-0.08980000019073486,-0.08910000324249268,-0.24050000309944153,0.27379998564720154,-0.4056999981403351,0.48829999566078186,1.6098999977111816,-1.5183000564575195,-1.1879582405090332,0.9921255111694336,-0.8658488392829895,0.630638599395752,-3.12023663520813,3.2440991401672363,-1.1434741020202637,0.18743693828582764
1.109999975,0.0013,-0.0043,0.6444,-0.6479,1.1752,-1.1806,1.2813,-0.913,-0.0686,-0.0681,-0.1025,0.1696,-0.2508,0.3319,1.4098,-1.476,-1.7129780054092407,1.540855050086975,-0.2941512167453766,0.02265673130750656,-1.7794746160507202,1.9567068815231323,-0.4386247396469116,0.23504190146923065,-0.05876583606004715,-0.42127904295921326,-0.0006659576902166009,-0.04345376044511795,-0.0017856862396001816,-0.999053955078125,0.0,0.0,0.0,0.5199999809265137,0.0013000000035390258,-0.00430000014603138,-0.3312000036239624,0.3276999890804291,-0.9192000031471252,0.9138000011444092,-0.06859999895095825,-0.06809999793767929,-0.10249999910593033,0.1695999950170517,-0.2508000135421753,0.3319000005722046,1.4098000526428223,-1.4759999513626099,-1.1656746864318848,1.0081117153167725,-0.8720608949661255,0.6526932120323181,-3.063396453857422,3.190004587173462,-1.327958106994629,0.4132501184940338
1.119999975,0.0009,-0.0047,0.6443,-0.6469,1.1739,-1.1786,1.2938,-0.9273,-0.0299,-0.0297,0.0054,0.082,-0.0919,0.153,1.1951,-1.4068,-1.688133716583252,1.5334926843643188,-0.26337552070617676,0.07363931089639664,-1.8038614988327026,1.9570194482803345,-0.43927711248397827,0.27589502930641174,-0.03555945307016373,-0.3820667266845703,-0.00026554957730695605,-0.04977726191282272,-0.0009373052162118256,-0.9987598061561584,0.0,0.0,0.0,0.5199999809265137,0.0008999999845400453,-0.004699999932199717,-0.3312999904155731,0.3287000060081482,-0.9204999804496765,0.9157999753952026,-0.029899999499320984,-0.02969999983906746,0.005400000140070915,0.0820000022649765,-0.09189999848604202,0.15299999713897705,1.195099949836731,-1.4068000316619873,-1.1439586877822876,1.014096736907959,-0.865334153175354,0.6818111538887024,-3.0414364337921143,3.154197931289673,-1.472538948059082,0.6449676156044006
1.129999975,0.0008,-0.0047,0.645,-0.6466,1.1741,-1.1783,1.304,-0.9406,-0.0038,-0.0048,0.0622,0.0432,0.0315,0.0166,0.9548,-1.2867,-1.659736156463623,1.521122932434082,-0.19024643301963806,0.10610796511173248,-1.8802417516708374,1.9963898658752441,-0.3992493748664856,0.28079283237457275,-0.020444994792342186,-0.3134758770465851,0.0012704938417300582,-0.04977726191282272,-0.0009373052162118256,-0.9987598061561584,0.0,0.0,0.0,0.5199999809265137,0.0007999999797903001,-0.004699999932199717,-0.33059999346733093,0.32899999618530273,-0.9203000068664551,0.916100025177002,-0.003800000064074993,-0.004800000227987766,0.062199998646974564,0.04320000112056732,0.03150000050663948,0.016599999740719795,0.954800009727478,-1.2867000102996826,-1.1256158351898193,1.0109484195709229,-0.8378236889839172,0.7119595408439636,-3.049700975418091,3.146479606628418,-1.518088459968567,0.8222201466560364
1.139999975,0.0009,-0.0046,0.6459,-0.6462,1.1752,-1.1788,1.3116,-0.9522,-0.0109,-0.0119,0.0838,0.0525,0.1071,-0.0341,0.6823,-1.0951,-1.6403757333755493,1.5152045488357544,-0.09493441879749298,0.11770649254322052,-1.990579605102539,2.001561403274536,-0.3448576331138611,0.2676627039909363,-0.031272005289793015,-0.23445232212543488,0.006132008042186499,-0.05508297681808472,-0.000572306162212044,-0.9984816312789917,0.0,0.0,0.0,0.5199999809265137,0.0008999999845400453,-0.004600000102072954,-0.3296999931335449,0.3294000029563904,-0.9192000031471252,0.9156000018119812,-0.010900000110268593,-0.011900000274181366,0.08380000293254852,0.05249999836087227,0.1071000024676323,-0.0340999998152256,0.6822999715805054,-1.0951000452041626,-1.1051441431045532,1.0043619871139526,-0.7838842868804932,0.7316186428070068,-3.091994524002075,3.1642332077026367,-1.406037449836731,0.8658313155174255
1.149999975,0.0008,-0.0047,0.647,-0.6457,1.1768,-1.1796,1.3164,-0.9617,-0.0166,-0.0182,0.1063,0.0645,0.1651,-0.0834,0.4059,-0.9054,-1.623433232307434,1.505668044090271,-0.020833628252148628,0.09278599917888641,-2.072321653366089,2.0046417713165283,-0.2672344446182251,0.23683658242225647,-0.0373353511095047,-0.1590552181005478,-0.008586074225604534,-0.05508297681808472,-0.000572306162212044,-0.9984816312789917,0.0,0.0,0.0,0.5199999809265137,0.0007999999797903001,-0.004699999932199717,-0.3285999894142151,0.32989999651908875,-0.9175999760627747,0.9147999882698059,-0.016599999740719795,-0.018200000748038292,0.1062999963760376,0.06449999660253525,0.16509999334812164,-0.08340000361204147,0.4059000015258789,-0.9053999781608582,-1.092510461807251,1.000143051147461,-0.7171029448509216,0.7407709956169128,-3.158313035964966,3.1633009910583496,-1.242970585823059,0.8516308069229126
1.159999974,0.0007,-0.0049,0.6484,-0.6452,1.179,-1.1809,1.3186,-0.9694,-0.0153,-0.0168,0.1377,0.0535,0.2231,-0.1281,0.1576,-0.7161,-1.6211328506469727,1.503269076347351,0.05126607045531273,0.0807105228304863,-2.159189462661743,1.9959211349487305,-0.19632293283939362,0.20578256249427795,-0.035162683576345444,-0.10295570641756058,-0.007826573215425014,-0.05947534739971161,-9.139204485109076e-05,-0.9982297420501709,0.0,0.0,0.0,0.5199999809265137,0.000699999975040555,-0.004900000058114529,-0.3271999955177307,0.3303999900817871,-0.9154000282287598,0.9135000109672546,-0.015300000086426735,-0.01679999940097332,0.13770000636577606,0.05350000038743019,0.22310000658035278,-0.12809999287128448,0.15760000050067902,-0.7160999774932861,-1.0817954540252686,0.9931653738021851,-0.6640024185180664,0.7259573340415955,-3.2057411670684814,3.1604678630828857,-0.9877577424049377,0.7662663459777832
1.169999974,0.0005,-0.005,0.6501,-0.6451,1.1816,-1.1827,1.3186,-0.9753,-0.0098,-0.0167,0.1697,0.0084,0.2712,-0.179,-0.0311,-0.537,-1.6263638734817505,1.5102522373199463,0.14572399854660034,0.11696675419807434,-2.2789790630340576,1.9672404527664185,-0.13694530725479126,0.1797376126050949,-0.03133191168308258,-0.07156781107187271,0.014383380301296711,-0.061076853424310684,0.00045273100840859115,-0.9981329441070557,0.0,0.0,0.0,0.5199999809265137,0.0005000000237487257,-0.004999999888241291,-0.3255000114440918,0.3305000066757202,-0.9128000140190125,0.9117000102996826,-0.009800000116229057,-0.016699999570846558,0.1696999967098236,0.00839999970048666,0.2712000012397766,-0.17900000512599945,-0.031099999323487282,-0.5370000004768372,-1.0803751945495605,0.9912593960762024,-0.6110426187515259,0.7181736826896667,-3.2553863525390625,3.149074077606201,-0.7537717223167419,0.6799102425575256
1.179999974,0.0003,-0.0052,0.652,-0.6452,1.1846,-1.1849,1.3173,-0.9797,-0.0079,-0.0148,0.1852,-0.0047,0.3104,-0.2288,-0.1637,-0.4182,-1.6316877603530884,1.510844111442566,0.21071751415729523,0.1256314069032669,-2.3543860912323,1.945589303970337,-0.07328686118125916,0.16193193197250366,-0.028479212895035744,-0.03476428985595703,0.005363468546420336,-0.061076853424310684,0.00045273100840859115,-0.9981329441070557,0.0,0.0,0.0,0.5199999809265137,0.0003000000142492354,-0.005200000014156103,-0.32359999418258667,0.3303999900817871,-0.9097999930381775,0.909500002861023,-0.007899999618530273,-0.014800000004470348,0.18520000576972961,-0.004699999932199717,0.31040000915527344,-0.2287999987602234,-0.16369999945163727,-0.41819998621940613,-1.0838959217071533,0.9957214593887329,-0.5425373315811157,0.7395378351211548,-3.3268394470214844,3.122960329055786,-0.5540012121200562,0.6115504503250122
1.189999974,0.0002,-0.0053,0.6542,-0.6456,1.1881,-1.1877,1.3149,-0.9833,-0.0083,-0.0122,0.2136,-0.0311,0.3449,-0.2758,-0.2588,-0.3277,-1.6335375308990479,1.5089030265808105,0.24140863120555878,0.12518854439258575,-2.4003915786743164,1.9355883598327637,-0.01904260739684105,0.15236453711986542,-0.026924235746264458,-0.017651379108428955,-0.00693144928663969,-0.061940997838974,0.0009654332534410059,-0.998079240322113,0.0,0.0,0.0,0.5199999809265137,0.00019999999494757503,-0.0052999998442828655,-0.321399986743927,0.33000001311302185,-0.9063000082969666,0.9067000150680542,-0.008299999870359898,-0.012199999764561653,0.21359999477863312,-0.031099999323487282,0.3449000120162964,-0.2757999897003174,-0.2587999999523163,-0.3276999890804291,-1.0877184867858887,0.9958427548408508,-0.49437499046325684,0.744240939617157,-3.368497371673584,3.10080623626709,-0.32588744163513184,0.5640877485275269
1.1999999730000002,0.0002,-0.0054,0.6568,-0.6463,1.192,-1.1909,1.3119,-0.9861,-0.0087,-0.0111,0.244,-0.0782,0.3876,-0.3235,-0.3088,-0.2519,-1.6286025047302246,1.50983464717865,0.2853562533855438,0.15722624957561493,-2.479881763458252,1.9338847398757935,0.01959848776459694,0.14801928400993347,-0.024179091677069664,-0.015474297106266022,0.004175806418061256,-0.061940997838974,0.0009654332534410059,-0.998079240322113,0.0,0.0,0.0,0.5199999809265137,0.00019999999494757503,-0.005400000140070915,-0.3188000023365021,0.3292999863624573,-0.902400016784668,0.9035000205039978,-0.008700000122189522,-0.011099999770522118,0.24400000274181366,-0.07819999754428864,0.38760000467300415,-0.32350000739097595,-0.30880001187324524,-0.25189998745918274,-1.0891783237457275,0.9945220351219177,-0.4676209092140198,0.7413856983184814,-3.3898677825927734,3.0854055881500244,-0.1279304325580597,0.5439181327819824
1.2099999730000002,0.0001,-0.0055,0.6596,-0.6477,1.1963,-1.1947,1.3087,-0.9883,-0.0083,-0.0114,0.2741,-0.1379,0.4308,-0.3791,-0.3163,-0.1924,-1.62173330783844,1.5101721286773682,0.33460211753845215,0.21925148367881775,-2.575395107269287,1.931735634803772,0.0437249019742012,0.1566532552242279,-0.0203422661870718,-0.02299710549414158,0.019431445747613907,-0.06243479996919632,0.0014648415381088853,-0.9980478882789612,0.0,0.0,0.0,0.5199999809265137,9.999999747378752e-05,-0.005499999970197678,-0.3160000145435333,0.3278999924659729,-0.8981000185012817,0.8996999859809875,-0.008299999870359898,-0.01140000019222498,0.27410000562667847,-0.1378999948501587,0.4307999908924103,-0.3790999948978424,-0.31630000472068787,-0.1923999935388565,-1.085914969444275,0.9950163960456848,-0.43109583854675293,0.7582041621208191,-3.4322144985198975,3.0746898651123047,0.016633953899145126,0.5416971445083618
1.2199999730000002,0.0,-0.0055,0.6627,-0.6495,1.201,-1.1991,1.3057,-0.99,-0.0074,-0.012,0.3098,-0.1865,0.4718,-0.4329,-0.2984,-0.1545,-1.6118131875991821,1.498420238494873,0.3391883969306946,0.26029491424560547,-2.6224424839019775,1.942756175994873,0.05963985249400139,0.1802888810634613,-0.01761491410434246,-0.03349796682596207,0.008187207393348217,-0.06284710764884949,0.001753229065798223,-0.9980215430259705,0.0,0.0,0.0,0.5199999809265137,0.0,-0.005499999970197678,-0.31290000677108765,0.3260999917984009,-0.8934000134468079,0.8952999711036682,-0.007400000002235174,-0.012000000104308128,0.30979999899864197,-0.18649999797344208,0.4717999994754791,-0.43290001153945923,-0.29840001463890076,-0.15449999272823334,-1.0815088748931885,0.995021402835846,-0.39065858721733093,0.7927743196487427,-3.484410047531128,3.061950445175171,0.111639603972435,0.5881330370903015
1.229999973,0.0,-0.0055,0.6661,-0.6517,1.206,-1.2039,1.303,-0.9914,-0.0034,-0.0084,0.3343,-0.2225,0.5031,-0.4779,-0.2682,-0.1237,-1.5902365446090698,1.4790493249893188,0.31650257110595703,0.2799126207828522,-2.6450469493865967,1.9813867807388306,0.06746973097324371,0.20495305955410004,-0.012347638607025146,-0.040958236902952194,-0.007595435716211796,-0.06284710764884949,0.001753229065798223,-0.9980215430259705,0.0,0.0,0.0,0.5199999809265137,0.0,-0.005499999970197678,-0.3095000088214874,0.3239000141620636,-0.8884000182151794,0.890500009059906,-0.0034000000450760126,-0.00839999970048666,0.3343000113964081,-0.2224999964237213,0.5030999779701233,-0.4778999984264374,-0.26820001006126404,-0.12370000034570694,-1.0750354528427124,0.9871468544006348,-0.3790210783481598,0.8132966160774231,-3.5036416053771973,3.056910753250122,0.17887941002845764,0.6902555227279663
1.239999973,0.0,-0.0055,0.6696,-0.6543,1.2113,-1.209,1.3007,-0.9924,-0.0005,-0.0052,0.3283,-0.2525,0.5261,-0.5114,-0.2221,-0.073,-1.5582033395767212,1.4643645286560059,0.3293048143386841,0.3209429681301117,-2.7191646099090576,2.0345425605773926,0.06585365533828735,0.22034955024719238,-0.006374661345034838,-0.03908265754580498,0.004377804696559906,-0.06347166746854782,0.001928331214003265,-0.9979817271232605,0.0,0.0,0.0,0.5199999809265137,0.0,-0.005499999970197678,-0.3059999942779541,0.3212999999523163,-0.8830999732017517,0.8853999972343445,-0.0005000000237487257,-0.005200000014156103,0.32829999923706055,-0.2524999976158142,0.5260999798774719,-0.5113999843597412,-0.22210000455379486,-0.0729999989271164,-1.0603843927383423,0.9744728803634644,-0.3857116103172302,0.8195750713348389,-3.506624698638916,3.0700645446777344,0.21623891592025757,0.7950722575187683
1.2499999720000001,0.0001,-0.0055,0.6728,-0.657,1.2168,-1.2145,1.2989,-0.9928,-0.0014,-0.0056,0.2986,-0.266,0.5428,-0.534,-0.1638,-0.0037,-1.5261627435684204,1.4481325149536133,0.3713766038417816,0.3707238435745239,-2.8242690563201904,2.0908424854278564,0.0664093866944313,0.22843106091022491,-0.003640943206846714,-0.02411520481109619,0.02054748311638832,-0.06347166746854782,0.001928331214003265,-0.9979817271232605,0.0,0.0,0.0,0.5199999809265137,9.999999747378752e-05,-0.005499999970197678,-0.3027999997138977,0.31859999895095825,-0.8776000142097473,0.8798999786376953,-0.00139999995008111,-0.00559999980032444,0.2985999882221222,-0.26600000262260437,0.5428000092506409,-0.5339999794960022,-0.16380000114440918,-0.003700000001117587,-1.0388355255126953,0.9648963809013367,-0.37057679891586304,0.8397286534309387,-3.543903112411499,3.0930683612823486,0.2189946174621582,0.8667982220649719
1.2599999720000001,0.0001,-0.0055,0.6757,-0.6596,1.2224,-1.2201,1.2977,-0.9927,0.0053,0.0014,0.2565,-0.2441,0.5453,-0.5484,-0.1128,0.0303,-1.4991008043289185,1.4229871034622192,0.3859085738658905,0.3795834183692932,-2.8862764835357666,2.158853769302368,0.07767482846975327,0.23495595157146454,0.003773594042286277,0.003668353660032153,0.010076982900500298,-0.06424949318170547,0.001989719457924366,-0.9979317784309387,0.0,0.0,0.0,0.5199999809265137,9.999999747378752e-05,-0.005499999970197678,-0.29989999532699585,0.3160000145435333,-0.871999979019165,0.8743000030517578,0.0052999998442828655,0.00139999995008111,0.2565000057220459,-0.24410000443458557,0.5453000068664551,-0.5483999848365784,-0.1128000020980835,0.030300000682473183,-1.0173351764678955,0.9540483355522156,-0.33810892701148987,0.866615891456604,-3.6018593311309814,3.1180949211120605,0.23287755250930786,0.9129842519760132
1.2699999720000001,0.0001,-0.0054,0.6781,-0.6619,1.2279,-1.2257,1.2969,-0.9922,0.0071,0.0034,0.2037,-0.2065,0.534,-0.544,-0.0749,0.07,-1.465327262878418,1.3985093832015991,0.39049988985061646,0.35955727100372314,-2.9409267902374268,2.2408881187438965,0.0948600098490715,0.22827835381031036,0.007071565371006727,0.036047738045454025,-0.0009883253369480371,-0.06429300457239151,0.0019480740884318948,-0.9979291558265686,0.0,0.0,0.0,0.5199999809265137,9.999999747378752e-05,-0.005400000140070915,-0.29750001430511475,0.31369999051094055,-0.8665000200271606,0.8687000274658203,0.0071000000461936,0.0034000000450760126,0.2037000060081482,-0.20649999380111694,0.5339999794960022,-0.5440000295639038,-0.07490000128746033,0.07000000029802322,-0.9988471865653992,0.9377514123916626,-0.3254276216030121,0.8687822818756104,-3.631830930709839,3.151275873184204,0.28813931345939636,0.9458838105201721
1.2799999720000002,0.0002,-0.0054,0.6798,-0.6639,1.2332,-1.2312,1.2964,-0.9912,0.0048,0.0012,0.1368,-0.1705,0.5106,-0.5234,-0.0393,0.1293,-1.4287291765213013,1.3809329271316528,0.4271836578845978,0.352780818939209,-3.0402026176452637,2.3260395526885986,0.1110018640756607,0.2084859013557434,0.008049716241657734,0.06736178696155548,0.009594269096851349,-0.06429300457239151,0.0019480740884318948,-0.9979291558265686,0.0,0.0,0.0,0.5199999809265137,0.00019999999494757503,-0.005400000140070915,-0.29580000042915344,0.3116999864578247,-0.8611999750137329,0.8632000088691711,0.004800000227987766,0.0012000000569969416,0.13680000603199005,-0.1704999953508377,0.5105999708175659,-0.5234000086784363,-0.03929999843239784,0.12929999828338623,-0.9762115478515625,0.9217662811279297,-0.32108673453330994,0.8533381819725037,-3.658017873764038,3.195058822631836,0.3644600510597229,0.92711341381073
1.289999971,0.0002,-0.0054,0.6809,-0.6654,1.2381,-1.2363,1.2963,-0.9895,0.005,0.0015,0.0747,-0.1311,0.475,-0.4929,-0.0058,0.1883,-1.4001673460006714,1.361387014389038,0.4475041925907135,0.33209002017974854,-3.1203508377075195,2.4095170497894287,0.12965375185012817,0.18739642202854156,0.010074766352772713,0.09304670244455338,0.006166545208543539,-0.06363926827907562,0.0018119113519787788,-0.9979712963104248,0.0,0.0,0.0,0.5199999809265137,0.00019999999494757503,-0.005400000140070915,-0.2946999967098236,0.3102000057697296,-0.8562999963760376,0.8580999970436096,0.004999999888241291,0.001500000013038516,0.0746999979019165,-0.13109999895095825,0.4749999940395355,-0.492900013923645,-0.005799999926239252,0.1882999986410141,-0.9517661333084106,0.9099019765853882,-0.29769089818000793,0.8472205400466919,-3.7151618003845215,3.242199659347534,0.43614745140075684,0.8598036170005798
1.299999971,0.0003,-0.0053,0.6814,-0.6666,1.2426,-1.2411,1.2963,-0.9873,0.0056,0.0019,0.0282,-0.0951,0.4261,-0.4492,-0.0006,0.2438,-1.3826544284820557,1.3401579856872559,0.44017478823661804,0.29839521646499634,-3.1745870113372803,2.4955172538757324,0.1429804414510727,0.17000322043895721,0.011970092542469501,0.10633079707622528,-0.004757776856422424,-0.06363926827907562,0.0018119113519787788,-0.9979712963104248,0.0,0.0,0.0,0.5199999809265137,0.0003000000142492354,-0.0052999998442828655,-0.29420000314712524,0.3089999854564667,-0.8518000245094299,0.8532999753952026,0.00559999980032444,0.0019000000320374966,0.028200000524520874,-0.09510000050067902,0.4260999858379364,-0.44920000433921814,-0.0006000000284984708,0.24379999935626984,-0.9327115416526794,0.8968913555145264,-0.2860838770866394,0.8330533504486084,-3.761167287826538,3.289684772491455,0.517454981803894,0.7872456908226013
1.309999971,0.0004,-0.0053,0.6816,-0.6676,1.2465,-1.2454,1.2965,-0.9845,0.004,0.0004,-0.0077,-0.0859,0.3673,-0.3938,0.0016,0.3059,-1.3664557933807373,1.3320893049240112,0.45009973645210266,0.30122971534729004,-3.262986660003662,2.569039821624756,0.14181433618068695,0.1555601805448532,0.013378020375967026,0.09752967208623886,0.009057529270648956,-0.06188001483678818,0.001580836484208703,-0.9980823993682861,0.0,0.0,0.0,0.5199999809265137,0.00039999998989515007,-0.0052999998442828655,-0.2939999997615814,0.30799999833106995,-0.8478999733924866,0.8489999771118164,0.004000000189989805,0.00039999998989515007,-0.007699999958276749,-0.08590000122785568,0.36730000376701355,-0.3937999904155731,0.0015999999595806003,0.3059000074863434,-0.920796275138855,0.8829653263092041,-0.29307013750076294,0.8105901479721069,-3.7915847301483154,3.340331554412842,0.5718017816543579,0.7287728786468506
1.319999971,0.0004,-0.0052,0.6816,-0.6687,1.2498,-1.2491,1.2966,-0.9812,0.0023,-0.0014,-0.0084,-0.1068,0.3037,-0.3316,-0.0009,0.3646,-1.3675440549850464,1.327191948890686,0.44002169370651245,0.33745333552360535,-3.337247848510742,2.615440607070923,0.11996055394411087,0.1637953817844391,0.01387646235525608,0.05771792307496071,0.019714858382940292,-0.06055213138461113,0.0013493120204657316,-0.9981642365455627,0.0,0.0,0.0,0.5199999809265137,0.00039999998989515007,-0.005200000014156103,-0.2939999997615814,0.3068999946117401,-0.8446000218391418,0.845300018787384,0.002300000051036477,-0.00139999995008111,-0.00839999970048666,-0.10679999738931656,0.3037000000476837,-0.33160001039505005,-0.0008999999845400453,0.3646000027656555,-0.9099038243293762,0.8774861693382263,-0.288446843624115,0.8110931515693665,-3.846637725830078,3.3844399452209473,0.5675773620605469,0.683420717716217
1.3299999710000001,0.0004,-0.0052,0.6816,-0.6699,1.2523,-1.252,1.2967,-0.9773,0.0035,-0.0008,-0.0086,-0.1134,0.2262,-0.2587,-0.0033,0.4076,-1.377811074256897,1.3186047077178955,0.38601377606391907,0.36236438155174255,-3.353882074356079,2.643911838531494,0.079020656645298,0.195043683052063,0.015676995739340782,0.016348985955119133,0.010915666818618774,-0.06055213138461113,0.0013493120204657316,-0.9981642365455627,0.0,0.0,0.0,0.5199999809265137,0.00039999998989515007,-0.005200000014156103,-0.2939999997615814,0.30570000410079956,-0.8421000242233276,0.8424000144004822,0.0035000001080334187,-0.0007999999797903001,-0.00860000029206276,-0.11339999735355377,0.22619999945163727,-0.25870001316070557,-0.0032999999821186066,0.4075999855995178,-0.9107427000999451,0.8743013143539429,-0.2952122092247009,0.8316488862037659,-3.893785238265991,3.4121203422546387,0.4796622097492218,0.7281015515327454
1.33999997,0.0005,-0.0051,0.6815,-0.6711,1.2539,-1.2541,1.2967,-0.973,0.0052,0.0003,-0.0271,-0.0998,0.1355,-0.1715,-0.0049,0.4475,-1.3845402002334595,1.3029776811599731,0.3165793716907501,0.3706577718257904,-3.3345155715942383,2.672916889190674,0.024214306846261024,0.23242177069187164,0.01785651035606861,-0.016386760398745537,0.0008864080882631242,-0.060046400874853134,0.0010932540753856301,-0.9981950521469116,0.0,0.0,0.0,0.5199999809265137,0.0005000000237487257,-0.005100000184029341,-0.29409998655319214,0.304500013589859,-0.840499997138977,0.8403000235557556,0.005200000014156103,0.0003000000142492354,-0.02710000053048134,-0.0997999981045723,0.1354999989271164,-0.17149999737739563,-0.004900000058114529,0.44749999046325684,-0.9175074100494385,0.8686164617538452,-0.3312308192253113,0.845416247844696,-3.905041456222534,3.430161237716675,0.3154226243495941,0.8616947531700134
1.34999997,0.0006,-0.0051,0.681,-0.672,1.2546,-1.2553,1.2966,-0.9683,0.0084,0.0035,-0.0876,-0.0649,0.0257,-0.0771,-0.0144,0.5059,-1.3788862228393555,1.288758635520935,0.2837473750114441,0.37711402773857117,-3.330169916152954,2.70563006401062,-0.036127399653196335,0.2606416642665863,0.02360953390598297,-0.026945214718580246,0.008218430913984776,-0.060046400874853134,0.0010932540753856301,-0.9981950521469116,0.0,0.0,0.0,0.5199999809265137,0.0006000000284984708,-0.005100000184029341,-0.2946000099182129,0.303600013256073,-0.8398000001907349,0.8391000032424927,0.00839999970048666,0.0035000001080334187,-0.08760000020265579,-0.0649000033736229,0.025699999183416367,-0.0771000012755394,-0.014399999752640724,0.5059000253677368,-0.9216801524162292,0.8584717512130737,-0.378953754901886,0.8494518399238586,-3.89497709274292,3.451111316680908,0.09587723016738892,1.019187092781067
1.35999997,0.0006,-0.0051,0.6798,-0.6724,1.2544,-1.2557,1.2964,-0.9628,-0.0132,-0.0173,-0.1348,-0.0172,-0.0168,0.0085,-0.0116,0.5845,-1.3523902893066406,1.2864270210266113,0.28051161766052246,0.37582603096961975,-3.359607458114624,2.7069475650787354,-0.09103140980005264,0.2752412259578705,0.003145389724522829,-0.016374552622437477,0.018691696226596832,-0.060509007424116135,0.0006465656915679574,-0.9981674551963806,0.0,0.0,0.0,0.5199999809265137,0.0006000000284984708,-0.005100000184029341,-0.29580000042915344,0.30320000648498535,-0.8399999737739563,0.838699996471405,-0.013199999928474426,-0.01730000041425228,-0.1348000019788742,-0.01720000058412552,-0.01679999940097332,0.008500000461935997,-0.011599999852478504,0.5845000147819519,-0.9174975156784058,0.8492057919502258,-0.4058750867843628,0.8542826771736145,-3.8980000019073486,3.476813316345215,-0.14738960564136505,1.1437466144561768
1.36999997,0.0005,-0.0051,0.6782,-0.6725,1.2538,-1.2555,1.296,-0.9565,-0.001,-0.0044,-0.1685,0.0043,-0.0592,0.0284,-0.0537,0.6526,-1.3423757553100586,1.252114176750183,0.2579730451107025,0.3470008075237274,-3.321387767791748,2.7455809116363525,-0.12650883197784424,0.2842167317867279,0.014942042529582977,-0.000170917235664092,0.007164926268160343,-0.060842473059892654,0.0004361100436653942,-0.9981472492218018,0.0,0.0,0.0,0.5199999809265137,0.0005000000237487257,-0.005100000184029341,-0.29739999771118164,0.30309998989105225,-0.8406000137329102,0.8389000296592712,-0.0010000000474974513,-0.004399999976158142,-0.16850000619888306,0.00430000014603138,-0.05920000001788139,0.0284000001847744,-0.053700000047683716,0.6525999903678894,-0.9012735486030579,0.8462647199630737,-0.41357892751693726,0.8558040261268616,-3.920858383178711,3.482598304748535,-0.3664456307888031,1.2178648710250854
1.379999969,0.0006,-0.0051,0.6765,-0.6724,1.2527,-1.255,1.2947,-0.9492,-0.0041,-0.0045,-0.1829,0.0093,-0.1097,0.0604,-0.1489,0.7584,-1.3246029615402222,1.2341440916061401,0.22671374678611755,0.30923905968666077,-3.272345781326294,2.7780680656433105,-0.15698330104351044,0.2819053530693054,0.017129842191934586,0.005556819029152393,0.0001857215102063492,-0.060842473059892654,0.0004361100436653942,-0.9981472492218018,0.0,0.0,0.0,0.5199999809265137,0.0006000000284984708,-0.005100000184029341,-0.29910001158714294,0.30320000648498535,-0.84170001745224,0.8393999934196472,-0.004100000020116568,-0.0044999998062849045,-0.18289999663829803,0.00930000003427267,-0.10970000177621841,0.06040000170469284,-0.14890000224113464,0.758400022983551,-0.8939838409423828,0.8242494463920593,-0.4340513050556183,0.8378205299377441,-3.8994052410125732,3.510080575942993,-0.5167753100395203,1.2673869132995605
1.389999969,0.0007,-0.0049,0.6748,-0.6724,1.2513,-1.2543,1.2922,-0.9409,0.0007,0.0005,-0.1696,0.008,-0.1517,0.0943,-0.2805,0.8781,-1.320285439491272,1.2107937335968018,0.1624399870634079,0.24813619256019592,-3.177454710006714,2.8235912322998047,-0.18497809767723083,0.2762793302536011,0.02031802386045456,0.0044588749296963215,-0.02108154445886612,-0.06082697957754135,0.00014050793834030628,-0.9981483221054077,0.0,0.0,0.0,0.5199999809265137,0.000699999975040555,-0.004900000058114529,-0.30079999566078186,0.30320000648498535,-0.8431000113487244,0.8400999903678894,0.000699999975040555,0.0005000000237487257,-0.1695999950170517,0.00800000037997961,-0.1517000049352646,0.09430000185966492,-0.28049999475479126,0.8780999779701233,-0.8821420073509216,0.8122627139091492,-0.4592508375644684,0.8131793737411499,-3.87227725982666,3.534872055053711,-0.6577131748199463,1.279301404953003
1.399999969,0.0008,-0.0048,0.6731,-0.6724,1.2494,-1.2531,1.2883,-0.9311,0.001,0.0015,-0.1865,0.0059,-0.1875,0.1416,-0.415,1.0286,-1.304935336112976,1.2157952785491943,0.18610157072544098,0.23893208801746368,-3.1885898113250732,2.84515380859375,-0.21757765114307404,0.25366857647895813,0.01810676045715809,0.015234092250466347,0.01214466243982315,-0.06082697957754135,0.00014050793834030628,-0.9981483221054077,0.0,0.0,0.0,0.5199999809265137,0.0007999999797903001,-0.004800000227987766,-0.30250000953674316,0.30320000648498535,-0.8450000286102295,0.8413000106811523,0.0010000000474974513,0.001500000013038516,-0.18649999797344208,0.005900000222027302,-0.1875,0.14159999787807465,-0.41499999165534973,1.0285999774932861,-0.8787436485290527,0.7974291443824768,-0.5046133399009705,0.7723574638366699,-3.8146164417266846,3.568880796432495,-0.7960124015808105,1.280737280845642
1.409999969,0.001,-0.0046,0.6712,-0.6724,1.2473,-1.2514,1.283,-0.9197,0.0024,0.0035,-0.1949,0.0082,-0.2177,0.1905,-0.5623,1.1816,-1.3067222833633423,1.2146631479263306,0.23485980927944183,0.2508581280708313,-3.210181713104248,2.830900192260742,-0.23949098587036133,0.23414933681488037,0.013495846651494503,0.027535445988178253,0.03672537952661514,-0.060728076845407486,-0.00046383417793549597,-0.9981542825698853,0.0,0.0,0.0,0.5199999809265137,0.0010000000474974513,-0.004600000102072954,-0.3043999969959259,0.30320000648498535,-0.847100019454956,0.8429999947547913,0.002400000113993883,0.0035000001080334187,-0.1949000060558319,0.008200000040233135,-0.21770000457763672,0.19050000607967377,-0.5623000264167786,1.1815999746322632,-0.8682901859283447,0.8010302186012268,-0.493365615606308,0.7660813927650452,-3.8282265663146973,3.5888092517852783,-0.9533106088638306,1.220394253730774
1.419999969,0.0012,-0.0045,0.6695,-0.6724,1.2448,-1.2493,1.276,-0.9069,0.0098,0.0106,-0.1625,0.0098,-0.2495,0.2338,-0.7467,1.3133,-1.3276422023773193,1.2037708759307861,0.20852908492088318,0.22231142222881317,-3.1319544315338135,2.7982683181762695,-0.24816207587718964,0.2270868718624115,0.011112799867987633,0.02700410969555378,0.015392218716442585,-0.06041327863931656,-0.0007744599715806544,-0.9981731176376343,0.0,0.0,0.0,0.5199999809265137,0.0012000000569969416,-0.0044999998062849045,-0.3061000108718872,0.30320000648498535,-0.8496000170707703,0.8450999855995178,0.009800000116229057,0.010599999688565731,-0.16249999403953552,0.009800000116229057,-0.24950000643730164,0.2337999939918518,-0.7466999888420105,1.3133000135421753,-0.8689881563186646,0.8008087277412415,-0.4652201235294342,0.7741854190826416,-3.84883451461792,3.5859668254852295,-1.07042396068573,1.172917366027832
1.4299999680000002,0.0014,-0.0042,0.6684,-0.6724,1.242,-1.2467,1.2669,-0.893,0.0179,0.0185,-0.1092,0.0078,-0.285,0.2767,-0.9692,1.4241,-1.3559869527816772,1.1912994384765625,0.1289241909980774,0.16149213910102844,-2.993553400039673,2.773062229156494,-0.25610002875328064,0.22251982986927032,0.010223250836133957,0.01719159446656704,-0.01530687790364027,-0.06041327863931656,-0.0007744599715806544,-0.9981731176376343,0.0,0.0,0.0,0.5199999809265137,0.00139999995008111,-0.00419999985024333,-0.30720001459121704,0.30320000648498535,-0.852400004863739,0.8476999998092651,0.017899999395012856,0.01850000023841858,-0.10920000076293945,0.007799999788403511,-0.2849999964237213,0.2766999900341034,-0.9692000150680542,1.4241000413894653,-0.8820414543151855,0.7942205667495728,-0.48401394486427307,0.7552609443664551,-3.803802967071533,3.571298837661743,-1.1419882774353027,1.171007513999939
1.4399999680000002,0.0017,-0.0039,0.6678,-0.6724,1.2389,-1.2437,1.2554,-0.878,0.0094,0.0099,-0.0522,0.0058,-0.308,0.3224,-1.1977,1.5295,-1.3766847848892212,1.1935582160949707,0.04446466639637947,0.09340685606002808,-2.86786150932312,2.7487361431121826,-0.26860642433166504,0.2100067138671875,-0.0020424474496394396,0.008129982277750969,-0.03346759453415871,-0.06015165522694588,-0.0010486254468560219,-0.9981886148452759,0.0,0.0,0.0,0.5199999809265137,0.0017000000225380063,-0.0038999998942017555,-0.3077999949455261,0.30320000648498535,-0.8554999828338623,0.8507000207901001,0.009399999864399433,0.00989999994635582,-0.05220000073313713,0.005799999926239252,-0.30799999833106995,0.3224000036716461,-1.197700023651123,1.5295000076293945,-0.8999979496002197,0.787032961845398,-0.5357305407524109,0.7145814299583435,-3.7195022106170654,3.5625548362731934,-1.2182401418685913,1.1748993396759033
1.4499999680000002,0.0017,-0.0039,0.6677,-0.6726,1.2358,-1.2403,1.2419,-0.8618,-0.0114,-0.0103,-0.0237,-0.0153,-0.3128,0.359,-1.3964,1.6606,-1.3822126388549805,1.2268033027648926,0.06005176529288292,0.10050790011882782,-2.885183572769165,2.68861985206604,-0.2879602909088135,0.18367011845111847,-0.019222935661673546,0.007445137947797775,0.009126823395490646,-0.06015165522694588,-0.0010486254468560219,-0.9981886148452759,0.0,0.0,0.0,0.5199999809265137,0.0017000000225380063,-0.0038999998942017555,-0.30790001153945923,0.30300000309944153,-0.8586000204086304,0.8540999889373779,-0.01140000019222498,-0.010300000198185444,-0.02370000071823597,-0.015300000086426735,-0.31279999017715454,0.35899999737739563,-1.396399974822998,1.660599946975708,-0.913763165473938,0.7885655164718628,-0.5894368886947632,0.6690579056739807,-3.6434409618377686,3.5553841590881348,-1.3139656782150269,1.145926833152771
1.459999968,0.0016,-0.004,0.6678,-0.6731,1.2327,-1.2366,1.2264,-0.8443,-0.0258,-0.0248,-0.0015,-0.0429,-0.3101,0.3713,-1.5795,1.7887,-1.4025663137435913,1.2502105236053467,0.1286257654428482,0.15565092861652374,-2.950756549835205,2.590057373046875,-0.2946903705596924,0.16392095386981964,-0.028601637110114098,0.013607974164187908,0.05120053514838219,-0.06015246361494064,-0.0011184046743437648,-0.9981885552406311,0.0,0.0,0.0,0.5199999809265137,0.0015999999595806003,-0.004000000189989805,-0.3077999949455261,0.30250000953674316,-0.8616999983787537,0.8578000068664551,-0.025800000876188278,-0.024800000712275505,-0.001500000013038516,-0.042899999767541885,-0.3100999891757965,0.37130001187324524,-1.5794999599456787,1.788699984550476,-0.9188351035118103,0.8093822002410889,-0.5773454904556274,0.6719852685928345,-3.6615090370178223,3.5245466232299805,-1.4311211109161377,1.0668004751205444
1.4699999670000001,0.0014,-0.0042,0.668,-0.6735,1.2296,-1.233,1.2092,-0.8257,-0.0174,-0.0166,0.0214,-0.0187,-0.3111,0.3646,-1.7763,1.8582,-1.433430790901184,1.2367281913757324,0.11847824603319168,0.12882959842681885,-2.8889832496643066,2.5224106311798096,-0.2673846185207367,0.1555238664150238,-0.021605199202895164,0.0437430739402771,0.01670202799141407,-0.060024868696928024,-0.0007338728755712509,-0.998196542263031,0.0,0.0,0.0,0.5199999809265137,0.00139999995008111,-0.00419999985024333,-0.3075999915599823,0.3021000027656555,-0.864799976348877,0.8614000082015991,-0.017400000244379044,-0.016599999740719795,0.021400000900030136,-0.018699999898672104,-0.3111000061035156,0.3646000027656555,-1.7762999534606934,1.858199954032898,-0.9335641860961914,0.8238203525543213,-0.5299494862556458,0.7059072852134705,-3.7112443447113037,3.4670581817626953,-1.4946614503860474,1.0134238004684448
1.4799999670000001,0.0014,-0.0042,0.6686,-0.6736,1.2264,-1.2295,1.1897,-0.8069,-0.0019,-0.0009,0.0557,0.0072,-0.3164,0.3449,-2.0029,1.8901,-1.4539377689361572,1.2161097526550293,0.0515548475086689,0.04387221857905388,-2.7597224712371826,2.511420965194702,-0.2237747758626938,0.13876977562904358,-0.008211469277739525,0.07212312519550323,-0.030177241191267967,-0.060024868696928024,-0.0007338728755712509,-0.998196542263031,0.0,0.0,0.0,0.5199999809265137,0.00139999995008111,-0.00419999985024333,-0.3070000112056732,0.3019999861717224,-0.8679999709129333,0.8648999929428101,-0.0019000000320374966,-0.0008999999845400453,0.05570000037550926,0.007199999876320362,-0.3163999915122986,0.3449000120162964,-2.0028998851776123,1.8901000022888184,-0.953980565071106,0.8149787783622742,-0.5347878336906433,0.6888397336006165,-3.6763288974761963,3.428713798522949,-1.4247984886169434,0.9937354922294617
1.4899999670000001,0.0015,-0.0041,0.6695,-0.6737,1.2231,-1.2263,1.1679,-0.7876,-0.0001,0.0012,0.0825,-0.0055,-0.3041,0.3289,-2.2061,1.9521,-1.4551825523376465,1.227508783340454,0.06828679889440536,0.02568354830145836,-2.761884927749634,2.510345697402954,-0.18754996359348297,0.10075188428163528,-0.0015965673374012113,0.08912130445241928,-0.006071300245821476,-0.059301912784576416,-0.0005472413613460958,-0.9982399344444275,0.0,0.0,0.0,0.5199999809265137,0.001500000013038516,-0.004100000020116568,-0.3061000108718872,0.3018999993801117,-0.8712999820709229,0.8680999875068665,-9.999999747378752e-05,0.0012000000569969416,0.08250000327825546,-0.005499999970197678,-0.30410000681877136,0.328900009393692,-2.2060999870300293,1.9521000385284424,-0.966618537902832,0.8022798299789429,-0.5759167671203613,0.6337281465530396,-3.5969083309173584,3.4270739555358887,-1.2956790924072266,0.933099091053009
1.4999999670000002,0.0015,-0.0041,0.6706,-0.6741,1.2202,-1.2233,1.1445,-0.7676,-0.0009,0.0004,0.1137,-0.0344,-0.2753,0.291,-2.366,2.007,-1.4678720235824585,1.2424993515014648,0.12065555155277252,0.0476536899805069,-2.8128015995025635,2.4899747371673584,-0.14911027252674103,0.067714162170887,0.0023624063469469547,0.1025436520576477,0.01812221109867096,-0.059301912784576416,-0.0005472413613460958,-0.9982399344444275,0.0,0.0,0.0,0.5199999809265137,0.001500000013038516,-0.004100000020116568,-0.3050000071525574,0.30149999260902405,-0.8741999864578247,0.8711000084877014,-0.0008999999845400453,0.00039999998989515007,0.1137000024318695,-0.03440000116825104,-0.275299996137619,0.29100000858306885,-2.365999937057495,2.006999969482422,-0.9671283960342407,0.8102191686630249,-0.5611754655838013,0.6205556988716125,-3.6041300296783447,3.4316904544830322,-1.1914198398590088,0.7934275269508362
1.5099999670000002,0.0014,-0.0042,0.6722,-0.6748,1.2176,-1.2208,1.1198,-0.7474,-0.001,0.0004,0.1665,-0.0576,-0.2389,0.2397,-2.4976,2.0261,-1.4878697395324707,1.250732183456421,0.11630555242300034,0.03771224990487099,-2.796581983566284,2.4655513763427734,-0.09921447932720184,0.04758156090974808,0.004713825415819883,0.10989203304052353,-0.0008415671763941646,-0.05762689933180809,-0.0005429884186014533,-0.9983379244804382,0.0,0.0,0.0,0.5199999809265137,0.00139999995008111,-0.00419999985024333,-0.3034000098705292,0.30079999566078186,-0.876800000667572,0.8736000061035156,-0.0010000000474974513,0.00039999998989515007,0.1665000021457672,-0.0575999990105629,-0.23890000581741333,0.23970000445842743,-2.4976000785827637,2.026099920272827,-0.9756413102149963,0.8201595544815063,-0.5219829678535461,0.6324757933616638,-3.6419544219970703,3.4215831756591797,-1.06964111328125,0.6722566485404968
1.519999966,0.0014,-0.0042,0.6743,-0.6757,1.2154,-1.2189,1.0938,-0.7271,-0.0042,-0.0033,0.2228,-0.0857,-0.2027,0.187,-2.6109,2.0191,-1.5041487216949463,1.2611825466156006,0.09229407459497452,0.01912251114845276,-2.7665467262268066,2.4528260231018066,-0.05063091591000557,0.03062879480421543,0.004811112768948078,0.10928835719823837,-0.016772057861089706,-0.056101974099874496,-0.0005728505784645677,-0.9984248280525208,0.0,0.0,0.0,0.5199999809265137,0.00139999995008111,-0.00419999985024333,-0.3012999892234802,0.29989999532699585,-0.8790000081062317,0.8755000233650208,-0.00419999985024333,-0.0032999999821186066,0.22280000150203705,-0.08569999784231186,-0.20270000398159027,0.18700000643730164,-2.6108999252319336,2.0190999507904053,-0.989179790019989,0.8254480957984924,-0.5181629657745361,0.6229014992713928,-3.6339147090911865,3.4068808555603027,-0.8963779211044312,0.5955462455749512
1.529999966,0.0014,-0.0042,0.677,-0.6769,1.2136,-1.2175,1.067,-0.7071,-0.0101,-0.0091,0.2684,-0.1224,-0.1635,0.1313,-2.6902,1.9992,-1.516903042793274,1.2794227600097656,0.09141988307237625,0.025801800191402435,-2.774045705795288,2.44193434715271,-0.010927180759608746,0.01579444855451584,0.004117594100534916,0.10571639984846115,-0.011551501229405403,-0.056101974099874496,-0.0005728505784645677,-0.9984248280525208,0.0,0.0,0.0,0.5199999809265137,0.00139999995008111,-0.00419999985024333,-0.2985999882221222,0.2987000048160553,-0.8808000087738037,0.8769000172615051,-0.010099999606609344,-0.009100000374019146,0.26840001344680786,-0.12240000069141388,-0.16349999606609344,0.13130000233650208,-2.690200090408325,1.9991999864578247,-1.0002458095550537,0.8321684002876282,-0.5262172818183899,0.6068350076675415,-3.615877866744995,3.398684024810791,-0.7247036695480347,0.5263351798057556
1.539999966,0.0013,-0.0042,0.6801,-0.6785,1.2124,-1.2167,1.0398,-0.6874,-0.0102,-0.0095,0.3057,-0.1586,-0.1131,0.0675,-2.7203,1.967,-1.5261107683181763,1.2957310676574707,0.10957270860671997,0.05080249905586243,-2.8029799461364746,2.433530569076538,0.028582053259015083,0.002942148130387068,0.0066503132693469524,0.10496045649051666,-0.003188301343470812,-0.054614488035440445,-0.0006836630054749548,-0.9985073208808899,0.0,0.0,0.0,0.5199999809265137,0.0013000000035390258,-0.00419999985024333,-0.2955000102519989,0.2971000075340271,-0.8820000290870667,0.8776999711990356,-0.010200000368058681,-0.009499999694526196,0.30570000410079956,-0.15860000252723694,-0.11309999972581863,0.06750000268220901,-2.7202999591827393,1.9670000076293945,-1.0091420412063599,0.843941867351532,-0.5183600783348083,0.6064411997795105,-3.621863842010498,3.390509605407715,-0.5817487239837646,0.4630177915096283
1.5499999660000001,0.0013,-0.0043,0.6835,-0.6805,1.2117,-1.2166,1.0126,-0.668,-0.008,-0.0076,0.3246,-0.1876,-0.0622,0.0131,-2.7128,1.9361,-1.531219244003296,1.3136653900146484,0.1610759198665619,0.10355786979198456,-2.8669321537017822,2.414410352706909,0.06677863746881485,-0.006574952509254217,0.0080898217856884,0.10854505002498627,0.016775192692875862,-0.054614488035440445,-0.0006836630054749548,-0.9985073208808899,0.0,0.0,0.0,0.5199999809265137,0.0013000000035390258,-0.00430000014603138,-0.2921000123023987,0.29510000348091125,-0.8827000260353088,0.8777999877929688,-0.00800000037997961,-0.007600000128149986,0.3246000111103058,-0.1876000016927719,-0.062199998646974564,0.013100000098347664,-2.7128000259399414,1.9361000061035156,-1.0154871940612793,0.8547873497009277,-0.49757152795791626,0.6174950003623962,-3.640193223953247,3.382253646850586,-0.4297317862510681,0.4051685929298401
1.559999965,0.0013,-0.0043,0.6869,-0.6825,1.2114,-1.2168,0.9856,-0.6489,-0.0189,-0.0183,0.3367,-0.1797,-0.0263,0.0003,-2.6918,1.9059,-1.5244349241256714,1.3251394033432007,0.18856072425842285,0.13342228531837463,-2.907334327697754,2.3770267963409424,0.11334936320781708,-0.012417341582477093,-0.008086330257356167,0.1159113198518753,0.0119935292750597,-0.052647918462753296,-0.0009010773501358926,-0.9986127614974976,0.0,0.0,0.0,0.5199999809265137,0.0013000000035390258,-0.00430000014603138,-0.28870001435279846,0.2930999994277954,-0.8830000162124634,0.8776000142097473,-0.01889999955892563,-0.018300000578165054,0.3366999924182892,-0.17970000207424164,-0.02630000002682209,0.0003000000142492354,-2.691800117492676,1.905900001525879,-1.0187461376190186,0.8666702508926392,-0.45517605543136597,0.6467319130897522,-3.6808347702026367,3.3660802841186523,-0.27544546127319336,0.3609201908111572
1.569999965,0.0012,-0.0044,0.6904,-0.6842,1.2114,-1.217,0.9589,-0.6302,-0.0211,-0.0212,0.342,-0.1544,-0.0052,-0.0008,-2.6647,1.8626,-1.5115100145339966,1.324240803718567,0.18146923184394836,0.12576135993003845,-2.909233331680298,2.3525233268737793,0.16380847990512848,-0.01783553510904312,-0.0193402711302042,0.12521526217460632,-0.009489485062658787,-0.050984058529138565,-0.0009458171552978456,-0.9986990094184875,0.0,0.0,0.0,0.5199999809265137,0.0012000000569969416,-0.004399999976158142,-0.28519999980926514,0.2913999855518341,-0.8830000162124634,0.8773999810218811,-0.0210999995470047,-0.021199999377131462,0.34200000762939453,-0.15440000593662262,-0.005200000014156103,-0.0007999999797903001,-2.6647000312805176,1.8625999689102173,-1.014949917793274,0.873606264591217,-0.429246187210083,0.66316819190979,-3.7059762477874756,3.339904546737671,-0.08496254682540894,0.33151063323020935
1.579999965,0.0012,-0.0044,0.6939,-0.6858,1.2115,-1.2172,0.9326,-0.6121,-0.0121,-0.0122,0.3241,-0.1344,-0.0012,0.0005,-2.6206,1.8202,-1.4988387823104858,1.317073106765747,0.1978333741426468,0.12870065867900848,-2.935579538345337,2.3492143154144287,0.20711763203144073,-0.029281537979841232,-0.018356071785092354,0.13468392193317413,-0.008446924388408661,-0.050984058529138565,-0.0009458171552978456,-0.9986990094184875,0.0,0.0,0.0,0.5199999809265137,0.0012000000569969416,-0.004399999976158142,-0.2816999852657318,0.2897999882698059,-0.8828999996185303,0.8772000074386597,-0.01209999993443489,-0.012199999764561653,0.32409998774528503,-0.13439999520778656,-0.0012000000569969416,0.0005000000237487257,-2.6205999851226807,1.820199966430664,-1.0066800117492676,0.8726139068603516,-0.4266205132007599,0.6563475728034973,-3.7058355808258057,3.3230955600738525,0.12229394912719727,0.30117785930633545
1.589999965,0.0013,-0.0043,0.6971,-0.6872,1.2117,-1.2175,0.907,-0.5943,-0.0099,-0.0099,0.2973,-0.114,0.0031,0.0031,-2.5416,1.7761,-1.4818012714385986,1.3080925941467285,0.2278609275817871,0.13796430826187134,-2.9822771549224854,2.3510570526123047,0.24981005489826202,-0.04702774062752724,-0.02018153853714466,0.14458362758159637,-0.003903638571500778,-0.04910079762339592,-0.0008329221745952964,-0.9987935423851013,0.0,0.0,0.0,0.5199999809265137,0.0013000000035390258,-0.00430000014603138,-0.2784999907016754,0.28839999437332153,-0.8827000260353088,0.8769000172615051,-0.00989999994635582,-0.00989999994635582,0.2973000109195709,-0.11400000005960464,0.003100000089034438,0.003100000089034438,-2.541599988937378,1.7761000394821167,-0.9976325035095215,0.8684354424476624,-0.409904420375824,0.6564404368400574,-3.722933053970337,3.3205761909484863,0.3043505549430847,0.2469138503074646
1.599999965,0.0013,-0.0043,0.7001,-0.6884,1.2119,-1.2177,0.8824,-0.5771,-0.0117,-0.0116,0.2628,-0.0976,0.0047,0.0045,-2.4334,1.731,-1.4654741287231445,1.3026505708694458,0.2662530243396759,0.15606968104839325,-3.0419130325317383,2.3456976413726807,0.2882195711135864,-0.0641673356294632,-0.021504739299416542,0.15227995812892914,0.004130402579903603,-0.04910079762339592,-0.0008329221745952964,-0.9987935423851013,0.0,0.0,0.0,0.5199999809265137,0.0013000000035390258,-0.00430000014603138,-0.27549999952316284,0.287200003862381,-0.8824999928474426,0.8766999840736389,-0.011699999682605267,-0.011599999852478504,0.262800008058548,-0.09759999811649323,0.004699999932199717,0.0044999998062849045,-2.4333999156951904,1.7309999465942383,-0.9859275221824646,0.862801730632782,-0.38527271151542664,0.6611762046813965,-3.75337815284729,3.321377992630005,0.49092021584510803,0.16710904240608215
1.609999964,0.0013,-0.0043,0.7026,-0.6895,1.2121,-1.218,0.8591,-0.5603,-0.0124,-0.012,0.2281,-0.0879,0.0057,0.0023,-2.2999,1.6759,-1.447584629058838,1.2934322357177734,0.31307896971702576,0.1826971024274826,-3.108043909072876,2.3422489166259766,0.32723772525787354,-0.08281970024108887,-0.01934634894132614,0.154486745595932,0.013727559708058834,-0.04632813110947609,-0.0006515354034490883,-0.9989259243011475,0.0,0.0,0.0,0.5199999809265137,0.0013000000035390258,-0.00430000014603138,-0.27300000190734863,0.28610000014305115,-0.8823000192642212,0.8763999938964844,-0.012400000356137753,-0.012000000104308128,0.2281000018119812,-0.08789999783039093,0.00570000009611249,0.002300000051036477,-2.2999000549316406,1.6758999824523926,-0.9751627445220947,0.8590604066848755,-0.35597798228263855,0.6719397902488708,-3.792628765106201,3.3174984455108643,0.6661983132362366,0.08953066915273666
1.619999964,0.0013,-0.0043,0.7049,-0.6905,1.2124,-1.2183,0.8372,-0.5442,-0.0082,-0.0077,0.2041,-0.0777,0.0111,-0.0018,-2.1482,1.6008,-1.4345557689666748,1.280084252357483,0.33360329270362854,0.19638243317604065,-3.1448018550872803,2.344637632369995,0.3647344708442688,-0.09659101814031601,-0.014712424017488956,0.15047025680541992,0.008690869435667992,-0.04413009062409401,-0.0004947667475789785,-0.9990255832672119,0.0,0.0,0.0,0.5199999809265137,0.0013000000035390258,-0.00430000014603138,-0.27070000767707825,0.2851000130176544,-0.8820000290870667,0.8761000037193298,-0.008200000040233135,-0.007699999958276749,0.20409999787807465,-0.07769999653100967,0.011099999770522118,-0.0017999999690800905,-2.148200035095215,1.6008000373840332,-0.9632830619812012,0.8528881669044495,-0.3220740258693695,0.6881380677223206,-3.836249351501465,3.314452648162842,0.8489709496498108,0.003901200369000435
1.629999964,0.0014,-0.0042,0.7069,-0.6914,1.2125,-1.2186,0.817,-0.5291,-0.0054,-0.0051,0.1881,-0.063,0.0127,-0.0033,-1.9854,1.5031,-1.4314334392547607,1.2649080753326416,0.306697815656662,0.1807551085948944,-3.1292226314544678,2.359692335128784,0.3920665681362152,-0.10239003598690033,-0.012431285344064236,0.14065848290920258,-0.013255015946924686,-0.04413009062409401,-0.0004947667475789785,-0.9990255832672119,0.0,0.0,0.0,0.5199999809265137,0.00139999995008111,-0.00419999985024333,-0.2687000036239624,0.2842000126838684,-0.8819000124931335,0.8758000135421753,-0.005400000140070915,-0.005100000184029341,0.18809999525547028,-0.06300000101327896,0.01269999984651804,-0.0032999999821186066,-1.9853999614715576,1.503100037574768,-0.9543172121047974,0.8442761301994324,-0.3053911328315735,0.6959416270256042,-3.8597946166992188,3.315171718597412,1.0292978286743164,-0.06620406359434128
1.639999964,0.0014,-0.0042,0.7087,-0.6923,1.2127,-1.2189,0.7985,-0.5149,-0.0058,-0.0053,0.154,-0.0618,0.0101,-0.0023,-1.7932,1.4099,-1.4193812608718872,1.2647589445114136,0.3193999230861664,0.1956224888563156,-3.1693713665008545,2.3729939460754395,0.4063422679901123,-0.11702020466327667,-0.009876669384539127,0.12742233276367188,0.0009003614541143179,-0.0420568622648716,-0.000417240837123245,-0.9991150498390198,0.0,0.0,0.0,0.5199999809265137,0.00139999995008111,-0.00419999985024333,-0.2669000029563904,0.2833000123500824,-0.8816999793052673,0.8755000233650208,-0.005799999926239252,-0.0052999998442828655,0.15399999916553497,-0.061799999326467514,0.010099999606609344,-0.002300000051036477,-1.7932000160217285,1.4098999500274658,-0.9518489837646484,0.8345320224761963,-0.3203947842121124,0.6847034096717834,-3.8491017818450928,3.3245081901550293,1.1711863279342651,-0.10894013941287994
1.6499999630000002,0.0014,-0.0042,0.7101,-0.6931,1.2128,-1.2192,0.7822,-0.5017,-0.0049,-0.0041,0.1103,-0.0608,0.009,-0.0028,-1.5753,1.3132,-1.418110728263855,1.265526533126831,0.35806259512901306,0.2374342978000641,-3.2303402423858643,2.3765084743499756,0.4122745096683502,-0.1265897899866104,-0.005563645623624325,0.11556993424892426,0.021583108231425285,-0.0420568622648716,-0.000417240837123245,-0.9991150498390198,0.0,0.0,0.0,0.5199999809265137,0.00139999995008111,-0.00419999985024333,-0.265500009059906,0.2824999988079071,-0.881600022315979,0.8751999735832214,-0.004900000058114529,-0.004100000020116568,0.11029999703168869,-0.06080000102519989,0.008999999612569809,-0.00279999990016222,-1.5752999782562256,1.3131999969482422,-0.9438408017158508,0.834419310092926,-0.31060004234313965,0.6928949952125549,-3.875640869140625,3.3328425884246826,1.2667291164398193,-0.1861008107662201
1.6599999630000002,0.0015,-0.0041,0.7111,-0.6938,1.213,-1.2196,0.7681,-0.4896,-0.0038,-0.003,0.0709,-0.045,0.0077,-0.0022,-1.349,1.1988,-1.4216996431350708,1.2588036060333252,0.3672681748867035,0.25671079754829407,-3.247653007507324,2.3812997341156006,0.4206683337688446,-0.13007144629955292,-0.0030134026892483234,0.10613077133893967,0.017142899334430695,-0.03972339630126953,-0.00038095854688435793,-0.9992107152938843,0.0,0.0,0.0,0.5199999809265137,0.001500000013038516,-0.004100000020116568,-0.2644999921321869,0.2818000018596649,-0.8813999891281128,0.8748000264167786,-0.003800000064074993,-0.003000000026077032,0.07090000063180923,-0.04500000178813934,0.007699999958276749,-0.002199999988079071,-1.3489999771118164,1.198799967765808,-0.9429338574409485,0.8350110054016113,-0.2849382758140564,0.7192361950874329,-3.9161601066589355,3.33455228805542,1.3340380191802979,-0.2437191605567932
1.6699999630000002,0.0015,-0.004,0.7117,-0.6943,1.2131,-1.2199,0.7563,-0.4788,-0.0057,-0.0058,0.0398,-0.0176,0.0065,-0.0016,-1.1275,1.0608,-1.4234683513641357,1.2529772520065308,0.32801833748817444,0.23330233991146088,-3.211395263671875,2.3969030380249023,0.4267443120479584,-0.13127164542675018,-0.004331305157393217,0.09738140553236008,-0.007208100985735655,-0.03824811056256294,-0.0004345673369243741,-0.999268114566803,0.0,0.0,0.0,0.5199999809265137,0.001500000013038516,-0.004000000189989805,-0.2639000117778778,0.28130000829696655,-0.8812999725341797,0.8744999766349792,-0.00570000009611249,-0.005799999926239252,0.039799999445676804,-0.01759999990463257,0.006500000134110451,-0.0015999999595806003,-1.127500057220459,1.0607999563217163,-0.9450531005859375,0.8308024406433105,-0.2794278860092163,0.7317405343055725,-3.9273886680603027,3.336986541748047,1.412873387336731,-0.2805257737636566
1.6799999630000002,0.0016,-0.004,0.7119,-0.6945,1.2131,-1.2201,0.7467,-0.4693,-0.0036,-0.0035,-0.0036,0.0003,0.0059,-0.0004,-0.9009,0.929,-1.4274895191192627,1.2558099031448364,0.32050982117652893,0.22724145650863647,-3.210096836090088,2.420259475708008,0.4214467704296112,-0.1395713835954666,-0.0005606284830719233,0.08862263709306717,-0.0012666222173720598,-0.03824811056256294,-0.0004345673369243741,-0.999268114566803,0.0,0.0,0.0,0.5199999809265137,0.0015999999595806003,-0.004000000189989805,-0.263700008392334,0.28110000491142273,-0.8812999725341797,0.8743000030517578,-0.003599999938160181,-0.0035000001080334187,-0.003599999938160181,0.0003000000142492354,0.005900000222027302,-0.00039999998989515007,-0.9009000062942505,0.9290000200271606,-0.9463589191436768,0.8269315361976624,-0.30646777153015137,0.7169615626335144,-3.903096914291382,3.3468286991119385,1.4814772605895996,-0.3129265606403351
1.6899999630000002,0.0016,-0.004,0.7119,-0.6948,1.2132,-1.2204,0.7393,-0.4611,-0.0071,-0.0072,-0.0161,-0.0142,0.0103,0.0048,-0.6849,0.8103,-1.4384253025054932,1.2681310176849365,0.31901198625564575,0.2582314610481262,-3.228027820587158,2.4219815731048584,0.4056278467178345,-0.1420024186372757,-0.0009108897065743804,0.05520482361316681,0.014593936502933502,-0.03697609528899193,-0.0005226127686910331,-0.9993160367012024,0.0,0.0,0.0,0.5199999809265137,0.0015999999595806003,-0.004000000189989805,-0.263700008392334,0.2808000147342682,-0.8812000155448914,0.8740000128746033,-0.0071000000461936,-0.007199999876320362,-0.016100000590085983,-0.0142000000923872,0.010300000198185444,0.004800000227987766,-0.6848999857902527,0.8102999925613403,-0.9486997127532959,0.8289732933044434,-0.3139667809009552,0.7137143015861511,-3.902271270751953,3.362079620361328,1.5056071281433105,-0.37248554825782776
1.6999999620000001,0.0016,-0.004,0.7117,-0.6951,1.2134,-1.2206,0.7341,-0.4541,-0.0072,-0.0077,-0.0321,-0.02,0.0131,0.0047,-0.4666,0.6818,-1.4610891342163086,1.2795487642288208,0.30731001496315,0.2897767722606659,-3.2264952659606934,2.415842056274414,0.382032185792923,-0.1316685527563095,0.0006102417246438563,0.027232343330979347,0.018379369750618935,-0.03697609528899193,-0.0005226127686910331,-0.9993160367012024,0.0,0.0,0.0,0.5199999809265137,0.0015999999595806003,-0.004000000189989805,-0.2639000117778778,0.28049999475479126,-0.8809999823570251,0.8737999796867371,-0.007199999876320362,-0.007699999958276749,-0.032099999487400055,-0.019999999552965164,0.013100000098347664,0.004699999932199717,-0.4666000008583069,0.6818000078201294,-0.9562235474586487,0.8369407057762146,-0.31579867005348206,0.7328076362609863,-3.913731813430786,3.3629744052886963,1.4855313301086426,-0.4059496819972992
1.7099999620000002,0.0016,-0.004,0.7113,-0.6954,1.2135,-1.2208,0.731,-0.4485,-0.0084,-0.0102,-0.0467,-0.0093,0.0126,0.0048,-0.2609,0.5365,-1.48284113407135,1.2897000312805176,0.2618330419063568,0.29070961475372314,-3.1768007278442383,2.4137279987335205,0.35661935806274414,-0.11475136876106262,-0.0003846647450700402,0.00538176903501153,0.0030663947109133005,-0.03610522300004959,-0.0006232867599464953,-0.9993478059768677,0.0,0.0,0.0,0.5199999809265137,0.0015999999595806003,-0.004000000189989805,-0.26429998874664307,0.2802000045776367,-0.8809000253677368,0.8736000061035156,-0.00839999970048666,-0.010200000368058681,-0.04670000076293945,-0.00930000003427267,0.012600000016391277,0.004800000227987766,-0.26089999079704285,0.5364999771118164,-0.9713394045829773,0.8445191383361816,-0.3250666558742523,0.7528511881828308,-3.912123441696167,3.3584747314453125,1.4348087310791016,-0.3903141915798187
1.7199999620000002,0.0016,-0.004,0.7108,-0.6956,1.2136,-1.221,0.7299,-0.4444,-0.0119,-0.0145,-0.0765,0.0109,0.0081,0.0049,-0.0674,0.3914,-1.4981979131698608,1.3040145635604858,0.2247505933046341,0.2822573184967041,-3.129573106765747,2.419728994369507,0.32839569449424744,-0.10287144780158997,-0.0018639598274603486,-0.005703032948076725,-0.002302836626768112,-0.03609371557831764,-0.0007269876077771187,-0.9993482232093811,0.0,0.0,0.0,0.5199999809265137,0.0015999999595806003,-0.004000000189989805,-0.2648000121116638,0.2800000011920929,-0.8808000087738037,0.8733999729156494,-0.011900000274181366,-0.014499999582767487,-0.07649999856948853,0.010900000110268593,0.008100000210106373,0.004900000058114529,-0.0674000009894371,0.391400009393692,-0.985920786857605,0.8511200547218323,-0.35715797543525696,0.7535864114761353,-3.8788270950317383,3.3566720485687256,1.3742973804473877,-0.3517054617404938
1.7299999620000002,0.0015,-0.0041,0.7099,-0.6955,1.2137,-1.2212,0.7304,-0.4416,-0.0197,-0.0217,-0.0996,0.0138,0.0021,0.0059,0.0769,0.2768,-1.5079079866409302,1.3269516229629517,0.22388580441474915,0.30157727003097534,-3.126236915588379,2.415343761444092,0.2987601161003113,-0.09531639516353607,-0.004020368214696646,-0.02010936848819256,0.01425015740096569,-0.03609371557831764,-0.0007269876077771187,-0.9993482232093811,0.0,0.0,0.0,0.5199999809265137,0.001500000013038516,-0.004100000020116568,-0.26570001244544983,0.2800999879837036,-0.8806999921798706,0.873199999332428,-0.019700000062584877,-0.021700000390410423,-0.09960000216960907,0.013799999840557575,0.002099999925121665,0.005900000222027302,0.07689999788999557,0.2768000066280365,-0.9963919520378113,0.8603763580322266,-0.38486626744270325,0.7488982081413269,-3.847442150115967,3.3602793216705322,1.3001028299331665,-0.33320578932762146
1.739999961,0.0015,-0.0041,0.709,-0.6954,1.2138,-1.2214,0.7321,-0.4398,-0.0188,-0.021,-0.1005,0.0162,-0.0005,0.0038,0.2006,0.1693,-1.5292495489120483,1.3362845182418823,0.18559008836746216,0.2997974455356598,-3.069333553314209,2.4170846939086914,0.2713325619697571,-0.07873363792896271,-0.0033883461728692055,-0.038026779890060425,0.0015291654272004962,-0.036345720291137695,-0.0008462098194286227,-0.9993388056755066,0.0,0.0,0.0,0.5199999809265137,0.001500000013038516,-0.004100000020116568,-0.26660001277923584,0.2802000045776367,-0.8805999755859375,0.8730000257492065,-0.018799999728798866,-0.020999999716877937,-0.10050000250339508,0.016200000420212746,-0.0005000000237487257,0.003800000064074993,0.20059999823570251,0.16930000483989716,-1.0035853385925293,0.874987781047821,-0.388782799243927,0.7621715068817139,-3.8454179763793945,3.357022523880005,1.2104204893112183,-0.32590559124946594
1.749999961,0.0015,-0.004,0.708,-0.6953,1.2139,-1.2216,0.735,-0.439,-0.0093,-0.0109,-0.1055,0.0169,-0.0037,0.0041,0.308,0.0767,-1.5483843088150024,1.3475054502487183,0.1545199453830719,0.29901590943336487,-3.0152833461761475,2.4261391162872314,0.24163825809955597,-0.06505947560071945,0.0023848360870033503,-0.05282198265194893,-0.0005511919734999537,-0.036345720291137695,-0.0008462098194286227,-0.9993388056755066,0.0,0.0,0.0,0.5199999809265137,0.001500000013038516,-0.004000000189989805,-0.26759999990463257,0.28029999136924744,-0.8805000185966492,0.8727999925613403,-0.00930000003427267,-0.010900000110268593,-0.1054999977350235,0.016899999231100082,-0.003700000001117587,0.004100000020116568,0.30799999833106995,0.07670000195503235,-1.017753005027771,0.8812563419342041,-0.4161732792854309,0.7613449692726135,-3.8074557781219482,3.3576431274414062,1.1254502534866333,-0.28107455372810364
1.7599999610000001,0.0016,-0.004,0.7069,-0.6952,1.214,-1.2217,0.7388,-0.439,-0.0072,-0.0087,-0.1187,0.0153,0.0005,0.0105,0.4045,0.0172,-1.5627132654190063,1.367740511894226,0.1642463207244873,0.324735552072525,-3.010114908218384,2.4193742275238037,0.20972777903079987,-0.05608176440000534,0.0019677833188325167,-0.06111893057823181,0.018347376957535744,-0.03714004158973694,-0.0010585298296064138,-0.9993094205856323,0.0,0.0,0.0,0.5199999809265137,0.0015999999595806003,-0.004000000189989805,-0.2687000036239624,0.28040000796318054,-0.8804000020027161,0.8726999759674072,-0.007199999876320362,-0.008700000122189522,-0.11869999766349792,0.015300000086426735,0.0005000000237487257,0.010499999858438969,0.40450000762939453,0.01720000058412552,-1.0298762321472168,0.8896102905273438,-0.43922004103660583,0.7610706090927124,-3.771435499191284,3.3632993698120117,1.0281530618667603,-0.24489790201187134
1.7699999610000001,0.0017,-0.0039,0.7057,-0.695,1.2141,-1.2218,0.7436,-0.4394,-0.0039,-0.0052,-0.1335,0.0263,0.005,0.0151,0.4828,-0.0215,-1.580051302909851,1.3769662380218506,0.16921989619731903,0.3352995812892914,-2.9863617420196533,2.410930633544922,0.18568862974643707,-0.04622248560190201,0.0009592135320417583,-0.05763518065214157,0.01878879778087139,-0.03801491856575012,-0.0012573521817103028,-0.9992762804031372,0.0,0.0,0.0,0.5199999809265137,0.0017000000225380063,-0.0038999998942017555,-0.26989999413490295,0.28060001134872437,-0.880299985408783,0.8726000189781189,-0.0038999998942017555,-0.005200000014156103,-0.13349999487400055,0.02630000002682209,0.004999999888241291,0.01510000042617321,0.4828000068664551,-0.0215000007301569,-1.0390888452529907,0.9032469987869263,-0.4358157813549042,0.7783103585243225,-3.767509937286377,3.359016180038452,0.9198111295700073,-0.22088706493377686
1.7799999610000001,0.0018,-0.0038,0.7043,-0.6946,1.2143,-1.2218,0.7489,-0.4401,-0.0023,-0.003,-0.1444,0.0549,0.0077,0.0196,0.5343,-0.0674,-1.5889781713485718,1.3787862062454224,0.14183570444583893,0.30206143856048584,-2.921989917755127,2.4138855934143066,0.17322756350040436,-0.04151846840977669,-0.002204901073127985,-0.045725204050540924,-0.002162627875804901,-0.03801491856575012,-0.0012573521817103028,-0.9992762804031372,0.0,0.0,0.0,0.5199999809265137,0.0017999999690800905,-0.003800000064074993,-0.27129998803138733,0.2809999883174896,-0.8801000118255615,0.8726000189781189,-0.002300000051036477,-0.003000000026077032,-0.1444000005722046,0.05490000173449516,0.007699999958276749,0.019600000232458115,0.5343000292778015,-0.0674000009894371,-1.0502275228500366,0.9098308086395264,-0.4358867406845093,0.7864863872528076,-3.7511744499206543,3.3534936904907227,0.8393145203590393,-0.18918994069099426
1.78999996,0.0019,-0.0037,0.7029,-0.694,1.2145,-1.2218,0.7545,-0.4413,-0.0026,-0.0031,-0.1599,0.0774,0.0096,0.0227,0.565,-0.1038,-1.5905789136886597,1.3828556537628174,0.1295521855354309,0.2677021324634552,-2.8826448917388916,2.4285590648651123,0.16411031782627106,-0.048481784760951996,-0.0043652961030602455,-0.031939804553985596,-0.005650064442306757,-0.038802869617938995,-0.0013786116614937782,-0.999245822429657,0.0,0.0,0.0,0.5199999809265137,0.0019000000320374966,-0.003700000001117587,-0.2727000117301941,0.2815999984741211,-0.8798999786376953,0.8726000189781189,-0.0026000000070780516,-0.003100000089034438,-0.1598999947309494,0.07739999890327454,0.009600000455975533,0.022700000554323196,0.5649999976158142,-0.10379999876022339,-1.0558720827102661,0.9113908410072327,-0.45766952633857727,0.7670342922210693,-3.7076799869537354,3.3557636737823486,0.7997702360153198,-0.17955386638641357
1.79999996,0.002,-0.0036,0.7012,-0.6932,1.2147,-1.2218,0.7604,-0.4427,-0.0029,-0.0033,-0.1815,0.0863,0.0107,0.023,0.5886,-0.1243,-1.5909992456436157,1.3885389566421509,0.16193734109401703,0.2639203667640686,-2.9015398025512695,2.4421589374542236,0.15815062820911407,-0.06443517655134201,-0.00378161808475852,-0.019396379590034485,0.013090782798826694,-0.038802869617938995,-0.0013786116614937782,-0.999245822429657,0.0,0.0,0.0,0.5199999809265137,0.0020000000949949026,-0.003599999938160181,-0.274399995803833,0.2824000120162964,-0.8797000050544739,0.8726000189781189,-0.002899999963119626,-0.0032999999821186066,-0.18150000274181366,0.08630000054836273,0.010700000450015068,0.023000000044703484,0.5885999798774719,-0.12430000305175781,-1.056759238243103,0.9142971038818359,-0.4696918725967407,0.7468280792236328,-3.6809232234954834,3.365752696990967,0.7694412469863892,-0.21468713879585266
1.80999996,0.002,-0.0036,0.6994,-0.6924,1.215,-1.2218,0.7665,-0.4443,-0.0034,-0.0037,-0.1931,0.0921,0.0102,0.0215,0.6063,-0.1449,-1.5966821908950806,1.3931437730789185,0.19263699650764465,0.2660762667655945,-2.9222309589385986,2.4437365531921387,0.15675854682922363,-0.0759740024805069,-0.0031592566519975662,-0.011568213813006878,0.02096354030072689,-0.039394207298755646,-0.0014418662758544087,-0.9992225766181946,0.0,0.0,0.0,0.5199999809265137,0.0020000000949949026,-0.003599999938160181,-0.27619999647140503,0.2831999957561493,-0.8794000148773193,0.8726000189781189,-0.0034000000450760126,-0.003700000001117587,-0.1931000053882599,0.09210000187158585,0.010200000368058681,0.0215000007301569,0.6062999963760376,-0.14489999413490295,-1.0568594932556152,0.9182726144790649,-0.45294177532196045,0.7465002536773682,-3.6930465698242188,3.3748393058776855,0.7503225207328796,-0.2826007008552551
1.81999996,0.0021,-0.0035,0.6976,-0.6915,1.2152,-1.2218,0.7727,-0.4461,-0.0049,-0.0055,-0.1835,0.098,0.0083,0.0192,0.6121,-0.1822,-1.6095020771026611,1.3899587392807007,0.17985229194164276,0.24322357773780823,-2.8938963413238525,2.447336196899414,0.15849101543426514,-0.07932285219430923,-0.00452010054141283,-0.012599660083651543,0.005024118348956108,-0.039581041783094406,-0.0014601540751755238,-0.9992152452468872,0.0,0.0,0.0,0.5199999809265137,0.002099999925121665,-0.0035000001080334187,-0.27799999713897705,0.2840999960899353,-0.8791999816894531,0.8726000189781189,-0.004900000058114529,-0.005499999970197678,-0.1835000067949295,0.09799999743700027,0.008299999870359898,0.019200000911951065,0.6121000051498413,-0.18219999969005585,-1.0606814622879028,0.9213158488273621,-0.4368486702442169,0.7499241828918457,-3.7062740325927734,3.375791072845459,0.7482941746711731,-0.3328759968280792
1.829999959,0.0021,-0.0035,0.696,-0.6906,1.2154,-1.2219,0.7789,-0.4485,-0.0068,-0.008,-0.1647,0.093,0.0066,0.016,0.6126,-0.2279,-1.6177822351455688,1.3944075107574463,0.1536882072687149,0.21889366209506989,-2.8627092838287354,2.452789545059204,0.1546352654695511,-0.08043680340051651,-0.005638411734253168,-0.022921880707144737,-0.004047660622745752,-0.039581041783094406,-0.0014601540751755238,-0.9992152452468872,0.0,0.0,0.0,0.5199999809265137,0.002099999925121665,-0.0035000001080334187,-0.27959999442100525,0.2849999964237213,-0.8790000081062317,0.8725000023841858,-0.006800000090152025,-0.00800000037997961,-0.1647000014781952,0.09300000220537186,0.006599999964237213,0.01600000075995922,0.6126000285148621,-0.22789999842643738,-1.0691280364990234,0.9192724823951721,-0.4483318030834198,0.7368823885917664,-3.6871109008789062,3.378037452697754,0.7563840746879578,-0.3537314236164093
1.839999959,0.0021,-0.0035,0.6946,-0.6899,1.2157,-1.2219,0.7852,-0.4513,-0.0086,-0.011,-0.1507,0.0739,0.0068,0.0116,0.6209,-0.2676,-1.6274800300598145,1.4046441316604614,0.1591068059206009,0.23102125525474548,-2.8762354850769043,2.450688600540161,0.14174872636795044,-0.07960984110832214,-0.0051593901589512825,-0.038007769733667374,0.011022341437637806,-0.03984861820936203,-0.001471086055971682,-0.9992046356201172,0.0,0.0,0.0,0.5199999809265137,0.002099999925121665,-0.0035000001080334187,-0.2809999883174896,0.2856999933719635,-0.8787000179290771,0.8725000023841858,-0.00860000029206276,-0.010999999940395355,-0.15070000290870667,0.0738999992609024,0.006800000090152025,0.011599999852478504,0.6208999752998352,-0.26759999990463257,-1.0747748613357544,0.922071635723114,-0.46772119402885437,0.7221291065216064,-3.6660327911376953,3.3812596797943115,0.7410610914230347,-0.3673272132873535
1.849999959,0.0021,-0.0035,0.6934,-0.6893,1.2159,-1.222,0.7916,-0.4544,-0.009,-0.0121,-0.1363,0.0584,0.0058,0.0078,0.6343,-0.3109,-1.642127513885498,1.4118757247924805,0.1655139923095703,0.253279447555542,-2.8869411945343018,2.4399328231811523,0.12764547765254974,-0.07000145316123962,-0.004050858784466982,-0.05281902477145195,0.018360121175646782,-0.03984861820936203,-0.001471086055971682,-0.9992046356201172,0.0,0.0,0.0,0.5199999809265137,0.002099999925121665,-0.0035000001080334187,-0.28220000863075256,0.28630000352859497,-0.8784999847412109,0.8723999857902527,-0.008999999612569809,-0.01209999993443489,-0.1362999975681305,0.058400001376867294,0.005799999926239252,0.007799999788403511,0.6342999935150146,-0.3109000027179718,-1.0813599824905396,0.9286960959434509,-0.46597546339035034,0.730340838432312,-3.6744370460510254,3.379565715789795,0.6911749243736267,-0.3719593584537506
1.859999959,0.0021,-0.0035,0.6923,-0.6888,1.2161,-1.2221,0.7981,-0.458,-0.0095,-0.0127,-0.115,0.056,0.0043,0.0059,0.6417,-0.366,-1.6571217775344849,1.4143589735031128,0.13567465543746948,0.24972125887870789,-2.8501713275909424,2.4293737411499023,0.11394698917865753,-0.051268432289361954,-0.004977432545274496,-0.06513408571481705,0.0028467492666095495,-0.04070110246539116,-0.001458425773307681,-0.9991702437400818,0.0,0.0,0.0,0.5199999809265137,0.002099999925121665,-0.0035000001080334187,-0.2833000123500824,0.28679999709129333,-0.8783000111579895,0.8723000288009644,-0.009499999694526196,-0.01269999984651804,-0.11500000208616257,0.0560000017285347,0.00430000014603138,0.005900000222027302,0.641700029373169,-0.3659999966621399,-1.0911517143249512,0.9334437847137451,-0.4631440043449402,0.7453463077545166,-3.6812407970428467,3.3719418048858643,0.6374419331550598,-0.3421858251094818
1.8699999580000002,0.0021,-0.0035,0.6914,-0.6884,1.2163,-1.2222,0.8046,-0.4622,-0.0154,-0.0187,-0.0989,0.0572,0.0055,0.0076,0.6429,-0.4165,-1.6624342203140259,1.4211004972457886,0.10626968741416931,0.24184280633926392,-2.8179421424865723,2.420226573944092,0.09739234298467636,-0.03444387763738632,-0.010111533105373383,-0.07347091287374496,-0.003876892849802971,-0.041692230850458145,-0.001454731565900147,-0.9991293549537659,0.0,0.0,0.0,0.5199999809265137,0.002099999925121665,-0.0035000001080334187,-0.2842000126838684,0.287200003862381,-0.8780999779701233,0.8722000122070312,-0.015399999916553497,-0.018699999898672104,-0.09889999777078629,0.05719999969005585,0.005499999970197678,0.007600000128149986,0.6428999900817871,-0.4165000021457672,-1.101181149482727,0.9350593090057373,-0.48381689190864563,0.7438141703605652,-3.6564276218414307,3.3645758628845215,0.5841279625892639,-0.27827373147010803
1.8799999580000002,0.002,-0.0036,0.6905,-0.6878,1.2166,-1.2223,0.8111,-0.4668,-0.0164,-0.0194,-0.0977,0.057,0.0059,0.0088,0.6423,-0.4504,-1.660178303718567,1.429980754852295,0.11344288289546967,0.2536194920539856,-2.828155994415283,2.414386510848999,0.08213057368993759,-0.02421656809747219,-0.010321318171918392,-0.07526303082704544,0.008186259306967258,-0.041692230850458145,-0.001454731565900147,-0.9991293549537659,0.0,0.0,0.0,0.5199999809265137,0.0020000000949949026,-0.003599999938160181,-0.2851000130176544,0.28780001401901245,-0.8777999877929688,0.8720999956130981,-0.01640000008046627,-0.01940000057220459,-0.09769999980926514,0.05700000002980232,0.005900000222027302,0.008799999952316284,0.642300009727478,-0.4503999948501587,-1.1051161289215088,0.9391536712646484,-0.5041468739509583,0.7394418716430664,-3.6344614028930664,3.358391046524048,0.5181493759155273,-0.22107550501823425
1.8899999580000002,0.0019,-0.0037,0.6897,-0.6873,1.2168,-1.2224,0.8176,-0.4716,-0.0151,-0.0179,-0.1014,0.0638,0.0055,0.0083,0.6367,-0.4753,-1.6597940921783447,1.433837652206421,0.127764493227005,0.2658180892467499,-2.839027166366577,2.4082767963409424,0.07266786694526672,-0.013683585450053215,-0.00933830812573433,-0.0699433907866478,0.013051634654402733,-0.04283207282423973,-0.001385440700687468,-0.9990813732147217,0.0,0.0,0.0,0.5199999809265137,0.0019000000320374966,-0.003700000001117587,-0.2858999967575073,0.2883000075817108,-0.8776000142097473,0.871999979019165,-0.01510000042617321,-0.017899999395012856,-0.10140000283718109,0.06379999965429306,0.005499999970197678,0.008299999870359898,0.6366999745368958,-0.47530001401901245,-1.1038788557052612,0.944827139377594,-0.5010847449302673,0.7484796643257141,-3.640644073486328,3.3543777465820312,0.456982284784317,-0.18694627285003662
1.8999999580000002,0.0018,-0.0038,0.6888,-0.6866,1.217,-1.2225,0.8239,-0.4766,-0.0135,-0.0162,-0.1004,0.0785,0.0049,0.0074,0.6195,-0.4988,-1.6541590690612793,1.4329006671905518,0.12315881997346878,0.2536558210849762,-2.824124574661255,2.4094109535217285,0.07261699438095093,-0.005510796792805195,-0.00967295654118061,-0.061232056468725204,0.002163141965866089,-0.04283207282423973,-0.001385440700687468,-0.9990813732147217,0.0,0.0,0.0,0.5199999809265137,0.0017999999690800905,-0.003800000064074993,-0.28679999709129333,0.289000004529953,-0.8773999810218811,0.8719000220298767,-0.013500000350177288,-0.016200000420212746,-0.10040000081062317,0.07850000262260437,0.004900000058114529,0.007400000002235174,0.6194999814033508,-0.49880000948905945,-1.1037360429763794,0.9472984671592712,-0.4933836758136749,0.758065402507782,-3.6475181579589844,3.3500711917877197,0.41801145672798157,-0.149794340133667
1.9099999580000002,0.0018,-0.0038,0.6879,-0.6858,1.2172,-1.2226,0.83,-0.4818,-0.0093,-0.0119,-0.0996,0.0894,0.0041,0.0072,0.5936,-0.5136,-1.6498076915740967,1.429731845855713,0.12097735702991486,0.23871296644210815,-2.811704158782959,2.4203009605407715,0.07370428740978241,-0.0011489223688840866,-0.007877121679484844,-0.052832622081041336,-0.0021435683593153954,-0.044207848608493805,-0.0012786873849108815,-0.9990214109420776,0.0,0.0,0.0,0.5199999809265137,0.0017999999690800905,-0.003800000064074993,-0.28769999742507935,0.2897999882698059,-0.8772000074386597,0.8718000054359436,-0.00930000003427267,-0.011900000274181366,-0.09960000216960907,0.08940000087022781,0.004100000020116568,0.007199999876320362,0.5935999751091003,-0.5135999917984009,-1.1000727415084839,0.9465871453285217,-0.49818745255470276,0.7523372173309326,-3.6372230052948,3.35056734085083,0.4143679738044739,-0.12180318683385849
1.9199999570000001,0.0018,-0.0038,0.687,-0.685,1.2174,-1.2227,0.8358,-0.4871,-0.0089,-0.0114,-0.1016,0.0915,0.005,0.0083,0.5687,-0.5139,-1.6433956623077393,1.4321911334991455,0.14247892796993256,0.24301332235336304,-2.832679510116577,2.4250869750976562,0.07414332777261734,-0.001173287513665855,-0.007882178761065006,-0.04639788344502449,0.008329832926392555,-0.04501724615693092,-0.0012239980278536677,-0.9989854693412781,0.0,0.0,0.0,0.5199999809265137,0.0017999999690800905,-0.003800000064074993,-0.28859999775886536,0.2906000018119812,-0.8769999742507935,0.8716999888420105,-0.008899999782443047,-0.01140000019222498,-0.10159999877214432,0.09149999916553497,0.004999999888241291,0.008299999870359898,0.5687000155448914,-0.5138999819755554,-1.0968917608261108,0.9447612166404724,-0.501388430595398,0.7447019815444946,-3.628596067428589,3.357614040374756,0.4135371446609497,-0.10731568932533264
1.9299999570000002,0.0018,-0.0038,0.6861,-0.6842,1.2177,-1.2228,0.8414,-0.4923,-0.009,-0.0115,-0.0982,0.091,0.0055,0.0086,0.5453,-0.5115,-1.6402627229690552,1.4316297769546509,0.16292384266853333,0.25019052624702454,-2.8526906967163086,2.4242868423461914,0.07763082534074783,0.00022628079750575125,-0.008165545761585236,-0.042997702956199646,0.011989246122539043,-0.04501724615693092,-0.0012239980278536677,-0.9989854693412781,0.0,0.0,0.0,0.5199999809265137,0.0017999999690800905,-0.003800000064074993,-0.28949999809265137,0.2913999855518341,-0.8766999840736389,0.8715999722480774,-0.008999999612569809,-0.011500000022351742,-0.0982000008225441,0.09099999815225601,0.005499999970197678,0.00860000029206276,0.5453000068664551,-0.5115000009536743,-1.0925904512405396,0.9464340806007385,-0.48898738622665405,0.7493088841438293,-3.6421196460723877,3.36067795753479,0.41031330823898315,-0.10747314989566803
1.9399999570000002,0.0018,-0.0038,0.6853,-0.6833,1.2179,-1.2229,0.8468,-0.4976,-0.0096,-0.0121,-0.0846,0.0903,0.0052,0.0087,0.5192,-0.5142,-1.6407204866409302,1.4287984371185303,0.1583206206560135,0.24244913458824158,-2.8440182209014893,2.4217488765716553,0.08147121965885162,0.0066192601807415485,-0.00928167998790741,-0.04397006705403328,0.002447656588628888,-0.04569995403289795,-0.0011629605432972312,-0.9989546537399292,0.0,0.0,0.0,0.5199999809265137,0.0017999999690800905,-0.003800000064074993,-0.29030001163482666,0.2922999858856201,-0.8765000104904175,0.8715000152587891,-0.009600000455975533,-0.01209999993443489,-0.08460000157356262,0.09030000120401382,0.005200000014156103,0.008700000122189522,0.5192000269889832,-0.51419997215271,-1.0905084609985352,0.946053147315979,-0.47693076729774475,0.755660355091095,-3.654827117919922,3.359964609146118,0.4195832908153534,-0.10139487683773041
1.9499999570000002,0.0017,-0.0039,0.6848,-0.6825,1.2181,-1.223,0.8518,-0.5029,-0.0106,-0.013,-0.0631,0.0876,0.0049,0.0082,0.4907,-0.5224,-1.6361502408981323,1.42854905128479,0.12720349431037903,0.2172994315624237,-2.8107750415802,2.425048589706421,0.08367019891738892,0.013730758801102638,-0.010803129523992538,-0.04923674836754799,-0.013823041692376137,-0.04569995403289795,-0.0011629605432972312,-0.9989546537399292,0.0,0.0,0.0,0.5199999809265137,0.0017000000225380063,-0.0038999998942017555,-0.290800005197525,0.2930999994277954,-0.8762999773025513,0.871399998664856,-0.010599999688565731,-0.013000000268220901,-0.06310000270605087,0.08760000020265579,0.004900000058114529,0.008200000040233135,0.49070000648498535,-0.5224000215530396,-1.0908536911010742,0.9441256523132324,-0.48069292306900024,0.7522527575492859,-3.648665428161621,3.358079195022583,0.42972487211227417,-0.0763629600405693
1.959999956,0.0017,-0.0039,0.6843,-0.6818,1.2183,-1.2231,0.8567,-0.5081,-0.0173,-0.0201,-0.0566,0.0689,0.0072,0.011,0.4753,-0.5083,-1.6318743228912354,1.4368952512741089,0.15009596943855286,0.23988957703113556,-2.8476297855377197,2.417384147644043,0.07522347569465637,0.01707088015973568,-0.014014722779393196,-0.05637837573885918,0.009611488319933414,-0.04662911221385002,-0.0010638852836564183,-0.9989116191864014,0.0,0.0,0.0,0.5199999809265137,0.0017000000225380063,-0.0038999998942017555,-0.2912999987602234,0.2937999963760376,-0.8761000037193298,0.8712999820709229,-0.01730000041425228,-0.020099999383091927,-0.05660000070929527,0.06889999657869339,0.007199999876320362,0.010999999940395355,0.47530001401901245,-0.5083000063896179,-1.088073492050171,0.9436993598937988,-0.5010043382644653,0.7369062900543213,-3.6261234283447266,3.3600456714630127,0.43282079696655273,-0.04955696314573288
1.969999956,0.0015,-0.004,0.6839,-0.6813,1.2186,-1.2231,0.8614,-0.5132,-0.0188,-0.0217,-0.0503,0.0531,0.0068,0.01,0.4652,-0.495,-1.6336312294006348,1.443111538887024,0.17711853981018066,0.2742186188697815,-2.883598804473877,2.3932383060455322,0.0668250098824501,0.028190404176712036,-0.013278761878609657,-0.06215326488018036,0.021446354687213898,-0.04748975858092308,-0.0009289326262660325,-0.9988713264465332,0.0,0.0,0.0,0.5199999809265137,0.001500000013038516,-0.004000000189989805,-0.29170000553131104,0.29429998993873596,-0.8758000135421753,0.8712999820709229,-0.018799999728798866,-0.021700000390410423,-0.0502999983727932,0.05310000106692314,0.006800000090152025,0.009999999776482582,0.4652000069618225,-0.4950000047683716,-1.0856695175170898,0.9487901329994202,-0.48630934953689575,0.7521197199821472,-3.650139808654785,3.3549227714538574,0.395953893661499,-0.033376481384038925
1.9799999560000001,0.0014,-0.0042,0.6837,-0.6809,1.2188,-1.2232,0.8661,-0.5183,-0.0186,-0.0212,-0.0351,0.0485,0.0053,0.0093,0.4496,-0.4914,-1.6344584226608276,1.4420726299285889,0.16683553159236908,0.27942955493927,-2.8675568103790283,2.3719382286071777,0.06373225152492523,0.045424625277519226,-0.013361542485654354,-0.06658966094255447,0.007816987112164497,-0.04748975858092308,-0.0009289326262660325,-0.9988713264465332,0.0,0.0,0.0,0.5199999809265137,0.00139999995008111,-0.00419999985024333,-0.29190000891685486,0.2946999967098236,-0.8755999803543091,0.8712000250816345,-0.01860000006854534,-0.021199999377131462,-0.035100001841783524,0.048500001430511475,0.0052999998442828655,0.00930000003427267,0.4496000111103058,-0.49140000343322754,-1.0873408317565918,0.9526277184486389,-0.46867430210113525,0.7749524116516113,-3.6735458374023438,3.338758945465088,0.36034002900123596,0.013761618174612522
1.9899999560000001,0.0013,-0.0043,0.6835,-0.6806,1.219,-1.2233,0.8705,-0.5233,-0.0185,-0.0213,-0.0188,0.045,0.0048,0.0085,0.4244,-0.4894,-1.63005793094635,1.4403985738754272,0.142695352435112,0.27068987488746643,-2.8349969387054443,2.3613147735595703,0.05895376205444336,0.061162225902080536,-0.014027849771082401,-0.069950170814991,-0.004692764021456242,-0.048471301794052124,-0.0007874221191741526,-0.9988243579864502,0.0,0.0,0.0,0.5199999809265137,0.0013000000035390258,-0.00430000014603138,-0.2921000123023987,0.29499998688697815,-0.8754000067710876,0.8711000084877014,-0.01850000023841858,-0.021299999207258224,-0.018799999728798866,0.04500000178813934,0.004800000227987766,0.008500000461935997,0.4244000017642975,-0.4893999993801117,-1.0880789756774902,0.9515684247016907,-0.4749163091182709,0.7789196968078613,-3.662551164627075,3.324312210083008,0.34484902024269104,0.08341849595308304
1.9999999560000001,0.0013,-0.0043,0.6835,-0.6803,1.2192,-1.2234,0.8746,-0.5281,-0.0184,-0.0213,-0.0106,0.0342,0.0054,0.0086,0.3978,-0.4702,-1.6228277683258057,1.4402272701263428,0.1443530023097992,0.27948200702667236,-2.8354618549346924,2.357421636581421,0.05253360792994499,0.0696101263165474,-0.013842505402863026,-0.07208680361509323,0.0024204684887081385,-0.048471301794052124,-0.0007874221191741526,-0.9988243579864502,0.0,0.0,0.0,0.5199999809265137,0.0013000000035390258,-0.00430000014603138,-0.2921000123023987,0.2953000068664551,-0.8751999735832214,0.8709999918937683,-0.018400000408291817,-0.021299999207258224,-0.010599999688565731,0.03420000150799751,0.005400000140070915,0.00860000029206276,0.3977999985218048,-0.4702000021934509,-1.0853385925292969,0.95024573802948,-0.49032309651374817,0.7734599113464355,-3.6404778957366943,3.316976547241211,0.32069504261016846,0.14676889777183533
2.009999955,0.0012,-0.0044,0.6835,-0.6801,1.2194,-1.2235,0.8784,-0.5327,-0.0167,-0.0197,-0.0094,0.0229,0.0053,0.008,0.3736,-0.437,-1.6178245544433594,1.4434932470321655,0.16452570259571075,0.30266717076301575,-2.856372594833374,2.345646858215332,0.045055508613586426,0.0780089721083641,-0.01209243293851614,-0.07044818997383118,0.013641956262290478,-0.04990912973880768,-0.000641418038867414,-0.9987536668777466,0.0,0.0,0.0,0.5199999809265137,0.0012000000569969416,-0.004399999976158142,-0.2921000123023987,0.2955000102519989,-0.875,0.8708999752998352,-0.016699999570846558,-0.019700000062584877,-0.009399999864399433,0.02290000021457672,0.0052999998442828655,0.00800000037997961,0.3736000061035156,-0.43700000643730164,-1.0805118083953857,0.9501315355300903,-0.48867133259773254,0.779201328754425,-3.640347957611084,3.31418776512146,0.2896944284439087,0.1844004988670349
2.0199999550000003,0.0011,-0.0045,0.6836,-0.6799,1.2196,-1.2236,0.8821,-0.537,-0.0148,-0.018,-0.0073,0.0193,0.0049,0.007,0.3501,-0.3994,-1.6142748594284058,1.4422202110290527,0.17064209282398224,0.3107231557369232,-2.854651689529419,2.3327839374542236,0.04195059463381767,0.08798439800739288,-0.011334141716361046,-0.06478885561227798,0.009822724387049675,-0.050949662923812866,-0.0005479173851199448,-0.9987010955810547,0.0,0.0,0.0,0.5199999809265137,0.0010999999940395355,-0.0044999998062849045,-0.2919999957084656,0.2957000136375427,-0.8748000264167786,0.8708000183105469,-0.014800000004470348,-0.017999999225139618,-0.007300000172108412,0.019300000742077827,0.004900000058114529,0.007000000216066837,0.35010001063346863,-0.399399995803833,-1.0772629976272583,0.9522154927253723,-0.47514286637306213,0.7943047881126404,-3.653895139694214,3.306097984313965,0.25494202971458435,0.22463589906692505
2.029999955,0.0011,-0.0045,0.6836,-0.6798,1.2198,-1.2237,0.8854,-0.5408,-0.0104,-0.0136,-0.0084,0.0252,0.0038,0.0062,0.3209,-0.3643,-1.6076267957687378,1.4339216947555542,0.16456620395183563,0.2977868318557739,-2.832505702972412,2.335613489151001,0.04524562880396843,0.09190008044242859,-0.009255084209144115,-0.05328509956598282,-0.0011880144011229277,-0.050949662923812866,-0.0005479173851199448,-0.9987010955810547,0.0,0.0,0.0,0.5199999809265137,0.0010999999940395355,-0.0044999998062849045,-0.2919999957084656,0.29580000042915344,-0.8745999932289124,0.8707000017166138,-0.010400000028312206,-0.01360000018030405,-0.00839999970048666,0.025200000032782555,0.003800000064074993,0.006200000178068876,0.32089999318122864,-0.364300012588501,-1.0749698877334595,0.9512801766395569,-0.47072526812553406,0.7998354434967041,-3.652374505996704,3.2972559928894043,0.23782238364219666,0.27205759286880493
2.0399999550000003,0.0011,-0.0045,0.6836,-0.6796,1.22,-1.2239,0.8884,-0.5443,-0.0105,-0.0136,-0.0093,0.0234,0.0039,0.0066,0.2838,-0.3206,-1.5978856086730957,1.4319690465927124,0.17093373835086823,0.2922695577144623,-2.8326780796051025,2.340130090713501,0.04774383828043938,0.08975467085838318,-0.009403832256793976,-0.04421410337090492,0.001397790270857513,-0.05183519423007965,-0.0004932954907417297,-0.9986555576324463,0.0,0.0,0.0,0.5199999809265137,0.0010999999940395355,-0.0044999998062849045,-0.2919999957084656,0.29600000381469727,-0.8744000196456909,0.8705000281333923,-0.010499999858438969,-0.01360000018030405,-0.00930000003427267,0.023399999365210533,0.0038999998942017555,0.006599999964237213,0.28380000591278076,-0.3206000030040741,-1.070244550704956,0.9460411667823792,-0.4748491942882538,0.7918045520782471,-3.6372838020324707,3.298888921737671,0.24516251683235168,0.29474031925201416
2.049999954,0.0011,-0.0045,0.6836,-0.6794,1.2202,-1.224,0.8911,-0.5473,-0.0109,-0.0138,-0.0087,0.0121,0.0037,0.0061,0.2462,-0.2674,-1.5910778045654297,1.4314340353012085,0.19394847750663757,0.30327314138412476,-2.855081081390381,2.3396854400634766,0.05065855383872986,0.08520035445690155,-0.008599704131484032,-0.03913406655192375,0.011708943173289299,-0.05183519423007965,-0.0004932954907417297,-0.9986555576324463,0.0,0.0,0.0,0.5199999809265137,0.0010999999940395355,-0.0044999998062849045,-0.2919999957084656,0.2962000072002411,-0.8741999864578247,0.8704000115394592,-0.010900000110268593,-0.013799999840557575,-0.008700000122189522,0.01209999993443489,0.003700000001117587,0.006099999882280827,0.24619999527931213,-0.26739999651908875,-1.063757061958313,0.9447394013404846,-0.4706641733646393,0.7884063720703125,-3.6369919776916504,3.3015267848968506,0.24773535132408142,0.2948986887931824
2.0599999540000002,0.0011,-0.0045,0.6836,-0.6794,1.2204,-1.2241,0.8934,-0.5499,-0.0149,-0.0176,-0.0079,0.013,0.004,0.0069,0.2098,-0.2252,-1.5872535705566406,1.4286342859268188,0.20509213209152222,0.30315953493118286,-2.863429546356201,2.3344473838806152,0.05638880282640457,0.08314213156700134,-0.011291575618088245,-0.029710382223129272,0.008773548528552055,-0.0526847168803215,-0.00045112980296835303,-0.9986111521720886,0.0,0.0,0.0,0.5199999809265137,0.0010999999940395355,-0.0044999998062849045,-0.2919999957084656,0.2962000072002411,-0.8740000128746033,0.8702999949455261,-0.01489999983459711,-0.01759999990463257,-0.007899999618530273,0.013000000268220901,0.004000000189989805,0.006899999920278788,0.20980000495910645,-0.22519999742507935,-1.059245228767395,0.944369375705719,-0.45528101921081543,0.7953887581825256,-3.651540756225586,3.300997018814087,0.2518742084503174,0.28732141852378845
2.069999954,0.0011,-0.0045,0.6836,-0.6793,1.2206,-1.2243,0.8954,-0.552,-0.0176,-0.0199,-0.007,0.0139,0.0037,0.0076,0.1779,-0.185,-1.583195686340332,1.424479603767395,0.20840518176555634,0.2944571077823639,-2.8630242347717285,2.332735538482666,0.0630488321185112,0.07995176315307617,-0.012965303845703602,-0.02121082693338394,0.004119104705750942,-0.05312535911798477,-0.00040269820601679385,-0.9985877871513367,0.0,0.0,0.0,0.5199999809265137,0.0010999999940395355,-0.0044999998062849045,-0.2919999957084656,0.2962999939918518,-0.8737999796867371,0.8701000213623047,-0.01759999990463257,-0.019899999722838402,-0.007000000216066837,0.013899999670684338,0.003700000001117587,0.007600000128149986,0.17790000140666962,-0.1850000023841858,-1.0569623708724976,0.9422495365142822,-0.44779857993125916,0.7953730225563049,-3.656686305999756,3.297358274459839,0.2675152122974396,0.28752851486206055
2.0799999540000003,0.001,-0.0046,0.6837,-0.6792,1.2208,-1.2244,0.8971,-0.5538,-0.0195,-0.0212,-0.0069,0.0116,0.0043,0.0083,0.1492,-0.1464,-1.5752102136611938,1.4248981475830078,0.21587689220905304,0.2890796363353729,-2.8724396228790283,2.3304545879364014,0.06954548507928848,0.07383555173873901,-0.013746014796197414,-0.014423536136746407,0.005367395002394915,-0.05312535911798477,-0.00040269820601679385,-0.9985877871513367,0.0,0.0,0.0,0.5199999809265137,0.0010000000474974513,-0.004600000102072954,-0.29190000891685486,0.2964000105857849,-0.8736000061035156,0.8700000047683716,-0.019500000402331352,-0.021199999377131462,-0.006899999920278788,0.011599999852478504,0.00430000014603138,0.008299999870359898,0.14920000731945038,-0.14640000462532043,-1.0544371604919434,0.9393264055252075,-0.44552987813949585,0.7898313999176025,-3.656036138534546,3.295863628387451,0.28777533769607544,0.28280705213546753
2.089999954,0.0009,-0.0047,0.6837,-0.6792,1.221,-1.2245,0.8985,-0.5553,-0.0205,-0.0215,-0.0071,0.009,0.0046,0.0084,0.1225,-0.1144,-1.5692156553268433,1.4249154329299927,0.2279319167137146,0.28870582580566406,-2.887291431427002,2.3288941383361816,0.0758577287197113,0.0677252933382988,-0.013793950900435448,-0.008496135473251343,0.008051242679357529,-0.05338534340262413,-0.00033855746733024716,-0.998573899269104,0.0,0.0,0.0,0.5199999809265137,0.0008999999845400453,-0.004699999932199717,-0.29190000891685486,0.2964000105857849,-0.8733999729156494,0.8698999881744385,-0.020500000566244125,-0.0215000007301569,-0.0071000000461936,0.008999999612569809,0.004600000102072954,0.00839999970048666,0.12250000238418579,-0.1143999993801117,-1.0494401454925537,0.9393187761306763,-0.4403420686721802,0.786293089389801,-3.6618731021881104,3.294189691543579,0.3080219328403473,0.2660622000694275
2.099999953,0.0009,-0.0047,0.6837,-0.6792,1.2212,-1.2247,0.8996,-0.5564,-0.0181,-0.0185,-0.0072,0.0068,0.0038,0.0077,0.099,-0.0894,-1.5679349899291992,1.420846939086914,0.23929066956043243,0.2891400456428528,-2.8980557918548584,2.33217453956604,0.0830812007188797,0.06273209303617477,-0.011608142405748367,-0.0035022145602852106,0.00890861265361309,-0.05338534340262413,-0.00033855746733024716,-0.998573899269104,0.0,0.0,0.0,0.5199999809265137,0.0008999999845400453,-0.004699999932199717,-0.29190000891685486,0.2964000105857849,-0.873199999332428,0.869700014591217,-0.01810000091791153,-0.01850000023841858,-0.007199999876320362,0.006800000090152025,0.003800000064074993,0.007699999958276749,0.0989999994635582,-0.08940000087022781,-1.0457104444503784,0.939110279083252,-0.43231871724128723,0.7858705520629883,-3.671354293823242,3.2929561138153076,0.32793092727661133,0.2480211853981018
2.109999953,0.0009,-0.0047,0.6838,-0.6792,1.2214,-1.2249,0.9006,-0.5574,-0.0152,-0.0153,-0.007,0.0073,0.0031,0.0073,0.0791,-0.0724,-1.5668444633483887,1.418061375617981,0.24503053724765778,0.2859811782836914,-2.9037201404571533,2.336186647415161,0.09061511605978012,0.058760061860084534,-0.009617321193218231,0.0011672023683786392,0.007327159866690636,-0.05353640392422676,-0.0002475465298630297,-0.9985658526420593,0.0,0.0,0.0,0.5199999809265137,0.0008999999845400453,-0.004699999932199717,-0.29179999232292175,0.2964000105857849,-0.8730000257492065,0.8694999814033508,-0.015200000256299973,-0.015300000086426735,-0.007000000216066837,0.007300000172108412,0.003100000089034438,0.007300000172108412,0.07909999787807465,-0.07240000367164612,-1.0446966886520386,0.9365979433059692,-0.4247528910636902,0.7860133647918701,-3.6781837940216064,3.29469633102417,0.35212481021881104,0.23304837942123413
2.119999953,0.0008,-0.0048,0.6838,-0.6793,1.2216,-1.2251,0.9014,-0.5582,-0.0128,-0.0128,-0.007,0.0075,0.0029,0.0073,0.0646,-0.0595,-1.5619596242904663,1.41948664188385,0.2505451440811157,0.28348851203918457,-2.911543607711792,2.3394687175750732,0.09717225283384323,0.054351914674043655,-0.008283842355012894,0.004704039543867111,0.0072174156084656715,-0.053537916392087936,-0.00022451554832514375,-0.9985659122467041,0.0,0.0,0.0,0.5199999809265137,0.0007999999797903001,-0.004800000227987766,-0.29179999232292175,0.2962999939918518,-0.8727999925613403,0.8693000078201294,-0.012799999676644802,-0.012799999676644802,-0.007000000216066837,0.007499999832361937,0.002899999963119626,0.007300000172108412,0.06459999829530716,-0.05950000137090683,-1.043776273727417,0.9349542260169983,-0.42071297764778137,0.7839407920837402,-3.6816067695617676,3.2969443798065186,0.3782804608345032,0.2205602526664734
2.129999953,0.0009,-0.0047,0.6839,-0.6793,1.2217,-1.2253,0.9021,-0.5589,-0.0086,-0.0084,-0.0073,0.0051,0.0023,0.0068,0.0562,-0.0486,-1.564257025718689,1.4144395589828491,0.2589091360569,0.28530216217041016,-2.917992353439331,2.348529815673828,0.10288961231708527,0.05103045701980591,-0.005443418398499489,0.006303681526333094,0.00915254931896925,-0.053537916392087936,-0.00022451554832514375,-0.9985659122467041,0.0,0.0,0.0,0.5199999809265137,0.0008999999845400453,-0.004699999932199717,-0.29170000553131104,0.2962999939918518,-0.8726999759674072,0.8690999746322632,-0.00860000029206276,-0.00839999970048666,-0.007300000172108412,0.005100000184029341,0.002300000051036477,0.006800000090152025,0.05620000138878822,-0.04859999939799309,-1.0405597686767578,0.9358711242675781,-0.4170365631580353,0.7820923328399658,-3.6864356994628906,3.2987325191497803,0.40160900354385376,0.20550766587257385
2.139999952,0.0009,-0.0047,0.6839,-0.6794,1.2219,-1.2255,0.9028,-0.5595,-0.0084,-0.0082,-0.0075,0.0043,0.0029,0.0075,0.0538,-0.0409,-1.5622906684875488,1.4155197143554688,0.2653639316558838,0.2876195013523102,-2.9273416996002197,2.3502440452575684,0.10723507404327393,0.04816124960780144,-0.005716916639357805,0.007386322598904371,0.010013718158006668,-0.053477492183446884,-0.0002321125939488411,-0.9985690116882324,0.0,0.0,0.0,0.5199999809265137,0.0008999999845400453,-0.004699999932199717,-0.29170000553131104,0.2962000072002411,-0.8725000023841858,0.8689000010490417,-0.00839999970048666,-0.008200000040233135,-0.007499999832361937,0.00430000014603138,0.002899999963119626,0.007499999832361937,0.05380000174045563,-0.04089999943971634,-1.0416113138198853,0.9329997301101685,-0.4112805724143982,0.7831414341926575,-3.690574884414673,3.30433988571167,0.4227984547615051,0.1944018304347992
2.149999952,0.0009,-0.0047,0.684,-0.6795,1.2221,-1.2256,0.9034,-0.5601,-0.0086,-0.0085,-0.0073,0.0048,0.0029,0.008,0.0552,-0.038,-1.5615055561065674,1.414611577987671,0.26584118604660034,0.2863399386405945,-2.929971933364868,2.3519484996795654,0.11096975207328796,0.04661004617810249,-0.0060961125418543816,0.007986621931195259,0.007945086807012558,-0.053477492183446884,-0.0002321125939488411,-0.9985690116882324,0.0,0.0,0.0,0.5199999809265137,0.0008999999845400453,-0.004699999932199717,-0.29159998893737793,0.296099990606308,-0.8723000288009644,0.8687999844551086,-0.00860000029206276,-0.008500000461935997,-0.007300000172108412,0.004800000227987766,0.002899999963119626,0.00800000037997961,0.0551999993622303,-0.03799999877810478,-1.0402871370315552,0.9337331652641296,-0.4069907069206238,0.7844330072402954,-3.6963677406311035,3.305129289627075,0.43970030546188354,0.18446499109268188
2.159999952,0.0009,-0.0047,0.684,-0.6795,1.2223,-1.2258,0.9041,-0.5607,-0.0121,-0.0121,-0.0076,0.007,0.0036,0.0052,0.0576,-0.0446,-1.5585999488830566,1.4143141508102417,0.2623193860054016,0.27987512946128845,-2.930860996246338,2.3551197052001953,0.11456169188022614,0.0450335331261158,-0.008950240910053253,0.009463208727538586,0.004593567457050085,-0.05337276682257652,-0.00025390982045792043,-0.9985744953155518,0.0,0.0,0.0,0.5199999809265137,0.0008999999845400453,-0.004699999932199717,-0.29159998893737793,0.296099990606308,-0.8720999956130981,0.8686000108718872,-0.01209999993443489,-0.01209999993443489,-0.007600000128149986,0.007000000216066837,0.003599999938160181,0.005200000014156103,0.0575999990105629,-0.044599998742341995,-1.0397770404815674,0.9331077337265015,-0.4064592123031616,0.783413290977478,-3.697721242904663,3.3060989379882812,0.4549190104007721,0.17884019017219543
2.169999952,0.0009,-0.0047,0.6841,-0.6796,1.2225,-1.226,0.9048,-0.5614,-0.0094,-0.0093,-0.0074,0.0042,0.0024,0.0074,0.064,-0.0435,-1.5590002536773682,1.41256582736969,0.26302847266197205,0.2813389301300049,-2.93540620803833,2.361295461654663,0.1154656708240509,0.043281231075525284,-0.00610433891415596,0.0069502717815339565,0.006768597289919853,-0.0532727874815464,-0.0002507739991415292,-0.9985799789428711,0.0,0.0,0.0,0.5199999809265137,0.0008999999845400453,-0.004699999932199717,-0.2915000021457672,0.29600000381469727,-0.8719000220298767,0.868399977684021,-0.009399999864399433,-0.00930000003427267,-0.007400000002235174,0.00419999985024333,0.002400000113993883,0.007400000002235174,0.06400000303983688,-0.04349999874830246,-1.0380733013153076,0.932669460773468,-0.4088270664215088,0.7792500853538513,-3.6978673934936523,3.307626485824585,0.469766765832901,0.17121413350105286
2.179999952,0.0009,-0.0047,0.6841,-0.6796,1.2227,-1.2262,0.9057,-0.562,-0.0093,-0.0091,-0.005,0.0107,0.0019,0.0067,0.0762,-0.0502,-1.5592104196548462,1.4087961912155151,0.23483248054981232,0.2560592591762543,-2.906296491622925,2.374457836151123,0.11675635725259781,0.04301087185740471,-0.006713443901389837,0.00761662470176816,-0.009745958261191845,-0.0532727874815464,-0.0002507739991415292,-0.9985799789428711,0.0,0.0,0.0,0.5199999809265137,0.0008999999845400453,-0.004699999932199717,-0.2915000021457672,0.29600000381469727,-0.8716999888420105,0.8682000041007996,-0.00930000003427267,-0.009100000374019146,-0.004999999888241291,0.010700000450015068,0.0019000000320374966,0.0066999997943639755,0.07620000094175339,-0.050200000405311584,-1.0381602048873901,0.9316905736923218,-0.40814101696014404,0.779839277267456,-3.7005774974823,3.311490297317505,0.4746626913547516,0.16442492604255676
2.1899999510000003,0.0009,-0.0047,0.6842,-0.6796,1.2229,-1.2264,0.9067,-0.5627,-0.0138,-0.0137,-0.0077,0.0039,0.0027,0.0047,0.0914,-0.0505,-1.5554124116897583,1.4134432077407837,0.23161955177783966,0.25231048464775085,-2.915501117706299,2.3836419582366943,0.11248373985290527,0.03780275583267212,-0.009428261779248714,0.004944656044244766,-0.0015714881010353565,-0.05319716036319733,-0.00026327904197387397,-0.9985840916633606,0.0,0.0,0.0,0.5199999809265137,0.0008999999845400453,-0.004699999932199717,-0.2913999855518341,0.29600000381469727,-0.8715000152587891,0.8679999709129333,-0.013799999840557575,-0.013700000010430813,-0.007699999958276749,0.0038999998942017555,0.0027000000700354576,0.004699999932199717,0.09139999747276306,-0.05050000175833702,-1.0382936000823975,0.9291908144950867,-0.4267783463001251,0.763419508934021,-3.6808042526245117,3.3198184967041016,0.482265442609787,0.16200348734855652
2.199999951,0.0009,-0.0047,0.6842,-0.6797,1.2231,-1.2266,0.9078,-0.5634,-0.0174,-0.0174,-0.0216,0.0045,0.004,0.0059,0.1096,-0.0525,-1.5545762777328491,1.4172528982162476,0.25960102677345276,0.27062714099884033,-2.9581902027130127,2.3846189975738525,0.10902883112430573,0.03205564618110657,-0.010873455554246902,0.00848248042166233,0.015530746430158615,-0.05319716036319733,-0.00026327904197387397,-0.9985840916633606,0.0,0.0,0.0,0.5199999809265137,0.0008999999845400453,-0.004699999932199717,-0.2913999855518341,0.29589998722076416,-0.8712999820709229,0.8677999973297119,-0.017400000244379044,-0.017400000244379044,-0.02160000056028366,0.0044999998062849045,0.004000000189989805,0.005900000222027302,0.1096000000834465,-0.05249999836087227,-1.0360616445541382,0.9319821000099182,-0.4289003014564514,0.760466992855072,-3.6864874362945557,3.3254079818725586,0.4682149589061737,0.14111101627349854
2.2099999510000004,0.0009,-0.0047,0.6841,-0.6799,1.2233,-1.2267,0.9091,-0.5641,-0.016,-0.016,-0.0315,0.0084,0.0033,0.0087,0.1276,-0.0555,-1.5590062141418457,1.4157238006591797,0.2833837568759918,0.2892362177371979,-2.987534523010254,2.37776517868042,0.1095934510231018,0.03088589571416378,-0.009054340422153473,0.011179673485457897,0.021302254870533943,-0.05315597355365753,-0.00024223537184298038,-0.998586118221283,0.0,0.0,0.0,0.5199999809265137,0.0008999999845400453,-0.004699999932199717,-0.2915000021457672,0.2957000136375427,-0.8711000084877014,0.8676999807357788,-0.01600000075995922,-0.01600000075995922,-0.03150000050663948,0.00839999970048666,0.0032999999821186066,0.008700000122189522,0.12759999930858612,-0.05550000071525574,-1.0357441902160645,0.9342752695083618,-0.41117265820503235,0.7725180983543396,-3.7144601345062256,3.3257393836975098,0.45803532004356384,0.11772257834672928
2.219999951,0.0008,-0.0048,0.684,-0.6799,1.2235,-1.2269,0.9106,-0.5649,-0.013,-0.0129,-0.0236,0.0106,0.0015,0.0079,0.1326,-0.0714,-1.5621418952941895,1.4140442609786987,0.26793745160102844,0.2828955054283142,-2.9712977409362793,2.3721461296081543,0.11224424093961716,0.03657502308487892,-0.007703286129981279,0.007043300662189722,0.0072149611078202724,-0.053124506026506424,-0.00021101020684000105,-0.9985878467559814,0.0,0.0,0.0,0.5199999809265137,0.0007999999797903001,-0.004800000227987766,-0.29159998893737793,0.2957000136375427,-0.8708999752998352,0.8675000071525574,-0.013000000268220901,-0.012900000438094139,-0.023600000888109207,0.010599999688565731,0.001500000013038516,0.007899999618530273,0.13259999454021454,-0.0714000016450882,-1.0386041402816772,0.9333491921424866,-0.3961775004863739,0.7847841382026672,-3.7336697578430176,3.3211567401885986,0.4638938009738922,0.11244358122348785
2.2299999500000003,0.0009,-0.0047,0.6841,-0.68,1.2236,-1.2271,0.912,-0.566,-0.014,-0.0141,-0.0074,0.006,0.0016,0.0045,0.1293,-0.094,-1.5662128925323486,1.409908652305603,0.23710514605045319,0.2695901691913605,-2.9409451484680176,2.3763041496276855,0.11096253246068954,0.043357279151678085,-0.009926848113536835,-0.0023272403050214052,-0.004153559450060129,-0.053124506026506424,-0.00021101020684000105,-0.9985878467559814,0.0,0.0,0.0,0.5199999809265137,0.0008999999845400453,-0.004699999932199717,-0.2915000021457672,0.2955999970436096,-0.8708000183105469,0.8672999739646912,-0.014000000432133675,-0.014100000262260437,-0.007400000002235174,0.006000000052154064,0.0015999999595806003,0.0044999998062849045,0.12929999828338623,-0.09399999678134918,-1.0406945943832397,0.9322361350059509,-0.40614837408065796,0.7807036638259888,-3.722565174102783,3.316957473754883,0.47549697756767273,0.13202008605003357
2.23999995,0.0009,-0.0047,0.6841,-0.6801,1.2238,-1.2272,0.9134,-0.5672,-0.0137,-0.0139,-0.008,0.0018,0.0024,0.0089,0.1375,-0.1003,-1.5649120807647705,1.4140657186508179,0.24170930683612823,0.2805395722389221,-2.955927610397339,2.377310037612915,0.10355917364358902,0.04460538923740387,-0.009260624647140503,-0.006795481778681278,0.007920864969491959,-0.05315500497817993,-0.00023624571622349322,-0.9985862970352173,0.0,0.0,0.0,0.5199999809265137,0.0008999999845400453,-0.004699999932199717,-0.2915000021457672,0.2955000102519989,-0.8705999851226807,0.8672000169754028,-0.013700000010430813,-0.013899999670684338,-0.00800000037997961,0.0017999999690800905,0.002400000113993883,0.008899999782443047,0.13750000298023224,-0.10029999911785126,-1.043275237083435,0.9295991063117981,-0.4254232347011566,0.7713267803192139,-3.7021234035491943,3.3191027641296387,0.4697101414203644,0.15462911128997803
2.2499999500000003,0.0009,-0.0047,0.6841,-0.6802,1.2239,-1.2274,0.915,-0.5684,-0.0142,-0.0147,-0.0207,0.0061,0.0028,0.0091,0.15,-0.1095,-1.5643726587295532,1.4159560203552246,0.2674805223941803,0.3013697862625122,-2.988731861114502,2.375032901763916,0.09998024255037308,0.0456775426864624,-0.009092094376683235,-0.0022470634430646896,0.020111246034502983,-0.05315500497817993,-0.00023624571622349322,-0.9985862970352173,0.0,0.0,0.0,0.5199999809265137,0.0008999999845400453,-0.004699999932199717,-0.2915000021457672,0.2953999936580658,-0.8705000281333923,0.8669999837875366,-0.0142000000923872,-0.014700000174343586,-0.02070000022649765,0.006099999882280827,0.00279999990016222,0.009100000374019146,0.15000000596046448,-0.10949999839067459,-1.0423880815505981,0.9323837757110596,-0.422393798828125,0.7781463861465454,-3.711658477783203,3.31986665725708,0.44173669815063477,0.158361554145813
2.25999995,0.0009,-0.0047,0.684,-0.6802,1.2241,-1.2275,0.9167,-0.5698,-0.0134,-0.0142,-0.0267,0.0137,0.0019,0.0082,0.1592,-0.119,-1.5653682947158813,1.4128509759902954,0.2755286991596222,0.307224839925766,-2.995511770248413,2.3703067302703857,0.10164223611354828,0.04976634308695793,-0.008813303895294666,0.002009741961956024,0.016089627519249916,-0.05334816500544548,-0.00022433692356571555,-0.9985759854316711,0.0,0.0,0.0,0.5199999809265137,0.0008999999845400453,-0.004699999932199717,-0.29159998893737793,0.2953999936580658,-0.8702999949455261,0.8669000267982483,-0.013399999588727951,-0.0142000000923872,-0.02669999934732914,0.013700000010430813,0.0019000000320374966,0.008200000040233135,0.15919999778270721,-0.11900000274181366,-1.0420618057250977,0.9335907101631165,-0.4060596525669098,0.7921198606491089,-3.7333011627197266,3.3179619312286377,0.4299209713935852,0.1608101725578308
2.2699999500000003,0.0009,-0.0047,0.684,-0.6802,1.2243,-1.2277,0.9183,-0.5712,-0.0128,-0.0136,-0.0164,0.0139,0.0013,0.0085,0.1564,-0.127,-1.565651535987854,1.408939003944397,0.25576645135879517,0.29757893085479736,-2.9732186794281006,2.3693957328796387,0.1030755490064621,0.05598364397883415,-0.009303203783929348,-0.0023696094285696745,0.0036535048857331276,-0.05340530350804329,-0.00022158186766318977,-0.998572826385498,0.0,0.0,0.0,0.5199999809265137,0.0008999999845400453,-0.004699999932199717,-0.29159998893737793,0.2953999936580658,-0.8701000213623047,0.8666999936103821,-0.012799999676644802,-0.01360000018030405,-0.01640000008046627,0.013899999670684338,0.0013000000035390258,0.008500000461935997,0.15639999508857727,-0.12700000405311584,-1.0426721572875977,0.9315539598464966,-0.40129420161247253,0.7965298891067505,-3.737481117248535,3.3145511150360107,0.4384089410305023,0.175265371799469
2.279999949,0.0009,-0.0047,0.684,-0.6802,1.2244,-1.2278,0.9199,-0.5727,-0.0141,-0.0151,-0.0056,0.0134,0.0016,0.009,0.1515,-0.134,-1.5628215074539185,1.4069066047668457,0.22678688168525696,0.27926918864250183,-2.944607973098755,2.376382350921631,0.10121815651655197,0.05977483093738556,-0.011050974950194359,-0.006810144521296024,-0.006955301854759455,-0.05340530350804329,-0.00022158186766318977,-0.998572826385498,0.0,0.0,0.0,0.5199999809265137,0.0008999999845400453,-0.004699999932199717,-0.29159998893737793,0.2953999936580658,-0.8700000047683716,0.866599977016449,-0.014100000262260437,-0.01510000042617321,-0.00559999980032444,0.013399999588727951,0.0015999999595806003,0.008999999612569809,0.15150000154972076,-0.1340000033378601,-1.0428210496902466,0.9289860129356384,-0.41378235816955566,0.7901126146316528,-3.722259044647217,3.313563823699951,0.4435822069644928,0.19853457808494568
2.2899999490000003,0.0009,-0.0047,0.6841,-0.6801,1.2246,-1.2279,0.9216,-0.5742,-0.0173,-0.0183,-0.0078,0.0077,0.003,0.0096,0.1579,-0.1265,-1.5584112405776978,1.4100139141082764,0.22697420418262482,0.2804907560348511,-2.9551243782043457,2.382427453994751,0.09471841156482697,0.058163829147815704,-0.012612292543053627,-0.008218471892178059,0.0022633911576122046,-0.05352403223514557,-0.0002235404826933518,-0.9985664486885071,0.0,0.0,0.0,0.5199999809265137,0.0008999999845400453,-0.004699999932199717,-0.2915000021457672,0.2955000102519989,-0.8697999715805054,0.8665000200271606,-0.01730000041425228,-0.018300000578165054,-0.007799999788403511,0.007699999958276749,0.003000000026077032,0.009600000455975533,0.15790000557899475,-0.1264999955892563,-1.0410209894180298,0.9275310635566711,-0.43238207697868347,0.7778728008270264,-3.702965259552002,3.3180549144744873,0.4351726174354553,0.21229931712150574
2.299999949,0.0008,-0.0048,0.684,-0.6802,1.2248,-1.2281,0.9233,-0.5756,-0.0188,-0.0196,-0.0259,0.0104,0.0035,0.0095,0.1699,-0.1177,-1.5524206161499023,1.414786458015442,0.2595900595188141,0.2998480498790741,-2.9982595443725586,2.382162570953369,0.09115442633628845,0.05362216755747795,-0.01221667230129242,-0.0001269101194338873,0.01891908422112465,-0.05352403223514557,-0.0002235404826933518,-0.9985664486885071,0.0,0.0,0.0,0.5199999809265137,0.0007999999797903001,-0.004800000227987766,-0.29159998893737793,0.2953999936580658,-0.8695999979972839,0.8662999868392944,-0.018799999728798866,-0.019600000232458115,-0.02590000070631504,0.010400000028312206,0.0035000001080334187,0.009499999694526196,0.16990000009536743,-0.1177000030875206,-1.0382941961288452,0.929389238357544,-0.43220385909080505,0.7785071730613708,-3.7094829082489014,3.321924924850464,0.4104536473751068,0.2073553204536438
2.3099999490000003,0.0008,-0.0048,0.6839,-0.6802,1.2249,-1.2282,0.9252,-0.5769,-0.0172,-0.0179,-0.0315,0.0136,0.0024,0.0089,0.1746,-0.1117,-1.5547583103179932,1.4105693101882935,0.27281367778778076,0.3076781928539276,-3.0097849369049072,2.3792550563812256,0.09337369352579117,0.054440952837467194,-0.010776923038065434,0.003974759951233864,0.01699179783463478,-0.05370132997632027,-0.00017742186901159585,-0.9985570907592773,0.0,0.0,0.0,0.5199999809265137,0.0007999999797903001,-0.004800000227987766,-0.29170000553131104,0.2953999936580658,-0.8694999814033508,0.8661999702453613,-0.01720000058412552,-0.017899999395012856,-0.03150000050663948,0.01360000018030405,0.002400000113993883,0.008899999782443047,0.1746000051498413,-0.11169999837875366,-1.0346003770828247,0.9322842955589294,-0.4118666350841522,0.7913920283317566,-3.7378063201904297,3.3213417530059814,0.39859771728515625,0.19094866514205933
2.319999948,0.0008,-0.0048,0.6837,-0.6801,1.2251,-1.2283,0.9269,-0.5782,-0.0147,-0.0153,-0.0205,0.0137,0.001,0.0089,0.1665,-0.1122,-1.5568372011184692,1.4054466485977173,0.2508482038974762,0.2930050492286682,-2.9827444553375244,2.3799662590026855,0.09603288024663925,0.058667030185461044,-0.009962190873920918,0.0006991229020059109,0.001263815094716847,-0.05369662120938301,-0.00014492626360151917,-0.9985573887825012,0.0,0.0,0.0,0.5199999809265137,0.0007999999797903001,-0.004800000227987766,-0.29190000891685486,0.2955000102519989,-0.8693000078201294,0.866100013256073,-0.014700000174343586,-0.015300000086426735,-0.020500000566244125,0.013700000010430813,0.0010000000474974513,0.008899999782443047,0.1665000021457672,-0.11219999939203262,-1.0360522270202637,0.9295862317085266,-0.40362420678138733,0.7968254685401917,-3.745363235473633,3.3191633224487305,0.4084147810935974,0.19542381167411804
2.329999948,0.0008,-0.0048,0.6837,-0.6801,1.2252,-1.2285,0.9286,-0.5796,-0.0154,-0.0161,-0.0169,0.0149,0.0015,0.0097,0.1588,-0.1146,-1.5532424449920654,1.405389428138733,0.2370298057794571,0.28091293573379517,-2.971031665802002,2.3875701427459717,0.0955251008272171,0.05847582593560219,-0.011071711778640747,0.00042692446731962264,-0.0012533594854176044,-0.05369662120938301,-0.00014492626360151917,-0.9985573887825012,0.0,0.0,0.0,0.5199999809265137,0.0007999999797903001,-0.004800000227987766,-0.29190000891685486,0.2955000102519989,-0.8691999912261963,0.8658999800682068,-0.015399999916553497,-0.016100000590085983,-0.016899999231100082,0.01489999983459711,0.001500000013038516,0.009700000286102295,0.15880000591278076,-0.11460000276565552,-1.037271499633789,0.9263444542884827,-0.4179345369338989,0.7872500419616699,-3.72702956199646,3.3194375038146973,0.4174315333366394,0.21222811937332153
2.339999948,0.0008,-0.0048,0.6836,-0.6801,1.2253,-1.2286,0.9303,-0.5809,-0.0171,-0.0177,-0.0249,0.0122,0.0027,0.01,0.1601,-0.1078,-1.5491863489151,1.4087475538253784,0.2582945227622986,0.2940172255039215,-3.0009405612945557,2.390565872192383,0.09283669292926788,0.05418789014220238,-0.011496695689857006,0.0029195609968155622,0.014031956903636456,-0.05375135689973831,-0.00014603395538870245,-0.9985544085502625,0.0,0.0,0.0,0.5199999809265137,0.0007999999797903001,-0.004800000227987766,-0.2919999957084656,0.2955000102519989,-0.8690999746322632,0.8658000230789185,-0.017100000753998756,-0.01769999973475933,-0.024900000542402267,0.012199999764561653,0.0027000000700354576,0.009999999776482582,0.16009999811649323,-0.10779999941587448,-1.034921646118164,0.9262529611587524,-0.4269067943096161,0.7792686223983765,-3.7189877033233643,3.324160099029541,0.41386041045188904,0.2109833061695099
2.3499999480000002,0.0008,-0.0049,0.6835,-0.6801,1.2255,-1.2287,0.932,-0.5821,-0.0157,-0.0161,-0.0321,0.0126,0.0021,0.0097,0.1631,-0.1015,-1.5488437414169312,1.4094570875167847,0.2800522446632385,0.3086978793144226,-3.0266714096069336,2.3870925903320312,0.09372109174728394,0.053023383021354675,-0.00991566851735115,0.0063408371061086655,0.020090188831090927,-0.05375135689973831,-0.00014603395538870245,-0.9985544085502625,0.0,0.0,0.0,0.5199999809265137,0.0007999999797903001,-0.004900000058114529,-0.2921000123023987,0.2955000102519989,-0.8689000010490417,0.8657000064849854,-0.015699999406933784,-0.016100000590085983,-0.032099999487400055,0.012600000016391277,0.002099999925121665,0.009700000286102295,0.163100004196167,-0.1014999970793724,-1.032330870628357,0.9283850193023682,-0.41346365213394165,0.787824809551239,-3.738646984100342,3.325977325439453,0.4033667743206024,0.19519156217575073
2.359999948,0.0008,-0.0049,0.6833,-0.6801,1.2256,-1.2288,0.9337,-0.5833,-0.0133,-0.0137,-0.0244,0.0135,0.001,0.0093,0.1581,-0.1026,-1.5518728494644165,1.4046064615249634,0.2683199644088745,0.3021846413612366,-3.009890079498291,2.386277914047241,0.09668650478124619,0.05709715932607651,-0.009022817015647888,0.004357095342129469,0.007480935659259558,-0.053771011531353,-0.00011512031778693199,-0.9985533356666565,0.0,0.0,0.0,0.5199999809265137,0.0007999999797903001,-0.004900000058114529,-0.2922999858856201,0.2955000102519989,-0.8687999844551086,0.8655999898910522,-0.013299999758601189,-0.013700000010430813,-0.024399999529123306,0.013500000350177288,0.0010000000474974513,0.00930000003427267,0.15809999406337738,-0.10260000079870224,-1.0320091247558594,0.9287647008895874,-0.39963850378990173,0.7976385951042175,-3.7554409503936768,3.323441743850708,0.4075043797492981,0.1917935311794281
2.369999947,0.0008,-0.0048,0.6833,-0.68,1.2258,-1.2289,0.9352,-0.5845,-0.0108,-0.0111,-0.0154,0.0129,-0.0011,0.0101,0.148,-0.107,-1.5529342889785767,1.4005568027496338,0.24595467746257782,0.2876381576061249,-2.985445737838745,2.3935813903808594,0.09695898741483688,0.06021028757095337,-0.007771326694637537,0.0006033990648575127,-0.0016258199466392398,-0.05375254899263382,-0.00011736265878425911,-0.9985542893409729,0.0,0.0,0.0,0.5199999809265137,0.0007999999797903001,-0.004800000227987766,-0.2922999858856201,0.2955999970436096,-0.8686000108718872,0.8654999732971191,-0.01080000028014183,-0.011099999770522118,-0.015399999916553497,0.012900000438094139,-0.0010999999940395355,0.010099999606609344,0.14800000190734863,-0.10700000077486038,-1.0338685512542725,0.9256909489631653,-0.4073466956615448,0.7933564186096191,-3.744126796722412,3.322671890258789,0.418366014957428,0.20786863565444946
2.379999947,0.0008,-0.0048,0.6833,-0.68,1.2259,-1.2291,0.9368,-0.5858,-0.0151,-0.0155,-0.0186,0.0116,0.0014,0.0105,0.1476,-0.1057,-1.5475958585739136,1.4050240516662598,0.2529711425304413,0.291485458612442,-3.001582622528076,2.397564649581909,0.09394270926713943,0.05792813375592232,-0.010500994510948658,0.0017552500357851386,0.008149896748363972,-0.05375254899263382,-0.00011736265878425911,-0.9985542893409729,0.0,0.0,0.0,0.5199999809265137,0.0007999999797903001,-0.004800000227987766,-0.2922999858856201,0.2955999970436096,-0.8684999942779541,0.8652999997138977,-0.01510000042617321,-0.01549999974668026,-0.01860000006854534,0.011599999852478504,0.00139999995008111,0.010499999858438969,0.147599995136261,-0.10570000112056732,-1.034409523010254,0.923364520072937,-0.42165687680244446,0.783818781375885,-3.7275705337524414,3.3273942470550537,0.4174359440803528,0.21944114565849304
2.389999947,0.0008,-0.0048,0.6832,-0.6801,1.226,-1.2292,0.9383,-0.587,-0.0177,-0.0182,-0.028,0.0118,0.0026,0.0105,0.1526,-0.0998,-1.5455514192581177,1.4064953327178955,0.2781933546066284,0.308517187833786,-3.0337367057800293,2.3952836990356445,0.09270606189966202,0.05551156774163246,-0.011575311422348022,0.005769139155745506,0.019588632509112358,-0.05380452051758766,-0.00014298036694526672,-0.998551607131958,0.0,0.0,0.0,0.5199999809265137,0.0007999999797903001,-0.004800000227987766,-0.2924000024795532,0.2955000102519989,-0.868399977684021,0.8651999831199646,-0.01769999973475933,-0.018200000748038292,-0.02800000086426735,0.011800000444054604,0.0026000000070780516,0.010499999858438969,0.1526000052690506,-0.0997999981045723,-1.031137228012085,0.9260493516921997,-0.41719257831573486,0.7862969636917114,-3.737961769104004,3.329676389694214,0.4052908420562744,0.21057254076004028
2.399999947,0.0008,-0.0049,0.683,-0.68,1.2262,-1.2293,0.9399,-0.5881,-0.0165,-0.0169,-0.0262,0.0129,0.0016,0.01,0.1516,-0.098,-1.5467029809951782,1.404283046722412,0.2796407639980316,0.31007081270217896,-3.034864664077759,2.3908629417419434,0.09480622410774231,0.058189839124679565,-0.01077529601752758,0.005949008744210005,0.013356143608689308,-0.05380452051758766,-0.00014298036694526672,-0.998551607131958,0.0,0.0,0.0,0.5199999809265137,0.0007999999797903001,-0.004900000058114529,-0.29260000586509705,0.2955999970436096,-0.8682000041007996,0.8651000261306763,-0.016499999910593033,-0.016899999231100082,-0.026200000196695328,0.012900000438094139,0.0015999999595806003,0.009999999776482582,0.15160000324249268,-0.09799999743700027,-1.0299476385116577,0.9268501996994019,-0.4012044370174408,0.7974647879600525,-3.759117841720581,3.327955722808838,0.4013442397117615,0.20208626985549927
2.409999946,0.0007,-0.0049,0.683,-0.68,1.2263,-1.2294,0.9415,-0.5893,-0.0158,-0.0163,-0.0157,0.0129,0.0011,0.0101,0.1434,-0.1014,-1.5456783771514893,1.4018397331237793,0.2568432688713074,0.2961566746234894,-3.010723829269409,2.3916401863098145,0.09619216620922089,0.06234017014503479,-0.0111149363219738,0.002426029648631811,0.0007933602901175618,-0.05378879979252815,-0.0001017906834022142,-0.9985524415969849,0.0,0.0,0.0,0.5199999809265137,0.000699999975040555,-0.004900000058114529,-0.29260000586509705,0.2955999970436096,-0.8680999875068665,0.8650000095367432,-0.015799999237060547,-0.016300000250339508,-0.015699999406933784,0.012900000438094139,0.0010999999940395355,0.010099999606609344,0.14339999854564667,-0.10140000283718109,-1.0306353569030762,0.9252620339393616,-0.4005194902420044,0.7987738847732544,-3.7595365047454834,3.324775218963623,0.4095448851585388,0.21315935254096985
2.4199999460000003,0.0008,-0.0048,0.683,-0.68,1.2264,-1.2295,0.9429,-0.5905,-0.0117,-0.0119,-0.0183,0.0149,-0.0023,0.0102,0.1362,-0.1051,-1.5463992357254028,1.396623969078064,0.25134798884391785,0.28956106305122375,-3.0033230781555176,2.406036615371704,0.09551641345024109,0.061821453273296356,-0.007569820620119572,0.003826502710580826,0.0019781473092734814,-0.05381369963288307,-9.961028990801424e-05,-0.9985509514808655,0.0,0.0,0.0,0.5199999809265137,0.0007999999797903001,-0.004800000227987766,-0.29260000586509705,0.2955999970436096,-0.8679999709129333,0.8648999929428101,-0.011699999682605267,-0.011900000274181366,-0.018300000578165054,0.01489999983459711,-0.002300000051036477,0.010200000368058681,0.13619999587535858,-0.10509999841451645,-1.0301055908203125,0.923673152923584,-0.4150178134441376,0.7894977927207947,-3.7432758808135986,3.3251001834869385,0.41344866156578064,0.2290806770324707
2.429999946,0.0008,-0.0048,0.6829,-0.68,1.2265,-1.2296,0.9443,-0.5917,-0.016,-0.0162,-0.0234,0.01,0.0012,0.0105,0.1405,-0.0957,-1.541651964187622,1.402693748474121,0.272899329662323,0.3054801821708679,-3.0357179641723633,2.4042813777923584,0.09236595034599304,0.05820751190185547,-0.010199234820902348,0.004610265605151653,0.01672915555536747,-0.05381369963288307,-9.961028990801424e-05,-0.9985509514808655,0.0,0.0,0.0,0.5199999809265137,0.0007999999797903001,-0.004800000227987766,-0.29269999265670776,0.2955999970436096,-0.867900013923645,0.864799976348877,-0.01600000075995922,-0.016200000420212746,-0.023399999365210533,0.009999999776482582,0.0012000000569969416,0.010499999858438969,0.1404999941587448,-0.09570000320672989,-1.030112862586975,0.9206893444061279,-0.418854683637619,0.7852340340614319,-3.7383687496185303,3.3345043659210205,0.4093056619167328,0.2262658178806305
2.4399999460000004,0.0008,-0.0049,0.6828,-0.6801,1.2266,-1.2297,0.9458,-0.5928,-0.0172,-0.0175,-0.0276,0.0122,0.0018,0.0106,0.1433,-0.0908,-1.5412931442260742,1.4028652906417847,0.2867368757724762,0.3153192400932312,-3.0522449016571045,2.398893356323242,0.09324932098388672,0.05853281542658806,-0.011107869446277618,0.007618946488946676,0.017825573682785034,-0.053843703120946884,-0.00012381613487377763,-0.9985492825508118,0.0,0.0,0.0,0.5199999809265137,0.0007999999797903001,-0.004900000058114529,-0.29280000925064087,0.2955000102519989,-0.8677999973297119,0.8647000193595886,-0.01720000058412552,-0.017500000074505806,-0.02759999968111515,0.012199999764561653,0.0017999999690800905,0.010599999688565731,0.14329999685287476,-0.09080000221729279,-1.027234673500061,0.9244491457939148,-0.4050271213054657,0.7955201268196106,-3.7595319747924805,3.3331542015075684,0.3975638151168823,0.21369004249572754
2.449999946,0.0007,-0.0049,0.6827,-0.68,1.2267,-1.2298,0.9473,-0.5939,-0.0157,-0.016,-0.0194,0.0133,0.0009,0.0106,0.1374,-0.0922,-1.5418270826339722,1.399458646774292,0.2701459228992462,0.3046780228614807,-3.032611131668091,2.3976078033447266,0.09555225074291229,0.06274822354316711,-0.010857407003641129,0.005410943180322647,0.004984067287296057,-0.053843703120946884,-0.00012381613487377763,-0.9985492825508118,0.0,0.0,0.0,0.5199999809265137,0.000699999975040555,-0.004900000058114529,-0.2928999960422516,0.2955999970436096,-0.8676999807357788,0.8646000027656555,-0.015699999406933784,-0.01600000075995922,-0.01940000057220459,0.013299999758601189,0.0008999999845400453,0.010599999688565731,0.13740000128746033,-0.09220000356435776,-1.0270754098892212,0.9242768287658691,-0.3962820768356323,0.8020261526107788,-3.7703099250793457,3.329368829727173,0.4016572833061218,0.21597126126289368
2.4599999450000003,0.0008,-0.0049,0.6827,-0.6801,1.2268,-1.2299,0.9487,-0.595,-0.0114,-0.0115,-0.0059,0.0057,-0.0025,0.0107,0.1223,-0.0941,-1.5449228286743164,1.3953112363815308,0.2472124695777893,0.29531192779541016,-3.0069496631622314,2.406198501586914,0.09345652908086777,0.06677089631557465,-0.007709074765443802,-0.002853669924661517,-0.0016059490153566003,-0.0538049042224884,-9.419531852472574e-05,-0.9985514879226685,0.0,0.0,0.0,0.5199999809265137,0.0007999999797903001,-0.004900000058114529,-0.2928999960422516,0.2955000102519989,-0.8676000237464905,0.8644999861717224,-0.01140000019222498,-0.011500000022351742,-0.005900000222027302,0.00570000009611249,-0.0024999999441206455,0.010700000450015068,0.12229999899864197,-0.0940999984741211,-1.027531385421753,0.9221057891845703,-0.4069960415363312,0.7952053546905518,-3.7570807933807373,3.3283119201660156,0.4096890091896057,0.2325528860092163
2.469999945,0.0008,-0.0048,0.6827,-0.6801,1.2269,-1.23,0.9499,-0.5961,-0.0117,-0.0117,-0.0154,0.0092,-0.0027,0.0109,0.1208,-0.0945,-1.5416373014450073,1.396963357925415,0.2571849226951599,0.2992510497570038,-3.021681785583496,2.4153237342834473,0.09012947976589203,0.06446774303913116,-0.007183578796684742,0.002303079469129443,0.008282756432890892,-0.05387081950902939,-0.00011673618428176269,-0.9985479116439819,0.0,0.0,0.0,0.5199999809265137,0.0007999999797903001,-0.004800000227987766,-0.2928999960422516,0.2955000102519989,-0.8675000071525574,0.8644000291824341,-0.011699999682605267,-0.011699999682605267,-0.015399999916553497,0.009200000204145908,-0.0027000000700354576,0.010900000110268593,0.12080000340938568,-0.09449999779462814,-1.0291085243225098,0.919640839099884,-0.4213850200176239,0.7882546186447144,-3.739999771118164,3.333845615386963,0.3982861042022705,0.24826359748840332
2.4799999450000003,0.0008,-0.0048,0.6826,-0.6801,1.227,-1.2301,0.9512,-0.5971,-0.0118,-0.0116,-0.0275,0.0108,-0.0018,0.0099,0.1261,-0.0864,-1.5393240451812744,1.398664116859436,0.2838509976863861,0.3144611716270447,-3.0525519847869873,2.4168498516082764,0.08960895985364914,0.06114105507731438,-0.00640101870521903,0.008345868438482285,0.01961643435060978,-0.05387081950902939,-0.00011673618428176269,-0.9985479116439819,0.0,0.0,0.0,0.5199999809265137,0.0007999999797903001,-0.004800000227987766,-0.2930000126361847,0.2955000102519989,-0.8673999905586243,0.864300012588501,-0.011800000444054604,-0.011599999852478504,-0.027499999850988388,0.01080000028014183,-0.0017999999690800905,0.00989999994635582,0.12610000371932983,-0.08640000224113464,-1.0269381999969482,0.9209288954734802,-0.41537004709243774,0.7911140322685242,-3.7496345043182373,3.339742422103882,0.384677916765213,0.23897096514701843
2.489999945,0.0008,-0.0048,0.6825,-0.6801,1.227,-1.2302,0.9525,-0.5981,-0.0113,-0.0111,-0.0263,0.0123,-0.0024,0.0106,0.1238,-0.0799,-1.5406584739685059,1.3961230516433716,0.28630441427230835,0.3157618045806885,-3.0516068935394287,2.414562463760376,0.0926937609910965,0.06253856420516968,-0.006464848760515451,0.009363661520183086,0.013901449739933014,-0.05388423427939415,-0.00014887335419189185,-0.9985473155975342,0.0,0.0,0.0,0.5199999809265137,0.0007999999797903001,-0.004800000227987766,-0.2930999994277954,0.2955000102519989,-0.8673999905586243,0.8641999959945679,-0.011300000362098217,-0.011099999770522118,-0.02630000002682209,0.012299999594688416,-0.002400000113993883,0.010599999688565731,0.12380000203847885,-0.07989999651908875,-1.0254026651382446,0.9220694303512573,-0.3985993266105652,0.8013607859611511,-3.7699546813964844,3.3404932022094727,0.383655846118927,0.22728422284126282
2.4999999440000003,0.0008,-0.0048,0.6824,-0.6801,1.2271,-1.2303,0.9538,-0.5991,-0.0115,-0.0115,-0.0152,0.0122,-0.0027,0.0115,0.1133,-0.0793,-1.5407403707504272,1.3933345079421997,0.2642330825328827,0.3010904788970947,-3.0261330604553223,2.416271924972534,0.09463664144277573,0.06561732292175293,-0.007667831145226955,0.005971020087599754,0.0010692938230931759,-0.05388423427939415,-0.00014887335419189185,-0.9985473155975342,0.0,0.0,0.0,0.5199999809265137,0.0007999999797903001,-0.004800000227987766,-0.29319998621940613,0.2955000102519989,-0.8672999739646912,0.8640999794006348,-0.011500000022351742,-0.011500000022351742,-0.015200000256299973,0.012199999764561653,-0.0027000000700354576,0.011500000022351742,0.11330000311136246,-0.07930000126361847,-1.026258945465088,0.9204087257385254,-0.39708372950553894,0.8023278713226318,-3.769364595413208,3.3388149738311768,0.39553505182266235,0.23417425155639648
2.509999944,0.0009,-0.0047,0.6824,-0.6801,1.2272,-1.2304,0.9549,-0.6,-0.0119,-0.0119,-0.0137,0.0123,-0.0028,0.0117,0.1054,-0.0792,-1.5403224229812622,1.390315055847168,0.25595077872276306,0.29296883940696716,-3.0186808109283447,2.426478624343872,0.09382357448339462,0.06439334899187088,-0.007885584607720375,0.005991026293486357,0.0013848909875378013,-0.05378362536430359,-0.00018939035362564027,-0.9985525608062744,0.0,0.0,0.0,0.5199999809265137,0.0008999999845400453,-0.004699999932199717,-0.29319998621940613,0.2955000102519989,-0.8672000169754028,0.8640000224113464,-0.011900000274181366,-0.011900000274181366,-0.013700000010430813,0.012299999594688416,-0.00279999990016222,0.011699999682605267,0.10540000349283218,-0.07919999957084656,-1.0263268947601318,0.9185230135917664,-0.41125795245170593,0.7925403118133545,-3.752202033996582,3.3398146629333496,0.4012065529823303,0.24660930037498474
2.5199999440000003,0.0009,-0.0047,0.6824,-0.6801,1.2272,-1.2305,0.956,-0.6009,-0.0153,-0.0152,-0.0203,0.0093,-0.0007,0.0122,0.1074,-0.0703,-1.5366064310073853,1.3948689699172974,0.2752962112426758,0.3052993416786194,-3.0471014976501465,2.4267630577087402,0.09143006801605225,0.06015593931078911,-0.009594462811946869,0.008045115508139133,0.014997153542935848,-0.05377236381173134,-0.00021428547916002572,-0.9985531568527222,0.0,0.0,0.0,0.5199999809265137,0.0008999999845400453,-0.004699999932199717,-0.29319998621940613,0.2955000102519989,-0.8672000169754028,0.8639000058174133,-0.015300000086426735,-0.015200000256299973,-0.0203000009059906,0.00930000003427267,-0.000699999975040555,0.012199999764561653,0.10740000009536743,-0.07029999792575836,-1.0258749723434448,0.9166833758354187,-0.4166794717311859,0.7871325612068176,-3.7470405101776123,3.3464324474334717,0.39637428522109985,0.2417334020137787
2.529999944,0.0008,-0.0048,0.6823,-0.6801,1.2274,-1.2305,0.9571,-0.6017,-0.018,-0.0179,-0.0234,0.0089,0.0021,0.0123,0.1109,-0.062,-1.5341819524765015,1.3983255624771118,0.2917262017726898,0.3170783221721649,-3.0710761547088623,2.416942596435547,0.09172201156616211,0.05918056517839432,-0.011542834341526031,0.010179534554481506,0.01909162662923336,-0.05377236381173134,-0.00021428547916002572,-0.9985531568527222,0.0,0.0,0.0,0.5199999809265137,0.0007999999797903001,-0.004800000227987766,-0.29330000281333923,0.2955000102519989,-0.8669999837875366,0.8639000058174133,-0.017999999225139618,-0.017899999395012856,-0.023399999365210533,0.008899999782443047,0.002099999925121665,0.012299999594688416,0.11089999973773956,-0.06199999898672104,-1.023624300956726,0.9194993376731873,-0.4042225182056427,0.7951529026031494,-3.765847682952881,3.3464553356170654,0.387200266122818,0.22656375169754028
2.5399999440000003,0.0008,-0.0048,0.6823,-0.6801,1.2275,-1.2306,0.9582,-0.6026,-0.011,-0.0111,-0.0028,0.0116,-0.003,0.0103,0.0952,-0.0705,-1.54193115234375,1.3857418298721313,0.236402228474617,0.27963343262672424,-3.0035312175750732,2.428802490234375,0.09522069990634918,0.06677870452404022,-0.008046858943998814,0.0038183743599802256,-0.015099732205271721,-0.05372404307126999,-0.00018471591465640813,-0.9985558390617371,0.0,0.0,0.0,0.5199999809265137,0.0007999999797903001,-0.004800000227987766,-0.29330000281333923,0.2955000102519989,-0.8669000267982483,0.8637999892234802,-0.010999999940395355,-0.011099999770522118,-0.00279999990016222,0.011599999852478504,-0.003000000026077032,0.010300000198185444,0.09520000219345093,-0.07050000131130219,-1.022387981414795,0.9214237332344055,-0.39367586374282837,0.8029788732528687,-3.7812440395355225,3.3399150371551514,0.38906803727149963,0.22432225942611694
2.549999943,0.0009,-0.0048,0.6824,-0.6801,1.2275,-1.2307,0.9592,-0.6034,-0.0118,-0.0115,-0.0039,0.007,-0.0029,0.0137,0.0953,-0.0606,-1.5378766059875488,1.3895639181137085,0.2237013280391693,0.2678590714931488,-2.9968645572662354,2.4432711601257324,0.08893780410289764,0.062296461313962936,-0.008358917199075222,0.002139002550393343,-0.0069682179018855095,-0.05372404307126999,-0.00018471591465640813,-0.9985558390617371,0.0,0.0,0.0,0.5199999809265137,0.0008999999845400453,-0.004800000227987766,-0.29319998621940613,0.2955000102519989,-0.8669000267982483,0.8636999726295471,-0.011800000444054604,-0.011500000022351742,-0.0038999998942017555,0.007000000216066837,-0.002899999963119626,0.013700000010430813,0.09529999643564224,-0.060600001364946365,-1.0270874500274658,0.9134878516197205,-0.4291851818561554,0.7781956195831299,-3.736354112625122,3.3474884033203125,0.39992278814315796,0.25301483273506165
2.5599999430000002,0.0009,-0.0048,0.6824,-0.6802,1.2276,-1.2308,0.9602,-0.6041,-0.0146,-0.0145,-0.0223,0.0055,-0.0005,0.0132,0.1022,-0.0512,-1.5337494611740112,1.3965471982955933,0.2651825547218323,0.29291537404060364,-3.0524182319641113,2.447322368621826,0.08371398597955704,0.053594086319208145,-0.008854336105287075,0.009225410409271717,0.019758662208914757,-0.05368231236934662,-0.00019859999883919954,-0.9985581636428833,0.0,0.0,0.0,0.5199999809265137,0.0008999999845400453,-0.004800000227987766,-0.29319998621940613,0.2953999936580658,-0.8668000102043152,0.8636000156402588,-0.014600000344216824,-0.014499999582767487,-0.022299999371170998,0.005499999970197678,-0.0005000000237487257,0.013199999928474426,0.10220000147819519,-0.05119999870657921,-1.0242377519607544,0.916009247303009,-0.43752577900886536,0.7700393795967102,-3.731903076171875,3.357160806655884,0.37481120228767395,0.237065851688385
2.569999943,0.0008,-0.0048,0.6822,-0.6803,1.2277,-1.2309,0.9614,-0.6047,-0.0162,-0.0161,-0.0364,0.0091,0.0018,0.0125,0.1126,-0.0404,-1.5337353944778442,1.3987895250320435,0.3050273358821869,0.318178653717041,-3.0976638793945312,2.435986042022705,0.08578664064407349,0.05013684928417206,-0.009665695019066334,0.017146244645118713,0.029846755787730217,-0.05367138236761093,-0.00019418208103161305,-0.9985586404800415,0.0,0.0,0.0,0.5199999809265137,0.0007999999797903001,-0.004800000227987766,-0.29339998960494995,0.2953000068664551,-0.8666999936103821,0.8634999990463257,-0.016200000420212746,-0.016100000590085983,-0.036400001496076584,0.009100000374019146,0.0017999999690800905,0.012500000186264515,0.11259999871253967,-0.04039999842643738,-1.0216729640960693,0.920464813709259,-0.41109830141067505,0.7864435911178589,-3.7685787677764893,3.359628200531006,0.35529595613479614,0.20413634181022644
2.5799999430000002,0.0008,-0.0048,0.682,-0.6802,1.2278,-1.2309,0.9626,-0.6053,-0.0106,-0.0105,-0.0243,0.012,-0.0028,0.0116,0.1002,-0.0446,-1.5417217016220093,1.3894507884979248,0.28400567173957825,0.3052726686000824,-3.06527042388916,2.431943655014038,0.0927174836397171,0.05666380003094673,-0.006552685517817736,0.013959266245365143,0.007365633733570576,-0.05367138236761093,-0.00019418208103161305,-0.9985586404800415,0.0,0.0,0.0,0.5199999809265137,0.0007999999797903001,-0.004800000227987766,-0.2935999929904938,0.2953999936580658,-0.866599977016449,0.8634999990463257,-0.010599999688565731,-0.010499999858438969,-0.024299999698996544,0.012000000104308128,-0.00279999990016222,0.011599999852478504,0.10019999742507935,-0.044599998742341995,-1.021970272064209,0.9218530058860779,-0.3858751058578491,0.8033257722854614,-3.798389196395874,3.3518240451812744,0.36566656827926636,0.19246739149093628
2.589999942,0.0009,-0.0048,0.682,-0.6802,1.2278,-1.231,0.9635,-0.6059,-0.0115,-0.0113,-0.0027,0.0095,-0.0034,0.0137,0.0798,-0.053,-1.5429084300994873,1.3862543106079102,0.24028870463371277,0.2783370614051819,-3.0177066326141357,2.4371373653411865,0.0938650444149971,0.06171095371246338,-0.008518572896718979,0.0047985161654651165,-0.010277613997459412,-0.0534767284989357,-0.00017315702280029655,-0.998569130897522,0.0,0.0,0.0,0.5199999809265137,0.0008999999845400453,-0.004800000227987766,-0.2935999929904938,0.2953999936580658,-0.866599977016449,0.8633999824523926,-0.011500000022351742,-0.011300000362098217,-0.0027000000700354576,0.009499999694526196,-0.0034000000450760126,0.013700000010430813,0.07980000227689743,-0.05299999937415123,-1.0269211530685425,0.9160005450248718,-0.3994828760623932,0.7951151132583618,-3.776900291442871,3.349069118499756,0.39090994000434875,0.2177352011203766
2.599999942,0.0009,-0.0047,0.6821,-0.6803,1.2278,-1.2311,0.9643,-0.6066,-0.0117,-0.0115,-0.0049,0.0026,-0.0032,0.0129,0.0762,-0.0512,-1.5404733419418335,1.3892085552215576,0.24390165507793427,0.2826744616031647,-3.0284159183502197,2.447784185409546,0.08800124377012253,0.058717820793390274,-0.0076265414245426655,0.0030217356979846954,0.003733699908480048,-0.0534767284989357,-0.00017315702280029655,-0.998569130897522,0.0,0.0,0.0,0.5199999809265137,0.0008999999845400453,-0.004699999932199717,-0.29350000619888306,0.2953000068664551,-0.866599977016449,0.8633000254631042,-0.011699999682605267,-0.011500000022351742,-0.004900000058114529,0.0026000000070780516,-0.0031999999191612005,0.012900000438094139,0.07620000094175339,-0.05119999870657921,-1.0275722742080688,0.9138162136077881,-0.4271875321865082,0.7769913673400879,-3.7452311515808105,3.3524715900421143,0.3914201855659485,0.2362438142299652
2.609999942,0.0009,-0.0047,0.6821,-0.6803,1.2279,-1.2312,0.9651,-0.6073,-0.0114,-0.0112,-0.024,0.0066,-0.0015,0.0115,0.0843,-0.048,-1.5377864837646484,1.3930408954620361,0.28338301181793213,0.30567798018455505,-3.0759072303771973,2.4502522945404053,0.08625932782888412,0.05355175957083702,-0.0061333682388067245,0.012301814742386341,0.023082971572875977,-0.053431764245033264,-0.00022620380332227796,-0.998571515083313,0.0,0.0,0.0,0.5199999809265137,0.0008999999845400453,-0.004699999932199717,-0.29350000619888306,0.2953000068664551,-0.8665000200271606,0.8632000088691711,-0.01140000019222498,-0.01119999960064888,-0.024000000208616257,0.006599999964237213,-0.001500000013038516,0.011500000022351742,0.08429999649524689,-0.04800000041723251,-1.025962233543396,0.9159723520278931,-0.42472556233406067,0.7792229652404785,-3.752357244491577,3.359316110610962,0.36724498867988586,0.22463127970695496
2.619999942,0.0009,-0.0047,0.6819,-0.6804,1.228,-1.2312,0.9661,-0.6079,-0.0136,-0.0135,-0.0277,0.0109,-0.0008,0.0125,0.0866,-0.0439,-1.5384565591812134,1.3919395208358765,0.30037379264831543,0.31699368357658386,-3.093148946762085,2.44083309173584,0.09032008796930313,0.05380867421627045,-0.008077612146735191,0.015882981941103935,0.021437084302306175,-0.053371768444776535,-0.00022915922454558313,-0.9985746741294861,0.0,0.0,0.0,0.5199999809265137,0.0008999999845400453,-0.004699999932199717,-0.2937000095844269,0.295199990272522,-0.8664000034332275,0.8632000088691711,-0.01360000018030405,-0.013500000350177288,-0.027699999511241913,0.010900000110268593,-0.0007999999797903001,0.012500000186264515,0.08659999817609787,-0.04390000179409981,-1.0241509675979614,0.9185472726821899,-0.39967799186706543,0.7948253154754639,-3.7837047576904297,3.360668182373047,0.3618973195552826,0.2046070396900177
2.629999942,0.0009,-0.0047,0.6819,-0.6804,1.2281,-1.2313,0.9669,-0.6085,-0.0112,-0.0109,-0.0125,0.0123,-0.0029,0.0133,0.0725,-0.049,-1.5421550273895264,1.3851898908615112,0.27186429500579834,0.3001125752925873,-3.058159589767456,2.439936637878418,0.09527160972356796,0.0597803108394146,-0.007498801685869694,0.010853298008441925,0.0015269758878275752,-0.053371768444776535,-0.00022915922454558313,-0.9985746741294861,0.0,0.0,0.0,0.5199999809265137,0.0008999999845400453,-0.004699999932199717,-0.2937000095844269,0.295199990272522,-0.8662999868392944,0.863099992275238,-0.01119999960064888,-0.010900000110268593,-0.012500000186264515,0.012299999594688416,-0.002899999963119626,0.013299999758601189,0.07249999791383743,-0.04899999871850014,-1.0247443914413452,0.9176596999168396,-0.38899746537208557,0.8024557828903198,-3.794952630996704,3.3544554710388184,0.3786003589630127,0.20645469427108765
2.639999941,0.0009,-0.0047,0.6819,-0.6803,1.2281,-1.2314,0.9676,-0.6092,-0.0119,-0.0117,-0.0029,0.009,-0.0037,0.0135,0.0613,-0.0524,-1.5394351482391357,1.38528311252594,0.24969956278800964,0.28550148010253906,-3.0371358394622803,2.446779251098633,0.09449408203363419,0.06147623434662819,-0.00822993740439415,0.005950682796537876,-0.003265984123572707,-0.05321577563881874,-0.00023901741951704025,-0.9985829591751099,0.0,0.0,0.0,0.5199999809265137,0.0008999999845400453,-0.004699999932199717,-0.2937000095844269,0.2953000068664551,-0.8662999868392944,0.8629999756813049,-0.011900000274181366,-0.011699999682605267,-0.002899999963119626,0.008999999612569809,-0.003700000001117587,0.013500000350177288,0.06129999831318855,-0.052400000393390656,-1.0270500183105469,0.9133332967758179,-0.4069904685020447,0.791295051574707,-3.771566390991211,3.3537111282348633,0.39558643102645874,0.22932124137878418
2.6499999410000004,0.0009,-0.0047,0.682,-0.6804,1.2281,-1.2314,0.9682,-0.6098,-0.0117,-0.0116,-0.0051,0.0018,-0.0033,0.0124,0.059,-0.0495,-1.53700852394104,1.388731837272644,0.2607731223106384,0.2966148853302002,-3.055736780166626,2.4519894123077393,0.09010494500398636,0.05945606529712677,-0.0071285683661699295,0.004215910565108061,0.010065652430057526,-0.05321577563881874,-0.00023901741951704025,-0.9985829591751099,0.0,0.0,0.0,0.5199999809265137,0.0008999999845400453,-0.004699999932199717,-0.2935999929904938,0.295199990272522,-0.8662999868392944,0.8629999756813049,-0.011699999682605267,-0.011599999852478504,-0.005100000184029341,0.0017999999690800905,-0.0032999999821186066,0.012400000356137753,0.05900000035762787,-0.0494999997317791,-1.0252834558486938,0.9133420586585999,-0.42112696170806885,0.7815343141555786,-3.757603883743286,3.358086109161377,0.3902363181114197,0.2354249358177185
2.659999941,0.0009,-0.0047,0.682,-0.6805,1.2282,-1.2315,0.9689,-0.6105,-0.0113,-0.0114,-0.0151,0.0047,-0.0029,0.0118,0.0618,-0.0477,-1.5359605550765991,1.3899192810058594,0.28431904315948486,0.31261488795280457,-3.08366060256958,2.452073097229004,0.08962895721197128,0.058157097548246384,-0.006307033821940422,0.009447176940739155,0.019108837470412254,-0.05316497012972832,-0.00027418878744356334,-0.9985858201980591,0.0,0.0,0.0,0.5199999809265137,0.0008999999845400453,-0.004699999932199717,-0.2935999929904938,0.29510000348091125,-0.8661999702453613,0.8629000186920166,-0.011300000362098217,-0.01140000019222498,-0.01510000042617321,0.004699999932199717,-0.002899999963119626,0.011800000444054604,0.061799999326467514,-0.04769999906420708,-1.0236523151397705,0.9156478643417358,-0.4136912524700165,0.7882632613182068,-3.7699778079986572,3.3614861965179443,0.3722197711467743,0.22792425751686096
2.6699999410000004,0.001,-0.0047,0.682,-0.6805,1.2282,-1.2316,0.9696,-0.6111,-0.0111,-0.0111,-0.0169,0.0099,-0.0029,0.0117,0.0614,-0.0473,-1.537683129310608,1.3859801292419434,0.28861039876937866,0.31392940878868103,-3.0844860076904297,2.4509434700012207,0.09362474083900452,0.05996935814619064,-0.006581115070730448,0.012734286487102509,0.013937214389443398,-0.053136322647333145,-0.00029119313694536686,-0.9985872507095337,0.0,0.0,0.0,0.5199999809265137,0.0010000000474974513,-0.004699999932199717,-0.2935999929904938,0.29510000348091125,-0.8661999702453613,0.8628000020980835,-0.011099999770522118,-0.011099999770522118,-0.016899999231100082,0.00989999994635582,-0.002899999963119626,0.011699999682605267,0.061400000005960464,-0.04729999974370003,-1.0229270458221436,0.9164528846740723,-0.3986606299877167,0.7989232540130615,-3.7883670330047607,3.361302137374878,0.37087583541870117,0.22308838367462158
2.67999994,0.001,-0.0046,0.682,-0.6805,1.2283,-1.2316,0.9701,-0.6117,-0.0116,-0.0115,-0.0031,0.0079,-0.0035,0.013,0.0482,-0.0493,-1.5392470359802246,1.3817822933197021,0.26670098304748535,0.30253663659095764,-3.0604944229125977,2.4506044387817383,0.09600807726383209,0.06412379443645477,-0.007768845651298761,0.007099400274455547,0.001886625774204731,-0.053136322647333145,-0.00029119313694536686,-0.9985872507095337,0.0,0.0,0.0,0.5199999809265137,0.0010000000474974513,-0.004600000102072954,-0.2935999929904938,0.29510000348091125,-0.866100013256073,0.8628000020980835,-0.011599999852478504,-0.011500000022351742,-0.003100000089034438,0.007899999618530273,-0.0035000001080334187,0.013000000268220901,0.04820000007748604,-0.049300000071525574,-1.0238621234893799,0.9138467907905579,-0.3959197402000427,0.8001462817192078,-3.788917303085327,3.360342264175415,0.38677895069122314,0.2304174304008484
2.6899999400000003,0.001,-0.0046,0.682,-0.6805,1.2283,-1.2317,0.9706,-0.6123,-0.012,-0.012,-0.0034,0.0072,-0.0037,0.0135,0.0448,-0.0466,-1.535995602607727,1.3822977542877197,0.26227426528930664,0.2981887757778168,-3.058321714401245,2.4561002254486084,0.09490934014320374,0.06338465213775635,-0.00791548565030098,0.007230624556541443,0.003883776953443885,-0.05302524194121361,-0.00031557478359900415,-0.9985931515693665,0.0,0.0,0.0,0.5199999809265137,0.0010000000474974513,-0.004600000102072954,-0.2935999929904938,0.29510000348091125,-0.866100013256073,0.8626999855041504,-0.012000000104308128,-0.012000000104308128,-0.0034000000450760126,0.007199999876320362,-0.003700000001117587,0.013500000350177288,0.04479999840259552,-0.04659999907016754,-1.0249379873275757,0.9112215042114258,-0.409606009721756,0.7924177646636963,-3.7727630138397217,3.3602030277252197,0.39367231726646423,0.24663516879081726
2.69999994,0.001,-0.0046,0.6821,-0.6806,1.2283,-1.2317,0.9711,-0.6129,-0.0119,-0.0118,-0.0048,0.0025,-0.0035,0.0125,0.0431,-0.0417,-1.5347613096237183,1.3835713863372803,0.2712029814720154,0.306727796792984,-3.071629524230957,2.458402395248413,0.09306159615516663,0.062030479311943054,-0.0070910039357841015,0.006547034252434969,0.011251207441091537,-0.05302524194121361,-0.00031557478359900415,-0.9985931515693665,0.0,0.0,0.0,0.5199999809265137,0.0010000000474974513,-0.004600000102072954,-0.29350000619888306,0.29499998688697815,-0.866100013256073,0.8626999855041504,-0.011900000274181366,-0.011800000444054604,-0.004800000227987766,0.0024999999441206455,-0.0035000001080334187,0.012500000186264515,0.04309999942779541,-0.04170000180602074,-1.0227971076965332,0.9115318655967712,-0.41257715225219727,0.7894725203514099,-3.7713277339935303,3.3637001514434814,0.38859736919403076,0.2442186176776886
2.7099999400000003,0.001,-0.0046,0.6821,-0.6806,1.2284,-1.2318,0.9716,-0.6135,-0.0117,-0.0117,-0.0158,0.0105,-0.0033,0.0122,0.0463,-0.04,-1.5323609113693237,1.3827756643295288,0.2855846881866455,0.31058457493782043,-3.087167739868164,2.4608726501464844,0.09542608261108398,0.05976661667227745,-0.00684363255277276,0.014509190805256367,0.01402691937983036,-0.05294952914118767,-0.00033893066574819386,-0.9985972046852112,0.0,0.0,0.0,0.5199999809265137,0.0010000000474974513,-0.004600000102072954,-0.29350000619888306,0.29499998688697815,-0.8659999966621399,0.8626000285148621,-0.011699999682605267,-0.011699999682605267,-0.015799999237060547,0.010499999858438969,-0.0032999999821186066,0.012199999764561653,0.046300001442432404,-0.03999999910593033,-1.0219675302505493,0.9123942852020264,-0.40651801228523254,0.7946518659591675,-3.780186414718628,3.365168333053589,0.3808663785457611,0.23978191614151
2.719999939,0.001,-0.0046,0.6821,-0.6806,1.2284,-1.2318,0.9721,-0.614,-0.0115,-0.0115,-0.0141,0.0107,-0.0032,0.0125,0.0443,-0.0359,-1.5316054821014404,1.3808925151824951,0.2858825623989105,0.3094305098056793,-3.0867321491241455,2.4602162837982178,0.09907032549381256,0.05925462394952774,-0.007080419454723597,0.014638719148933887,0.010660342872142792,-0.052846137434244156,-0.0003496332501526922,-0.9986026287078857,0.0,0.0,0.0,0.5199999809265137,0.0010000000474974513,-0.004600000102072954,-0.29350000619888306,0.29499998688697815,-0.8659999966621399,0.8626000285148621,-0.011500000022351742,-0.011500000022351742,-0.014100000262260437,0.010700000450015068,-0.0031999999191612005,0.012500000186264515,0.04430000111460686,-0.03590000048279762,-1.02035391330719,0.9118704199790955,-0.39766353368759155,0.7977563738822937,-3.7903318405151367,3.3665950298309326,0.3909643292427063,0.23106646537780762
2.7299999390000003,0.001,-0.0046,0.6821,-0.6806,1.2284,-1.2319,0.9726,-0.6145,-0.0118,-0.0118,-0.012,0.0136,-0.0034,0.0133,0.0392,-0.0365,-1.5300627946853638,1.3790825605392456,0.2788962423801422,0.30166003108024597,-3.0789716243743896,2.4634110927581787,0.10237154364585876,0.058844130486249924,-0.007723176386207342,0.015326190739870071,0.005646828096359968,-0.052846137434244156,-0.0003496332501526922,-0.9986026287078857,0.0,0.0,0.0,0.5199999809265137,0.0010000000474974513,-0.004600000102072954,-0.29350000619888306,0.29499998688697815,-0.8659999966621399,0.862500011920929,-0.011800000444054604,-0.011800000444054604,-0.012000000104308128,0.01360000018030405,-0.0034000000450760126,0.013299999758601189,0.03920000046491623,-0.0364999994635582,-1.0198370218276978,0.9106283783912659,-0.39735162258148193,0.7970003485679626,-3.790034770965576,3.366177558898926,0.40514129400253296,0.22983849048614502
2.739999939,0.001,-0.0046,0.6821,-0.6806,1.2285,-1.2319,0.973,-0.615,-0.012,-0.0119,-0.0039,0.005,-0.0035,0.0135,0.0338,-0.0328,-1.5296940803527832,1.3798311948776245,0.27446696162223816,0.30311375856399536,-3.078958034515381,2.4642887115478516,0.10171908140182495,0.05881185829639435,-0.007662440184503794,0.009068941697478294,0.0071414499543607235,-0.052690695971250534,-0.00036255299346521497,-0.9986109137535095,0.0,0.0,0.0,0.5199999809265137,0.0010000000474974513,-0.004600000102072954,-0.29350000619888306,0.29499998688697815,-0.8658999800682068,0.862500011920929,-0.012000000104308128,-0.011900000274181366,-0.0038999998942017555,0.004999999888241291,-0.0035000001080334187,0.013500000350177288,0.033799998462200165,-0.03280000016093254,-1.0188285112380981,0.9094017148017883,-0.40186917781829834,0.7920133471488953,-3.784874439239502,3.3681607246398926,0.4173261821269989,0.2280765175819397
2.7499999390000003,0.001,-0.0046,0.6822,-0.6807,1.2285,-1.232,0.9734,-0.6154,-0.012,-0.012,-0.0044,0.0035,-0.0036,0.0131,0.0337,-0.0334,-1.5298240184783936,1.3804614543914795,0.2773371636867523,0.3076747953891754,-3.085334300994873,2.4661357402801514,0.10053236782550812,0.05917573347687721,-0.007349225226789713,0.00852582324296236,0.0099862702190876,-0.052690695971250534,-0.00036255299346521497,-0.9986109137535095,0.0,0.0,0.0,0.5199999809265137,0.0010000000474974513,-0.004600000102072954,-0.29339998960494995,0.29490000009536743,-0.8658999800682068,0.8623999953269958,-0.012000000104308128,-0.012000000104308128,-0.004399999976158142,0.0035000001080334187,-0.003599999938160181,0.013100000098347664,0.03370000049471855,-0.033399999141693115,-1.0185960531234741,0.9098941087722778,-0.4042820334434509,0.7924091815948486,-3.7846720218658447,3.3687591552734375,0.41363632678985596,0.22868743538856506
2.759999939,0.001,-0.0046,0.6822,-0.6807,1.2285,-1.232,0.9738,-0.6159,-0.012,-0.0119,-0.0042,0.0039,-0.0037,0.013,0.0337,-0.0358,-1.5299509763717651,1.3803343772888184,0.27824872732162476,0.3096294701099396,-3.087796926498413,2.4664666652679443,0.10038678348064423,0.060280073434114456,-0.007286806125193834,0.008368370123207569,0.009735960513353348,-0.05257498100399971,-0.00038173855864442885,-0.9986169934272766,0.0,0.0,0.0,0.5199999809265137,0.0010000000474974513,-0.004600000102072954,-0.29339998960494995,0.29490000009536743,-0.8658999800682068,0.8623999953269958,-0.012000000104308128,-0.011900000274181366,-0.00419999985024333,0.0038999998942017555,-0.003700000001117587,0.013000000268220901,0.03370000049471855,-0.03579999879002571,-1.0186827182769775,0.9103076457977295,-0.40220189094543457,0.7951498627662659,-3.7889294624328613,3.3697638511657715,0.4088694751262665,0.23002293705940247
2.769999938,0.0011,-0.0046,0.6823,-0.6808,1.2285,-1.2321,0.9742,-0.6164,-0.0121,-0.012,-0.0039,0.0047,-0.0039,0.0132,0.0339,-0.0368,-1.5310853719711304,1.378311276435852,0.27645978331565857,0.30935075879096985,-3.0855939388275146,2.4689221382141113,0.10079916566610336,0.0613146536052227,-0.007410392630845308,0.008402928709983826,0.008309157565236092,-0.05250498652458191,-0.0003981787012889981,-0.9986205101013184,0.0,0.0,0.0,0.5199999809265137,0.0010999999940395355,-0.004600000102072954,-0.29330000281333923,0.2948000133037567,-0.8658999800682068,0.8622999787330627,-0.01209999993443489,-0.012000000104308128,-0.0038999998942017555,0.004699999932199717,-0.0038999998942017555,0.013199999928474426,0.033900000154972076,-0.03680000081658363,-1.0187673568725586,0.9102295637130737,-0.4015808403491974,0.7964796423912048,-3.7905778884887695,3.3699777126312256,0.4082871377468109,0.23396030068397522
2.779999938,0.0011,-0.0045,0.6824,-0.6808,1.2286,-1.2321,0.9746,-0.6169,-0.0121,-0.012,-0.0039,0.0048,-0.004,0.0134,0.0343,-0.0359,-1.5314933061599731,1.3765877485275269,0.27439793944358826,0.3083808720111847,-3.0848302841186523,2.4705843925476074,0.10086710751056671,0.061639368534088135,-0.007464331109076738,0.008442910388112068,0.007745479233562946,-0.05250498652458191,-0.0003981787012889981,-0.9986205101013184,0.0,0.0,0.0,0.5199999809265137,0.0010999999940395355,-0.0044999998062849045,-0.29319998621940613,0.2948000133037567,-0.8658000230789185,0.8622999787330627,-0.01209999993443489,-0.012000000104308128,-0.0038999998942017555,0.004800000227987766,-0.004000000189989805,0.013399999588727951,0.034299999475479126,-0.03590000048279762,-1.0193302631378174,0.9088742136955261,-0.4025534689426422,0.7961471676826477,-3.7891225814819336,3.3714280128479004,0.40997666120529175,0.23789861798286438
2.7899999380000002,0.0011,-0.0045,0.6824,-0.6809,1.2286,-1.2322,0.975,-0.6174,-0.0121,-0.012,-0.004,0.0042,-0.004,0.0134,0.0346,-0.034,-1.5307785272598267,1.376427412033081,0.27419742941856384,0.3086523711681366,-3.0857999324798584,2.472635269165039,0.10060743987560272,0.06126879155635834,-0.007452310528606176,0.008456656709313393,0.008077608421444893,-0.05243339762091637,-0.00041838432662189007,-0.9986243844032288,0.0,0.0,0.0,0.5199999809265137,0.0010999999940395355,-0.0044999998062849045,-0.29319998621940613,0.2946999967098236,-0.8658000230789185,0.8622000217437744,-0.01209999993443489,-0.012000000104308128,-0.004000000189989805,0.00419999985024333,-0.004000000189989805,0.013399999588727951,0.03460000082850456,-0.03400000184774399,-1.0196021795272827,0.9079251289367676,-0.40372803807258606,0.7955072522163391,-3.7884202003479004,3.372549533843994,0.4103284180164337,0.2393774688243866
2.799999938,0.0011,-0.0045,0.6825,-0.6809,1.2286,-1.2322,0.9754,-0.6178,-0.012,-0.0119,-0.0041,0.0038,-0.0039,0.0135,0.0343,-0.0321,-1.5304763317108154,1.3763978481292725,0.27398690581321716,0.3085823953151703,-3.08711838722229,2.473743438720703,0.10061004757881165,0.06103387102484703,-0.007443862967193127,0.008616341277956963,0.00837724469602108,-0.05243339762091637,-0.00041838432662189007,-0.9986243844032288,0.0,0.0,0.0,0.5199999809265137,0.0010999999940395355,-0.0044999998062849045,-0.2930999994277954,0.2946999967098236,-0.8658000230789185,0.8622000217437744,-0.012000000104308128,-0.011900000274181366,-0.004100000020116568,0.003800000064074993,-0.0038999998942017555,0.013500000350177288,0.034299999475479126,-0.032099999487400055,-1.0191256999969482,0.9078182578086853,-0.4038683772087097,0.7954482436180115,-3.7890665531158447,3.3737168312072754,0.4093497693538666,0.2382751703262329
2.809999937,0.0011,-0.0045,0.6825,-0.681,1.2286,-1.2322,0.9758,-0.6183,-0.0119,-0.0119,-0.0041,0.0037,-0.0039,0.0137,0.0336,-0.0304,-1.5299707651138306,1.3761088848114014,0.274222731590271,0.3088396489620209,-3.0881145000457764,2.4748196601867676,0.10082169622182846,0.06041737645864487,-0.007489447016268969,0.008906939998269081,0.008383257314562798,-0.05233454331755638,-0.0004386711516417563,-0.9986294507980347,0.0,0.0,0.0,0.5199999809265137,0.0010999999940395355,-0.0044999998062849045,-0.2930999994277954,0.2946000099182129,-0.8658000230789185,0.8622000217437744,-0.011900000274181366,-0.011900000274181366,-0.004100000020116568,0.003700000001117587,-0.0038999998942017555,0.013700000010430813,0.03359999880194664,-0.030400000512599945,-1.0189175605773926,0.9078052639961243,-0.4038153886795044,0.7953749299049377,-3.7899389266967773,3.374462366104126,0.40930017828941345,0.237715482711792
2.819999937,0.0011,-0.0045,0.6826,-0.681,1.2286,-1.2323,0.9762,-0.6187,-0.0119,-0.0119,-0.0039,0.0048,-0.0038,0.0138,0.0314,-0.0306,-1.5293887853622437,1.3757201433181763,0.272710919380188,0.30674195289611816,-3.0876333713531494,2.4773616790771484,0.10180894285440445,0.06001587212085724,-0.007647231221199036,0.009570839814841747,0.007509677205234766,-0.05225478857755661,-0.0004515779728535563,-0.9986337423324585,0.0,0.0,0.0,0.5199999809265137,0.0010999999940395355,-0.0044999998062849045,-0.2930000126361847,0.2946000099182129,-0.8658000230789185,0.8621000051498413,-0.011900000274181366,-0.011900000274181366,-0.0038999998942017555,0.004800000227987766,-0.003800000064074993,0.013799999840557575,0.03139999881386757,-0.03060000017285347,-1.0185738801956177,0.9076126217842102,-0.4036581814289093,0.7953397631645203,-3.790602922439575,3.3751931190490723,0.4100067913532257,0.23558950424194336
2.829999937,0.0011,-0.0045,0.6826,-0.6811,1.2287,-1.2323,0.9766,-0.6191,-0.0119,-0.0119,-0.0039,0.0049,-0.0038,0.0142,0.0293,-0.03,-1.5284948348999023,1.3757472038269043,0.27367356419563293,0.30722543597221375,-3.0910253524780273,2.4786863327026367,0.10227204114198685,0.05903563275933266,-0.007791774347424507,0.009844071231782436,0.00833338126540184,-0.05225478857755661,-0.0004515779728535563,-0.9986337423324585,0.0,0.0,0.0,0.5199999809265137,0.0010999999940395355,-0.0044999998062849045,-0.2930000126361847,0.2944999933242798,-0.8657000064849854,0.8621000051498413,-0.011900000274181366,-0.011900000274181366,-0.0038999998942017555,0.004900000058114529,-0.003800000064074993,0.0142000000923872,0.02930000051856041,-0.029999999329447746,-1.0181858539581299,0.9073534607887268,-0.40445271134376526,0.7940146327018738,-3.7902755737304688,3.376694440841675,0.41351577639579773,0.23394349217414856
2.839999937,0.0011,-0.0045,0.6827,-0.6811,1.2287,-1.2323,0.977,-0.6196,-0.0121,-0.0121,-0.0029,0.0096,-0.0038,0.0146,0.0304,-0.0301,-1.5280622243881226,1.3731682300567627,0.2595860958099365,0.2932319939136505,-3.076204538345337,2.4845283031463623,0.10411791503429413,0.0581592358648777,-0.008534585125744343,0.011655454523861408,-0.00024405302247032523,-0.05215601623058319,-0.0004562712274491787,-0.998638927936554,0.0,0.0,0.0,0.5199999809265137,0.0010999999940395355,-0.0044999998062849045,-0.2928999960422516,0.2944999933242798,-0.8657000064849854,0.8621000051498413,-0.01209999993443489,-0.01209999993443489,-0.002899999963119626,0.009600000455975533,-0.003800000064074993,0.014600000344216824,0.030400000512599945,-0.03009999915957451,-1.0175899267196655,0.907371461391449,-0.40381094813346863,0.7941436171531677,-3.792336940765381,3.3776042461395264,0.41494816541671753,0.2301425337791443
2.849999937,0.0011,-0.0045,0.6827,-0.6811,1.2287,-1.2323,0.9773,-0.62,-0.0122,-0.0121,-0.0039,0.0064,-0.0036,0.0147,0.0335,-0.0246,-1.5267236232757568,1.374279499053955,0.2582889199256897,0.28997892141342163,-3.0785934925079346,2.4901833534240723,0.10290360450744629,0.05451090633869171,-0.00839223712682724,0.011006582528352737,0.003382554277777672,-0.05215601623058319,-0.0004562712274491787,-0.998638927936554,0.0,0.0,0.0,0.5199999809265137,0.0010999999940395355,-0.0044999998062849045,-0.2928999960422516,0.2944999933242798,-0.8657000064849854,0.8621000051498413,-0.012199999764561653,-0.01209999993443489,-0.0038999998942017555,0.006399999838322401,-0.003599999938160181,0.014700000174343586,0.03350000083446503,-0.02459999918937683,-1.0173147916793823,0.9056388139724731,-0.41293594241142273,0.7851279973983765,-3.782456398010254,3.3815255165100098,0.4225516617298126,0.22661694884300232
2.8599999360000004,0.0011,-0.0045,0.6828,-0.6811,1.2287,-1.2324,0.9778,-0.6204,-0.012,-0.0119,-0.0051,0.0019,-0.0034,0.0141,0.0348,-0.0218,-1.5275466442108154,1.3761073350906372,0.26639610528945923,0.29643118381500244,-3.0921130180358887,2.4928829669952393,0.10175389051437378,0.05191555991768837,-0.0077827381901443005,0.009903001599013805,0.009912407025694847,-0.05199265852570534,-0.0004534015024546534,-0.9986473321914673,0.0,0.0,0.0,0.5199999809265137,0.0010999999940395355,-0.0044999998062849045,-0.29280000925064087,0.2944999933242798,-0.8657000064849854,0.8619999885559082,-0.012000000104308128,-0.011900000274181366,-0.005100000184029341,0.0019000000320374966,-0.0034000000450760126,0.014100000262260437,0.03480000048875809,-0.021800000220537186,-1.01642906665802,0.9063796401023865,-0.41386738419532776,0.7827459573745728,-3.7840356826782227,3.3853023052215576,0.4183144271373749,0.213123619556427
2.869999936,0.0011,-0.0045,0.6827,-0.6811,1.2288,-1.2324,0.9782,-0.6207,-0.012,-0.0119,-0.019,0.0122,-0.0033,0.014,0.044,-0.0241,-1.52613365650177,1.3757247924804688,0.2818443477153778,0.29850155115127563,-3.1090526580810547,2.4950592517852783,0.10460349917411804,0.04782779887318611,-0.007544712629169226,0.019034715369343758,0.012859097681939602,-0.05188380181789398,-0.0004493668966460973,-0.9986530542373657,0.0,0.0,0.0,0.5199999809265137,0.0010999999940395355,-0.0044999998062849045,-0.2928999960422516,0.2944999933242798,-0.8655999898910522,0.8619999885559082,-0.012000000104308128,-0.011900000274181366,-0.01899999938905239,0.012199999764561653,-0.0032999999821186066,0.014000000432133675,0.04399999976158142,-0.02410000003874302,-1.0169644355773926,0.9076115489006042,-0.4083425998687744,0.7867474555969238,-3.7930352687835693,3.38686203956604,0.4139755666255951,0.20330223441123962
2.8799999360000004,0.0011,-0.0045,0.6827,-0.6811,1.2288,-1.2324,0.9787,-0.6211,-0.012,-0.0118,-0.0142,0.0087,-0.0036,0.0142,0.0467,-0.0219,-1.528266191482544,1.3745919466018677,0.27922624349594116,0.2979884147644043,-3.1068484783172607,2.49251389503479,0.1070939376950264,0.047357093542814255,-0.007694682572036982,0.015599607490003109,0.009432612918317318,-0.05188380181789398,-0.0004493668966460973,-0.9986530542373657,0.0,0.0,0.0,0.5199999809265137,0.0010999999940395355,-0.0044999998062849045,-0.2928999960422516,0.2944999933242798,-0.8655999898910522,0.8619999885559082,-0.012000000104308128,-0.011800000444054604,-0.0142000000923872,0.008700000122189522,-0.003599999938160181,0.0142000000923872,0.04670000076293945,-0.021900000050663948,-1.0160224437713623,0.9073565602302551,-0.3991704285144806,0.7888143658638,-3.804121732711792,3.388306140899658,0.42721399664878845,0.1864911913871765
2.889999936,0.0011,-0.0045,0.6827,-0.6811,1.2288,-1.2324,0.9793,-0.6215,-0.0124,-0.0123,-0.0122,0.0128,-0.004,0.0148,0.0471,-0.0294,-1.5285216569900513,1.3730459213256836,0.26783615350723267,0.2874509394168854,-3.0950357913970947,2.4948196411132812,0.10965552926063538,0.04691819101572037,-0.00835883617401123,0.015803197398781776,0.002748861676082015,-0.051708921790122986,-0.0004465662641450763,-0.9986620545387268,0.0,0.0,0.0,0.5199999809265137,0.0010999999940395355,-0.0044999998062849045,-0.2928999960422516,0.2944999933242798,-0.8655999898910522,0.8619999885559082,-0.012400000356137753,-0.012299999594688416,-0.012199999764561653,0.012799999676644802,-0.004000000189989805,0.014800000004470348,0.0471000000834465,-0.029400000348687172,-1.017444133758545,0.9066079258918762,-0.40059584379196167,0.7882389426231384,-3.8026723861694336,3.386622667312622,0.4377157390117645,0.18504837155342102
2.8999999350000003,0.0011,-0.0045,0.6827,-0.6811,1.2288,-1.2324,0.9798,-0.6219,-0.0126,-0.0125,-0.0038,0.0058,-0.0042,0.0148,0.0453,-0.0346,-1.530076265335083,1.3741856813430786,0.25814974308013916,0.2851827144622803,-3.0893452167510986,2.496774196624756,0.10792809724807739,0.0471852608025074,-0.00837717205286026,0.00886434968560934,0.0029630002100020647,-0.051708921790122986,-0.0004465662641450763,-0.9986620545387268,0.0,0.0,0.0,0.5199999809265137,0.0010999999940395355,-0.0044999998062849045,-0.2928999960422516,0.2944999933242798,-0.8655999898910522,0.8619999885559082,-0.012600000016391277,-0.012500000186264515,-0.003800000064074993,0.005799999926239252,-0.00419999985024333,0.014800000004470348,0.04529999941587448,-0.03460000082850456,-1.0176410675048828,0.9055439829826355,-0.4080559015274048,0.7814872860908508,-3.7948238849639893,3.388199806213379,0.4480421245098114,0.18179276585578918
2.909999935,0.0011,-0.0045,0.6828,-0.6812,1.2288,-1.2325,0.9803,-0.6224,-0.0125,-0.0123,-0.0046,0.0025,-0.0043,0.0142,0.0502,-0.0402,-1.5312962532043457,1.3764177560806274,0.26217132806777954,0.29187217354774475,-3.098529100418091,2.4988389015197754,0.10504310578107834,0.0470217801630497,-0.007733010221272707,0.006788307335227728,0.008743410930037498,-0.051544852554798126,-0.0004472353321034461,-0.9986705183982849,0.0,0.0,0.0,0.5199999809265137,0.0010999999940395355,-0.0044999998062849045,-0.29280000925064087,0.29440000653266907,-0.8655999898910522,0.8618999719619751,-0.012500000186264515,-0.012299999594688416,-0.004600000102072954,0.0024999999441206455,-0.00430000014603138,0.0142000000923872,0.050200000405311584,-0.04019999876618385,-1.018690824508667,0.9062904715538025,-0.4139535129070282,0.7795084714889526,-3.791043519973755,3.389502763748169,0.4407723844051361,0.1818210482597351
2.9199999350000003,0.0011,-0.0045,0.6828,-0.6813,1.2289,-1.2325,0.9809,-0.623,-0.0128,-0.0126,-0.0162,0.0109,-0.0038,0.0138,0.0628,-0.0478,-1.530369520187378,1.3768994808197021,0.27438047528266907,0.29649704694747925,-3.1131792068481445,2.499735116958618,0.10537801682949066,0.04530924931168556,-0.007738595362752676,0.013315793126821518,0.01221073605120182,-0.05149374529719353,-0.0004505433898884803,-0.9986732602119446,0.0,0.0,0.0,0.5199999809265137,0.0010999999940395355,-0.0044999998062849045,-0.29280000925064087,0.29429998993873596,-0.8654999732971191,0.8618999719619751,-0.012799999676644802,-0.012600000016391277,-0.016200000420212746,0.010900000110268593,-0.003800000064074993,0.013799999840557575,0.06279999762773514,-0.04780000075697899,-1.0194975137710571,0.9077918529510498,-0.4111257791519165,0.78354811668396,-3.797172784805298,3.390639305114746,0.4302124083042145,0.18004712462425232
2.929999935,0.0011,-0.0045,0.6827,-0.6813,1.2289,-1.2325,0.9817,-0.6236,-0.0154,-0.0152,-0.014,0.0102,-0.0028,0.015,0.0702,-0.0498,-1.5308177471160889,1.377070665359497,0.2743202745914459,0.29802918434143066,-3.11487078666687,2.4945900440216064,0.10600457340478897,0.04588073492050171,-0.010084324516355991,0.011272327043116093,0.010089940391480923,-0.05149374529719353,-0.0004505433898884803,-0.9986732602119446,0.0,0.0,0.0,0.5199999809265137,0.0010999999940395355,-0.0044999998062849045,-0.2928999960422516,0.29429998993873596,-0.8654999732971191,0.8618999719619751,-0.015399999916553497,-0.015200000256299973,-0.014000000432133675,0.010200000368058681,-0.00279999990016222,0.014999999664723873,0.07020000368356705,-0.049800001084804535,-1.01889967918396,0.9080929756164551,-0.4037596881389618,0.7869913578033447,-3.806706190109253,3.3912100791931152,0.4340720772743225,0.17167699337005615
2.9399999350000003,0.0011,-0.0045,0.6828,-0.6813,1.2289,-1.2325,0.9824,-0.6243,-0.0124,-0.0123,-0.0036,0.0051,-0.0049,0.0144,0.0671,-0.0566,-1.5350767374038696,1.3743246793746948,0.2576674520969391,0.29296404123306274,-3.0968017578125,2.4949049949645996,0.10550066828727722,0.04977964609861374,-0.008041352964937687,0.004294024780392647,0.0029970405157655478,-0.05139775574207306,-0.0004393085546325892,-0.9986780881881714,0.0,0.0,0.0,0.5199999809265137,0.0010999999940395355,-0.0044999998062849045,-0.29280000925064087,0.29429998993873596,-0.8654999732971191,0.8618999719619751,-0.012400000356137753,-0.012299999594688416,-0.003599999938160181,0.005100000184029341,-0.004900000058114529,0.014399999752640724,0.06710000336170197,-0.05660000070929527,-1.0193718671798706,0.9080337882041931,-0.4038531482219696,0.7879661321640015,-3.807767152786255,3.387860059738159,0.4380582869052887,0.1735629439353943
2.949999934,0.0011,-0.0045,0.6828,-0.6813,1.2289,-1.2325,0.9832,-0.6251,-0.0126,-0.0124,-0.0034,0.006,-0.005,0.0152,0.0697,-0.0639,-1.5345463752746582,1.3758633136749268,0.251689076423645,0.2901060879230499,-3.092801809310913,2.496965169906616,0.10290416330099106,0.05088816210627556,-0.008352109231054783,0.003458914114162326,0.0036396740470081568,-0.05139775574207306,-0.0004393085546325892,-0.9986780881881714,0.0,0.0,0.0,0.5199999809265137,0.0010999999940395355,-0.0044999998062849045,-0.29280000925064087,0.29429998993873596,-0.8654999732971191,0.8618999719619751,-0.012600000016391277,-0.012400000356137753,-0.0034000000450760126,0.006000000052154064,-0.004999999888241291,0.015200000256299973,0.06970000267028809,-0.06390000134706497,-1.022011160850525,0.9063964486122131,-0.41406169533729553,0.7842493653297424,-3.79586124420166,3.3880300521850586,0.4354226589202881,0.18779858946800232
2.9599999340000003,0.0011,-0.0045,0.6828,-0.6813,1.2289,-1.2325,0.9839,-0.6259,-0.013,-0.0128,-0.0119,0.0098,-0.004,0.0147,0.0776,-0.069,-1.5326964855194092,1.3774144649505615,0.2631254196166992,0.295285701751709,-3.1069555282592773,2.499048948287964,0.10154993832111359,0.04913756996393204,-0.008359470404684544,0.0075444309040904045,0.010482557117938995,-0.051368460059165955,-0.00043875008122995496,-0.9986797571182251,0.0,0.0,0.0,0.5199999809265137,0.0010999999940395355,-0.0044999998062849045,-0.29280000925064087,0.29429998993873596,-0.8654999732971191,0.8618999719619751,-0.013000000268220901,-0.012799999676644802,-0.011900000274181366,0.009800000116229057,-0.004000000189989805,0.014700000174343586,0.07760000228881836,-0.0689999982714653,-1.021670937538147,0.907415509223938,-0.4180339574813843,0.7824040651321411,-3.793201208114624,3.3894567489624023,0.42555665969848633,0.1907726526260376
2.969999934,0.0011,-0.0045,0.6828,-0.6813,1.2289,-1.2325,0.9848,-0.6267,-0.0126,-0.0123,-0.0172,0.01,-0.0035,0.0141,0.0864,-0.0678,-1.5326409339904785,1.3777470588684082,0.2764683961868286,0.3041306734085083,-3.1211321353912354,2.496507167816162,0.10210748016834259,0.04807049781084061,-0.007902669720351696,0.009467577561736107,0.014948060736060143,-0.05134830251336098,-0.00043587107211351395,-0.9986807703971863,0.0,0.0,0.0,0.5199999809265137,0.0010999999940395355,-0.0044999998062849045,-0.29280000925064087,0.29429998993873596,-0.8654999732971191,0.8618999719619751,-0.012600000016391277,-0.012299999594688416,-0.01720000058412552,0.009999999776482582,-0.0035000001080334187,0.014100000262260437,0.08640000224113464,-0.06780000030994415,-1.020464301109314,0.9084229469299316,-0.410976380109787,0.7861104607582092,-3.802570343017578,3.390812635421753,0.4217197597026825,0.18275028467178345
2.9799999340000003,0.0011,-0.0045,0.6827,-0.6813,1.2289,-1.2325,0.9857,-0.6275,-0.0124,-0.0122,-0.0147,0.0107,-0.0038,0.0147,0.0888,-0.0691,-1.5339391231536865,1.37606680393219,0.2735031843185425,0.3032054007053375,-3.1153228282928467,2.4929189682006836,0.10388131439685822,0.04972020164132118,-0.008250284008681774,0.008509240113198757,0.009645650163292885,-0.05134830251336098,-0.00043587107211351395,-0.9986807703971863,0.0,0.0,0.0,0.5199999809265137,0.0010999999940395355,-0.0044999998062849045,-0.2928999960422516,0.29429998993873596,-0.8654999732971191,0.8618999719619751,-0.012400000356137753,-0.012199999764561653,-0.014700000174343586,0.010700000450015068,-0.003800000064074993,0.014700000174343586,0.08879999816417694,-0.06909999996423721,-1.0204006433486938,0.9086780548095703,-0.40243440866470337,0.7920204401016235,-3.811988115310669,3.389078140258789,0.42570993304252625,0.17872199416160583
2.989999933,0.0011,-0.0045,0.6828,-0.6813,1.2289,-1.2325,0.9866,-0.6284,-0.0128,-0.0127,-0.0032,0.007,-0.0045,0.0157,0.0827,-0.0741,-1.5353437662124634,1.3750317096710205,0.2546774744987488,0.295346200466156,-3.095609426498413,2.491547107696533,0.10381802171468735,0.053252238780260086,-0.009001384489238262,0.002190368017181754,0.0019033539574593306,-0.05127287283539772,-0.0004323764005675912,-0.9986844658851624,0.0,0.0,0.0,0.5199999809265137,0.0010999999940395355,-0.0044999998062849045,-0.29280000925064087,0.29429998993873596,-0.8654999732971191,0.8618999719619751,-0.012799999676644802,-0.01269999984651804,-0.0031999999191612005,0.007000000216066837,-0.0044999998062849045,0.015699999406933784,0.08269999921321869,-0.07410000264644623,-1.0212527513504028,0.9075645208358765,-0.40444454550743103,0.7914502620697021,-3.8081352710723877,3.386725902557373,0.43328526616096497,0.1850607991218567
2.9999999330000002,0.0011,-0.0045,0.6828,-0.6813,1.2289,-1.2325,0.9875,-0.6293,-0.0133,-0.0132,-0.0035,0.0055,-0.0044,0.0154,0.0842,-0.0768,-1.5341519117355347,1.3764972686767578,0.2528335452079773,0.2951982021331787,-3.0957844257354736,2.4937539100646973,0.10111307352781296,0.05346880853176117,-0.009034124203026295,0.0014008493162691593,0.0052482970058918,-0.05127287283539772,-0.0004323764005675912,-0.9986844658851624,0.0,0.0,0.0,0.5199999809265137,0.0010999999940395355,-0.0044999998062849045,-0.29280000925064087,0.29429998993873596,-0.8654999732971191,0.8618999719619751,-0.013299999758601189,-0.013199999928474426,-0.0035000001080334187,0.005499999970197678,-0.004399999976158142,0.015399999916553497,0.08420000225305557,-0.07680000364780426,-1.0222158432006836,0.9068411588668823,-0.41602835059165955,0.7859641313552856,-3.795039653778076,3.385878086090088,0.4318120777606964,0.19818896055221558
3.009999933,0.0011,-0.0045,0.6828,-0.6813,1.2289,-1.2325,0.9884,-0.6302,-0.0134,-0.0134,-0.0138,0.0106,-0.004,0.0145,0.0899,-0.0807,-1.5320298671722412,1.3773837089538574,0.26705875992774963,0.3009704649448395,-3.1115846633911133,2.4960687160491943,0.10079529881477356,0.051274459809064865,-0.008525592274963856,0.007178106345236301,0.011978674679994583,-0.051282986998558044,-0.0004318065184634179,-0.9986839890480042,0.0,0.0,0.0,0.5199999809265137,0.0010999999940395355,-0.0044999998062849045,-0.29280000925064087,0.29429998993873596,-0.8654999732971191,0.8618999719619751,-0.013399999588727951,-0.013399999588727951,-0.013799999840557575,0.010599999688565731,-0.004000000189989805,0.014499999582767487,0.08990000188350677,-0.08070000261068344,-1.0214545726776123,0.9077848196029663,-0.41727763414382935,0.7857654690742493,-3.795149564743042,3.387329339981079,0.4212923049926758,0.19851523637771606
3.0199999330000002,0.0011,-0.0046,0.6828,-0.6813,1.229,-1.2325,0.9894,-0.6311,-0.0131,-0.0129,-0.0181,0.0103,-0.0037,0.0138,0.0967,-0.0771,-1.530418038368225,1.3789440393447876,0.2791620194911957,0.3085407018661499,-3.1251745223999023,2.492173433303833,0.10218694806098938,0.050039391964673996,-0.008015680126845837,0.008966823108494282,0.015123245306313038,-0.05127793923020363,-0.00042355444747954607,-0.9986843466758728,0.0,0.0,0.0,0.5199999809265137,0.0010999999940395355,-0.004600000102072954,-0.29280000925064087,0.29429998993873596,-0.8654000163078308,0.8618999719619751,-0.013100000098347664,-0.012900000438094139,-0.01810000091791153,0.010300000198185444,-0.003700000001117587,0.013799999840557575,0.09669999778270721,-0.0771000012755394,-1.020046591758728,0.9083624482154846,-0.40848082304000854,0.7899536490440369,-3.8056564331054688,3.38881254196167,0.4211612045764923,0.1889578402042389
3.029999933,0.0011,-0.0046,0.6827,-0.6813,1.229,-1.2325,0.9904,-0.632,-0.013,-0.0129,-0.0138,0.0106,-0.0041,0.0144,0.0967,-0.0771,-1.5315141677856445,1.3764479160308838,0.2729208171367645,0.30506396293640137,-3.1154558658599854,2.4897477626800537,0.10443906486034393,0.05173571780323982,-0.00844989437609911,0.007501548156142235,0.008210000582039356,-0.05127793923020363,-0.00042355444747954607,-0.9986843466758728,0.0,0.0,0.0,0.5199999809265137,0.0010999999940395355,-0.004600000102072954,-0.2928999960422516,0.29429998993873596,-0.8654000163078308,0.8618999719619751,-0.013000000268220901,-0.012900000438094139,-0.013799999840557575,0.010599999688565731,-0.004100000020116568,0.014399999752640724,0.09669999778270721,-0.0771000012755394,-1.0189520120620728,0.9092360138893127,-0.4006986618041992,0.7949804663658142,-3.8144962787628174,3.386168956756592,0.4280878007411957,0.18473756313323975
3.039999932,0.0011,-0.0045,0.6827,-0.6813,1.229,-1.2325,0.9914,-0.633,-0.0133,-0.0132,-0.0032,0.0069,-0.0048,0.0153,0.0901,-0.0808,-1.5334471464157104,1.3737614154815674,0.2553631663322449,0.29712197184562683,-3.096336603164673,2.4909422397613525,0.1041797399520874,0.054392170161008835,-0.009064688347280025,0.0017476993380114436,0.0014435763005167246,-0.05121035501360893,-0.0004222288553137332,-0.9986878633499146,0.0,0.0,0.0,0.5199999809265137,0.0010999999940395355,-0.0044999998062849045,-0.2928999960422516,0.29429998993873596,-0.8654000163078308,0.8618999719619751,-0.013299999758601189,-0.013199999928474426,-0.0031999999191612005,0.006899999920278788,-0.004800000227987766,0.015300000086426735,0.09009999781847,-0.08079999685287476,-1.0196760892868042,0.9075719714164734,-0.4047727882862091,0.7926826477050781,-3.808043956756592,3.384591817855835,0.4370962679386139,0.19152286648750305
3.049999932,0.0011,-0.0046,0.6828,-0.6813,1.229,-1.2325,0.9923,-0.6339,-0.0136,-0.0135,-0.0038,0.0047,-0.0045,0.015,0.0908,-0.0827,-1.5309816598892212,1.3775708675384521,0.2551204562187195,0.29814162850379944,-3.1004257202148438,2.492091655731201,0.10153594613075256,0.053968485444784164,-0.008936513215303421,0.0010318985441699624,0.00617603724822402,-0.05121035501360893,-0.0004222288553137332,-0.9986878633499146,0.0,0.0,0.0,0.5199999809265137,0.0010999999940395355,-0.004600000102072954,-0.29280000925064087,0.29429998993873596,-0.8654000163078308,0.8618999719619751,-0.01360000018030405,-0.013500000350177288,-0.003800000064074993,0.004699999932199717,-0.0044999998062849045,0.014999999664723873,0.09080000221729279,-0.08269999921321869,-1.0209847688674927,0.9059609770774841,-0.4157712161540985,0.7871413230895996,-3.795344352722168,3.3854482173919678,0.43473896384239197,0.20140868425369263
3.059999932,0.0011,-0.0046,0.6828,-0.6813,1.229,-1.2325,0.9933,-0.6349,-0.0136,-0.0136,-0.0154,0.0112,-0.0041,0.0143,0.0964,-0.0867,-1.5288811922073364,1.3780521154403687,0.2715819478034973,0.3043596148490906,-3.118360996246338,2.4947588443756104,0.10195411741733551,0.05144666135311127,-0.00844325590878725,0.007904211059212685,0.013117589987814426,-0.05122934654355049,-0.0004265770548954606,-0.9986868500709534,0.0,0.0,0.0,0.5199999809265137,0.0010999999940395355,-0.004600000102072954,-0.29280000925064087,0.29429998993873596,-0.8654000163078308,0.8618999719619751,-0.01360000018030405,-0.01360000018030405,-0.015399999916553497,0.01119999960064888,-0.004100000020116568,0.014299999922513962,0.09640000015497208,-0.08669999986886978,-1.019361138343811,0.908280611038208,-0.41577303409576416,0.7876744270324707,-3.7980504035949707,3.3861944675445557,0.4243037700653076,0.19933393597602844
3.069999932,0.0011,-0.0046,0.6827,-0.6813,1.229,-1.2325,0.9944,-0.6359,-0.0131,-0.013,-0.0183,0.0099,-0.0042,0.0142,0.1024,-0.0817,-1.5289493799209595,1.3777639865875244,0.2834252715110779,0.31245532631874084,-3.129549980163574,2.491345167160034,0.10356280207633972,0.050480905920267105,-0.007962552830576897,0.008618714287877083,0.015584356151521206,-0.05122245103120804,-0.00042111767106689513,-0.998687207698822,0.0,0.0,0.0,0.5199999809265137,0.0010999999940395355,-0.004600000102072954,-0.2928999960422516,0.29429998993873596,-0.8654000163078308,0.8618999719619751,-0.013100000098347664,-0.013000000268220901,-0.018300000578165054,0.00989999994635582,-0.00419999985024333,0.0142000000923872,0.10239999741315842,-0.08169999718666077,-1.017960786819458,0.9085947275161743,-0.4055720269680023,0.7922530770301819,-3.809980630874634,3.387925863265991,0.4270964562892914,0.18844664096832275
3.079999931,0.0011,-0.0046,0.6827,-0.6813,1.229,-1.2326,0.9954,-0.6368,-0.013,-0.013,-0.0132,0.0108,-0.0043,0.0148,0.1023,-0.0828,-1.5300747156143188,1.3755079507827759,0.27395597100257874,0.30675816535949707,-3.1166093349456787,2.489710569381714,0.10611891746520996,0.05257486179471016,-0.008618294261395931,0.007175507489591837,0.007254655938595533,-0.05122245103120804,-0.00042111767106689513,-0.998687207698822,0.0,0.0,0.0,0.5199999809265137,0.0010999999940395355,-0.004600000102072954,-0.2928999960422516,0.29429998993873596,-0.8654000163078308,0.8618000149726868,-0.013000000268220901,-0.013000000268220901,-0.013199999928474426,0.01080000028014183,-0.00430000014603138,0.014800000004470348,0.1023000031709671,-0.0828000009059906,-1.0179729461669922,0.9084426760673523,-0.398069828748703,0.7975635528564453,-3.817446708679199,3.385643482208252,0.43473121523857117,0.18558362126350403
3.0899999310000004,0.0011,-0.0045,0.6827,-0.6813,1.229,-1.2326,0.9964,-0.6379,-0.0133,-0.0134,-0.0033,0.0073,-0.0044,0.0152,0.0968,-0.087,-1.5315219163894653,1.3732006549835205,0.2568241059780121,0.2982807457447052,-3.0981223583221436,2.4920501708984375,0.10587166994810104,0.054756857454776764,-0.009317747317254543,0.0019442810444161296,0.0012300662929192185,-0.051153331995010376,-0.00042677359306253493,-0.9986907839775085,0.0,0.0,0.0,0.5199999809265137,0.0010999999940395355,-0.0044999998062849045,-0.2928999960422516,0.29429998993873596,-0.8654000163078308,0.8618000149726868,-0.013299999758601189,-0.013399999588727951,-0.0032999999821186066,0.007300000172108412,-0.004399999976158142,0.015200000256299973,0.09679999947547913,-0.08699999749660492,-1.0187164545059204,0.9069386124610901,-0.40404269099235535,0.7938254475593567,-3.808826208114624,3.3843936920166016,0.44493567943573,0.19373944401741028
3.099999931,0.0011,-0.0045,0.6827,-0.6813,1.229,-1.2325,0.9975,-0.6389,-0.0136,-0.0136,-0.0042,0.0042,-0.0044,0.0151,0.0978,-0.0881,-1.5304547548294067,1.3756486177444458,0.25928130745887756,0.3017365336418152,-3.104396343231201,2.493227958679199,0.10280746966600418,0.05388806015253067,-0.009020188823342323,0.0007331717060878873,0.007366574835032225,-0.051153331995010376,-0.00042677359306253493,-0.9986907839775085,0.0,0.0,0.0,0.5199999809265137,0.0010999999940395355,-0.0044999998062849045,-0.2928999960422516,0.29429998993873596,-0.8654000163078308,0.8618999719619751,-0.01360000018030405,-0.01360000018030405,-0.00419999985024333,0.00419999985024333,-0.004399999976158142,0.01510000042617321,0.09780000150203705,-0.08810000121593475,-1.0197012424468994,0.9055737853050232,-0.4148039221763611,0.787940502166748,-3.796508312225342,3.3859801292419434,0.4428466856479645,0.2016274333000183
3.1099999310000004,0.0011,-0.0046,0.6827,-0.6813,1.229,-1.2325,0.9985,-0.6399,-0.0136,-0.0136,-0.0175,0.0092,-0.0037,0.0141,0.1082,-0.0881,-1.5275250673294067,1.378574013710022,0.2800058126449585,0.3114011287689209,-3.1276731491088867,2.4924674034118652,0.1026080772280693,0.05087301880121231,-0.008388275280594826,0.0077963718213140965,0.016166990622878075,-0.05116197466850281,-0.00042982512968592346,-0.9986903071403503,0.0,0.0,0.0,0.5199999809265137,0.0010999999940395355,-0.004600000102072954,-0.2928999960422516,0.29429998993873596,-0.8654000163078308,0.8618999719619751,-0.01360000018030405,-0.01360000018030405,-0.017500000074505806,0.009200000204145908,-0.003700000001117587,0.014100000262260437,0.10819999873638153,-0.08810000121593475,-1.0190098285675049,0.9071924090385437,-0.41322579979896545,0.7900376915931702,-3.8006908893585205,3.386958599090576,0.43078988790512085,0.19793224334716797
3.119999931,0.0011,-0.0046,0.6826,-0.6813,1.229,-1.2325,0.9997,-0.6409,-0.0132,-0.0132,-0.019,0.0101,-0.0042,0.0145,0.1134,-0.0855,-1.5284804105758667,1.3768310546875,0.2864916920661926,0.315348744392395,-3.131272792816162,2.4887750148773193,0.10500368475914001,0.05086589604616165,-0.0082236984744668,0.00859923381358385,0.014294651336967945,-0.05113016068935394,-0.00042261616908945143,-0.998691976070404,0.0,0.0,0.0,0.5199999809265137,0.0010999999940395355,-0.004600000102072954,-0.2930000126361847,0.29429998993873596,-0.8654000163078308,0.8618999719619751,-0.013199999928474426,-0.013199999928474426,-0.01899999938905239,0.010099999606609344,-0.00419999985024333,0.014499999582767487,0.11339999735355377,-0.08550000190734863,-1.0170567035675049,0.9089426398277283,-0.4002961218357086,0.7968140840530396,-3.816162109375,3.386384963989258,0.43207231163978577,0.18587207794189453
3.1299999300000003,0.0011,-0.0046,0.6825,-0.6812,1.229,-1.2325,1.0009,-0.6419,-0.0133,-0.0133,-0.0047,0.0049,-0.0045,0.015,0.1075,-0.0874,-1.5311743021011353,1.3748855590820312,0.26618120074272156,0.3064807951450348,-3.1077651977539062,2.485635757446289,0.10567503422498703,0.05506002530455589,-0.009037469513714314,0.0011926288716495037,0.0032425904646515846,-0.05113016068935394,-0.00042261616908945143,-0.998691976070404,0.0,0.0,0.0,0.5199999809265137,0.0010999999940395355,-0.004600000102072954,-0.2930999994277954,0.29440000653266907,-0.8654000163078308,0.8618999719619751,-0.013299999758601189,-0.013299999758601189,-0.004699999932199717,0.004900000058114529,-0.0044999998062849045,0.014999999664723873,0.10750000178813934,-0.08739999681711197,-1.0176669359207153,0.9078073501586914,-0.396272212266922,0.7995058298110962,-3.8185951709747314,3.3839499950408936,0.442694753408432,0.1863635778427124
3.13999993,0.0011,-0.0045,0.6826,-0.6812,1.2289,-1.2325,1.002,-0.643,-0.0133,-0.0134,-0.0009,0.0133,-0.0055,0.0159,0.1119,-0.0921,-1.5316224098205566,1.3689619302749634,0.22617465257644653,0.2721104919910431,-3.059969425201416,2.499563694000244,0.10549496114253998,0.05570168420672417,-0.01020054891705513,0.002708642277866602,-0.015491745434701443,-0.0510738305747509,-0.00042622184264473617,-0.9986948370933533,0.0,0.0,0.0,0.5199999809265137,0.0010999999940395355,-0.0044999998062849045,-0.2930000126361847,0.29440000653266907,-0.8654999732971191,0.8618999719619751,-0.013299999758601189,-0.013399999588727951,-0.0008999999845400453,0.013299999758601189,-0.005499999970197678,0.01590000092983246,0.11190000176429749,-0.09210000187158585,-1.0194694995880127,0.9065036773681641,-0.40905919671058655,0.7934471964836121,-3.802943468093872,3.3818905353546143,0.4442001283168793,0.20276010036468506
3.1499999300000003,0.0011,-0.0045,0.6827,-0.6812,1.2289,-1.2325,1.0032,-0.644,-0.0138,-0.0139,-0.014,0.0086,-0.0042,0.0155,0.1243,-0.0835,-1.5262773036956787,1.3754088878631592,0.2423267513513565,0.27721303701400757,-3.084726572036743,2.510488748550415,0.09985142946243286,0.04615484178066254,-0.009215419180691242,0.005719848908483982,0.0049507091753184795,-0.0510738305747509,-0.00042622184264473617,-0.9986948370933533,0.0,0.0,0.0,0.5199999809265137,0.0010999999940395355,-0.0044999998062849045,-0.2928999960422516,0.29440000653266907,-0.8654999732971191,0.8618999719619751,-0.013799999840557575,-0.013899999670684338,-0.014000000432133675,0.00860000029206276,-0.00419999985024333,0.01549999974668026,0.12430000305175781,-0.08349999785423279,-1.019768238067627,0.9027479887008667,-0.43527689576148987,0.7710936665534973,-3.7713463306427,3.391235828399658,0.44435983896255493,0.20438674092292786
3.15999993,0.0011,-0.0046,0.6825,-0.6812,1.229,-1.2325,1.0046,-0.6449,-0.0156,-0.0156,-0.0356,0.0082,-0.0023,0.0153,0.1431,-0.0715,-1.5236735343933105,1.3827550411224365,0.2947887182235718,0.3083813190460205,-3.146923303604126,2.5045278072357178,0.09790152311325073,0.03710835054516792,-0.009120444767177105,0.013838532380759716,0.029312945902347565,-0.05109131336212158,-0.00043351357453502715,-0.9986937642097473,0.0,0.0,0.0,0.5199999809265137,0.0010999999940395355,-0.004600000102072954,-0.2930999994277954,0.29440000653266907,-0.8654000163078308,0.8618999719619751,-0.015599999576807022,-0.015599999576807022,-0.035599999129772186,0.008200000040233135,-0.002300000051036477,0.015300000086426735,0.14309999346733093,-0.07150000333786011,-1.0162382125854492,0.9070125818252563,-0.42518216371536255,0.7741820216178894,-3.787764310836792,3.3984925746917725,0.42426571249961853,0.1679193675518036
3.1699999290000003,0.0011,-0.0046,0.6822,-0.6812,1.229,-1.2325,1.0061,-0.6458,-0.0125,-0.0123,-0.035,0.011,-0.0041,0.0149,0.1487,-0.0714,-1.5313091278076172,1.3775125741958618,0.3023706376552582,0.31445083022117615,-3.1469178199768066,2.4954962730407715,0.10325629264116287,0.03883538022637367,-0.007240464445203543,0.014458143152296543,0.01964319869875908,-0.0509847030043602,-0.00041009054984897375,-0.9986993670463562,0.0,0.0,0.0,0.5199999809265137,0.0010999999940395355,-0.004600000102072954,-0.29339998960494995,0.29440000653266907,-0.8654000163078308,0.8618999719619751,-0.012500000186264515,-0.012299999594688416,-0.03500000014901161,0.010999999940395355,-0.004100000020116568,0.01489999983459711,0.14869999885559082,-0.0714000016450882,-1.0146223306655884,0.9115967154502869,-0.3920475244522095,0.7949342131614685,-3.828902244567871,3.394505262374878,0.4202260971069336,0.13413339853286743
3.179999929,0.0011,-0.0046,0.6821,-0.6811,1.229,-1.2325,1.0076,-0.6467,-0.0126,-0.0126,-0.0128,0.0113,-0.0057,0.0168,0.138,-0.0848,-1.5363287925720215,1.3731160163879395,0.25708359479904175,0.28745144605636597,-3.093752384185791,2.491992950439453,0.10663356631994247,0.04590308666229248,-0.009092740714550018,0.005242985673248768,-0.005843469873070717,-0.0509847030043602,-0.00041009054984897375,-0.9986993670463562,0.0,0.0,0.0,0.5199999809265137,0.0010999999940395355,-0.004600000102072954,-0.29350000619888306,0.2944999933242798,-0.8654000163078308,0.8618999719619751,-0.012600000016391277,-0.012600000016391277,-0.012799999676644802,0.011300000362098217,-0.00570000009611249,0.01679999940097332,0.1379999965429306,-0.08479999750852585,-1.0195060968399048,0.9083216786384583,-0.3875529170036316,0.7991672158241272,-3.8290185928344727,3.3884575366973877,0.44276517629623413,0.14106151461601257
3.1899999290000003,0.0011,-0.0045,0.6822,-0.6811,1.229,-1.2325,1.0089,-0.6478,-0.0139,-0.014,-0.0034,0.0057,-0.0052,0.0168,0.1314,-0.0966,-1.536453127861023,1.3745920658111572,0.23644742369651794,0.27691298723220825,-3.076533555984497,2.4983925819396973,0.10221580415964127,0.046737682074308395,-0.009993615560233593,-0.0016102020163089037,-0.004249191842973232,-0.05086994543671608,-0.00042394435149617493,-0.9987053275108337,0.0,0.0,0.0,0.5199999809265137,0.0010999999940395355,-0.0044999998062849045,-0.29339998960494995,0.2944999933242798,-0.8654000163078308,0.8618999719619751,-0.013899999670684338,-0.014000000432133675,-0.0034000000450760126,0.00570000009611249,-0.005200000014156103,0.01679999940097332,0.131400004029274,-0.0966000035405159,-1.0228592157363892,0.9053707122802734,-0.41646426916122437,0.7813876271247864,-3.7936816215515137,3.3862485885620117,0.4541342556476593,0.1666523516178131
3.199999929,0.0011,-0.0046,0.6822,-0.6812,1.2289,-1.2325,1.0103,-0.649,-0.0139,-0.0142,-0.0164,0.0011,-0.004,0.0144,0.1393,-0.1007,-1.5337122678756714,1.3831318616867065,0.27028772234916687,0.30246779322624207,-3.1200296878814697,2.4981794357299805,0.0961761549115181,0.04271790012717247,-0.008245013654232025,0.0007371060200966895,0.02016557566821575,-0.05086994543671608,-0.00042394435149617493,-0.9987053275108337,0.0,0.0,0.0,0.5199999809265137,0.0010999999940395355,-0.004600000102072954,-0.29339998960494995,0.29440000653266907,-0.8654999732971191,0.8618999719619751,-0.013899999670684338,-0.0142000000923872,-0.01640000008046627,0.0010999999940395355,-0.004000000189989805,0.014399999752640724,0.13930000364780426,-0.1006999984383583,-1.0230287313461304,0.9064613580703735,-0.42939504981040955,0.773988664150238,-3.7821691036224365,3.390515089035034,0.43514320254325867,0.16763073205947876
3.2099999290000003,0.0011,-0.0046,0.682,-0.6812,1.229,-1.2325,1.0118,-0.6501,-0.0132,-0.0136,-0.0322,0.01,-0.0037,0.0133,0.1525,-0.1053,-1.5351394414901733,1.383150577545166,0.30365490913391113,0.32276400923728943,-3.1525158882141113,2.4910433292388916,0.09789136052131653,0.04238610342144966,-0.007248503156006336,0.00955163687467575,0.02711581252515316,-0.05098117142915726,-0.0004267943440936506,-0.9986995458602905,0.0,0.0,0.0,0.5199999809265137,0.0010999999940395355,-0.004600000102072954,-0.2935999929904938,0.29440000653266907,-0.8654000163078308,0.8618999719619751,-0.013199999928474426,-0.01360000018030405,-0.03220000118017197,0.009999999776482582,-0.003700000001117587,0.013299999758601189,0.1525000035762787,-0.10530000180006027,-1.021201491355896,0.9119412302970886,-0.4077015221118927,0.7905185222625732,-3.811286449432373,3.3902130126953125,0.41256460547447205,0.15073159337043762
3.219999928,0.0011,-0.0046,0.6819,-0.6812,1.229,-1.2325,1.0134,-0.6514,-0.013,-0.0135,-0.0173,0.012,-0.0049,0.0147,0.148,-0.1138,-1.5394041538238525,1.3776943683624268,0.278562068939209,0.3103187382221222,-3.1186835765838623,2.4832937717437744,0.10262460261583328,0.049690745770931244,-0.008664127439260483,0.004084043204784393,0.005891705397516489,-0.0509505458176136,-0.0004241372807882726,-0.9987011551856995,0.0,0.0,0.0,0.5199999809265137,0.0010999999940395355,-0.004600000102072954,-0.2937000095844269,0.29440000653266907,-0.8654000163078308,0.8618999719619751,-0.013000000268220901,-0.013500000350177288,-0.01730000041425228,0.012000000104308128,-0.004900000058114529,0.014700000174343586,0.14800000190734863,-0.11379999667406082,-1.0221062898635864,0.911993682384491,-0.3869100511074066,0.8046426773071289,-3.83272385597229,3.3853821754455566,0.4220654368400574,0.14848440885543823
3.2299999280000002,0.0011,-0.0045,0.6819,-0.6811,1.229,-1.2325,1.0148,-0.6528,-0.0138,-0.0145,-0.0025,0.0102,-0.0053,0.0156,0.138,-0.1247,-1.5398650169372559,1.3746232986450195,0.24524249136447906,0.2904115617275238,-3.0818634033203125,2.4867711067199707,0.10208438336849213,0.05444716289639473,-0.010177906602621078,-0.0027297758497297764,-0.00589197501540184,-0.0509505458176136,-0.0004241372807882726,-0.9987011551856995,0.0,0.0,0.0,0.5199999809265137,0.0010999999940395355,-0.0044999998062849045,-0.2937000095844269,0.2944999933242798,-0.8654000163078308,0.8618999719619751,-0.013799999840557575,-0.014499999582767487,-0.0024999999441206455,0.010200000368058681,-0.0052999998442828655,0.015599999576807022,0.1379999965429306,-0.12470000237226486,-1.0249360799789429,0.9083629250526428,-0.4028452932834625,0.7964791655540466,-3.810249090194702,3.3803091049194336,0.4400984048843384,0.17600297927856445
3.239999928,0.0011,-0.0045,0.682,-0.6811,1.2289,-1.2325,1.0162,-0.6542,-0.0142,-0.015,-0.0047,0.0026,-0.0045,0.0146,0.1376,-0.1259,-1.5370337963104248,1.3797571659088135,0.25546708703041077,0.301273912191391,-3.0985660552978516,2.4899961948394775,0.09632223099470139,0.053094532340765,-0.00937410444021225,-0.005173366982489824,0.009660801850259304,-0.05097724124789238,-0.00043932851986028254,-0.9986996650695801,0.0,0.0,0.0,0.5199999809265137,0.0010999999940395355,-0.0044999998062849045,-0.2935999929904938,0.2944999933242798,-0.8654999732971191,0.8618999719619751,-0.0142000000923872,-0.014999999664723873,-0.004699999932199717,0.0026000000070780516,-0.0044999998062849045,0.014600000344216824,0.13760000467300415,-0.125900000333786,-1.025296688079834,0.9064488410949707,-0.42407166957855225,0.7832877039909363,-3.785728931427002,3.3826873302459717,0.4359375238418579,0.19284865260124207
3.2499999280000003,0.0011,-0.0046,0.6819,-0.6812,1.2289,-1.2325,1.0177,-0.6556,-0.0138,-0.0148,-0.0237,0.0091,-0.0037,0.0131,0.1485,-0.1262,-1.533337116241455,1.3836033344268799,0.29231390357017517,0.3228492736816406,-3.138062000274658,2.4874730110168457,0.09567362070083618,0.04993975907564163,-0.008049176074564457,0.004617140628397465,0.02440929040312767,-0.05097724124789238,-0.00043932851986028254,-0.9986996650695801,0.0,0.0,0.0,0.5199999809265137,0.0010999999940395355,-0.004600000102072954,-0.2937000095844269,0.29440000653266907,-0.8654999732971191,0.8618999719619751,-0.013799999840557575,-0.014800000004470348,-0.02370000071823597,0.009100000374019146,-0.003700000001117587,0.013100000098347664,0.148499995470047,-0.12620000541210175,-1.0234358310699463,0.909838080406189,-0.4172019362449646,0.790022611618042,-3.797010660171509,3.3847708702087402,0.41280892491340637,0.18719813227653503
3.2599999270000004,0.0011,-0.0046,0.6818,-0.6811,1.229,-1.2325,1.0193,-0.657,-0.0132,-0.0141,-0.0205,0.0115,-0.0044,0.0136,0.1496,-0.1258,-1.5356827974319458,1.3798835277557373,0.2919410467147827,0.323740154504776,-3.13222074508667,2.480663776397705,0.09971807152032852,0.053585607558488846,-0.008308014832437038,0.004536730702966452,0.014905315823853016,-0.051087867468595505,-0.00043225722038187087,-0.998694121837616,0.0,0.0,0.0,0.5199999809265137,0.0010999999940395355,-0.004600000102072954,-0.2937999963760376,0.2944999933242798,-0.8654000163078308,0.8618999719619751,-0.013199999928474426,-0.014100000262260437,-0.020500000566244125,0.011500000022351742,-0.004399999976158142,0.01360000018030405,0.14959999918937683,-0.1257999986410141,-1.0209447145462036,0.9122155904769897,-0.3941040635108948,0.8046395182609558,-3.8232879638671875,3.382988691329956,0.4123944938182831,0.17451903223991394
3.269999927,0.0011,-0.0045,0.6818,-0.6811,1.2289,-1.2325,1.0207,-0.6585,-0.0135,-0.0144,-0.0027,0.0098,-0.0051,0.0149,0.1377,-0.1313,-1.5380665063858032,1.3743923902511597,0.25774917006492615,0.3046171963214874,-3.0907540321350098,2.481010675430298,0.10178852826356888,0.05954993888735771,-0.00985526293516159,-0.002593634184449911,-0.0029868900310248137,-0.05106782168149948,-0.00043450974044390023,-0.9986951351165771,0.0,0.0,0.0,0.5199999809265137,0.0010999999940395355,-0.0044999998062849045,-0.2937999963760376,0.2944999933242798,-0.8654999732971191,0.8618999719619751,-0.013500000350177288,-0.014399999752640724,-0.0027000000700354576,0.009800000116229057,-0.005100000184029341,0.01489999983459711,0.13770000636577606,-0.13130000233650208,-1.0224685668945312,0.909782350063324,-0.39433929324150085,0.8055934309959412,-3.8192405700683594,3.3784825801849365,0.4287922978401184,0.18918243050575256
3.2799999270000004,0.0011,-0.0045,0.6818,-0.681,1.2289,-1.2325,1.0221,-0.6599,-0.0141,-0.015,-0.0037,0.0064,-0.0049,0.0151,0.1367,-0.1294,-1.5341780185699463,1.3772897720336914,0.2554194927215576,0.30240896344184875,-3.0911591053009033,2.485773801803589,0.09826765954494476,0.058336082845926285,-0.00981359463185072,-0.003441867185756564,0.0038769724778831005,-0.05106782168149948,-0.00043450974044390023,-0.9986951351165771,0.0,0.0,0.0,0.5199999809265137,0.0010999999940395355,-0.0044999998062849045,-0.2937999963760376,0.2946000099182129,-0.8654999732971191,0.8618999719619751,-0.014100000262260437,-0.014999999664723873,-0.003700000001117587,0.006399999838322401,-0.004900000058114529,0.01510000042617321,0.13670000433921814,-0.12939999997615814,-1.0240776538848877,0.9063016176223755,-0.41594722867012024,0.7927314639091492,-3.7918426990509033,3.378800392150879,0.4346941113471985,0.2119397521018982
3.289999927,0.0011,-0.0045,0.6818,-0.6811,1.2289,-1.2325,1.0235,-0.6614,-0.0141,-0.0152,-0.0192,0.0119,-0.004,0.0135,0.1412,-0.1306,-1.5304433107376099,1.3792279958724976,0.2826220393180847,0.3157770037651062,-3.1213908195495605,2.489196538925171,0.09782390296459198,0.05377162992954254,-0.008828140795230865,0.005153872072696686,0.017434049397706985,-0.051153313368558884,-0.0004421728372108191,-0.998690664768219,0.0,0.0,0.0,0.5199999809265137,0.0010999999940395355,-0.0044999998062849045,-0.2937999963760376,0.2944999933242798,-0.8654999732971191,0.8618999719619751,-0.014100000262260437,-0.015200000256299973,-0.019200000911951065,0.011900000274181366,-0.004000000189989805,0.013500000350177288,0.1412000060081482,-0.1306000053882599,-1.0215253829956055,0.9081931710243225,-0.41756701469421387,0.7912326455116272,-3.7920994758605957,3.3819892406463623,0.4204106330871582,0.207464337348938
3.299999927,0.0011,-0.0046,0.6817,-0.681,1.2289,-1.2325,1.025,-0.6628,-0.0135,-0.0144,-0.0222,0.0104,-0.004,0.0133,0.1458,-0.1227,-1.5299562215805054,1.380408525466919,0.2985735833644867,0.3265031576156616,-3.1367554664611816,2.4830238819122314,0.10028696060180664,0.05310872942209244,-0.008165010251104832,0.006289330776780844,0.019646624103188515,-0.051153313368558884,-0.0004421728372108191,-0.998690664768219,0.0,0.0,0.0,0.5199999809265137,0.0010999999940395355,-0.004600000102072954,-0.2939000129699707,0.2946000099182129,-0.8654999732971191,0.8618999719619751,-0.013500000350177288,-0.014399999752640724,-0.022199999541044235,0.010400000028312206,-0.004000000189989805,0.013299999758601189,0.14579999446868896,-0.12269999831914902,-1.0190355777740479,0.9094719886779785,-0.40046530961990356,0.8003113269805908,-3.8121938705444336,3.384164333343506,0.4195356070995331,0.1889665126800537
3.309999926,0.0011,-0.0046,0.6817,-0.681,1.2289,-1.2325,1.0265,-0.6641,-0.0135,-0.0142,-0.0039,0.0083,-0.0044,0.0143,0.1362,-0.1252,-1.5336041450500488,1.3757745027542114,0.2671000063419342,0.3098965287208557,-3.0990681648254395,2.4805541038513184,0.10299172252416611,0.05916016548871994,-0.009633113630115986,-0.0009683528915047646,-0.00018995032587554306,-0.05118963122367859,-0.0004315172554925084,-0.998688817024231,0.0,0.0,0.0,0.5199999809265137,0.0010999999940395355,-0.004600000102072954,-0.2939000129699707,0.2946000099182129,-0.8654999732971191,0.8618999719619751,-0.013500000350177288,-0.0142000000923872,-0.0038999998942017555,0.008299999870359898,-0.004399999976158142,0.014299999922513962,0.13619999587535858,-0.12520000338554382,-1.0186707973480225,0.9101123809814453,-0.3902309536933899,0.8075621128082275,-3.822437047958374,3.380035877227783,0.4303078353404999,0.18789491057395935
3.3199999260000004,0.0011,-0.0046,0.6817,-0.6809,1.2289,-1.2325,1.0279,-0.6656,-0.0141,-0.015,-0.003,0.0101,-0.0049,0.0153,0.1361,-0.1257,-1.5306435823440552,1.375943899154663,0.24903953075408936,0.2935159504413605,-3.0799031257629395,2.4879322052001953,0.10122239589691162,0.05877922847867012,-0.010323752649128437,-0.0007110204896889627,-0.003755990881472826,-0.051201529800891876,-0.0004342375905252993,-0.998688280582428,0.0,0.0,0.0,0.5199999809265137,0.0010999999940395355,-0.004600000102072954,-0.2939000129699707,0.2946999967098236,-0.8654999732971191,0.8618999719619751,-0.014100000262260437,-0.014999999664723873,-0.003000000026077032,0.010099999606609344,-0.004900000058114529,0.015300000086426735,0.13609999418258667,-0.1256999969482422,-1.021102786064148,0.907036304473877,-0.40999332070350647,0.7963510155677795,-3.7973387241363525,3.3784561157226562,0.43920689821243286,0.211600661277771
3.329999926,0.0011,-0.0046,0.6817,-0.6809,1.2289,-1.2325,1.0293,-0.6669,-0.0144,-0.0152,-0.0164,0.0109,-0.0039,0.0142,0.1423,-0.1231,-1.5262627601623535,1.379333734512329,0.2708050310611725,0.3027034103870392,-3.106783390045166,2.4945738315582275,0.09887318313121796,0.05243095010519028,-0.009356288239359856,0.00498599698767066,0.012193508446216583,-0.051201529800891876,-0.0004342375905252993,-0.998688280582428,0.0,0.0,0.0,0.5199999809265137,0.0010999999940395355,-0.004600000102072954,-0.2939000129699707,0.2946999967098236,-0.8654999732971191,0.8618999719619751,-0.014399999752640724,-0.015200000256299973,-0.01640000008046627,0.010900000110268593,-0.0038999998942017555,0.0142000000923872,0.14229999482631683,-0.12309999763965607,-1.0191690921783447,0.9070959687232971,-0.42197364568710327,0.7857506275177002,-3.784595489501953,3.38344144821167,0.4321095943450928,0.2099769115447998
3.3399999260000004,0.0011,-0.0046,0.6816,-0.6809,1.2289,-1.2325,1.0308,-0.6683,-0.0137,-0.0143,-0.0262,0.0101,-0.0035,0.0134,0.1515,-0.1144,-1.5267633199691772,1.3805547952651978,0.2984069883823395,0.31998398900032043,-3.1360385417938232,2.4913902282714844,0.09963932633399963,0.04866832122206688,-0.008132859133183956,0.008805576711893082,0.02194884978234768,-0.0512620247900486,-0.0004283756425138563,-0.9986850619316101,0.0,0.0,0.0,0.5199999809265137,0.0010999999940395355,-0.004600000102072954,-0.2939999997615814,0.2946999967098236,-0.8654999732971191,0.8618999719619751,-0.013700000010430813,-0.014299999922513962,-0.026200000196695328,0.010099999606609344,-0.0035000001080334187,0.013399999588727951,0.15150000154972076,-0.1143999993801117,-1.0162684917449951,0.9093425273895264,-0.408356636762619,0.7919289469718933,-3.8024489879608154,3.387795925140381,0.42395272850990295,0.18510380387306213
3.349999925,0.0011,-0.0046,0.6815,-0.6809,1.2289,-1.2325,1.0324,-0.6695,-0.0134,-0.014,-0.0188,0.0116,-0.0042,0.0143,0.1506,-0.1148,-1.5306254625320435,1.3771404027938843,0.2865091860294342,0.31326374411582947,-3.1186811923980713,2.4863903522491455,0.10329052060842514,0.05153726786375046,-0.008860915899276733,0.006731078960001469,0.008678406476974487,-0.0512620247900486,-0.0004283756425138563,-0.9986850619316101,0.0,0.0,0.0,0.5199999809265137,0.0010999999940395355,-0.004600000102072954,-0.29409998655319214,0.2946999967098236,-0.8654999732971191,0.8618999719619751,-0.013399999588727951,-0.014000000432133675,-0.018799999728798866,0.011599999852478504,-0.00419999985024333,0.014299999922513962,0.15060000121593475,-0.11479999870061874,-1.0165555477142334,0.9102165699005127,-0.39080867171287537,0.8033959865570068,-3.821925640106201,3.3856201171875,0.42885729670524597,0.17179328203201294
3.3599999250000003,0.0011,-0.0046,0.6815,-0.6809,1.2289,-1.2325,1.0339,-0.6709,-0.0139,-0.0146,-0.0034,0.0088,-0.0049,0.0154,0.1408,-0.1223,-1.53218674659729,1.3755704164505005,0.2555757462978363,0.29548969864845276,-3.0853970050811768,2.4877054691314697,0.10338613390922546,0.05510504171252251,-0.010145943611860275,-0.000549035903532058,-0.003977290820330381,-0.051182910799980164,-0.0004201042465865612,-0.9986892342567444,0.0,0.0,0.0,0.5199999809265137,0.0010999999940395355,-0.004600000102072954,-0.29409998655319214,0.2946999967098236,-0.8654999732971191,0.8618999719619751,-0.013899999670684338,-0.014600000344216824,-0.0034000000450760126,0.008799999952316284,-0.004900000058114529,0.015399999916553497,0.14079999923706055,-0.12229999899864197,-1.0191103219985962,0.9079602956771851,-0.3984472155570984,0.7990158200263977,-3.8104007244110107,3.3823468685150146,0.4432820677757263,0.18318906426429749
3.369999925,0.0011,-0.0046,0.6815,-0.6809,1.2289,-1.2325,1.0353,-0.6723,-0.0144,-0.0152,-0.0048,0.0042,-0.0043,0.0147,0.1406,-0.1245,-1.5306559801101685,1.3793672323226929,0.25869566202163696,0.29905882477760315,-3.0938031673431396,2.491780996322632,0.0986279770731926,0.053450267761945724,-0.009809168986976147,-0.0021710959263145924,0.006100253202021122,-0.05123230814933777,-0.0004230349441058934,-0.998686671257019,0.0,0.0,0.0,0.5199999809265137,0.0010999999940395355,-0.004600000102072954,-0.29409998655319214,0.2946999967098236,-0.8654999732971191,0.8618999719619751,-0.014399999752640724,-0.015200000256299973,-0.004800000227987766,0.00419999985024333,-0.00430000014603138,0.014700000174343586,0.14059999585151672,-0.12449999898672104,-1.0201845169067383,0.9068735837936401,-0.4180428385734558,0.7869797945022583,-3.7882580757141113,3.3832969665527344,0.44170454144477844,0.1959601640701294
3.3799999250000003,0.0011,-0.0046,0.6815,-0.6809,1.2289,-1.2324,1.0368,-0.6737,-0.0142,-0.015,-0.0225,0.01,-0.0031,0.0128,0.1518,-0.1258,-1.528883457183838,1.381864070892334,0.28963935375213623,0.3153044879436493,-3.128465175628662,2.491316795349121,0.09781074523925781,0.049171868711709976,-0.008616369217634201,0.006798507180064917,0.020276376977562904,-0.05123230814933777,-0.0004230349441058934,-0.998686671257019,0.0,0.0,0.0,0.5199999809265137,0.0010999999940395355,-0.004600000102072954,-0.29409998655319214,0.2946999967098236,-0.8654999732971191,0.8619999885559082,-0.0142000000923872,-0.014999999664723873,-0.02250000089406967,0.009999999776482582,-0.003100000089034438,0.012799999676644802,0.1518000066280365,-0.1257999986410141,-1.0191973447799683,0.9093648195266724,-0.41605621576309204,0.7890525460243225,-3.7938220500946045,3.385967254638672,0.4226319193840027,0.18890106678009033
3.389999925,0.001,-0.0046,0.6814,-0.6809,1.229,-1.2325,1.0384,-0.675,-0.0136,-0.0144,-0.0223,0.0114,-0.0039,0.0135,0.1554,-0.1246,-1.5299897193908691,1.3811476230621338,0.29465970396995544,0.31963905692100525,-3.131934642791748,2.484862804412842,0.10063130408525467,0.05044415965676308,-0.008496880531311035,0.007006573025137186,0.01577388122677803,-0.05127868801355362,-0.0004084401880390942,-0.9986842274665833,0.0,0.0,0.0,0.5199999809265137,0.0010000000474974513,-0.004600000102072954,-0.29420000314712524,0.2946999967098236,-0.8654000163078308,0.8618999719619751,-0.01360000018030405,-0.014399999752640724,-0.022299999371170998,0.01140000019222498,-0.0038999998942017555,0.013500000350177288,0.15539999306201935,-0.12460000067949295,-1.0180022716522217,0.9110426902770996,-0.39660710096359253,0.8002696633338928,-3.816850185394287,3.3857312202453613,0.4216029942035675,0.17152747511863708
3.3999999240000003,0.0011,-0.0046,0.6813,-0.6808,1.229,-1.2325,1.04,-0.6765,-0.0138,-0.0149,-0.0127,0.016,-0.0045,0.0146,0.1498,-0.1331,-1.5328121185302734,1.375596046447754,0.26954713463783264,0.3007481098175049,-3.1002800464630127,2.4866020679473877,0.1040349006652832,0.05405040085315704,-0.009939920157194138,0.00502125546336174,-0.0004884275840595365,-0.05127868801355362,-0.0004084401880390942,-0.9986842274665833,0.0,0.0,0.0,0.5199999809265137,0.0010999999940395355,-0.004600000102072954,-0.29429998993873596,0.2948000133037567,-0.8654000163078308,0.8618999719619751,-0.013799999840557575,-0.01489999983459711,-0.01269999984651804,0.01600000075995922,-0.0044999998062849045,0.014600000344216824,0.14980000257492065,-0.1331000030040741,-1.0188997983932495,0.9106050729751587,-0.3934468626976013,0.8032526969909668,-3.819016456604004,3.381275177001953,0.43360522389411926,0.1768566370010376
3.409999924,0.0011,-0.0046,0.6814,-0.6808,1.2289,-1.2324,1.0414,-0.678,-0.0144,-0.0153,-0.0041,0.0076,-0.0046,0.0149,0.1447,-0.1342,-1.5320377349853516,1.3778772354125977,0.25707125663757324,0.2966771721839905,-3.090759038925171,2.4881131649017334,0.10116037726402283,0.054339177906513214,-0.010126759298145771,-0.0019934254232794046,0.0016890981933102012,-0.05124010890722275,-0.0004077231278643012,-0.9986862540245056,0.0,0.0,0.0,0.5199999809265137,0.0010999999940395355,-0.004600000102072954,-0.29420000314712524,0.2948000133037567,-0.8654999732971191,0.8619999885559082,-0.014399999752640724,-0.015300000086426735,-0.004100000020116568,0.007600000128149986,-0.004600000102072954,0.01489999983459711,0.14470000565052032,-0.13420000672340393,-1.0205947160720825,0.9068706631660461,-0.4097485840320587,0.7911654114723206,-3.7979533672332764,3.3825080394744873,0.4460996091365814,0.18958160281181335
3.4199999240000003,0.001,-0.0046,0.6814,-0.6808,1.2289,-1.2324,1.0429,-0.6795,-0.0145,-0.0156,-0.0163,0.0108,-0.004,0.0137,0.1498,-0.1381,-1.528457760810852,1.3822251558303833,0.2774599492549896,0.307767391204834,-3.1165356636047363,2.4897043704986572,0.09894290566444397,0.0511300228536129,-0.009251466952264309,0.0036369669251143932,0.014538493938744068,-0.05131438747048378,-0.00040701415855437517,-0.99868243932724,0.0,0.0,0.0,0.5199999809265137,0.0010000000474974513,-0.004600000102072954,-0.29420000314712524,0.2948000133037567,-0.8654999732971191,0.8619999885559082,-0.014499999582767487,-0.015599999576807022,-0.016300000250339508,0.01080000028014183,-0.004000000189989805,0.013700000010430813,0.14980000257492065,-0.13809999823570251,-1.0201184749603271,0.9083648324012756,-0.4172925055027008,0.7878914475440979,-3.7918126583099365,3.383735418319702,0.43358150124549866,0.19051671028137207
3.429999924,0.001,-0.0046,0.6813,-0.6808,1.229,-1.2324,1.0445,-0.681,-0.0139,-0.0149,-0.0217,0.0107,-0.0037,0.0129,0.1575,-0.1358,-1.5296063423156738,1.3821170330047607,0.2948528528213501,0.3203354775905609,-3.134664535522461,2.4854507446289062,0.09959391504526138,0.05068163201212883,-0.008488915860652924,0.005485079251229763,0.01886526495218277,-0.05131438747048378,-0.00040701415855437517,-0.99868243932724,0.0,0.0,0.0,0.5199999809265137,0.0010000000474974513,-0.004600000102072954,-0.29429998993873596,0.2948000133037567,-0.8654000163078308,0.8619999885559082,-0.013899999670684338,-0.01489999983459711,-0.021700000390410423,0.010700000450015068,-0.003700000001117587,0.012900000438094139,0.1574999988079071,-0.13580000400543213,-1.017938494682312,0.9112434387207031,-0.4045133590698242,0.795498251914978,-3.808957099914551,3.384716272354126,0.4257316291332245,0.17690008878707886
3.4399999230000002,0.001,-0.0046,0.6812,-0.6808,1.229,-1.2324,1.0462,-0.6825,-0.0138,-0.0149,-0.0137,0.0125,-0.004,0.0136,0.1564,-0.1398,-1.532143235206604,1.3788491487503052,0.27961182594299316,0.31201300024986267,-3.114692449569702,2.4816770553588867,0.10186908394098282,0.05464346706867218,-0.009413423016667366,0.0029395692981779575,0.00612103845924139,-0.05133659765124321,-0.00039445675793103874,-0.9986812472343445,0.0,0.0,0.0,0.5199999809265137,0.0010000000474974513,-0.004600000102072954,-0.29440000653266907,0.2948000133037567,-0.8654000163078308,0.8619999885559082,-0.013799999840557575,-0.01489999983459711,-0.013700000010430813,0.012500000186264515,-0.004000000189989805,0.01360000018030405,0.15639999508857727,-0.13979999721050262,-1.0186642408370972,0.9112180471420288,-0.3934780955314636,0.8038703203201294,-3.8208229541778564,3.3818271160125732,0.4298756718635559,0.17556652426719666
3.449999923,0.001,-0.0046,0.6813,-0.6807,1.229,-1.2324,1.0477,-0.6841,-0.0143,-0.0155,-0.0037,0.0095,-0.0047,0.0148,0.15,-0.1449,-1.5323702096939087,1.378455400466919,0.2586825489997864,0.3006703853607178,-3.0935044288635254,2.482637405395508,0.10075817257165909,0.057797279208898544,-0.010230117477476597,-0.0025874078273773193,-0.00019631134637165815,-0.05133659765124321,-0.00039445675793103874,-0.9986812472343445,0.0,0.0,0.0,0.5199999809265137,0.0010000000474974513,-0.004600000102072954,-0.29429998993873596,0.29490000009536743,-0.8654000163078308,0.8619999885559082,-0.014299999922513962,-0.01549999974668026,-0.003700000001117587,0.009499999694526196,-0.004699999932199717,0.014800000004470348,0.15000000596046448,-0.14489999413490295,-1.0203487873077393,0.9090394377708435,-0.40330544114112854,0.798442006111145,-3.807528257369995,3.3793580532073975,0.4387563467025757,0.19061386585235596
3.4599999230000003,0.0011,-0.0046,0.6813,-0.6807,1.2289,-1.2324,1.0492,-0.6857,-0.0141,-0.0154,-0.0024,0.0116,-0.0048,0.0143,0.1563,-0.145,-1.5334097146987915,1.3753823041915894,0.23614992201328278,0.28140509128570557,-3.0670013427734375,2.4946885108947754,0.09771211445331573,0.05750904604792595,-0.010494764894247055,-0.0023705530911684036,-0.008016899228096008,-0.051388148218393326,-0.0003990487311966717,-0.9986786246299744,0.0,0.0,0.0,0.5199999809265137,0.0010999999940395355,-0.004600000102072954,-0.29429998993873596,0.29490000009536743,-0.8654999732971191,0.8619999885559082,-0.014100000262260437,-0.015399999916553497,-0.002400000113993883,0.011599999852478504,-0.004800000227987766,0.014299999922513962,0.15629999339580536,-0.14499999582767487,-1.0205334424972534,0.9087369441986084,-0.41639164090156555,0.7908802628517151,-3.793449640274048,3.3800783157348633,0.43303269147872925,0.20220911502838135
3.469999923,0.001,-0.0046,0.6814,-0.6807,1.2289,-1.2324,1.0509,-0.6873,-0.0142,-0.0156,-0.0195,0.0121,-0.0037,0.0138,0.1669,-0.1391,-1.527578353881836,1.382509469985962,0.2611352801322937,0.29267024993896484,-3.1001157760620117,2.499878168106079,0.09342760592699051,0.049819570034742355,-0.009370331652462482,0.004117761272937059,0.011930949054658413,-0.05147593095898628,-0.00040065718349069357,-0.9986741542816162,0.0,0.0,0.0,0.5199999809265137,0.0010000000474974513,-0.004600000102072954,-0.29420000314712524,0.29490000009536743,-0.8654999732971191,0.8619999885559082,-0.0142000000923872,-0.015599999576807022,-0.019500000402331352,0.01209999993443489,-0.003700000001117587,0.013799999840557575,0.16689999401569366,-0.13910000026226044,-1.0210131406784058,0.9066948890686035,-0.4313267171382904,0.7781767249107361,-3.7759876251220703,3.3880789279937744,0.4221084713935852,0.20103618502616882
3.4799999230000003,0.001,-0.0046,0.6812,-0.6806,1.229,-1.2324,1.0527,-0.6887,-0.0136,-0.0149,-0.0311,0.0099,-0.0031,0.0131,0.1776,-0.1284,-1.529274582862854,1.3845336437225342,0.29669344425201416,0.3157219886779785,-3.138768196105957,2.4943509101867676,0.09309304505586624,0.04583814740180969,-0.008032659068703651,0.007939816452562809,0.02526698261499405,-0.05147593095898628,-0.00040065718349069357,-0.9986741542816162,0.0,0.0,0.0,0.5199999809265137,0.0010000000474974513,-0.004600000102072954,-0.29440000653266907,0.29499998688697815,-0.8654000163078308,0.8619999885559082,-0.01360000018030405,-0.01489999983459711,-0.031099999323487282,0.00989999994635582,-0.003100000089034438,0.013100000098347664,0.17759999632835388,-0.12839999794960022,-1.0173321962356567,0.9114329814910889,-0.41560980677604675,0.78572016954422,-3.797990560531616,3.391505479812622,0.407090425491333,0.17145827412605286
3.4899999220000004,0.001,-0.0046,0.681,-0.6806,1.229,-1.2324,1.0545,-0.6902,-0.0132,-0.0143,-0.0216,0.0121,-0.0043,0.0142,0.1752,-0.1303,-1.5350486040115356,1.3802406787872314,0.2826038897037506,0.3087693750858307,-3.117495536804199,2.4864819049835205,0.0967501699924469,0.050404142588377,-0.008847741410136223,0.005178488790988922,0.008817794732749462,-0.05148279666900635,-0.00038703318568877876,-0.9986737966537476,0.0,0.0,0.0,0.5199999809265137,0.0010000000474974513,-0.004600000102072954,-0.2946000099182129,0.29499998688697815,-0.8654000163078308,0.8619999885559082,-0.013199999928474426,-0.014299999922513962,-0.02160000056028366,0.01209999993443489,-0.00430000014603138,0.0142000000923872,0.17520000040531158,-0.13030000030994415,-1.018423080444336,0.9128291010856628,-0.39307770133018494,0.8011413216590881,-3.823518753051758,3.3877739906311035,0.4078921675682068,0.15767258405685425
3.499999922,0.001,-0.0046,0.681,-0.6806,1.229,-1.2324,1.0562,-0.6917,-0.0139,-0.0151,-0.0032,0.0089,-0.0048,0.0152,0.1623,-0.1396,-1.537381887435913,1.3784877061843872,0.24625533819198608,0.28875768184661865,-3.0777487754821777,2.4860293865203857,0.09622109681367874,0.055701080709695816,-0.01039403211325407,-0.0033818294759839773,-0.006046314723789692,-0.05148279666900635,-0.00038703318568877876,-0.9986737966537476,0.0,0.0,0.0,0.5199999809265137,0.0010000000474974513,-0.004600000102072954,-0.2946000099182129,0.29499998688697815,-0.8654000163078308,0.8619999885559082,-0.013899999670684338,-0.01510000042617321,-0.0031999999191612005,0.008899999782443047,-0.004800000227987766,0.015200000256299973,0.1623000055551529,-0.1395999938249588,-1.0222457647323608,0.910007119178772,-0.4022374153137207,0.7966529130935669,-3.8094170093536377,3.382601261138916,0.4220406711101532,0.17555657029151917
3.5099999220000004,0.001,-0.0046,0.6811,-0.6806,1.2289,-1.2324,1.0578,-0.6932,-0.0145,-0.0157,-0.0048,0.0033,-0.0045,0.0146,0.1588,-0.1423,-1.5356100797653198,1.3832321166992188,0.25175994634628296,0.2953358590602875,-3.0884897708892822,2.4890074729919434,0.09065479785203934,0.054672256112098694,-0.009833301417529583,-0.005334292538464069,0.007047973107546568,-0.05148283764719963,-0.00039334126631729305,-0.9986737370491028,0.0,0.0,0.0,0.5199999809265137,0.0010000000474974513,-0.004600000102072954,-0.2944999933242798,0.29499998688697815,-0.8654999732971191,0.8619999885559082,-0.014499999582767487,-0.015699999406933784,-0.004800000227987766,0.0032999999821186066,-0.0044999998062849045,0.014600000344216824,0.15880000591278076,-0.14229999482631683,-1.0238479375839233,0.9087851047515869,-0.4252431094646454,0.7830984592437744,-3.7829525470733643,3.382366180419922,0.4173443913459778,0.19488433003425598
3.5199999220000002,0.001,-0.0046,0.681,-0.6806,1.229,-1.2324,1.0595,-0.6948,-0.0141,-0.0155,-0.0238,0.0092,-0.0036,0.0128,0.1668,-0.1433,-1.5338077545166016,1.386125087738037,0.2890414297580719,0.3168075680732727,-3.12939190864563,2.487180471420288,0.08928805589675903,0.051396749913692474,-0.00836491771042347,0.004290276672691107,0.023525439202785492,-0.05160629376769066,-0.00039002313860692084,-0.9986674785614014,0.0,0.0,0.0,0.5199999809265137,0.0010000000474974513,-0.004600000102072954,-0.2946000099182129,0.29499998688697815,-0.8654000163078308,0.8619999885559082,-0.014100000262260437,-0.01549999974668026,-0.023800000548362732,0.009200000204145908,-0.003599999938160181,0.012799999676644802,0.16680000722408295,-0.14329999685287476,-1.0227067470550537,0.9119080901145935,-0.4214800298213959,0.7871105670928955,-3.7902932167053223,3.3843116760253906,0.394379198551178,0.19022902846336365
3.5299999210000004,0.001,-0.0046,0.6809,-0.6806,1.229,-1.2324,1.0612,-0.6964,-0.0134,-0.0148,-0.0215,0.0118,-0.0042,0.013,0.1663,-0.143,-1.5366970300674438,1.3829525709152222,0.29173344373703003,0.3200792968273163,-3.1267101764678955,2.479707956314087,0.09315989911556244,0.0544404536485672,-0.00841017160564661,0.004754697438329458,0.01567317172884941,-0.05160629376769066,-0.00039002313860692084,-0.9986674785614014,0.0,0.0,0.0,0.5199999809265137,0.0010000000474974513,-0.004600000102072954,-0.2946999967098236,0.29499998688697815,-0.8654000163078308,0.8619999885559082,-0.013399999588727951,-0.014800000004470348,-0.0215000007301569,0.011800000444054604,-0.00419999985024333,0.013000000268220901,0.1662999987602234,-0.14300000667572021,-1.021478533744812,0.9138500690460205,-0.3980923891067505,0.8018183708190918,-3.8173012733459473,3.3829736709594727,0.39051222801208496,0.17692700028419495
3.539999921,0.001,-0.0046,0.6808,-0.6805,1.229,-1.2324,1.0629,-0.698,-0.0137,-0.015,-0.0028,0.0101,-0.005,0.0142,0.152,-0.1487,-1.538658618927002,1.3791648149490356,0.25803080201148987,0.3008325695991516,-3.086833953857422,2.477804660797119,0.09529533237218857,0.06074465066194534,-0.009925211779773235,-0.0026381593197584152,-0.002814588136970997,-0.051593486219644547,-0.00038570791366510093,-0.9986680150032043,0.0,0.0,0.0,0.5199999809265137,0.0010000000474974513,-0.004600000102072954,-0.2948000133037567,0.29510000348091125,-0.8654000163078308,0.8619999885559082,-0.013700000010430813,-0.014999999664723873,-0.00279999990016222,0.010099999606609344,-0.004999999888241291,0.0142000000923872,0.15199999511241913,-0.14869999885559082,-1.0233579874038696,0.9117817282676697,-0.3963443636894226,0.8041728734970093,-3.8155534267425537,3.378005266189575,0.4058995842933655,0.18916180729866028
3.5499999210000004,0.001,-0.0046,0.6809,-0.6805,1.2289,-1.2324,1.0644,-0.6996,-0.0143,-0.0156,-0.0036,0.0072,-0.0049,0.0145,0.1487,-0.1467,-1.5350810289382935,1.3816522359848022,0.2551742494106293,0.2988211512565613,-3.0855722427368164,2.4821653366088867,0.09222932904958725,0.0599067360162735,-0.009901486337184906,-0.0033131891395896673,0.003718750784173608,-0.051593486219644547,-0.00038570791366510093,-0.9986680150032043,0.0,0.0,0.0,0.5199999809265137,0.0010000000474974513,-0.004600000102072954,-0.2946999967098236,0.29510000348091125,-0.8654999732971191,0.8619999885559082,-0.014299999922513962,-0.015599999576807022,-0.003599999938160181,0.007199999876320362,-0.004900000058114529,0.014499999582767487,0.14869999885559082,-0.14669999480247498,-1.0246857404708862,0.9092432260513306,-0.41776612401008606,0.7914283871650696,-3.78902268409729,3.376816511154175,0.4115813374519348,0.21323859691619873
3.559999921,0.001,-0.0046,0.6809,-0.6805,1.2289,-1.2324,1.0659,-0.7012,-0.0141,-0.0156,-0.0172,0.0115,-0.0041,0.013,0.1502,-0.1474,-1.5316680669784546,1.3838210105895996,0.2811015248298645,0.31198254227638245,-3.1143040657043457,2.4848406314849854,0.09178954362869263,0.05619882419705391,-0.00884228479117155,0.004113015718758106,0.01698436588048935,-0.051681987941265106,-0.00039727086550556123,-0.9986635446548462,0.0,0.0,0.0,0.5199999809265137,0.0010000000474974513,-0.004600000102072954,-0.2946999967098236,0.29510000348091125,-0.8654999732971191,0.8619999885559082,-0.014100000262260437,-0.015599999576807022,-0.01720000058412552,0.011500000022351742,-0.004100000020116568,0.013000000268220901,0.1501999944448471,-0.14740000665187836,-1.0223406553268433,0.9108614921569824,-0.41952383518218994,0.7898941040039062,-3.788374900817871,3.3797435760498047,0.39865732192993164,0.210286945104599
3.5699999200000003,0.001,-0.0046,0.6808,-0.6805,1.2289,-1.2324,1.0674,-0.7028,-0.0135,-0.0148,-0.0194,0.0109,-0.0041,0.0126,0.1516,-0.1407,-1.5324194431304932,1.3830528259277344,0.2952646017074585,0.32224199175834656,-3.126521348953247,2.479959726333618,0.09420463442802429,0.05617440119385719,-0.008267023600637913,0.005445287562906742,0.018221810460090637,-0.051740314811468124,-0.0003910925588570535,-0.9986605048179626,0.0,0.0,0.0,0.5199999809265137,0.0010000000474974513,-0.004600000102072954,-0.2948000133037567,0.29510000348091125,-0.8654999732971191,0.8619999885559082,-0.013500000350177288,-0.014800000004470348,-0.01940000057220459,0.010900000110268593,-0.004100000020116568,0.012600000016391277,0.15160000324249268,-0.14069999754428864,-1.0200520753860474,0.9123073220252991,-0.4031456410884857,0.7989550232887268,-3.807476043701172,3.381427049636841,0.3971981704235077,0.19531530141830444
3.57999992,0.001,-0.0046,0.6808,-0.6804,1.229,-1.2324,1.0689,-0.7044,-0.0134,-0.0147,-0.012,0.0156,-0.0046,0.0135,0.1445,-0.1443,-1.5331333875656128,1.3791722059249878,0.27720338106155396,0.3083745837211609,-3.1035780906677246,2.478503465652466,0.09866597503423691,0.05944681912660599,-0.00937347300350666,0.005056110210716724,0.003731549484655261,-0.051740314811468124,-0.0003910925588570535,-0.9986605048179626,0.0,0.0,0.0,0.5199999809265137,0.0010000000474974513,-0.004600000102072954,-0.2948000133037567,0.295199990272522,-0.8654000163078308,0.8619999885559082,-0.013399999588727951,-0.014700000174343586,-0.012000000104308128,0.015599999576807022,-0.004600000102072954,0.013500000350177288,0.1445000022649765,-0.14429999887943268,-1.0205129384994507,0.9118485450744629,-0.394050270318985,0.8057546615600586,-3.8156208992004395,3.3781464099884033,0.40713852643966675,0.19655761122703552
3.5899999200000003,0.0011,-0.0046,0.6809,-0.6804,1.2289,-1.2324,1.0704,-0.706,-0.0139,-0.015,-0.0031,0.0086,-0.005,0.0144,0.1375,-0.1412,-1.533729910850525,1.3782662153244019,0.26439109444618225,0.3029443025588989,-3.0900721549987793,2.4808883666992188,0.09785865247249603,0.06061626225709915,-0.009747698903083801,-0.0009309069719165564,0.0026259252335876226,-0.05173323675990105,-0.00039830905734561384,-0.9986608028411865,0.0,0.0,0.0,0.5199999809265137,0.0010999999940395355,-0.004600000102072954,-0.2946999967098236,0.295199990272522,-0.8654999732971191,0.8619999885559082,-0.013899999670684338,-0.014999999664723873,-0.003100000089034438,0.00860000029206276,-0.004999999888241291,0.014399999752640724,0.13750000298023224,-0.1412000060081482,-1.020982265472412,0.9092681407928467,-0.4055977463722229,0.7970230579376221,-3.800158739089966,3.3772356510162354,0.4235638976097107,0.20892727375030518
3.59999992,0.0011,-0.0046,0.6809,-0.6804,1.2289,-1.2324,1.0717,-0.7075,-0.014,-0.0152,-0.0045,0.0038,-0.0044,0.0134,0.1353,-0.1392,-1.532720923423767,1.3812717199325562,0.2744751572608948,0.3127252161502838,-3.1042168140411377,2.4809796810150146,0.0949207991361618,0.05994194373488426,-0.009096252731978893,-0.00198855041526258,0.011912498623132706,-0.05173323675990105,-0.00039830905734561384,-0.9986608028411865,0.0,0.0,0.0,0.5199999809265137,0.0010999999940395355,-0.004600000102072954,-0.2946999967098236,0.295199990272522,-0.8654999732971191,0.8619999885559082,-0.014000000432133675,-0.015200000256299973,-0.0044999998062849045,0.003800000064074993,-0.004399999976158142,0.013399999588727951,0.13529999554157257,-0.13920000195503235,-1.0212132930755615,0.9086441397666931,-0.41334593296051025,0.7929362058639526,-3.791381359100342,3.378885507583618,0.4189346134662628,0.21422505378723145
3.6099999200000004,0.001,-0.0046,0.6809,-0.6804,1.2289,-1.2324,1.0732,-0.709,-0.0138,-0.0151,-0.0158,0.0102,-0.0038,0.0124,0.141,-0.139,-1.5300214290618896,1.3829638957977295,0.2925316393375397,0.32156577706336975,-3.1229000091552734,2.478527545928955,0.095835380256176,0.05881146341562271,-0.008586898446083069,0.005159165244549513,0.01712247170507908,-0.051815688610076904,-0.00040425523184239864,-0.9986565709114075,0.0,0.0,0.0,0.5199999809265137,0.0010000000474974513,-0.004600000102072954,-0.2946999967098236,0.295199990272522,-0.8654999732971191,0.8619999885559082,-0.013799999840557575,-0.01510000042617321,-0.015799999237060547,0.010200000368058681,-0.003800000064074993,0.012400000356137753,0.14100000262260437,-0.13899999856948853,-1.0205472707748413,0.910634458065033,-0.40671655535697937,0.7991368174552917,-3.8007712364196777,3.3788797855377197,0.40674319863319397,0.21192777156829834
3.619999919,0.001,-0.0046,0.6809,-0.6804,1.229,-1.2324,1.0746,-0.7106,-0.0136,-0.0148,-0.0116,0.0176,-0.0042,0.0133,0.138,-0.1431,-1.530255913734436,1.3779487609863281,0.2753664255142212,0.30594736337661743,-3.1002659797668457,2.480360984802246,0.10038581490516663,0.06067531555891037,-0.009562159888446331,0.006797927897423506,0.0021698775235563517,-0.05182983726263046,-0.00040003424510359764,-0.9986559748649597,0.0,0.0,0.0,0.5199999809265137,0.0010000000474974513,-0.004600000102072954,-0.2946999967098236,0.295199990272522,-0.8654000163078308,0.8619999885559082,-0.01360000018030405,-0.014800000004470348,-0.011599999852478504,0.01759999990463257,-0.00419999985024333,0.013299999758601189,0.1379999965429306,-0.14309999346733093,-1.0189342498779297,0.9117692708969116,-0.3954322338104248,0.8054571747779846,-3.8131866455078125,3.377178430557251,0.41154152154922485,0.20744585990905762
3.6299999190000003,0.0011,-0.0046,0.6809,-0.6803,1.2289,-1.2324,1.076,-0.7121,-0.0141,-0.0152,-0.0028,0.0114,-0.0047,0.0142,0.1359,-0.1357,-1.5307972431182861,1.376037836074829,0.25534507632255554,0.2920735776424408,-3.0781636238098145,2.4865164756774902,0.0995541512966156,0.060387153178453445,-0.01020124927163124,0.001289354870095849,-0.0031765520107001066,-0.05182983726263046,-0.00040003424510359764,-0.9986559748649597,0.0,0.0,0.0,0.5199999809265137,0.0010999999940395355,-0.004600000102072954,-0.2946999967098236,0.2953000068664551,-0.8654999732971191,0.8619999885559082,-0.014100000262260437,-0.015200000256299973,-0.00279999990016222,0.01140000019222498,-0.004699999932199717,0.0142000000923872,0.13590000569820404,-0.13570000231266022,-1.0190773010253906,0.9084458351135254,-0.40659570693969727,0.7955382466316223,-3.797924041748047,3.378460645675659,0.4291432499885559,0.21408125758171082
3.639999919,0.0011,-0.0046,0.681,-0.6803,1.2289,-1.2324,1.0774,-0.7136,-0.0143,-0.0153,-0.005,0.004,-0.004,0.0137,0.1366,-0.1289,-1.529833436012268,1.380286693572998,0.26478633284568787,0.30069801211357117,-3.0940418243408203,2.4890177249908447,0.09515424072742462,0.057352934032678604,-0.009458870626986027,-0.0006038795108906925,0.00902721006423235,-0.05183631181716919,-0.00040292914491146803,-0.9986554384231567,0.0,0.0,0.0,0.5199999809265137,0.0010999999940395355,-0.004600000102072954,-0.2946000099182129,0.2953000068664551,-0.8654999732971191,0.8619999885559082,-0.014299999922513962,-0.015300000086426735,-0.004999999888241291,0.004000000189989805,-0.004000000189989805,0.013700000010430813,0.13660000264644623,-0.12890000641345978,-1.0192714929580688,0.9071452021598816,-0.4193566143512726,0.7860757112503052,-3.7834224700927734,3.382624387741089,0.425396591424942,0.21440860629081726
3.6499999190000003,0.001,-0.0046,0.681,-0.6803,1.229,-1.2324,1.0789,-0.715,-0.0141,-0.0149,-0.0211,0.0106,-0.0032,0.0124,0.1468,-0.1267,-1.5275049209594727,1.3831140995025635,0.29120752215385437,0.31359514594078064,-3.1242666244506836,2.487152099609375,0.09528344869613647,0.05357777699828148,-0.008550035767257214,0.008351749740540981,0.01897558383643627,-0.05183631181716919,-0.00040292914491146803,-0.9986554384231567,0.0,0.0,0.0,0.5199999809265137,0.0010000000474974513,-0.004600000102072954,-0.2946000099182129,0.2953000068664551,-0.8654000163078308,0.8619999885559082,-0.014100000262260437,-0.01489999983459711,-0.0210999995470047,0.010599999688565731,-0.0031999999191612005,0.012400000356137753,0.1467999964952469,-0.1266999989748001,-1.0186423063278198,0.9099711179733276,-0.4130091071128845,0.7913320064544678,-3.7939612865448,3.384258508682251,0.4079369604587555,0.20363172888755798
3.659999918,0.001,-0.0046,0.6808,-0.6803,1.229,-1.2324,1.0804,-0.7164,-0.0136,-0.0144,-0.0183,0.0114,-0.004,0.0133,0.1478,-0.1243,-1.5304138660430908,1.3802800178527832,0.2905402183532715,0.3134806454181671,-3.1193246841430664,2.482410192489624,0.09808729588985443,0.05496101826429367,-0.008715963922441006,0.007514736615121365,0.011994987726211548,-0.05186694860458374,-0.00038977229269221425,-0.9986539483070374,0.0,0.0,0.0,0.5199999809265137,0.0010000000474974513,-0.004600000102072954,-0.2948000133037567,0.2953000068664551,-0.8654000163078308,0.8619999885559082,-0.01360000018030405,-0.014399999752640724,-0.018300000578165054,0.01140000019222498,-0.004000000189989805,0.013299999758601189,0.1477999985218048,-0.12430000305175781,-1.017276644706726,0.911882758140564,-0.39646831154823303,0.8003700971603394,-3.8138577938079834,3.3829281330108643,0.41049379110336304,0.18897110223770142
3.6699999180000002,0.001,-0.0046,0.6808,-0.6802,1.229,-1.2324,1.0819,-0.7178,-0.0138,-0.0147,-0.0036,0.0089,-0.0044,0.0142,0.138,-0.129,-1.5326639413833618,1.378129005432129,0.26379746198654175,0.2983916699886322,-3.0897367000579834,2.4813342094421387,0.09907060861587524,0.05907030776143074,-0.009834936819970608,0.000914183387067169,-0.001046321471221745,-0.05181159824132919,-0.0003862743033096194,-0.9986568093299866,0.0,0.0,0.0,0.5199999809265137,0.0010000000474974513,-0.004600000102072954,-0.2948000133037567,0.2953999936580658,-0.8654000163078308,0.8619999885559082,-0.013799999840557575,-0.014700000174343586,-0.003599999938160181,0.008899999782443047,-0.004399999976158142,0.0142000000923872,0.1379999965429306,-0.1289999932050705,-1.019182562828064,0.9100266695022583,-0.39712652564048767,0.800347089767456,-3.8106164932250977,3.379826784133911,0.4219091832637787,0.1949840784072876
3.679999918,0.001,-0.0046,0.6809,-0.6802,1.229,-1.2324,1.0833,-0.7192,-0.0143,-0.0152,-0.0042,0.0063,-0.0045,0.0145,0.1371,-0.1294,-1.5310741662979126,1.380420207977295,0.26115334033966064,0.2971530258655548,-3.0903542041778564,2.4844532012939453,0.09594784677028656,0.05829106643795967,-0.009801998734474182,-0.0002338302438147366,0.004412806127220392,-0.05181159824132919,-0.0003862743033096194,-0.9986568093299866,0.0,0.0,0.0,0.5199999809265137,0.0010000000474974513,-0.004600000102072954,-0.2946999967098236,0.2953999936580658,-0.8654000163078308,0.8619999885559082,-0.014299999922513962,-0.015200000256299973,-0.00419999985024333,0.006300000008195639,-0.0044999998062849045,0.014499999582767487,0.1370999962091446,-0.12939999997615814,-1.0206959247589111,0.9085726737976074,-0.4139750301837921,0.7903211116790771,-3.7909178733825684,3.379169464111328,0.4238824248313904,0.21048122644424438
3.6899999180000003,0.001,-0.0046,0.6809,-0.6803,1.229,-1.2324,1.0847,-0.7207,-0.0142,-0.0152,-0.0166,0.0115,-0.0039,0.0132,0.1409,-0.1328,-1.529033899307251,1.3819698095321655,0.281354695558548,0.3070632815361023,-3.1133620738983154,2.4868621826171875,0.09534168243408203,0.05493924394249916,-0.008969772607088089,0.006451429333537817,0.01458701677620411,-0.051854752004146576,-0.0003901421732734889,-0.9986544847488403,0.0,0.0,0.0,0.5199999809265137,0.0010000000474974513,-0.004600000102072954,-0.2946999967098236,0.2953000068664551,-0.8654000163078308,0.8619999885559082,-0.0142000000923872,-0.015200000256299973,-0.016599999740719795,0.011500000022351742,-0.0038999998942017555,0.013199999928474426,0.14090000092983246,-0.13279999792575836,-1.0196694135665894,0.9100667834281921,-0.41557776927948,0.789322018623352,-3.7913360595703125,3.3812687397003174,0.41121140122413635,0.20728427171707153
3.699999918,0.001,-0.0046,0.6808,-0.6802,1.229,-1.2325,1.0862,-0.7221,-0.0137,-0.0145,-0.0193,0.0109,-0.0039,0.0128,0.1451,-0.1286,-1.5301567316055298,1.3816957473754883,0.2937200665473938,0.31522002816200256,-3.1249794960021973,2.4837896823883057,0.09697321057319641,0.05468393862247467,-0.008440235629677773,0.007357126101851463,0.016452768817543983,-0.051854752004146576,-0.0003901421732734889,-0.9986544847488403,0.0,0.0,0.0,0.5199999809265137,0.0010000000474974513,-0.004600000102072954,-0.2948000133037567,0.2953999936580658,-0.8654000163078308,0.8618999719619751,-0.013700000010430813,-0.014499999582767487,-0.019300000742077827,0.010900000110268593,-0.0038999998942017555,0.012799999676644802,0.14509999752044678,-0.12860000133514404,-1.0183025598526,0.9110998511314392,-0.4029368758201599,0.7960755228996277,-3.8066346645355225,3.3827881813049316,0.40954673290252686,0.19319698214530945
3.709999917,0.001,-0.0046,0.6808,-0.6802,1.229,-1.2325,1.0876,-0.7235,-0.0136,-0.0145,-0.0049,0.0067,-0.0041,0.0134,0.1376,-0.1303,-1.5335584878921509,1.3795737028121948,0.2740781903266907,0.30794307589530945,-3.1022415161132812,2.479557991027832,0.0981002077460289,0.05973714217543602,-0.009311833418905735,0.0003303504781797528,0.004500970244407654,-0.051864463835954666,-0.0003829017805401236,-0.9986541271209717,0.0,0.0,0.0,0.5199999809265137,0.0010000000474974513,-0.004600000102072954,-0.2948000133037567,0.2953999936580658,-0.8654000163078308,0.8618999719619751,-0.01360000018030405,-0.014499999582767487,-0.004900000058114529,0.0066999997943639755,-0.004100000020116568,0.013399999588727951,0.13760000467300415,-0.13030000030994415,-1.0190178155899048,0.9109638333320618,-0.3950732946395874,0.8016733527183533,-3.8143796920776367,3.3805131912231445,0.41691285371780396,0.19301575422286987
3.7199999170000004,0.001,-0.0046,0.6809,-0.6802,1.229,-1.2325,1.089,-0.725,-0.0141,-0.0151,-0.0036,0.0086,-0.0048,0.0145,0.1354,-0.1333,-1.5322229862213135,1.3797671794891357,0.26217785477638245,0.2994243800640106,-3.089838743209839,2.4820339679718018,0.09683289378881454,0.061136722564697266,-0.00988432951271534,0.00010253061191178858,0.0019402103498578072,-0.05186900496482849,-0.00038727608625777066,-0.998653769493103,0.0,0.0,0.0,0.5199999809265137,0.0010000000474974513,-0.004600000102072954,-0.2946999967098236,0.2953999936580658,-0.8654000163078308,0.8618999719619751,-0.014100000262260437,-0.01510000042617321,-0.003599999938160181,0.00860000029206276,-0.004800000227987766,0.014499999582767487,0.13539999723434448,-0.13330000638961792,-1.021278977394104,0.9095491170883179,-0.4072078764438629,0.7965420484542847,-3.799234390258789,3.377732038497925,0.41992083191871643,0.21288856863975525
3.729999917,0.001,-0.0046,0.6809,-0.6802,1.229,-1.2325,1.0904,-0.7265,-0.0143,-0.0153,-0.0048,0.0045,-0.0042,0.0136,0.1343,-0.1326,-1.5309959650039673,1.381943702697754,0.2694317102432251,0.30622535943984985,-3.100295305252075,2.4835782051086426,0.09392252564430237,0.060382064431905746,-0.00936205219477415,-0.0009429486817680299,0.009881333447992802,-0.05186900496482849,-0.00038727608625777066,-0.998653769493103,0.0,0.0,0.0,0.5199999809265137,0.0010000000474974513,-0.004600000102072954,-0.2946999967098236,0.2953999936580658,-0.8654000163078308,0.8618999719619751,-0.014299999922513962,-0.015300000086426735,-0.004800000227987766,0.0044999998062849045,-0.00419999985024333,0.01360000018030405,0.13429999351501465,-0.13259999454021454,-1.0204219818115234,0.9096381068229675,-0.4148547649383545,0.7909895777702332,-3.7910125255584717,3.379456043243408,0.4144115746021271,0.21788689494132996
3.7399999170000005,0.001,-0.0046,0.6809,-0.6802,1.229,-1.2325,1.0918,-0.728,-0.014,-0.015,-0.0165,0.0104,-0.0037,0.0127,0.1402,-0.1315,-1.5295112133026123,1.382352352142334,0.2874046564102173,0.3143730163574219,-3.1184098720550537,2.4834113121032715,0.09454062581062317,0.05849936977028847,-0.008755592629313469,0.00611799955368042,0.015809016302227974,-0.05192897468805313,-0.00038639010745100677,-0.9986506104469299,0.0,0.0,0.0,0.5199999809265137,0.0010000000474974513,-0.004600000102072954,-0.2946999967098236,0.2953999936580658,-0.8654000163078308,0.8618999719619751,-0.014000000432133675,-0.014999999664723873,-0.016499999910593033,0.010400000028312206,-0.003700000001117587,0.01269999984651804,0.14020000398159027,-0.1315000057220459,-1.0196173191070557,0.9110758304595947,-0.4100988507270813,0.7952502369880676,-3.797943592071533,3.380425453186035,0.4025501012802124,0.21500825881958008
3.749999916,0.001,-0.0046,0.6808,-0.6802,1.229,-1.2325,1.0933,-0.7294,-0.0137,-0.0146,-0.015,0.0117,-0.0038,0.013,0.1398,-0.1289,-1.53005850315094,1.3803356885910034,0.2871442139148712,0.3135439455509186,-3.1146366596221924,2.480724334716797,0.09719063341617584,0.05922709032893181,-0.008938237093389034,0.006438094191253185,0.010935002006590366,-0.05192897468805313,-0.00038639010745100677,-0.9986506104469299,0.0,0.0,0.0,0.5199999809265137,0.0010000000474974513,-0.004600000102072954,-0.2948000133037567,0.2953999936580658,-0.8654000163078308,0.8618999719619751,-0.013700000010430813,-0.014600000344216824,-0.014999999664723873,0.011699999682605267,-0.003800000064074993,0.013000000268220901,0.13979999721050262,-0.12890000641345978,-1.018607497215271,0.9113682508468628,-0.3988969027996063,0.8010753393173218,-3.8099865913391113,3.3802542686462402,0.406202495098114,0.20769748091697693
3.7599999160000004,0.001,-0.0046,0.6809,-0.6801,1.229,-1.2325,1.0947,-0.7308,-0.0131,-0.0141,-0.0012,0.0139,-0.0052,0.0139,0.1311,-0.1328,-1.531496524810791,1.375419020652771,0.24792425334453583,0.28505831956863403,-3.0693702697753906,2.4870858192443848,0.09955091029405594,0.06249759718775749,-0.009872152470052242,0.002344571752473712,-0.009821243584156036,-0.0519169457256794,-0.0003806009190157056,-0.9986513257026672,0.0,0.0,0.0,0.5199999809265137,0.0010000000474974513,-0.004600000102072954,-0.2946999967098236,0.2955000102519989,-0.8654000163078308,0.8618999719619751,-0.013100000098347664,-0.014100000262260437,-0.0012000000569969416,0.013899999670684338,-0.005200000014156103,0.013899999670684338,0.13109999895095825,-0.13279999792575836,-1.0189523696899414,0.9100504517555237,-0.39917051792144775,0.800609290599823,-3.8074777126312256,3.3784828186035156,0.41672253608703613,0.2111283540725708
3.769999916,0.001,-0.0046,0.6809,-0.6801,1.229,-1.2325,1.096,-0.7323,-0.014,-0.0148,-0.0031,0.0088,-0.0047,0.015,0.1386,-0.1204,-1.5280076265335083,1.3783107995986938,0.2382858693599701,0.27492085099220276,-3.063101053237915,2.4976234436035156,0.094446562230587,0.05761537328362465,-0.010207508690655231,0.0010726370383054018,-0.0045797317288815975,-0.051928386092185974,-0.00039059077971614897,-0.9986506104469299,0.0,0.0,0.0,0.5199999809265137,0.0010000000474974513,-0.004600000102072954,-0.2946999967098236,0.2955000102519989,-0.8654000163078308,0.8618999719619751,-0.014000000432133675,-0.014800000004470348,-0.003100000089034438,0.008799999952316284,-0.004699999932199717,0.014999999664723873,0.13860000669956207,-0.12039999663829803,-1.0198709964752197,0.9068060517311096,-0.42419716715812683,0.7819655537605286,-3.7773935794830322,3.382783889770508,0.4244236350059509,0.22343039512634277
3.7799999160000004,0.001,-0.0046,0.681,-0.6801,1.229,-1.2325,1.0975,-0.7336,-0.0138,-0.0146,-0.0221,0.01,-0.0035,0.0135,0.1479,-0.1147,-1.5254356861114502,1.3830660581588745,0.27315670251846313,0.2927273213863373,-3.106096029281616,2.5028321743011475,0.09146728366613388,0.04921850934624672,-0.00858311913907528,0.009016749449074268,0.017030566930770874,-0.051928386092185974,-0.00039059077971614897,-0.9986506104469299,0.0,0.0,0.0,0.5199999809265137,0.0010000000474974513,-0.004600000102072954,-0.2946000099182129,0.2955000102519989,-0.8654000163078308,0.8618999719619751,-0.013799999840557575,-0.014600000344216824,-0.022099999710917473,0.009999999776482582,-0.0035000001080334187,0.013500000350177288,0.14790000021457672,-0.11469999700784683,-1.0176050662994385,0.9086872339248657,-0.43074941635131836,0.7748672366142273,-3.7731807231903076,3.3898823261260986,0.4055062532424927,0.20638149976730347
3.789999916,0.001,-0.0046,0.6808,-0.6801,1.229,-1.2325,1.0991,-0.7348,-0.0132,-0.0138,-0.0316,0.0103,-0.0033,0.0133,0.1575,-0.1056,-1.52854323387146,1.383979082107544,0.30291256308555603,0.31204667687416077,-3.1365418434143066,2.495143175125122,0.09319194406270981,0.04622688516974449,-0.007646874058991671,0.012804684229195118,0.024483857676386833,-0.051964908838272095,-0.00038256566040217876,-0.9986487627029419,0.0,0.0,0.0,0.5199999809265137,0.0010000000474974513,-0.004600000102072954,-0.2948000133037567,0.2955000102519989,-0.8654000163078308,0.8618999719619751,-0.013199999928474426,-0.013799999840557575,-0.031599998474121094,0.010300000198185444,-0.0032999999821186066,0.013299999758601189,0.1574999988079071,-0.10559999942779541,-1.0158771276474,0.9118707180023193,-0.4085688591003418,0.7868182063102722,-3.8017640113830566,3.3932547569274902,0.39544913172721863,0.17393404245376587
3.7999999150000003,0.001,-0.0046,0.6806,-0.6801,1.2291,-1.2325,1.1007,-0.736,-0.0131,-0.0137,-0.0177,0.0116,-0.0045,0.0147,0.1517,-0.1101,-1.5345736742019653,1.3794124126434326,0.2800735831260681,0.2998599708080292,-3.1070752143859863,2.487419605255127,0.09712065011262894,0.051494043320417404,-0.008909296244382858,0.007823308929800987,0.004932496231049299,-0.051964908838272095,-0.00038256566040217876,-0.9986487627029419,0.0,0.0,0.0,0.5199999809265137,0.0010000000474974513,-0.004600000102072954,-0.29499998688697815,0.2955000102519989,-0.8652999997138977,0.8618999719619751,-0.013100000098347664,-0.013700000010430813,-0.01769999973475933,0.011599999852478504,-0.0044999998062849045,0.014700000174343586,0.1517000049352646,-0.11010000109672546,-1.0179088115692139,0.9125327467918396,-0.3897649645805359,0.7997177839279175,-3.8220479488372803,3.388115406036377,0.4042677879333496,0.16378754377365112
3.809999915,0.001,-0.0046,0.6807,-0.6801,1.229,-1.2325,1.1022,-0.7373,-0.0139,-0.0146,-0.003,0.0087,-0.0048,0.0154,0.1405,-0.1201,-1.5358071327209473,1.3788269758224487,0.24879281222820282,0.28209173679351807,-3.0740530490875244,2.4886367321014404,0.09636938571929932,0.05518709495663643,-0.01016978919506073,0.0004823373456019908,-0.0052322144620120525,-0.051827188581228256,-0.00037933688145130873,-0.9986560940742493,0.0,0.0,0.0,0.5199999809265137,0.0010000000474974513,-0.004600000102072954,-0.29490000009536743,0.2955000102519989,-0.8654000163078308,0.8618999719619751,-0.013899999670684338,-0.014600000344216824,-0.003000000026077032,0.008700000122189522,-0.004800000227987766,0.015399999916553497,0.1404999941587448,-0.1200999990105629,-1.0219224691390991,0.909494936466217,-0.4044642746448517,0.7916799783706665,-3.802283525466919,3.3830597400665283,0.41882258653640747,0.18395617604255676
3.8199999150000004,0.001,-0.0046,0.6807,-0.6801,1.229,-1.2325,1.1036,-0.7387,-0.0142,-0.015,-0.005,0.0019,-0.0044,0.0143,0.1382,-0.1232,-1.5346758365631104,1.383862018585205,0.259695440530777,0.2934127748012543,-3.0918264389038086,2.4905333518981934,0.09059016406536102,0.05392676591873169,-0.009308869950473309,-0.0021060125436633825,0.009815139696002007,-0.05185973271727562,-0.00038549888995476067,-0.9986542463302612,0.0,0.0,0.0,0.5199999809265137,0.0010000000474974513,-0.004600000102072954,-0.29490000009536743,0.2955000102519989,-0.8654000163078308,0.8618999719619751,-0.0142000000923872,-0.014999999664723873,-0.004999999888241291,0.0019000000320374966,-0.004399999976158142,0.014299999922513962,0.13819999992847443,-0.12319999933242798,-1.0227980613708496,0.909044623374939,-0.4241381287574768,0.7796411514282227,-3.7804887294769287,3.383917808532715,0.4135775566101074,0.19672837853431702
3.829999915,0.001,-0.0046,0.6807,-0.6801,1.229,-1.2325,1.105,-0.7401,-0.0138,-0.0148,-0.022,0.0082,-0.0035,0.0123,0.1471,-0.1261,-1.53387451171875,1.3860834836959839,0.29305386543273926,0.31332650780677795,-3.1279044151306152,2.487725019454956,0.09010601043701172,0.05184714496135712,-0.008031952194869518,0.00669499346986413,0.0231513399630785,-0.05185973271727562,-0.00038549888995476067,-0.9986542463302612,0.0,0.0,0.0,0.5199999809265137,0.0010000000474974513,-0.004600000102072954,-0.29490000009536743,0.2955000102519989,-0.8654000163078308,0.8618999719619751,-0.013799999840557575,-0.014800000004470348,-0.02199999988079071,0.008200000040233135,-0.0035000001080334187,0.012299999594688416,0.14710000157356262,-0.12610000371932983,-1.0220638513565063,0.9123746752738953,-0.4170030355453491,0.7867351770401001,-3.792310953140259,3.3851089477539062,0.39000067114830017,0.19106706976890564
3.8399999140000003,0.001,-0.0046,0.6806,-0.6801,1.2291,-1.2325,1.1066,-0.7415,-0.0133,-0.0143,-0.0186,0.0115,-0.0044,0.013,0.146,-0.1285,-1.536637544631958,1.3827730417251587,0.2914597988128662,0.3140157461166382,-3.1216299533843994,2.4803268909454346,0.09389974921941757,0.05566807836294174,-0.008312633261084557,0.006461476907134056,0.013742992654442787,-0.05191849544644356,-0.00037844490725547075,-0.9986512660980225,0.0,0.0,0.0,0.5199999809265137,0.0010000000474974513,-0.004600000102072954,-0.29499998688697815,0.2955000102519989,-0.8652999997138977,0.8618999719619751,-0.013299999758601189,-0.014299999922513962,-0.01860000006854534,0.011500000022351742,-0.004399999976158142,0.013000000268220901,0.1459999978542328,-0.12849999964237213,-1.02150297164917,0.9138689637184143,-0.39589741826057434,0.8004310131072998,-3.816303014755249,3.383103370666504,0.38984403014183044,0.18216857314109802
3.849999914,0.001,-0.0046,0.6806,-0.6801,1.2291,-1.2325,1.108,-0.743,-0.0136,-0.0145,-0.0025,0.01,-0.0053,0.0144,0.1336,-0.1348,-1.5379054546356201,1.3795326948165894,0.2612568140029907,0.29774609208106995,-3.086826801300049,2.4786200523376465,0.09547305107116699,0.061437834054231644,-0.009620707482099533,-0.0003611978318076581,-0.0016540458891540766,-0.05191849544644356,-0.00037844490725547075,-0.9986512660980225,0.0,0.0,0.0,0.5199999809265137,0.0010000000474974513,-0.004600000102072954,-0.29499998688697815,0.2955000102519989,-0.8652999997138977,0.8618999719619751,-0.01360000018030405,-0.014499999582767487,-0.0024999999441206455,0.009999999776482582,-0.0052999998442828655,0.014399999752640724,0.13359999656677246,-0.1348000019788742,-1.023311734199524,0.9116953611373901,-0.3969334661960602,0.8011105060577393,-3.8119800090789795,3.378217935562134,0.4047989845275879,0.1969723105430603
3.8599999140000003,0.001,-0.0046,0.6807,-0.6801,1.229,-1.2325,1.1093,-0.7445,-0.0141,-0.0151,-0.0035,0.0065,-0.005,0.0143,0.1323,-0.1329,-1.5346782207489014,1.3819570541381836,0.26071619987487793,0.29841580986976624,-3.088402271270752,2.4819130897521973,0.09222733229398727,0.06097400188446045,-0.00952465645968914,-0.0014326705131679773,0.005459569860249758,-0.05191243812441826,-0.0003896564885508269,-0.9986515045166016,0.0,0.0,0.0,0.5199999809265137,0.0010000000474974513,-0.004600000102072954,-0.29490000009536743,0.2955000102519989,-0.8654000163078308,0.8618999719619751,-0.014100000262260437,-0.01510000042617321,-0.0035000001080334187,0.006500000134110451,-0.004999999888241291,0.014299999922513962,0.13230000436306,-0.13289999961853027,-1.0241769552230835,0.9095218181610107,-0.41599544882774353,0.790164053440094,-3.7888379096984863,3.37717342376709,0.4086121916770935,0.21879133582115173
3.869999914,0.001,-0.0046,0.6807,-0.6801,1.229,-1.2325,1.1107,-0.7459,-0.0139,-0.015,-0.0151,0.0105,-0.0042,0.0129,0.1344,-0.1342,-1.5318979024887085,1.3835190534591675,0.28271105885505676,0.31015458703041077,-3.11259388923645,2.483665943145752,0.09171728044748306,0.058492839336395264,-0.008640971966087818,0.004902197048068047,0.016142861917614937,-0.051985133439302444,-0.00039644131902605295,-0.9986478090286255,0.0,0.0,0.0,0.5199999809265137,0.0010000000474974513,-0.004600000102072954,-0.29490000009536743,0.2955000102519989,-0.8654000163078308,0.8618999719619751,-0.013899999670684338,-0.014999999664723873,-0.01510000042617321,0.010499999858438969,-0.00419999985024333,0.012900000438094139,0.13439999520778656,-0.13420000672340393,-1.0220588445663452,0.911098062992096,-0.41622254252433777,0.7903771996498108,-3.7900681495666504,3.379362106323242,0.3953693211078644,0.21731600165367126
3.8799999140000003,0.001,-0.0046,0.6807,-0.6801,1.2291,-1.2325,1.1121,-0.7474,-0.0133,-0.0143,-0.0179,0.0113,-0.0038,0.0123,0.1364,-0.1297,-1.531851053237915,1.382554531097412,0.2945055365562439,0.31827545166015625,-3.1237952709198,2.479398012161255,0.09421814233064651,0.05860072374343872,-0.00824484508484602,0.006925425957888365,0.01685747690498829,-0.051985133439302444,-0.00039644131902605295,-0.9986478090286255,0.0,0.0,0.0,0.5199999809265137,0.0010000000474974513,-0.004600000102072954,-0.29490000009536743,0.2955000102519989,-0.8652999997138977,0.8618999719619751,-0.013299999758601189,-0.014299999922513962,-0.017899999395012856,0.011300000362098217,-0.003800000064074993,0.012299999594688416,0.1363999992609024,-0.12970000505447388,-1.0201919078826904,0.9121460318565369,-0.4023326337337494,0.7984697222709656,-3.806142568588257,3.3804373741149902,0.3937491178512573,0.20713135600090027
3.889999913,0.001,-0.0046,0.6806,-0.68,1.2291,-1.2325,1.1134,-0.7488,-0.0132,-0.0142,-0.0115,0.0146,-0.0045,0.0136,0.13,-0.1316,-1.5322179794311523,1.3791142702102661,0.2810404598712921,0.30801013112068176,-3.1056032180786133,2.47790789604187,0.09793256223201752,0.06143450364470482,-0.009110528975725174,0.006062115542590618,0.005418142303824425,-0.05198834463953972,-0.0003929212980438024,-0.9986476302146912,0.0,0.0,0.0,0.5199999809265137,0.0010000000474974513,-0.004600000102072954,-0.29499998688697815,0.2955999970436096,-0.8652999997138977,0.8618999719619751,-0.013199999928474426,-0.0142000000923872,-0.011500000022351742,0.014600000344216824,-0.0044999998062849045,0.01360000018030405,0.12999999523162842,-0.1316000074148178,-1.0201207399368286,0.9115496873855591,-0.39465630054473877,0.8039369583129883,-3.8133835792541504,3.377552032470703,0.4041525721549988,0.2084628939628601
3.8999999130000003,0.0011,-0.0046,0.6807,-0.68,1.229,-1.2325,1.1147,-0.7503,-0.0136,-0.0145,-0.003,0.0082,-0.005,0.0145,0.1234,-0.1283,-1.5330705642700195,1.3779059648513794,0.2691343128681183,0.30352506041526794,-3.0926058292388916,2.4794955253601074,0.09722638130187988,0.0630517303943634,-0.009483476169407368,0.000399937474867329,0.0036691324785351753,-0.05198834463953972,-0.0003929212980438024,-0.9986476302146912,0.0,0.0,0.0,0.5199999809265137,0.0010999999940395355,-0.004600000102072954,-0.29490000009536743,0.2955999970436096,-0.8654000163078308,0.8618999719619751,-0.01360000018030405,-0.014499999582767487,-0.003000000026077032,0.008200000040233135,-0.004999999888241291,0.014499999582767487,0.1234000027179718,-0.1282999962568283,-1.020358681678772,0.9092628359794617,-0.4034063518047333,0.7975134253501892,-3.801302194595337,3.37664532661438,0.4177302420139313,0.2194180190563202
3.909999913,0.0011,-0.0046,0.6807,-0.68,1.229,-1.2325,1.116,-0.7517,-0.0138,-0.0147,-0.0041,0.0043,-0.0045,0.0136,0.1219,-0.1259,-1.5319900512695312,1.3803054094314575,0.2763519585132599,0.3109767735004425,-3.102792501449585,2.4796066284179688,0.09452139586210251,0.06281297653913498,-0.00898891780525446,-0.0004595050704665482,0.010905737057328224,-0.05199820548295975,-0.0004044814850203693,-0.998647153377533,0.0,0.0,0.0,0.5199999809265137,0.0010999999940395355,-0.004600000102072954,-0.29490000009536743,0.2955999970436096,-0.8654000163078308,0.8618999719619751,-0.013799999840557575,-0.014700000174343586,-0.004100000020116568,0.00430000014603138,-0.0044999998062849045,0.01360000018030405,0.12189999967813492,-0.125900000333786,-1.0207537412643433,0.9084373116493225,-0.41057711839675903,0.7940967082977295,-3.79287052154541,3.3777637481689453,0.41358551383018494,0.22654691338539124
3.9199999130000003,0.0011,-0.0046,0.6808,-0.6801,1.229,-1.2325,1.1172,-0.7531,-0.0136,-0.0146,-0.0043,0.0037,-0.0044,0.0129,0.1185,-0.1269,-1.5328469276428223,1.3806732892990112,0.2824106514453888,0.31858929991722107,-3.1096885204315186,2.4771203994750977,0.09376894682645798,0.06449522823095322,-0.008649976924061775,-0.00033253003493882716,0.01296226680278778,-0.05205570161342621,-0.00040729690226726234,-0.9986441731452942,0.0,0.0,0.0,0.5199999809265137,0.0010999999940395355,-0.004600000102072954,-0.2948000133037567,0.2955000102519989,-0.8654000163078308,0.8618999719619751,-0.01360000018030405,-0.014600000344216824,-0.00430000014603138,0.003700000001117587,-0.004399999976158142,0.012900000438094139,0.1185000017285347,-0.12690000236034393,-1.0200467109680176,0.91002357006073,-0.4058386981487274,0.798804521560669,-3.799628257751465,3.3777778148651123,0.4024655818939209,0.22607189416885376
3.9299999120000004,0.0011,-0.0046,0.6808,-0.6801,1.2291,-1.2326,1.1184,-0.7545,-0.0135,-0.0145,-0.0035,0.0061,-0.0047,0.0131,0.1146,-0.1279,-1.532795786857605,1.3795205354690552,0.28078407049179077,0.31806740164756775,-3.106794595718384,2.4760046005249023,0.0945972427725792,0.06692209839820862,-0.00878676027059555,0.0006638971972279251,0.009598532691597939,-0.05205570161342621,-0.00040729690226726234,-0.9986441731452942,0.0,0.0,0.0,0.5199999809265137,0.0010999999940395355,-0.004600000102072954,-0.2948000133037567,0.2955000102519989,-0.8652999997138977,0.8618000149726868,-0.013500000350177288,-0.014499999582767487,-0.0035000001080334187,0.006099999882280827,-0.004699999932199717,0.013100000098347664,0.11460000276565552,-0.12790000438690186,-1.0206046104431152,0.9102755188941956,-0.40161290764808655,0.8036395311355591,-3.8042190074920654,3.3760735988616943,0.39877578616142273,0.23260092735290527
3.939999912,0.0011,-0.0046,0.6809,-0.6801,1.229,-1.2326,1.1196,-0.7559,-0.0137,-0.0146,-0.0031,0.0071,-0.0049,0.0135,0.1114,-0.1251,-1.5313680171966553,1.3787963390350342,0.27788597345352173,0.31562644243240356,-3.10178279876709,2.4762039184570312,0.09540461748838425,0.06809157878160477,-0.009000449441373348,0.0014299737522378564,0.007948016747832298,-0.05210442468523979,-0.00040925262146629393,-0.9986414909362793,0.0,0.0,0.0,0.5199999809265137,0.0010999999940395355,-0.004600000102072954,-0.2946999967098236,0.2955000102519989,-0.8654000163078308,0.8618000149726868,-0.013700000010430813,-0.014600000344216824,-0.003100000089034438,0.0071000000461936,-0.004900000058114529,0.013500000350177288,0.11140000075101852,-0.1251000016927719,-1.0205638408660889,0.9095136523246765,-0.40264394879341125,0.8034515976905823,-3.802109718322754,3.375143051147461,0.40130898356437683,0.24210840463638306
3.9499999120000004,0.0011,-0.0046,0.681,-0.68,1.229,-1.2326,1.1207,-0.7573,-0.0139,-0.0148,-0.0025,0.0112,-0.0048,0.0138,0.1121,-0.1199,-1.529461145401001,1.3761593103408813,0.26215073466300964,0.29943233728408813,-3.0823025703430176,2.4822216033935547,0.09683481603860855,0.06788330525159836,-0.00976239237934351,0.0036737958434969187,-0.0010030705016106367,-0.05210442468523979,-0.00040925262146629393,-0.9986414909362793,0.0,0.0,0.0,0.5199999809265137,0.0010999999940395355,-0.004600000102072954,-0.2946000099182129,0.2955999970436096,-0.8654000163078308,0.8618000149726868,-0.013899999670684338,-0.014800000004470348,-0.0024999999441206455,0.01119999960064888,-0.004800000227987766,0.013799999840557575,0.11209999769926071,-0.11990000307559967,-1.0196253061294556,0.9090242385864258,-0.40434935688972473,0.8018909692764282,-3.7989819049835205,3.37530255317688,0.4038984775543213,0.24734631180763245
3.9599999120000002,0.0011,-0.0046,0.681,-0.68,1.229,-1.2326,1.1219,-0.7586,-0.014,-0.0146,-0.004,0.0059,-0.0043,0.0138,0.1125,-0.108,-1.5268350839614868,1.3778725862503052,0.2650598883628845,0.29957154393196106,-3.08750057220459,2.48728609085083,0.09487786889076233,0.06404555588960648,-0.009341585449874401,0.0031127529218792915,0.005521494895219803,-0.05212269723415375,-0.0004154779890086502,-0.9986407160758972,0.0,0.0,0.0,0.5199999809265137,0.0010999999940395355,-0.004600000102072954,-0.2946000099182129,0.2955999970436096,-0.8654000163078308,0.8618000149726868,-0.014000000432133675,-0.014600000344216824,-0.004000000189989805,0.005900000222027302,-0.00430000014603138,0.013799999840557575,0.11249999701976776,-0.1080000028014183,-1.0183674097061157,0.907252848148346,-0.4145995080471039,0.7915682196617126,-3.7859883308410645,3.3793344497680664,0.4097592532634735,0.24755322933197021
3.9699999120000005,0.0011,-0.0046,0.681,-0.6801,1.229,-1.2326,1.1231,-0.7597,-0.0135,-0.0139,-0.0133,0.0081,-0.0041,0.0134,0.1139,-0.1019,-1.5254908800125122,1.378860592842102,0.2819961905479431,0.3072400391101837,-3.106285572052002,2.4899420738220215,0.09511643648147583,0.05952025577425957,-0.008442305028438568,0.008341600187122822,0.013237962499260902,-0.052117377519607544,-0.00041032503941096365,-0.9986410140991211,0.0,0.0,0.0,0.5199999809265137,0.0010999999940395355,-0.004600000102072954,-0.2946000099182129,0.2955000102519989,-0.8654000163078308,0.8618000149726868,-0.013500000350177288,-0.013899999670684338,-0.013299999758601189,0.008100000210106373,-0.004100000020116568,0.013399999588727951,0.11389999836683273,-0.10189999639987946,-1.0166233777999878,0.9084084033966064,-0.41276007890701294,0.7913076877593994,-3.7894203662872314,3.3827106952667236,0.4020114839076996,0.23458221554756165
3.979999911,0.001,-0.0046,0.681,-0.68,1.2291,-1.2326,1.1243,-0.7608,-0.0133,-0.0135,-0.0184,0.0107,-0.0036,0.0133,0.1173,-0.0952,-1.5240833759307861,1.3799127340316772,0.2922489643096924,0.31021615862846375,-3.1179699897766113,2.486940860748291,0.09794545918703079,0.05693855509161949,-0.008364108391106129,0.012105060741305351,0.014129284769296646,-0.052117377519607544,-0.00041032503941096365,-0.9986410140991211,0.0,0.0,0.0,0.5199999809265137,0.0010000000474974513,-0.004600000102072954,-0.2946000099182129,0.2955999970436096,-0.8652999997138977,0.8618000149726868,-0.013299999758601189,-0.013500000350177288,-0.018400000408291817,0.010700000450015068,-0.003599999938160181,0.013299999758601189,0.11729999631643295,-0.09520000219345093,-1.0156939029693604,0.9091137647628784,-0.4020892083644867,0.7963666915893555,-3.8019304275512695,3.3844547271728516,0.403245747089386,0.2177010178565979
3.9899999110000004,0.0011,-0.0046,0.6809,-0.68,1.2291,-1.2326,1.1255,-0.7619,-0.0131,-0.0133,-0.013,0.0107,-0.0039,0.0143,0.1138,-0.0931,-1.5272831916809082,1.376014232635498,0.2841157615184784,0.303725928068161,-3.1062541007995605,2.486825466156006,0.1010446697473526,0.05723409727215767,-0.008913533762097359,0.010329749435186386,0.006710318382829428,-0.052051566541194916,-0.0004038331098854542,-0.998644232749939,0.0,0.0,0.0,0.5199999809265137,0.0010999999940395355,-0.004600000102072954,-0.2946999967098236,0.2955999970436096,-0.8652999997138977,0.8618000149726868,-0.013100000098347664,-0.013299999758601189,-0.013000000268220901,0.010700000450015068,-0.0038999998942017555,0.014299999922513962,0.11379999667406082,-0.09309999644756317,-1.0149422883987427,0.9098418354988098,-0.3955940306186676,0.7987241148948669,-3.8094866275787354,3.3824472427368164,0.4152418375015259,0.20871421694755554
3.999999911,0.0011,-0.0046,0.681,-0.68,1.2291,-1.2326,1.1266,-0.763,-0.0133,-0.0136,-0.0037,0.0067,-0.0042,0.0148,0.1063,-0.0952,-1.5285286903381348,1.376217007637024,0.2689884305000305,0.2961767613887787,-3.092604160308838,2.487082004547119,0.10103331506252289,0.05825207009911537,-0.009407537057995796,0.005156122613698244,0.002314397832378745,-0.052051566541194916,-0.0004038331098854542,-0.998644232749939,0.0,0.0,0.0,0.5199999809265137,0.0010999999940395355,-0.004600000102072954,-0.2946000099182129,0.2955999970436096,-0.8652999997138977,0.8618000149726868,-0.013299999758601189,-0.01360000018030405,-0.003700000001117587,0.0066999997943639755,-0.00419999985024333,0.014800000004470348,0.1062999963760376,-0.09520000219345093,-1.016862154006958,0.9072561860084534,-0.4008561670780182,0.7943972945213318,-3.8016960620880127,3.382436990737915,0.4269386827945709,0.21031638979911804
4.009999911,0.0011,-0.0046,0.681,-0.6801,1.2291,-1.2326,1.1277,-0.7641,-0.0135,-0.0136,-0.0046,0.0032,-0.0043,0.0145,0.1066,-0.0952,-1.5285959243774414,1.3782387971878052,0.2729097008705139,0.3010210394859314,-3.100275993347168,2.488581895828247,0.09841524809598923,0.05701287463307381,-0.008866779506206512,0.0037088566459715366,0.00858716294169426,-0.051946017891168594,-0.0004029136907774955,-0.9986498951911926,0.0,0.0,0.0,0.5199999809265137,0.0010999999940395355,-0.004600000102072954,-0.2946000099182129,0.2955000102519989,-0.8652999997138977,0.8618000149726868,-0.013500000350177288,-0.01360000018030405,-0.004600000102072954,0.0031999999191612005,-0.00430000014603138,0.014499999582767487,0.10660000145435333,-0.09520000219345093,-1.0177057981491089,0.9073713421821594,-0.41012105345726013,0.7890978455543518,-3.792616128921509,3.382641315460205,0.4253932535648346,0.21396827697753906
4.01999991,0.0011,-0.0046,0.681,-0.6801,1.2291,-1.2326,1.1288,-0.7652,-0.0135,-0.0137,-0.0126,0.0083,-0.0043,0.0137,0.1104,-0.0996,-1.5284868478775024,1.3788188695907593,0.2842259109020233,0.3059003949165344,-3.113131046295166,2.4893124103546143,0.09861256927251816,0.055582743138074875,-0.008454520255327225,0.008386055007576942,0.01258096843957901,-0.05194908753037453,-0.0004044787783641368,-0.9986497163772583,0.0,0.0,0.0,0.5199999809265137,0.0010999999940395355,-0.004600000102072954,-0.2946000099182129,0.2955000102519989,-0.8652999997138977,0.8618000149726868,-0.013500000350177288,-0.013700000010430813,-0.012600000016391277,0.008299999870359898,-0.00430000014603138,0.013700000010430813,0.1103999987244606,-0.09960000216960907,-1.0177639722824097,0.9087191820144653,-0.4075668752193451,0.7918940186500549,-3.7977373600006104,3.3836212158203125,0.4149809777736664,0.2090114951133728
4.02999991,0.0011,-0.0046,0.681,-0.6801,1.2291,-1.2326,1.13,-0.7663,-0.0135,-0.0138,-0.0149,0.0104,-0.0039,0.0134,0.1146,-0.1001,-1.5289748907089233,1.3782495260238647,0.2883329689502716,0.3073706030845642,-3.11672043800354,2.487393617630005,0.10041038691997528,0.05522414669394493,-0.008560163900256157,0.009917632676661015,0.01174158975481987,-0.05194908753037453,-0.0004044787783641368,-0.9986497163772583,0.0,0.0,0.0,0.5199999809265137,0.0010999999940395355,-0.004600000102072954,-0.2946000099182129,0.2955000102519989,-0.8652999997138977,0.8618000149726868,-0.013500000350177288,-0.013799999840557575,-0.01489999983459711,0.010400000028312206,-0.0038999998942017555,0.013399999588727951,0.11460000276565552,-0.10010000318288803,-1.0176912546157837,0.9090992212295532,-0.4005560576915741,0.7954869270324707,-3.806307315826416,3.3840548992156982,0.4165302813053131,0.2024109661579132
4.039999910000001,0.0011,-0.0046,0.681,-0.6801,1.2291,-1.2326,1.1312,-0.7675,-0.0136,-0.014,-0.0135,0.0137,-0.0043,0.014,0.1139,-0.1043,-1.5289943218231201,1.3765968084335327,0.28129762411117554,0.30062136054039,-3.107856035232544,2.4877002239227295,0.10292007029056549,0.05549520626664162,-0.009055809117853642,0.010272881016135216,0.006210726220160723,-0.051900263875722885,-0.0004026969545520842,-0.9986522197723389,0.0,0.0,0.0,0.5199999809265137,0.0010999999940395355,-0.004600000102072954,-0.2946000099182129,0.2955000102519989,-0.8652999997138977,0.8618000149726868,-0.01360000018030405,-0.014000000432133675,-0.013500000350177288,0.013700000010430813,-0.00430000014603138,0.014000000432133675,0.11389999836683273,-0.10429999977350235,-1.0180165767669678,0.9087129831314087,-0.39797136187553406,0.7966070771217346,-3.808673620223999,3.382755756378174,0.4245615601539612,0.20087659358978271
4.04999991,0.0011,-0.0046,0.681,-0.6801,1.2291,-1.2326,1.1323,-0.7687,-0.0137,-0.0142,-0.004,0.0062,-0.0043,0.014,0.1096,-0.1053,-1.530240774154663,1.3772461414337158,0.27176496386528015,0.2993306517601013,-3.1002588272094727,2.4872424602508545,0.10160284489393234,0.05690263584256172,-0.009232252836227417,0.003315696958452463,0.005130581557750702,-0.051900263875722885,-0.0004026969545520842,-0.9986522197723389,0.0,0.0,0.0,0.5199999809265137,0.0010999999940395355,-0.004600000102072954,-0.2946000099182129,0.2955000102519989,-0.8652999997138977,0.8618000149726868,-0.013700000010430813,-0.0142000000923872,-0.004000000189989805,0.006200000178068876,-0.00430000014603138,0.014000000432133675,0.1096000000834465,-0.10530000180006027,-1.0180362462997437,0.9075978994369507,-0.4025682508945465,0.7923275828361511,-3.802790641784668,3.383000135421753,0.43446028232574463,0.20112082362174988
4.05999991,0.0011,-0.0046,0.6811,-0.6801,1.2291,-1.2326,1.1335,-0.7699,-0.0138,-0.0142,-0.0044,0.0045,-0.0044,0.014,0.1104,-0.1083,-1.5306956768035889,1.3788928985595703,0.27372467517852783,0.303481787443161,-3.1055121421813965,2.48726749420166,0.09931889921426773,0.05761682987213135,-0.008984173648059368,0.0021010267082601786,0.009061883203685284,-0.05183858796954155,-0.00040307495510205626,-0.9986554980278015,0.0,0.0,0.0,0.5199999809265137,0.0010999999940395355,-0.004600000102072954,-0.2944999933242798,0.2955000102519989,-0.8652999997138977,0.8618000149726868,-0.013799999840557575,-0.0142000000923872,-0.004399999976158142,0.0044999998062849045,-0.004399999976158142,0.014000000432133675,0.1103999987244606,-0.10830000042915344,-1.0188738107681274,0.9080174565315247,-0.4082900285720825,0.7909671068191528,-3.7977259159088135,3.382694959640503,0.4283313751220703,0.20655053853988647
4.069999909,0.0011,-0.0046,0.6811,-0.6802,1.2291,-1.2326,1.1347,-0.7711,-0.0135,-0.0139,-0.0047,0.0034,-0.0046,0.0134,0.1121,-0.1111,-1.531997561454773,1.3794176578521729,0.2772749662399292,0.30949580669403076,-3.1100869178771973,2.4857120513916016,0.09752567857503891,0.05919942632317543,-0.008495368994772434,0.0012272640597075224,0.010962683707475662,-0.05186603590846062,-0.00040386858745478094,-0.9986540675163269,0.0,0.0,0.0,0.5199999809265137,0.0010999999940395355,-0.004600000102072954,-0.2944999933242798,0.2953999936580658,-0.8652999997138977,0.8618000149726868,-0.013500000350177288,-0.013899999670684338,-0.004699999932199717,0.0034000000450760126,-0.004600000102072954,0.013399999588727951,0.11209999769926071,-0.11110000312328339,-1.0191837549209595,0.9091152548789978,-0.4068102240562439,0.7936211824417114,-3.801234722137451,3.38271164894104,0.4193556010723114,0.2088073194026947
4.0799999090000005,0.0011,-0.0046,0.6812,-0.6802,1.2291,-1.2327,1.1359,-0.7723,-0.0138,-0.0143,-0.004,0.0059,-0.0047,0.0136,0.1118,-0.1152,-1.532514214515686,1.3789050579071045,0.2730405330657959,0.30766865611076355,-3.105104446411133,2.4853930473327637,0.09740349650382996,0.06168201565742493,-0.008938975632190704,0.0015647077234461904,0.00768934516236186,-0.05186603590846062,-0.00040386858745478094,-0.9986540675163269,0.0,0.0,0.0,0.5199999809265137,0.0010999999940395355,-0.004600000102072954,-0.29440000653266907,0.2953999936580658,-0.8652999997138977,0.8616999983787537,-0.013799999840557575,-0.014299999922513962,-0.004000000189989805,0.005900000222027302,-0.004699999932199717,0.01360000018030405,0.11180000007152557,-0.1151999980211258,-1.0200316905975342,0.9094851016998291,-0.40446335077285767,0.7973572015762329,-3.804297924041748,3.3816347122192383,0.41252270340919495,0.21457770466804504
4.089999909,0.0011,-0.0046,0.6812,-0.6802,1.2291,-1.2327,1.137,-0.7736,-0.0138,-0.0144,-0.0038,0.0068,-0.0047,0.0139,0.1114,-0.116,-1.5316448211669922,1.3787387609481812,0.2701161503791809,0.3056533634662628,-3.101456642150879,2.486037254333496,0.09689971804618835,0.06277083605527878,-0.00916284043341875,0.0017545525915920734,0.006795703899115324,-0.05190565809607506,-0.0004114355833735317,-0.9986520409584045,0.0,0.0,0.0,0.5199999809265137,0.0010999999940395355,-0.004600000102072954,-0.29440000653266907,0.2953999936580658,-0.8652999997138977,0.8616999983787537,-0.013799999840557575,-0.014399999752640724,-0.003800000064074993,0.006800000090152025,-0.004699999932199717,0.013899999670684338,0.11140000075101852,-0.11599999666213989,-1.020396113395691,0.9091167449951172,-0.4070396423339844,0.796305775642395,-3.80098295211792,3.381235361099243,0.4119739830493927,0.2236880660057068
4.099999909,0.0011,-0.0046,0.6812,-0.6802,1.2291,-1.2327,1.1382,-0.7749,-0.0138,-0.0144,-0.0041,0.0058,-0.0045,0.014,0.1102,-0.1141,-1.5306413173675537,1.3790770769119263,0.2719978988170624,0.30743950605392456,-3.1036548614501953,2.4864535331726074,0.0961044430732727,0.06290674209594727,-0.00909104011952877,0.0017056529177352786,0.00870458409190178,-0.05190565809607506,-0.0004114355833735317,-0.9986520409584045,0.0,0.0,0.0,0.5199999809265137,0.0010999999940395355,-0.004600000102072954,-0.29440000653266907,0.2953999936580658,-0.8652999997138977,0.8616999983787537,-0.013799999840557575,-0.014399999752640724,-0.004100000020116568,0.005799999926239252,-0.0044999998062849045,0.014000000432133675,0.11020000278949738,-0.11410000175237656,-1.019816517829895,0.9089991450309753,-0.40897589921951294,0.7950222492218018,-3.798551082611084,3.3816847801208496,0.4098788797855377,0.22788333892822266
4.109999908,0.0011,-0.0046,0.6813,-0.6802,1.2291,-1.2327,1.1393,-0.7762,-0.0128,-0.0136,-0.001,0.0126,-0.0051,0.0135,0.1084,-0.117,-1.5307629108428955,1.3747788667678833,0.2478378862142563,0.2859262526035309,-3.074476957321167,2.4950103759765625,0.09775183349847794,0.06377305835485458,-0.009333580732345581,0.0037699751555919647,-0.005811496637761593,-0.051937367767095566,-0.00041220421553589404,-0.998650312423706,0.0,0.0,0.0,0.5199999809265137,0.0010999999940395355,-0.004600000102072954,-0.29429998993873596,0.2953999936580658,-0.8652999997138977,0.8616999983787537,-0.012799999676644802,-0.01360000018030405,-0.0010000000474974513,0.012600000016391277,-0.005100000184029341,0.013500000350177288,0.10840000212192535,-0.11699999868869781,-1.019147515296936,0.9092247486114502,-0.40774139761924744,0.7961463332176208,-3.8000032901763916,3.3819689750671387,0.406457781791687,0.2288069725036621
4.1199999080000005,0.0011,-0.0046,0.6814,-0.6802,1.2291,-1.2327,1.1405,-0.7775,-0.0133,-0.0138,-0.0023,0.0096,-0.0047,0.0149,0.1169,-0.1024,-1.5279978513717651,1.3758785724639893,0.23464754223823547,0.27190592885017395,-3.0627756118774414,2.5054218769073486,0.09473235160112381,0.058954402804374695,-0.009843504056334496,0.003481432097032666,-0.005821728613227606,-0.05193827673792839,-0.0004169585299678147,-0.9986501932144165,0.0,0.0,0.0,0.5199999809265137,0.0010999999940395355,-0.004600000102072954,-0.29420000314712524,0.2953999936580658,-0.8652999997138977,0.8616999983787537,-0.013299999758601189,-0.013799999840557575,-0.002300000051036477,0.009600000455975533,-0.004699999932199717,0.01489999983459711,0.1168999969959259,-0.10239999741315842,-1.0191619396209717,0.9064125418663025,-0.42344141006469727,0.7822574973106384,-3.7805912494659424,3.3876402378082275,0.4126873314380646,0.23169222474098206
4.129999908,0.0011,-0.0046,0.6814,-0.6802,1.2291,-1.2327,1.1417,-0.7785,-0.0134,-0.0138,-0.019,0.0107,-0.0036,0.0146,0.1255,-0.0929,-1.5249698162078857,1.3799608945846558,0.2620278596878052,0.28291842341423035,-3.0969014167785645,2.5120432376861572,0.09231112152338028,0.04985611513257027,-0.008834164589643478,0.010715850628912449,0.012152854353189468,-0.05193827673792839,-0.0004169585299678147,-0.9986501932144165,0.0,0.0,0.0,0.5199999809265137,0.0010999999940395355,-0.004600000102072954,-0.29420000314712524,0.2953999936580658,-0.8652999997138977,0.8616999983787537,-0.013399999588727951,-0.013799999840557575,-0.01899999938905239,0.010700000450015068,-0.003599999938160181,0.014600000344216824,0.12549999356269836,-0.09290000051259995,-1.0173518657684326,0.9071323871612549,-0.4321216344833374,0.7727106213569641,-3.772763729095459,3.39467453956604,0.4023094177246094,0.2153376042842865
4.139999908,0.001,-0.0046,0.6812,-0.6802,1.2291,-1.2327,1.1431,-0.7795,-0.0128,-0.0129,-0.0301,0.0091,-0.0033,0.0144,0.1355,-0.0807,-1.525483250617981,1.3832714557647705,0.29503992199897766,0.30342647433280945,-3.1332638263702393,2.505199670791626,0.09329401701688766,0.04455474391579628,-0.007608882151544094,0.0147226108238101,0.023730874061584473,-0.05192798748612404,-0.00040794885717332363,-0.9986507892608643,0.0,0.0,0.0,0.5199999809265137,0.0010000000474974513,-0.004600000102072954,-0.29440000653266907,0.2953999936580658,-0.8652999997138977,0.8616999983787537,-0.012799999676644802,-0.012900000438094139,-0.03009999915957451,0.009100000374019146,-0.0032999999821186066,0.014399999752640724,0.1354999989271164,-0.08070000261068344,-1.0153398513793945,0.9098539352416992,-0.4149814248085022,0.780125617980957,-3.795440912246704,3.399068832397461,0.3943444788455963,0.18084445595741272
4.149999908,0.001,-0.0046,0.6811,-0.6802,1.2292,-1.2327,1.1445,-0.7805,-0.0127,-0.0127,-0.0218,0.0108,-0.0043,0.0153,0.1328,-0.0823,-1.531335711479187,1.3795294761657715,0.2843354046344757,0.29825371503829956,-3.117762565612793,2.497053623199463,0.09768127650022507,0.04774637520313263,-0.008330442942678928,0.012110729701817036,0.009844621643424034,-0.05192798748612404,-0.00040794885717332363,-0.9986507892608643,0.0,0.0,0.0,0.5199999809265137,0.0010000000474974513,-0.004600000102072954,-0.2944999933242798,0.2953999936580658,-0.8651999831199646,0.8616999983787537,-0.01269999984651804,-0.01269999984651804,-0.021800000220537186,0.01080000028014183,-0.00430000014603138,0.015300000086426735,0.13279999792575836,-0.08229999989271164,-1.0158421993255615,0.9121209979057312,-0.3941133916378021,0.7936909794807434,-3.819662570953369,3.3944931030273438,0.4002760648727417,0.16207897663116455
4.159999907,0.0011,-0.0046,0.6811,-0.6801,1.2292,-1.2327,1.1458,-0.7815,-0.0132,-0.0134,-0.0027,0.0073,-0.0049,0.0159,0.1194,-0.0936,-1.5361683368682861,1.3761756420135498,0.24960508942604065,0.27891552448272705,-3.079876184463501,2.497065305709839,0.09853332489728928,0.05283544212579727,-0.009670644998550415,0.0029620963614434004,-0.005151437595486641,-0.0517430417239666,-0.0003962684713769704,-0.9986603856086731,0.0,0.0,0.0,0.5199999809265137,0.0010999999940395355,-0.004600000102072954,-0.2944999933242798,0.2955000102519989,-0.8651999831199646,0.8616999983787537,-0.013199999928474426,-0.013399999588727951,-0.0027000000700354576,0.007300000172108412,-0.004900000058114529,0.01590000092983246,0.11940000206232071,-0.09359999746084213,-1.0197371244430542,0.9096396565437317,-0.4008964002132416,0.7903558015823364,-3.809195041656494,3.389122486114502,0.41728511452674866,0.17452549934387207
4.169999907,0.0011,-0.0046,0.6811,-0.6802,1.2291,-1.2326,1.147,-0.7826,-0.0139,-0.0142,-0.0039,0.0032,-0.0048,0.0155,0.118,-0.0989,-1.5348739624023438,1.3803631067276,0.25148430466651917,0.28266850113868713,-3.0866639614105225,2.499131202697754,0.09374183416366577,0.05143839493393898,-0.009342207573354244,0.0009128711535595357,0.005038820207118988,-0.05172547325491905,-0.00040273807826451957,-0.9986612796783447,0.0,0.0,0.0,0.5199999809265137,0.0010999999940395355,-0.004600000102072954,-0.2944999933242798,0.2953999936580658,-0.8652999997138977,0.8618000149726868,-0.013899999670684338,-0.0142000000923872,-0.0038999998942017555,0.0031999999191612005,-0.004800000227987766,0.01549999974668026,0.11800000071525574,-0.09889999777078629,-1.0227922201156616,0.9073570966720581,-0.42277660965919495,0.7774303555488586,-3.783977508544922,3.3891701698303223,0.4180133044719696,0.19262176752090454
4.179999907,0.0011,-0.0046,0.6812,-0.6803,1.2291,-1.2326,1.1482,-0.7838,-0.0137,-0.0141,-0.0137,0.0017,-0.0042,0.0135,0.1227,-0.1016,-1.5354081392288208,1.3839303255081177,0.2790919244289398,0.3044198751449585,-3.1198840141296387,2.495774745941162,0.09095829725265503,0.04985582083463669,-0.007992220111191273,0.0035687496419996023,0.020271211862564087,-0.05172547325491905,-0.00040273807826451957,-0.9986612796783447,0.0,0.0,0.0,0.5199999809265137,0.0010999999940395355,-0.004600000102072954,-0.29440000653266907,0.2953000068664551,-0.8652999997138977,0.8618000149726868,-0.013700000010430813,-0.014100000262260437,-0.013700000010430813,0.0017000000225380063,-0.00419999985024333,0.013500000350177288,0.12269999831914902,-0.10159999877214432,-1.0219759941101074,0.9100953936576843,-0.421603798866272,0.7794589996337891,-3.788696050643921,3.390720844268799,0.3985673487186432,0.18597358465194702
4.189999907000001,0.001,-0.0046,0.6811,-0.6803,1.2292,-1.2327,1.1495,-0.785,-0.0133,-0.0138,-0.0214,0.0104,-0.0044,0.013,0.1278,-0.1069,-1.5351516008377075,1.3835980892181396,0.2924753725528717,0.31156083941459656,-3.1313700675964355,2.489250421524048,0.0941203311085701,0.051524803042411804,-0.007753070443868637,0.009592197835445404,0.018259361386299133,-0.051780231297016144,-0.0003992581332568079,-0.9986584782600403,0.0,0.0,0.0,0.5199999809265137,0.0010000000474974513,-0.004600000102072954,-0.2944999933242798,0.2953000068664551,-0.8651999831199646,0.8616999983787537,-0.013299999758601189,-0.013799999840557575,-0.021400000900030136,0.010400000028312206,-0.004399999976158142,0.013000000268220901,0.12780000269412994,-0.10689999908208847,-1.022318720817566,0.9124802350997925,-0.40365204215049744,0.7936599254608154,-3.810802698135376,3.388349771499634,0.3883731961250305,0.179103285074234
4.199999906,0.0011,-0.0046,0.6811,-0.6803,1.2292,-1.2327,1.1508,-0.7862,-0.0134,-0.014,-0.0123,0.0155,-0.0051,0.014,0.1208,-0.1161,-1.537387728691101,1.3775354623794556,0.2717489004135132,0.29699409008026123,-3.103339433670044,2.4886059761047363,0.0989968478679657,0.0558948814868927,-0.009004976600408554,0.007899340242147446,0.0026688724756240845,-0.051780231297016144,-0.0003992581332568079,-0.9986584782600403,0.0,0.0,0.0,0.5199999809265137,0.0010999999940395355,-0.004600000102072954,-0.2944999933242798,0.2953000068664551,-0.8651999831199646,0.8616999983787537,-0.013399999588727951,-0.014000000432133675,-0.012299999594688416,0.01549999974668026,-0.005100000184029341,0.014000000432133675,0.12080000340938568,-0.1160999983549118,-1.022321105003357,0.9122787117958069,-0.3954430818557739,0.7990005612373352,-3.8182733058929443,3.3837668895721436,0.40204131603240967,0.18471920490264893
4.209999906,0.0011,-0.0046,0.6811,-0.6802,1.2291,-1.2327,1.152,-0.7875,-0.0137,-0.0143,-0.0025,0.0081,-0.0055,0.0147,0.114,-0.1162,-1.535891056060791,1.3785860538482666,0.2578449547290802,0.29121485352516174,-3.089737892150879,2.4899439811706543,0.09774970263242722,0.057559795677661896,-0.009323657490313053,0.0009574621799401939,0.0018046071054413915,-0.051729828119277954,-0.00040741890552453697,-0.9986609816551208,0.0,0.0,0.0,0.5199999809265137,0.0010999999940395355,-0.004600000102072954,-0.2944999933242798,0.2953999936580658,-0.8652999997138977,0.8616999983787537,-0.013700000010430813,-0.014299999922513962,-0.0024999999441206455,0.008100000210106373,-0.005499999970197678,0.014700000174343586,0.11400000005960464,-0.11620000004768372,-1.023618459701538,0.9082236289978027,-0.4086540639400482,0.7896293997764587,-3.799633026123047,3.383404016494751,0.4201473891735077,0.2003595232963562
4.219999906,0.0011,-0.0046,0.6812,-0.6802,1.2291,-1.2327,1.1531,-0.7888,-0.0137,-0.0144,-0.004,0.003,-0.0047,0.0137,0.1133,-0.1161,-1.5347344875335693,1.3816508054733276,0.26846128702163696,0.30244287848472595,-3.105037212371826,2.490250825881958,0.09442536532878876,0.05756217986345291,-0.008711257949471474,-0.0005247560911811888,0.012027655728161335,-0.051759470254182816,-0.00041986527503468096,-0.9986594319343567,0.0,0.0,0.0,0.5199999809265137,0.0010999999940395355,-0.004600000102072954,-0.29440000653266907,0.2953999936580658,-0.8652999997138977,0.8616999983787537,-0.013700000010430813,-0.014399999752640724,-0.004000000189989805,0.003000000026077032,-0.004699999932199717,0.013700000010430813,0.11330000311136246,-0.1160999983549118,-1.0226407051086426,0.9089040160179138,-0.4172700345516205,0.7854832410812378,-3.7907919883728027,3.384342670440674,0.41379880905151367,0.20699918270111084
4.229999906000001,0.0011,-0.0046,0.6812,-0.6803,1.2291,-1.2327,1.1543,-0.7901,-0.0131,-0.0138,-0.0043,0.0021,-0.0048,0.013,0.1117,-0.1187,-1.535896897315979,1.3819944858551025,0.2774716019630432,0.31341293454170227,-3.1146111488342285,2.4868760108947754,0.09341582655906677,0.060071833431720734,-0.008040892891585827,-0.0008298823377117515,0.01457197219133377,-0.051759470254182816,-0.00041986527503468096,-0.9986594319343567,0.0,0.0,0.0,0.5199999809265137,0.0010999999940395355,-0.004600000102072954,-0.29440000653266907,0.2953000068664551,-0.8652999997138977,0.8616999983787537,-0.013100000098347664,-0.013799999840557575,-0.00430000014603138,0.002099999925121665,-0.004800000227987766,0.013000000268220901,0.11169999837875366,-0.11869999766349792,-1.0218696594238281,0.9109405279159546,-0.41009247303009033,0.7926285862922668,-3.800938129425049,3.3844804763793945,0.40036144852638245,0.20702871680259705
4.239999906,0.0011,-0.0046,0.6813,-0.6803,1.2291,-1.2327,1.1555,-0.7915,-0.0132,-0.014,-0.0029,0.0069,-0.005,0.0135,0.1081,-0.1233,-1.5358622074127197,1.3803943395614624,0.27213621139526367,0.3106323182582855,-3.1066434383392334,2.4843008518218994,0.09497623145580292,0.0638287290930748,-0.008696784265339375,0.0005861534154973924,0.008408292196691036,-0.05182803422212601,-0.0004234768566675484,-0.9986558556556702,0.0,0.0,0.0,0.5199999809265137,0.0010999999940395355,-0.004600000102072954,-0.29429998993873596,0.2953000068664551,-0.8652999997138977,0.8616999983787537,-0.013199999928474426,-0.014000000432133675,-0.002899999963119626,0.006899999920278788,-0.004999999888241291,0.013500000350177288,0.10809999704360962,-0.12330000102519989,-1.0226045846939087,0.9112096428871155,-0.40410560369491577,0.7996819615364075,-3.8073275089263916,3.3821840286254883,0.3960033059120178,0.21654734015464783
4.249999905,0.0011,-0.0046,0.6813,-0.6803,1.2291,-1.2327,1.1566,-0.7929,-0.0134,-0.0141,-0.0026,0.0078,-0.0051,0.0142,0.1062,-0.1211,-1.5334707498550415,1.3795485496520996,0.26885148882865906,0.30775344371795654,-3.1013784408569336,2.4844651222229004,0.09557246416807175,0.06499553471803665,-0.009071017615497112,0.0011588488705456257,0.006871812045574188,-0.05182803422212601,-0.0004234768566675484,-0.9986558556556702,0.0,0.0,0.0,0.5199999809265137,0.0010999999940395355,-0.004600000102072954,-0.29429998993873596,0.2953000068664551,-0.8652999997138977,0.8616999983787537,-0.013399999588727951,-0.014100000262260437,-0.0026000000070780516,0.007799999788403511,-0.005100000184029341,0.0142000000923872,0.10620000213384628,-0.12110000103712082,-1.0225881338119507,0.9101295471191406,-0.4073691964149475,0.7981482148170471,-3.8020288944244385,3.380500555038452,0.40152493119239807,0.23065492510795593
4.259999905,0.0011,-0.0046,0.6814,-0.6803,1.2291,-1.2327,1.1577,-0.7942,-0.0134,-0.0141,-0.0031,0.0061,-0.0048,0.0141,0.1042,-0.1158,-1.5313249826431274,1.3795708417892456,0.2716968059539795,0.3100340664386749,-3.104349374771118,2.4847705364227295,0.09552992880344391,0.0648910328745842,-0.008954254910349846,0.0014105583541095257,0.009365218691527843,-0.05188196524977684,-0.0004334628174547106,-0.9986531138420105,0.0,0.0,0.0,0.5199999809265137,0.0010999999940395355,-0.004600000102072954,-0.29420000314712524,0.2953000068664551,-0.8652999997138977,0.8616999983787537,-0.013399999588727951,-0.014100000262260437,-0.003100000089034438,0.006099999882280827,-0.004800000227987766,0.014100000262260437,0.10419999808073044,-0.11580000072717667,-1.0210071802139282,0.9095590114593506,-0.40953901410102844,0.7962889671325684,-3.79852557182312,3.3806567192077637,0.4035298526287079,0.23576214909553528
4.269999905000001,0.0011,-0.0046,0.6814,-0.6803,1.2291,-1.2327,1.1587,-0.7954,-0.0133,-0.0139,-0.0033,0.0053,-0.0047,0.014,0.101,-0.1113,-1.530102252960205,1.3791695833206177,0.2756790816783905,0.3130371570587158,-3.1078531742095947,2.4843356609344482,0.09602276980876923,0.0650135800242424,-0.00877781119197607,0.0020622871816158295,0.01046733558177948,-0.05190426856279373,-0.0004354853881523013,-0.998651921749115,0.0,0.0,0.0,0.5199999809265137,0.0010999999940395355,-0.004600000102072954,-0.29420000314712524,0.2953000068664551,-0.8652999997138977,0.8616999983787537,-0.013299999758601189,-0.013899999670684338,-0.0032999999821186066,0.0052999998442828655,-0.004699999932199717,0.014000000432133675,0.10100000351667404,-0.11129999905824661,-1.0195766687393188,0.9095739126205444,-0.40747547149658203,0.797696053981781,-3.8004863262176514,3.3808536529541016,0.4029597043991089,0.23640412092208862
4.279999905,0.0011,-0.0046,0.6815,-0.6803,1.2291,-1.2327,1.1598,-0.7967,-0.0133,-0.0138,-0.0031,0.0057,-0.0047,0.0141,0.0974,-0.1075,-1.5290411710739136,1.378386378288269,0.2762623727321625,0.3132003843784332,-3.107668161392212,2.4837841987609863,0.09738970547914505,0.06541159003973007,-0.008797564543783665,0.0030074806418269873,0.009463848546147346,-0.05190426856279373,-0.0004354853881523013,-0.998651921749115,0.0,0.0,0.0,0.5199999809265137,0.0010999999940395355,-0.004600000102072954,-0.29409998655319214,0.2953000068664551,-0.8652999997138977,0.8616999983787537,-0.013299999758601189,-0.013799999840557575,-0.003100000089034438,0.00570000009611249,-0.004699999932199717,0.014100000262260437,0.09740000218153,-0.10750000178813934,-1.0187548398971558,0.9093197584152222,-0.40483394265174866,0.7996447682380676,-3.8028154373168945,3.380557060241699,0.4042910933494568,0.23779430985450745
4.289999904,0.0011,-0.0046,0.6816,-0.6803,1.2291,-1.2327,1.1608,-0.7979,-0.0133,-0.0138,-0.003,0.0059,-0.0048,0.0142,0.0941,-0.1033,-1.527683138847351,1.377679467201233,0.27601292729377747,0.3121982514858246,-3.1068034172058105,2.4839625358581543,0.09886708855628967,0.06536104530096054,-0.008840681985020638,0.003873430425301194,0.00870641227811575,-0.05191260203719139,-0.0004376121505629271,-0.9986515641212463,0.0,0.0,0.0,0.5199999809265137,0.0010999999940395355,-0.004600000102072954,-0.2939999997615814,0.2953000068664551,-0.8652999997138977,0.8616999983787537,-0.013299999758601189,-0.013799999840557575,-0.003000000026077032,0.005900000222027302,-0.004800000227987766,0.0142000000923872,0.0940999984741211,-0.10329999774694443,-1.0180474519729614,0.9088042378425598,-0.4042317569255829,0.7997802495956421,-3.802692174911499,3.3801960945129395,0.40903881192207336,0.24014636874198914
4.299999904,0.0011,-0.0046,0.6816,-0.6804,1.2291,-1.2327,1.1617,-0.799,-0.0134,-0.0138,-0.0031,0.0053,-0.0047,0.0142,0.0912,-0.0988,-1.526199460029602,1.3771430253982544,0.27757200598716736,0.31289681792259216,-3.107858896255493,2.4845430850982666,0.0999065712094307,0.06457003951072693,-0.008799354545772076,0.004509198013693094,0.009056152775883675,-0.05191260203719139,-0.0004376121505629271,-0.9986515641212463,0.0,0.0,0.0,0.5199999809265137,0.0010999999940395355,-0.004600000102072954,-0.2939999997615814,0.295199990272522,-0.8652999997138977,0.8616999983787537,-0.013399999588727951,-0.013799999840557575,-0.003100000089034438,0.0052999998442828655,-0.004699999932199717,0.0142000000923872,0.09120000153779984,-0.09880000352859497,-1.0171420574188232,0.9083329439163208,-0.40419137477874756,0.7991254925727844,-3.8021223545074463,3.380321741104126,0.41428834199905396,0.2407841682434082
4.3099999040000005,0.0011,-0.0046,0.6817,-0.6804,1.2291,-1.2327,1.1627,-0.8001,-0.0134,-0.0137,-0.0032,0.0048,-0.0047,0.0142,0.0886,-0.0949,-1.5251668691635132,1.3768242597579956,0.2792564332485199,0.3135337829589844,-3.1098666191101074,2.484884262084961,0.10116404294967651,0.06387824565172195,-0.008685746230185032,0.005099116358906031,0.009523767977952957,-0.05189391225576401,-0.00044210709165781736,-0.9986525177955627,0.0,0.0,0.0,0.5199999809265137,0.0010999999940395355,-0.004600000102072954,-0.2939000129699707,0.295199990272522,-0.8652999997138977,0.8616999983787537,-0.013399999588727951,-0.013700000010430813,-0.0031999999191612005,0.004800000227987766,-0.004699999932199717,0.0142000000923872,0.08860000222921371,-0.09489999711513519,-1.0161596536636353,0.9079753160476685,-0.40315866470336914,0.7993512153625488,-3.80281925201416,3.380708694458008,0.4178662896156311,0.23852014541625977
