time_sec,hip_L_Joint_pos_rad,hip_R_Joint_pos_rad,thigh_L_Joint_pos_rad,thigh_R_Joint_pos_rad,knee_L_Joint_pos_rad,knee_R_Joint_pos_rad,wheel_L_Joint_pos_rad,wheel_R_Joint_pos_rad,hip_L_Joint_vel_rad/s,hip_R_Joint_vel_rad/s,thigh_L_Joint_vel_rad/s,thigh_R_Joint_vel_rad/s,knee_L_Joint_vel_rad/s,knee_R_Joint_vel_rad/s,wheel_L_Joint_vel_rad/s,wheel_R_Joint_vel_rad/s,hip_L_Joint_torque,hip_R_Joint_torque,thigh_L_Joint_torque,thigh_R_Joint_torque,knee_L_Joint_torque,knee_R_Joint_torque,wheel_L_Joint_torque,wheel_R_Joint_torque
0.021198686,0.0111,-0.0111,-0.001,0.0039,-0.0017,0.0004,1.1236,-0.2356,0.0,0.0,0.0,-0.0185,0.0,0.0,-0.0001,0.005,-0.04883505403995514,0.08708711713552475,-0.08459494262933731,0.11027950048446655,-0.03278263658285141,-0.020624758675694466,0.0,0.0
0.022590585,0.0111,-0.0111,-0.001,0.0039,-0.0017,0.0004,1.1236,-0.2356,0.0,0.0,0.0,-0.0185,0.0,0.0,-0.0001,0.005,-0.04883505403995514,0.08708711713552475,-0.08459494262933731,0.11027950048446655,-0.03278263658285141,-0.020624758675694466,0.0,0.0
0.032729157,0.0111,-0.0111,-0.001,0.0039,-0.0017,0.0004,1.1236,-0.2356,0.0,0.0,0.0,-0.0185,0.0,0.0,-0.0001,0.005,-0.04883505403995514,0.08708711713552475,-0.08459494262933731,0.11027950048446655,-0.03278263658285141,-0.020624758675694466,0.0,0.0
0.042593674000000005,0.0111,-0.0111,-0.001,0.0037,-0.0017,0.0004,1.1236,-0.2355,0.0,-0.0001,0.0,-0.0147,0.0,0.0,-0.0001,0.0038,-0.07517276704311371,0.1166425496339798,-0.1178755909204483,0.16926316916942596,-0.03812238946557045,-0.03396253660321236,0.0,0.0
0.052640806000000005,0.0111,-0.0111,-0.001,0.0037,-0.0017,0.0004,1.1236,-0.2355,0.0,0.0,0.0009,-0.0098,0.0,0.0,0.0003,0.0015,-0.07517276704311371,0.11663254350423813,-0.11796559393405914,0.16877317428588867,-0.03812238946557045,-0.03396253660321236,0.0,0.0
0.062635946,0.0111,-0.0111,-0.001,0.0037,-0.0017,0.0004,1.1236,-0.2355,0.0,0.0,0.0009,-0.0098,0.0,0.0,0.0003,0.0015,-0.07517276704311371,0.11663254350423813,-0.11796559393405914,0.16877317428588867,-0.03812238946557045,-0.03396253660321236,0.0,0.0
0.072624941,0.0111,-0.0111,-0.001,0.0037,-0.0017,0.0004,1.1236,-0.2355,0.0,0.0,0.0009,-0.0098,0.0,0.0,0.0003,0.0015,-0.07517276704311371,0.11663254350423813,-0.11796559393405914,0.16877317428588867,-0.03812238946557045,-0.03396253660321236,0.0,0.0
0.08266087100000001,0.0111,-0.0111,-0.001,0.0037,-0.0017,0.0004,1.1236,-0.2355,0.0,0.0,0.0009,-0.0098,0.0,0.0,0.0003,0.0015,-0.07517276704311371,0.11663254350423813,-0.11796559393405914,0.16877317428588867,-0.03812238946557045,-0.03396253660321236,0.0,0.0
0.09262790600000001,0.0111,-0.0111,-0.001,0.0037,-0.0017,0.0004,1.1236,-0.2355,0.0,0.0,0.0009,-0.0098,0.0,0.0,0.0003,0.0015,-0.07517276704311371,0.11663254350423813,-0.11796559393405914,0.16877317428588867,-0.03812238946557045,-0.03396253660321236,0.0,0.0
0.10259369500000001,0.0111,-0.0111,-0.001,0.0037,-0.0017,0.0004,1.1236,-0.2355,0.0,0.0,0.0009,-0.0098,0.0,0.0,0.0003,0.0015,-0.07517276704311371,0.11663254350423813,-0.11796559393405914,0.16877317428588867,-0.03812238946557045,-0.03396253660321236,0.0,0.0
0.11267677300000001,0.0111,-0.0111,-0.001,0.0037,-0.0017,0.0004,1.1236,-0.2355,0.0,0.0,0.0009,-0.0098,0.0,0.0,0.0003,0.0015,-0.07517276704311371,0.11663254350423813,-0.11796559393405914,0.16877317428588867,-0.03812238946557045,-0.03396253660321236,0.0,0.0
0.122601734,0.0111,-0.0111,-0.001,0.0037,-0.0017,0.0004,1.1236,-0.2355,0.0,0.0,0.0009,-0.0098,0.0,0.0,0.0003,0.0015,-0.07517276704311371,0.11663254350423813,-0.11796559393405914,0.16877317428588867,-0.03812238946557045,-0.03396253660321236,0.0,0.0
0.13268103,0.0111,-0.0111,-0.001,0.0037,-0.0017,0.0004,1.1236,-0.2355,0.0,0.0,0.0009,-0.0098,0.0,0.0,0.0003,0.0015,-0.07517276704311371,0.11663254350423813,-0.11796559393405914,0.16877317428588867,-0.03812238946557045,-0.03396253660321236,0.0,0.0
0.142589717,0.0111,-0.0111,-0.001,0.0037,-0.0017,0.0004,1.1236,-0.2355,0.0,0.0,0.0009,-0.0098,0.0,0.0,0.0003,0.0015,-0.07517276704311371,0.11663254350423813,-0.11796559393405914,0.16877317428588867,-0.03812238946557045,-0.03396253660321236,0.0,0.0
0.152609939,0.0111,-0.0111,-0.001,0.0037,-0.0017,0.0004,1.1236,-0.2355,-0.0001,0.002,-0.0135,0.0123,0.0,-0.0001,0.0025,-0.0031,-0.09322552382946014,0.12830233573913574,-0.1293153315782547,0.19335190951824188,-0.035046420991420746,-0.042553581297397614,0.0,0.0
0.16264497900000002,0.0111,-0.0111,-0.0011,0.0038,-0.0017,0.0004,1.1237,-0.2355,0.0,0.0036,-0.012,0.0132,0.0,0.0,0.0037,-0.005,-0.10310012847185135,0.13204465806484222,-0.13387031853199005,0.2042805254459381,-0.030925307422876358,-0.04791536554694176,0.0,0.0
0.17267785600000002,0.0111,-0.0111,-0.0011,0.0038,-0.0017,0.0004,1.1237,-0.2355,0.0,0.0036,-0.012,0.0132,0.0,0.0,0.0037,-0.005,-0.10310012847185135,0.13204465806484222,-0.13387031853199005,0.2042805254459381,-0.030925307422876358,-0.04791536554694176,0.0,0.0
0.18256170200000002,0.0111,-0.011,-0.0012,0.0039,-0.0017,0.0004,1.1237,-0.2356,0.0,0.0055,-0.0167,0.0211,0.0,0.0,0.0051,-0.0075,-0.10310012847185135,0.13155466318130493,-0.13310033082962036,0.20319052040576935,-0.030925307422876358,-0.04791536554694176,0.0,0.0
0.193017713,0.0111,-0.0109,-0.0014,0.0042,-0.0017,0.0004,1.1238,-0.2357,0.0,0.01,-0.0262,0.0372,0.0,0.0,0.0081,-0.0126,-0.10757429152727127,0.13025616109371185,-0.13284258544445038,0.20421282947063446,-0.027612030506134033,-0.050701532512903214,0.0,0.0
0.20261013800000002,0.0111,-0.0109,-0.0016,0.0044,-0.0017,0.0004,1.1238,-0.2358,0.0,0.0123,-0.031,0.0455,0.0,0.0,0.0096,-0.0152,-0.10895804315805435,0.12761522829532623,-0.1314002275466919,0.2021712064743042,-0.02526159957051277,-0.05187085643410683,0.0,0.0
0.212717713,0.0111,-0.0109,-0.0016,0.0044,-0.0017,0.0004,1.1238,-0.2358,0.0,0.0123,-0.031,0.0455,0.0,0.0,0.0096,-0.0152,-0.10895804315805435,0.12761522829532623,-0.1314002275466919,0.2021712064743042,-0.02526159957051277,-0.05187085643410683,0.0,0.0
0.22261312300000002,0.0111,-0.0109,-0.0016,0.0044,-0.0017,0.0004,1.1238,-0.2358,0.0,0.0123,-0.031,0.0455,0.0,0.0,0.0096,-0.0152,-0.10895804315805435,0.12761522829532623,-0.1314002275466919,0.2021712064743042,-0.02526159957051277,-0.05187085643410683,0.0,0.0
0.232606474,0.0111,-0.0107,-0.002,0.005,-0.0017,0.0004,1.1239,-0.236,0.0,0.0168,-0.0405,0.062,0.0,0.0,0.0126,-0.0205,-0.10862304270267487,0.12309114634990692,-0.12798994779586792,0.19581541419029236,-0.02361978590488434,-0.05205267295241356,0.0,0.0
0.242629596,0.0111,-0.0106,-0.0022,0.0054,-0.0017,0.0004,1.124,-0.2361,0.0,0.0188,-0.0451,0.07,0.0,0.0,0.014,-0.023,-0.10862304270267487,0.12259114533662796,-0.12692993879318237,0.1938154101371765,-0.02361978590488434,-0.05205267295241356,0.0,0.0
0.252639488,0.0111,-0.0106,-0.0022,0.0054,-0.0017,0.0004,1.124,-0.2361,0.0,0.0188,-0.0451,0.07,0.0,0.0,0.014,-0.023,-0.10862304270267487,0.12259114533662796,-0.12692993879318237,0.1938154101371765,-0.02361978590488434,-0.05205267295241356,0.0,0.0
0.262569092,0.0111,-0.0105,-0.0024,0.0058,-0.0017,0.0004,1.1241,-0.2362,0.0,0.0209,-0.0496,0.0779,0.0,0.0,0.0155,-0.0255,-0.10722726583480835,0.1182241290807724,-0.12422647327184677,0.18748465180397034,-0.02240484580397606,-0.05161130428314209,0.0,0.0
0.272590385,0.0111,-0.0103,-0.003,0.0066,-0.0017,0.0004,1.1243,-0.2365,0.0,0.0244,-0.0582,0.0929,0.0,0.0,0.0182,-0.0302,-0.10530827939510345,0.11335062235593796,-0.11930950731039047,0.17872002720832825,-0.021632235497236252,-0.05089721456170082,0.0,0.0
0.28268007900000003,0.0111,-0.0103,-0.003,0.0066,-0.0017,0.0004,1.1243,-0.2365,0.0,0.0244,-0.0582,0.0929,0.0,0.0,0.0182,-0.0302,-0.10530827939510345,0.11335062235593796,-0.11930950731039047,0.17872002720832825,-0.021632235497236252,-0.05089721456170082,0.0,0.0
0.292645418,0.0111,-0.0103,-0.003,0.0066,-0.0017,0.0004,1.1243,-0.2365,0.0,0.0244,-0.0582,0.0929,0.0,0.0,0.0182,-0.0302,-0.10530827939510345,0.11335062235593796,-0.11930950731039047,0.17872002720832825,-0.021632235497236252,-0.05089721456170082,0.0,0.0
0.30259487700000004,0.0111,-0.0102,-0.0033,0.0071,-0.0017,0.0004,1.1244,-0.2367,0.0,0.0259,-0.0623,0.0999,0.0,0.0,0.0194,-0.0325,-0.10530827939510345,0.11290062218904495,-0.11799950897693634,0.17652001976966858,-0.021632235497236252,-0.05089721456170082,0.0,0.0
0.312644813,0.0111,-0.0099,-0.004,0.0083,-0.0017,0.0004,1.1246,-0.237,0.0,0.0285,-0.07,0.1131,0.0,0.0,0.0219,-0.0366,-0.10283765196800232,0.10743144899606705,-0.11244374513626099,0.16589118540287018,-0.0208670012652874,-0.050106365233659744,0.0,0.0
0.32265987500000004,0.0111,-0.0097,-0.0044,0.0089,-0.0017,0.0004,1.1247,-0.2372,0.0,0.0297,-0.0736,0.1193,0.0,0.0,0.023,-0.0386,-0.09986773133277893,0.10225792974233627,-0.1080455407500267,0.15724538266658783,-0.02012036368250847,-0.04923779517412186,0.0,0.0
0.33265571400000005,0.0111,-0.0097,-0.0044,0.0089,-0.0017,0.0004,1.1247,-0.2372,0.0,0.0297,-0.0736,0.1193,0.0,0.0,0.023,-0.0386,-0.09986773133277893,0.10225792974233627,-0.1080455407500267,0.15724538266658783,-0.02012036368250847,-0.04923779517412186,0.0,0.0
0.34260118900000003,0.0111,-0.0096,-0.0048,0.0095,-0.0017,0.0004,1.1248,-0.2374,0.0,0.0306,-0.0769,0.125,0.0,0.0,0.0241,-0.0404,-0.09986773133277893,0.1018679291009903,-0.1065155416727066,0.15487538278102875,-0.02012036368250847,-0.04923779517412186,0.0,0.0
0.35260160500000004,0.0111,-0.0093,-0.0056,0.0108,-0.0017,0.0004,1.1251,-0.2378,0.0,0.032,-0.0831,0.1354,0.0,0.0,0.026,-0.0437,-0.09656728804111481,0.09638465940952301,-0.10042179375886917,0.14360497891902924,-0.01948777586221695,-0.04839098080992699,0.0,0.0
0.362656592,0.0111,-0.0093,-0.0056,0.0108,-0.0017,0.0004,1.1251,-0.2378,0.0,0.032,-0.0831,0.1354,0.0,0.0,0.026,-0.0437,-0.09656728804111481,0.09638465940952301,-0.10042179375886917,0.14360497891902924,-0.01948777586221695,-0.04839098080992699,0.0,0.0
0.372659442,0.0111,-0.0093,-0.0056,0.0108,-0.0017,0.0004,1.1251,-0.2378,0.0,0.032,-0.0831,0.1354,0.0,0.0,0.026,-0.0437,-0.09656728804111481,0.09638465940952301,-0.10042179375886917,0.14360497891902924,-0.01948777586221695,-0.04839098080992699,0.0,0.0
0.38266313100000005,0.0111,-0.0089,-0.0065,0.0122,-0.0017,0.0004,1.1253,-0.2383,0.0,0.0327,-0.0885,0.1443,0.0,0.0,0.0277,-0.0465,-0.09281210601329803,0.09068291634321213,-0.09406120330095291,0.1317831575870514,-0.01876751333475113,-0.04760656878352165,0.0,0.0
0.39261977000000003,0.0111,-0.0088,-0.0069,0.013,-0.0017,0.0004,1.1255,-0.2385,0.0,0.0329,-0.0909,0.1482,0.0,0.0,0.0284,-0.0478,-0.08858144283294678,0.08593722432851791,-0.08932885527610779,0.12200293689966202,-0.01802237331867218,-0.04691929742693901,0.0,0.0
0.40267114200000004,0.0111,-0.0088,-0.0069,0.013,-0.0017,0.0004,1.1255,-0.2385,0.0,0.0329,-0.0909,0.1482,0.0,0.0,0.0284,-0.0478,-0.08858144283294678,0.08593722432851791,-0.08932885527610779,0.12200293689966202,-0.01802237331867218,-0.04691929742693901,0.0,0.0
0.41257785700000005,0.0111,-0.0086,-0.0074,0.0137,-0.0017,0.0004,1.1256,-0.2388,0.0,0.0328,-0.093,0.1516,0.0,0.0,0.0291,-0.0488,-0.08858144283294678,0.08534722775220871,-0.0876188576221466,0.11956293880939484,-0.01802237331867218,-0.04691929742693901,0.0,0.0
0.42255702,0.0111,-0.0084,-0.0079,0.0145,-0.0017,0.0004,1.1258,-0.239,0.0,0.0327,-0.095,0.1547,0.0,0.0,0.0297,-0.0498,-0.08406244963407516,0.08006851375102997,-0.0824325680732727,0.10987338423728943,-0.017282340675592422,-0.04636203125119209,0.0,0.0
0.43261553300000005,0.0111,-0.0081,-0.0088,0.0161,-0.0017,0.0004,1.1261,-0.2395,0.0,0.0318,-0.0981,0.1595,0.0,0.0,0.0307,-0.0514,-0.07916896045207977,0.07487107813358307,-0.07608038187026978,0.09744855761528015,-0.016455862671136856,-0.045879069715738297,0.0,0.0
0.442656883,0.0111,-0.0081,-0.0088,0.0161,-0.0017,0.0004,1.1261,-0.2395,0.0,0.0318,-0.0981,0.1595,0.0,0.0,0.0307,-0.0514,-0.07916896045207977,0.07487107813358307,-0.07608038187026978,0.09744855761528015,-0.016455862671136856,-0.045879069715738297,0.0,0.0
0.45258732,0.0111,-0.008,-0.0093,0.0169,-0.0017,0.0004,1.1262,-0.2398,0.0,0.031,-0.0993,0.1611,0.0,0.0,0.0311,-0.0519,-0.07916896045207977,0.0746510773897171,-0.07446037977933884,0.09488856047391891,-0.016455862671136856,-0.045879069715738297,0.0,0.0
0.46261713400000004,0.0111,-0.0078,-0.0098,0.0177,-0.0017,0.0004,1.1264,-0.2401,0.0,0.0303,-0.1004,0.1626,0.0,0.0,0.0314,-0.0524,-0.07398134469985962,0.06991779059171677,-0.06942358613014221,0.08527310192584991,-0.015666544437408447,-0.045536965131759644,0.0,0.0
0.47272558900000006,0.0111,-0.0077,-0.0104,0.0185,-0.0017,0.0004,1.1265,-0.2403,0.0,0.0292,-0.1011,0.1634,0.0,0.0,0.0316,-0.0526,-0.07398134469985962,0.06972778588533401,-0.06755358725786209,0.08279310166835785,-0.015666544437408447,-0.045536965131759644,0.0,0.0
0.48268442600000006,0.0111,-0.0077,-0.0104,0.0185,-0.0017,0.0004,1.1265,-0.2403,0.0,0.0292,-0.1011,0.1634,0.0,0.0,0.0316,-0.0526,-0.07398134469985962,0.06972778588533401,-0.06755358725786209,0.08279310166835785,-0.015666544437408447,-0.045536965131759644,0.0,0.0
0.49258518,0.0111,-0.0074,-0.0114,0.0202,-0.0017,0.0004,1.1269,-0.2409,0.0,0.0268,-0.102,0.164,0.0,0.0,0.0319,-0.0528,-0.06846395134925842,0.06498607248067856,-0.060822803527116776,0.07046186178922653,-0.01481540221720934,-0.045392394065856934,0.0,0.0
0.502619273,0.0111,-0.0073,-0.0119,0.021,-0.0017,0.0004,1.127,-0.2411,0.0,0.0255,-0.1021,0.1637,0.0,0.0,0.0319,-0.0527,-0.06279005110263824,0.0612509548664093,-0.055784400552511215,0.06116423010826111,-0.013996736146509647,-0.04536590725183487,0.0,0.0
0.5127015650000001,0.0111,-0.0073,-0.0119,0.021,-0.0017,0.0004,1.127,-0.2411,0.0,0.0255,-0.1021,0.1637,0.0,0.0,0.0319,-0.0527,-0.06279005110263824,0.0612509548664093,-0.055784400552511215,0.06116423010826111,-0.013996736146509647,-0.04536590725183487,0.0,0.0
0.5225736360000001,0.0111,-0.0072,-0.0124,0.0218,-0.0017,0.0004,1.1272,-0.2414,0.0,0.0239,-0.102,0.1629,0.0,0.0,0.0319,-0.0525,-0.06279005110263824,0.061110954731702805,-0.0542943999171257,0.05884423106908798,-0.013996736146509647,-0.04536590725183487,0.0,0.0
0.532594576,0.0111,-0.0069,-0.0134,0.0234,-0.0017,0.0004,1.1275,-0.2419,0.0,0.0204,-0.101,0.1601,0.0,0.0,0.0316,-0.0516,-0.05702536925673485,0.05697377026081085,-0.048004090785980225,0.047617945820093155,-0.01314373780041933,-0.04545961320400238,0.0,0.0
0.542609436,0.0111,-0.0068,-0.0139,0.0242,-0.0017,0.0004,1.1276,-0.2422,0.0,0.0186,-0.1002,0.1583,0.0,0.0,0.0313,-0.051,-0.05114626884460449,0.05371111258864403,-0.04322996363043785,0.03881506994366646,-0.012278166599571705,-0.0456877239048481,0.0,0.0
0.5526796390000001,0.0111,-0.0068,-0.0139,0.0242,-0.0017,0.0004,1.1276,-0.2422,0.0,0.0186,-0.1002,0.1583,0.0,0.0,0.0313,-0.051,-0.05114626884460449,0.05371111258864403,-0.04322996363043785,0.03881506994366646,-0.012278166599571705,-0.0456877239048481,0.0,0.0
0.562620395,0.0111,-0.0068,-0.0144,0.025,-0.0017,0.0004,1.1278,-0.2424,0.0,0.0166,-0.0991,0.1558,0.0,0.0,0.031,-0.0503,-0.05114626884460449,0.05391111224889755,-0.04183996468782425,0.036665067076683044,-0.012278166599571705,-0.0456877239048481,0.0,0.0
0.5725595910000001,0.0111,-0.0066,-0.0154,0.0265,-0.0017,0.0004,1.1281,-0.2429,0.0,0.0123,-0.0964,0.15,0.0,0.0,0.0301,-0.0485,-0.04513256624341011,0.051201898604631424,-0.03573856130242348,0.026264918968081474,-0.011414819397032261,-0.04607011005282402,0.0,0.0
0.5826813240000001,0.0111,-0.0066,-0.0154,0.0265,-0.0017,0.0004,1.1281,-0.2429,0.0,0.0123,-0.0964,0.15,0.0,0.0,0.0301,-0.0485,-0.04513256624341011,0.051201898604631424,-0.03573856130242348,0.026264918968081474,-0.011414819397032261,-0.04607011005282402,0.0,0.0
0.5926571270000001,0.0111,-0.0066,-0.0154,0.0265,-0.0017,0.0004,1.1281,-0.2429,0.0,0.0123,-0.0964,0.15,0.0,0.0,0.0301,-0.0485,-0.04513256624341011,0.051201898604631424,-0.03573856130242348,0.026264918968081474,-0.011414819397032261,-0.04607011005282402,0.0,0.0
0.6026151820000001,0.0111,-0.0065,-0.0163,0.028,-0.0017,0.0004,1.1284,-0.2434,0.0,0.0078,-0.0928,0.1427,0.0,0.0,0.029,-0.0462,-0.039148010313510895,0.04918407276272774,-0.030015669763088226,0.016346244141459465,-0.01059648860245943,-0.04660787805914879,0.0,0.0
0.612672968,0.0111,-0.0065,-0.0168,0.0287,-0.0017,0.0004,1.1285,-0.2436,0.0,0.0054,-0.0908,0.1387,0.0,0.0,0.0283,-0.0449,-0.03331613913178444,0.047565143555402756,-0.025525540113449097,0.008885687217116356,-0.009783231653273106,-0.04724300652742386,0.0,0.0
0.622660545,0.0111,-0.0065,-0.0168,0.0287,-0.0017,0.0004,1.1285,-0.2436,0.0,0.0054,-0.0908,0.1387,0.0,0.0,0.0283,-0.0449,-0.03331613913178444,0.047565143555402756,-0.025525540113449097,0.008885687217116356,-0.009783231653273106,-0.04724300652742386,0.0,0.0
0.632629093,0.0111,-0.0065,-0.0172,0.0294,-0.0017,0.0004,1.1287,-0.2438,0.0,0.0033,-0.0884,0.1341,0.0,0.0,0.0276,-0.0434,-0.03331613913178444,0.04777514562010765,-0.02456554025411606,0.007245687302201986,-0.009783231653273106,-0.04724300652742386,0.0,0.0
0.642612085,0.0111,-0.0065,-0.0181,0.0306,-0.0017,0.0004,1.1289,-0.2442,0.0,0.0,-0.0833,0.1241,0.0,0.0,0.0259,-0.0403,-0.02765006013214588,0.04688548669219017,-0.019214602187275887,-0.0007004025392234325,-0.009040617384016514,-0.04801713675260544,0.0,0.0
0.6526471260000001,0.0111,-0.0065,-0.0185,0.0312,-0.0017,0.0004,1.1291,-0.2444,0.0,0.0,-0.0805,0.1188,0.0,0.0,0.025,-0.0386,-0.02264474518597126,0.0459866002202034,-0.01515753474086523,-0.007083877455443144,-0.008174163289368153,-0.049014125019311905,0.0,0.0
0.6629038660000001,0.0111,-0.0065,-0.0185,0.0312,-0.0017,0.0004,1.1291,-0.2444,0.0,0.0,-0.0805,0.1188,0.0,0.0,0.025,-0.0386,-0.02264474518597126,0.0459866002202034,-0.01515753474086523,-0.007083877455443144,-0.008174163289368153,-0.049014125019311905,0.0,0.0
0.6726324770000001,0.0111,-0.0065,-0.0189,0.0318,-0.0017,0.0004,1.1292,-0.2446,0.0,0.0,-0.0775,0.113,0.0,0.0,0.0241,-0.0368,-0.02264474518597126,0.0459866002202034,-0.01425753440707922,-0.008303877897560596,-0.008174163289368153,-0.049014125019311905,0.0,0.0
0.682608969,0.0111,-0.0065,-0.0196,0.0328,-0.0017,0.0004,1.1294,-0.2449,0.0,0.0,-0.0709,0.1009,0.0,0.0,0.022,-0.033,-0.018097685649991035,0.04536467418074608,-0.009625840000808239,-0.014866800978779793,-0.0072684814222157,-0.05012701824307442,0.0,0.0
0.692667079,0.0111,-0.0065,-0.0196,0.0328,-0.0017,0.0004,1.1294,-0.2449,0.0,0.0,-0.0709,0.1009,0.0,0.0,0.022,-0.033,-0.018097685649991035,0.04536467418074608,-0.009625840000808239,-0.014866800978779793,-0.0072684814222157,-0.05012701824307442,0.0,0.0
0.702629912,0.0111,-0.0065,-0.0196,0.0328,-0.0017,0.0004,1.1294,-0.2449,0.0,0.0,-0.0709,0.1009,0.0,0.0,0.022,-0.033,-0.018097685649991035,0.04536467418074608,-0.009625840000808239,-0.014866800978779793,-0.0072684814222157,-0.05012701824307442,0.0,0.0
0.712617566,0.0111,-0.0065,-0.0203,0.0337,-0.0017,0.0004,1.1296,-0.2452,0.0,0.0,-0.0637,0.0878,0.0,0.0,0.0197,-0.0288,-0.013931053690612316,0.045002128928899765,-0.005431688856333494,-0.02066049724817276,-0.0063161966390907764,-0.051227424293756485,0.0,0.0
0.7227256280000001,0.0111,-0.0065,-0.0206,0.0342,-0.0017,0.0004,1.1297,-0.2454,0.0,0.0,-0.06,0.081,0.0,0.0,0.0185,-0.0267,-0.010141226463019848,0.04488816857337952,-0.0019833447877317667,-0.0255136676132679,-0.0054227751679718494,-0.05243057385087013,0.0,0.0
0.732755653,0.0111,-0.0065,-0.0206,0.0342,-0.0017,0.0004,1.1297,-0.2454,0.0,0.0,-0.06,0.081,0.0,0.0,0.0185,-0.0267,-0.010141226463019848,0.04488816857337952,-0.0019833447877317667,-0.0255136676132679,-0.0054227751679718494,-0.05243057385087013,0.0,0.0
0.7425559150000001,0.0111,-0.0065,-0.0209,0.0345,-0.0017,0.0004,1.1298,-0.2455,0.0,0.0,-0.056,0.0739,0.0,0.0,0.0172,-0.0244,-0.010141226463019848,0.04488816857337952,-0.001483344822190702,-0.025703666731715202,-0.0054227751679718494,-0.05243057385087013,0.0,0.0
0.7530795880000001,0.0111,-0.0065,-0.0214,0.0352,-0.0017,0.0004,1.1299,-0.2457,0.0,-0.0001,-0.0477,0.0593,0.0,0.0,0.0146,-0.0198,-0.006862024310976267,0.045090340077877045,0.001756401383318007,-0.029754364863038063,-0.004586451221257448,-0.053625188767910004,0.0,0.0
0.7626008200000001,0.0111,-0.0065,-0.0216,0.0354,-0.0017,0.0004,1.13,-0.2458,0.0,-0.0001,-0.0434,0.0518,0.0,0.0,0.0132,-0.0174,-0.00419751787558198,0.04561333730816841,0.004395184572786093,-0.03228596970438957,-0.0038697540294378996,-0.05488452687859535,0.0,0.0
0.7726448210000001,0.0111,-0.0065,-0.0216,0.0354,-0.0017,0.0004,1.13,-0.2458,0.0,-0.0001,-0.0434,0.0518,0.0,0.0,0.0132,-0.0174,-0.00419751787558198,0.04561333730816841,0.004395184572786093,-0.03228596970438957,-0.0038697540294378996,-0.05488452687859535,0.0,0.0
0.78260682,0.0111,-0.0065,-0.0218,0.0356,-0.0017,0.0004,1.1301,-0.2459,0.0,-0.0001,-0.039,0.0441,0.0,0.0,0.0118,-0.015,-0.00419751787558198,0.04561333730816841,0.004555184859782457,-0.03211596980690956,-0.0038697540294378996,-0.05488452687859535,0.0,0.0
0.79267257,0.0111,-0.0065,-0.0219,0.0358,-0.0017,0.0004,1.1301,-0.2459,0.0,-0.0001,-0.0345,0.0364,0.0,0.0,0.0104,-0.0126,-0.002079020021483302,0.0464283712208271,0.006431940011680126,-0.03409169241786003,-0.0031489215325564146,-0.056127164512872696,0.0,0.0
0.80270536,0.0111,-0.0065,-0.0221,0.036,-0.0017,0.0004,1.1302,-0.246,0.0,-0.0001,-0.0299,0.0285,0.0,0.0,0.0089,-0.0101,-0.002079020021483302,0.0464283712208271,0.006571940146386623,-0.03390169143676758,-0.0031489215325564146,-0.056127164512872696,0.0,0.0
0.812625459,0.0111,-0.0065,-0.0221,0.036,-0.0017,0.0004,1.1302,-0.246,0.0,-0.0001,-0.0299,0.0285,0.0,0.0,0.0089,-0.0101,-0.002079020021483302,0.0464283712208271,0.006571940146386623,-0.03390169143676758,-0.0031489215325564146,-0.056127164512872696,0.0,0.0
0.823131704,0.0111,-0.0065,-0.0223,0.0361,-0.0017,0.0004,1.1302,-0.246,0.0,-0.0001,-0.0206,0.0128,0.0,0.0,0.006,-0.0051,-0.0004320319276303053,0.04748177528381348,0.008120212703943253,-0.034318018704652786,-0.002478972775861621,-0.057393062859773636,0.0,0.0
0.832677093,0.0111,-0.0065,-0.0224,0.0362,-0.0017,0.0004,1.1303,-0.246,0.0,-0.0001,-0.0198,0.0093,0.0,0.0,0.0045,-0.0027,0.000745413126423955,0.04838736727833748,0.009816109202802181,-0.03522590175271034,-0.0019885085057467222,-0.05849594622850418,0.0,0.0
0.842657961,0.0111,-0.0065,-0.0224,0.0362,-0.0017,0.0004,1.1303,-0.246,0.0,-0.0001,-0.0198,0.0093,0.0,0.0,0.0045,-0.0027,0.000745413126423955,0.04838736727833748,0.009816109202802181,-0.03522590175271034,-0.0019885085057467222,-0.05849594622850418,0.0,0.0
0.85262329,0.0111,-0.0065,-0.0225,0.0362,-0.0017,0.0004,1.1303,-0.2461,0.0,0.0,-0.011,0.0,0.0,0.0,0.0029,-0.001,0.000745413126423955,0.04837736487388611,0.0092361094430089,-0.034295905381441116,-0.0019885085057467222,-0.05849594622850418,0.0,0.0
0.862584561,0.0111,-0.0065,-0.0225,0.0361,-0.0017,0.0004,1.1303,-0.246,0.0,0.0,-0.0013,-0.0041,0.0,0.0,-0.0007,0.0008,0.0010054756421595812,0.05018046870827675,0.009939227253198624,-0.03404996916651726,-0.0013470470439642668,-0.05977423116564751,0.0,0.0
0.8726597700000001,0.0111,-0.0065,-0.0225,0.0361,-0.0017,0.0004,1.1303,-0.246,0.0001,0.0,-0.0016,-0.0056,0.0,0.0001,-0.0008,0.0014,0.0014666951028630137,0.05025787279009819,0.010700453072786331,-0.03403830528259277,-0.0008744641090743244,-0.0603921040892601,0.0,0.0
0.882687486,0.0111,-0.0065,-0.0225,0.0361,-0.0017,0.0004,1.1303,-0.246,0.0001,0.0,-0.0016,-0.0056,0.0,0.0001,-0.0008,0.0014,0.0014666951028630137,0.05025787279009819,0.010700453072786331,-0.03403830528259277,-0.0008744641090743244,-0.0603921040892601,0.0,0.0
0.892608877,0.0111,-0.0065,-0.0225,0.036,-0.0017,0.0004,1.1303,-0.246,0.0,-0.0001,0.0002,-0.0117,0.0,0.0,-0.0007,0.0027,0.0014766950625926256,0.05026787519454956,0.0105204526335001,-0.03312830626964569,-0.0008744641090743244,-0.06038210541009903,0.0,0.0
0.9025258150000001,0.0111,-0.0065,-0.0225,0.0359,-0.0017,0.0004,1.1303,-0.246,0.0,-0.0001,0.0002,-0.0153,0.0,0.0,-0.0008,0.0039,0.0015194539446383715,0.050998251885175705,0.010816266760230064,-0.032021380960941315,-0.0007344192708842456,-0.06108493357896805,0.0,0.0
0.9127212690000001,0.0111,-0.0065,-0.0225,0.0358,-0.0017,0.0004,1.1303,-0.246,0.0,-0.0001,0.0001,-0.019,0.0,0.0,-0.0007,0.005,0.0015194539446383715,0.050998251885175705,0.010826267302036285,-0.03135138377547264,-0.0007344192708842456,-0.06108493357896805,0.0,0.0
0.9226689770000001,0.0111,-0.0065,-0.0225,0.0358,-0.0017,0.0004,1.1303,-0.246,0.0,-0.0001,0.0001,-0.019,0.0,0.0,-0.0007,0.005,0.0015194539446383715,0.050998251885175705,0.010826267302036285,-0.03135138377547264,-0.0007344192708842456,-0.06108493357896805,0.0,0.0
0.9325909880000001,0.0111,-0.0065,-0.0225,0.0356,-0.0017,0.0004,1.1303,-0.2459,0.0,-0.0001,0.0,-0.0264,0.0,0.0,-0.0006,0.0073,0.001255010487511754,0.05187414959073067,0.010925796814262867,-0.02918282523751259,-0.0007248750771395862,-0.061749909073114395,0.0,0.0
0.9426841180000001,0.0111,-0.0065,-0.0225,0.0354,-0.0017,0.0004,1.1302,-0.2459,0.0,-0.0001,0.0,-0.0298,0.0,0.0,-0.0006,0.0084,0.0006384600419551134,0.05285399407148361,0.010941755957901478,-0.0269891619682312,-0.0008087388123385608,-0.06239372119307518,0.0,0.0
0.9526794890000001,0.0111,-0.0065,-0.0225,0.0354,-0.0017,0.0004,1.1302,-0.2459,0.0,-0.0001,0.0,-0.0298,0.0,0.0,-0.0006,0.0084,0.0006384600419551134,0.05285399407148361,0.010941755957901478,-0.0269891619682312,-0.0008087388123385608,-0.06239372119307518,0.0,0.0
0.96264881,0.0111,-0.0065,-0.0225,0.0353,-0.0017,0.0004,1.1302,-0.2458,0.0,-0.0001,0.0,-0.0331,0.0,0.0,-0.0006,0.0094,0.0006384600419551134,0.05285399407148361,0.010941755957901478,-0.026359161362051964,-0.0008087388123385608,-0.06239372119307518,0.0,0.0
0.972594822,0.0111,-0.0065,-0.0225,0.0349,-0.0017,0.0004,1.1302,-0.2457,0.0,-0.0001,0.0,-0.0395,0.0,0.0,-0.0007,0.0115,-0.00021446005848702043,0.05388445407152176,0.010938079096376896,-0.02309609204530716,-0.0008872269536368549,-0.06304743885993958,0.0,0.0
0.9826328390000001,0.0111,-0.0065,-0.0225,0.0347,-0.0017,0.0004,1.1302,-0.2456,0.0,-0.0001,0.0,-0.0425,0.0,0.0,-0.0007,0.0124,-0.0013275991659611464,0.054972000420093536,0.01091775018721819,-0.020443091168999672,-0.001019784016534686,-0.06371151655912399,0.0,0.0
0.992691191,0.0111,-0.0065,-0.0225,0.0347,-0.0017,0.0004,1.1302,-0.2456,0.0,-0.0001,0.0,-0.0425,0.0,0.0,-0.0007,0.0124,-0.0013275991659611464,0.054972000420093536,0.01091775018721819,-0.020443091168999672,-0.001019784016534686,-0.06371151655912399,0.0,0.0
1.0026127630000001,0.0111,-0.0065,-0.0225,0.0344,-0.0017,0.0004,1.1302,-0.2456,0.0,-0.0001,0.0,-0.0454,0.0,0.0,-0.0007,0.0134,-0.0013275991659611464,0.054972000420093536,0.01091775018721819,-0.019253090023994446,-0.001019784016534686,-0.06371151655912399,0.0,0.0
1.012577853,0.0111,-0.0065,-0.0225,0.034,-0.0017,0.0004,1.1302,-0.2454,0.0,-0.0001,0.0,-0.0509,0.0,0.0,-0.0007,0.0151,-0.0027418609242886305,0.0561167448759079,0.010886278934776783,-0.015362195670604706,-0.0012075609993189573,-0.06439988315105438,0.0,0.0
1.0227912620000001,0.0111,-0.0065,-0.0225,0.034,-0.0017,0.0004,1.1302,-0.2454,0.0,-0.0001,0.0,-0.0509,0.0,0.0,-0.0007,0.0151,-0.0027418609242886305,0.0561167448759079,0.010886278934776783,-0.015362195670604706,-0.0012075609993189573,-0.06439988315105438,0.0,0.0
1.0327408980000001,0.0111,-0.0065,-0.0225,0.034,-0.0017,0.0004,1.1302,-0.2454,0.0,-0.0001,0.0,-0.0509,0.0,0.0,-0.0007,0.0151,-0.0027418609242886305,0.0561167448759079,0.010886278934776783,-0.015362195670604706,-0.0012075609993189573,-0.06439988315105438,0.0,0.0
1.042636651,0.0111,-0.0065,-0.0225,0.0337,-0.0017,0.0004,1.1302,-0.2454,0.0,-0.0001,0.0,-0.0534,0.0,0.0,-0.0007,0.0159,-0.004351476673036814,0.057272620499134064,0.010862541384994984,-0.011926193721592426,-0.0013665377628058195,-0.0651172548532486,0.0,0.0
1.052638416,0.0111,-0.0065,-0.0225,0.0331,-0.0017,0.0004,1.1302,-0.2452,0.0,-0.0001,0.0,-0.058,0.0,0.0,-0.0007,0.0174,-0.006187269929796457,0.058437906205654144,0.010832534171640873,-0.007067803759127855,-0.001565971178933978,-0.06584390997886658,0.0,0.0
1.062709174,0.0111,-0.0065,-0.0225,0.0331,-0.0017,0.0004,1.1302,-0.2452,0.0,-0.0001,0.0,-0.058,0.0,0.0,-0.0007,0.0174,-0.006187269929796457,0.058437906205654144,0.010832534171640873,-0.007067803759127855,-0.001565971178933978,-0.06584390997886658,0.0,0.0
1.072684747,0.0111,-0.0065,-0.0225,0.0331,-0.0017,0.0004,1.1302,-0.2452,0.0,-0.0001,0.0,-0.058,0.0,0.0,-0.0007,0.0174,-0.006187269929796457,0.058437906205654144,0.010832534171640873,-0.007067803759127855,-0.001565971178933978,-0.06584390997886658,0.0,0.0
1.082615098,0.0111,-0.0065,-0.0225,0.0325,-0.0017,0.0004,1.1302,-0.245,0.0,-0.0001,0.0,-0.062,0.0,0.0,-0.0008,0.0186,-0.008169489912688732,0.05958128720521927,0.010808964259922504,-0.002160270232707262,-0.0017400241922587156,-0.06658471375703812,0.0,0.0
1.0929508540000001,0.0111,-0.0065,-0.0225,0.0319,-0.0017,0.0004,1.1302,-0.2448,0.0,-0.0001,0.0,-0.0653,0.0,0.0,-0.0008,0.0197,-0.01021894346922636,0.06066397204995155,0.010791552253067493,0.002708019223064184,-0.0018851205240935087,-0.06731529533863068,0.0,0.0
1.102681443,0.0111,-0.0065,-0.0225,0.0319,-0.0017,0.0004,1.1302,-0.2448,0.0,-0.0001,0.0,-0.0653,0.0,0.0,-0.0008,0.0197,-0.01021894346922636,0.06066397204995155,0.010791552253067493,0.002708019223064184,-0.0018851205240935087,-0.06731529533863068,0.0,0.0
1.112623312,0.0111,-0.0065,-0.0225,0.0319,-0.0017,0.0004,1.1302,-0.2448,0.0,-0.0001,0.0,-0.0653,0.0,0.0,-0.0008,0.0197,-0.01021894346922636,0.06066397204995155,0.010791552253067493,0.002708019223064184,-0.0018851205240935087,-0.06731529533863068,0.0,0.0
1.1225852440000001,0.0111,-0.0065,-0.0224,0.0312,-0.0017,0.0004,1.1302,-0.2446,0.0,-0.0001,0.0,-0.0679,0.0,0.0,-0.0008,0.0205,-0.012408184818923473,0.06172086298465729,0.010223913006484509,0.008085504174232483,-0.002070930553600192,-0.06796424090862274,0.0,0.0
1.1326398370000001,0.0111,-0.0065,-0.0224,0.0308,-0.0017,0.0004,1.1302,-0.2445,0.0,-0.0001,0.0,-0.069,0.0,0.0,-0.0008,0.0209,-0.012408184818923473,0.06172086298465729,0.010223913006484509,0.009395504370331764,-0.002070930553600192,-0.06796424090862274,0.0,0.0
1.142669383,0.0111,-0.0065,-0.0224,0.0308,-0.0017,0.0004,1.1302,-0.2445,0.0,-0.0001,0.0,-0.069,0.0,0.0,-0.0008,0.0209,-0.012408184818923473,0.06172086298465729,0.010223913006484509,0.009395504370331764,-0.002070930553600192,-0.06796424090862274,0.0,0.0
1.152610383,0.0111,-0.0065,-0.0224,0.0308,-0.0017,0.0004,1.1302,-0.2445,0.0,-0.0001,0.0,-0.069,0.0,0.0,-0.0008,0.0209,-0.012408184818923473,0.06172086298465729,0.010223913006484509,0.009395504370331764,-0.002070930553600192,-0.06796424090862274,0.0,0.0
1.1626192670000002,0.0111,-0.0065,-0.0224,0.0301,-0.0017,0.0004,1.1302,-0.2443,0.0,-0.0001,0.0,-0.0705,0.0,0.0,-0.0008,0.0214,-0.014710883609950542,0.06273740530014038,0.01008430402725935,0.014751211740076542,-0.00228627840988338,-0.06862980872392654,0.0,0.0
1.172675965,0.0111,-0.0065,-0.0224,0.0298,-0.0017,0.0004,1.1302,-0.2442,0.0,-0.0001,0.0,-0.071,0.0,0.0,-0.0008,0.0215,-0.017080077901482582,0.06369099020957947,0.010013326071202755,0.018814943730831146,-0.0024814538192003965,-0.06928862631320953,0.0,0.0
1.182644645,0.0111,-0.0065,-0.0224,0.0298,-0.0017,0.0004,1.1302,-0.2442,0.0,-0.0001,0.0,-0.071,0.0,0.0,-0.0008,0.0215,-0.017080077901482582,0.06369099020957947,0.010013326071202755,0.018814943730831146,-0.0024814538192003965,-0.06928862631320953,0.0,0.0
1.192604835,0.0111,-0.0065,-0.0224,0.0294,-0.0017,0.0004,1.1302,-0.2441,0.0,-0.0001,0.0,-0.0714,0.0,0.0,-0.0008,0.0216,-0.017080077901482582,0.06369099020957947,0.010013326071202755,0.02005494385957718,-0.0024814538192003965,-0.06928862631320953,0.0,0.0
1.2025772780000001,0.0111,-0.0065,-0.0224,0.0287,-0.0017,0.0004,1.1302,-0.2439,0.0,-0.0001,0.0,-0.0715,0.0,0.0,-0.0009,0.0217,-0.019471758976578712,0.06456402689218521,0.009976412169635296,0.02525688149034977,-0.0026567361783236265,-0.06992315500974655,0.0,0.0
1.2126525830000001,0.0111,-0.0065,-0.0224,0.0283,-0.0017,0.0004,1.1301,-0.2437,0.0,-0.0001,0.0,-0.0712,0.0,0.0,-0.0009,0.0216,-0.021991828456521034,0.06539010256528854,0.009943264536559582,0.0297461599111557,-0.002895687473937869,-0.07052403688430786,0.0,0.0
1.222662159,0.0111,-0.0065,-0.0224,0.0283,-0.0017,0.0004,1.1301,-0.2437,0.0,-0.0001,0.0,-0.0712,0.0,0.0,-0.0009,0.0216,-0.021991828456521034,0.06539010256528854,0.009943264536559582,0.0297461599111557,-0.002895687473937869,-0.07052403688430786,0.0,0.0
1.232605529,0.0111,-0.0065,-0.0224,0.028,-0.0017,0.0004,1.1301,-0.2436,0.0,-0.0001,0.0,-0.0708,0.0,0.0,-0.0009,0.0215,-0.021991828456521034,0.06539010256528854,0.009943264536559582,0.030606159940361977,-0.002895687473937869,-0.07052403688430786,0.0,0.0
1.242568001,0.0111,-0.0065,-0.0224,0.0273,-0.0017,0.0004,1.1301,-0.2434,0.0,-0.0001,0.0,-0.0695,0.0,0.0,-0.0009,0.0211,-0.024480650201439857,0.06612608581781387,0.00993479322642088,0.03569702431559563,-0.0030546418856829405,-0.07110711187124252,0.0,0.0
1.2526813810000001,0.0111,-0.0065,-0.0224,0.0273,-0.0017,0.0004,1.1301,-0.2434,0.0,-0.0001,0.0,-0.0695,0.0,0.0,-0.0009,0.0211,-0.024480650201439857,0.06612608581781387,0.00993479322642088,0.03569702431559563,-0.0030546418856829405,-0.07110711187124252,0.0,0.0
1.262664593,0.0111,-0.0065,-0.0224,0.0273,-0.0017,0.0004,1.1301,-0.2434,0.0,-0.0001,0.0,-0.0695,0.0,0.0,-0.0009,0.0211,-0.024480650201439857,0.06612608581781387,0.00993479322642088,0.03569702431559563,-0.0030546418856829405,-0.07110711187124252,0.0,0.0
1.2726410860000001,0.0111,-0.0065,-0.0224,0.0266,-0.0017,0.0004,1.1301,-0.2432,0.0,-0.0001,0.0,-0.0674,0.0,0.0,-0.0009,0.0204,-0.026905691251158714,0.06674028933048248,0.009936447255313396,0.0406070351600647,-0.0031975700985640287,-0.0716286152601242,0.0,0.0
1.282691837,0.0111,-0.0065,-0.0224,0.0263,-0.0017,0.0004,1.1301,-0.2431,0.0,-0.0001,0.0,-0.0661,0.0,0.0,-0.0009,0.02,-0.02915523760020733,0.06721246242523193,0.009953523986041546,0.04407021775841713,-0.0032710290979593992,-0.07209039479494095,0.0,0.0
1.292643773,0.0111,-0.0065,-0.0224,0.0263,-0.0017,0.0004,1.1301,-0.2431,0.0,-0.0001,0.0,-0.0661,0.0,0.0,-0.0009,0.02,-0.02915523760020733,0.06721246242523193,0.009953523986041546,0.04407021775841713,-0.0032710290979593992,-0.07209039479494095,0.0,0.0
1.302608146,0.0111,-0.0065,-0.0224,0.0259,-0.0017,0.0004,1.1301,-0.243,0.0,-0.0001,0.0,-0.0647,0.0,0.0,-0.001,0.0196,-0.02915523760020733,0.06721246242523193,0.009953523986041546,0.04513021558523178,-0.0032710290979593992,-0.07209039479494095,0.0,0.0
1.3126047220000001,0.0111,-0.0065,-0.0224,0.0253,-0.0017,0.0004,1.1301,-0.2428,0.0,-0.0001,0.0,-0.0613,0.0,0.0,-0.001,0.0185,-0.03139713034033775,0.06760485470294952,0.009960106573998928,0.04938999563455582,-0.00343054230324924,-0.07247406989336014,0.0,0.0
1.3226196270000001,0.0111,-0.0065,-0.0224,0.025,-0.0017,0.0004,1.1301,-0.2427,0.0,-0.0001,0.0,-0.0594,0.0,0.0,-0.001,0.0179,-0.0335405059158802,0.06790313124656677,0.009982301853597164,0.05265432968735695,-0.0035386017989367247,-0.0728151798248291,0.0,0.0
1.332720141,0.0111,-0.0065,-0.0224,0.025,-0.0017,0.0004,1.1301,-0.2427,0.0,-0.0001,0.0,-0.0594,0.0,0.0,-0.001,0.0179,-0.0335405059158802,0.06790313124656677,0.009982301853597164,0.05265432968735695,-0.0035386017989367247,-0.0728151798248291,0.0,0.0
1.3426663970000001,0.0111,-0.0065,-0.0224,0.0247,-0.0017,0.0004,1.1301,-0.2427,0.0,-0.0001,0.0,-0.0573,0.0,0.0,-0.001,0.0173,-0.0335405059158802,0.06790313124656677,0.009982301853597164,0.05334433168172836,-0.0035386017989367247,-0.0728151798248291,0.0,0.0
1.352592182,0.0111,-0.0065,-0.0224,0.0245,-0.0017,0.0004,1.1301,-0.2426,0.0,-0.0001,0.0,-0.0551,0.0,0.0,-0.001,0.0166,-0.03546670079231262,0.06805188208818436,0.010023574344813824,0.05590282008051872,-0.0035759739112108946,-0.07308245450258255,0.0,0.0
1.36266369,0.0111,-0.0065,-0.0224,0.0242,-0.0017,0.0004,1.1301,-0.2425,0.0,-0.0001,0.0,-0.0528,0.0,0.0,-0.001,0.0159,-0.03546670079231262,0.06805188208818436,0.010023574344813824,0.056572820991277695,-0.0035759739112108946,-0.07308245450258255,0.0,0.0
1.37264654,0.0111,-0.0065,-0.0224,0.0242,-0.0017,0.0004,1.1301,-0.2425,0.0,-0.0001,0.0,-0.0528,0.0,0.0,-0.001,0.0159,-0.03546670079231262,0.06805188208818436,0.010023574344813824,0.056572820991277695,-0.0035759739112108946,-0.07308245450258255,0.0,0.0
1.382611228,0.0111,-0.0065,-0.0224,0.0239,-0.0017,0.0004,1.1301,-0.2424,0.0,-0.0001,0.0,-0.0503,0.0,0.0,-0.001,0.0151,-0.037363357841968536,0.06813295930624008,0.010054743848741055,0.05948707461357117,-0.0037074803840368986,-0.07326987385749817,0.0,0.0
1.3926030520000001,0.0111,-0.0065,-0.0224,0.0235,-0.0017,0.0004,1.1301,-0.2423,0.0,-0.0001,0.0,-0.0451,0.0,0.0,-0.001,0.0135,-0.039023611694574356,0.06808548420667648,0.010112489573657513,0.06192588806152344,-0.003718354506418109,-0.07341167330741882,0.0,0.0
1.4026349420000002,0.0111,-0.0065,-0.0224,0.0235,-0.0017,0.0004,1.1301,-0.2423,0.0,-0.0001,0.0,-0.0451,0.0,0.0,-0.001,0.0135,-0.039023611694574356,0.06808548420667648,0.010112489573657513,0.06192588806152344,-0.003718354506418109,-0.07341167330741882,0.0,0.0
1.412623793,0.0111,-0.0065,-0.0224,0.0235,-0.0017,0.0004,1.1301,-0.2423,0.0,-0.0001,0.0,-0.0451,0.0,0.0,-0.001,0.0135,-0.039023611694574356,0.06808548420667648,0.010112489573657513,0.06192588806152344,-0.003718354506418109,-0.07341167330741882,0.0,0.0
1.4226092410000002,0.0111,-0.0065,-0.0224,0.0231,-0.0017,0.0004,1.1301,-0.2422,0.0,-0.0001,0.0,-0.0394,0.0,0.0,-0.0011,0.0117,-0.04048862308263779,0.06791851669549942,0.010173353366553783,0.0641012191772461,-0.0037395998369902372,-0.07346467673778534,0.0,0.0
1.4326123510000002,0.0111,-0.0065,-0.0224,0.0227,-0.0017,0.0004,1.13,-0.2421,0.0,-0.0001,0.0,-0.0335,0.0,0.0,-0.0011,0.0098,-0.041846178472042084,0.06768897920846939,0.010232350789010525,0.0661529079079628,-0.0037974684964865446,-0.07345511019229889,0.0,0.0
1.442663268,0.0111,-0.0065,-0.0224,0.0227,-0.0017,0.0004,1.13,-0.2421,0.0,-0.0001,0.0,-0.0335,0.0,0.0,-0.0011,0.0098,-0.041846178472042084,0.06768897920846939,0.010232350789010525,0.0661529079079628,-0.0037974684964865446,-0.07345511019229889,0.0,0.0
1.4526417710000001,0.0111,-0.0065,-0.0224,0.0227,-0.0017,0.0004,1.13,-0.2421,0.0,-0.0001,0.0,-0.0335,0.0,0.0,-0.0011,0.0098,-0.041846178472042084,0.06768897920846939,0.010232350789010525,0.0661529079079628,-0.0037974684964865446,-0.07345511019229889,0.0,0.0
1.462625529,0.0111,-0.0065,-0.0224,0.0224,-0.0017,0.0004,1.13,-0.242,0.0,-0.0001,0.0,-0.0272,0.0,0.0,-0.0011,0.0078,-0.043025366961956024,0.06736438721418381,0.010306580923497677,0.06755075603723526,-0.0038075491320341825,-0.07339207828044891,0.0,0.0
1.4726643460000002,0.0111,-0.0065,-0.0224,0.0223,-0.0017,0.0004,1.13,-0.2419,0.0,-0.0001,0.0,-0.024,0.0,0.0,-0.0011,0.0068,-0.043025366961956024,0.06736438721418381,0.010306580923497677,0.06753075867891312,-0.0038075491320341825,-0.07339207828044891,0.0,0.0
1.4826259050000001,0.0111,-0.0065,-0.0224,0.0223,-0.0017,0.0004,1.13,-0.2419,0.0,-0.0001,0.0,-0.024,0.0,0.0,-0.0011,0.0068,-0.043025366961956024,0.06736438721418381,0.010306580923497677,0.06753075867891312,-0.0038075491320341825,-0.07339207828044891,0.0,0.0
1.492630297,0.0111,-0.0065,-0.0224,0.0222,-0.0017,0.0004,1.13,-0.2419,0.0,-0.0001,0.0,-0.0207,0.0,0.0,-0.0011,0.0058,-0.043949197977781296,0.06692634522914886,0.010392344556748867,0.06823988258838654,-0.0037633038591593504,-0.07326466590166092,0.0,0.0
1.502602483,0.0111,-0.0065,-0.0224,0.0221,-0.0017,0.0004,1.13,-0.2419,0.0,-0.0001,0.0,-0.014,0.0,0.0,-0.0011,0.0037,-0.04457245394587517,0.06636381894350052,0.010484813712537289,0.06819259375333786,-0.003672119928523898,-0.07306372374296188,0.0,0.0
1.51262089,0.0111,-0.0065,-0.0224,0.0221,-0.0017,0.0004,1.13,-0.2419,0.0,-0.0001,0.0,-0.014,0.0,0.0,-0.0011,0.0037,-0.04457245394587517,0.06636381894350052,0.010484813712537289,0.06819259375333786,-0.003672119928523898,-0.07306372374296188,0.0,0.0
1.522585249,0.0111,-0.0065,-0.0224,0.022,-0.0017,0.0004,1.13,-0.2419,0.0,-0.0001,0.0,-0.0107,0.0,0.0,-0.0012,0.0026,-0.04457245394587517,0.06636381894350052,0.010484813712537289,0.06816259771585464,-0.003672119928523898,-0.07306372374296188,0.0,0.0
1.5326415800000002,0.0111,-0.0065,-0.0224,0.022,-0.0017,0.0004,1.13,-0.2418,0.0,0.0,-0.0013,-0.0041,0.0,0.0,-0.0013,0.0011,-0.04497365653514862,0.06546705216169357,0.010685265995562077,0.06760847568511963,-0.0036166540812700987,-0.07269052416086197,0.0,0.0
1.5426284590000001,0.0111,-0.0065,-0.0224,0.022,-0.0017,0.0004,1.13,-0.2419,0.0,0.0,0.0001,0.0002,0.0,0.0,-0.0012,-0.0008,-0.04520580172538757,0.06487766653299332,0.010650251992046833,0.06698817759752274,-0.0035381100606173277,-0.07240057736635208,0.0,0.0
1.552664658,0.0111,-0.0065,-0.0224,0.022,-0.0017,0.0004,1.13,-0.2419,0.0,0.0,0.0001,0.0002,0.0,0.0,-0.0012,-0.0008,-0.04520580172538757,0.06487766653299332,0.010650251992046833,0.06698817759752274,-0.0035381100606173277,-0.07240057736635208,0.0,0.0
1.562581663,0.0111,-0.0065,-0.0224,0.022,-0.0017,0.0004,1.13,-0.2419,0.0,0.0,0.0,0.0,0.0,0.0,-0.0011,-0.0008,-0.04520580172538757,0.06487766653299332,0.010660252533853054,0.06700817495584488,-0.0035381100606173277,-0.07240057736635208,0.0,0.0
1.573065924,0.0111,-0.0065,-0.0224,0.022,-0.0017,0.0004,1.13,-0.2419,0.0,0.0,0.0,0.0,0.0,0.0,-0.0012,-0.0008,-0.04530975967645645,0.06469058245420456,0.010672098957002163,0.06686805188655853,-0.003563591046258807,-0.0722539946436882,0.0,0.0
1.582673714,0.0111,-0.0065,-0.0224,0.022,-0.0017,0.0004,1.13,-0.2419,0.0,0.0,0.0,0.0,0.0,0.0,-0.0012,-0.0008,-0.04530975967645645,0.06469058245420456,0.010672098957002163,0.06686805188655853,-0.003563591046258807,-0.0722539946436882,0.0,0.0
1.5926601020000002,0.0111,-0.0065,-0.0224,0.022,-0.0017,0.0004,1.13,-0.2419,0.0,0.0,0.0,0.0,0.0,0.0,-0.0012,-0.0008,-0.04530975967645645,0.06469058245420456,0.010672098957002163,0.06686805188655853,-0.003563591046258807,-0.0722539946436882,0.0,0.0
1.602530223,0.0111,-0.0065,-0.0224,0.022,-0.0017,0.0004,1.1299,-0.2419,0.0,0.0,0.0,0.0,0.0,0.0,-0.0012,-0.0008,-0.04536578431725502,0.06464046239852905,0.01067431177943945,0.06679815798997879,-0.0036073781084269285,-0.07215745002031326,0.0,0.0
1.612637616,0.0111,-0.0065,-0.0224,0.022,-0.0017,0.0004,1.1299,-0.2419,0.0,0.0,0.0,0.0,0.0,0.0,-0.0012,-0.0008,-0.04540388286113739,0.06463702023029327,0.0106749152764678,0.06676798313856125,-0.0036455101799219847,-0.07209789007902145,0.0,0.0
1.622632086,0.0111,-0.0065,-0.0224,0.022,-0.0017,0.0004,1.1299,-0.2419,0.0,0.0,0.0,0.0,0.0,0.0,-0.0012,-0.0008,-0.04540388286113739,0.06463702023029327,0.0106749152764678,0.06676798313856125,-0.0036455101799219847,-0.07209789007902145,0.0,0.0
1.6326017910000001,0.0111,-0.0065,-0.0224,0.022,-0.0017,0.0004,1.1299,-0.2419,0.0,0.0,0.0,0.0,0.0,0.0,-0.0012,-0.0007,-0.04540388286113739,0.06463702023029327,0.0106749152764678,0.06676798313856125,-0.0036455101799219847,-0.07209789007902145,0.0,0.0
1.6425799870000002,0.0111,-0.0065,-0.0224,0.022,-0.0017,0.0004,1.1299,-0.2419,0.0,0.0,0.0,0.0,0.0,0.0,-0.0013,-0.0007,-0.04543245956301689,0.06464695185422897,0.010676099918782711,0.06675642728805542,-0.003672287566587329,-0.07206252217292786,0.0,0.0
1.6526186310000002,0.0111,-0.0065,-0.0224,0.022,-0.0017,0.0004,1.1299,-0.2419,0.0,0.0,0.0,0.0,0.0,0.0,-0.0013,-0.0007,-0.045453593134880066,0.06465768069028854,0.010677474550902843,0.06675345450639725,-0.0036891743075102568,-0.07204198837280273,0.0,0.0
1.662677637,0.0111,-0.0065,-0.0224,0.022,-0.0017,0.0004,1.1299,-0.2419,0.0,0.0,0.0,0.0,0.0,0.0,-0.0013,-0.0007,-0.045453593134880066,0.06465768069028854,0.010677474550902843,0.06675345450639725,-0.0036891743075102568,-0.07204198837280273,0.0,0.0
1.672601087,0.0111,-0.0065,-0.0224,0.022,-0.0017,0.0004,1.1299,-0.2419,0.0,0.0,0.0,0.0,0.0,0.0,-0.0013,-0.0007,-0.045453593134880066,0.06465768069028854,0.010677474550902843,0.06675345450639725,-0.0036891743075102568,-0.07204198837280273,0.0,0.0
1.6826034230000002,0.0111,-0.0065,-0.0224,0.022,-0.0017,0.0004,1.1299,-0.2419,0.0,0.0,0.0,0.0,0.0,0.0,-0.0013,-0.0007,-0.04546882584691048,0.06466644257307053,0.01067869272083044,0.06675352156162262,-0.0036989308428019285,-0.0720306932926178,0.0,0.0
1.6926651300000002,0.0111,-0.0065,-0.0224,0.022,-0.0017,0.0004,1.1299,-0.2419,0.0,0.0,0.0,0.0,0.0,0.0,-0.0013,-0.0007,-0.04546882584691048,0.06466644257307053,0.01067869272083044,0.06675352156162262,-0.0036989308428019285,-0.0720306932926178,0.0,0.0
1.702972616,0.0111,-0.0065,-0.0224,0.022,-0.0017,0.0004,1.1299,-0.2419,0.0,0.0,0.0,0.0,0.0,0.0,-0.0013,-0.0007,-0.04547900706529617,0.0646723136305809,0.010679799132049084,0.06675412505865097,-0.003704306436702609,-0.0720243975520134,0.0,0.0
1.712598148,0.0111,-0.0065,-0.0224,0.022,-0.0017,0.0004,1.1299,-0.2419,0.0,0.0,0.0,0.0,0.0,0.0,-0.0013,-0.0007,-0.04547900706529617,0.0646723136305809,0.010679799132049084,0.06675412505865097,-0.003704306436702609,-0.0720243975520134,0.0,0.0
1.722685851,0.0111,-0.0065,-0.0224,0.022,-0.0017,0.0004,1.1299,-0.2419,0.0,0.0,0.0,0.0,0.0,0.0,-0.0013,-0.0007,-0.04548580199480057,0.06467603147029877,0.010680659674108028,0.06675481796264648,-0.0037073574494570494,-0.07202085852622986,0.0,0.0
1.732633101,0.0111,-0.0065,-0.0224,0.022,-0.0017,0.0004,1.1299,-0.2419,0.0,0.0,0.0,0.0,0.0,0.0,-0.0013,-0.0007,-0.04548580199480057,0.06467603147029877,0.010680659674108028,0.06675481796264648,-0.0037073574494570494,-0.07202085852622986,0.0,0.0
1.742525627,0.0111,-0.0065,-0.0224,0.022,-0.0017,0.0004,1.1298,-0.2419,0.0,0.0,0.0,0.0,0.0,0.0,-0.0013,-0.0007,-0.04548580199480057,0.06467603147029877,0.010680659674108028,0.06675481796264648,-0.0037073574494570494,-0.07202085852622986,0.0,0.0
1.752628504,0.0111,-0.0065,-0.0223,0.022,-0.0017,0.0004,1.1298,-0.2419,0.0,0.0,0.0,0.0,0.0,0.0,-0.0014,-0.0007,-0.1096167340874672,0.09848663955926895,0.3384754955768585,-0.6223949193954468,0.966418445110321,-0.7751379013061523,0.0,0.0
1.7626179540000002,0.0111,-0.0065,-0.0223,0.022,-0.0017,0.0004,1.1298,-0.2419,0.0,0.0,0.0,0.0,0.0,0.0,-0.0014,-0.0007,-0.011607344262301922,0.009354231879115105,0.12701326608657837,-0.42099371552467346,0.8811210989952087,-0.5927804112434387,0.0,0.0
1.7726540350000002,0.0111,-0.0065,-0.0223,0.022,-0.0017,0.0004,1.1298,-0.2419,0.0,0.0,0.0,0.0,0.0,0.0,-0.0014,-0.0007,-0.011607344262301922,0.009354231879115105,0.12701326608657837,-0.42099371552467346,0.8811210989952087,-0.5927804112434387,0.0,0.0
1.7826278230000001,0.0111,-0.0065,-0.0214,0.021,0.0001,-0.0013,1.1301,-0.2422,0.0,0.0,0.1953,-0.2006,0.3622,-0.3412,0.0514,-0.0452,-0.011607344262301922,0.009354231879115105,0.10478327423334122,-0.3979337215423584,0.8395010828971863,-0.5535604357719421,0.0,0.0
1.792558649,0.0111,-0.0065,-0.0169,0.0165,0.0085,-0.009,1.1313,-0.2432,0.0,0.0,0.5172,-0.5158,0.9707,-0.8731,0.142,-0.1137,0.012883548624813557,0.0859135091304779,0.017123345285654068,-0.38142040371894836,0.7518037557601929,-0.4824930429458618,0.0,0.0
1.8026887470000001,0.0111,-0.0065,-0.0169,0.0165,0.0085,-0.009,1.1313,-0.2432,0.0,0.0,0.5172,-0.5158,0.9707,-0.8731,0.142,-0.1137,0.012883548624813557,0.0859135091304779,0.017123345285654068,-0.38142040371894836,0.7518037557601929,-0.4824930429458618,0.0,0.0
1.8126407070000001,0.0111,-0.0065,-0.0169,0.0165,0.0085,-0.009,1.1313,-0.2432,0.0,0.0,0.5172,-0.5158,0.9707,-0.8731,0.142,-0.1137,0.012883548624813557,0.0859135091304779,0.017123345285654068,-0.38142040371894836,0.7518037557601929,-0.4824930429458618,0.0,0.0
1.8226344650000001,0.0111,-0.0065,-0.0101,0.0098,0.0214,-0.0203,1.1332,-0.2446,0.0,0.0,0.7265,-0.7166,1.3862,-1.2009,0.2072,-0.1539,0.019727205857634544,0.14283163845539093,-0.04329655319452286,-0.3604378402233124,0.6623165011405945,-0.40884482860565186,0.0,0.0
1.8326233120000002,0.0111,-0.0065,-0.006,0.0058,0.0291,-0.0269,1.1344,-0.2455,0.0,0.0,0.8037,-0.7982,1.5446,-1.3297,0.2329,-0.1688,0.023137545213103294,0.1857323944568634,-0.05530675873160362,-0.3778567314147949,0.6354860663414001,-0.39518725872039795,0.0,0.0
1.84264266,0.0111,-0.0065,-0.006,0.0058,0.0291,-0.0269,1.1344,-0.2455,0.0,0.0,0.8037,-0.7982,1.5446,-1.3297,0.2329,-0.1688,0.023137545213103294,0.1857323944568634,-0.05530675873160362,-0.3778567314147949,0.6354860663414001,-0.39518725872039795,0.0,0.0
1.852610367,0.0111,-0.0065,-0.0017,0.0014,0.0375,-0.0341,1.1357,-0.2464,0.0,0.0012,0.8613,-0.8685,1.6676,-1.4359,0.2537,-0.1802,0.023137545213103294,0.18561239540576935,-0.07396675646305084,-0.357626736164093,0.5979860424995422,-0.36296725273132324,0.0,0.0
1.8626064510000002,0.0111,-0.0065,0.0075,-0.0081,0.0555,-0.0497,1.1384,-0.2483,0.0033,0.0101,0.9386,-0.9811,1.8431,-1.5957,0.2848,-0.1952,0.024991264566779137,0.21475724875926971,-0.08800177276134491,-0.3565138876438141,0.5537980794906616,-0.33445897698402405,0.0,0.0
1.8726697700000001,0.0111,-0.0064,0.0123,-0.0132,0.065,-0.0579,1.1399,-0.2493,0.0042,0.0145,0.9596,-1.0241,1.898,-1.6507,0.2955,-0.199,0.024717533960938454,0.23716305196285248,-0.07522491365671158,-0.37464746832847595,0.5603491067886353,-0.3513237535953522,0.0,0.0
1.8826454810000002,0.0111,-0.0064,0.0123,-0.0132,0.065,-0.0579,1.1399,-0.2493,0.0042,0.0145,0.9596,-1.0241,1.898,-1.6507,0.2955,-0.199,0.024717533960938454,0.23716305196285248,-0.07522491365671158,-0.37464746832847595,0.5603491067886353,-0.3513237535953522,0.0,0.0
1.8926199300000002,0.0111,-0.0063,0.0172,-0.0186,0.0747,-0.0664,1.1414,-0.2503,0.0037,0.0188,0.9771,-1.0684,1.9459,-1.7065,0.3052,-0.2027,0.02476753294467926,0.23643305897712708,-0.09167490899562836,-0.3540174663066864,0.5264590978622437,-0.3202437460422516,0.0,0.0
1.902598197,0.0112,-0.006,0.027,-0.0298,0.0946,-0.0841,1.1446,-0.2523,0.0058,0.0317,0.9907,-1.1379,2.0006,-1.7837,0.3183,-0.2052,0.021462224423885345,0.25473541021347046,-0.08764620125293732,-0.35040292143821716,0.5119392275810242,-0.3160809576511383,0.0,0.0
1.912634337,0.0112,-0.006,0.027,-0.0298,0.0946,-0.0841,1.1446,-0.2523,0.0058,0.0317,0.9907,-1.1379,2.0006,-1.7837,0.3183,-0.2052,0.021462224423885345,0.25473541021347046,-0.08764620125293732,-0.35040292143821716,0.5119392275810242,-0.3160809576511383,0.0,0.0
1.9226575140000002,0.0112,-0.006,0.027,-0.0298,0.0946,-0.0841,1.1446,-0.2523,0.0058,0.0317,0.9907,-1.1379,2.0006,-1.7837,0.3183,-0.2052,0.021462224423885345,0.25473541021347046,-0.08764620125293732,-0.35040292143821716,0.5119392275810242,-0.3160809576511383,0.0,0.0
1.9326215940000002,0.0113,-0.0056,0.0369,-0.0416,0.1147,-0.1023,1.1478,-0.2544,0.0077,0.0465,0.9892,-1.1949,2.0256,-1.8383,0.3267,-0.2045,0.015467952005565166,0.27098190784454346,-0.07985524088144302,-0.34431397914886475,0.5063210725784302,-0.3187045454978943,0.0,0.0
1.9426250600000001,0.0113,-0.0053,0.0418,-0.0476,0.1249,-0.1115,1.1495,-0.2554,0.0086,0.0543,0.9809,-1.2154,2.0234,-1.8513,0.3287,-0.2022,0.007895035669207573,0.2871221601963043,-0.054780930280685425,-0.3582179546356201,0.5378608703613281,-0.3573220670223236,0.0,0.0
1.9526540380000001,0.0113,-0.0053,0.0418,-0.0476,0.1249,-0.1115,1.1495,-0.2554,0.0086,0.0543,0.9809,-1.2154,2.0234,-1.8513,0.3287,-0.2022,0.007895035669207573,0.2871221601963043,-0.054780930280685425,-0.3582179546356201,0.5378608703613281,-0.3573220670223236,0.0,0.0
1.9626400990000001,0.0114,-0.005,0.0467,-0.0539,0.135,-0.1209,1.1511,-0.2564,0.0092,0.0629,0.9798,-1.2429,2.0338,-1.8777,0.3324,-0.2018,0.0075350357219576836,0.2853621542453766,-0.06937093287706375,-0.3365679681301117,0.5065208673477173,-0.3264820873737335,0.0,0.0
1.97264681,0.0115,-0.0042,0.0564,-0.0666,0.1553,-0.1399,1.1545,-0.2584,0.0099,0.0807,0.9668,-1.2839,2.0334,-1.9066,0.3365,-0.1981,-0.001648546545766294,0.29792651534080505,-0.05723683908581734,-0.32782459259033203,0.5106764435768127,-0.33765703439712524,0.0,0.0
1.9826528310000002,0.0115,-0.0038,0.0612,-0.0731,0.1654,-0.1494,1.1562,-0.2594,0.01,0.0899,0.9552,-1.2973,2.0232,-1.9092,0.337,-0.1947,-0.011093865148723125,0.3112512230873108,-0.03052486665546894,-0.33949896693229675,0.547683835029602,-0.3815061151981354,0.0,0.0
1.9926247760000002,0.0115,-0.0038,0.0612,-0.0731,0.1654,-0.1494,1.1562,-0.2594,0.01,0.0899,0.9552,-1.2973,2.0232,-1.9092,0.337,-0.1947,-0.011093865148723125,0.3112512230873108,-0.03052486665546894,-0.33949896693229675,0.547683835029602,-0.3815061151981354,0.0,0.0
2.002681436,0.0116,-0.0033,0.066,-0.0797,0.1756,-0.1591,1.1579,-0.2603,0.0097,0.0997,0.9533,-1.3193,2.0299,-1.9284,0.3398,-0.1938,-0.011363864876329899,0.3087712228298187,-0.04473486542701721,-0.31749895215034485,0.5164138674736023,-0.3504861295223236,0.0,0.0
2.0126105300000003,0.0116,-0.0021,0.0754,-0.0931,0.1958,-0.1784,1.1613,-0.2622,0.0085,0.1196,0.9407,-1.3501,2.0263,-1.9451,0.3427,-0.1894,-0.02116551250219345,0.3173077404499054,-0.03152025118470192,-0.3068085014820099,0.5239866375923157,-0.365672767162323,0.0,0.0
2.022630834,0.0116,-0.0021,0.0754,-0.0931,0.1958,-0.1784,1.1613,-0.2622,0.0085,0.1196,0.9407,-1.3501,2.0263,-1.9451,0.3427,-0.1894,-0.02116551250219345,0.3173077404499054,-0.03152025118470192,-0.3068085014820099,0.5239866375923157,-0.365672767162323,0.0,0.0
2.0325625130000002,0.0117,-0.0015,0.08,-0.0999,0.2059,-0.1881,1.163,-0.2631,0.0077,0.1297,0.9301,-1.3588,2.0158,-1.9425,0.3428,-0.1859,-0.03130440041422844,0.32711854577064514,-0.004196879453957081,-0.31778717041015625,0.5629419684410095,-0.4124695658683777,0.0,0.0
2.042512836,0.0117,-0.0008,0.0847,-0.1068,0.216,-0.1979,1.1647,-0.2641,0.0064,0.1403,0.9298,-1.3767,2.0238,-1.958,0.3454,-0.1852,-0.031174398958683014,0.32395854592323303,-0.01826687902212143,-0.29529714584350586,0.5318419933319092,-0.3815195560455322,0.0,0.0
2.052675211,0.0117,0.0,0.0893,-0.1137,0.2261,-0.2077,1.1665,-0.265,0.005,0.1506,0.9203,-1.3836,2.0144,-1.9541,0.3455,-0.1818,-0.04090064764022827,0.331735223531723,0.008811377920210361,-0.30628302693367004,0.5713329315185547,-0.42917925119400024,0.0,0.0
2.0626618320000003,0.0117,0.0,0.0893,-0.1137,0.2261,-0.2077,1.1665,-0.265,0.005,0.1506,0.9203,-1.3836,2.0144,-1.9541,0.3455,-0.1818,-0.04090064764022827,0.331735223531723,0.008811377920210361,-0.30628302693367004,0.5713329315185547,-0.42917925119400024,0.0,0.0
2.0725824630000003,0.0118,0.0016,0.0985,-0.1277,0.2463,-0.2274,1.1699,-0.2668,0.0,0.1713,0.913,-1.4047,2.0154,-1.9633,0.3483,-0.1781,-0.05016469955444336,0.3345922827720642,0.02165711484849453,-0.29454344511032104,0.5798071026802063,-0.4465273916721344,0.0,0.0
2.082757984,0.0118,0.0035,0.1076,-0.1419,0.2665,-0.2471,1.1734,-0.2685,0.0,0.1932,0.908,-1.4225,2.0186,-1.9709,0.351,-0.1749,-0.06015615165233612,0.3353011906147003,0.03401276096701622,-0.28221315145492554,0.58803391456604,-0.4642648696899414,0.0,0.0
2.092687422,0.0118,0.0035,0.1076,-0.1419,0.2665,-0.2471,1.1734,-0.2685,0.0,0.1932,0.908,-1.4225,2.0186,-1.9709,0.351,-0.1749,-0.06015615165233612,0.3353011906147003,0.03401276096701622,-0.28221315145492554,0.58803391456604,-0.4642648696899414,0.0,0.0
2.102627984,0.0118,0.0035,0.1076,-0.1419,0.2665,-0.2471,1.1734,-0.2685,0.0,0.1932,0.908,-1.4225,2.0186,-1.9709,0.351,-0.1749,-0.06015615165233612,0.3353011906147003,0.03401276096701622,-0.28221315145492554,0.58803391456604,-0.4642648696899414,0.0,0.0
2.112609033,0.0118,0.0045,0.1121,-0.1491,0.2767,-0.257,1.1752,-0.2694,0.0,0.2039,0.9112,-1.4353,2.0301,-1.9838,0.3536,-0.175,-0.06015615165233612,0.33123117685317993,0.020192762836813927,-0.25933316349983215,0.5562838912010193,-0.43327486515045166,0.0,0.0
2.1226415050000003,0.0118,0.0067,0.1212,-0.1635,0.297,-0.2769,1.1788,-0.2711,0.0,0.2249,0.9095,-1.4485,2.0363,-1.9898,0.3562,-0.1728,-0.07044287025928497,0.3302711248397827,0.03237518295645714,-0.24720798432826996,0.5643423795700073,-0.45130249857902527,0.0,0.0
2.132660174,0.0118,0.0067,0.1212,-0.1635,0.297,-0.2769,1.1788,-0.2711,0.0,0.2249,0.9095,-1.4485,2.0363,-1.9898,0.3562,-0.1728,-0.07044287025928497,0.3302711248397827,0.03237518295645714,-0.24720798432826996,0.5643423795700073,-0.45130249857902527,0.0,0.0
2.142617327,0.0118,0.0079,0.1257,-0.1708,0.3071,-0.2868,1.1805,-0.272,0.0,0.2352,0.9044,-1.4488,2.031,-1.983,0.3562,-0.1705,-0.08083170652389526,0.33217117190361023,0.05870860442519188,-0.2575112581253052,0.6040723323822021,-0.5008317828178406,0.0,0.0
2.1526106300000003,0.0118,0.0104,0.1348,-0.1854,0.3275,-0.3067,1.1841,-0.2737,0.0,0.2554,0.9053,-1.4575,2.0392,-1.9882,0.3587,-0.1695,-0.09123405069112778,0.3280537724494934,0.07079651951789856,-0.24515070021152496,0.6115819811820984,-0.5193024277687073,0.0,0.0
2.162646908,0.0118,0.0104,0.1348,-0.1854,0.3275,-0.3067,1.1841,-0.2737,0.0,0.2554,0.9053,-1.4575,2.0392,-1.9882,0.3587,-0.1695,-0.09123405069112778,0.3280537724494934,0.07079651951789856,-0.24515070021152496,0.6115819811820984,-0.5193024277687073,0.0,0.0
2.172683976,0.0118,0.0117,0.1394,-0.1927,0.3378,-0.3167,1.1859,-0.2746,0.0,0.2653,0.9112,-1.4659,2.0526,-2.0001,0.3611,-0.1706,-0.09123405069112778,0.323163777589798,0.056406520307064056,-0.22241069376468658,0.5793420076370239,-0.4881124496459961,0.0,0.0
2.18260712,0.0118,0.0131,0.1439,-0.2,0.348,-0.3267,1.1877,-0.2754,0.0,0.2748,0.9078,-1.4634,2.0484,-1.993,0.3609,-0.1692,-0.10157915204763412,0.322303831577301,0.08271128684282303,-0.23292726278305054,0.6186641454696655,-0.5376906394958496,0.0,0.0
2.192634538,0.0118,0.016,0.1531,-0.2147,0.3686,-0.3467,1.1914,-0.2771,0.0,0.2932,0.9116,-1.4665,2.058,-1.9977,0.3628,-0.1698,-0.11190009862184525,0.3150188624858856,0.09430965036153793,-0.22058629989624023,0.6254523396492004,-0.5561897158622742,0.0,0.0
2.2027042320000003,0.0118,0.016,0.1531,-0.2147,0.3686,-0.3467,1.1914,-0.2771,0.0,0.2932,0.9116,-1.4665,2.058,-1.9977,0.3628,-0.1698,-0.11190009862184525,0.3150188624858856,0.09430965036153793,-0.22058629989624023,0.6254523396492004,-0.5561897158622742,0.0,0.0
2.2126321630000003,0.0118,0.016,0.1531,-0.2147,0.3686,-0.3467,1.1914,-0.2771,0.0,0.2932,0.9116,-1.4665,2.058,-1.9977,0.3628,-0.1698,-0.11190009862184525,0.3150188624858856,0.09430965036153793,-0.22058629989624023,0.6254523396492004,-0.5561897158622742,0.0,0.0
2.222591082,0.0118,0.0191,0.1622,-0.2294,0.3893,-0.3667,1.195,-0.2788,0.0,0.3104,0.9166,-1.4669,2.0677,-2.0023,0.3644,-0.1712,-0.12228585034608841,0.3062051236629486,0.10601229220628738,-0.2081114798784256,0.6318233013153076,-0.5746975541114807,0.0,0.0
2.232635149,0.0118,0.0207,0.1669,-0.2368,0.3997,-0.3768,1.1968,-0.2797,0.0,0.3185,0.9243,-1.4711,2.0811,-2.014,0.3663,-0.1736,-0.12228585034608841,0.30059513449668884,0.09114228934049606,-0.18549147248268127,0.5992833375930786,-0.5432275533676147,0.0,0.0
2.242646053,0.0118,0.0207,0.1669,-0.2368,0.3997,-0.3768,1.1968,-0.2797,0.0,0.3185,0.9243,-1.4711,2.0811,-2.014,0.3663,-0.1736,-0.12228585034608841,0.30059513449668884,0.09114228934049606,-0.18549147248268127,0.5992833375930786,-0.5432275533676147,0.0,0.0
2.252623718,0.0118,0.0223,0.1715,-0.2441,0.4101,-0.3868,1.1987,-0.2806,0.0,0.3262,0.9225,-1.4646,2.0769,-2.007,0.3656,-0.1734,-0.13274872303009033,0.2964809834957123,0.11720843613147736,-0.1959773749113083,0.6383337378501892,-0.5932563543319702,0.0,0.0
2.26259524,0.0118,0.0257,0.1808,-0.2587,0.431,-0.407,1.2023,-0.2823,0.0,0.3418,0.9291,-1.4598,2.0853,-2.0119,0.3663,-0.1766,-0.1432642936706543,0.2851288616657257,0.12823668122291565,-0.18397243320941925,0.6449456810951233,-0.6117714643478394,0.0,0.0
2.2726797700000003,0.0118,0.0257,0.1808,-0.2587,0.431,-0.407,1.2023,-0.2823,0.0,0.3418,0.9291,-1.4598,2.0853,-2.0119,0.3663,-0.1766,-0.1432642936706543,0.2851288616657257,0.12823668122291565,-0.18397243320941925,0.6449456810951233,-0.6117714643478394,0.0,0.0
2.282933898,0.0117,0.0274,0.1855,-0.266,0.4415,-0.4171,1.2042,-0.2832,-0.0034,0.3467,0.9375,-1.4612,2.0982,-2.0235,0.3677,-0.1798,-0.14262430369853973,0.2795388698577881,0.11329667270183563,-0.16193242371082306,0.6121556758880615,-0.5803114771842957,0.0,0.0
2.292629775,0.0117,0.0292,0.1902,-0.2733,0.452,-0.4272,1.206,-0.2841,-0.0052,0.3529,0.9365,-1.4522,2.0934,-2.0168,0.3666,-0.1806,-0.1527295708656311,0.27346280217170715,0.13921411335468292,-0.17220787703990936,0.6514961123466492,-0.6304267644882202,0.0,0.0
2.302624084,0.0116,0.0328,0.1996,-0.2878,0.473,-0.4475,1.2097,-0.286,-0.01,0.3636,0.9445,-1.4423,2.1006,-2.0223,0.3664,-0.1855,-0.1621372401714325,0.26063019037246704,0.15009677410125732,-0.16058440506458282,0.6583060622215271,-0.6488663554191589,0.0,0.0
2.3126524600000002,0.0116,0.0328,0.1996,-0.2878,0.473,-0.4475,1.2097,-0.286,-0.01,0.3636,0.9445,-1.4423,2.1006,-2.0223,0.3664,-0.1855,-0.1621372401714325,0.26063019037246704,0.15009677410125732,-0.16058440506458282,0.6583060622215271,-0.6488663554191589,0.0,0.0
2.3230576110000003,0.0116,0.0346,0.2044,-0.295,0.4836,-0.4576,1.2115,-0.2869,-0.013,0.3681,0.9536,-1.4415,2.1124,-2.0344,0.3674,-0.1897,-0.16183723509311676,0.25478020310401917,0.13478676974773407,-0.13906441628932953,0.6253260374069214,-0.6173563599586487,0.0,0.0
2.33262766,0.0115,0.0365,0.2091,-0.3021,0.4941,-0.4678,1.2134,-0.2879,-0.0159,0.3722,0.9533,-1.4302,2.1071,-2.0284,0.3658,-0.1914,-0.17134061455726624,0.2470749020576477,0.16054785251617432,-0.14957691729068756,0.665196418762207,-0.6673716902732849,0.0,0.0
2.3426498120000003,0.0114,0.0383,0.214,-0.3093,0.5047,-0.478,1.2152,-0.2889,-0.0193,0.3757,0.9626,-1.4281,2.1186,-2.0407,0.3666,-0.196,-0.17070062458515167,0.24132491648197174,0.14491784572601318,-0.1281869113445282,0.6322463750839233,-0.6355416774749756,0.0,0.0
2.352665813,0.0114,0.0383,0.214,-0.3093,0.5047,-0.478,1.2152,-0.2889,-0.0193,0.3757,0.9626,-1.4281,2.1186,-2.0407,0.3666,-0.196,-0.17070062458515167,0.24132491648197174,0.14491784572601318,-0.1281869113445282,0.6322463750839233,-0.6355416774749756,0.0,0.0
2.362644092,0.0111,0.0421,0.2236,-0.3234,0.5259,-0.4984,1.2188,-0.2909,-0.0267,0.3811,0.9724,-1.4126,2.1242,-2.0478,0.3654,-0.2032,-0.17903505265712738,0.22740593552589417,0.15534022450447083,-0.1182517409324646,0.6394542455673218,-0.6540549993515015,0.0,0.0
2.3726205790000003,0.011,0.0441,0.2285,-0.3304,0.5365,-0.5086,1.2207,-0.2919,-0.0306,0.383,0.9728,-1.3992,2.1182,-2.0426,0.3634,-0.2058,-0.18826904892921448,0.21868066489696503,0.1805218607187271,-0.1289936900138855,0.6795080304145813,-0.704017698764801,0.0,0.0
2.382659518,0.011,0.0441,0.2285,-0.3304,0.5365,-0.5086,1.2207,-0.2919,-0.0306,0.383,0.9728,-1.3992,2.1182,-2.0426,0.3634,-0.2058,-0.18826904892921448,0.21868066489696503,0.1805218607187271,-0.1289936900138855,0.6795080304145813,-0.704017698764801,0.0,0.0
2.392622851,0.0108,0.046,0.2334,-0.3374,0.5471,-0.5189,1.2225,-0.2929,-0.0349,0.3842,0.9828,-1.3951,2.1292,-2.0558,0.3638,-0.2113,-0.18723905086517334,0.21286065876483917,0.16482186317443848,-0.10840368270874023,0.6466080546379089,-0.6717976927757263,0.0,0.0
2.402579373,0.0104,0.0498,0.2433,-0.3512,0.5684,-0.5395,1.2261,-0.2951,-0.044,0.385,0.9939,-1.3759,2.1338,-2.0649,0.3618,-0.2204,-0.19484052062034607,0.19870832562446594,0.17415282130241394,-0.09946680814027786,0.653553307056427,-0.6889660358428955,0.0,0.0
2.412626297,0.0102,0.0518,0.2483,-0.358,0.5791,-0.5498,1.2279,-0.2962,-0.0488,0.3846,0.995,-1.3607,2.1275,-2.0608,0.3596,-0.2239,-0.20351794362068176,0.18984609842300415,0.19952191412448883,-0.1115301102399826,0.6939829587936401,-0.738719642162323,0.0,0.0
2.422635841,0.0102,0.0518,0.2483,-0.358,0.5791,-0.5498,1.2279,-0.2962,-0.0488,0.3846,0.995,-1.3607,2.1275,-2.0608,0.3596,-0.2239,-0.20351794362068176,0.18984609842300415,0.19952191412448883,-0.1115301102399826,0.6939829587936401,-0.738719642162323,0.0,0.0
2.432582686,0.0099,0.0537,0.2533,-0.3648,0.5897,-0.5602,1.2297,-0.2974,-0.0539,0.3834,1.0055,-1.3547,2.1378,-2.0747,0.3595,-0.2302,-0.20210795104503632,0.1842660903930664,0.1834719181060791,-0.09173011034727097,0.6611529588699341,-0.7061296701431274,0.0,0.0
2.4426001750000004,0.0093,0.0575,0.2635,-0.3781,0.6111,-0.5809,1.2333,-0.2998,-0.0646,0.3794,1.0177,-1.3318,2.1411,-2.0854,0.3568,-0.2409,-0.20879150927066803,0.17043431103229523,0.1921599805355072,-0.08497588336467743,0.6682897806167603,-0.7225710153579712,0.0,0.0
2.452655893,0.0093,0.0575,0.2635,-0.3781,0.6111,-0.5809,1.2333,-0.2998,-0.0646,0.3794,1.0177,-1.3318,2.1411,-2.0854,0.3568,-0.2409,-0.20879150927066803,0.17043431103229523,0.1921599805355072,-0.08497588336467743,0.6682897806167603,-0.7225710153579712,0.0,0.0
2.4626523980000004,0.0093,0.0575,0.2635,-0.3781,0.6111,-0.5809,1.2333,-0.2998,-0.0646,0.3794,1.0177,-1.3318,2.1411,-2.0854,0.3568,-0.2409,-0.20879150927066803,0.17043431103229523,0.1921599805355072,-0.08497588336467743,0.6682897806167603,-0.7225710153579712,0.0,0.0
2.472612754,0.0085,0.0612,0.2737,-0.3913,0.6325,-0.6018,1.2368,-0.3023,-0.0759,0.3731,1.0304,-1.3074,2.144,-2.0969,0.3538,-0.2524,-0.2148035615682602,0.1571953296661377,0.20114940404891968,-0.07906853407621384,0.6758818626403809,-0.7386127710342407,0.0,0.0
2.4826334990000003,0.0081,0.0631,0.2789,-0.3977,0.6432,-0.6123,1.2386,-0.3035,-0.0817,0.3691,1.0323,-1.29,2.1369,-2.0944,0.3511,-0.2571,-0.22238513827323914,0.14924785494804382,0.22647203505039215,-0.09294469654560089,0.7165824770927429,-0.7869396209716797,0.0,0.0
2.492639392,0.0081,0.0631,0.2789,-0.3977,0.6432,-0.6123,1.2386,-0.3035,-0.0817,0.3691,1.0323,-1.29,2.1369,-2.0944,0.3511,-0.2571,-0.22238513827323914,0.14924785494804382,0.22647203505039215,-0.09294469654560089,0.7165824770927429,-0.7869396209716797,0.0,0.0
2.502623917,0.0077,0.0649,0.2841,-0.4041,0.6539,-0.6229,1.2403,-0.3049,-0.0879,0.3643,1.0436,-1.2817,2.1463,-2.1093,0.3505,-0.2645,-0.22056514024734497,0.14432784914970398,0.20974203944206238,-0.07457469403743744,0.6835424900054932,-0.7536495923995972,0.0,0.0
2.512555111,0.0067,0.0685,0.2946,-0.4167,0.6754,-0.644,1.2438,-0.3076,-0.1004,0.3533,1.0573,-1.2548,2.1482,-2.1227,0.3469,-0.2774,-0.22552801668643951,0.13221408426761627,0.21839451789855957,-0.07117895781993866,0.6912180781364441,-0.768735945224762,0.0,0.0
2.522656595,0.0062,0.0702,0.2999,-0.4229,0.6861,-0.6546,1.2455,-0.309,-0.1068,0.347,1.0598,-1.2363,2.1409,-2.1211,0.3438,-0.2828,-0.23258274793624878,0.1256847381591797,0.2443709373474121,-0.08654143661260605,0.7325928211212158,-0.8169011473655701,0.0,0.0
2.532637727,0.0062,0.0702,0.2999,-0.4229,0.6861,-0.6546,1.2455,-0.309,-0.1068,0.347,1.0598,-1.2363,2.1409,-2.1211,0.3438,-0.2828,-0.23258274793624878,0.1256847381591797,0.2443709373474121,-0.08654143661260605,0.7325928211212158,-0.8169011473655701,0.0,0.0
2.542634719,0.0056,0.0719,0.3053,-0.429,0.6968,-0.6653,1.2472,-0.3105,-0.1134,0.34,1.0717,-1.2268,2.1499,-2.1368,0.343,-0.2908,-0.23012274503707886,0.12128473073244095,0.22698093950748444,-0.06919143348932266,0.6995928287506104,-0.7832311391830444,0.0,0.0
2.5526050220000003,0.0044,0.0752,0.3161,-0.4411,0.7183,-0.6868,1.2506,-0.3135,-0.1268,0.3246,1.0866,-1.1981,2.1514,-2.1519,0.3388,-0.3047,-0.23440958559513092,0.11126279085874557,0.23549138009548187,-0.06822698563337326,0.7076342701911926,-0.7966071963310242,0.0,0.0
2.5626452690000003,0.0044,0.0752,0.3161,-0.4411,0.7183,-0.6868,1.2506,-0.3135,-0.1268,0.3246,1.0866,-1.1981,2.1514,-2.1519,0.3388,-0.3047,-0.23440958559513092,0.11126279085874557,0.23549138009548187,-0.06822698563337326,0.7076342701911926,-0.7966071963310242,0.0,0.0
2.572613263,0.0044,0.0752,0.3161,-0.4411,0.7183,-0.6868,1.2506,-0.3135,-0.1268,0.3246,1.0866,-1.1981,2.1514,-2.1519,0.3388,-0.3047,-0.23440958559513092,0.11126279085874557,0.23549138009548187,-0.06822698563337326,0.7076342701911926,-0.7966071963310242,0.0,0.0
2.582618413,0.003,0.0783,0.3271,-0.4528,0.7398,-0.7084,1.254,-0.3166,-0.1405,0.3072,1.1022,-1.1688,2.153,-2.1679,0.3345,-0.3192,-0.2381075620651245,0.10256383568048477,0.24376367032527924,-0.0689653605222702,0.7155423164367676,-0.809231162071228,0.0,0.0
2.592654151,0.0023,0.0798,0.3326,-0.4586,0.7505,-0.7192,1.2556,-0.3183,-0.1474,0.2979,1.1057,-1.1494,2.1457,-2.1678,0.3311,-0.3253,-0.24473531544208527,0.09854709357023239,0.2703252136707306,-0.08721107244491577,0.7568666338920593,-0.8556673526763916,0.0,0.0
2.602652743,0.0023,0.0798,0.3326,-0.4586,0.7505,-0.7192,1.2556,-0.3183,-0.1474,0.2979,1.1057,-1.1494,2.1457,-2.1678,0.3311,-0.3253,-0.24473531544208527,0.09854709357023239,0.2703252136707306,-0.08721107244491577,0.7568666338920593,-0.8556673526763916,0.0,0.0
2.6129563,0.0007,0.0826,0.3438,-0.4699,0.772,-0.741,1.2589,-0.3216,-0.1615,0.2777,1.1221,-1.1193,2.147,-2.1847,0.3264,-0.3403,-0.2482733279466629,0.09268844872713089,0.27897965908050537,-0.09045862406492233,0.7646912932395935,-0.8669271469116211,0.0,0.0
2.6226051050000003,-0.0002,0.084,0.3495,-0.4754,0.7828,-0.7521,1.2605,-0.3234,-0.1688,0.267,1.1351,-1.1087,2.1556,-2.2015,0.3251,-0.349,-0.24484333395957947,0.089558444917202,0.2605796456336975,-0.07501862198114395,0.7314313054084778,-0.8319471478462219,0.0,0.0
2.6326632830000003,-0.001,0.0852,0.3552,-0.4809,0.7936,-0.7631,1.2621,-0.3252,-0.1758,0.256,1.1391,-1.0891,2.1482,-2.2021,0.3216,-0.3555,-0.2520357370376587,0.0886608436703682,0.2878090739250183,-0.09547679871320724,0.7725468277931213,-0.877458393573761,0.0,0.0
2.642633077,-0.001,0.0852,0.3552,-0.4809,0.7936,-0.7631,1.2621,-0.3252,-0.1758,0.256,1.1391,-1.0891,2.1482,-2.2021,0.3216,-0.3555,-0.2520357370376587,0.0886608436703682,0.2878090739250183,-0.09547679871320724,0.7725468277931213,-0.877458393573761,0.0,0.0
2.652595406,-0.0019,0.0865,0.3609,-0.4863,0.8043,-0.7742,1.2637,-0.327,-0.1831,0.2445,1.1523,-1.0784,2.1566,-2.219,0.3201,-0.3643,-0.24860574305057526,0.0859108418226242,0.2693890631198883,-0.08034680038690567,0.7396067976951599,-0.8424683809280396,0.0,0.0
2.6626337,-0.0039,0.0887,0.3726,-0.4968,0.8259,-0.7965,1.2669,-0.3307,-0.1976,0.2208,1.1699,-1.0481,2.1574,-2.2368,0.3148,-0.3796,-0.2519056499004364,0.08446323126554489,0.27780476212501526,-0.08728231489658356,0.7471864819526672,-0.8518542647361755,0.0,0.0
2.672676689,-0.0039,0.0887,0.3726,-0.4968,0.8259,-0.7965,1.2669,-0.3307,-0.1976,0.2208,1.1699,-1.0481,2.1574,-2.2368,0.3148,-0.3796,-0.2519056499004364,0.08446323126554489,0.27780476212501526,-0.08728231489658356,0.7471864819526672,-0.8518542647361755,0.0,0.0
2.6830031500000002,-0.0049,0.0898,0.3784,-0.5019,0.8366,-0.8076,1.2684,-0.3327,-0.2049,0.2086,1.1745,-1.0285,2.1501,-2.2378,0.3111,-0.3862,-0.2595018148422241,0.08642223477363586,0.3058500587940216,-0.1100364476442337,0.7882264852523804,-0.8962637186050415,0.0,0.0
2.6926042110000004,-0.006,0.0907,0.3844,-0.507,0.8474,-0.8189,1.27,-0.3346,-0.2123,0.1961,1.1882,-1.018,2.1581,-2.2548,0.3094,-0.3949,-0.25546181201934814,0.08497224003076553,0.28648003935813904,-0.0957864448428154,0.7550264596939087,-0.8606637120246887,0.0,0.0
2.702668574,-0.0071,0.0917,0.3904,-0.512,0.8582,-0.8302,1.2715,-0.3366,-0.2195,0.1835,1.193,-0.9987,2.1507,-2.2559,0.3056,-0.4015,-0.2633248567581177,0.08846902847290039,0.31554096937179565,-0.11957786232233047,0.7959592342376709,-0.9044427871704102,0.0,0.0
2.7126464400000003,-0.0071,0.0917,0.3904,-0.512,0.8582,-0.8302,1.2715,-0.3366,-0.2195,0.1835,1.193,-0.9987,2.1507,-2.2559,0.3056,-0.4015,-0.2633248567581177,0.08846902847290039,0.31554096937179565,-0.11957786232233047,0.7959592342376709,-0.9044427871704102,0.0,0.0
2.722534477,-0.0082,0.0925,0.3964,-0.517,0.869,-0.8416,1.273,-0.3387,-0.227,0.1707,1.2069,-0.9885,2.1587,-2.273,0.3037,-0.4101,-0.2592748701572418,0.08734902739524841,0.29615095257759094,-0.10559786111116409,0.7627592086791992,-0.8685327768325806,0.0,0.0
2.7325916020000003,-0.0118,0.0947,0.4148,-0.5313,0.9013,-0.8759,1.2775,-0.3451,-0.2493,0.1319,1.2315,-0.9411,2.1519,-2.2925,0.2939,-0.4315,-0.2709079384803772,0.09704913198947906,0.3380100429058075,-0.1416873037815094,0.8098146319389343,-0.9166291356086731,0.0,0.0
2.7426884950000003,-0.0118,0.0947,0.4148,-0.5313,0.9013,-0.8759,1.2775,-0.3451,-0.2493,0.1319,1.2315,-0.9411,2.1519,-2.2925,0.2939,-0.4315,-0.2709079384803772,0.09704913198947906,0.3380100429058075,-0.1416873037815094,0.8098146319389343,-0.9166291356086731,0.0,0.0
2.7526110160000004,-0.0118,0.0947,0.4148,-0.5313,0.9013,-0.8759,1.2775,-0.3451,-0.2493,0.1319,1.2315,-0.9411,2.1519,-2.2925,0.2939,-0.4315,-0.2709079384803772,0.09704913198947906,0.3380100429058075,-0.1416873037815094,0.8098146319389343,-0.9166291356086731,0.0,0.0
2.762543499,-0.0144,0.0958,0.4273,-0.5406,0.9229,-0.899,1.2804,-0.3495,-0.2642,0.1059,1.2519,-0.9133,2.1525,-2.3101,0.2877,-0.446,-0.27510344982147217,0.10408613830804825,0.3506177067756653,-0.15412414073944092,0.8155084848403931,-0.9207711219787598,0.0,0.0
2.772637142,-0.0158,0.0963,0.4336,-0.5451,0.9337,-0.9106,1.2818,-0.3518,-0.2718,0.093,1.2668,-0.9039,2.1603,-2.326,0.2855,-0.4541,-0.27014344930648804,0.10387614369392395,0.33022770285606384,-0.14156413078308105,0.7823284864425659,-0.884381115436554,0.0,0.0
2.7826951380000002,-0.0158,0.0963,0.4336,-0.5451,0.9337,-0.9106,1.2818,-0.3518,-0.2718,0.093,1.2668,-0.9039,2.1603,-2.326,0.2855,-0.4541,-0.27014344930648804,0.10387614369392395,0.33022770285606384,-0.14156413078308105,0.7823284864425659,-0.884381115436554,0.0,0.0
2.792619756,-0.0172,0.0967,0.44,-0.5495,0.9444,-0.9222,1.2832,-0.3541,-0.2792,0.0801,1.273,-0.8862,2.1531,-2.3267,0.2813,-0.4599,-0.28002095222473145,0.11326102167367935,0.3640429675579071,-0.16808238625526428,0.8203218579292297,-0.9234170317649841,0.0,0.0
2.8026025650000004,-0.0201,0.0973,0.4529,-0.5582,0.966,-0.9457,1.286,-0.3588,-0.2943,0.0549,1.2949,-0.8598,2.1534,-2.3416,0.2745,-0.4731,-0.28608718514442444,0.12456028163433075,0.37904196977615356,-0.18347936868667603,0.8242912292480469,-0.924735426902771,0.0,0.0
2.8126644290000002,-0.0201,0.0973,0.4529,-0.5582,0.966,-0.9457,1.286,-0.3588,-0.2943,0.0549,1.2949,-0.8598,2.1534,-2.3416,0.2745,-0.4731,-0.28608718514442444,0.12456028163433075,0.37904196977615356,-0.18347936868667603,0.8242912292480469,-0.924735426902771,0.0,0.0
2.823201608,-0.0216,0.0975,0.4594,-0.5625,0.9768,-0.9574,1.2874,-0.3612,-0.302,0.0427,1.3105,-0.8509,2.1606,-2.3555,0.2719,-0.4804,-0.2808171808719635,0.12518027424812317,0.35798197984695435,-0.17146937549114227,0.7911712527275085,-0.8882454037666321,0.0,0.0
2.8326254310000003,-0.0216,0.0975,0.4594,-0.5625,0.9768,-0.9574,1.2874,-0.3612,-0.302,0.0427,1.3105,-0.8509,2.1606,-2.3555,0.2719,-0.4804,-0.2808171808719635,0.12518027424812317,0.35798197984695435,-0.17146937549114227,0.7911712527275085,-0.8882454037666321,0.0,0.0
2.842631658,-0.0264,0.0978,0.4794,-0.5748,1.0091,-0.9929,1.2913,-0.3685,-0.3249,0.0074,1.3409,-0.8091,2.1521,-2.3651,0.2597,-0.4969,-0.29846230149269104,0.15058894455432892,0.40821290016174316,-0.21810270845890045,0.8287853598594666,-0.9244151711463928,0.0,0.0
2.8526621970000003,-0.0264,0.0978,0.4794,-0.5748,1.0091,-0.9929,1.2913,-0.3685,-0.3249,0.0074,1.3409,-0.8091,2.1521,-2.3651,0.2597,-0.4969,-0.29846230149269104,0.15058894455432892,0.40821290016174316,-0.21810270845890045,0.8287853598594666,-0.9244151711463928,0.0,0.0
2.862639799,-0.0264,0.0978,0.4794,-0.5748,1.0091,-0.9929,1.2913,-0.3685,-0.3249,0.0074,1.3409,-0.8091,2.1521,-2.3651,0.2597,-0.4969,-0.29846230149269104,0.15058894455432892,0.40821290016174316,-0.21810270845890045,0.8287853598594666,-0.9244151711463928,0.0,0.0
2.872856275,-0.0315,0.0977,0.4998,-0.5866,1.0413,-1.0284,1.2951,-0.3761,-0.3479,-0.0083,1.3696,-0.7663,2.1379,-2.3661,0.2462,-0.511,-0.2974337041378021,0.16140325367450714,0.39949923753738403,-0.2263251692056656,0.7989368438720703,-0.8877643346786499,0.0,0.0
2.88265602,-0.0315,0.0977,0.4998,-0.5866,1.0413,-1.0284,1.2951,-0.3761,-0.3479,-0.0083,1.3696,-0.7663,2.1379,-2.3661,0.2462,-0.511,-0.2974337041378021,0.16140325367450714,0.39949923753738403,-0.2263251692056656,0.7989368438720703,-0.8877643346786499,0.0,0.0
2.892631938,-0.0315,0.0977,0.4998,-0.5866,1.0413,-1.0284,1.2951,-0.3761,-0.3479,-0.0083,1.3696,-0.7663,2.1379,-2.3661,0.2462,-0.511,-0.2974337041378021,0.16140325367450714,0.39949923753738403,-0.2263251692056656,0.7989368438720703,-0.8877643346786499,0.0,0.0
2.902547825,-0.0351,0.0976,0.5137,-0.5941,1.0627,-1.0521,1.2975,-0.3813,-0.3635,-0.0147,1.3923,-0.7428,2.1318,-2.3695,0.2372,-0.5196,-0.3003177046775818,0.1695634126663208,0.408346563577652,-0.24472244083881378,0.7988429665565491,-0.8831403255462646,0.0,0.0
2.912606869,-0.0369,0.0975,0.5208,-0.5977,1.0733,-1.064,1.2987,-0.3839,-0.3716,-0.0173,1.4076,-0.7354,2.1343,-2.3767,0.2332,-0.5243,-0.3080790638923645,0.1765308976173401,0.4355224370956421,-0.2725037634372711,0.8277520537376404,-0.9088917970657349,0.0,0.0
2.922657187,-0.0369,0.0975,0.5208,-0.5977,1.0733,-1.064,1.2987,-0.3839,-0.3716,-0.0173,1.4076,-0.7354,2.1343,-2.3767,0.2332,-0.5243,-0.3080790638923645,0.1765308976173401,0.4355224370956421,-0.2725037634372711,0.8277520537376404,-0.9088917970657349,0.0,0.0
2.9326195200000003,-0.0388,0.0974,0.5278,-0.6014,1.084,-1.0758,1.2998,-0.3866,-0.3792,-0.0196,1.4147,-0.721,2.1235,-2.3706,0.2275,-0.527,-0.3016190528869629,0.17706088721752167,0.41381242871284485,-0.2628437578678131,0.7967320680618286,-0.8741017580032349,0.0,0.0
2.9425558460000003,-0.0408,0.0973,0.535,-0.6049,1.0946,-1.0877,1.3009,-0.3892,-0.3872,-0.0216,1.4293,-0.714,2.1241,-2.3757,0.2231,-0.5309,-0.30807211995124817,0.1836417317390442,0.43865275382995605,-0.2904067635536194,0.8233481645584106,-0.8960209488868713,0.0,0.0
2.9526673490000004,-0.0448,0.0971,0.5494,-0.6119,1.1157,-1.1114,1.3031,-0.3946,-0.4025,-0.0246,1.4487,-0.6931,2.1093,-2.3698,0.2123,-0.5358,-0.30742743611335754,0.19009971618652344,0.43975207209587097,-0.308489590883255,0.8176556825637817,-0.8797652721405029,0.0,0.0
2.9626260010000003,-0.0448,0.0971,0.5494,-0.6119,1.1157,-1.1114,1.3031,-0.3946,-0.4025,-0.0246,1.4487,-0.6931,2.1093,-2.3698,0.2123,-0.5358,-0.30742743611335754,0.19009971618652344,0.43975207209587097,-0.308489590883255,0.8176556825637817,-0.8797652721405029,0.0,0.0
2.972612262,-0.0468,0.0969,0.5567,-0.6153,1.1262,-1.1232,1.3041,-0.3973,-0.4098,-0.0257,1.4538,-0.6794,2.0942,-2.3592,0.206,-0.5369,-0.3006974458694458,0.1908097118139267,0.41734206676483154,-0.2996596097946167,0.7876656651496887,-0.8454252481460571,0.0,0.0
2.982605029,-0.051,0.0967,0.5714,-0.622,1.147,-1.1467,1.3061,-0.4027,-0.4242,-0.0268,1.4681,-0.6581,2.0702,-2.3431,0.1939,-0.5387,-0.2992885112762451,0.19654974341392517,0.4168402850627899,-0.31831052899360657,0.7815780639648438,-0.8271557092666626,0.0,0.0
2.99265639,-0.051,0.0967,0.5714,-0.622,1.147,-1.1467,1.3061,-0.4027,-0.4242,-0.0268,1.4681,-0.6581,2.0702,-2.3431,0.1939,-0.5387,-0.2992885112762451,0.19654974341392517,0.4168402850627899,-0.31831052899360657,0.7815780639648438,-0.8271557092666626,0.0,0.0
3.002882109,-0.0532,0.0965,0.5787,-0.6252,1.1573,-1.1584,1.307,-0.4053,-0.4312,-0.0268,1.4769,-0.6502,2.0607,-2.3367,0.1881,-0.5393,-0.3043396770954132,0.20167669653892517,0.4379149377346039,-0.3452162742614746,0.8033639788627625,-0.8397541642189026,0.0,0.0
3.0126104700000003,-0.0554,0.0964,0.5861,-0.6284,1.1675,-1.17,1.3079,-0.408,-0.4378,-0.0266,1.478,-0.6362,2.0391,-2.3187,0.181,-0.5381,-0.2970796823501587,0.20195668935775757,0.41560491919517517,-0.3370162844657898,0.7749239802360535,-0.8067541718482971,0.0,0.0
3.022655341,-0.0576,0.0963,0.5936,-0.6315,1.1776,-1.1816,1.3088,-0.4107,-0.4444,-0.026,1.4844,-0.6277,2.0258,-2.3076,0.1748,-0.5373,-0.3016761541366577,0.20599782466888428,0.43444544076919556,-0.36279985308647156,0.7956077456474304,-0.8165674209594727,0.0,0.0
3.0326304150000003,-0.0576,0.0963,0.5936,-0.6315,1.1776,-1.1816,1.3088,-0.4107,-0.4444,-0.026,1.4844,-0.6277,2.0258,-2.3076,0.1748,-0.5373,-0.3016761541366577,0.20599782466888428,0.43444544076919556,-0.36279985308647156,0.7956077456474304,-0.8165674209594727,0.0,0.0
3.0426376580000003,-0.0598,0.0961,0.601,-0.6346,1.1876,-1.193,1.3096,-0.4134,-0.4504,-0.0251,1.4832,-0.6134,2.0007,-2.2854,0.1672,-0.5349,-0.29447615146636963,0.2065078318119049,0.4123654365539551,-0.3549298346042633,0.7681177258491516,-0.7845874428749084,0.0,0.0
3.052623,-0.0644,0.0959,0.6159,-0.6406,1.2073,-1.2156,1.3112,-0.4187,-0.4619,-0.0225,1.4834,-0.59,1.9551,-2.243,0.1528,-0.5291,-0.29039260745048523,0.2100270539522171,0.4072856307029724,-0.37146851420402527,0.7608093023300171,-0.7608889937400818,0.0,0.0
3.0626609840000003,-0.0668,0.0958,0.6233,-0.6435,1.217,-1.2267,1.3119,-0.4213,-0.4673,-0.0207,1.4845,-0.5803,1.934,-2.222,0.1458,-0.5256,-0.2926885187625885,0.2126459777355194,0.42189139127731323,-0.39373812079429626,0.7787062525749207,-0.7660189867019653,0.0,0.0
3.072642117,-0.0668,0.0958,0.6233,-0.6435,1.217,-1.2267,1.3119,-0.4213,-0.4673,-0.0207,1.4845,-0.5803,1.934,-2.222,0.1458,-0.5256,-0.2926885187625885,0.2126459777355194,0.42189139127731323,-0.39373812079429626,0.7787062525749207,-0.7660189867019653,0.0,0.0
3.0825703250000003,-0.0715,0.0956,0.6381,-0.6491,1.2359,-1.2485,1.3133,-0.4265,-0.4768,-0.0164,1.4767,-0.5554,1.8776,-2.1651,0.1304,-0.5157,-0.28676116466522217,0.21465332806110382,0.4122215509414673,-0.4068993031978607,0.7700791358947754,-0.7392286062240601,0.0,0.0
3.092611472,-0.0739,0.0956,0.6454,-0.6518,1.2451,-1.2591,1.3139,-0.4291,-0.4809,-0.0139,1.4681,-0.5404,1.8427,-2.1296,0.1222,-0.5093,-0.27915117144584656,0.21440333127975464,0.3911815583705902,-0.4002993106842041,0.7459691166877747,-0.710978627204895,0.0,0.0
3.1026326490000002,-0.0739,0.0956,0.6454,-0.6518,1.2451,-1.2591,1.3139,-0.4291,-0.4809,-0.0139,1.4681,-0.5404,1.8427,-2.1296,0.1222,-0.5093,-0.27915117144584656,0.21440333127975464,0.3911815583705902,-0.4002993106842041,0.7459691166877747,-0.710978627204895,0.0,0.0
3.112592353,-0.0763,0.0955,0.6527,-0.6545,1.2542,-1.2696,1.3144,-0.4316,-0.4846,-0.0111,1.4632,-0.5294,1.8141,-2.0983,0.1147,-0.5029,-0.2797904312610626,0.21546782553195953,0.40064841508865356,-0.41774818301200867,0.7615945339202881,-0.7123618125915527,0.0,0.0
3.122610974,-0.0788,0.0955,0.66,-0.657,1.2631,-1.2799,1.315,-0.4341,-0.4878,-0.0081,1.4518,-0.5141,1.7761,-2.0584,0.1063,-0.4953,-0.2719704210758209,0.215167835354805,0.3798884153366089,-0.41177818179130554,0.7386945486068726,-0.685451865196228,0.0,0.0
3.132701223,-0.0812,0.0954,0.6672,-0.6596,1.2718,-1.29,1.3155,-0.4365,-0.4906,-0.0049,1.4437,-0.5023,1.7439,-2.022,0.0986,-0.4875,-0.27161091566085815,0.21553482115268707,0.3865131139755249,-0.4263850152492523,0.7536411881446838,-0.6855681538581848,0.0,0.0
3.142619675,-0.0812,0.0954,0.6672,-0.6596,1.2718,-1.29,1.3155,-0.4365,-0.4906,-0.0049,1.4437,-0.5023,1.7439,-2.022,0.0986,-0.4875,-0.27161091566085815,0.21553482115268707,0.3865131139755249,-0.4263850152492523,0.7536411881446838,-0.6855681538581848,0.0,0.0
3.1525794560000002,-0.0862,0.0954,0.6815,-0.6644,1.2887,-1.3096,1.3163,-0.4412,-0.4944,0.0,1.418,-0.4742,1.6672,-1.9363,0.0825,-0.4695,-0.26234596967697144,0.21506910026073456,0.3698067367076874,-0.43261024355888367,0.7462055683135986,-0.6592870354652405,0.0,0.0
3.1626061090000004,-0.0911,0.0954,0.6954,-0.6689,1.3047,-1.3282,1.317,-0.4458,-0.4958,0.0,1.3858,-0.445,1.5843,-1.8417,0.0665,-0.449,-0.2526244521141052,0.2150724083185196,0.350934237241745,-0.4364476501941681,0.7396044135093689,-0.6340159773826599,0.0,0.0
3.1726772490000004,-0.0911,0.0954,0.6954,-0.6689,1.3047,-1.3282,1.317,-0.4458,-0.4958,0.0,1.3858,-0.445,1.5843,-1.8417,0.0665,-0.449,-0.2526244521141052,0.2150724083185196,0.350934237241745,-0.4364476501941681,0.7396044135093689,-0.6340159773826599,0.0,0.0
3.182618333,-0.0911,0.0954,0.6954,-0.6689,1.3047,-1.3282,1.317,-0.4458,-0.4958,0.0,1.3858,-0.445,1.5843,-1.8417,0.0665,-0.449,-0.2526244521141052,0.2150724083185196,0.350934237241745,-0.4364476501941681,0.7396044135093689,-0.6340159773826599,0.0,0.0
3.1928330160000002,-0.0936,0.0954,0.7022,-0.671,1.3124,-1.3372,1.3173,-0.448,-0.4955,0.0,1.3654,-0.4286,1.5378,-1.7891,0.0583,-0.4376,-0.245154470205307,0.2150724083185196,0.3325742185115814,-0.4317876398563385,0.7211543917655945,-0.612276017665863,0.0,0.0
3.2026395670000003,-0.0986,0.0955,0.7156,-0.6751,1.3271,-1.3543,1.3178,-0.4522,-0.493,0.0,1.3233,-0.3977,1.4468,-1.6819,0.0428,-0.4136,-0.23417659103870392,0.2141471803188324,0.3121197521686554,-0.4331616461277008,0.717159628868103,-0.5903183817863464,0.0,0.0
3.212645202,-0.0986,0.0955,0.7156,-0.6751,1.3271,-1.3543,1.3178,-0.4522,-0.493,0.0,1.3233,-0.3977,1.4468,-1.6819,0.0428,-0.4136,-0.23417659103870392,0.2141471803188324,0.3121197521686554,-0.4331616461277008,0.717159628868103,-0.5903183817863464,0.0,0.0
3.2226324440000003,-0.101,0.0955,0.7221,-0.677,1.3341,-1.3624,1.318,-0.4542,-0.4907,0.0,1.3012,-0.3827,1.4019,-1.627,0.0356,-0.4011,-0.22939933836460114,0.2120935022830963,0.3060331642627716,-0.4352160096168518,0.7296682596206665,-0.5880630016326904,0.0,0.0
3.2325930730000003,-0.1059,0.0955,0.7347,-0.6806,1.3474,-1.3778,1.3182,-0.458,-0.4837,0.0,1.2484,-0.3494,1.3033,-1.508,0.0211,-0.3741,-0.2154882550239563,0.20856550335884094,0.280256062746048,-0.42954185605049133,0.7270018458366394,-0.5687107443809509,0.0,0.0
3.242672139,-0.1059,0.0955,0.7347,-0.6806,1.3474,-1.3778,1.3182,-0.458,-0.4837,0.0,1.2484,-0.3494,1.3033,-1.508,0.0211,-0.3741,-0.2154882550239563,0.20856550335884094,0.280256062746048,-0.42954185605049133,0.7270018458366394,-0.5687107443809509,0.0,0.0
3.252609935,-0.1083,0.0955,0.7408,-0.6823,1.3537,-1.385,1.3183,-0.4598,-0.479,0.0,1.2181,-0.3315,1.2505,-1.4448,0.014,-0.3598,-0.20875826478004456,0.20856550335884094,0.2649860680103302,-0.42623186111450195,0.713381826877594,-0.5534307360649109,0.0,0.0
3.26264302,-0.1106,0.0955,0.7468,-0.6838,1.3597,-1.3919,1.3183,-0.4615,-0.4735,0.0,1.1885,-0.3146,1.2008,-1.3823,0.0076,-0.3455,-0.20024599134922028,0.20307761430740356,0.2518053650856018,-0.42060983180999756,0.7264890670776367,-0.5527051091194153,0.0,0.0
3.2726227050000003,-0.1153,0.0955,0.7581,-0.6867,1.3709,-1.4048,1.3183,-0.4647,-0.4599,0.0,1.1215,-0.278,1.095,-1.2508,-0.0047,-0.3156,-0.18284453451633453,0.19547739624977112,0.22155749797821045,-0.407807320356369,0.7286067605018616,-0.539993941783905,0.0,0.0
3.282660865,-0.1153,0.0955,0.7581,-0.6867,1.3709,-1.4048,1.3183,-0.4647,-0.4599,0.0,1.1215,-0.278,1.095,-1.2508,-0.0047,-0.3156,-0.18284453451633453,0.19547739624977112,0.22155749797821045,-0.407807320356369,0.7286067605018616,-0.539993941783905,0.0,0.0
3.2926077740000004,-0.1175,0.0955,0.7636,-0.688,1.3761,-1.4107,1.3183,-0.4662,-0.4517,0.0,1.0846,-0.2588,1.0395,-1.1824,-0.0106,-0.3001,-0.17706453800201416,0.19547739624977112,0.2087474912405014,-0.4058273434638977,0.7185567617416382,-0.5291339159011841,0.0,0.0
3.302596496,-0.1219,0.0955,0.7739,-0.6903,1.3857,-1.4215,1.3181,-0.469,-0.4323,0.0,1.0075,-0.2197,0.9308,-1.0444,-0.0206,-0.2689,-0.158714160323143,0.1853955090045929,0.17725908756256104,-0.3903350234031677,0.7253960371017456,-0.5229271650314331,0.0,0.0
3.312659585,-0.1219,0.0955,0.7739,-0.6903,1.3857,-1.4215,1.3181,-0.469,-0.4323,0.0,1.0075,-0.2197,0.9308,-1.0444,-0.0206,-0.2689,-0.158714160323143,0.1853955090045929,0.17725908756256104,-0.3903350234031677,0.7253960371017456,-0.5229271650314331,0.0,0.0
3.322651319,-0.1219,0.0955,0.7739,-0.6903,1.3857,-1.4215,1.3181,-0.469,-0.4323,0.0,1.0075,-0.2197,0.9308,-1.0444,-0.0206,-0.2689,-0.158714160323143,0.1853955090045929,0.17725908756256104,-0.3903350234031677,0.7253960371017456,-0.5229271650314331,0.0,0.0
3.332607265,-0.126,0.0955,0.7833,-0.6922,1.3942,-1.4309,1.3178,-0.4715,-0.4087,0.0,0.9238,-0.1786,0.8213,-0.9033,-0.0288,-0.2373,-0.13919836282730103,0.17284688353538513,0.1440742015838623,-0.3715626001358032,0.7357877492904663,-0.5212522149085999,0.0,0.0
3.342626087,-0.128,0.0955,0.7877,-0.693,1.398,-1.435,1.3177,-0.4726,-0.3951,0.0,0.8799,-0.1571,0.7679,-0.8323,-0.0318,-0.2217,-0.12269946932792664,0.1575946807861328,0.1172511950135231,-0.3497549891471863,0.7552359104156494,-0.5290018916130066,0.0,0.0
3.3526655720000003,-0.128,0.0955,0.7877,-0.693,1.398,-1.435,1.3177,-0.4726,-0.3951,0.0,0.8799,-0.1571,0.7679,-0.8323,-0.0318,-0.2217,-0.12269946932792664,0.1575946807861328,0.1172511950135231,-0.3497549891471863,0.7552359104156494,-0.5290018916130066,0.0,0.0
3.3626236310000004,-0.1299,0.0955,0.7919,-0.6937,1.4016,-1.4388,1.3175,-0.4736,-0.3808,0.0,0.8338,-0.1355,0.7123,-0.7605,-0.0348,-0.2059,-0.11842946708202362,0.1575946807861328,0.10926119238138199,-0.3498149812221527,0.7499958872795105,-0.5247819423675537,0.0,0.0
3.3725595590000004,-0.1335,0.0955,0.7995,-0.6947,1.4079,-1.4454,1.3171,-0.4754,-0.3483,0.0,0.7381,-0.0904,0.6052,-0.6177,-0.0384,-0.175,-0.09808877110481262,0.14090320467948914,0.0747789815068245,-0.32621556520462036,0.7666635513305664,-0.5325967669487,0.0,0.0
3.3826309620000004,-0.1351,0.0955,0.803,-0.695,1.4107,-1.4481,1.3169,-0.4762,-0.33,0.0,0.6884,-0.0668,0.5539,-0.5469,-0.039,-0.1601,-0.08248807489871979,0.1232321485877037,0.04597187787294388,-0.2998678684234619,0.7873803377151489,-0.5453322529792786,0.0,0.0
3.3926355200000002,-0.1351,0.0955,0.803,-0.695,1.4107,-1.4481,1.3169,-0.4762,-0.33,0.0,0.6884,-0.0668,0.5539,-0.5469,-0.039,-0.1601,-0.08248807489871979,0.1232321485877037,0.04597187787294388,-0.2998678684234619,0.7873803377151489,-0.5453322529792786,0.0,0.0
3.4026255150000004,-0.1367,0.0955,0.8061,-0.6952,1.4132,-1.4505,1.3167,-0.477,-0.3112,0.0,0.6373,-0.0437,0.5016,-0.4765,-0.0394,-0.1452,-0.07956807315349579,0.1232321485877037,0.04178187623620033,-0.3015778660774231,0.785110354423523,-0.5451722145080566,0.0,0.0
3.412622589,-0.1395,0.0955,0.8117,-0.6953,1.4175,-1.4542,1.3163,-0.4782,-0.2696,0.0,0.5324,0.0,0.4027,-0.3423,-0.0375,-0.1166,-0.0631677433848381,0.10536734014749527,0.011665841564536095,-0.2761548161506653,0.8055242300033569,-0.5619603991508484,0.0,0.0
3.4226692560000003,-0.1395,0.0955,0.8117,-0.6953,1.4175,-1.4542,1.3163,-0.4782,-0.2696,0.0,0.5324,0.0,0.4027,-0.3423,-0.0375,-0.1166,-0.0631677433848381,0.10536734014749527,0.011665841564536095,-0.2761548161506653,0.8055242300033569,-0.5619603991508484,0.0,0.0
3.4326225850000003,-0.1395,0.0955,0.8117,-0.6953,1.4175,-1.4542,1.3163,-0.4782,-0.2696,0.0,0.5324,0.0,0.4027,-0.3423,-0.0375,-0.1166,-0.0631677433848381,0.10536734014749527,0.011665841564536095,-0.2761548161506653,0.8055242300033569,-0.5619603991508484,0.0,0.0
3.4426304720000003,-0.1419,0.0954,0.8163,-0.6951,1.4208,-1.4568,1.316,-0.4792,-0.2241,-0.0046,0.4243,0.0266,0.3096,-0.2278,-0.0328,-0.0889,-0.049446120858192444,0.0893452912569046,-0.013752611353993416,-0.2510150671005249,0.8268983364105225,-0.5804641246795654,0.0,0.0
3.452640285,-0.1429,0.0954,0.8181,-0.6949,1.4221,-1.4577,1.3159,-0.4795,-0.1998,-0.0091,0.3693,0.0407,0.2664,-0.1729,-0.0291,-0.076,-0.03892660140991211,0.07576845586299896,-0.03299509361386299,-0.2274577021598816,0.8487656116485596,-0.5979211926460266,0.0,0.0
3.4626471530000003,-0.1429,0.0954,0.8181,-0.6949,1.4221,-1.4577,1.3159,-0.4795,-0.1998,-0.0091,0.3693,0.0407,0.2664,-0.1729,-0.0291,-0.076,-0.03892660140991211,0.07576845586299896,-0.03299509361386299,-0.2274577021598816,0.8487656116485596,-0.5979211926460266,0.0,0.0
3.472638781,-0.1437,0.0953,0.8197,-0.6947,1.4232,-1.4583,1.3157,-0.4799,-0.1752,-0.0136,0.3144,0.0536,0.2238,-0.1197,-0.0252,-0.0633,-0.03898660093545914,0.0765184611082077,-0.032305095344781876,-0.22934770584106445,0.849725604057312,-0.6014411449432373,0.0,0.0
3.482611764,-0.1451,0.0951,0.822,-0.6939,1.4249,-1.4587,1.3156,-0.4803,-0.1235,-0.0256,0.2044,0.0808,0.1463,-0.0187,-0.015,-0.0399,-0.030924662947654724,0.06544743478298187,-0.04342591390013695,-0.21177531778812408,0.8746819496154785,-0.6254391670227051,0.0,0.0
3.492665779,-0.1456,0.0949,0.8227,-0.6935,1.4255,-1.4587,1.3155,-0.4805,-0.0966,-0.0332,0.15,0.0806,0.112,0.0,-0.0086,-0.034,-0.024177828803658485,0.05628201737999916,-0.049016598612070084,-0.19589808583259583,0.897363007068634,-0.6409011483192444,0.0,0.0
3.50262127,-0.1456,0.0949,0.8227,-0.6935,1.4255,-1.4587,1.3155,-0.4805,-0.0966,-0.0332,0.15,0.0806,0.112,0.0,-0.0086,-0.034,-0.024177828803658485,0.05628201737999916,-0.049016598612070084,-0.19589808583259583,0.897363007068634,-0.6409011483192444,0.0,0.0
3.513288246,-0.1462,0.0945,0.8235,-0.6928,1.4261,-1.4587,1.3155,-0.4808,-0.0421,-0.0501,0.0441,0.0634,0.0507,0.0,0.0055,-0.0285,-0.021905867382884026,0.05324748903512955,-0.04074469953775406,-0.18907921016216278,0.9167559146881104,-0.6488630175590515,0.0,0.0
3.522637845,-0.1462,0.0942,0.8235,-0.6926,1.4263,-1.4587,1.3156,-0.4809,-0.0144,-0.0588,0.0,0.0553,0.0299,0.0,0.0129,-0.026,-0.024675868451595306,0.055017489939928055,-0.036334700882434845,-0.18886920809745789,0.9182359576225281,-0.6488630175590515,0.0,0.0
3.532643885,-0.1462,0.0942,0.8235,-0.6926,1.4263,-1.4587,1.3156,-0.4809,-0.0144,-0.0588,0.0,0.0553,0.0299,0.0,0.0129,-0.026,-0.024675868451595306,0.055017489939928055,-0.036334700882434845,-0.18886920809745789,0.9182359576225281,-0.6488630175590515,0.0,0.0
3.5425897770000003,-0.1462,0.0938,0.8233,-0.6923,1.4263,-1.4587,1.3157,-0.481,0.0054,-0.0683,-0.0385,0.0486,0.0171,0.0,0.021,-0.0239,-0.02256026864051819,0.05508984997868538,-0.027060480788350105,-0.18898816406726837,0.9303563237190247,-0.6543880105018616,0.0,0.0
3.5531424210000004,-0.1459,0.093,0.8223,-0.6919,1.4263,-1.4587,1.316,-0.4812,0.0448,-0.0871,-0.1098,0.0357,0.0,0.0,0.0381,-0.0198,-0.024449527263641357,0.0596587248146534,-0.008995968848466873,-0.19302824139595032,0.9403808116912842,-0.6582958102226257,0.0,0.0
3.5626392570000003,-0.1459,0.093,0.8223,-0.6919,1.4263,-1.4587,1.316,-0.4812,0.0448,-0.0871,-0.1098,0.0357,0.0,0.0,0.0381,-0.0198,-0.024449527263641357,0.0596587248146534,-0.008995968848466873,-0.19302824139595032,0.9403808116912842,-0.6582958102226257,0.0,0.0
3.57265477,-0.1459,0.093,0.8223,-0.6919,1.4263,-1.4587,1.316,-0.4812,0.0448,-0.0871,-0.1098,0.0357,0.0,0.0,0.0381,-0.0198,-0.024449527263641357,0.0596587248146534,-0.008995968848466873,-0.19302824139595032,0.9403808116912842,-0.6582958102226257,0.0,0.0
3.5826138490000004,-0.1455,0.0925,0.8216,-0.6918,1.4263,-1.4587,1.3163,-0.4813,0.0645,-0.0963,-0.1405,0.0295,0.0,0.0,0.0478,-0.0178,-0.02761952579021454,0.062078721821308136,-0.003825969295576215,-0.19270823895931244,0.9403808116912842,-0.6582958102226257,0.0,0.0
3.592647728,-0.1446,0.0914,0.8198,-0.6916,1.4263,-1.4587,1.3169,-0.4815,0.1036,-0.1143,-0.1995,0.0172,0.0,0.0,0.0665,-0.014,-0.032330166548490524,0.06956448405981064,0.016928818076848984,-0.19929176568984985,0.9468528032302856,-0.6613578200340271,0.0,0.0
3.60265015,-0.144,0.0908,0.8186,-0.6915,1.4263,-1.4587,1.3173,-0.4815,0.1228,-0.1227,-0.2275,0.0107,0.0,0.0,0.0753,-0.0119,-0.03452201932668686,0.07502904534339905,0.034706033766269684,-0.2080986499786377,0.9523019790649414,-0.6639724373817444,0.0,0.0
3.612623965,-0.144,0.0908,0.8186,-0.6915,1.4263,-1.4587,1.3173,-0.4815,0.1228,-0.1227,-0.2275,0.0107,0.0,0.0,0.0753,-0.0119,-0.03452201932668686,0.07502904534339905,0.034706033766269684,-0.2080986499786377,0.9523019790649414,-0.6639724373817444,0.0,0.0
3.6226011610000004,-0.1433,0.0901,0.8173,-0.6915,1.4263,-1.4587,1.3177,-0.4816,0.1416,-0.1309,-0.2536,0.0005,0.0,0.0,0.0839,-0.009,-0.03850202262401581,0.07794904708862305,0.041216034442186356,-0.20707865059375763,0.9523019790649414,-0.6639724373817444,0.0,0.0
3.632597527,-0.1416,0.0887,0.8144,-0.6915,1.4264,-1.4587,1.3186,-0.4817,0.1781,-0.1455,-0.3058,0.0,0.0,0.0,0.1001,-0.0085,-0.04582325369119644,0.08570506423711777,0.06780660897493362,-0.2169739305973053,0.9566940665245056,-0.6662977337837219,0.0,0.0
3.642688048,-0.1416,0.0887,0.8144,-0.6915,1.4264,-1.4587,1.3186,-0.4817,0.1781,-0.1455,-0.3058,0.0,0.0,0.0,0.1001,-0.0085,-0.04582325369119644,0.08570506423711777,0.06780660897493362,-0.2169739305973053,0.9566940665245056,-0.6662977337837219,0.0,0.0
3.652640985,-0.1416,0.0887,0.8144,-0.6915,1.4264,-1.4587,1.3186,-0.4817,0.1781,-0.1455,-0.3058,0.0,0.0,0.0,0.1001,-0.0085,-0.04582325369119644,0.08570506423711777,0.06780660897493362,-0.2169739305973053,0.9566940665245056,-0.6662977337837219,0.0,0.0
3.6626185920000003,-0.1396,0.0872,0.811,-0.6915,1.4264,-1.4587,1.3198,-0.4817,0.2128,-0.158,-0.3519,0.0,0.0,0.0,0.1147,-0.0085,-0.053808338940143585,0.0922241136431694,0.09584151208400726,-0.2266928255558014,0.9609044194221497,-0.6681309342384338,0.0,0.0
3.6727160690000002,-0.1384,0.0864,0.8092,-0.6915,1.4264,-1.4587,1.3204,-0.4818,0.2297,-0.1635,-0.3656,0.0,0.0146,0.0,0.1237,-0.0085,-0.05755901709198952,0.0961768850684166,0.1153968870639801,-0.2372131645679474,0.9628222584724426,-0.670233428478241,0.0,0.0
3.6826768170000004,-0.1384,0.0864,0.8092,-0.6915,1.4264,-1.4587,1.3204,-0.4818,0.2297,-0.1635,-0.3656,0.0,0.0146,0.0,0.1237,-0.0085,-0.05755901709198952,0.0961768850684166,0.1153968870639801,-0.2372131645679474,0.9628222584724426,-0.670233428478241,0.0,0.0
3.692617079,-0.1372,0.0855,0.8073,-0.6915,1.4266,-1.4587,1.321,-0.4818,0.246,-0.1686,-0.3784,0.0,0.0296,0.0,0.1325,-0.0085,-0.06278901547193527,0.09938688576221466,0.12237688153982162,-0.2372131645679474,0.9607222080230713,-0.670233428478241,0.0,0.0
3.7026017220000003,-0.1345,0.0838,0.8034,-0.6915,1.4271,-1.4587,1.3225,-0.4819,0.2772,-0.1773,-0.3971,-0.0005,0.0657,0.0,0.1495,-0.008,-0.07258163392543793,0.10788767784833908,0.14752008020877838,-0.24880501627922058,0.9578141570091248,-0.6723259091377258,0.0,0.0
3.7126447650000003,-0.133,0.0829,0.8014,-0.6915,1.4276,-1.4587,1.3233,-0.482,0.2919,-0.1811,-0.4037,-0.0011,0.0862,0.0,0.1577,-0.0074,-0.07766185700893402,0.11397289484739304,0.16453447937965393,-0.26086968183517456,0.9554375410079956,-0.6739380955696106,0.0,0.0
3.722618379,-0.133,0.0829,0.8014,-0.6915,1.4276,-1.4587,1.3233,-0.482,0.2919,-0.1811,-0.4037,-0.0011,0.0862,0.0,0.1577,-0.0074,-0.07766185700893402,0.11397289484739304,0.16453447937965393,-0.26086968183517456,0.9554375410079956,-0.6739380955696106,0.0,0.0
3.7326076090000004,-0.1315,0.0819,0.7993,-0.6916,1.4281,-1.4587,1.3241,-0.482,0.306,-0.1843,-0.4096,-0.0015,0.1064,0.0,0.1657,-0.007,-0.08357185870409012,0.11729289591312408,0.1714244782924652,-0.26052966713905334,0.9519175291061401,-0.6739380955696106,0.0,0.0
3.7426336580000004,-0.1282,0.0801,0.7952,-0.6917,1.4295,-1.4587,1.3259,-0.482,0.3322,-0.189,-0.4108,-0.0138,0.149,0.0,0.1806,-0.0041,-0.09535961598157883,0.12714336812496185,0.1932409703731537,-0.2722596228122711,0.9430423378944397,-0.675933301448822,0.0,0.0
3.7526669010000004,-0.1282,0.0801,0.7952,-0.6917,1.4295,-1.4587,1.3259,-0.482,0.3322,-0.189,-0.4108,-0.0138,0.149,0.0,0.1806,-0.0041,-0.09535961598157883,0.12714336812496185,0.1932409703731537,-0.2722596228122711,0.9430423378944397,-0.675933301448822,0.0,0.0
3.762755432,-0.1265,0.0791,0.7932,-0.6918,1.4303,-1.4587,1.3268,-0.482,0.3443,-0.1905,-0.4106,-0.0191,0.1709,0.0,0.1875,-0.0025,-0.10101202875375748,0.13360007107257843,0.2079760581254959,-0.2836991250514984,0.9373368620872498,-0.6768777966499329,0.0,0.0
3.772575449,-0.1247,0.0781,0.7911,-0.6919,1.4313,-1.4587,1.3278,-0.482,0.3557,-0.1915,-0.41,-0.0243,0.1921,0.0,0.194,-0.0008,-0.10755202919244766,0.1367000788450241,0.21421605348587036,-0.282879114151001,0.9322168827056885,-0.6768777966499329,0.0,0.0
3.7826676040000002,-0.1229,0.0772,0.7891,-0.692,1.4324,-1.4587,1.3288,-0.482,0.3663,-0.1918,-0.4079,-0.0304,0.2132,0.0,0.2,0.0011,-0.1135048195719719,0.14239650964736938,0.2276575118303299,-0.2941581606864929,0.9245509505271912,-0.6779832243919373,0.0,0.0
3.792679714,-0.1229,0.0772,0.7891,-0.692,1.4324,-1.4587,1.3288,-0.482,0.3663,-0.1918,-0.4079,-0.0304,0.2132,0.0,0.2,0.0011,-0.1135048195719719,0.14239650964736938,0.2276575118303299,-0.2941581606864929,0.9245509505271912,-0.6779832243919373,0.0,0.0
3.8026008420000004,-0.1191,0.0753,0.785,-0.6924,1.4348,-1.4587,1.3309,-0.482,0.3852,-0.1908,-0.4018,-0.0435,0.2534,0.0,0.2108,0.0053,-0.12633436918258667,0.1502029001712799,0.24614296853542328,-0.3030223250389099,0.910085141658783,-0.6789169907569885,0.0,0.0
3.8130199470000004,-0.1151,0.0734,0.7811,-0.693,1.4376,-1.4587,1.3331,-0.4819,0.4009,-0.1876,-0.3929,-0.0582,0.2901,0.0,0.2197,0.0099,-0.1395462155342102,0.1568678468465805,0.26264265179634094,-0.3100148141384125,0.8938237428665161,-0.6796751618385315,0.0,0.0
3.822666856,-0.1151,0.0734,0.7811,-0.693,1.4376,-1.4587,1.3331,-0.4819,0.4009,-0.1876,-0.3929,-0.0582,0.2901,0.0,0.2197,0.0099,-0.1395462155342102,0.1568678468465805,0.26264265179634094,-0.3100148141384125,0.8938237428665161,-0.6796751618385315,0.0,0.0
3.832634075,-0.1151,0.0734,0.7811,-0.693,1.4376,-1.4587,1.3331,-0.4819,0.4009,-0.1876,-0.3929,-0.0582,0.2901,0.0,0.2197,0.0099,-0.1395462155342102,0.1568678468465805,0.26264265179634094,-0.3100148141384125,0.8938237428665161,-0.6796751618385315,0.0,0.0
3.842587491,-0.111,0.0715,0.7772,-0.6937,1.4408,-1.4587,1.3353,-0.4818,0.4132,-0.1825,-0.3822,-0.0741,0.3221,0.0,0.2265,0.015,-0.15280567109584808,0.16241471469402313,0.27817127108573914,-0.3154929578304291,0.8760330080986023,-0.6803403496742249,0.0,0.0
3.8526245250000004,-0.1089,0.0706,0.7753,-0.6941,1.4425,-1.4587,1.3364,-0.4817,0.4181,-0.1793,-0.3764,-0.0822,0.3362,0.0,0.2291,0.0176,-0.15959566831588745,0.16479472815990448,0.2832912504673004,-0.31348296999931335,0.8695230484008789,-0.6803403496742249,0.0,0.0
3.862677414,-0.1089,0.0706,0.7753,-0.6941,1.4425,-1.4587,1.3364,-0.4817,0.4181,-0.1793,-0.3764,-0.0822,0.3362,0.0,0.2291,0.0176,-0.15959566831588745,0.16479472815990448,0.2832912504673004,-0.31348296999931335,0.8695230484008789,-0.6803403496742249,0.0,0.0
3.8726218360000004,-0.1068,0.0698,0.7735,-0.6945,1.4442,-1.4587,1.3376,-0.4816,0.4221,-0.1756,-0.3703,-0.091,0.3485,0.0,0.2311,0.0203,-0.16635699570178986,0.16590939462184906,0.29214534163475037,-0.31933891773223877,0.8576287031173706,-0.6808814406394958,0.0,0.0
3.882560338,-0.1026,0.0681,0.7699,-0.6956,1.4478,-1.4587,1.3399,-0.4813,0.4274,-0.1672,-0.3577,-0.1085,0.3684,0.0,0.2334,0.0259,-0.17964757978916168,0.16811174154281616,0.30511802434921265,-0.3207312226295471,0.8386170268058777,-0.6813070178031921,0.0,0.0
3.892667121,-0.1026,0.0681,0.7699,-0.6956,1.4478,-1.4587,1.3399,-0.4813,0.4274,-0.1672,-0.3577,-0.1085,0.3684,0.0,0.2334,0.0259,-0.17964757978916168,0.16811174154281616,0.30511802434921265,-0.3207312226295471,0.8386170268058777,-0.6813070178031921,0.0,0.0
3.9026567040000004,-0.1026,0.0681,0.7699,-0.6956,1.4478,-1.4587,1.3399,-0.4813,0.4274,-0.1672,-0.3577,-0.1085,0.3684,0.0,0.2334,0.0259,-0.17964757978916168,0.16811174154281616,0.30511802434921265,-0.3207312226295471,0.8386170268058777,-0.6813070178031921,0.0,0.0
3.912587305,-0.0983,0.0665,0.7664,-0.6968,1.4516,-1.4587,1.3423,-0.481,0.4292,-0.1576,-0.3449,-0.1264,0.3814,0.0,0.2336,0.0316,-0.19317500293254852,0.1686159372329712,0.3172096014022827,-0.3205752670764923,0.8192422986030579,-0.6816728711128235,0.0,0.0
3.922555258,-0.094,0.065,0.763,-0.6982,1.4555,-1.4587,1.3446,-0.4807,0.4273,-0.1471,-0.3322,-0.1442,0.3873,0.0,0.2314,0.0372,-0.20660638809204102,0.16748164594173431,0.3286251127719879,-0.31855762004852295,0.7998623251914978,-0.6819003224372864,0.0,0.0
3.932644841,-0.094,0.065,0.763,-0.6982,1.4555,-1.4587,1.3446,-0.4807,0.4273,-0.1471,-0.3322,-0.1442,0.3873,0.0,0.2314,0.0372,-0.20660638809204102,0.16748164594173431,0.3286251127719879,-0.31855762004852295,0.7998623251914978,-0.6819003224372864,0.0,0.0
3.9426758490000005,-0.094,0.065,0.763,-0.6982,1.4555,-1.4587,1.3446,-0.4807,0.4273,-0.1471,-0.3322,-0.1442,0.3873,0.0,0.2314,0.0372,-0.20660638809204102,0.16748164594173431,0.3286251127719879,-0.31855762004852295,0.7998623251914978,-0.6819003224372864,0.0,0.0
3.9526267550000003,-0.0898,0.0636,0.7598,-0.6998,1.4594,-1.4587,1.3469,-0.4803,0.4217,-0.1361,-0.3196,-0.1616,0.3861,0.0,0.2271,0.0428,-0.2196255773305893,0.1649455428123474,0.3390926420688629,-0.3147318363189697,0.7808472514152527,-0.6819300055503845,0.0,0.0
3.9626314450000004,-0.0877,0.0629,0.7582,-0.7006,1.4613,-1.4587,1.348,-0.48,0.4176,-0.1304,-0.3132,-0.17,0.3832,0.0,0.2242,0.0454,-0.22551557421684265,0.16647553443908691,0.34325265884399414,-0.31149181723594666,0.7754372358322144,-0.6819300055503845,0.0,0.0
3.9726569200000004,-0.0877,0.0629,0.7582,-0.7006,1.4613,-1.4587,1.348,-0.48,0.4176,-0.1304,-0.3132,-0.17,0.3832,0.0,0.2242,0.0454,-0.22551557421684265,0.16647553443908691,0.34325265884399414,-0.31149181723594666,0.7754372358322144,-0.6819300055503845,0.0,0.0
3.9825876370000004,-0.0856,0.0623,0.7567,-0.7015,1.4632,-1.4587,1.3491,-0.4798,0.4125,-0.1249,-0.3072,-0.1782,0.3779,0.0,0.2207,0.048,-0.2326061725616455,0.1610035002231598,0.34906506538391113,-0.30971723794937134,0.7626444101333618,-0.6818134188652039,0.0,0.0
3.9926181850000004,-0.0816,0.0611,0.7537,-0.7034,1.4668,-1.4587,1.3512,-0.4793,0.3998,-0.1138,-0.2949,-0.1937,0.3631,0.0,0.2122,0.053,-0.24479350447654724,0.15589694678783417,0.35875141620635986,-0.30318212509155273,0.745549201965332,-0.6814926266670227,0.0,0.0
4.002639008,-0.0816,0.0611,0.7537,-0.7034,1.4668,-1.4587,1.3512,-0.4793,0.3998,-0.1138,-0.2949,-0.1937,0.3631,0.0,0.2122,0.053,-0.24479350447654724,0.15589694678783417,0.35875141620635986,-0.30318212509155273,0.745549201965332,-0.6814926266670227,0.0,0.0
4.013256977,-0.0796,0.0606,0.7523,-0.7044,1.4686,-1.4587,1.3523,-0.479,0.3921,-0.1082,-0.2887,-0.2009,0.3537,0.0,0.2072,0.0552,-0.2500235140323639,0.15683694183826447,0.36233142018318176,-0.29946213960647583,0.7410892248153687,-0.6814926266670227,0.0,0.0
4.0226167,-0.0777,0.0601,0.7509,-0.7054,1.4703,-1.4587,1.3533,-0.4787,0.3835,-0.103,-0.2827,-0.2079,0.3421,0.0,0.2017,0.0574,-0.2566772997379303,0.14929047226905823,0.36768361926078796,-0.2955908179283142,0.7293142676353455,-0.6809300780296326,0.0,0.0
4.032607409000001,-0.074,0.0591,0.7481,-0.7076,1.4735,-1.4587,1.3552,-0.4781,0.3638,-0.0929,-0.2703,-0.2203,0.3157,0.0,0.1895,0.0614,-0.26761260628700256,0.14214804768562317,0.37674960494041443,-0.28674501180648804,0.7144213914871216,-0.6801429390907288,0.0,0.0
4.042636961,-0.074,0.0591,0.7481,-0.7076,1.4735,-1.4587,1.3552,-0.4781,0.3638,-0.0929,-0.2703,-0.2203,0.3157,0.0,0.1895,0.0614,-0.26761260628700256,0.14214804768562317,0.37674960494041443,-0.28674501180648804,0.7144213914871216,-0.6801429390907288,0.0,0.0
4.053309228,-0.0723,0.0587,0.7468,-0.7087,1.4751,-1.4587,1.3561,-0.4778,0.3527,-0.088,-0.2639,-0.2259,0.3011,0.0,0.1828,0.0632,-0.2716026306152344,0.14285804331302643,0.38000959157943726,-0.28288501501083374,0.7110813856124878,-0.6801429390907288,0.0,0.0
4.062617048,-0.0706,0.0583,0.7455,-0.7099,1.4765,-1.4587,1.357,-0.4775,0.3409,-0.0837,-0.2576,-0.2309,0.2845,0.0,0.1756,0.0648,-0.27742844820022583,0.13399752974510193,0.3851962983608246,-0.27698808908462524,0.7006396055221558,-0.6790568232536316,0.0,0.0
4.0726326770000005,-0.0689,0.0579,0.7443,-0.7111,1.4778,-1.4587,1.3578,-0.4771,0.3283,-0.0793,-0.2509,-0.2355,0.2677,0.0,0.1682,0.0662,-0.281268447637558,0.13475753366947174,0.38812628388404846,-0.2729280889034271,0.6984196305274963,-0.6790568232536316,0.0,0.0
4.082640546,-0.0689,0.0579,0.7443,-0.7111,1.4778,-1.4587,1.3578,-0.4771,0.3283,-0.0793,-0.2509,-0.2355,0.2677,0.0,0.1682,0.0662,-0.281268447637558,0.13475753366947174,0.38812628388404846,-0.2729280889034271,0.6984196305274963,-0.6790568232536316,0.0,0.0
4.092533562,-0.0658,0.0571,0.7419,-0.7135,1.4802,-1.4587,1.3594,-0.4765,0.301,-0.0718,-0.2371,-0.2429,0.2306,0.0,0.1522,0.0686,-0.2897147238254547,0.12636202573776245,0.39585334062576294,-0.2626327574253082,0.6870743036270142,-0.6777586340904236,0.0,0.0
4.102606584,-0.0644,0.0568,0.7407,-0.7147,1.4813,-1.4587,1.3601,-0.4761,0.2863,-0.0687,-0.23,-0.2457,0.2105,0.0,0.1436,0.0695,-0.29413288831710815,0.11684392392635345,0.4007124602794647,-0.2558436393737793,0.6781542897224426,-0.6762097477912903,0.0,0.0
4.1126429390000006,-0.0644,0.0568,0.7407,-0.7147,1.4813,-1.4587,1.3601,-0.4761,0.2863,-0.0687,-0.23,-0.2457,0.2105,0.0,0.1436,0.0695,-0.29413288831710815,0.11684392392635345,0.4007124602794647,-0.2558436393737793,0.6781542897224426,-0.6762097477912903,0.0,0.0
4.1226160080000005,-0.0631,0.0565,0.7396,-0.7159,1.4822,-1.4587,1.3608,-0.4758,0.2711,-0.0655,-0.2224,-0.248,0.1906,0.0,0.1349,0.0702,-0.2965129017829895,0.11742392182350159,0.4032524526119232,-0.252013623714447,0.677444338798523,-0.6762097477912903,0.0,0.0
4.132556771,-0.0606,0.0558,0.7375,-0.7184,1.4838,-1.4587,1.362,-0.4751,0.2389,-0.0606,-0.2065,-0.2506,0.1484,0.0,0.1166,0.0711,-0.3022167384624481,0.10880713164806366,0.4099801778793335,-0.24071794748306274,0.6694474816322327,-0.67445307970047,0.0,0.0
4.142634915,-0.0595,0.0556,0.7365,-0.7197,1.4844,-1.4587,1.3625,-0.4747,0.2221,-0.059,-0.1983,-0.251,0.1263,0.0,0.107,0.0712,-0.30485785007476807,0.09917373955249786,0.4141097962856293,-0.23278288543224335,0.662769615650177,-0.6725605130195618,0.0,0.0
4.152642171,-0.0595,0.0556,0.7365,-0.7197,1.4844,-1.4587,1.3625,-0.4747,0.2221,-0.059,-0.1983,-0.251,0.1263,0.0,0.107,0.0712,-0.30485785007476807,0.09917373955249786,0.4141097962856293,-0.23278288543224335,0.662769615650177,-0.6725605130195618,0.0,0.0
4.162617509,-0.0585,0.0553,0.7355,-0.721,1.485,-1.4587,1.363,-0.4743,0.205,-0.0572,-0.1893,-0.2508,0.1048,0.0,0.0974,0.0712,-0.30614787340164185,0.0998937338590622,0.41620978713035583,-0.2289028912782669,0.6631196141242981,-0.6725605130195618,0.0,0.0
4.172558422,-0.0567,0.0547,0.7338,-0.7234,1.4857,-1.4587,1.3639,-0.4736,0.1695,-0.0552,-0.1707,-0.2484,0.0606,0.0,0.0775,0.0704,-0.30859291553497314,0.09172745794057846,0.42132431268692017,-0.21753083169460297,0.6586450934410095,-0.6705520749092102,0.0,0.0
4.182693513,-0.0567,0.0547,0.7338,-0.7234,1.4857,-1.4587,1.3639,-0.4736,0.1695,-0.0552,-0.1707,-0.2484,0.0606,0.0,0.0775,0.0704,-0.30859291553497314,0.09172745794057846,0.42132431268692017,-0.21753083169460297,0.6586450934410095,-0.6705520749092102,0.0,0.0
4.192766922000001,-0.0567,0.0547,0.7338,-0.7234,1.4857,-1.4587,1.3639,-0.4736,0.1695,-0.0552,-0.1707,-0.2484,0.0606,0.0,0.0775,0.0704,-0.30859291553497314,0.09172745794057846,0.42132431268692017,-0.21753083169460297,0.6586450934410095,-0.6705520749092102,0.0,0.0
4.202624267,-0.0552,0.0542,0.7322,-0.7259,1.486,-1.4587,1.3645,-0.4729,0.1331,-0.0545,-0.1505,-0.2434,0.0164,0.0,0.0572,0.0689,-0.30947402119636536,0.08390893042087555,0.4257400929927826,-0.20561201870441437,0.6557799577713013,-0.6684195399284363,0.0,0.0
4.212654155,-0.0547,0.0539,0.7315,-0.7271,1.486,-1.4587,1.3647,-0.4726,0.1148,-0.0549,-0.1371,-0.2398,0.0,0.0,0.0477,0.0678,-0.30870604515075684,0.07664452493190765,0.4277002811431885,-0.19719767570495605,0.6513860821723938,-0.6662762761116028,0.0,0.0
4.22263137,-0.0547,0.0539,0.7315,-0.7271,1.486,-1.4587,1.3647,-0.4726,0.1148,-0.0549,-0.1371,-0.2398,0.0,0.0,0.0477,0.0678,-0.30870604515075684,0.07664452493190765,0.4277002811431885,-0.19719767570495605,0.6513860821723938,-0.6662762761116028,0.0,0.0
4.232587608,-0.0542,0.0536,0.731,-0.7283,1.486,-1.4587,1.3649,-0.4723,0.0967,-0.0552,-0.1155,-0.2358,0.0,0.0,0.0409,0.0665,-0.30839604139328003,0.07757452130317688,0.4270402789115906,-0.19399768114089966,0.6513860821723938,-0.6662762761116028,0.0,0.0
4.242616942000001,-0.0535,0.053,0.7301,-0.7306,1.486,-1.4587,1.3652,-0.4716,0.0606,-0.057,-0.0718,-0.2257,0.0,0.0,0.0271,0.0633,-0.3066261112689972,0.07620193809270859,0.42361217737197876,-0.18371279537677765,0.6445181965827942,-0.6639760136604309,0.0,0.0
4.252645739,-0.0533,0.0528,0.7299,-0.7316,1.486,-1.4587,1.3653,-0.4713,0.0426,-0.0585,-0.0498,-0.2196,0.0,0.0,0.0201,0.0614,-0.305694580078125,0.07602202147245407,0.41891512274742126,-0.176439568400383,0.6375880837440491,-0.6609376072883606,0.0,0.0
4.262635419,-0.0533,0.0528,0.7299,-0.7316,1.486,-1.4587,1.3653,-0.4713,0.0426,-0.0585,-0.0498,-0.2196,0.0,0.0,0.0201,0.0614,-0.305694580078125,0.07602202147245407,0.41891512274742126,-0.176439568400383,0.6375880837440491,-0.6609376072883606,0.0,0.0
4.272617075,-0.0532,0.0525,0.7297,-0.7327,1.486,-1.4587,1.3654,-0.471,0.0247,-0.0598,-0.0278,-0.213,0.0,0.0,0.0132,0.0593,-0.3042045831680298,0.07705201953649521,0.41731512546539307,-0.1737995594739914,0.6375880837440491,-0.6609376072883606,0.0,0.0
4.282607458,-0.0531,0.0518,0.7298,-0.7347,1.486,-1.4587,1.3654,-0.4705,0.0001,-0.0624,0.0017,-0.194,0.0,0.0,0.0024,0.0546,-0.30230990052223206,0.07988931983709335,0.4100108742713928,-0.1640554815530777,0.6309712529182434,-0.657473623752594,0.0,0.0
4.292633704,-0.0531,0.0518,0.7298,-0.7347,1.486,-1.4587,1.3654,-0.4705,0.0001,-0.0624,0.0017,-0.194,0.0,0.0,0.0024,0.0546,-0.30230990052223206,0.07988931983709335,0.4100108742713928,-0.1640554815530777,0.6309712529182434,-0.657473623752594,0.0,0.0
4.302587138000001,-0.0532,0.0515,0.7299,-0.7357,1.486,-1.4587,1.3654,-0.4702,-0.0087,-0.0639,0.0212,-0.1898,0.0,0.0,-0.0024,0.052,-0.3016871213912964,0.08245337754487991,0.40365710854530334,-0.15601396560668945,0.6250857710838318,-0.6541019082069397,0.0,0.0
4.313022311,-0.0534,0.0509,0.7303,-0.7375,1.486,-1.4587,1.3653,-0.4697,-0.0254,-0.0659,0.0494,-0.1717,0.0,0.0,-0.0113,0.0463,-0.29993095993995667,0.08605282753705978,0.39523059129714966,-0.14657817780971527,0.6199402213096619,-0.6508017182350159,0.0,0.0
4.322702527000001,-0.0534,0.0509,0.7303,-0.7375,1.486,-1.4587,1.3653,-0.4697,-0.0254,-0.0659,0.0494,-0.1717,0.0,0.0,-0.0113,0.0463,-0.29993095993995667,0.08605282753705978,0.39523059129714966,-0.14657817780971527,0.6199402213096619,-0.6508017182350159,0.0,0.0
4.332654998000001,-0.0534,0.0509,0.7303,-0.7375,1.486,-1.4587,1.3653,-0.4697,-0.0254,-0.0659,0.0494,-0.1717,0.0,0.0,-0.0113,0.0463,-0.29993095993995667,0.08605282753705978,0.39523059129714966,-0.14657817780971527,0.6199402213096619,-0.6508017182350159,0.0,0.0
4.3426069720000005,-0.0538,0.0502,0.731,-0.739,1.486,-1.4587,1.3652,-0.4693,-0.0416,-0.0672,0.076,-0.1516,0.0,0.0,-0.0197,0.04,-0.2973636984825134,0.09020699560642242,0.3855877220630646,-0.13809040188789368,0.6155056357383728,-0.64775151014328,0.0,0.0
4.352633491000001,-0.054,0.0498,0.7314,-0.7397,1.486,-1.4587,1.365,-0.4691,-0.0494,-0.0675,0.0888,-0.141,0.0,0.0,-0.0238,0.0366,-0.2959837019443512,0.09143699705600739,0.3831077218055725,-0.13705040514469147,0.6155056357383728,-0.64775151014328,0.0,0.0
4.362636438,-0.0543,0.0495,0.7319,-0.7404,1.486,-1.4587,1.3649,-0.469,-0.0571,-0.0675,0.1009,-0.1297,0.0,0.0,-0.0276,0.033,-0.2943699061870575,0.09422475844621658,0.3750171959400177,-0.1296720653772354,0.6116318106651306,-0.6448808312416077,0.0,0.0
4.372660727,-0.0543,0.0495,0.7319,-0.7404,1.486,-1.4587,1.3649,-0.469,-0.0571,-0.0675,0.1009,-0.1297,0.0,0.0,-0.0276,0.033,-0.2943699061870575,0.09422475844621658,0.3750171959400177,-0.1296720653772354,0.6116318106651306,-0.6448808312416077,0.0,0.0
4.382588134000001,-0.055,0.0488,0.7331,-0.7415,1.486,-1.4587,1.3646,-0.4687,-0.0719,-0.0669,0.1239,-0.106,0.0,0.0,-0.0349,0.0255,-0.2906506359577179,0.09827623516321182,0.3631950616836548,-0.12208482623100281,0.6084417700767517,-0.6422297358512878,0.0,0.0
4.392629736,-0.0554,0.0485,0.7338,-0.742,1.486,-1.4587,1.3644,-0.4686,-0.079,-0.0663,0.1347,-0.0937,0.0,0.0,-0.0384,0.0217,-0.2887406349182129,0.0991162359714508,0.36001506447792053,-0.12181482464075089,0.6084417700767517,-0.6422297358512878,0.0,0.0
4.402641947,-0.0554,0.0485,0.7338,-0.742,1.486,-1.4587,1.3644,-0.4686,-0.079,-0.0663,0.1347,-0.0937,0.0,0.0,-0.0384,0.0217,-0.2887406349182129,0.0991162359714508,0.36001506447792053,-0.12181482464075089,0.6084417700767517,-0.6422297358512878,0.0,0.0
4.412615366000001,-0.0558,0.0482,0.7345,-0.7424,1.486,-1.4587,1.3642,-0.4685,-0.0859,-0.0653,0.1446,-0.0808,0.0,0.0,-0.0415,0.0176,-0.2866607904434204,0.10174693167209625,0.35051852464675903,-0.11491034179925919,0.6059151291847229,-0.6397860646247864,0.0,0.0
4.422543941000001,-0.0568,0.0475,0.7361,-0.743,1.486,-1.4587,1.3637,-0.4684,-0.0989,-0.0629,0.163,-0.0542,0.0,0.0,-0.0474,0.0092,-0.2818754315376282,0.1056767925620079,0.33713528513908386,-0.10869359970092773,0.6040937304496765,-0.6376428008079529,0.0,0.0
4.432668861000001,-0.0568,0.0475,0.7361,-0.743,1.486,-1.4587,1.3637,-0.4684,-0.0989,-0.0629,0.163,-0.0542,0.0,0.0,-0.0474,0.0092,-0.2818754315376282,0.1056767925620079,0.33713528513908386,-0.10869359970092773,0.6040937304496765,-0.6376428008079529,0.0,0.0
4.4426424870000005,-0.0568,0.0475,0.7361,-0.743,1.486,-1.4587,1.3637,-0.4684,-0.0989,-0.0629,0.163,-0.0542,0.0,0.0,-0.0474,0.0092,-0.2818754315376282,0.1056767925620079,0.33713528513908386,-0.10869359970092773,0.6040937304496765,-0.6376428008079529,0.0,0.0
4.452595006,-0.0579,0.0469,0.7379,-0.7433,1.486,-1.4587,1.3632,-0.4683,-0.1107,-0.0596,0.1787,-0.0265,0.0,0.0,-0.0524,0.0004,-0.2768395245075226,0.10913632065057755,0.32309550046920776,-0.10343804210424423,0.6030684113502502,-0.6357977986335754,0.0,0.0
4.462614928000001,-0.0591,0.0464,0.7398,-0.7434,1.486,-1.4587,1.3626,-0.4684,-0.1214,-0.0555,0.1917,0.0,0.0,0.0,-0.0565,-0.008,-0.2715454399585724,0.1120927631855011,0.3088621199131012,-0.09869860857725143,0.6026982665061951,-0.6342939734458923,0.0,0.0
4.47264406,-0.0591,0.0464,0.7398,-0.7434,1.486,-1.4587,1.3626,-0.4684,-0.1214,-0.0555,0.1917,0.0,0.0,0.0,-0.0565,-0.008,-0.2715454399585724,0.1120927631855011,0.3088621199131012,-0.09869860857725143,0.6026982665061951,-0.6342939734458923,0.0,0.0
4.482616024,-0.0591,0.0464,0.7398,-0.7434,1.486,-1.4587,1.3626,-0.4684,-0.1214,-0.0555,0.1917,0.0,0.0,0.0,-0.0565,-0.008,-0.2715454399585724,0.1120927631855011,0.3088621199131012,-0.09869860857725143,0.6026982665061951,-0.6342939734458923,0.0,0.0
4.492632125,-0.0603,0.0458,0.7418,-0.7433,1.486,-1.4587,1.3621,-0.4685,-0.1307,-0.0508,0.2018,0.014,0.0,0.0,-0.0597,-0.0124,-0.2662225067615509,0.1159636378288269,0.2946148216724396,-0.09457821398973465,0.6026013493537903,-0.6335336565971375,0.0,0.0
4.5026378220000005,-0.061,0.0456,0.7428,-0.7432,1.486,-1.4587,1.3618,-0.4686,-0.1349,-0.0482,0.2059,0.0222,0.0,0.0,-0.0611,-0.015,-0.26370251178741455,0.11630363762378693,0.2912048101425171,-0.09569821506738663,0.6026013493537903,-0.6335336565971375,0.0,0.0
4.512629789,-0.061,0.0456,0.7428,-0.7432,1.486,-1.4587,1.3618,-0.4686,-0.1349,-0.0482,0.2059,0.0222,0.0,0.0,-0.0611,-0.015,-0.26370251178741455,0.11630363762378693,0.2912048101425171,-0.09569821506738663,0.6026013493537903,-0.6335336565971375,0.0,0.0
4.522621896,-0.0617,0.0454,0.7438,-0.743,1.486,-1.4587,1.3614,-0.4687,-0.1387,-0.0454,0.209,0.0308,0.0,0.0,-0.0621,-0.0177,-0.26031962037086487,0.1190190315246582,0.28109291195869446,-0.09144940227270126,0.6031606793403625,-0.6328516602516174,0.0,0.0
4.5325947300000005,-0.0632,0.0449,0.746,-0.7426,1.486,-1.4587,1.3608,-0.4689,-0.1452,-0.0393,0.2132,0.0482,0.0,0.0,-0.0634,-0.0232,-0.2539372742176056,0.12228674441576004,0.2672683298587799,-0.08871974796056747,0.6042410731315613,-0.6323899626731873,0.0,0.0
4.542639907,-0.0632,0.0449,0.746,-0.7426,1.486,-1.4587,1.3608,-0.4689,-0.1452,-0.0393,0.2132,0.0482,0.0,0.0,-0.0634,-0.0232,-0.2539372742176056,0.12228674441576004,0.2672683298587799,-0.08871974796056747,0.6042410731315613,-0.6323899626731873,0.0,0.0
4.5525804270000005,-0.0639,0.0448,0.747,-0.7423,1.486,-1.4587,1.3605,-0.469,-0.1479,-0.036,0.2144,0.0569,0.0,0.0,-0.0638,-0.026,-0.2515672743320465,0.12225674092769623,0.2641483247280121,-0.09048974514007568,0.6042410731315613,-0.6323899626731873,0.0,0.0
4.5630187410000005,-0.0654,0.0445,0.7492,-0.7416,1.486,-1.4587,1.3599,-0.4693,-0.1522,-0.029,0.2143,0.0746,0.0,0.0,-0.0638,-0.0316,-0.24552296102046967,0.12424933165311813,0.25093021988868713,-0.08884906023740768,0.6058915257453918,-0.6322022080421448,0.0,0.0
4.572602694,-0.0662,0.0443,0.7502,-0.7412,1.486,-1.4587,1.3595,-0.4695,-0.1538,-0.0252,0.2131,0.0837,0.0,0.0,-0.0634,-0.0345,-0.24156887829303741,0.12613719701766968,0.24177135527133942,-0.08560697734355927,0.6081081032752991,-0.6323034167289734,0.0,0.0
4.582646809,-0.0662,0.0443,0.7502,-0.7412,1.486,-1.4587,1.3595,-0.4695,-0.1538,-0.0252,0.2131,0.0837,0.0,0.0,-0.0634,-0.0345,-0.24156887829303741,0.12613719701766968,0.24177135527133942,-0.08560697734355927,0.6081081032752991,-0.6323034167289734,0.0,0.0
4.593123363,-0.067,0.0442,0.7513,-0.7407,1.486,-1.4587,1.3592,-0.4697,-0.155,-0.0214,0.2114,0.0925,0.0,0.0,-0.0629,-0.0373,-0.23904888331890106,0.1260571926832199,0.23864135146141052,-0.08798698335886002,0.6081081032752991,-0.6323034167289734,0.0,0.0
4.6025988920000005,-0.0677,0.0441,0.7523,-0.7402,1.486,-1.4587,1.3589,-0.4699,-0.1557,-0.0174,0.2088,0.1016,0.0,0.0,-0.0621,-0.0401,-0.23551127314567566,0.127205029129982,0.22983652353286743,-0.08535567671060562,0.6108918786048889,-0.6326985955238342,0.0,0.0
4.6127207530000005,-0.0685,0.0441,0.7534,-0.7397,1.486,-1.4587,1.3586,-0.4701,-0.1562,-0.0135,0.2058,0.1103,0.0,0.0,-0.0612,-0.0429,-0.2330612689256668,0.12681502103805542,0.22683651745319366,-0.0877256765961647,0.6108918786048889,-0.6326985955238342,0.0,0.0
4.6226896580000005,-0.0685,0.0441,0.7534,-0.7397,1.486,-1.4587,1.3586,-0.4701,-0.1562,-0.0135,0.2058,0.1103,0.0,0.0,-0.0612,-0.0429,-0.2330612689256668,0.12681502103805542,0.22683651745319366,-0.0877256765961647,0.6108918786048889,-0.6326985955238342,0.0,0.0
4.6326139600000005,-0.0693,0.044,0.7544,-0.7391,1.486,-1.4587,1.3583,-0.4703,-0.1562,-0.0094,0.2019,0.1193,0.0,0.0,-0.06,-0.0457,-0.2291952669620514,0.12767238914966583,0.21846763789653778,-0.08549559861421585,0.6141305565834045,-0.6332740187644958,0.0,0.0
4.6425620080000005,-0.0709,0.044,0.7563,-0.7377,1.486,-1.4587,1.3577,-0.4708,-0.155,0.0,0.1925,0.1366,0.0,0.0,-0.0571,-0.0512,-0.22300978004932404,0.12725360691547394,0.20850612223148346,-0.08695614337921143,0.6179364323616028,-0.6342753767967224,0.0,0.0
4.652653497,-0.0709,0.044,0.7563,-0.7377,1.486,-1.4587,1.3577,-0.4708,-0.155,0.0,0.1925,0.1366,0.0,0.0,-0.0571,-0.0512,-0.22300978004932404,0.12725360691547394,0.20850612223148346,-0.08695614337921143,0.6179364323616028,-0.6342753767967224,0.0,0.0
4.662653086000001,-0.0709,0.044,0.7563,-0.7377,1.486,-1.4587,1.3577,-0.4708,-0.155,0.0,0.1925,0.1366,0.0,0.0,-0.0571,-0.0512,-0.22300978004932404,0.12725360691547394,0.20850612223148346,-0.08695614337921143,0.6179364323616028,-0.6342753767967224,0.0,0.0
4.672614954,-0.0724,0.044,0.7582,-0.7363,1.486,-1.4587,1.3572,-0.4714,-0.1524,0.0,0.1808,0.1534,0.0,0.0,-0.0534,-0.0566,-0.21741223335266113,0.1288285255432129,0.1995542347431183,-0.08936751633882523,0.6220133900642395,-0.6349008679389954,0.0,0.0
4.682597942,-0.0739,0.044,0.7599,-0.7346,1.486,-1.4587,1.3567,-0.472,-0.1483,0.0,0.1669,0.1695,0.0,0.0,-0.049,-0.0617,-0.2120504081249237,0.1308095008134842,0.19233787059783936,-0.09372951090335846,0.6264697909355164,-0.6356940865516663,0.0,0.0
4.692684553,-0.0739,0.044,0.7599,-0.7346,1.486,-1.4587,1.3567,-0.472,-0.1483,0.0,0.1669,0.1695,0.0,0.0,-0.049,-0.0617,-0.2120504081249237,0.1308095008134842,0.19233787059783936,-0.09372951090335846,0.6264697909355164,-0.6356940865516663,0.0,0.0
4.702649083000001,-0.0739,0.044,0.7599,-0.7346,1.486,-1.4587,1.3567,-0.472,-0.1483,0.0,0.1669,0.1695,0.0,0.0,-0.049,-0.0617,-0.2120504081249237,0.1308095008134842,0.19233787059783936,-0.09372951090335846,0.6264697909355164,-0.6356940865516663,0.0,0.0
4.712588521000001,-0.0753,0.044,0.7614,-0.7328,1.486,-1.4587,1.3562,-0.4726,-0.1428,0.0,0.1512,0.1847,0.0,0.0,-0.0441,-0.0665,-0.20715193450450897,0.13276340067386627,0.1867884248495102,-0.09916821122169495,0.6311922669410706,-0.6366843581199646,0.0,0.0
4.722654631,-0.076,0.044,0.7621,-0.7318,1.486,-1.4587,1.356,-0.473,-0.1396,0.0,0.1428,0.1917,0.0,0.0,-0.0414,-0.0688,-0.2053719311952591,0.13276340067386627,0.18552842736244202,-0.1028682142496109,0.6311922669410706,-0.6366843581199646,0.0,0.0
4.7326611110000005,-0.076,0.044,0.7621,-0.7318,1.486,-1.4587,1.356,-0.473,-0.1396,0.0,0.1428,0.1917,0.0,0.0,-0.0414,-0.0688,-0.2053719311952591,0.13276340067386627,0.18552842736244202,-0.1028682142496109,0.6311922669410706,-0.6366843581199646,0.0,0.0
4.742608107000001,-0.0767,0.044,0.7628,-0.7308,1.486,-1.4587,1.3558,-0.4733,-0.136,0.0,0.1338,0.1986,0.0,0.0,-0.0386,-0.0709,-0.20233102142810822,0.13476581871509552,0.18250559270381927,-0.10596884042024612,0.6362194418907166,-0.6378881335258484,0.0,0.0
4.7526045120000004,-0.078,0.044,0.764,-0.7288,1.486,-1.4587,1.3555,-0.4741,-0.128,0.0,0.1152,0.2111,0.0,0.0,-0.0328,-0.0749,-0.1978859305381775,0.13660942018032074,0.1797088086605072,-0.11329162120819092,0.6413667798042297,-0.6392549872398376,0.0,0.0
4.7626278420000006,-0.078,0.044,0.764,-0.7288,1.486,-1.4587,1.3555,-0.4741,-0.128,0.0,0.1152,0.2111,0.0,0.0,-0.0328,-0.0749,-0.1978859305381775,0.13660942018032074,0.1797088086605072,-0.11329162120819092,0.6413667798042297,-0.6392549872398376,0.0,0.0
4.772617527,-0.078,0.044,0.764,-0.7288,1.486,-1.4587,1.3555,-0.4741,-0.128,0.0,0.1152,0.2111,0.0,0.0,-0.0328,-0.0749,-0.1978859305381775,0.13660942018032074,0.1797088086605072,-0.11329162120819092,0.6413667798042297,-0.6392549872398376,0.0,0.0
4.7826520960000005,-0.0792,0.044,0.765,-0.7266,1.486,-1.4587,1.3552,-0.4749,-0.1189,0.0,0.0957,0.2219,0.0,0.0,-0.0266,-0.0784,-0.19387459754943848,0.1383887529373169,0.17839254438877106,-0.12198835611343384,0.6466982960700989,-0.6408621668815613,0.0,0.0
4.792539631,-0.0804,0.044,0.7658,-0.7243,1.486,-1.4587,1.355,-0.4757,-0.1087,0.0,0.0755,0.2309,0.0,0.0,-0.0203,-0.0812,-0.18989913165569305,0.14019043743610382,0.17861783504486084,-0.13164032995700836,0.6521642804145813,-0.642657458782196,0.0,0.0
4.802667422000001,-0.0804,0.044,0.7658,-0.7243,1.486,-1.4587,1.355,-0.4757,-0.1087,0.0,0.0755,0.2309,0.0,0.0,-0.0203,-0.0812,-0.18989913165569305,0.14019043743610382,0.17861783504486084,-0.13164032995700836,0.6521642804145813,-0.642657458782196,0.0,0.0
4.813344887,-0.0809,0.044,0.7662,-0.7231,1.486,-1.4587,1.3549,-0.4761,-0.1033,0.0,0.0652,0.2346,0.0,0.0,-0.017,-0.0824,-0.18893912434577942,0.14019043743610382,0.17844782769680023,-0.13561032712459564,0.6521642804145813,-0.642657458782196,0.0,0.0
4.8226197740000005,-0.0814,0.044,0.7664,-0.7219,1.486,-1.4587,1.3548,-0.4765,-0.0976,0.0,0.0549,0.2378,0.0,0.0,-0.0138,-0.0834,-0.18669269979000092,0.1418382078409195,0.18022394180297852,-0.1423153579235077,0.6577046513557434,-0.6446616053581238,0.0,0.0
4.832686904,-0.0818,0.044,0.7667,-0.7207,1.486,-1.4587,1.3548,-0.4769,-0.0918,0.0,0.0445,0.2404,0.0,0.0,-0.0105,-0.0843,-0.1860726922750473,0.1418382078409195,0.18036393821239471,-0.146175354719162,0.6577046513557434,-0.6446616053581238,0.0,0.0
4.842641725,-0.0818,0.044,0.7667,-0.7207,1.486,-1.4587,1.3548,-0.4769,-0.0918,0.0,0.0445,0.2404,0.0,0.0,-0.0105,-0.0843,-0.1860726922750473,0.1418382078409195,0.18036393821239471,-0.146175354719162,0.6577046513557434,-0.6446616053581238,0.0,0.0
4.85258574,-0.0827,0.044,0.7669,-0.7183,1.486,-1.4587,1.3547,-0.4778,-0.0794,0.0,0.0239,0.2439,0.0,0.0,-0.004,-0.0854,-0.18332058191299438,0.14337897300720215,0.18392178416252136,-0.15726962685585022,0.6631974577903748,-0.646794855594635,0.0,0.0
4.862634838,-0.083,0.044,0.767,-0.7171,1.486,-1.4587,1.3547,-0.4782,-0.0729,0.0,0.0138,0.2447,0.0,0.0,-0.0008,-0.0857,-0.1818881779909134,0.14472754299640656,0.1873762309551239,-0.16525332629680634,0.6685683131217957,-0.6490504145622253,0.0,0.0
4.872666367,-0.083,0.044,0.767,-0.7171,1.486,-1.4587,1.3547,-0.4782,-0.0729,0.0,0.0138,0.2447,0.0,0.0,-0.0008,-0.0857,-0.1818881779909134,0.14472754299640656,0.1873762309551239,-0.16525332629680634,0.6685683131217957,-0.6490504145622253,0.0,0.0
4.882608887,-0.0834,0.044,0.767,-0.7158,1.486,-1.4587,1.3547,-0.4786,-0.0664,0.0,0.0006,0.2462,0.0,0.0,0.003,-0.0858,-0.18133817613124847,0.14472754299640656,0.1886962205171585,-0.16930332779884338,0.6685683131217957,-0.6490504145622253,0.0,0.0
4.8930748490000004,-0.0839,0.044,0.767,-0.7134,1.486,-1.4587,1.3548,-0.4795,-0.0527,0.0,-0.0002,0.2429,0.0,0.0,0.0037,-0.0853,-0.18021491169929504,0.1464528739452362,0.19211968779563904,-0.181454598903656,0.6736183762550354,-0.6514615416526794,0.0,0.0
4.902625420000001,-0.0842,0.044,0.767,-0.7122,1.486,-1.4587,1.3548,-0.4799,-0.0456,0.0,-0.0008,0.2401,0.0,0.0,0.0044,-0.0849,-0.17966608703136444,0.14886899292469025,0.19551922380924225,-0.1910674124956131,0.6778058409690857,-0.6539105772972107,0.0,0.0
4.91267411,-0.0842,0.044,0.767,-0.7122,1.486,-1.4587,1.3548,-0.4799,-0.0456,0.0,-0.0008,0.2401,0.0,0.0,0.0044,-0.0849,-0.17966608703136444,0.14886899292469025,0.19551922380924225,-0.1910674124956131,0.6778058409690857,-0.6539105772972107,0.0,0.0
4.922616651,-0.0843,0.044,0.767,-0.711,1.486,-1.4587,1.3548,-0.4803,-0.0385,0.0001,-0.0104,0.2437,0.0,0.0,0.0054,-0.0841,-0.18007607758045197,0.14885899424552917,0.1964792162179947,-0.1950274109840393,0.6778058409690857,-0.6539105772972107,0.0,0.0
4.932577188000001,-0.0846,0.044,0.7669,-0.7086,1.486,-1.4587,1.3549,-0.4812,-0.0243,0.0,-0.0102,0.2325,0.0,0.0,0.0067,-0.0819,-0.1803928166627884,0.1507432460784912,0.2006394863128662,-0.207351952791214,0.6820709109306335,-0.655892550945282,0.0,0.0
4.942652488,-0.0846,0.044,0.7669,-0.7086,1.486,-1.4587,1.3549,-0.4812,-0.0243,0.0,-0.0102,0.2325,0.0,0.0,0.0067,-0.0819,-0.1803928166627884,0.1507432460784912,0.2006394863128662,-0.207351952791214,0.6820709109306335,-0.655892550945282,0.0,0.0
4.952583199,-0.0846,0.044,0.7669,-0.7086,1.486,-1.4587,1.3549,-0.4812,-0.0243,0.0,-0.0102,0.2325,0.0,0.0,0.0067,-0.0819,-0.1803928166627884,0.1507432460784912,0.2006394863128662,-0.207351952791214,0.6820709109306335,-0.655892550945282,0.0,0.0
4.962660065000001,-0.0848,0.044,0.7668,-0.7064,1.486,-1.4587,1.355,-0.482,-0.01,0.0,-0.0144,0.2228,0.0,0.0,0.008,-0.0789,-0.1813868284225464,0.1533036231994629,0.20515570044517517,-0.22038932144641876,0.6855513453483582,-0.6582754254341125,0.0,0.0
4.972656044000001,-0.0848,0.044,0.7667,-0.7053,1.486,-1.4587,1.355,-0.4823,-0.0001,0.0016,-0.0161,0.2166,0.0,-0.0004,0.0086,-0.0771,-0.18274572491645813,0.1555420607328415,0.209720179438591,-0.23060472309589386,0.6887628436088562,-0.6603772640228271,0.0,0.0
4.982606851,-0.0848,0.044,0.7667,-0.7053,1.486,-1.4587,1.355,-0.4823,-0.0001,0.0016,-0.0161,0.2166,0.0,-0.0004,0.0086,-0.0771,-0.18274572491645813,0.1555420607328415,0.209720179438591,-0.23060472309589386,0.6887628436088562,-0.6603772640228271,0.0,0.0
4.992627878,-0.0848,0.044,0.7666,-0.7043,1.486,-1.4587,1.355,-0.4827,0.0,0.0,-0.0177,0.2104,0.0,0.0,0.0091,-0.075,-0.1827557235956192,0.15570205450057983,0.21018017828464508,-0.232984721660614,0.6887628436088562,-0.6604172587394714,0.0,0.0
5.002596563,-0.0848,0.044,0.7664,-0.7023,1.486,-1.4587,1.3551,-0.4834,0.0,0.0,-0.0204,0.1954,0.0,0.0,0.0099,-0.0703,-0.18273507058620453,0.15786588191986084,0.21485427021980286,-0.24483183026313782,0.6916835904121399,-0.6623770594596863,0.0,0.0
5.012612339,-0.0848,0.044,0.7663,-0.7013,1.486,-1.4587,1.3552,-0.4838,0.0,0.0,-0.0214,0.1868,0.0,0.0,0.0102,-0.0676,-0.18254856765270233,0.15976251661777496,0.21881267428398132,-0.25405409932136536,0.6941927075386047,-0.6643339991569519,0.0,0.0
5.022631562,-0.0848,0.044,0.7663,-0.7013,1.486,-1.4587,1.3552,-0.4838,0.0,0.0,-0.0214,0.1868,0.0,0.0,0.0102,-0.0676,-0.18254856765270233,0.15976251661777496,0.21881267428398132,-0.25405409932136536,0.6941927075386047,-0.6643339991569519,0.0,0.0
5.032610903,-0.0848,0.044,0.7662,-0.7004,1.486,-1.4587,1.3552,-0.4841,0.0,0.0,-0.0222,0.1778,0.0,0.0,0.0105,-0.0647,-0.18254856765270233,0.15976251661777496,0.21919266879558563,-0.2558540999889374,0.6941927075386047,-0.6643339991569519,0.0,0.0
5.042610046,-0.0848,0.044,0.7659,-0.6988,1.486,-1.4587,1.3554,-0.4847,0.0,-0.0001,-0.0232,0.1578,0.0,0.0,0.0108,-0.0584,-0.18227677047252655,0.16163070499897003,0.22372478246688843,-0.26558566093444824,0.6962973475456238,-0.6662870049476624,0.0,0.0
5.052655808,-0.0848,0.044,0.7659,-0.6988,1.486,-1.4587,1.3554,-0.4847,0.0,-0.0001,-0.0232,0.1578,0.0,0.0,0.0108,-0.0584,-0.18227677047252655,0.16163070499897003,0.22372478246688843,-0.26558566093444824,0.6962973475456238,-0.6662870049476624,0.0,0.0
5.062578056,-0.0848,0.044,0.7659,-0.6988,1.486,-1.4587,1.3554,-0.4847,0.0,-0.0001,-0.0232,0.1578,0.0,0.0,0.0108,-0.0584,-0.18227677047252655,0.16163070499897003,0.22372478246688843,-0.26558566093444824,0.6962973475456238,-0.6662870049476624,0.0,0.0
5.072804952,-0.0848,0.044,0.7656,-0.6968,1.486,-1.4587,1.3555,-0.4855,0.0,-0.0001,-0.0231,0.1237,0.0,0.0,0.0107,-0.0477,-0.18172329664230347,0.16556398570537567,0.23112575709819794,-0.2814937233924866,0.6993733048439026,-0.6699240803718567,0.0,0.0
5.082665337,-0.0848,0.044,0.7656,-0.6968,1.486,-1.4587,1.3555,-0.4855,0.0,-0.0001,-0.0231,0.1237,0.0,0.0,0.0107,-0.0477,-0.18172329664230347,0.16556398570537567,0.23112575709819794,-0.2814937233924866,0.6993733048439026,-0.6699240803718567,0.0,0.0
5.092621328,-0.0848,0.044,0.7656,-0.6968,1.486,-1.4587,1.3555,-0.4855,0.0,-0.0001,-0.0231,0.1237,0.0,0.0,0.0107,-0.0477,-0.18172329664230347,0.16556398570537567,0.23112575709819794,-0.2814937233924866,0.6993733048439026,-0.6699240803718567,0.0,0.0
5.102992496000001,-0.0848,0.044,0.7653,-0.6957,1.486,-1.4587,1.3556,-0.4859,0.0,-0.0001,-0.022,0.0989,0.0,0.0,0.0104,-0.0398,-0.18144385516643524,0.16759942471981049,0.23510508239269257,-0.2886900305747986,0.7003471255302429,-0.671654999256134,0.0,0.0
5.112589466,-0.0848,0.044,0.7651,-0.6949,1.486,-1.4587,1.3557,-0.4862,0.0,-0.0001,-0.0203,0.0725,0.0,0.0,0.0098,-0.0315,-0.18116320669651031,0.16964711248874664,0.23848997056484222,-0.2944413721561432,0.7008964419364929,-0.6732342839241028,0.0,0.0
5.122655829,-0.0848,0.044,0.7651,-0.6949,1.486,-1.4587,1.3557,-0.4862,0.0,-0.0001,-0.0203,0.0725,0.0,0.0,0.0098,-0.0315,-0.18116320669651031,0.16964711248874664,0.23848997056484222,-0.2944413721561432,0.7008964419364929,-0.6732342839241028,0.0,0.0
5.132752387,-0.0848,0.044,0.7651,-0.6949,1.486,-1.4587,1.3557,-0.4862,0.0,-0.0001,-0.0203,0.0725,0.0,0.0,0.0098,-0.0315,-0.18116320669651031,0.16964711248874664,0.23848997056484222,-0.2944413721561432,0.7008964419364929,-0.6732342839241028,0.0,0.0
5.1426267150000005,-0.0848,0.044,0.7649,-0.6944,1.486,-1.4587,1.3558,-0.4865,0.0,-0.0001,-0.018,0.0448,0.0,0.0,0.0091,-0.0228,-0.18088528513908386,0.17168110609054565,0.24159690737724304,-0.29869672656059265,0.7009854912757874,-0.6746533513069153,0.0,0.0
5.152639791,-0.0848,0.044,0.7649,-0.6942,1.486,-1.4587,1.3559,-0.4866,0.0,-0.0001,-0.0166,0.0307,0.0,0.0,0.0086,-0.0183,-0.18088528513908386,0.17168110609054565,0.24145689606666565,-0.2978867292404175,0.7009854912757874,-0.6746533513069153,0.0,0.0
5.1626292220000005,-0.0848,0.044,0.7649,-0.6942,1.486,-1.4587,1.3559,-0.4866,0.0,-0.0001,-0.0166,0.0307,0.0,0.0,0.0086,-0.0183,-0.18088528513908386,0.17168110609054565,0.24145689606666565,-0.2978867292404175,0.7009854912757874,-0.6746533513069153,0.0,0.0
5.173299707,-0.0848,0.044,0.7647,-0.6941,1.486,-1.4587,1.3559,-0.4867,0.0,-0.0001,-0.0133,0.0,0.0,0.0,0.0076,-0.0086,-0.18066664040088654,0.17376984655857086,0.24411961436271667,-0.30024993419647217,0.7006747126579285,-0.6759021878242493,0.0,0.0
5.182602363,-0.0848,0.044,0.7647,-0.6942,1.486,-1.4587,1.356,-0.4867,-0.0001,-0.0001,-0.0014,-0.0161,0.0,0.0,0.0062,-0.0059,-0.1807209700345993,0.176375612616539,0.24478015303611755,-0.3032435476779938,0.699337899684906,-0.6770637631416321,0.0,0.0
5.1926393840000005,-0.0848,0.044,0.7647,-0.6942,1.486,-1.4587,1.356,-0.4867,-0.0001,-0.0001,-0.0014,-0.0161,0.0,0.0,0.0062,-0.0059,-0.1807209700345993,0.176375612616539,0.24478015303611755,-0.3032435476779938,0.699337899684906,-0.6770637631416321,0.0,0.0
5.202592315,-0.0848,0.044,0.7646,-0.6943,1.486,-1.4587,1.356,-0.4867,0.0,0.0,-0.0113,-0.0129,0.0,0.0,0.0059,-0.0035,-0.18073096871376038,0.17636561393737793,0.24607016146183014,-0.3032635450363159,0.699337899684906,-0.6770637631416321,0.0,0.0
5.213276887,-0.0848,0.044,0.7646,-0.6945,1.486,-1.4587,1.356,-0.4867,0.0,-0.0001,0.0,-0.0327,0.0,0.0,0.0034,0.0017,-0.18074022233486176,0.1776193082332611,0.24677157402038574,-0.30320143699645996,0.6985418200492859,-0.676975429058075,0.0,0.0
5.2226159700000006,-0.0848,0.044,0.7646,-0.6948,1.486,-1.4587,1.3561,-0.4867,0.0,-0.0001,0.0,-0.041,0.0,0.0,0.0034,0.0043,-0.18066386878490448,0.17851753532886505,0.247930109500885,-0.3033144772052765,0.6975812315940857,-0.6770862936973572,0.0,0.0
5.232656374,-0.0848,0.044,0.7646,-0.6948,1.486,-1.4587,1.3561,-0.4867,0.0,-0.0001,0.0,-0.041,0.0,0.0,0.0034,0.0043,-0.18066386878490448,0.17851753532886505,0.247930109500885,-0.3033144772052765,0.6975812315940857,-0.6770862936973572,0.0,0.0
5.2426006130000005,-0.0848,0.044,0.7646,-0.695,1.486,-1.4587,1.3561,-0.4867,0.0,-0.0001,0.0,-0.0493,0.0,0.0,0.0034,0.007,-0.18066386878490448,0.17851753532886505,0.247930109500885,-0.3018844723701477,0.6975812315940857,-0.6770862936973572,0.0,0.0
5.2527021110000005,-0.0848,0.044,0.7646,-0.6956,1.486,-1.4587,1.3561,-0.4865,0.0,-0.0001,0.0,-0.0657,0.0,0.0,0.0033,0.0121,-0.1805211752653122,0.17935915291309357,0.24876070022583008,-0.29994115233421326,0.6965011954307556,-0.6772590279579163,0.0,0.0
5.2627027900000005,-0.0848,0.044,0.7646,-0.6956,1.486,-1.4587,1.3561,-0.4865,0.0,-0.0001,0.0,-0.0657,0.0,0.0,0.0033,0.0121,-0.1805211752653122,0.17935915291309357,0.24876070022583008,-0.29994115233421326,0.6965011954307556,-0.6772590279579163,0.0,0.0
5.272646373000001,-0.0848,0.044,0.7646,-0.6956,1.486,-1.4587,1.3561,-0.4865,0.0,-0.0001,0.0,-0.0657,0.0,0.0,0.0033,0.0121,-0.1805211752653122,0.17935915291309357,0.24876070022583008,-0.29994115233421326,0.6965011954307556,-0.6772590279579163,0.0,0.0
5.282540982,-0.0848,0.044,0.7646,-0.6964,1.486,-1.4587,1.3561,-0.4864,0.0,-0.0001,0.0,-0.0816,0.0,0.0,0.0033,0.0172,-0.18033704161643982,0.18009108304977417,0.249362051486969,-0.296953409910202,0.6952455639839172,-0.6773355603218079,0.0,0.0
5.292651642,-0.0848,0.044,0.7646,-0.6968,1.486,-1.4587,1.3562,-0.4863,0.0,-0.0001,0.0,-0.0894,0.0,0.0,0.0033,0.0196,-0.1801445037126541,0.18073521554470062,0.24976831674575806,-0.2955988943576813,0.6938547492027283,-0.677333414554596,0.0,0.0
5.302632480000001,-0.0848,0.044,0.7646,-0.6968,1.486,-1.4587,1.3562,-0.4863,0.0,-0.0001,0.0,-0.0894,0.0,0.0,0.0033,0.0196,-0.1801445037126541,0.18073521554470062,0.24976831674575806,-0.2955988943576813,0.6938547492027283,-0.677333414554596,0.0,0.0
5.3125990210000005,-0.0848,0.044,0.7646,-0.6973,1.486,-1.4587,1.3562,-0.4862,0.0,-0.0001,0.0,-0.0969,0.0,0.0,0.0033,0.022,-0.1801445037126541,0.18073521554470062,0.24976831674575806,-0.29334887862205505,0.6938547492027283,-0.677333414554596,0.0,0.0
5.322601634000001,-0.0848,0.044,0.7646,-0.6984,1.486,-1.4587,1.3562,-0.4859,0.0,-0.0001,0.0,-0.1114,0.0,0.0,0.0033,0.0266,-0.1799316704273224,0.1812327355146408,0.24998235702514648,-0.28870993852615356,0.6922715306282043,-0.6771953701972961,0.0,0.0
5.332619259,-0.0848,0.044,0.7646,-0.699,1.486,-1.4587,1.3562,-0.4858,0.0,-0.0001,0.0,-0.1182,0.0,0.0,0.0033,0.0288,-0.1796967089176178,0.18155451118946075,0.2499803900718689,-0.28576841950416565,0.690474808216095,-0.6769039034843445,0.0,0.0
5.342626439,-0.0848,0.044,0.7646,-0.699,1.486,-1.4587,1.3562,-0.4858,0.0,-0.0001,0.0,-0.1182,0.0,0.0,0.0033,0.0288,-0.1796967089176178,0.18155451118946075,0.2499803900718689,-0.28576841950416565,0.690474808216095,-0.6769039034843445,0.0,0.0
5.352620799,-0.0848,0.044,0.7646,-0.6996,1.486,-1.4587,1.3562,-0.4856,0.0,-0.0001,0.0,-0.1248,0.0,0.0,0.0033,0.0309,-0.1796967089176178,0.18155451118946075,0.2499803900718689,-0.2833084166049957,0.690474808216095,-0.6769039034843445,0.0,0.0
5.362598909,-0.0848,0.044,0.7646,-0.701,1.486,-1.4587,1.3563,-0.4853,0.0,-0.0001,0.0,-0.1371,0.0,0.0,0.0033,0.0348,-0.17945946753025055,0.18174105882644653,0.24977493286132812,-0.27697932720184326,0.6885328888893127,-0.6765026450157166,0.0,0.0
5.372642205,-0.0848,0.044,0.7646,-0.701,1.486,-1.4587,1.3563,-0.4853,0.0,-0.0001,0.0,-0.1371,0.0,0.0,0.0033,0.0348,-0.17945946753025055,0.18174105882644653,0.24977493286132812,-0.27697932720184326,0.6885328888893127,-0.6765026450157166,0.0,0.0
5.3825845150000005,-0.0848,0.044,0.7646,-0.7017,1.486,-1.4587,1.3563,-0.4851,0.0,-0.0001,0.0,-0.1427,0.0,0.0,0.0033,0.0366,-0.17922119796276093,0.18178755044937134,0.24938637018203735,-0.272992879152298,0.6864761710166931,-0.6759830117225647,0.0,0.0
5.392907726000001,-0.0848,0.044,0.7646,-0.7032,1.486,-1.4587,1.3563,-0.4847,0.0,-0.0001,0.0,-0.1529,0.0,0.0,0.0032,0.0398,-0.17897957563400269,0.18168194591999054,0.24881970882415771,-0.2657140791416168,0.6843164563179016,-0.6753482222557068,0.0,0.0
5.402675520000001,-0.0848,0.044,0.7646,-0.7032,1.486,-1.4587,1.3563,-0.4847,0.0,-0.0001,0.0,-0.1529,0.0,0.0,0.0032,0.0398,-0.17897957563400269,0.18168194591999054,0.24881970882415771,-0.2657140791416168,0.6843164563179016,-0.6753482222557068,0.0,0.0
5.4126525910000005,-0.0848,0.044,0.7646,-0.7032,1.486,-1.4587,1.3563,-0.4847,0.0,-0.0001,0.0,-0.1529,0.0,0.0,0.0032,0.0398,-0.17897957563400269,0.18168194591999054,0.24881970882415771,-0.2657140791416168,0.6843164563179016,-0.6753482222557068,0.0,0.0
5.42263914,-0.0848,0.044,0.7646,-0.7048,1.486,-1.4587,1.3563,-0.4843,0.0,-0.0001,0.0,-0.1615,0.0,0.0,0.0032,0.0425,-0.178730309009552,0.18140648305416107,0.2480708360671997,-0.25784018635749817,0.6820644736289978,-0.6745911240577698,0.0,0.0
5.43257248,-0.0848,0.044,0.7646,-0.7064,1.486,-1.4587,1.3564,-0.4839,0.0,-0.0001,0.0,-0.1684,0.0,0.0,0.0032,0.0447,-0.17849190533161163,0.18099826574325562,0.2471635341644287,-0.2498205006122589,0.6798010468482971,-0.6737585663795471,0.0,0.0
5.4426770410000005,-0.0848,0.044,0.7646,-0.7064,1.486,-1.4587,1.3564,-0.4839,0.0,-0.0001,0.0,-0.1684,0.0,0.0,0.0032,0.0447,-0.17849190533161163,0.18099826574325562,0.2471635341644287,-0.2498205006122589,0.6798010468482971,-0.6737585663795471,0.0,0.0
5.452655041000001,-0.0848,0.044,0.7646,-0.7064,1.486,-1.4587,1.3564,-0.4839,0.0,-0.0001,0.0,-0.1684,0.0,0.0,0.0032,0.0447,-0.17849190533161163,0.18099826574325562,0.2471635341644287,-0.2498205006122589,0.6798010468482971,-0.6737585663795471,0.0,0.0
5.462657127,-0.0848,0.044,0.7646,-0.7082,1.486,-1.4587,1.3564,-0.4834,0.0,-0.0001,0.0,-0.1736,0.0,0.0,0.0032,0.0464,-0.1782189905643463,0.1803607940673828,0.24606651067733765,-0.24078235030174255,0.677406370639801,-0.672772228717804,0.0,0.0
5.472651144,-0.0848,0.044,0.7646,-0.7091,1.486,-1.4587,1.3564,-0.4832,0.0,-0.0001,0.0,-0.1755,0.0,0.0,0.0032,0.047,-0.1782189905643463,0.1803607940673828,0.24606651067733765,-0.23789234459400177,0.677406370639801,-0.672772228717804,0.0,0.0
5.482666816,-0.0848,0.044,0.7646,-0.7091,1.486,-1.4587,1.3564,-0.4832,0.0,-0.0001,0.0,-0.1755,0.0,0.0,0.0032,0.047,-0.1782189905643463,0.1803607940673828,0.24606651067733765,-0.23789234459400177,0.677406370639801,-0.672772228717804,0.0,0.0
5.492606377,-0.0848,0.044,0.7646,-0.7099,1.486,-1.4587,1.3564,-0.4829,0.0,-0.0001,0.0,-0.1769,0.0,0.0,0.0032,0.0474,-0.17796820402145386,0.1796075403690338,0.24481070041656494,-0.23201103508472443,0.6750699877738953,-0.6717494130134583,0.0,0.0
5.502556858,-0.0848,0.044,0.7646,-0.7117,1.486,-1.4587,1.3565,-0.4824,0.0,-0.0001,0.0,-0.1782,0.0,0.0,0.0032,0.0479,-0.17770324647426605,0.17866259813308716,0.24340325593948364,-0.2227025181055069,0.6727139353752136,-0.6706178784370422,0.0,0.0
5.512712336000001,-0.0848,0.044,0.7646,-0.7117,1.486,-1.4587,1.3565,-0.4824,0.0,-0.0001,0.0,-0.1782,0.0,0.0,0.0032,0.0479,-0.17770324647426605,0.17866259813308716,0.24340325593948364,-0.2227025181055069,0.6727139353752136,-0.6706178784370422,0.0,0.0
5.522564129,-0.0848,0.044,0.7646,-0.7117,1.486,-1.4587,1.3565,-0.4824,0.0,-0.0001,0.0,-0.1782,0.0,0.0,0.0032,0.0479,-0.17770324647426605,0.17866259813308716,0.24340325593948364,-0.2227025181055069,0.6727139353752136,-0.6706178784370422,0.0,0.0
5.532562701000001,-0.0848,0.044,0.7646,-0.7135,1.486,-1.4587,1.3565,-0.482,0.0,-0.0001,0.0,-0.1776,0.0,0.0,0.0032,0.0477,-0.17743363976478577,0.17755268514156342,0.24184167385101318,-0.21324889361858368,0.6703818440437317,-0.6694212555885315,0.0,0.0
5.542555287000001,-0.0848,0.044,0.7646,-0.7153,1.486,-1.4587,1.3565,-0.4815,0.0,-0.0001,0.0,-0.175,0.0,0.0,0.0031,0.0469,-0.17716233432292938,0.17628245055675507,0.24013757705688477,-0.2036769986152649,0.6680958867073059,-0.6681681275367737,0.0,0.0
5.552688917,-0.0848,0.044,0.7646,-0.7153,1.486,-1.4587,1.3565,-0.4815,0.0,-0.0001,0.0,-0.175,0.0,0.0,0.0031,0.0469,-0.17716233432292938,0.17628245055675507,0.24013757705688477,-0.2036769986152649,0.6680958867073059,-0.6681681275367737,0.0,0.0
5.562672594,-0.0848,0.044,0.7646,-0.7153,1.486,-1.4587,1.3565,-0.4815,0.0,-0.0001,0.0,-0.175,0.0,0.0,0.0031,0.0469,-0.17716233432292938,0.17628245055675507,0.24013757705688477,-0.2036769986152649,0.6680958867073059,-0.6681681275367737,0.0,0.0
5.572620839000001,-0.0848,0.044,0.7646,-0.717,1.486,-1.4587,1.3566,-0.481,0.0,-0.0001,0.0,-0.1704,0.0,0.0,0.0031,0.0454,-0.17690913379192352,0.1749020367860794,0.23832958936691284,-0.19444987177848816,0.6659476161003113,-0.6669057011604309,0.0,0.0
5.582650239,-0.0848,0.044,0.7646,-0.7178,1.486,-1.4587,1.3566,-0.4808,0.0,-0.0001,0.0,-0.1674,0.0,0.0,0.0031,0.0445,-0.17690913379192352,0.1749020367860794,0.23832958936691284,-0.1923498809337616,0.6659476161003113,-0.6669057011604309,0.0,0.0
5.59265403,-0.0848,0.044,0.7646,-0.7178,1.486,-1.4587,1.3566,-0.4808,0.0,-0.0001,0.0,-0.1674,0.0,0.0,0.0031,0.0445,-0.17690913379192352,0.1749020367860794,0.23832958936691284,-0.1923498809337616,0.6659476161003113,-0.6669057011604309,0.0,0.0
5.602599996,-0.0848,0.044,0.7646,-0.7186,1.486,-1.4587,1.3566,-0.4806,0.0,-0.0001,0.0,-0.1637,0.0,0.0,0.0031,0.0433,-0.1766768991947174,0.1734221875667572,0.2364511489868164,-0.18562011420726776,0.6639710068702698,-0.6656450629234314,0.0,0.0
5.612543393,-0.0848,0.044,0.7646,-0.7202,1.486,-1.4587,1.3566,-0.4802,0.0,-0.0001,0.0,-0.1551,0.0,0.0,0.0031,0.0406,-0.1764364391565323,0.1717958301305771,0.2344915270805359,-0.17674341797828674,0.6620991826057434,-0.6643536686897278,0.0,0.0
5.622689364,-0.0848,0.044,0.7646,-0.7202,1.486,-1.4587,1.3566,-0.4802,0.0,-0.0001,0.0,-0.1551,0.0,0.0,0.0031,0.0406,-0.1764364391565323,0.1717958301305771,0.2344915270805359,-0.17674341797828674,0.6620991826057434,-0.6643536686897278,0.0,0.0
5.632628218000001,-0.0848,0.044,0.7646,-0.7202,1.486,-1.4587,1.3566,-0.4802,0.0,-0.0001,0.0,-0.1551,0.0,0.0,0.0031,0.0406,-0.1764364391565323,0.1717958301305771,0.2344915270805359,-0.17674341797828674,0.6620991826057434,-0.6643536686897278,0.0,0.0
5.642622177000001,-0.0848,0.044,0.7646,-0.7217,1.486,-1.4587,1.3567,-0.4798,0.0,-0.0001,0.0,-0.1447,0.0,0.0,0.0031,0.0373,-0.1762065291404724,0.17006924748420715,0.23245984315872192,-0.16824157536029816,0.6603839993476868,-0.6630765795707703,0.0,0.0
5.6525793250000005,-0.0848,0.044,0.7646,-0.723,1.486,-1.4587,1.3567,-0.4795,0.0,-0.0001,0.0,-0.1324,0.0,0.0,0.0031,0.0335,-0.1760173887014389,0.16831135749816895,0.23041242361068726,-0.1606145054101944,0.6589273810386658,-0.6618631482124329,0.0,0.0
5.662690032,-0.0848,0.044,0.7646,-0.723,1.486,-1.4587,1.3567,-0.4795,0.0,-0.0001,0.0,-0.1324,0.0,0.0,0.0031,0.0335,-0.1760173887014389,0.16831135749816895,0.23041242361068726,-0.1606145054101944,0.6589273810386658,-0.6618631482124329,0.0,0.0
5.672636114,-0.0848,0.044,0.7646,-0.723,1.486,-1.4587,1.3567,-0.4795,0.0,-0.0001,0.0,-0.1324,0.0,0.0,0.0031,0.0335,-0.1760173887014389,0.16831135749816895,0.23041242361068726,-0.1606145054101944,0.6589273810386658,-0.6618631482124329,0.0,0.0
5.682577533000001,-0.0848,0.044,0.7646,-0.7243,1.486,-1.4587,1.3567,-0.4792,0.0,-0.0001,0.0,-0.1185,0.0,0.0,0.0031,0.0291,-0.17581988871097565,0.16644339263439178,0.2283342480659485,-0.15300364792346954,0.6576027274131775,-0.6606397032737732,0.0,0.0
5.692641709,-0.0848,0.044,0.7646,-0.7248,1.486,-1.4587,1.3567,-0.479,0.0,-0.0001,0.0,-0.111,0.0,0.0,0.0031,0.0267,-0.17581988871097565,0.16644339263439178,0.2283342480659485,-0.152253657579422,0.6576027274131775,-0.6606397032737732,0.0,0.0
5.702645035000001,-0.0848,0.044,0.7646,-0.7248,1.486,-1.4587,1.3567,-0.479,0.0,-0.0001,0.0,-0.111,0.0,0.0,0.0031,0.0267,-0.17581988871097565,0.16644339263439178,0.2283342480659485,-0.152253657579422,0.6576027274131775,-0.6606397032737732,0.0,0.0
5.712613979,-0.0848,0.044,0.7646,-0.7253,1.486,-1.4587,1.3568,-0.4789,0.0,-0.0001,0.0,-0.103,0.0,0.0,0.003,0.0242,-0.1756850630044937,0.16461357474327087,0.22628486156463623,-0.14672550559043884,0.6566020846366882,-0.6595353484153748,0.0,0.0
5.722603361,-0.0848,0.044,0.7646,-0.7263,1.486,-1.4587,1.3568,-0.4787,0.0,-0.0001,0.0,-0.086,0.0,0.0,0.003,0.0188,-0.17554639279842377,0.16270260512828827,0.22425496578216553,-0.1405288577079773,0.6557548642158508,-0.6584299206733704,0.0,0.0
5.732662127,-0.0848,0.044,0.7646,-0.7263,1.486,-1.4587,1.3568,-0.4787,0.0,-0.0001,0.0,-0.086,0.0,0.0,0.003,0.0188,-0.17554639279842377,0.16270260512828827,0.22425496578216553,-0.1405288577079773,0.6557548642158508,-0.6584299206733704,0.0,0.0
5.742655057,-0.0848,0.044,0.7646,-0.7263,1.486,-1.4587,1.3568,-0.4787,0.0,-0.0001,0.0,-0.086,0.0,0.0,0.003,0.0188,-0.17554639279842377,0.16270260512828827,0.22425496578216553,-0.1405288577079773,0.6557548642158508,-0.6584299206733704,0.0,0.0
5.752580828,-0.0848,0.044,0.7646,-0.727,1.486,-1.4587,1.3568,-0.4786,0.0,-0.0001,0.0,-0.0678,0.0,0.0,0.003,0.0131,-0.17547160387039185,0.1608629673719406,0.222287118434906,-0.13569483160972595,0.6552305817604065,-0.6574575304985046,0.0,0.0
5.762728288,-0.0848,0.044,0.7646,-0.7275,1.486,-1.4587,1.3569,-0.4785,0.0,-0.0001,0.0,-0.0485,0.0,0.0,0.003,0.007,-0.17544764280319214,0.15909408032894135,0.2204328179359436,-0.13189086318016052,0.6550117135047913,-0.6565849184989929,0.0,0.0
5.772688031,-0.0848,0.044,0.7646,-0.7275,1.486,-1.4587,1.3569,-0.4785,0.0,-0.0001,0.0,-0.0485,0.0,0.0,0.003,0.007,-0.17544764280319214,0.15909408032894135,0.2204328179359436,-0.13189086318016052,0.6550117135047913,-0.6565849184989929,0.0,0.0
5.7826326240000006,-0.0848,0.044,0.7646,-0.7275,1.486,-1.4587,1.3569,-0.4785,0.0,-0.0001,0.0,-0.0485,0.0,0.0,0.003,0.007,-0.17544764280319214,0.15909408032894135,0.2204328179359436,-0.13189086318016052,0.6550117135047913,-0.6565849184989929,0.0,0.0
5.792627311,-0.0848,0.044,0.7646,-0.7277,1.486,-1.4587,1.3569,-0.4785,0.0,-0.0001,0.0,-0.0387,0.0,0.0,0.003,0.0039,-0.17544764280319214,0.15909408032894135,0.2204328179359436,-0.13227087259292603,0.6550117135047913,-0.6565849184989929,0.0,0.0
5.802616497000001,-0.0848,0.044,0.7646,-0.7279,1.486,-1.4587,1.3569,-0.4785,0.0,-0.0001,0.0,-0.0181,0.0,0.0,0.003,-0.0026,-0.17544348537921906,0.15734900534152985,0.21867865324020386,-0.12968717515468597,0.6550034880638123,-0.6557781100273132,0.0,0.0
5.812640928,-0.0848,0.044,0.7646,-0.7279,1.486,-1.4587,1.3569,-0.4785,0.0,-0.0001,0.0,-0.0181,0.0,0.0,0.003,-0.0026,-0.17544348537921906,0.15734900534152985,0.21867865324020386,-0.12968717515468597,0.6550034880638123,-0.6557781100273132,0.0,0.0
5.822609896,-0.0848,0.044,0.7646,-0.728,1.486,-1.4587,1.3569,-0.4785,0.0,-0.0001,-0.0008,-0.0035,0.0,0.0,0.0027,-0.0067,-0.17549856007099152,0.15549859404563904,0.21712875366210938,-0.12691684067249298,0.6554498076438904,-0.6549598574638367,0.0,0.0
5.8326169320000005,-0.0848,0.044,0.7646,-0.728,1.486,-1.4587,1.3569,-0.4785,0.0,-0.0001,0.0,0.0,0.0,0.0,0.003,-0.0084,-0.17549856007099152,0.15549859404563904,0.2170487642288208,-0.12726683914661407,0.6554498076438904,-0.6549598574638367,0.0,0.0
5.842686148,-0.0848,0.044,0.7646,-0.728,1.486,-1.4587,1.3569,-0.4786,0.0,0.0,0.0006,0.0022,0.0,0.0,0.003,-0.0093,-0.17556092143058777,0.15467646718025208,0.21554125845432281,-0.12545765936374664,0.6556225419044495,-0.6550056338310242,0.0,0.0
5.852673329,-0.0848,0.044,0.7646,-0.728,1.486,-1.4587,1.3569,-0.4786,0.0,0.0,0.0006,0.0022,0.0,0.0,0.003,-0.0093,-0.17556092143058777,0.15467646718025208,0.21554125845432281,-0.12545765936374664,0.6556225419044495,-0.6550056338310242,0.0,0.0
5.862594017,-0.0848,0.044,0.7646,-0.7279,1.486,-1.4587,1.357,-0.4786,0.0,0.0,0.0008,0.0032,0.0,0.0,0.0032,-0.0099,-0.17556092143058777,0.15467646718025208,0.21552126109600067,-0.1258576661348343,0.6556225419044495,-0.6550056338310242,0.0,0.0
5.872578732,-0.0848,0.044,0.7646,-0.7278,1.486,-1.4587,1.357,-0.4787,0.0,0.0,0.0,0.0112,0.0,0.0,0.0029,-0.0119,-0.17563723027706146,0.15444298088550568,0.2147005796432495,-0.12599223852157593,0.6558167338371277,-0.6551368832588196,0.0,0.0
5.882703126,-0.0848,0.044,0.7646,-0.7278,1.486,-1.4587,1.357,-0.4788,0.0,-0.0001,0.0,0.0154,0.0,0.0,0.003,-0.0133,-0.1757039725780487,0.15389177203178406,0.21414411067962646,-0.12510010600090027,0.6562802195549011,-0.6548650860786438,0.0,0.0
5.892650264,-0.0848,0.044,0.7646,-0.7278,1.486,-1.4587,1.357,-0.4788,0.0,-0.0001,0.0,0.0154,0.0,0.0,0.003,-0.0133,-0.1757039725780487,0.15389177203178406,0.21414411067962646,-0.12510010600090027,0.6562802195549011,-0.6548650860786438,0.0,0.0
5.902598893,-0.0848,0.044,0.7646,-0.7275,1.486,-1.4587,1.357,-0.479,0.0,-0.0001,0.0,0.024,0.0,0.0,0.0029,-0.016,-0.17581479251384735,0.1534510850906372,0.21367114782333374,-0.12605848908424377,0.6568602919578552,-0.6548214554786682,0.0,0.0
5.912627316,-0.0848,0.044,0.7646,-0.7274,1.486,-1.4587,1.357,-0.4791,0.0,-0.0001,0.0,0.028,0.0,0.0,0.0029,-0.0173,-0.17581479251384735,0.1534510850906372,0.21367114782333374,-0.12675848603248596,0.6568602919578552,-0.6548214554786682,0.0,0.0
5.922647952,-0.0848,0.044,0.7646,-0.7274,1.486,-1.4587,1.357,-0.4791,0.0,-0.0001,0.0,0.028,0.0,0.0,0.0029,-0.0173,-0.17581479251384735,0.1534510850906372,0.21367114782333374,-0.12675848603248596,0.6568602919578552,-0.6548214554786682,0.0,0.0
5.932632954000001,-0.0848,0.044,0.7646,-0.7272,1.486,-1.4587,1.3571,-0.4791,0.0,-0.0001,0.0,0.0323,0.0,0.0,0.0029,-0.0186,-0.17592404782772064,0.15306726098060608,0.21332389116287231,-0.12717443704605103,0.657489001750946,-0.6547978520393372,0.0,0.0
5.942573139,-0.0848,0.044,0.7646,-0.7268,1.486,-1.4587,1.3571,-0.4794,0.0,-0.0001,0.0,0.0404,0.0,0.0,0.0029,-0.0212,-0.17605243623256683,0.15276283025741577,0.21308696269989014,-0.12882788479328156,0.6582092642784119,-0.6548286080360413,0.0,0.0
5.952656935,-0.0848,0.044,0.7646,-0.7268,1.486,-1.4587,1.3571,-0.4794,0.0,-0.0001,0.0,0.0404,0.0,0.0,0.0029,-0.0212,-0.17605243623256683,0.15276283025741577,0.21308696269989014,-0.12882788479328156,0.6582092642784119,-0.6548286080360413,0.0,0.0
5.962631633,-0.0848,0.044,0.7646,-0.7268,1.486,-1.4587,1.3571,-0.4794,0.0,-0.0001,0.0,0.0404,0.0,0.0,0.0029,-0.0212,-0.17605243623256683,0.15276283025741577,0.21308696269989014,-0.12882788479328156,0.6582092642784119,-0.6548286080360413,0.0,0.0
5.97262785,-0.0848,0.044,0.7646,-0.7264,1.486,-1.4587,1.3571,-0.4796,0.0,-0.0001,0.0,0.0482,0.0,0.0,0.0029,-0.0237,-0.1761765331029892,0.15249210596084595,0.21293336153030396,-0.13057363033294678,0.6589567065238953,-0.6548750996589661,0.0,0.0
5.982571883,-0.0848,0.044,0.7646,-0.7258,1.486,-1.4587,1.3572,-0.4798,0.0,-0.0001,0.0,0.0555,0.0,0.0,0.0029,-0.026,-0.1763473004102707,0.152369886636734,0.21290063858032227,-0.1332894265651703,0.6598636507987976,-0.6550303101539612,0.0,0.0
5.992696195000001,-0.0848,0.044,0.7646,-0.7258,1.486,-1.4587,1.3572,-0.4798,0.0,-0.0001,0.0,0.0555,0.0,0.0,0.0029,-0.026,-0.1763473004102707,0.152369886636734,0.21290063858032227,-0.1332894265651703,0.6598636507987976,-0.6550303101539612,0.0,0.0
6.0026576810000005,-0.0848,0.044,0.7646,-0.7258,1.486,-1.4587,1.3572,-0.4798,0.0,-0.0001,0.0,0.0555,0.0,0.0,0.0029,-0.026,-0.1763473004102707,0.152369886636734,0.21290063858032227,-0.1332894265651703,0.6598636507987976,-0.6550303101539612,0.0,0.0
6.012639022,-0.0848,0.044,0.7646,-0.7252,1.486,-1.4587,1.3572,-0.4801,0.0,-0.0001,0.0,0.0624,0.0,0.0,0.0029,-0.0282,-0.17651918530464172,0.15230944752693176,0.21298038959503174,-0.13614223897457123,0.6608220934867859,-0.6552098393440247,0.0,0.0
6.022667445000001,-0.0848,0.044,0.7645,-0.7249,1.486,-1.4587,1.3572,-0.4803,0.0,-0.0001,0.0,0.0656,0.0,0.0,0.0029,-0.0292,-0.17651918530464172,0.15230944752693176,0.21328037977218628,-0.13736224174499512,0.6608220934867859,-0.6552098393440247,0.0,0.0
6.032637265,-0.0848,0.044,0.7645,-0.7249,1.486,-1.4587,1.3572,-0.4803,0.0,-0.0001,0.0,0.0656,0.0,0.0,0.0029,-0.0292,-0.17651918530464172,0.15230944752693176,0.21328037977218628,-0.13736224174499512,0.6608220934867859,-0.6552098393440247,0.0,0.0
6.042575328000001,-0.0848,0.044,0.7645,-0.7246,1.486,-1.4587,1.3572,-0.4804,0.0,-0.0001,0.0,0.0686,0.0,0.0,0.0029,-0.0302,-0.17665405571460724,0.15226036310195923,0.213578999042511,-0.1390918791294098,0.6617898344993591,-0.6554544568061829,0.0,0.0
6.052613665,-0.0848,0.044,0.7645,-0.7238,1.486,-1.4587,1.3572,-0.4807,0.0,-0.0001,0.0,0.0742,0.0,0.0,0.0028,-0.0319,-0.17683595418930054,0.15237346291542053,0.21391624212265015,-0.1430051326751709,0.6629185080528259,-0.655791699886322,0.0,0.0
6.0626599610000005,-0.0848,0.044,0.7645,-0.7238,1.486,-1.4587,1.3572,-0.4807,0.0,-0.0001,0.0,0.0742,0.0,0.0,0.0028,-0.0319,-0.17683595418930054,0.15237346291542053,0.21391624212265015,-0.1430051326751709,0.6629185080528259,-0.655791699886322,0.0,0.0
6.0725935170000005,-0.0848,0.044,0.7645,-0.7234,1.486,-1.4587,1.3573,-0.4809,0.0,-0.0001,0.0,0.0768,0.0,0.0,0.0028,-0.0327,-0.17683595418930054,0.15237346291542053,0.21391624212265015,-0.1444651335477829,0.6629185080528259,-0.655791699886322,0.0,0.0
6.082612036,-0.0848,0.044,0.7645,-0.723,1.486,-1.4587,1.3573,-0.4811,0.0,-0.0001,0.0,0.079,0.0,0.0,0.0028,-0.0335,-0.17702576518058777,0.1525803953409195,0.21433806419372559,-0.14704009890556335,0.6640815138816833,-0.6561557650566101,0.0,0.0
6.092633116,-0.0848,0.044,0.7645,-0.7222,1.486,-1.4587,1.3573,-0.4814,0.0,-0.0001,0.0,0.083,0.0,0.0,0.0028,-0.0347,-0.17721249163150787,0.1528513878583908,0.21483087539672852,-0.15114115178585052,0.6652387976646423,-0.6565459370613098,0.0,0.0
6.1026555170000005,-0.0848,0.044,0.7645,-0.7222,1.486,-1.4587,1.3573,-0.4814,0.0,-0.0001,0.0,0.083,0.0,0.0,0.0028,-0.0347,-0.17721249163150787,0.1528513878583908,0.21483087539672852,-0.15114115178585052,0.6652387976646423,-0.6565459370613098,0.0,0.0
6.112594903000001,-0.0848,0.044,0.7645,-0.7218,1.486,-1.4587,1.3573,-0.4816,0.0,-0.0001,0.0,0.0847,0.0,0.0,0.0028,-0.0353,-0.17721249163150787,0.1528513878583908,0.21483087539672852,-0.15251114964485168,0.6652387976646423,-0.6565459370613098,0.0,0.0
6.122532799,-0.0848,0.044,0.7645,-0.7214,1.486,-1.4587,1.3573,-0.4818,0.0,-0.0001,0.0,0.0861,0.0,0.0,0.0028,-0.0357,-0.1773919314146042,0.15318208932876587,0.21538394689559937,-0.1552870273590088,0.6663782000541687,-0.6569640040397644,0.0,0.0
6.132643986000001,-0.0848,0.044,0.7645,-0.7209,1.486,-1.4587,1.3573,-0.4819,0.0,-0.0001,0.0,0.0873,0.0,0.0,0.0028,-0.0361,-0.1773919314146042,0.15318208932876587,0.21538394689559937,-0.15690702199935913,0.6663782000541687,-0.6569640040397644,0.0,0.0
6.142643353,-0.0848,0.044,0.7645,-0.7209,1.486,-1.4587,1.3573,-0.4819,0.0,-0.0001,0.0,0.0873,0.0,0.0,0.0028,-0.0361,-0.1773919314146042,0.15318208932876587,0.21538394689559937,-0.15690702199935913,0.6663782000541687,-0.6569640040397644,0.0,0.0
6.1525557840000005,-0.0848,0.044,0.7645,-0.72,1.486,-1.4587,1.3574,-0.4823,0.0,-0.0001,0.0,0.089,0.0,0.0,0.0028,-0.0367,-0.1775902360677719,0.1536352038383484,0.2160271406173706,-0.16151027381420135,0.6675712466239929,-0.6574557423591614,0.0,0.0
6.162642491000001,-0.0848,0.044,0.7645,-0.7196,1.486,-1.4587,1.3574,-0.4825,0.0,-0.0001,0.0,0.0894,0.0,0.0,0.0028,-0.0368,-0.17778514325618744,0.1541665643453598,0.21676206588745117,-0.16466554999351501,0.6687657237052917,-0.6579778790473938,0.0,0.0
6.17266049,-0.0848,0.044,0.7645,-0.7196,1.486,-1.4587,1.3574,-0.4825,0.0,-0.0001,0.0,0.0894,0.0,0.0,0.0028,-0.0368,-0.17778514325618744,0.1541665643453598,0.21676206588745117,-0.16466554999351501,0.6687657237052917,-0.6579778790473938,0.0,0.0
6.182630026,-0.0848,0.044,0.7645,-0.7191,1.486,-1.4587,1.3574,-0.4827,0.0,-0.0001,0.0,0.0896,0.0,0.0,0.0028,-0.0369,-0.17778514325618744,0.1541665643453598,0.21676206588745117,-0.16618554294109344,0.6687657237052917,-0.6579778790473938,0.0,0.0
6.19261422,-0.0848,0.044,0.7645,-0.7182,1.486,-1.4587,1.3574,-0.483,0.0,-0.0001,0.0,0.0893,0.0,0.0,0.0028,-0.0368,-0.177970752120018,0.1547640711069107,0.21756994724273682,-0.17092621326446533,0.6699441075325012,-0.6585354208946228,0.0,0.0
6.202611022,-0.0848,0.044,0.7645,-0.7178,1.486,-1.4587,1.3574,-0.4832,0.0,-0.0001,0.0,0.0888,0.0,0.0,0.0027,-0.0366,-0.17814715206623077,0.15542644262313843,0.2184430956840515,-0.17429332435131073,0.671097457408905,-0.6591197848320007,0.0,0.0
6.212630294,-0.0848,0.044,0.7645,-0.7178,1.486,-1.4587,1.3574,-0.4832,0.0,-0.0001,0.0,0.0888,0.0,0.0,0.0027,-0.0366,-0.17814715206623077,0.15542644262313843,0.2184430956840515,-0.17429332435131073,0.671097457408905,-0.6591197848320007,0.0,0.0
6.222785997000001,-0.0848,0.044,0.7645,-0.7173,1.486,-1.4587,1.3575,-0.4834,0.0,-0.0001,0.0,0.088,0.0,0.0,0.0027,-0.0364,-0.17814715206623077,0.15542644262313843,0.2184430956840515,-0.17571333050727844,0.671097457408905,-0.6591197848320007,0.0,0.0
6.232570089,-0.0848,0.044,0.7645,-0.7169,1.486,-1.4586,1.3575,-0.4836,0.0,-0.0001,0.0,0.0868,0.0,0.0,0.0027,-0.036,-0.1783011108636856,0.15615184605121613,0.21945035457611084,-0.17917530238628387,0.6723076701164246,-0.6601060628890991,0.0,0.0
6.242663991000001,-0.0848,0.044,0.7645,-0.7165,1.486,-1.4586,1.3575,-0.4838,0.0,-0.0001,0.0,0.0856,0.0,0.0,0.0027,-0.0357,-0.1783011108636856,0.15615184605121613,0.21945035457611084,-0.18025530874729156,0.6723076701164246,-0.6601060628890991,0.0,0.0
6.252671831000001,-0.0848,0.044,0.7645,-0.7165,1.486,-1.4586,1.3575,-0.4838,0.0,-0.0001,0.0,0.0856,0.0,0.0,0.0027,-0.0357,-0.1783011108636856,0.15615184605121613,0.21945035457611084,-0.18025530874729156,0.6723076701164246,-0.6601060628890991,0.0,0.0
6.2625453790000005,-0.0848,0.044,0.7645,-0.7156,1.486,-1.4586,1.3575,-0.4841,0.0,-0.0001,0.0,0.0822,0.0,0.0,0.0027,-0.0346,-0.17841273546218872,0.1568688303232193,0.22043633460998535,-0.18495920300483704,0.6733734011650085,-0.6607426404953003,0.0,0.0
6.272670887,-0.0848,0.044,0.7645,-0.7152,1.486,-1.4586,1.3575,-0.4843,0.0,-0.0001,0.0,0.08,0.0,0.0,0.0027,-0.0339,-0.17854344844818115,0.15770366787910461,0.22145843505859375,-0.1885395050048828,0.6744326949119568,-0.6614350080490112,0.0,0.0
6.282733168,-0.0848,0.044,0.7645,-0.7152,1.486,-1.4586,1.3575,-0.4843,0.0,-0.0001,0.0,0.08,0.0,0.0,0.0027,-0.0339,-0.17854344844818115,0.15770366787910461,0.22145843505859375,-0.1885395050048828,0.6744326949119568,-0.6614350080490112,0.0,0.0
6.292631189000001,-0.0848,0.044,0.7645,-0.7149,1.486,-1.4586,1.3575,-0.4844,0.0,-0.0001,0.0,0.0778,0.0,0.0,0.0027,-0.0332,-0.17854344844818115,0.15770366787910461,0.22145843505859375,-0.18921950459480286,0.6744326949119568,-0.6614350080490112,0.0,0.0
6.302604690000001,-0.0848,0.044,0.7645,-0.7141,1.486,-1.4586,1.3576,-0.4848,0.0,-0.0001,0.0,0.0724,0.0,0.0,0.0027,-0.0315,-0.17863066494464874,0.15850593149662018,0.22248661518096924,-0.1935187131166458,0.6753156781196594,-0.6620551347732544,0.0,0.0
6.312631194000001,-0.0848,0.044,0.7645,-0.7138,1.486,-1.4586,1.3576,-0.4849,0.0,-0.0001,0.0,0.0693,0.0,0.0,0.0027,-0.0306,-0.17871041595935822,0.15935292840003967,0.22350943088531494,-0.19660334289073944,0.6761078238487244,-0.6626888513565063,0.0,0.0
6.322666046,-0.0848,0.044,0.7645,-0.7138,1.486,-1.4586,1.3576,-0.4849,0.0,-0.0001,0.0,0.0693,0.0,0.0,0.0027,-0.0306,-0.17871041595935822,0.15935292840003967,0.22350943088531494,-0.19660334289073944,0.6761078238487244,-0.6626888513565063,0.0,0.0
6.332546869000001,-0.0848,0.044,0.7645,-0.7134,1.486,-1.4586,1.3576,-0.4851,0.0,-0.0001,0.0,0.0661,0.0,0.0,0.0027,-0.0296,-0.17871041595935822,0.15935292840003967,0.22350943088531494,-0.1974833458662033,0.6761078238487244,-0.6626888513565063,0.0,0.0
6.342608134000001,-0.0848,0.044,0.7645,-0.7128,1.486,-1.4586,1.3576,-0.4853,0.0,-0.0001,0.0,0.059,0.0,0.0,0.0027,-0.0273,-0.17879025638103485,0.1602572798728943,0.22455495595932007,-0.20115703344345093,0.6768506169319153,-0.6633347272872925,0.0,0.0
6.3526560100000005,-0.0848,0.044,0.7645,-0.7128,1.486,-1.4586,1.3576,-0.4853,0.0,-0.0001,0.0,0.059,0.0,0.0,0.0027,-0.0273,-0.17879025638103485,0.1602572798728943,0.22455495595932007,-0.20115703344345093,0.6768506169319153,-0.6633347272872925,0.0,0.0
6.362622982,-0.0848,0.044,0.7645,-0.7128,1.486,-1.4586,1.3576,-0.4853,0.0,-0.0001,0.0,0.059,0.0,0.0,0.0027,-0.0273,-0.17879025638103485,0.1602572798728943,0.22455495595932007,-0.20115703344345093,0.6768506169319153,-0.6633347272872925,0.0,0.0
6.3726307460000005,-0.0848,0.044,0.7645,-0.7123,1.486,-1.4586,1.3576,-0.4856,0.0,-0.0001,0.0,0.0511,0.0,0.0,0.0026,-0.0248,-0.17884819209575653,0.16116614639759064,0.22560369968414307,-0.20439545810222626,0.6774782538414001,-0.6639502048492432,0.0,0.0
6.3826286780000006,-0.0848,0.044,0.7645,-0.712,1.486,-1.4586,1.3576,-0.4857,0.0,-0.0001,0.0,0.0469,0.0,0.0,0.0026,-0.0235,-0.17887823283672333,0.1620568037033081,0.22662723064422607,-0.20729570090770721,0.6779728531837463,-0.6645327806472778,0.0,0.0
6.392646609000001,-0.0848,0.044,0.7645,-0.712,1.486,-1.4586,1.3576,-0.4857,0.0,-0.0001,0.0,0.0469,0.0,0.0,0.0026,-0.0235,-0.17887823283672333,0.1620568037033081,0.22662723064422607,-0.20729570090770721,0.6779728531837463,-0.6645327806472778,0.0,0.0
6.402627671,-0.0848,0.044,0.7645,-0.7118,1.486,-1.4586,1.3577,-0.4858,0.0,-0.0001,0.0,0.0425,0.0,0.0,0.0026,-0.0221,-0.17887823283672333,0.1620568037033081,0.22662723064422607,-0.20745569467544556,0.6779728531837463,-0.6645327806472778,0.0,0.0
6.412650322,-0.0848,0.0439,0.7645,-0.7115,1.486,-1.4586,1.3577,-0.486,0.0,-0.0001,0.0,0.0333,0.0,0.0,0.0026,-0.0192,-0.17877966165542603,0.16337820887565613,0.22761642932891846,-0.20980176329612732,0.6782993674278259,-0.6651046276092529,0.0,0.0
6.422662584,-0.0848,0.0439,0.7645,-0.7113,1.486,-1.4586,1.3577,-0.4861,0.0,-0.0001,0.0,0.0284,0.0,0.0,0.0026,-0.0177,-0.17873625457286835,0.16426096856594086,0.22855305671691895,-0.21208739280700684,0.6785092949867249,-0.6656028032302856,0.0,0.0
6.432619197,-0.0848,0.0439,0.7645,-0.7113,1.486,-1.4586,1.3577,-0.4861,0.0,-0.0001,0.0,0.0284,0.0,0.0,0.0026,-0.0177,-0.17873625457286835,0.16426096856594086,0.22855305671691895,-0.21208739280700684,0.6785092949867249,-0.6656028032302856,0.0,0.0
6.442608191000001,-0.0848,0.0439,0.7645,-0.7112,1.486,-1.4586,1.3577,-0.4862,0.0,-0.0001,0.0,0.0235,0.0,0.0,0.0026,-0.0161,-0.17873625457286835,0.16426096856594086,0.22855305671691895,-0.21189740300178528,0.6785092949867249,-0.6656028032302856,0.0,0.0
6.4526088470000005,-0.0848,0.0439,0.7645,-0.711,1.486,-1.4586,1.3577,-0.4863,0.0,-0.0001,0.0,0.0133,0.0,0.0,0.0026,-0.0129,-0.17869244515895844,0.16508637368679047,0.22942423820495605,-0.21347832679748535,0.678571879863739,-0.6660537719726562,0.0,0.0
6.4626444880000005,-0.0848,0.0439,0.7645,-0.711,1.486,-1.4586,1.3577,-0.4863,0.0,-0.0001,0.0,0.0133,0.0,0.0,0.0026,-0.0129,-0.17869244515895844,0.16508637368679047,0.22942423820495605,-0.21347832679748535,0.678571879863739,-0.6660537719726562,0.0,0.0
6.472575261,-0.0848,0.0439,0.7645,-0.711,1.486,-1.4586,1.3577,-0.4863,0.0,-0.0001,0.0,0.0133,0.0,0.0,0.0026,-0.0129,-0.17869244515895844,0.16508637368679047,0.22942423820495605,-0.21347832679748535,0.678571879863739,-0.6660537719726562,0.0,0.0
6.482854406,-0.0848,0.0439,0.7645,-0.711,1.486,-1.4586,1.3578,-0.4865,0.0,-0.0001,0.0,0.0001,0.0,0.0,0.0025,-0.0087,-0.17855797708034515,0.16641657054424286,0.23088300228118896,-0.21530240774154663,0.6783487200737,-0.6667060852050781,0.0,0.0
6.492700914,-0.0848,0.0439,0.7645,-0.711,1.486,-1.4586,1.3578,-0.4865,0.0,-0.0001,0.0,0.0001,0.0,0.0,0.0025,-0.0087,-0.17855797708034515,0.16641657054424286,0.23088300228118896,-0.21530240774154663,0.6783487200737,-0.6667060852050781,0.0,0.0
6.5026385620000005,-0.0848,0.0439,0.7645,-0.711,1.486,-1.4586,1.3578,-0.4865,0.0,-0.0001,0.0,0.0001,0.0,0.0,0.0025,-0.0087,-0.17855797708034515,0.16641657054424286,0.23088300228118896,-0.21530240774154663,0.6783487200737,-0.6667060852050781,0.0,0.0
6.51255453,-0.0848,0.0439,0.7645,-0.711,1.486,-1.4586,1.3578,-0.4866,0.0,-0.0001,0.0,0.0001,0.0,0.0,0.0025,-0.0087,-0.17854443192481995,0.16662758588790894,0.23141801357269287,-0.2159096598625183,0.6782882809638977,-0.6665987968444824,0.0,0.0
6.522763266,-0.0848,0.0439,0.7645,-0.711,1.486,-1.4586,1.3578,-0.4867,0.0,-0.0001,0.0,0.0001,0.0,0.0,0.0025,-0.0087,-0.17853884398937225,0.16667258739471436,0.23172253370285034,-0.21621757745742798,0.6782453656196594,-0.6665319204330444,0.0,0.0
6.532676568,-0.0848,0.0439,0.7645,-0.711,1.486,-1.4586,1.3578,-0.4867,0.0,-0.0001,0.0,0.0001,0.0,0.0,0.0025,-0.0087,-0.17853884398937225,0.16667258739471436,0.23172253370285034,-0.21621757745742798,0.6782453656196594,-0.6665319204330444,0.0,0.0
6.542621195000001,-0.0848,0.0439,0.7645,-0.711,1.486,-1.4586,1.3578,-0.4867,0.0,-0.0001,0.0,0.0001,0.0,0.0,0.0025,-0.0087,-0.17853884398937225,0.16667258739471436,0.23172253370285034,-0.21621757745742798,0.6782453656196594,-0.6665319204330444,0.0,0.0
6.552624708000001,-0.0848,0.0439,0.7645,-0.711,1.486,-1.4586,1.3578,-0.4867,0.0,-0.0001,0.0,0.0001,0.0,0.0,0.0025,-0.0087,-0.17853303253650665,0.16667526960372925,0.23189151287078857,-0.2163810133934021,0.6782128214836121,-0.6664940118789673,0.0,0.0
6.562683532,-0.0848,0.0439,0.7645,-0.711,1.486,-1.4586,1.3579,-0.4868,0.0,-0.0001,0.0,0.0001,0.0,0.0,0.0025,-0.0087,-0.17853303253650665,0.16667526960372925,0.23189151287078857,-0.2163810133934021,0.6782128214836121,-0.6664940118789673,0.0,0.0
6.572689405,-0.0848,0.0439,0.7645,-0.711,1.486,-1.4586,1.3579,-0.4868,0.0,-0.0001,0.0,0.0001,0.0,0.0,0.0025,-0.0087,-0.17853303253650665,0.16667526960372925,0.23189151287078857,-0.2163810133934021,0.6782128214836121,-0.6664940118789673,0.0,0.0
6.582566193000001,-0.0848,0.0439,0.7645,-0.711,1.486,-1.4586,1.3579,-0.4868,0.0,-0.0001,0.0,0.0001,0.0,0.0,0.0025,-0.0087,-0.17852887511253357,0.16667048633098602,0.2319859266281128,-0.21647042036056519,0.6781935095787048,-0.6664721965789795,0.0,0.0
6.592588615,-0.0848,0.0439,0.7645,-0.711,1.486,-1.4586,1.3579,-0.4869,0.0,-0.0001,0.0,0.0001,0.0,0.0,0.0025,-0.0087,-0.17852605879306793,0.16666579246520996,0.232038676738739,-0.21651959419250488,0.6781795620918274,-0.6664596796035767,0.0,0.0
6.602677438000001,-0.0848,0.0439,0.7645,-0.711,1.486,-1.4586,1.3579,-0.4869,0.0,-0.0001,0.0,0.0001,0.0,0.0,0.0025,-0.0087,-0.17852605879306793,0.16666579246520996,0.232038676738739,-0.21651959419250488,0.6781795620918274,-0.6664596796035767,0.0,0.0
6.612703419000001,-0.0848,0.0439,0.7645,-0.711,1.486,-1.4586,1.3579,-0.4869,0.0,-0.0001,0.0,0.0001,0.0,0.0,0.0025,-0.0087,-0.17852605879306793,0.16666579246520996,0.232038676738739,-0.21651959419250488,0.6781795620918274,-0.6664596796035767,0.0,0.0
6.622605942000001,-0.0848,0.0439,0.7645,-0.711,1.486,-1.4586,1.3579,-0.487,0.0,-0.0001,0.0,0.0001,0.0,0.0,0.0025,-0.0087,-0.17852409183979034,0.16666311025619507,0.23206746578216553,-0.21654784679412842,0.6781713366508484,-0.6664503812789917,0.0,0.0
6.632577508000001,-0.0848,0.0439,0.7645,-0.711,1.486,-1.4586,1.3579,-0.4871,0.0,-0.0001,0.0,0.0001,0.0,0.0,0.0024,-0.0087,-0.17852328717708588,0.16666123270988464,0.23208516836166382,-0.21656322479248047,0.6781652569770813,-0.6664468050003052,0.0,0.0
6.642637083,-0.0848,0.0439,0.7645,-0.711,1.486,-1.4586,1.3579,-0.4871,0.0,-0.0001,0.0,0.0001,0.0,0.0,0.0024,-0.0087,-0.17852328717708588,0.16666123270988464,0.23208516836166382,-0.21656322479248047,0.6781652569770813,-0.6664468050003052,0.0,0.0
6.652631032,-0.0848,0.0439,0.7645,-0.711,1.486,-1.4586,1.3579,-0.4871,0.0,-0.0001,0.0,0.0001,0.0,0.0,0.0024,-0.0087,-0.17852328717708588,0.16666123270988464,0.23208516836166382,-0.21656322479248047,0.6781652569770813,-0.6664468050003052,0.0,0.0
6.662575138,-0.0848,0.0439,0.7645,-0.711,1.486,-1.4586,1.358,-0.4872,0.0,-0.0001,0.0,0.0001,0.0,0.0,0.0024,-0.0087,-0.17852288484573364,0.16665980219841003,0.23209500312805176,-0.21657180786132812,0.6781616806983948,-0.6664432287216187,0.0,0.0
6.672617945000001,-0.0848,0.0439,0.7645,-0.711,1.486,-1.4586,1.358,-0.4872,0.0,-0.0001,0.0,0.0001,0.0,0.0,0.0024,-0.0087,-0.17852288484573364,0.16665980219841003,0.23209500312805176,-0.21657180786132812,0.6781616806983948,-0.6664432287216187,0.0,0.0
6.682619846000001,-0.0848,0.0439,0.7645,-0.711,1.486,-1.4586,1.358,-0.4872,0.0,-0.0001,0.0,0.0001,0.0,0.0,0.0024,-0.0087,-0.17852288484573364,0.16665980219841003,0.23209500312805176,-0.21657180786132812,0.6781616806983948,-0.6664432287216187,0.0,0.0
6.692570173,-0.0848,0.0439,0.7645,-0.711,1.486,-1.4586,1.358,-0.4873,0.0,-0.0001,0.0,0.0001,0.0,0.0,0.0024,-0.0087,-0.1785230189561844,0.16665993630886078,0.23210018873214722,-0.21657735109329224,0.6781602501869202,-0.666441798210144,0.0,0.0
6.702620994,-0.0848,0.0439,0.7645,-0.711,1.486,-1.4586,1.358,-0.4874,0.0,-0.0001,0.0,0.0001,0.0,0.0,0.0024,-0.0087,-0.17852288484573364,0.16665932536125183,0.2321021556854248,-0.21657967567443848,0.6781591773033142,-0.6664407253265381,0.0,0.0
6.712656851,-0.0848,0.0439,0.7645,-0.711,1.486,-1.4586,1.358,-0.4874,0.0,-0.0001,0.0,0.0001,0.0,0.0,0.0024,-0.0087,-0.17852288484573364,0.16665932536125183,0.2321021556854248,-0.21657967567443848,0.6781591773033142,-0.6664407253265381,0.0,0.0
6.722586275,-0.0848,0.0439,0.7645,-0.711,1.486,-1.4586,1.358,-0.4874,0.0,-0.0001,0.0,0.0001,0.0,0.0,0.0024,-0.0088,-0.17852288484573364,0.16665932536125183,0.2321021556854248,-0.21657967567443848,0.6781591773033142,-0.6664407253265381,0.0,0.0
6.733187323,-0.0848,0.0439,0.7645,-0.711,1.486,-1.4586,1.358,-0.4875,0.0,-0.0001,0.0,0.0001,0.0,0.0,0.0024,-0.0088,-0.1785227507352829,0.16665926575660706,0.2321034073829651,-0.21658110618591309,0.6781588196754456,-0.6664396524429321,0.0,0.0
6.742628890000001,-0.0848,0.0439,0.7645,-0.711,1.486,-1.4586,1.3581,-0.4875,0.0,-0.0001,0.0,0.0001,0.0,0.0,0.0024,-0.0087,-0.17852310836315155,0.16665950417518616,0.23210465908050537,-0.21658217906951904,0.6781581044197083,-0.6664392948150635,0.0,0.0
6.752646964,-0.0848,0.0439,0.7645,-0.711,1.486,-1.4586,1.3581,-0.4875,0.0,-0.0001,0.0,0.0001,0.0,0.0,0.0024,-0.0087,-0.17852310836315155,0.16665950417518616,0.23210465908050537,-0.21658217906951904,0.6781581044197083,-0.6664392948150635,0.0,0.0
6.763074234,-0.0848,0.0439,0.7645,-0.711,1.486,-1.4586,1.3581,-0.4876,0.0,-0.0001,0.0,0.0001,0.0,0.0,0.0024,-0.0088,-0.17852310836315155,0.16665950417518616,0.23210465908050537,-0.21658217906951904,0.6781581044197083,-0.6664392948150635,0.0,0.0
6.772614169000001,-0.0848,0.0439,0.7645,-0.711,1.486,-1.4586,1.3581,-0.4876,0.0,-0.0001,0.0,0.0001,0.0,0.0,0.0023,-0.0087,-0.17852315306663513,0.1666598916053772,0.23210537433624268,-0.216583251953125,0.678157389163971,-0.6664392948150635,0.0,0.0
6.782628232,-0.0848,0.0439,0.7645,-0.711,1.486,-1.4586,1.3581,-0.4877,0.0,-0.0001,0.0,0.0001,0.0,0.0,0.0024,-0.0088,-0.17852315306663513,0.1666598916053772,0.23210537433624268,-0.216583251953125,0.678157389163971,-0.6664392948150635,0.0,0.0
6.792647973,-0.0848,0.0439,0.7645,-0.711,1.486,-1.4586,1.3581,-0.4877,0.0,-0.0001,0.0,0.0001,0.0,0.0,0.0024,-0.0088,-0.17852315306663513,0.1666598916053772,0.23210537433624268,-0.216583251953125,0.678157389163971,-0.6664392948150635,0.0,0.0
6.802630788,-0.0848,0.0439,0.7645,-0.711,1.486,-1.4586,1.3581,-0.4877,0.0,-0.0001,0.0,0.0001,0.0,0.0,0.0023,-0.0088,-0.1785230189561844,0.16665971279144287,0.23210591077804565,-0.21658343076705933,0.6781570315361023,-0.6664385795593262,0.0,0.0
6.812600616,-0.0848,0.0439,0.7645,-0.711,1.486,-1.4586,1.3581,-0.4878,0.0,-0.0001,0.0,0.0001,0.0,0.0,0.0023,-0.0088,-0.1785230189561844,0.16665971279144287,0.2321062684059143,-0.21658343076705933,0.678157389163971,-0.6664389371871948,0.0,0.0
6.822688104,-0.0848,0.0439,0.7645,-0.711,1.486,-1.4586,1.3581,-0.4878,0.0,-0.0001,0.0,0.0001,0.0,0.0,0.0023,-0.0088,-0.1785230189561844,0.16665971279144287,0.2321062684059143,-0.21658343076705933,0.678157389163971,-0.6664389371871948,0.0,0.0
6.832576102,-0.0848,0.0439,0.7645,-0.711,1.486,-1.4586,1.3581,-0.4878,0.0,-0.0001,0.0,0.0001,0.0,0.0,0.0023,-0.0087,-0.1785230189561844,0.16665971279144287,0.2321062684059143,-0.21658343076705933,0.678157389163971,-0.6664389371871948,0.0,0.0
6.842830125000001,-0.0848,0.0439,0.7645,-0.711,1.486,-1.4586,1.3582,-0.4879,0.0,-0.0001,0.0,0.0001,0.0,0.0,0.0023,-0.0088,-0.17852292954921722,0.16665959358215332,0.23210662603378296,-0.21658360958099365,0.678157389163971,-0.6664389371871948,0.0,0.0
6.852629632,-0.0848,0.0439,0.7645,-0.711,1.486,-1.4586,1.3582,-0.488,0.0,-0.0001,0.0,0.0001,0.0,0.0,0.0023,-0.0088,-0.17852315306663513,0.16665959358215332,0.23210662603378296,-0.216583251953125,0.678157389163971,-0.6664389371871948,0.0,0.0
6.862623524000001,-0.0848,0.0439,0.7645,-0.711,1.486,-1.4586,1.3582,-0.488,0.0,-0.0001,0.0,0.0001,0.0,0.0,0.0023,-0.0088,-0.17852315306663513,0.16665959358215332,0.23210662603378296,-0.216583251953125,0.678157389163971,-0.6664389371871948,0.0,0.0
6.872606974000001,-0.0848,0.0439,0.7645,-0.711,1.486,-1.4586,1.3582,-0.488,0.0,-0.0001,0.0,0.0001,0.0,0.0,0.0023,-0.0088,-0.17852315306663513,0.16665959358215332,0.23210662603378296,-0.216583251953125,0.678157389163971,-0.6664389371871948,0.0,0.0
6.882584209,-0.0848,0.0439,0.7645,-0.711,1.486,-1.4586,1.3582,-0.4881,0.0,-0.0001,0.0,0.0001,0.0,0.0,0.0023,-0.0088,-0.17852315306663513,0.16665975749492645,0.2321062684059143,-0.216583251953125,0.678157389163971,-0.6664389371871948,0.0,0.0
6.89262818,-0.0848,0.0439,0.7645,-0.711,1.486,-1.4586,1.3582,-0.4881,0.0,-0.0001,0.0,0.0001,0.0,0.0,0.0023,-0.0088,-0.17852315306663513,0.16665975749492645,0.2321062684059143,-0.216583251953125,0.678157389163971,-0.6664389371871948,0.0,0.0
6.902642425000001,-0.0848,0.0439,0.7645,-0.711,1.486,-1.4586,1.3582,-0.4881,0.0,-0.0001,0.0,0.0001,0.0,0.0,0.0023,-0.0088,-0.17852315306663513,0.16665975749492645,0.2321062684059143,-0.216583251953125,0.678157389163971,-0.6664389371871948,0.0,0.0
6.9126228560000005,-0.0848,0.0439,0.7645,-0.711,1.486,-1.4586,1.3582,-0.4881,0.0,-0.0001,0.0,0.0001,0.0,0.0,0.0023,-0.0088,-0.1785230189561844,0.1666596680879593,0.23210644721984863,-0.21658343076705933,0.6781570315361023,-0.6664389371871948,0.0,0.0
6.922605155,-0.0848,0.0439,0.7645,-0.711,1.486,-1.4586,1.3583,-0.4882,0.0,-0.0001,0.0,0.0001,0.0,0.0,0.0023,-0.0088,-0.17852310836315155,0.16665977239608765,0.2321062684059143,-0.21658289432525635,0.6781570315361023,-0.6664385795593262,0.0,0.0
6.9326573840000005,-0.0848,0.0439,0.7645,-0.711,1.486,-1.4586,1.3583,-0.4882,0.0,-0.0001,0.0,0.0001,0.0,0.0,0.0023,-0.0088,-0.17852310836315155,0.16665977239608765,0.2321062684059143,-0.21658289432525635,0.6781570315361023,-0.6664385795593262,0.0,0.0
6.9426071270000005,-0.0848,0.0439,0.7645,-0.711,1.486,-1.4586,1.3583,-0.4883,0.0,-0.0001,0.0,0.0001,0.0,0.0,0.0023,-0.0088,-0.17852310836315155,0.16665977239608765,0.2321062684059143,-0.21658289432525635,0.6781570315361023,-0.6664385795593262,0.0,0.0
6.952629768,-0.0848,0.0439,0.7645,-0.711,1.486,-1.4586,1.3583,-0.4883,0.0,-0.0001,0.0,0.0001,0.0,0.0,0.0022,-0.0088,-0.17852328717708588,0.1666596233844757,0.23210608959197998,-0.21658289432525635,0.6781577467918396,-0.6664389371871948,0.0,0.0
6.962630706000001,-0.0848,0.0439,0.7645,-0.711,1.486,-1.4586,1.3583,-0.4884,0.0,-0.0001,0.0,0.0001,0.0,0.0,0.0022,-0.0088,-0.1785230189561844,0.1666593998670578,0.23210644721984863,-0.216583251953125,0.678157389163971,-0.6664389371871948,0.0,0.0
6.972632539,-0.0848,0.0439,0.7645,-0.711,1.486,-1.4586,1.3583,-0.4884,0.0,-0.0001,0.0,0.0001,0.0,0.0,0.0022,-0.0088,-0.1785230189561844,0.1666593998670578,0.23210644721984863,-0.216583251953125,0.678157389163971,-0.6664389371871948,0.0,0.0
6.982572814,-0.0848,0.0439,0.7645,-0.711,1.486,-1.4586,1.3583,-0.4885,0.0,-0.0001,0.0,0.0001,0.0,0.0,0.0022,-0.0088,-0.1785230189561844,0.1666593998670578,0.23210644721984863,-0.216583251953125,0.678157389163971,-0.6664389371871948,0.0,0.0
6.992571172000001,-0.0848,0.0439,0.7645,-0.711,1.486,-1.4586,1.3583,-0.4885,0.0,-0.0001,0.0,0.0001,0.0,0.0,0.0022,-0.0088,-0.1785230189561844,0.16665959358215332,0.23210662603378296,-0.21658343076705933,0.678157389163971,-0.6664385795593262,0.0,0.0
7.002685474000001,-0.0848,0.0439,0.7645,-0.711,1.486,-1.4586,1.3583,-0.4885,0.0,-0.0001,0.0,0.0001,0.0,0.0,0.0022,-0.0088,-0.1785230189561844,0.16665959358215332,0.23210662603378296,-0.21658343076705933,0.678157389163971,-0.6664385795593262,0.0,0.0
7.012629575,-0.0848,0.0439,0.7645,-0.711,1.486,-1.4586,1.3583,-0.4885,0.0,-0.0001,0.0,0.0001,0.0,0.0,0.0022,-0.0088,-0.1785230189561844,0.16665959358215332,0.23210662603378296,-0.21658343076705933,0.678157389163971,-0.6664385795593262,0.0,0.0
7.022877762,-0.0848,0.0439,0.7645,-0.711,1.486,-1.4586,1.3584,-0.4886,0.0,-0.0001,0.0,0.0001,0.0,0.0,0.0022,-0.0088,-0.17852292954921722,0.16665948927402496,0.23210662603378296,-0.21658343076705933,0.678157389163971,-0.6664389371871948,0.0,0.0
7.032653895,-0.0848,0.0439,0.7645,-0.711,1.486,-1.4586,1.3584,-0.4887,0.0,-0.0001,0.0,0.0001,0.0,0.0,0.0022,-0.0088,-0.17852292954921722,0.16665944457054138,0.23210680484771729,-0.21658360958099365,0.678157389163971,-0.6664389371871948,0.0,0.0
7.042666513,-0.0848,0.0439,0.7645,-0.711,1.486,-1.4586,1.3584,-0.4887,0.0,-0.0001,0.0,0.0001,0.0,0.0,0.0022,-0.0088,-0.17852292954921722,0.16665944457054138,0.23210680484771729,-0.21658360958099365,0.678157389163971,-0.6664389371871948,0.0,0.0
7.052606807,-0.0848,0.0439,0.7645,-0.711,1.486,-1.4586,1.3584,-0.4887,0.0,-0.0001,0.0,0.0001,0.0,0.0,0.0022,-0.0088,-0.17852292954921722,0.16665944457054138,0.23210680484771729,-0.21658360958099365,0.678157389163971,-0.6664389371871948,0.0,0.0
7.062560585000001,-0.0848,0.0439,0.7645,-0.711,1.486,-1.4586,1.3584,-0.4888,0.0,-0.0001,0.0,0.0001,0.0,0.0,0.0021,-0.0088,-0.17852288484573364,0.16665948927402496,0.23210644721984863,-0.216583251953125,0.678157389163971,-0.6664389371871948,0.0,0.0
7.072690114,-0.0848,0.0439,0.7645,-0.711,1.486,-1.4586,1.3584,-0.4888,0.0,-0.0001,0.0,0.0001,0.0,0.0,0.0022,-0.0088,-0.1785230189561844,0.16665971279144287,0.23210662603378296,-0.21658343076705933,0.678157389163971,-0.6664389371871948,0.0,0.0
7.0826575080000005,-0.0848,0.0439,0.7645,-0.711,1.486,-1.4586,1.3584,-0.4888,0.0,-0.0001,0.0,0.0001,0.0,0.0,0.0022,-0.0088,-0.1785230189561844,0.16665971279144287,0.23210662603378296,-0.21658343076705933,0.678157389163971,-0.6664389371871948,0.0,0.0
7.092610261000001,-0.0848,0.0439,0.7645,-0.711,1.486,-1.4586,1.3584,-0.4889,0.0,-0.0001,0.0,0.0001,0.0,0.0,0.0022,-0.0088,-0.1785230189561844,0.16665971279144287,0.23210662603378296,-0.21658343076705933,0.678157389163971,-0.6664389371871948,0.0,0.0
7.102596514,-0.0848,0.0439,0.7645,-0.711,1.486,-1.4586,1.3585,-0.489,0.0,-0.0001,0.0,0.0001,0.0,0.0,0.0022,-0.0088,-0.17852284014225006,0.16665957868099213,0.23210680484771729,-0.21658343076705933,0.678157389163971,-0.6664389371871948,0.0,0.0
7.112647793000001,-0.0848,0.0439,0.7645,-0.711,1.486,-1.4586,1.3585,-0.489,0.0,-0.0001,0.0,0.0001,0.0,0.0,0.0022,-0.0088,-0.17852284014225006,0.16665957868099213,0.23210680484771729,-0.21658343076705933,0.678157389163971,-0.6664389371871948,0.0,0.0
7.122623337,-0.0848,0.0439,0.7645,-0.711,1.486,-1.4586,1.3585,-0.489,0.0,-0.0001,0.0,0.0001,0.0,0.0,0.0022,-0.0088,-0.17852284014225006,0.16665957868099213,0.23210680484771729,-0.21658343076705933,0.678157389163971,-0.6664389371871948,0.0,0.0
7.132620149,-0.0848,0.0439,0.7645,-0.711,1.486,-1.4586,1.3585,-0.4891,0.0,-0.0001,0.0,0.0001,0.0,0.0,0.0021,-0.0088,-0.17852288484573364,0.16665944457054138,0.23210662603378296,-0.216583251953125,0.678157389163971,-0.6664389371871948,0.0,0.0
7.142655135,-0.0848,0.0439,0.7645,-0.711,1.486,-1.4586,1.3585,-0.4891,0.0,-0.0001,0.0,0.0001,0.0,0.0,0.0021,-0.0088,-0.17852284014225006,0.16665959358215332,0.23210662603378296,-0.216583251953125,0.678157389163971,-0.6664389371871948,0.0,0.0
7.152637803,-0.0848,0.0439,0.7645,-0.711,1.486,-1.4586,1.3585,-0.4891,0.0,-0.0001,0.0,0.0001,0.0,0.0,0.0021,-0.0088,-0.17852284014225006,0.16665959358215332,0.23210662603378296,-0.216583251953125,0.678157389163971,-0.6664389371871948,0.0,0.0
7.162606553000001,-0.0848,0.0439,0.7645,-0.711,1.486,-1.4586,1.3585,-0.4892,0.0,-0.0001,0.0,0.0001,0.0,0.0,0.0021,-0.0088,-0.17852284014225006,0.16665959358215332,0.23210662603378296,-0.216583251953125,0.678157389163971,-0.6664389371871948,0.0,0.0
7.172633358000001,-0.0848,0.0439,0.7645,-0.711,1.486,-1.4586,1.3585,-0.4892,0.0,-0.0001,0.0,0.0001,0.0,0.0,0.0021,-0.0088,-0.17852284014225006,0.16665944457054138,0.23210662603378296,-0.216583251953125,0.678157389163971,-0.6664389371871948,0.0,0.0
7.182670552,-0.0848,0.0439,0.7645,-0.711,1.486,-1.4586,1.3585,-0.4893,0.0,-0.0001,0.0,0.0001,0.0,0.0,0.0021,-0.0088,-0.17852284014225006,0.16665959358215332,0.23210662603378296,-0.216583251953125,0.678157389163971,-0.6664389371871948,0.0,0.0
7.192692340000001,-0.0848,0.0439,0.7645,-0.711,1.486,-1.4586,1.3585,-0.4893,0.0,-0.0001,0.0,0.0001,0.0,0.0,0.0021,-0.0088,-0.17852284014225006,0.16665959358215332,0.23210662603378296,-0.216583251953125,0.678157389163971,-0.6664389371871948,0.0,0.0
7.202666845,-0.0848,0.0439,0.7645,-0.711,1.486,-1.4586,1.3585,-0.4893,0.0,-0.0001,0.0,0.0001,0.0,0.0,0.0021,-0.0088,-0.17852284014225006,0.16665959358215332,0.23210662603378296,-0.216583251953125,0.678157389163971,-0.6664389371871948,0.0,0.0
7.21260175,-0.0848,0.0439,0.7645,-0.711,1.486,-1.4586,1.3586,-0.4894,0.0,-0.0001,0.0,0.0001,0.0,0.0,0.0021,-0.0088,-0.17852284014225006,0.16665944457054138,0.23210662603378296,-0.216583251953125,0.678157389163971,-0.6664389371871948,0.0,0.0
7.222685622,-0.0848,0.0439,0.7645,-0.711,1.486,-1.4586,1.3586,-0.4894,0.0,-0.0001,0.0,0.0001,0.0,0.0,0.0021,-0.0088,-0.17852284014225006,0.16665944457054138,0.23210662603378296,-0.216583251953125,0.678157389163971,-0.6664389371871948,0.0,0.0
7.233029019000001,-0.0848,0.0439,0.7645,-0.711,1.486,-1.4586,1.3586,-0.4895,0.0,-0.0001,0.0,0.0001,0.0,0.0,0.0021,-0.0088,-0.17852284014225006,0.16665959358215332,0.23210662603378296,-0.216583251953125,0.678157389163971,-0.6664389371871948,0.0,0.0
7.242600690000001,-0.0848,0.0439,0.7645,-0.711,1.486,-1.4586,1.3586,-0.4895,0.0,-0.0001,0.0,0.0001,0.0,0.0,0.0021,-0.0088,-0.17852284014225006,0.16665959358215332,0.23210662603378296,-0.216583251953125,0.678157389163971,-0.6664389371871948,0.0,0.0
7.252702906000001,-0.0848,0.0439,0.7645,-0.711,1.486,-1.4586,1.3586,-0.4896,0.0,-0.0001,0.0,0.0001,0.0,0.0,0.002,-0.0088,-0.17852284014225006,0.16665944457054138,0.23210662603378296,-0.216583251953125,0.678157389163971,-0.6664389371871948,0.0,0.0
7.26272344,-0.0848,0.0439,0.7645,-0.711,1.486,-1.4586,1.3586,-0.4896,0.0,-0.0001,0.0,0.0001,0.0,0.0,0.002,-0.0088,-0.17852284014225006,0.16665944457054138,0.23210662603378296,-0.216583251953125,0.678157389163971,-0.6664389371871948,0.0,0.0
7.272580230000001,-0.0848,0.0439,0.7645,-0.711,1.486,-1.4586,1.3586,-0.4896,0.0,-0.0001,0.0,0.0001,0.0,0.0,0.0021,-0.0089,-0.17852284014225006,0.16665944457054138,0.23210662603378296,-0.216583251953125,0.678157389163971,-0.6664389371871948,0.0,0.0
7.282628728000001,-0.0848,0.0439,0.7645,-0.711,1.486,-1.4586,1.3586,-0.4897,0.0,-0.0001,0.0,0.0001,0.0,0.0,0.002,-0.0088,-0.17852284014225006,0.16665959358215332,0.23210662603378296,-0.216583251953125,0.678157389163971,-0.6664389371871948,0.0,0.0
7.292752553000001,-0.0848,0.0439,0.7645,-0.711,1.486,-1.4586,1.3587,-0.4897,0.0,-0.0001,0.0,0.0001,0.0,0.0,0.002,-0.0089,-0.17852284014225006,0.16665944457054138,0.23210662603378296,-0.216583251953125,0.678157389163971,-0.6664389371871948,0.0,0.0
7.302655586,-0.0848,0.0439,0.7645,-0.711,1.486,-1.4586,1.3587,-0.4897,0.0,-0.0001,0.0,0.0001,0.0,0.0,0.002,-0.0089,-0.17852284014225006,0.16665944457054138,0.23210662603378296,-0.216583251953125,0.678157389163971,-0.6664389371871948,0.0,0.0
7.313154993,-0.0848,0.0439,0.7645,-0.711,1.486,-1.4586,1.3587,-0.4898,0.0,-0.0001,0.0,0.0001,0.0,0.0,0.002,-0.0089,-0.17852284014225006,0.16665959358215332,0.23210662603378296,-0.216583251953125,0.678157389163971,-0.6664389371871948,0.0,0.0
7.322601884000001,-0.0848,0.0439,0.7645,-0.711,1.486,-1.4586,1.3587,-0.4899,0.0,-0.0001,0.0,0.0001,0.0,0.0,0.002,-0.0089,-0.17852284014225006,0.16665959358215332,0.23210662603378296,-0.216583251953125,0.678157389163971,-0.6664389371871948,0.0,0.0
7.332658476000001,-0.0848,0.0439,0.7645,-0.711,1.486,-1.4586,1.3587,-0.4899,0.0,-0.0001,0.0,0.0001,0.0,0.0,0.002,-0.0089,-0.17852284014225006,0.16665959358215332,0.23210662603378296,-0.216583251953125,0.678157389163971,-0.6664389371871948,0.0,0.0
7.342592990000001,-0.0848,0.0439,0.7645,-0.711,1.486,-1.4586,1.3587,-0.4899,0.0,-0.0001,0.0,0.0001,0.0,0.0,0.002,-0.0088,-0.17852284014225006,0.16665944457054138,0.23210662603378296,-0.216583251953125,0.678157389163971,-0.6664389371871948,0.0,0.0
7.353083933000001,-0.0848,0.0439,0.7645,-0.711,1.486,-1.4586,1.3587,-0.49,0.0,-0.0001,0.0,0.0001,0.0,0.0,0.002,-0.0089,-0.17852284014225006,0.16665959358215332,0.23210662603378296,-0.216583251953125,0.678157389163971,-0.6664389371871948,0.0,0.0
7.362672914000001,-0.0848,0.0439,0.7645,-0.711,1.486,-1.4586,1.3587,-0.49,0.0,-0.0001,0.0,0.0001,0.0,0.0,0.002,-0.0089,-0.17852284014225006,0.16665959358215332,0.23210662603378296,-0.216583251953125,0.678157389163971,-0.6664389371871948,0.0,0.0
7.372632939000001,-0.0848,0.0439,0.7645,-0.711,1.486,-1.4586,1.3587,-0.49,0.0,-0.0001,0.0,0.0001,0.0,0.0,0.002,-0.0089,-0.17852284014225006,0.16665959358215332,0.23210662603378296,-0.216583251953125,0.678157389163971,-0.6664389371871948,0.0,0.0
7.382623317,-0.0848,0.0439,0.7645,-0.711,1.486,-1.4586,1.3587,-0.49,0.0,-0.0001,0.0,0.0001,0.0,0.0,0.002,-0.0088,-0.17852284014225006,0.16665959358215332,0.23210662603378296,-0.216583251953125,0.678157389163971,-0.6664389371871948,0.0,0.0
7.392845509000001,-0.0848,0.0439,0.7645,-0.711,1.486,-1.4586,1.3588,-0.4902,0.0,-0.0001,0.0,0.0001,0.0,0.0,0.0019,-0.0089,-0.17852284014225006,0.16665959358215332,0.23210662603378296,-0.216583251953125,0.678157389163971,-0.6664389371871948,0.0,0.0
7.402874401,-0.0848,0.0439,0.7645,-0.711,1.486,-1.4586,1.3588,-0.4902,0.0,-0.0001,0.0,0.0001,0.0,0.0,0.0019,-0.0089,-0.17852284014225006,0.16665959358215332,0.23210662603378296,-0.216583251953125,0.678157389163971,-0.6664389371871948,0.0,0.0
7.4126511090000005,-0.0848,0.0439,0.7645,-0.711,1.486,-1.4586,1.3588,-0.4902,0.0,-0.0001,0.0,0.0001,0.0,0.0,0.0019,-0.0089,-0.17852284014225006,0.16665959358215332,0.23210662603378296,-0.216583251953125,0.678157389163971,-0.6664389371871948,0.0,0.0
7.422589004000001,-0.0848,0.0439,0.7645,-0.711,1.486,-1.4586,1.3588,-0.4903,0.0,-0.0001,0.0,0.0001,0.0,0.0,0.0019,-0.0089,-0.17852284014225006,0.16665944457054138,0.23210662603378296,-0.216583251953125,0.678157389163971,-0.6664389371871948,0.0,0.0
7.432598342,-0.0848,0.0439,0.7645,-0.711,1.486,-1.4586,1.3588,-0.4903,0.0,-0.0001,0.0,0.0001,0.0,0.0,0.0019,-0.0089,-0.17852284014225006,0.16665944457054138,0.23210662603378296,-0.216583251953125,0.678157389163971,-0.6664389371871948,0.0,0.0
7.442669905000001,-0.0848,0.0439,0.7645,-0.711,1.486,-1.4586,1.3588,-0.4903,0.0,-0.0001,0.0,0.0001,0.0,0.0,0.0019,-0.0089,-0.17852284014225006,0.16665944457054138,0.23210662603378296,-0.216583251953125,0.678157389163971,-0.6664389371871948,0.0,0.0
7.452604934000001,-0.0848,0.0439,0.7644,-0.711,1.486,-1.4586,1.3588,-0.4904,0.0,-0.0001,0.0,0.0001,0.0,0.0,0.0019,-0.0089,-0.1784956157207489,0.16662542521953583,0.2325495034456253,-0.21661651134490967,0.6781602501869202,-0.6664754152297974,0.0,0.0
7.4625651170000005,-0.0848,0.0439,0.7644,-0.711,1.486,-1.4586,1.3588,-0.4904,0.0,-0.0001,0.0,0.0001,0.0,0.0,0.0019,-0.0089,-0.1784704476594925,0.1665966808795929,0.23260940611362457,-0.21664440631866455,0.6781731247901917,-0.6664925813674927,0.0,0.0
7.472669564,-0.0848,0.0439,0.7644,-0.711,1.486,-1.4586,1.3588,-0.4904,0.0,-0.0001,0.0,0.0001,0.0,0.0,0.0019,-0.0089,-0.1784704476594925,0.1665966808795929,0.23260940611362457,-0.21664440631866455,0.6781731247901917,-0.6664925813674927,0.0,0.0
7.482639005,-0.0848,0.0439,0.7644,-0.711,1.486,-1.4586,1.3588,-0.4904,0.0,-0.0001,0.0,0.0001,0.0,0.0,0.0019,-0.0089,-0.1784704476594925,0.1665966808795929,0.23260940611362457,-0.21664440631866455,0.6781731247901917,-0.6664925813674927,0.0,0.0
7.492624653,-0.0848,0.0439,0.7644,-0.711,1.486,-1.4586,1.3588,-0.4905,0.0,-0.0001,0.0,0.0001,0.0,0.0,0.0019,-0.0089,-0.17845480144023895,0.16657902300357819,0.23263640701770782,-0.2166604995727539,0.6781834959983826,-0.6665018796920776,0.0,0.0
7.502548419,-0.0848,0.0439,0.7644,-0.711,1.486,-1.4586,1.3588,-0.4906,0.0,-0.0001,0.0,0.0001,0.0,0.0,0.0019,-0.0089,-0.1784459501504898,0.16656909883022308,0.23264731466770172,-0.21666818857192993,0.6781888604164124,-0.6665047407150269,0.0,0.0
7.512651794000001,-0.0848,0.0439,0.7644,-0.711,1.486,-1.4586,1.3588,-0.4906,0.0,-0.0001,0.0,0.0001,0.0,0.0,0.0019,-0.0089,-0.1784459501504898,0.16656909883022308,0.23264731466770172,-0.21666818857192993,0.6781888604164124,-0.6665047407150269,0.0,0.0
7.5226210920000005,-0.0848,0.0439,0.7644,-0.711,1.486,-1.4586,1.3588,-0.4906,0.0,-0.0001,0.0,0.0001,0.0,0.0,0.0019,-0.0089,-0.1784459501504898,0.16656909883022308,0.23264731466770172,-0.21666818857192993,0.6781888604164124,-0.6665047407150269,0.0,0.0
7.53298028,-0.0848,0.0439,0.7644,-0.711,1.486,-1.4586,1.3589,-0.4907,0.0,-0.0001,0.0,0.0001,0.0,0.0,0.0019,-0.0089,-0.1784413903951645,0.16656462848186493,0.23265321552753448,-0.21667230129241943,0.678190290927887,-0.6665068864822388,0.0,0.0
7.5426429090000005,-0.0848,0.0439,0.7644,-0.711,1.486,-1.4586,1.3589,-0.4908,0.0,-0.0001,0.0,0.0001,0.0,0.0,0.0018,-0.0089,-0.1784413903951645,0.16656462848186493,0.23265321552753448,-0.21667230129241943,0.678190290927887,-0.6665068864822388,0.0,0.0
7.552656512,-0.0848,0.0439,0.7644,-0.711,1.486,-1.4586,1.3589,-0.4908,0.0,-0.0001,0.0,0.0001,0.0,0.0,0.0018,-0.0089,-0.1784413903951645,0.16656462848186493,0.23265321552753448,-0.21667230129241943,0.678190290927887,-0.6665068864822388,0.0,0.0
7.563108434,-0.0848,0.0439,0.7644,-0.711,1.486,-1.4586,1.3589,-0.4908,0.0,-0.0001,0.0,0.0001,0.0,0.0,0.0018,-0.0089,-0.1784394234418869,0.16656208038330078,0.23265589773654938,-0.2166755199432373,0.6781913638114929,-0.6665072441101074,0.0,0.0
7.5726029420000005,-0.0848,0.0439,0.7644,-0.711,1.486,-1.4586,1.3589,-0.4909,0.0,-0.0001,0.0,0.0001,0.0,0.0,0.0019,-0.0089,-0.1784384399652481,0.16656118631362915,0.2326580435037613,-0.21667695045471191,0.6781920790672302,-0.6665076017379761,0.0,0.0
7.582656591,-0.0848,0.0439,0.7644,-0.711,1.486,-1.4586,1.3589,-0.4909,0.0,-0.0001,0.0,0.0001,0.0,0.0,0.0019,-0.0089,-0.1784384399652481,0.16656118631362915,0.2326580435037613,-0.21667695045471191,0.6781920790672302,-0.6665076017379761,0.0,0.0
7.592570631,-0.0848,0.0439,0.7644,-0.711,1.486,-1.4586,1.3589,-0.4909,0.0,-0.0001,0.0,0.0001,0.0,0.0,0.0018,-0.0089,-0.1784384399652481,0.16656118631362915,0.2326580435037613,-0.21667695045471191,0.6781920790672302,-0.6665076017379761,0.0,0.0
7.602801826,-0.0848,0.0439,0.7644,-0.711,1.486,-1.4586,1.3589,-0.491,0.0,-0.0001,0.0,0.0001,0.0,0.0,0.0018,-0.0089,-0.17843745648860931,0.16655997931957245,0.23265911638736725,-0.21667730808258057,0.6781927943229675,-0.6665079593658447,0.0,0.0
7.6126193010000005,-0.0848,0.0439,0.7644,-0.711,1.486,-1.4586,1.3589,-0.4911,0.0,-0.0001,0.0,0.0001,0.0,0.0,0.0018,-0.0089,-0.17843714356422424,0.16655968129634857,0.2326594740152359,-0.2166774868965149,0.6781931519508362,-0.6665083169937134,0.0,0.0
7.622677680000001,-0.0848,0.0439,0.7644,-0.711,1.486,-1.4586,1.3589,-0.4911,0.0,-0.0001,0.0,0.0001,0.0,0.0,0.0018,-0.0089,-0.17843714356422424,0.16655968129634857,0.2326594740152359,-0.2166774868965149,0.6781931519508362,-0.6665083169937134,0.0,0.0
7.632584539000001,-0.0848,0.0439,0.7644,-0.711,1.486,-1.4586,1.3589,-0.4911,0.0,-0.0001,0.0,0.0001,0.0,0.0,0.0018,-0.0089,-0.17843714356422424,0.16655968129634857,0.2326594740152359,-0.2166774868965149,0.6781931519508362,-0.6665083169937134,0.0,0.0
7.642603135000001,-0.0848,0.0439,0.7644,-0.711,1.486,-1.4586,1.359,-0.4912,0.0,-0.0001,0.0,0.0001,0.0,0.0,0.0018,-0.0089,-0.17843683063983917,0.16655921936035156,0.23265983164310455,-0.2166774868965149,0.6781931519508362,-0.6665090322494507,0.0,0.0
7.652666913000001,-0.0848,0.0439,0.7644,-0.711,1.486,-1.4586,1.359,-0.4912,0.0,-0.0001,0.0,0.0001,0.0,0.0,0.0018,-0.0089,-0.17843683063983917,0.16655921936035156,0.23265983164310455,-0.2166774868965149,0.6781931519508362,-0.6665090322494507,0.0,0.0
7.6626339230000005,-0.0848,0.0439,0.7644,-0.711,1.486,-1.4586,1.359,-0.4912,0.0,-0.0001,0.0,0.0001,0.0,0.0,0.0018,-0.0089,-0.17843683063983917,0.16655921936035156,0.23265983164310455,-0.2166774868965149,0.6781931519508362,-0.6665090322494507,0.0,0.0
7.672624196,-0.0848,0.0439,0.7644,-0.711,1.486,-1.4586,1.359,-0.4913,0.0,-0.0001,0.0,0.0001,0.0,0.0,0.0018,-0.0089,-0.17843647301197052,0.16655883193016052,0.2326594740152359,-0.2166774868965149,0.6781927943229675,-0.6665093898773193,0.0,0.0
7.682655271000001,-0.0848,0.0439,0.7644,-0.711,1.486,-1.4586,1.359,-0.4913,0.0,-0.0001,0.0,0.0001,0.0,0.0,0.0018,-0.0089,-0.17843647301197052,0.16655895113945007,0.2326594740152359,-0.21667730808258057,0.6781927943229675,-0.6665093898773193,0.0,0.0
7.692645419000001,-0.0848,0.0439,0.7644,-0.711,1.486,-1.4586,1.359,-0.4913,0.0,-0.0001,0.0,0.0001,0.0,0.0,0.0018,-0.0089,-0.17843647301197052,0.16655895113945007,0.2326594740152359,-0.21667730808258057,0.6781927943229675,-0.6665093898773193,0.0,0.0
7.702624195,-0.0848,0.0439,0.7644,-0.711,1.486,-1.4586,1.359,-0.4914,0.0,-0.0001,0.0,0.0001,0.0,0.0,0.0018,-0.0089,-0.17843647301197052,0.16655895113945007,0.2326594740152359,-0.21667730808258057,0.6781927943229675,-0.6665093898773193,0.0,0.0
7.712540972,-0.0848,0.0439,0.7644,-0.711,1.486,-1.4586,1.359,-0.4915,0.0,-0.0001,0.0,0.0001,0.0,0.0,0.0018,-0.0089,-0.17843647301197052,0.16655872762203217,0.23265983164310455,-0.2166774868965149,0.6781927943229675,-0.6665093898773193,0.0,0.0
7.722625209,-0.0848,0.0439,0.7644,-0.711,1.486,-1.4586,1.359,-0.4915,0.0,-0.0001,0.0,0.0001,0.0,0.0,0.0017,-0.0089,-0.17843642830848694,0.16655877232551575,0.23265965282917023,-0.21667766571044922,0.6781924366950989,-0.6665090322494507,0.0,0.0
7.732667418,-0.0848,0.0439,0.7644,-0.711,1.486,-1.4586,1.359,-0.4915,0.0,-0.0001,0.0,0.0001,0.0,0.0,0.0017,-0.0089,-0.17843642830848694,0.16655877232551575,0.23265965282917023,-0.21667766571044922,0.6781924366950989,-0.6665090322494507,0.0,0.0
7.742566742,-0.0848,0.0439,0.7644,-0.711,1.486,-1.4586,1.359,-0.4916,0.0,-0.0001,0.0,0.0001,0.0,0.0,0.0017,-0.0089,-0.17843642830848694,0.16655877232551575,0.23265965282917023,-0.21667766571044922,0.6781924366950989,-0.6665090322494507,0.0,0.0
7.7526007990000005,-0.0848,0.0439,0.7644,-0.711,1.486,-1.4586,1.3591,-0.4916,0.0,-0.0001,0.0,0.0001,0.0,0.0,0.0017,-0.0089,-0.17843647301197052,0.1665589064359665,0.23265965282917023,-0.2166774868965149,0.6781927943229675,-0.6665093898773193,0.0,0.0
7.7626530460000005,-0.0848,0.0439,0.7644,-0.711,1.486,-1.4586,1.3591,-0.4916,0.0,-0.0001,0.0,0.0001,0.0,0.0,0.0017,-0.0089,-0.17843647301197052,0.1665589064359665,0.23265965282917023,-0.2166774868965149,0.6781927943229675,-0.6665093898773193,0.0,0.0
7.772694825,-0.0848,0.0439,0.7644,-0.711,1.486,-1.4586,1.3591,-0.4916,0.0,-0.0001,0.0,0.0001,0.0,0.0,0.0017,-0.0089,-0.17843647301197052,0.1665589064359665,0.23265965282917023,-0.2166774868965149,0.6781927943229675,-0.6665093898773193,0.0,0.0
7.782646689000001,-0.0848,0.0439,0.7644,-0.711,1.486,-1.4586,1.3591,-0.4917,0.0,-0.0001,0.0,0.0001,0.0,0.0,0.0017,-0.0089,-0.17843647301197052,0.16655878722667694,0.23265965282917023,-0.2166774868965149,0.6781927943229675,-0.6665093898773193,0.0,0.0
7.7926593650000004,-0.0848,0.0439,0.7644,-0.711,1.486,-1.4586,1.3591,-0.4918,0.0,-0.0001,0.0,0.0001,0.0,0.0,0.0017,-0.0089,-0.17843647301197052,0.16655868291854858,0.2326594740152359,-0.21667784452438354,0.6781927943229675,-0.6665093898773193,0.0,0.0
7.8026106010000005,-0.0848,0.0439,0.7644,-0.711,1.486,-1.4586,1.3591,-0.4918,0.0,-0.0001,0.0,0.0001,0.0,0.0,0.0017,-0.0089,-0.17843647301197052,0.16655868291854858,0.2326594740152359,-0.21667784452438354,0.6781927943229675,-0.6665093898773193,0.0,0.0
7.812611008,-0.0848,0.0439,0.7644,-0.711,1.486,-1.4586,1.3591,-0.4918,0.0,-0.0001,0.0,0.0001,0.0,0.0,0.0017,-0.0089,-0.17843647301197052,0.16655868291854858,0.2326594740152359,-0.21667784452438354,0.6781927943229675,-0.6665093898773193,0.0,0.0
7.822633544,-0.0848,0.0438,0.7644,-0.711,1.486,-1.4586,1.3591,-0.4919,0.0,-0.0001,0.0,0.0001,0.0,0.0,0.0017,-0.0089,-0.17843656241893768,0.16685894131660461,0.2326594740152359,-0.2166782021522522,0.6781927943229675,-0.6665093898773193,0.0,0.0
7.832640953,-0.0848,0.0438,0.7644,-0.711,1.486,-1.4586,1.3591,-0.492,0.0,-0.0001,0.0,0.0001,0.0,0.0,0.0017,-0.0089,-0.17833298444747925,0.16700606048107147,0.2326676994562149,-0.2167431116104126,0.6781724095344543,-0.6665326356887817,0.0,0.0
7.842649497000001,-0.0848,0.0438,0.7644,-0.711,1.486,-1.4586,1.3591,-0.492,0.0,-0.0001,0.0,0.0001,0.0,0.0,0.0017,-0.0089,-0.17833298444747925,0.16700606048107147,0.2326676994562149,-0.2167431116104126,0.6781724095344543,-0.6665326356887817,0.0,0.0
7.852689758,-0.0848,0.0438,0.7644,-0.711,1.486,-1.4586,1.3591,-0.492,0.0,-0.0001,0.0,0.0001,0.0,0.0,0.0016,-0.0089,-0.17833298444747925,0.16700606048107147,0.2326676994562149,-0.2167431116104126,0.6781724095344543,-0.6665326356887817,0.0,0.0
7.862628268000001,-0.0848,0.0438,0.7644,-0.711,1.486,-1.4586,1.3591,-0.4921,0.0,-0.0001,0.0,0.0001,0.0,0.0,0.0016,-0.0089,-0.17830701172351837,0.16704173386096954,0.23267395794391632,-0.2167670726776123,0.6781770586967468,-0.6665319204330444,0.0,0.0
7.872669568,-0.0848,0.0438,0.7644,-0.711,1.486,-1.4586,1.3591,-0.4921,0.0,-0.0001,0.0,0.0001,0.0,0.0,0.0016,-0.0089,-0.17830701172351837,0.16704173386096954,0.23267395794391632,-0.2167670726776123,0.6781770586967468,-0.6665319204330444,0.0,0.0
7.882607613,-0.0848,0.0438,0.7644,-0.711,1.486,-1.4586,1.3591,-0.4921,0.0,-0.0001,0.0,0.0001,0.0,0.0,0.0016,-0.0089,-0.17830003798007965,0.16704954206943512,0.23267771303653717,-0.21677637100219727,0.678182065486908,-0.666533350944519,0.0,0.0
7.892606402,-0.0848,0.0438,0.7644,-0.711,1.486,-1.4586,1.3592,-0.4922,0.0,-0.0001,0.0,0.0001,0.0,0.0,0.0016,-0.009,-0.17830003798007965,0.16704954206943512,0.23267771303653717,-0.21677637100219727,0.678182065486908,-0.666533350944519,0.0,0.0
7.902687557,-0.0848,0.0438,0.7644,-0.711,1.486,-1.4586,1.3592,-0.4922,0.0,-0.0001,0.0,0.0001,0.0,0.0,0.0016,-0.0089,-0.17829744517803192,0.16705116629600525,0.23268039524555206,-0.21678012609481812,0.6781838536262512,-0.6665329933166504,0.0,0.0
7.912641612000001,-0.0848,0.0438,0.7644,-0.711,1.486,-1.4586,1.3592,-0.4922,0.0,-0.0001,0.0,0.0001,0.0,0.0,0.0016,-0.0089,-0.17829744517803192,0.16705116629600525,0.23268039524555206,-0.21678012609481812,0.6781838536262512,-0.6665329933166504,0.0,0.0
7.922583501,-0.0848,0.0438,0.7644,-0.711,1.486,-1.4586,1.3592,-0.4923,0.0,-0.0001,0.0,0.0001,0.0,0.0,0.0016,-0.009,-0.17829717695713043,0.1670512855052948,0.2326812893152237,-0.2167813777923584,0.6781838536262512,-0.6665329933166504,0.0,0.0
7.932607817,-0.0848,0.0438,0.7644,-0.711,1.486,-1.4586,1.3592,-0.4924,0.0,-0.0001,0.0,0.0001,0.0,0.0,0.0016,-0.009,-0.1782969981431961,0.1670512557029724,0.232682004570961,-0.2167820930480957,0.6781842112541199,-0.6665329933166504,0.0,0.0
7.942677033000001,-0.0848,0.0438,0.7644,-0.711,1.486,-1.4586,1.3592,-0.4924,0.0,-0.0001,0.0,0.0001,0.0,0.0,0.0016,-0.009,-0.1782969981431961,0.1670512557029724,0.232682004570961,-0.2167820930480957,0.6781842112541199,-0.6665329933166504,0.0,0.0
7.9526194100000005,-0.0848,0.0438,0.7644,-0.711,1.486,-1.4586,1.3592,-0.4924,0.0,-0.0001,0.0,0.0001,0.0,0.0,0.0016,-0.009,-0.1782969981431961,0.1670512557029724,0.232682004570961,-0.2167820930480957,0.6781842112541199,-0.6665329933166504,0.0,0.0
7.962603747,-0.0848,0.0438,0.7644,-0.711,1.486,-1.4586,1.3592,-0.4925,0.0,-0.0001,0.0,0.0001,0.0,0.0,0.0016,-0.009,-0.17829664051532745,0.16705112159252167,0.23268164694309235,-0.21678227186203003,0.6781842112541199,-0.6665329933166504,0.0,0.0
7.972617307,-0.0848,0.0438,0.7644,-0.711,1.486,-1.4586,1.3592,-0.4925,0.0,-0.0001,0.0,0.0001,0.0,0.0,0.0016,-0.009,-0.17829664051532745,0.16705112159252167,0.23268164694309235,-0.21678227186203003,0.6781842112541199,-0.6665329933166504,0.0,0.0
7.982643145000001,-0.0848,0.0438,0.7644,-0.711,1.486,-1.4586,1.3592,-0.4925,0.0,-0.0001,0.0,0.0001,0.0,0.0,0.0016,-0.009,-0.17829664051532745,0.16705112159252167,0.23268164694309235,-0.21678227186203003,0.6781842112541199,-0.6665329933166504,0.0,0.0
7.992609375000001,-0.0848,0.0438,0.7644,-0.711,1.486,-1.4586,1.3592,-0.4926,0.0,-0.0001,0.0,0.0001,0.0,0.0,0.0016,-0.009,-0.17829664051532745,0.16705133020877838,0.23268182575702667,-0.21678227186203003,0.6781842112541199,-0.666533350944519,0.0,0.0
8.002612892,-0.0848,0.0438,0.7644,-0.711,1.486,-1.4586,1.3592,-0.4927,0.0,-0.0001,0.0,0.0001,0.0,0.0,0.0016,-0.009,-0.17829632759094238,0.1670510321855545,0.23268182575702667,-0.21678227186203003,0.6781842112541199,-0.666533350944519,0.0,0.0
8.01265817,-0.0848,0.0438,0.7644,-0.711,1.486,-1.4586,1.3592,-0.4927,0.0,-0.0001,0.0,0.0001,0.0,0.0,0.0016,-0.009,-0.17829632759094238,0.1670510321855545,0.23268182575702667,-0.21678227186203003,0.6781842112541199,-0.666533350944519,0.0,0.0
8.022616204,-0.0848,0.0438,0.7644,-0.711,1.486,-1.4586,1.3593,-0.4927,0.0,-0.0001,0.0,0.0001,0.0,0.0,0.0015,-0.009,-0.17829632759094238,0.1670510321855545,0.23268182575702667,-0.21678227186203003,0.6781842112541199,-0.666533350944519,0.0,0.0
8.03263842,-0.0848,0.0438,0.7644,-0.711,1.486,-1.4586,1.3593,-0.4928,0.0,-0.0001,0.0,0.0001,0.0,0.0,0.0016,-0.009,-0.17829637229442596,0.16705076396465302,0.23268236219882965,-0.21678262948989868,0.6781842112541199,-0.6665337085723877,0.0,0.0
8.042622973,-0.0848,0.0438,0.7644,-0.711,1.486,-1.4586,1.3593,-0.4929,0.0,-0.0001,0.0,0.0001,0.0,0.0,0.0015,-0.009,-0.17829619348049164,0.16705067455768585,0.23268254101276398,-0.21678298711776733,0.6781842112541199,-0.666533350944519,0.0,0.0
8.052657275,-0.0848,0.0438,0.7644,-0.711,1.486,-1.4586,1.3593,-0.4929,0.0,-0.0001,0.0,0.0001,0.0,0.0,0.0015,-0.009,-0.17829619348049164,0.16705067455768585,0.23268254101276398,-0.21678298711776733,0.6781842112541199,-0.666533350944519,0.0,0.0
8.062619799,-0.0848,0.0438,0.7644,-0.711,1.486,-1.4586,1.3593,-0.4929,0.0,-0.0001,0.0,0.0001,0.0,0.0,0.0015,-0.009,-0.17829619348049164,0.16705067455768585,0.23268254101276398,-0.21678298711776733,0.6781842112541199,-0.666533350944519,0.0,0.0
8.072603036,-0.0848,0.0438,0.7644,-0.711,1.486,-1.4586,1.3593,-0.4929,0.0,-0.0001,0.0,0.0001,0.0,0.0,0.0015,-0.009,-0.1782960593700409,0.16705067455768585,0.2326827198266983,-0.216782808303833,0.6781842112541199,-0.6665329933166504,0.0,0.0
8.082649333,-0.0848,0.0438,0.7644,-0.711,1.486,-1.4586,1.3593,-0.493,0.0,-0.0001,0.0,0.0001,0.0,0.0,0.0015,-0.009,-0.1782960593700409,0.16705067455768585,0.2326827198266983,-0.216782808303833,0.6781842112541199,-0.6665329933166504,0.0,0.0
8.092626088000001,-0.0848,0.0438,0.7644,-0.711,1.486,-1.4586,1.3593,-0.493,0.0,-0.0001,0.0,0.0001,0.0,0.0,0.0015,-0.009,-0.1782960593700409,0.16705067455768585,0.2326827198266983,-0.216782808303833,0.6781842112541199,-0.6665329933166504,0.0,0.0
8.103081567,-0.0848,0.0438,0.7644,-0.711,1.486,-1.4586,1.3593,-0.4931,0.0,-0.0001,0.0,0.0001,0.0,0.0,0.0015,-0.009,-0.17829614877700806,0.1670505851507187,0.2326827198266983,-0.21678298711776733,0.6781849265098572,-0.666533350944519,0.0,0.0
8.112632176,-0.0848,0.0438,0.7644,-0.711,1.486,-1.4586,1.3593,-0.4931,0.0,-0.0001,0.0,0.0001,0.0,0.0,0.0015,-0.009,-0.17829632759094238,0.16705094277858734,0.23268254101276398,-0.21678316593170166,0.6781849265098572,-0.666533350944519,0.0,0.0
8.122672155,-0.0848,0.0438,0.7644,-0.711,1.486,-1.4586,1.3593,-0.4931,0.0,-0.0001,0.0,0.0001,0.0,0.0,0.0015,-0.009,-0.17829632759094238,0.16705094277858734,0.23268254101276398,-0.21678316593170166,0.6781849265098572,-0.666533350944519,0.0,0.0
8.132551523,-0.0848,0.0438,0.7644,-0.711,1.486,-1.4586,1.3593,-0.4932,0.0,-0.0001,0.0,0.0001,0.0,0.0,0.0015,-0.009,-0.17829632759094238,0.16705094277858734,0.23268254101276398,-0.21678316593170166,0.6781849265098572,-0.666533350944519,0.0,0.0
8.142610052,-0.0848,0.0438,0.7644,-0.711,1.486,-1.4586,1.3594,-0.4933,0.0,-0.0001,0.0,0.0001,0.0,0.0,0.0015,-0.009,-0.17829641699790955,0.16705107688903809,0.23268236219882965,-0.21678316593170166,0.6781849265098572,-0.666533350944519,0.0,0.0
8.152619408,-0.0848,0.0438,0.7644,-0.711,1.486,-1.4586,1.3594,-0.4933,0.0,-0.0001,0.0,0.0001,0.0,0.0,0.0015,-0.009,-0.1782965511083603,0.1670510321855545,0.23268254101276398,-0.21678316593170166,0.6781852841377258,-0.666533350944519,0.0,0.0
8.162685136,-0.0848,0.0438,0.7644,-0.711,1.486,-1.4586,1.3594,-0.4933,0.0,-0.0001,0.0,0.0001,0.0,0.0,0.0015,-0.009,-0.1782965511083603,0.1670510321855545,0.23268254101276398,-0.21678316593170166,0.6781852841377258,-0.666533350944519,0.0,0.0
8.172572838,-0.0848,0.0438,0.7644,-0.711,1.486,-1.4586,1.3594,-0.4934,0.0,-0.0001,0.0,0.0001,0.0,0.0,0.0014,-0.009,-0.1782965511083603,0.1670510321855545,0.23268254101276398,-0.21678316593170166,0.6781852841377258,-0.666533350944519,0.0,0.0
8.182864983,-0.0848,0.0438,0.7644,-0.711,1.486,-1.4586,1.3594,-0.4934,0.0,-0.0001,0.0,0.0001,0.0,0.0,0.0014,-0.009,-0.1782965511083603,0.1670510172843933,0.23268236219882965,-0.21678298711776733,0.6781849265098572,-0.666533350944519,0.0,0.0
8.192710351,-0.0848,0.0438,0.7644,-0.711,1.486,-1.4586,1.3594,-0.4934,0.0,-0.0001,0.0,0.0001,0.0,0.0,0.0014,-0.009,-0.1782965511083603,0.1670510172843933,0.23268236219882965,-0.21678298711776733,0.6781849265098572,-0.666533350944519,0.0,0.0
8.202631570000001,-0.0848,0.0438,0.7644,-0.711,1.486,-1.4586,1.3594,-0.4934,0.0,-0.0001,0.0,0.0001,0.0,0.0,0.0014,-0.009,-0.1782965511083603,0.1670510172843933,0.23268236219882965,-0.21678298711776733,0.6781849265098572,-0.666533350944519,0.0,0.0
8.212571017,-0.0848,0.0438,0.7644,-0.711,1.486,-1.4586,1.3594,-0.4935,0.0,-0.0001,0.0,0.0001,0.0,0.0,0.0014,-0.009,-0.1782965511083603,0.1670510321855545,0.2326827198266983,-0.21678298711776733,0.6781852841377258,-0.666533350944519,0.0,0.0
8.222628760000001,-0.0848,0.0438,0.7644,-0.711,1.486,-1.4586,1.3594,-0.4936,0.0,-0.0001,0.0,0.0001,0.0,0.0,0.0014,-0.009,-0.17829637229442596,0.16705071926116943,0.23268254101276398,-0.21678316593170166,0.6781852841377258,-0.666533350944519,0.0,0.0
8.232645173,-0.0848,0.0438,0.7644,-0.711,1.486,-1.4586,1.3594,-0.4936,0.0,-0.0001,0.0,0.0001,0.0,0.0,0.0014,-0.009,-0.17829637229442596,0.16705071926116943,0.23268254101276398,-0.21678316593170166,0.6781852841377258,-0.666533350944519,0.0,0.0
8.242602584,-0.0848,0.0438,0.7644,-0.711,1.486,-1.4586,1.3594,-0.4936,0.0,-0.0001,0.0,0.0001,0.0,0.0,0.0014,-0.009,-0.17829637229442596,0.16705071926116943,0.23268254101276398,-0.21678316593170166,0.6781852841377258,-0.666533350944519,0.0,0.0
8.252618108,-0.0848,0.0438,0.7644,-0.711,1.486,-1.4586,1.3594,-0.4937,0.0,-0.0001,0.0,0.0001,0.0,0.0,0.0014,-0.009,-0.17829646170139313,0.1670508086681366,0.2326827198266983,-0.216783344745636,0.6781849265098572,-0.666533350944519,0.0,0.0
8.262621879000001,-0.0848,0.0438,0.7644,-0.711,1.486,-1.4586,1.3594,-0.4938,0.0,-0.0001,0.0,0.0001,0.0,0.0,0.0014,-0.009,-0.1782962828874588,0.16705076396465302,0.23268236219882965,-0.21678298711776733,0.6781852841377258,-0.666533350944519,0.0,0.0
8.272658632,-0.0848,0.0438,0.7644,-0.711,1.486,-1.4586,1.3594,-0.4938,0.0,-0.0001,0.0,0.0001,0.0,0.0,0.0014,-0.009,-0.1782962828874588,0.16705076396465302,0.23268236219882965,-0.21678298711776733,0.6781852841377258,-0.666533350944519,0.0,0.0
8.282612708,-0.0848,0.0438,0.7644,-0.711,1.486,-1.4586,1.3595,-0.4938,0.0,-0.0001,0.0,0.0001,0.0,0.0,0.0014,-0.009,-0.1782962828874588,0.16705076396465302,0.23268236219882965,-0.21678298711776733,0.6781852841377258,-0.666533350944519,0.0,0.0
8.292603071,-0.0848,0.0438,0.7644,-0.711,1.486,-1.4586,1.3595,-0.4939,0.0,-0.0001,0.0,0.0001,0.0,0.0,0.0014,-0.009,-0.1782962828874588,0.16705071926116943,0.2326827198266983,-0.21678316593170166,0.6781852841377258,-0.6665337085723877,0.0,0.0
8.302647517,-0.0848,0.0438,0.7644,-0.711,1.486,-1.4586,1.3595,-0.4939,0.0,-0.0001,0.0,0.0001,0.0,0.0,0.0014,-0.009,-0.1782962828874588,0.16705071926116943,0.2326827198266983,-0.21678316593170166,0.6781852841377258,-0.6665337085723877,0.0,0.0
8.312624826,-0.0848,0.0438,0.7644,-0.711,1.486,-1.4586,1.3595,-0.4939,0.0,-0.0001,0.0,0.0001,0.0,0.0,0.0014,-0.009,-0.17829619348049164,0.16705089807510376,0.23268254101276398,-0.216783344745636,0.6781852841377258,-0.666533350944519,0.0,0.0
8.322597747,-0.0848,0.0438,0.7644,-0.711,1.486,-1.4586,1.3595,-0.494,0.0,-0.0001,0.0,0.0001,0.0,0.0,0.0014,-0.009,-0.17829619348049164,0.16705089807510376,0.23268254101276398,-0.216783344745636,0.6781852841377258,-0.666533350944519,0.0,0.0
8.332677786,-0.0848,0.0438,0.7644,-0.711,1.486,-1.4586,1.3595,-0.494,0.0,-0.0001,0.0,0.0001,0.0,0.0,0.0013,-0.009,-0.17829610407352448,0.1670507937669754,0.23268289864063263,-0.216783344745636,0.6781852841377258,-0.666533350944519,0.0,0.0
8.342665282,-0.0848,0.0438,0.7644,-0.711,1.486,-1.4586,1.3595,-0.494,0.0,-0.0001,0.0,0.0001,0.0,0.0,0.0013,-0.009,-0.17829610407352448,0.1670507937669754,0.23268289864063263,-0.216783344745636,0.6781852841377258,-0.666533350944519,0.0,0.0
8.35255894,-0.0848,0.0438,0.7644,-0.711,1.486,-1.4586,1.3595,-0.4941,0.0,-0.0001,0.0,0.0001,0.0,0.0,0.0013,-0.009,-0.17829619348049164,0.16705067455768585,0.23268289864063263,-0.21678298711776733,0.6781845688819885,-0.6665337085723877,0.0,0.0
8.362587028,-0.0848,0.0438,0.7644,-0.711,1.486,-1.4586,1.3595,-0.4942,0.0,-0.0001,0.0,0.0001,0.0,0.0,0.0013,-0.009,-0.1782962828874588,0.16705039143562317,0.23268307745456696,-0.216782808303833,0.6781845688819885,-0.6665340662002563,0.0,0.0
8.372654502000001,-0.0848,0.0438,0.7644,-0.711,1.486,-1.4586,1.3595,-0.4942,0.0,-0.0001,0.0,0.0001,0.0,0.0,0.0013,-0.009,-0.1782962828874588,0.16705039143562317,0.23268307745456696,-0.216782808303833,0.6781845688819885,-0.6665340662002563,0.0,0.0
8.382642929000001,-0.0848,0.0438,0.7644,-0.711,1.486,-1.4586,1.3595,-0.4942,0.0,-0.0001,0.0,0.0001,0.0,0.0,0.0013,-0.009,-0.1782962828874588,0.16705039143562317,0.23268307745456696,-0.216782808303833,0.6781845688819885,-0.6665340662002563,0.0,0.0
8.392550563,-0.0848,0.0438,0.7644,-0.711,1.486,-1.4586,1.3595,-0.4943,0.0,-0.0001,0.0,0.0001,0.0,0.0,0.0013,-0.009,-0.17829637229442596,0.1670505851507187,0.23268307745456696,-0.21678298711776733,0.6781845688819885,-0.6665340662002563,0.0,0.0
8.402633095,-0.0848,0.0438,0.7644,-0.711,1.486,-1.4586,1.3595,-0.4943,0.0,-0.0001,0.0,0.0001,0.0,0.0,0.0013,-0.009,-0.17829637229442596,0.1670505851507187,0.23268307745456696,-0.21678298711776733,0.6781845688819885,-0.6665340662002563,0.0,0.0
8.412639724,-0.0848,0.0438,0.7644,-0.711,1.486,-1.4586,1.3595,-0.4943,0.0,-0.0001,0.0,0.0001,0.0,0.0,0.0013,-0.009,-0.17829637229442596,0.1670505851507187,0.23268307745456696,-0.21678298711776733,0.6781845688819885,-0.6665340662002563,0.0,0.0
8.422616542,-0.0848,0.0438,0.7644,-0.711,1.486,-1.4586,1.3596,-0.4944,0.0,-0.0001,0.0,0.0001,0.0,0.0,0.0013,-0.009,-0.17829637229442596,0.1670505404472351,0.23268289864063263,-0.21678316593170166,0.6781845688819885,-0.6665337085723877,0.0,0.0
8.432620830000001,-0.0848,0.0438,0.7644,-0.711,1.486,-1.4586,1.3596,-0.4945,0.0,-0.0001,0.0,0.0001,0.0,0.0,0.0013,-0.0091,-0.17829641699790955,0.16705067455768585,0.23268307745456696,-0.21678316593170166,0.6781845688819885,-0.6665340662002563,0.0,0.0
8.442621462,-0.0848,0.0438,0.7644,-0.711,1.486,-1.4586,1.3596,-0.4945,0.0,-0.0001,0.0,0.0001,0.0,0.0,0.0013,-0.0091,-0.17829641699790955,0.16705067455768585,0.23268307745456696,-0.21678316593170166,0.6781845688819885,-0.6665340662002563,0.0,0.0
8.452596829,-0.0848,0.0438,0.7644,-0.711,1.486,-1.4586,1.3596,-0.4945,0.0,-0.0001,0.0,0.0001,0.0,0.0,0.0013,-0.009,-0.17829641699790955,0.16705067455768585,0.23268307745456696,-0.21678316593170166,0.6781845688819885,-0.6665340662002563,0.0,0.0
8.462822093,-0.0848,0.0438,0.7644,-0.711,1.486,-1.4586,1.3596,-0.4946,0.0,-0.0001,0.0,0.0001,0.0,0.0,0.0013,-0.009,-0.17829646170139313,0.16705070436000824,0.2326827198266983,-0.216782808303833,0.6781845688819885,-0.6665337085723877,0.0,0.0
8.472622413,-0.0848,0.0438,0.7644,-0.711,1.486,-1.4586,1.3596,-0.4947,0.0,-0.0001,0.0,0.0001,0.0,0.0,0.0013,-0.0091,-0.17829646170139313,0.1670507937669754,0.23268289864063263,-0.216782808303833,0.6781845688819885,-0.6665340662002563,0.0,0.0
8.482664628,-0.0848,0.0438,0.7644,-0.711,1.486,-1.4586,1.3596,-0.4947,0.0,-0.0001,0.0,0.0001,0.0,0.0,0.0013,-0.0091,-0.17829646170139313,0.1670507937669754,0.23268289864063263,-0.216782808303833,0.6781845688819885,-0.6665340662002563,0.0,0.0
8.492625423,-0.0848,0.0438,0.7644,-0.711,1.486,-1.4586,1.3596,-0.4947,0.0,-0.0001,0.0,0.0001,0.0,0.0,0.0012,-0.009,-0.17829646170139313,0.1670507937669754,0.23268289864063263,-0.216782808303833,0.6781845688819885,-0.6665340662002563,0.0,0.0
8.502574113,-0.0848,0.0438,0.7644,-0.711,1.486,-1.4586,1.3596,-0.4948,0.0,-0.0001,0.0,0.0001,0.0,0.0,0.0012,-0.0091,-0.17829632759094238,0.16705076396465302,0.23268325626850128,-0.216783344745636,0.6781849265098572,-0.6665340662002563,0.0,0.0
8.512674778000001,-0.0848,0.0438,0.7644,-0.711,1.486,-1.4586,1.3596,-0.4948,0.0,-0.0001,0.0,0.0001,0.0,0.0,0.0012,-0.0091,-0.17829632759094238,0.16705076396465302,0.23268325626850128,-0.216783344745636,0.6781849265098572,-0.6665340662002563,0.0,0.0
8.522677205,-0.0848,0.0438,0.7644,-0.711,1.486,-1.4586,1.3596,-0.4948,0.0,-0.0001,0.0,0.0001,0.0,0.0,0.0012,-0.0091,-0.17829632759094238,0.16705076396465302,0.23268325626850128,-0.216783344745636,0.6781849265098572,-0.6665340662002563,0.0,0.0
8.532621299,-0.0848,0.0438,0.7644,-0.711,1.486,-1.4586,1.3596,-0.4949,0.0,-0.0001,0.0,0.0001,0.0,0.0,0.0012,-0.0091,-0.17829619348049164,0.16705067455768585,0.23268289864063263,-0.21678245067596436,0.6781845688819885,-0.666533350944519,0.0,0.0
8.542663805,-0.0848,0.0438,0.7644,-0.711,1.486,-1.4586,1.3596,-0.4949,0.0,-0.0001,0.0,0.0001,0.0,0.0,0.0012,-0.0091,-0.17829646170139313,0.16705071926116943,0.2326827198266983,-0.21678298711776733,0.6781849265098572,-0.6665340662002563,0.0,0.0
8.552650435,-0.0848,0.0438,0.7644,-0.711,1.486,-1.4586,1.3596,-0.4949,0.0,-0.0001,0.0,0.0001,0.0,0.0,0.0012,-0.0091,-0.17829646170139313,0.16705071926116943,0.2326827198266983,-0.21678298711776733,0.6781849265098572,-0.6665340662002563,0.0,0.0
8.562627641,-0.0848,0.0438,0.7644,-0.711,1.486,-1.4586,1.3596,-0.495,0.0,-0.0001,0.0,0.0001,0.0,0.0,0.0012,-0.0091,-0.17829646170139313,0.16705071926116943,0.2326827198266983,-0.21678298711776733,0.6781849265098572,-0.6665340662002563,0.0,0.0
8.572600637,-0.0848,0.0438,0.7644,-0.711,1.486,-1.4586,1.3597,-0.4951,0.0,-0.0001,0.0,0.0001,0.0,0.0,0.0012,-0.0091,-0.17829637229442596,0.16705048084259033,0.23268289864063263,-0.216782808303833,0.6781849265098572,-0.6665337085723877,0.0,0.0
8.582630828000001,-0.0848,0.0438,0.7644,-0.711,1.486,-1.4586,1.3597,-0.4951,0.0,-0.0001,0.0,0.0001,0.0,0.0,0.0012,-0.0091,-0.1782962828874588,0.16705067455768585,0.23268254101276398,-0.21678262948989868,0.6781845688819885,-0.6665340662002563,0.0,0.0
8.592631748,-0.0848,0.0438,0.7644,-0.711,1.486,-1.4586,1.3597,-0.4951,0.0,-0.0001,0.0,0.0001,0.0,0.0,0.0012,-0.0091,-0.1782962828874588,0.16705067455768585,0.23268254101276398,-0.21678262948989868,0.6781845688819885,-0.6665340662002563,0.0,0.0
8.602623331,-0.0848,0.0438,0.7644,-0.711,1.486,-1.4586,1.3597,-0.4952,0.0,-0.0001,0.0,0.0001,0.0,0.0,0.0012,-0.0091,-0.1782962828874588,0.16705067455768585,0.23268254101276398,-0.21678262948989868,0.6781845688819885,-0.6665340662002563,0.0,0.0
8.612603797,-0.0848,0.0438,0.7644,-0.711,1.486,-1.4586,1.3597,-0.4953,0.0,-0.0001,0.0,0.0001,0.0,0.0,0.0012,-0.0091,-0.17829646170139313,0.16705071926116943,0.2326827198266983,-0.21678298711776733,0.6781849265098572,-0.6665340662002563,0.0,0.0
8.622639658,-0.0848,0.0438,0.7644,-0.711,1.486,-1.4586,1.3597,-0.4953,0.0,-0.0001,0.0,0.0001,0.0,0.0,0.0012,-0.0091,-0.17829646170139313,0.16705071926116943,0.2326827198266983,-0.21678298711776733,0.6781849265098572,-0.6665340662002563,0.0,0.0
8.632620497000001,-0.0848,0.0438,0.7644,-0.711,1.486,-1.4586,1.3597,-0.4953,0.0,-0.0001,0.0,0.0001,0.0,0.0,0.0012,-0.0091,-0.17829646170139313,0.16705071926116943,0.2326827198266983,-0.21678298711776733,0.6781849265098572,-0.6665340662002563,0.0,0.0
8.642603163,-0.0848,0.0438,0.7644,-0.711,1.486,-1.4586,1.3597,-0.4953,0.0,-0.0001,0.0,0.0001,0.0,0.0,0.0012,-0.0091,-0.17829637229442596,0.16705048084259033,0.23268289864063263,-0.216782808303833,0.6781849265098572,-0.6665337085723877,0.0,0.0
8.652654290000001,-0.0848,0.0438,0.7644,-0.711,1.486,-1.4586,1.3597,-0.4954,0.0,-0.0001,0.0,0.0001,0.0,0.0,0.0011,-0.0091,-0.1782962828874588,0.16705067455768585,0.23268254101276398,-0.21678262948989868,0.6781845688819885,-0.6665340662002563,0.0,0.0
8.662635842,-0.0848,0.0438,0.7644,-0.711,1.486,-1.4586,1.3597,-0.4954,0.0,-0.0001,0.0,0.0001,0.0,0.0,0.0011,-0.0091,-0.1782962828874588,0.16705067455768585,0.23268254101276398,-0.21678262948989868,0.6781845688819885,-0.6665340662002563,0.0,0.0
8.672543285,-0.0848,0.0438,0.7644,-0.711,1.486,-1.4586,1.3597,-0.4955,0.0,-0.0001,0.0,0.0001,0.0,0.0,0.0011,-0.0091,-0.17829646170139313,0.16705071926116943,0.2326827198266983,-0.21678298711776733,0.6781849265098572,-0.6665340662002563,0.0,0.0
8.682590865,-0.0848,0.0438,0.7644,-0.711,1.486,-1.4586,1.3597,-0.4955,0.0,-0.0001,0.0,0.0001,0.0,0.0,0.0011,-0.0091,-0.17829646170139313,0.16705071926116943,0.2326827198266983,-0.21678298711776733,0.6781849265098572,-0.6665340662002563,0.0,0.0
8.692634041,-0.0848,0.0438,0.7644,-0.711,1.486,-1.4586,1.3597,-0.4956,0.0,-0.0001,0.0,0.0001,0.0,0.0,0.0011,-0.0091,-0.17829637229442596,0.16705048084259033,0.23268289864063263,-0.216782808303833,0.6781849265098572,-0.6665337085723877,0.0,0.0
8.702651858000001,-0.0848,0.0438,0.7644,-0.711,1.486,-1.4586,1.3597,-0.4956,0.0,-0.0001,0.0,0.0001,0.0,0.0,0.0011,-0.0091,-0.17829637229442596,0.16705048084259033,0.23268289864063263,-0.216782808303833,0.6781849265098572,-0.6665337085723877,0.0,0.0
10.210617227,-0.0848,0.0438,0.7644,-0.711,1.486,-1.4586,1.3597,-0.4956,0.0,-0.0001,0.0,0.0001,0.0,0.0,0.0011,-0.0091,-0.17829637229442596,0.16705048084259033,0.23268289864063263,-0.216782808303833,0.6781849265098572,-0.6665337085723877,0.0,0.0
10.212618182,-0.0848,0.0438,0.7644,-0.711,1.486,-1.4586,1.3597,-0.4956,0.0,-0.0001,0.0,0.0001,0.0,0.0,0.0011,-0.0091,-0.17829637229442596,0.16705048084259033,0.23268289864063263,-0.216782808303833,0.6781849265098572,-0.6665337085723877,0.0,0.0
10.222616736,-0.0848,0.0438,0.7644,-0.711,1.486,-1.4586,1.3597,-0.4957,0.0,-0.0001,0.0,0.0001,0.0,0.0,0.0011,-0.0091,-0.1782962828874588,0.16705067455768585,0.23268254101276398,-0.21678262948989868,0.6781845688819885,-0.6665340662002563,0.0,0.0
10.23264367,-0.0848,0.0438,0.7644,-0.711,1.486,-1.4586,1.3597,-0.4957,0.0,-0.0001,0.0,0.0001,0.0,0.0,0.0011,-0.0091,-0.1782962828874588,0.16705067455768585,0.23268254101276398,-0.21678262948989868,0.6781845688819885,-0.6665340662002563,0.0,0.0
10.2430936,-0.0848,0.0438,0.7644,-0.711,1.486,-1.4586,1.3597,-0.4958,0.0,-0.0001,0.0,0.0001,0.0,0.0,0.0011,-0.0091,-0.17829646170139313,0.16705071926116943,0.2326827198266983,-0.21678298711776733,0.6781849265098572,-0.6665340662002563,0.0,0.0
10.25267228,-0.0848,0.0438,0.7644,-0.711,1.486,-1.4586,1.3597,-0.4958,0.0,-0.0001,0.0,0.0001,0.0,0.0,0.0011,-0.0091,-0.17829646170139313,0.16705071926116943,0.2326827198266983,-0.21678298711776733,0.6781849265098572,-0.6665340662002563,0.0,0.0
10.262621768,-0.0848,0.0438,0.7644,-0.711,1.486,-1.4586,1.3597,-0.4958,0.0,-0.0001,0.0,0.0001,0.0,0.0,0.0011,-0.0091,-0.17829646170139313,0.16705071926116943,0.2326827198266983,-0.21678298711776733,0.6781849265098572,-0.6665340662002563,0.0,0.0
10.272715867,-0.0848,0.0438,0.7644,-0.711,1.486,-1.4586,1.3597,-0.4958,0.0,-0.0001,0.0,0.0001,0.0,0.0,0.0011,-0.0091,-0.17829646170139313,0.16705071926116943,0.2326827198266983,-0.21678298711776733,0.6781849265098572,-0.6665340662002563,0.0,0.0
10.282580172000001,-0.0848,0.0438,0.7644,-0.711,1.486,-1.4586,1.3597,-0.4958,0.0,-0.0001,0.0,0.0001,0.0,0.0,0.0011,-0.0091,-0.17829646170139313,0.16705071926116943,0.2326827198266983,-0.21678298711776733,0.6781849265098572,-0.6665340662002563,0.0,0.0
10.292630595,-0.0848,0.0438,0.7644,-0.711,1.486,-1.4586,1.3597,-0.4958,0.0,-0.0001,0.0,0.0001,0.0,0.0,0.0011,-0.0091,-0.17829646170139313,0.16705071926116943,0.2326827198266983,-0.21678298711776733,0.6781849265098572,-0.6665340662002563,0.0,0.0
10.302566438000001,-0.0848,0.0438,0.7644,-0.711,1.486,-1.4586,1.3597,-0.4958,0.0,-0.0001,0.0,0.0001,0.0,0.0,0.0011,-0.0091,-0.17829646170139313,0.16705071926116943,0.2326827198266983,-0.21678298711776733,0.6781849265098572,-0.6665340662002563,0.0,0.0
10.312653609,-0.0848,0.0438,0.7644,-0.711,1.486,-1.4586,1.3597,-0.4958,0.0,-0.0001,0.0,0.0001,0.0,0.0,0.0011,-0.0091,-0.17829646170139313,0.16705071926116943,0.2326827198266983,-0.21678298711776733,0.6781849265098572,-0.6665340662002563,0.0,0.0
10.322576360000001,-0.0848,0.0438,0.7644,-0.711,1.486,-1.4586,1.3597,-0.4958,0.0,-0.0001,0.0,0.0001,0.0,0.0,0.0011,-0.0091,-0.17829646170139313,0.16705071926116943,0.2326827198266983,-0.21678298711776733,0.6781849265098572,-0.6665340662002563,0.0,0.0
10.332671864,-0.0848,0.0438,0.7644,-0.711,1.486,-1.4586,1.3597,-0.4958,0.0,-0.0001,0.0,0.0001,0.0,0.0,0.0011,-0.0091,-0.17829646170139313,0.16705071926116943,0.2326827198266983,-0.21678298711776733,0.6781849265098572,-0.6665340662002563,0.0,0.0
10.342666982,-0.0848,0.0438,0.7644,-0.711,1.486,-1.4586,1.3597,-0.4958,0.0,-0.0001,0.0,0.0001,0.0,0.0,0.0011,-0.0091,-0.17829646170139313,0.16705071926116943,0.2326827198266983,-0.21678298711776733,0.6781849265098572,-0.6665340662002563,0.0,0.0
10.352639266,-0.0848,0.0438,0.7644,-0.711,1.486,-1.4586,1.3597,-0.4958,0.0,-0.0001,0.0,0.0001,0.0,0.0,0.0011,-0.0091,-0.17829646170139313,0.16705071926116943,0.2326827198266983,-0.21678298711776733,0.6781849265098572,-0.6665340662002563,0.0,0.0
10.362603116,-0.0848,0.0438,0.7644,-0.711,1.486,-1.4586,1.3597,-0.4958,0.0,-0.0001,0.0,0.0001,0.0,0.0,0.0011,-0.0091,-0.17829646170139313,0.16705071926116943,0.2326827198266983,-0.21678298711776733,0.6781849265098572,-0.6665340662002563,0.0,0.0
10.372645995000001,-0.0848,0.0438,0.7644,-0.711,1.486,-1.4586,1.3597,-0.4958,0.0,-0.0001,0.0,0.0001,0.0,0.0,0.0011,-0.0091,-0.17829646170139313,0.16705071926116943,0.2326827198266983,-0.21678298711776733,0.6781849265098572,-0.6665340662002563,0.0,0.0
10.382618852,-0.0848,0.0438,0.7644,-0.711,1.486,-1.4586,1.3597,-0.4958,0.0,-0.0001,0.0,0.0001,0.0,0.0,0.0011,-0.0091,-0.17829646170139313,0.16705071926116943,0.2326827198266983,-0.21678298711776733,0.6781849265098572,-0.6665340662002563,0.0,0.0
10.392637709,-0.0848,0.0438,0.7644,-0.711,1.486,-1.4586,1.3597,-0.4958,0.0,-0.0001,0.0,0.0001,0.0,0.0,0.0011,-0.0091,-0.17829646170139313,0.16705071926116943,0.2326827198266983,-0.21678298711776733,0.6781849265098572,-0.6665340662002563,0.0,0.0
10.402654122000001,-0.0848,0.0438,0.7644,-0.711,1.486,-1.4586,1.3597,-0.4958,0.0,-0.0001,0.0,0.0001,0.0,0.0,0.0011,-0.0091,-0.17829646170139313,0.16705071926116943,0.2326827198266983,-0.21678298711776733,0.6781849265098572,-0.6665340662002563,0.0,0.0
10.412637842,-0.0848,0.0438,0.7644,-0.711,1.486,-1.4586,1.3597,-0.4958,0.0,-0.0001,0.0,0.0001,0.0,0.0,0.0011,-0.0091,-0.17829646170139313,0.16705071926116943,0.2326827198266983,-0.21678298711776733,0.6781849265098572,-0.6665340662002563,0.0,0.0
10.422612831,-0.0848,0.0438,0.7644,-0.711,1.486,-1.4586,1.3597,-0.4958,0.0,-0.0001,0.0,0.0001,0.0,0.0,0.0011,-0.0091,-0.17829646170139313,0.16705071926116943,0.2326827198266983,-0.21678298711776733,0.6781849265098572,-0.6665340662002563,0.0,0.0
10.432614123,-0.0848,0.0438,0.7644,-0.711,1.486,-1.4586,1.3597,-0.4958,0.0,-0.0001,0.0,0.0001,0.0,0.0,0.0011,-0.0091,-0.17829646170139313,0.16705071926116943,0.2326827198266983,-0.21678298711776733,0.6781849265098572,-0.6665340662002563,0.0,0.0
10.442672406,-0.0848,0.0438,0.7644,-0.711,1.486,-1.4586,1.3597,-0.4958,0.0,-0.0001,0.0,0.0001,0.0,0.0,0.0011,-0.0091,-0.17829646170139313,0.16705071926116943,0.2326827198266983,-0.21678298711776733,0.6781849265098572,-0.6665340662002563,0.0,0.0
10.45263897,-0.0848,0.0438,0.7644,-0.711,1.486,-1.4586,1.3597,-0.4958,0.0,-0.0001,0.0,0.0001,0.0,0.0,0.0011,-0.0091,-0.17829646170139313,0.16705071926116943,0.2326827198266983,-0.21678298711776733,0.6781849265098572,-0.6665340662002563,0.0,0.0
10.462626663,-0.0848,0.0438,0.7644,-0.711,1.486,-1.4586,1.3597,-0.4958,0.0,-0.0001,0.0,0.0001,0.0,0.0,0.0011,-0.0091,-0.17829646170139313,0.16705071926116943,0.2326827198266983,-0.21678298711776733,0.6781849265098572,-0.6665340662002563,0.0,0.0
10.472607108,-0.0848,0.0438,0.7644,-0.711,1.486,-1.4586,1.3597,-0.4958,0.0,-0.0001,0.0,0.0001,0.0,0.0,0.0011,-0.0091,-0.17829646170139313,0.16705071926116943,0.2326827198266983,-0.21678298711776733,0.6781849265098572,-0.6665340662002563,0.0,0.0
10.482656096000001,-0.0848,0.0438,0.7644,-0.711,1.486,-1.4586,1.3597,-0.4958,0.0,-0.0001,0.0,0.0001,0.0,0.0,0.0011,-0.0091,-0.17829646170139313,0.16705071926116943,0.2326827198266983,-0.21678298711776733,0.6781849265098572,-0.6665340662002563,0.0,0.0
10.492650491000001,-0.0848,0.0438,0.7644,-0.711,1.486,-1.4586,1.3597,-0.4958,0.0,-0.0001,0.0,0.0001,0.0,0.0,0.0011,-0.0091,-0.17829646170139313,0.16705071926116943,0.2326827198266983,-0.21678298711776733,0.6781849265098572,-0.6665340662002563,0.0,0.0
10.502595457,-0.0848,0.0438,0.7644,-0.711,1.486,-1.4586,1.3597,-0.4958,0.0,-0.0001,0.0,0.0001,0.0,0.0,0.0011,-0.0091,-0.17829646170139313,0.16705071926116943,0.2326827198266983,-0.21678298711776733,0.6781849265098572,-0.6665340662002563,0.0,0.0
10.512605313,-0.0848,0.0438,0.7644,-0.711,1.486,-1.4586,1.3597,-0.4958,0.0,-0.0001,0.0,0.0001,0.0,0.0,0.0011,-0.0091,-0.17829646170139313,0.16705071926116943,0.2326827198266983,-0.21678298711776733,0.6781849265098572,-0.6665340662002563,0.0,0.0
10.522672385,-0.0848,0.0438,0.7644,-0.711,1.486,-1.4586,1.3597,-0.4958,0.0,-0.0001,0.0,0.0001,0.0,0.0,0.0011,-0.0091,-0.17829646170139313,0.16705071926116943,0.2326827198266983,-0.21678298711776733,0.6781849265098572,-0.6665340662002563,0.0,0.0
10.532630241000001,-0.0848,0.0438,0.7644,-0.711,1.486,-1.4586,1.3597,-0.4958,0.0,-0.0001,0.0,0.0001,0.0,0.0,0.0011,-0.0091,-0.17829646170139313,0.16705071926116943,0.2326827198266983,-0.21678298711776733,0.6781849265098572,-0.6665340662002563,0.0,0.0
10.542629112,-0.0848,0.0438,0.7644,-0.711,1.486,-1.4586,1.3597,-0.4958,0.0,-0.0001,0.0,0.0001,0.0,0.0,0.0011,-0.0091,-0.17829646170139313,0.16705071926116943,0.2326827198266983,-0.21678298711776733,0.6781849265098572,-0.6665340662002563,0.0,0.0
10.552648597000001,-0.0848,0.0438,0.7644,-0.711,1.486,-1.4586,1.3597,-0.4958,0.0,-0.0001,0.0,0.0001,0.0,0.0,0.0011,-0.0091,-0.17829646170139313,0.16705071926116943,0.2326827198266983,-0.21678298711776733,0.6781849265098572,-0.6665340662002563,0.0,0.0
10.562633562,-0.0848,0.0438,0.7644,-0.711,1.486,-1.4586,1.3597,-0.4958,0.0,-0.0001,0.0,0.0001,0.0,0.0,0.0011,-0.0091,-0.17829646170139313,0.16705071926116943,0.2326827198266983,-0.21678298711776733,0.6781849265098572,-0.6665340662002563,0.0,0.0
10.572605521,-0.0848,0.0438,0.7644,-0.711,1.486,-1.4586,1.3597,-0.4958,0.0,-0.0001,0.0,0.0001,0.0,0.0,0.0011,-0.0091,-0.17829646170139313,0.16705071926116943,0.2326827198266983,-0.21678298711776733,0.6781849265098572,-0.6665340662002563,0.0,0.0
10.582674861000001,-0.0848,0.0438,0.7644,-0.711,1.486,-1.4586,1.3597,-0.4958,0.0,-0.0001,0.0,0.0001,0.0,0.0,0.0011,-0.0091,-0.17829646170139313,0.16705071926116943,0.2326827198266983,-0.21678298711776733,0.6781849265098572,-0.6665340662002563,0.0,0.0
10.592632269000001,-0.0848,0.0438,0.7644,-0.711,1.486,-1.4586,1.3597,-0.4958,0.0,-0.0001,0.0,0.0001,0.0,0.0,0.0011,-0.0091,-0.17829646170139313,0.16705071926116943,0.2326827198266983,-0.21678298711776733,0.6781849265098572,-0.6665340662002563,0.0,0.0
10.602619593,-0.0848,0.0438,0.7644,-0.711,1.486,-1.4586,1.3597,-0.4958,0.0,-0.0001,0.0,0.0001,0.0,0.0,0.0011,-0.0091,-0.17829646170139313,0.16705071926116943,0.2326827198266983,-0.21678298711776733,0.6781849265098572,-0.6665340662002563,0.0,0.0
10.612551946,-0.0848,0.0438,0.7644,-0.711,1.486,-1.4586,1.3597,-0.4958,0.0,-0.0001,0.0,0.0001,0.0,0.0,0.0011,-0.0091,-0.17829646170139313,0.16705071926116943,0.2326827198266983,-0.21678298711776733,0.6781849265098572,-0.6665340662002563,0.0,0.0
10.622723292,-0.0848,0.0438,0.7644,-0.711,1.486,-1.4586,1.3597,-0.4958,0.0,-0.0001,0.0,0.0001,0.0,0.0,0.0011,-0.0091,-0.17829646170139313,0.16705071926116943,0.2326827198266983,-0.21678298711776733,0.6781849265098572,-0.6665340662002563,0.0,0.0
10.632705332,-0.0848,0.0438,0.7644,-0.711,1.486,-1.4586,1.3597,-0.4958,0.0,-0.0001,0.0,0.0001,0.0,0.0,0.0011,-0.0091,-0.17829646170139313,0.16705071926116943,0.2326827198266983,-0.21678298711776733,0.6781849265098572,-0.6665340662002563,0.0,0.0
10.642614833000001,-0.0848,0.0438,0.7644,-0.711,1.486,-1.4586,1.3597,-0.4958,0.0,-0.0001,0.0,0.0001,0.0,0.0,0.0011,-0.0091,-0.17829646170139313,0.16705071926116943,0.2326827198266983,-0.21678298711776733,0.6781849265098572,-0.6665340662002563,0.0,0.0
10.652725818,-0.0848,0.0438,0.7644,-0.711,1.486,-1.4586,1.3597,-0.4958,0.0,-0.0001,0.0,0.0001,0.0,0.0,0.0011,-0.0091,-0.17829646170139313,0.16705071926116943,0.2326827198266983,-0.21678298711776733,0.6781849265098572,-0.6665340662002563,0.0,0.0
10.662733362,-0.0848,0.0438,0.7644,-0.711,1.486,-1.4586,1.3597,-0.4958,0.0,-0.0001,0.0,0.0001,0.0,0.0,0.0011,-0.0091,-0.17829646170139313,0.16705071926116943,0.2326827198266983,-0.21678298711776733,0.6781849265098572,-0.6665340662002563,0.0,0.0
10.672562953,-0.0848,0.0438,0.7644,-0.711,1.486,-1.4586,1.3597,-0.4958,0.0,-0.0001,0.0,0.0001,0.0,0.0,0.0011,-0.0091,-0.17829646170139313,0.16705071926116943,0.2326827198266983,-0.21678298711776733,0.6781849265098572,-0.6665340662002563,0.0,0.0
10.682654208,-0.0848,0.0438,0.7644,-0.711,1.486,-1.4586,1.3597,-0.4958,0.0,-0.0001,0.0,0.0001,0.0,0.0,0.0011,-0.0091,-0.17829646170139313,0.16705071926116943,0.2326827198266983,-0.21678298711776733,0.6781849265098572,-0.6665340662002563,0.0,0.0
10.692650176,-0.0848,0.0438,0.7644,-0.711,1.486,-1.4586,1.3597,-0.4958,0.0,-0.0001,0.0,0.0001,0.0,0.0,0.0011,-0.0091,-0.17829646170139313,0.16705071926116943,0.2326827198266983,-0.21678298711776733,0.6781849265098572,-0.6665340662002563,0.0,0.0
10.702631819,-0.0848,0.0438,0.7644,-0.711,1.486,-1.4586,1.3597,-0.4958,0.0,-0.0001,0.0,0.0001,0.0,0.0,0.0011,-0.0091,-0.17829646170139313,0.16705071926116943,0.2326827198266983,-0.21678298711776733,0.6781849265098572,-0.6665340662002563,0.0,0.0
10.712632436,-0.0848,0.0438,0.7644,-0.711,1.486,-1.4586,1.3597,-0.4958,0.0,-0.0001,0.0,0.0001,0.0,0.0,0.0011,-0.0091,-0.17829646170139313,0.16705071926116943,0.2326827198266983,-0.21678298711776733,0.6781849265098572,-0.6665340662002563,0.0,0.0
10.722656111000001,-0.0848,0.0438,0.7644,-0.711,1.486,-1.4586,1.3597,-0.4958,0.0,-0.0001,0.0,0.0001,0.0,0.0,0.0011,-0.0091,-0.17829646170139313,0.16705071926116943,0.2326827198266983,-0.21678298711776733,0.6781849265098572,-0.6665340662002563,0.0,0.0
10.732624007,-0.0848,0.0438,0.7644,-0.711,1.486,-1.4586,1.3597,-0.4958,0.0,-0.0001,0.0,0.0001,0.0,0.0,0.0011,-0.0091,-0.17829646170139313,0.16705071926116943,0.2326827198266983,-0.21678298711776733,0.6781849265098572,-0.6665340662002563,0.0,0.0
10.742599014000001,-0.0848,0.0438,0.7644,-0.711,1.486,-1.4586,1.3597,-0.4958,0.0,-0.0001,0.0,0.0001,0.0,0.0,0.0011,-0.0091,-0.17829646170139313,0.16705071926116943,0.2326827198266983,-0.21678298711776733,0.6781849265098572,-0.6665340662002563,0.0,0.0
10.752654511000001,-0.0848,0.0438,0.7644,-0.711,1.486,-1.4586,1.3597,-0.4958,0.0,-0.0001,0.0,0.0001,0.0,0.0,0.0011,-0.0091,-0.17829646170139313,0.16705071926116943,0.2326827198266983,-0.21678298711776733,0.6781849265098572,-0.6665340662002563,0.0,0.0
10.762627615000001,-0.0848,0.0438,0.7644,-0.711,1.486,-1.4586,1.3597,-0.4958,0.0,-0.0001,0.0,0.0001,0.0,0.0,0.0011,-0.0091,-0.17829646170139313,0.16705071926116943,0.2326827198266983,-0.21678298711776733,0.6781849265098572,-0.6665340662002563,0.0,0.0
10.772591938000001,-0.0848,0.0438,0.7644,-0.711,1.486,-1.4586,1.3597,-0.4958,0.0,-0.0001,0.0,0.0001,0.0,0.0,0.0011,-0.0091,-0.17829646170139313,0.16705071926116943,0.2326827198266983,-0.21678298711776733,0.6781849265098572,-0.6665340662002563,0.0,0.0
10.782617781,-0.0848,0.0438,0.7644,-0.711,1.486,-1.4586,1.3597,-0.4958,0.0,-0.0001,0.0,0.0001,0.0,0.0,0.0011,-0.0091,-0.17829646170139313,0.16705071926116943,0.2326827198266983,-0.21678298711776733,0.6781849265098572,-0.6665340662002563,0.0,0.0
10.792673532,-0.0848,0.0438,0.7644,-0.711,1.486,-1.4586,1.3597,-0.4958,0.0,-0.0001,0.0,0.0001,0.0,0.0,0.0011,-0.0091,-0.17829646170139313,0.16705071926116943,0.2326827198266983,-0.21678298711776733,0.6781849265098572,-0.6665340662002563,0.0,0.0
10.802620730000001,-0.0848,0.0438,0.7644,-0.711,1.486,-1.4586,1.3597,-0.4958,0.0,-0.0001,0.0,0.0001,0.0,0.0,0.0011,-0.0091,-0.17829646170139313,0.16705071926116943,0.2326827198266983,-0.21678298711776733,0.6781849265098572,-0.6665340662002563,0.0,0.0
10.812619365000002,-0.0848,0.0438,0.7644,-0.711,1.486,-1.4586,1.3597,-0.4958,0.0,-0.0001,0.0,0.0001,0.0,0.0,0.0011,-0.0091,-0.17829646170139313,0.16705071926116943,0.2326827198266983,-0.21678298711776733,0.6781849265098572,-0.6665340662002563,0.0,0.0
10.822640149000001,-0.0848,0.0438,0.7644,-0.711,1.486,-1.4586,1.3597,-0.4958,0.0,-0.0001,0.0,0.0001,0.0,0.0,0.0011,-0.0091,-0.17829646170139313,0.16705071926116943,0.2326827198266983,-0.21678298711776733,0.6781849265098572,-0.6665340662002563,0.0,0.0
10.832631571,-0.0848,0.0438,0.7644,-0.711,1.486,-1.4586,1.3597,-0.4958,0.0,-0.0001,0.0,0.0001,0.0,0.0,0.0011,-0.0091,-0.17829646170139313,0.16705071926116943,0.2326827198266983,-0.21678298711776733,0.6781849265098572,-0.6665340662002563,0.0,0.0
10.842692658,-0.0848,0.0438,0.7644,-0.711,1.486,-1.4586,1.3597,-0.4958,0.0,-0.0001,0.0,0.0001,0.0,0.0,0.0011,-0.0091,-0.17829646170139313,0.16705071926116943,0.2326827198266983,-0.21678298711776733,0.6781849265098572,-0.6665340662002563,0.0,0.0
10.852640497000001,-0.0848,0.0438,0.7644,-0.711,1.486,-1.4586,1.3597,-0.4958,0.0,-0.0001,0.0,0.0001,0.0,0.0,0.0011,-0.0091,-0.17829646170139313,0.16705071926116943,0.2326827198266983,-0.21678298711776733,0.6781849265098572,-0.6665340662002563,0.0,0.0
10.862657763000001,-0.0848,0.0438,0.7644,-0.711,1.486,-1.4586,1.3597,-0.4958,0.0,-0.0001,0.0,0.0001,0.0,0.0,0.0011,-0.0091,-0.17829646170139313,0.16705071926116943,0.2326827198266983,-0.21678298711776733,0.6781849265098572,-0.6665340662002563,0.0,0.0
10.872615036000001,-0.0848,0.0438,0.7644,-0.711,1.486,-1.4586,1.3597,-0.4958,0.0,-0.0001,0.0,0.0001,0.0,0.0,0.0011,-0.0091,-0.17829646170139313,0.16705071926116943,0.2326827198266983,-0.21678298711776733,0.6781849265098572,-0.6665340662002563,0.0,0.0
10.882621038,-0.0848,0.0438,0.7644,-0.711,1.486,-1.4586,1.3597,-0.4958,0.0,-0.0001,0.0,0.0001,0.0,0.0,0.0011,-0.0091,-0.17829646170139313,0.16705071926116943,0.2326827198266983,-0.21678298711776733,0.6781849265098572,-0.6665340662002563,0.0,0.0
10.892639169,-0.0848,0.0438,0.7644,-0.711,1.486,-1.4586,1.3597,-0.4958,0.0,-0.0001,0.0,0.0001,0.0,0.0,0.0011,-0.0091,-0.17829646170139313,0.16705071926116943,0.2326827198266983,-0.21678298711776733,0.6781849265098572,-0.6665340662002563,0.0,0.0
10.902606671000001,-0.0848,0.0438,0.7644,-0.711,1.486,-1.4586,1.3597,-0.4958,0.0,-0.0001,0.0,0.0001,0.0,0.0,0.0011,-0.0091,-0.17829646170139313,0.16705071926116943,0.2326827198266983,-0.21678298711776733,0.6781849265098572,-0.6665340662002563,0.0,0.0
10.912601635000001,-0.0848,0.0438,0.7644,-0.711,1.486,-1.4586,1.3597,-0.4958,0.0,-0.0001,0.0,0.0001,0.0,0.0,0.0011,-0.0091,-0.17829646170139313,0.16705071926116943,0.2326827198266983,-0.21678298711776733,0.6781849265098572,-0.6665340662002563,0.0,0.0
10.922660018,-0.0848,0.0438,0.7644,-0.711,1.486,-1.4586,1.3597,-0.4958,0.0,-0.0001,0.0,0.0001,0.0,0.0,0.0011,-0.0091,-0.17829646170139313,0.16705071926116943,0.2326827198266983,-0.21678298711776733,0.6781849265098572,-0.6665340662002563,0.0,0.0
10.932647794000001,-0.0848,0.0438,0.7644,-0.711,1.486,-1.4586,1.3597,-0.4958,0.0,-0.0001,0.0,0.0001,0.0,0.0,0.0011,-0.0091,-0.17829646170139313,0.16705071926116943,0.2326827198266983,-0.21678298711776733,0.6781849265098572,-0.6665340662002563,0.0,0.0
10.942605727,-0.0848,0.0438,0.7644,-0.711,1.486,-1.4586,1.3597,-0.4958,0.0,-0.0001,0.0,0.0001,0.0,0.0,0.0011,-0.0091,-0.17829646170139313,0.16705071926116943,0.2326827198266983,-0.21678298711776733,0.6781849265098572,-0.6665340662002563,0.0,0.0
10.952612787000001,-0.0848,0.0438,0.7644,-0.711,1.486,-1.4586,1.3597,-0.4958,0.0,-0.0001,0.0,0.0001,0.0,0.0,0.0011,-0.0091,-0.17829646170139313,0.16705071926116943,0.2326827198266983,-0.21678298711776733,0.6781849265098572,-0.6665340662002563,0.0,0.0
10.962631035000001,-0.0848,0.0438,0.7644,-0.711,1.486,-1.4586,1.3597,-0.4958,0.0,-0.0001,0.0,0.0001,0.0,0.0,0.0011,-0.0091,-0.17829646170139313,0.16705071926116943,0.2326827198266983,-0.21678298711776733,0.6781849265098572,-0.6665340662002563,0.0,0.0
10.972619866,-0.0848,0.0438,0.7644,-0.711,1.486,-1.4586,1.3597,-0.4958,0.0,-0.0001,0.0,0.0001,0.0,0.0,0.0011,-0.0091,-0.17829646170139313,0.16705071926116943,0.2326827198266983,-0.21678298711776733,0.6781849265098572,-0.6665340662002563,0.0,0.0
10.982624246,-0.0848,0.0438,0.7644,-0.711,1.486,-1.4586,1.3597,-0.4958,0.0,-0.0001,0.0,0.0001,0.0,0.0,0.0011,-0.0091,-0.17829646170139313,0.16705071926116943,0.2326827198266983,-0.21678298711776733,0.6781849265098572,-0.6665340662002563,0.0,0.0
10.992629061,-0.0848,0.0438,0.7644,-0.711,1.486,-1.4586,1.3597,-0.4958,0.0,-0.0001,0.0,0.0001,0.0,0.0,0.0011,-0.0091,-0.17829646170139313,0.16705071926116943,0.2326827198266983,-0.21678298711776733,0.6781849265098572,-0.6665340662002563,0.0,0.0
11.002608675000001,-0.0848,0.0438,0.7644,-0.711,1.486,-1.4586,1.3597,-0.4958,0.0,-0.0001,0.0,0.0001,0.0,0.0,0.0011,-0.0091,-0.17829646170139313,0.16705071926116943,0.2326827198266983,-0.21678298711776733,0.6781849265098572,-0.6665340662002563,0.0,0.0
11.012617611000001,-0.0848,0.0438,0.7644,-0.711,1.486,-1.4586,1.3597,-0.4958,0.0,-0.0001,0.0,0.0001,0.0,0.0,0.0011,-0.0091,-0.17829646170139313,0.16705071926116943,0.2326827198266983,-0.21678298711776733,0.6781849265098572,-0.6665340662002563,0.0,0.0
11.022645761000001,-0.0848,0.0438,0.7644,-0.711,1.486,-1.4586,1.3597,-0.4958,0.0,-0.0001,0.0,0.0001,0.0,0.0,0.0011,-0.0091,-0.17829646170139313,0.16705071926116943,0.2326827198266983,-0.21678298711776733,0.6781849265098572,-0.6665340662002563,0.0,0.0
11.03262769,-0.0848,0.0438,0.7644,-0.711,1.486,-1.4586,1.3597,-0.4958,0.0,-0.0001,0.0,0.0001,0.0,0.0,0.0011,-0.0091,-0.17829646170139313,0.16705071926116943,0.2326827198266983,-0.21678298711776733,0.6781849265098572,-0.6665340662002563,0.0,0.0
11.04260404,-0.0848,0.0438,0.7644,-0.711,1.486,-1.4586,1.3597,-0.4958,0.0,-0.0001,0.0,0.0001,0.0,0.0,0.0011,-0.0091,-0.17829646170139313,0.16705071926116943,0.2326827198266983,-0.21678298711776733,0.6781849265098572,-0.6665340662002563,0.0,0.0
11.052652797,-0.0848,0.0438,0.7644,-0.711,1.486,-1.4586,1.3597,-0.4958,0.0,-0.0001,0.0,0.0001,0.0,0.0,0.0011,-0.0091,-0.17829646170139313,0.16705071926116943,0.2326827198266983,-0.21678298711776733,0.6781849265098572,-0.6665340662002563,0.0,0.0
11.062618916,-0.0848,0.0438,0.7644,-0.711,1.486,-1.4586,1.3597,-0.4958,0.0,-0.0001,0.0,0.0001,0.0,0.0,0.0011,-0.0091,-0.17829646170139313,0.16705071926116943,0.2326827198266983,-0.21678298711776733,0.6781849265098572,-0.6665340662002563,0.0,0.0
11.072551203000002,-0.0848,0.0438,0.7644,-0.711,1.486,-1.4586,1.3597,-0.4958,0.0,-0.0001,0.0,0.0001,0.0,0.0,0.0011,-0.0091,-0.17829646170139313,0.16705071926116943,0.2326827198266983,-0.21678298711776733,0.6781849265098572,-0.6665340662002563,0.0,0.0
11.082627629000001,-0.0848,0.0438,0.7644,-0.711,1.486,-1.4586,1.3597,-0.4958,0.0,-0.0001,0.0,0.0001,0.0,0.0,0.0011,-0.0091,-0.17829646170139313,0.16705071926116943,0.2326827198266983,-0.21678298711776733,0.6781849265098572,-0.6665340662002563,0.0,0.0
11.092726072000001,-0.0848,0.0438,0.7644,-0.711,1.486,-1.4586,1.3597,-0.4958,0.0,-0.0001,0.0,0.0001,0.0,0.0,0.0011,-0.0091,-0.17829646170139313,0.16705071926116943,0.2326827198266983,-0.21678298711776733,0.6781849265098572,-0.6665340662002563,0.0,0.0
11.102576552,-0.0848,0.0438,0.7644,-0.711,1.486,-1.4586,1.3597,-0.4958,0.0,-0.0001,0.0,0.0001,0.0,0.0,0.0011,-0.0091,-0.17829646170139313,0.16705071926116943,0.2326827198266983,-0.21678298711776733,0.6781849265098572,-0.6665340662002563,0.0,0.0
11.112589504,-0.0848,0.0438,0.7644,-0.711,1.486,-1.4586,1.3597,-0.4958,0.0,-0.0001,0.0,0.0001,0.0,0.0,0.0011,-0.0091,-0.17829646170139313,0.16705071926116943,0.2326827198266983,-0.21678298711776733,0.6781849265098572,-0.6665340662002563,0.0,0.0
11.122633412,-0.0848,0.0438,0.7644,-0.711,1.486,-1.4586,1.3597,-0.4958,0.0,-0.0001,0.0,0.0001,0.0,0.0,0.0011,-0.0091,-0.17829646170139313,0.16705071926116943,0.2326827198266983,-0.21678298711776733,0.6781849265098572,-0.6665340662002563,0.0,0.0
11.1325778,-0.0848,0.0438,0.7644,-0.711,1.486,-1.4586,1.3597,-0.4958,0.0,-0.0001,0.0,0.0001,0.0,0.0,0.0011,-0.0091,-0.17829646170139313,0.16705071926116943,0.2326827198266983,-0.21678298711776733,0.6781849265098572,-0.6665340662002563,0.0,0.0
11.142573974000001,-0.0848,0.0438,0.7644,-0.711,1.486,-1.4586,1.3597,-0.4958,0.0,-0.0001,0.0,0.0001,0.0,0.0,0.0011,-0.0091,-0.17829646170139313,0.16705071926116943,0.2326827198266983,-0.21678298711776733,0.6781849265098572,-0.6665340662002563,0.0,0.0
11.152627462,-0.0848,0.0438,0.7644,-0.711,1.486,-1.4586,1.3597,-0.4958,0.0,-0.0001,0.0,0.0001,0.0,0.0,0.0011,-0.0091,-0.17829646170139313,0.16705071926116943,0.2326827198266983,-0.21678298711776733,0.6781849265098572,-0.6665340662002563,0.0,0.0
11.162631243,-0.0848,0.0438,0.7644,-0.711,1.486,-1.4586,1.3597,-0.4958,0.0,-0.0001,0.0,0.0001,0.0,0.0,0.0011,-0.0091,-0.17829646170139313,0.16705071926116943,0.2326827198266983,-0.21678298711776733,0.6781849265098572,-0.6665340662002563,0.0,0.0
11.172657047000001,-0.0848,0.0438,0.7644,-0.711,1.486,-1.4586,1.3597,-0.4958,0.0,-0.0001,0.0,0.0001,0.0,0.0,0.0011,-0.0091,-0.17829646170139313,0.16705071926116943,0.2326827198266983,-0.21678298711776733,0.6781849265098572,-0.6665340662002563,0.0,0.0
11.182661366000001,-0.0848,0.0438,0.7644,-0.711,1.486,-1.4586,1.3597,-0.4958,0.0,-0.0001,0.0,0.0001,0.0,0.0,0.0011,-0.0091,-0.17829646170139313,0.16705071926116943,0.2326827198266983,-0.21678298711776733,0.6781849265098572,-0.6665340662002563,0.0,0.0
11.192633687,-0.0848,0.0438,0.7644,-0.711,1.486,-1.4586,1.3597,-0.4958,0.0,-0.0001,0.0,0.0001,0.0,0.0,0.0011,-0.0091,-0.17829646170139313,0.16705071926116943,0.2326827198266983,-0.21678298711776733,0.6781849265098572,-0.6665340662002563,0.0,0.0
11.202613125000001,-0.0848,0.0438,0.7644,-0.711,1.486,-1.4586,1.3597,-0.4958,0.0,-0.0001,0.0,0.0001,0.0,0.0,0.0011,-0.0091,-0.17829646170139313,0.16705071926116943,0.2326827198266983,-0.21678298711776733,0.6781849265098572,-0.6665340662002563,0.0,0.0
11.2126275,-0.0848,0.0438,0.7644,-0.711,1.486,-1.4586,1.3597,-0.4958,0.0,-0.0001,0.0,0.0001,0.0,0.0,0.0011,-0.0091,-0.17829646170139313,0.16705071926116943,0.2326827198266983,-0.21678298711776733,0.6781849265098572,-0.6665340662002563,0.0,0.0
11.222626897000001,-0.0848,0.0438,0.7644,-0.711,1.486,-1.4586,1.3597,-0.4958,0.0,-0.0001,0.0,0.0001,0.0,0.0,0.0011,-0.0091,-0.17829646170139313,0.16705071926116943,0.2326827198266983,-0.21678298711776733,0.6781849265098572,-0.6665340662002563,0.0,0.0
11.23255677,-0.0848,0.0438,0.7644,-0.711,1.486,-1.4586,1.3597,-0.4958,0.0,-0.0001,0.0,0.0001,0.0,0.0,0.0011,-0.0091,-0.17829646170139313,0.16705071926116943,0.2326827198266983,-0.21678298711776733,0.6781849265098572,-0.6665340662002563,0.0,0.0
11.2425976,-0.0848,0.0438,0.7644,-0.711,1.486,-1.4586,1.3597,-0.4958,0.0,-0.0001,0.0,0.0001,0.0,0.0,0.0011,-0.0091,-0.17829646170139313,0.16705071926116943,0.2326827198266983,-0.21678298711776733,0.6781849265098572,-0.6665340662002563,0.0,0.0
11.252680373,-0.0848,0.0438,0.7644,-0.711,1.486,-1.4586,1.3597,-0.4958,0.0,-0.0001,0.0,0.0001,0.0,0.0,0.0011,-0.0091,-0.17829646170139313,0.16705071926116943,0.2326827198266983,-0.21678298711776733,0.6781849265098572,-0.6665340662002563,0.0,0.0
11.262652234,-0.0848,0.0438,0.7644,-0.711,1.486,-1.4586,1.3597,-0.4958,0.0,-0.0001,0.0,0.0001,0.0,0.0,0.0011,-0.0091,-0.17829646170139313,0.16705071926116943,0.2326827198266983,-0.21678298711776733,0.6781849265098572,-0.6665340662002563,0.0,0.0
11.272625177,-0.0848,0.0438,0.7644,-0.711,1.486,-1.4586,1.3597,-0.4958,0.0,-0.0001,0.0,0.0001,0.0,0.0,0.0011,-0.0091,-0.17829646170139313,0.16705071926116943,0.2326827198266983,-0.21678298711776733,0.6781849265098572,-0.6665340662002563,0.0,0.0
11.282627685000001,-0.0848,0.0438,0.7644,-0.711,1.486,-1.4586,1.3597,-0.4958,0.0,-0.0001,0.0,0.0001,0.0,0.0,0.0011,-0.0091,-0.17829646170139313,0.16705071926116943,0.2326827198266983,-0.21678298711776733,0.6781849265098572,-0.6665340662002563,0.0,0.0
11.292609834,-0.0848,0.0438,0.7644,-0.711,1.486,-1.4586,1.3597,-0.4958,0.0,-0.0001,0.0,0.0001,0.0,0.0,0.0011,-0.0091,-0.17829646170139313,0.16705071926116943,0.2326827198266983,-0.21678298711776733,0.6781849265098572,-0.6665340662002563,0.0,0.0
11.302602349,-0.0848,0.0438,0.7644,-0.711,1.486,-1.4586,1.3597,-0.4958,0.0,-0.0001,0.0,0.0001,0.0,0.0,0.0011,-0.0091,-0.17829646170139313,0.16705071926116943,0.2326827198266983,-0.21678298711776733,0.6781849265098572,-0.6665340662002563,0.0,0.0
11.312547535,-0.0848,0.0438,0.7644,-0.711,1.486,-1.4586,1.3597,-0.4958,0.0,-0.0001,0.0,0.0001,0.0,0.0,0.0011,-0.0091,-0.17829646170139313,0.16705071926116943,0.2326827198266983,-0.21678298711776733,0.6781849265098572,-0.6665340662002563,0.0,0.0
11.322634988,-0.0848,0.0438,0.7644,-0.711,1.486,-1.4586,1.3597,-0.4958,0.0,-0.0001,0.0,0.0001,0.0,0.0,0.0011,-0.0091,-0.17829646170139313,0.16705071926116943,0.2326827198266983,-0.21678298711776733,0.6781849265098572,-0.6665340662002563,0.0,0.0
11.33256718,-0.0848,0.0438,0.7644,-0.711,1.486,-1.4586,1.3597,-0.4958,0.0,-0.0001,0.0,0.0001,0.0,0.0,0.0011,-0.0091,-0.17829646170139313,0.16705071926116943,0.2326827198266983,-0.21678298711776733,0.6781849265098572,-0.6665340662002563,0.0,0.0
11.342572143,-0.0848,0.0438,0.7644,-0.711,1.486,-1.4586,1.3597,-0.4958,0.0,-0.0001,0.0,0.0001,0.0,0.0,0.0011,-0.0091,-0.17829646170139313,0.16705071926116943,0.2326827198266983,-0.21678298711776733,0.6781849265098572,-0.6665340662002563,0.0,0.0
11.352642611,-0.0848,0.0438,0.7644,-0.711,1.486,-1.4586,1.3597,-0.4958,0.0,-0.0001,0.0,0.0001,0.0,0.0,0.0011,-0.0091,-0.17829646170139313,0.16705071926116943,0.2326827198266983,-0.21678298711776733,0.6781849265098572,-0.6665340662002563,0.0,0.0
11.362605381,-0.0848,0.0438,0.7644,-0.711,1.486,-1.4586,1.3597,-0.4958,0.0,-0.0001,0.0,0.0001,0.0,0.0,0.0011,-0.0091,-0.17829646170139313,0.16705071926116943,0.2326827198266983,-0.21678298711776733,0.6781849265098572,-0.6665340662002563,0.0,0.0
11.372606354,-0.0848,0.0438,0.7644,-0.711,1.486,-1.4586,1.3597,-0.4958,0.0,-0.0001,0.0,0.0001,0.0,0.0,0.0011,-0.0091,-0.17829646170139313,0.16705071926116943,0.2326827198266983,-0.21678298711776733,0.6781849265098572,-0.6665340662002563,0.0,0.0
11.382658887,-0.0848,0.0438,0.7644,-0.711,1.486,-1.4586,1.3597,-0.4958,0.0,-0.0001,0.0,0.0001,0.0,0.0,0.0011,-0.0091,-0.17829646170139313,0.16705071926116943,0.2326827198266983,-0.21678298711776733,0.6781849265098572,-0.6665340662002563,0.0,0.0
11.392614501,-0.0848,0.0438,0.7644,-0.711,1.486,-1.4586,1.3597,-0.4958,0.0,-0.0001,0.0,0.0001,0.0,0.0,0.0011,-0.0091,-0.17829646170139313,0.16705071926116943,0.2326827198266983,-0.21678298711776733,0.6781849265098572,-0.6665340662002563,0.0,0.0
11.402586448000001,-0.0848,0.0438,0.7644,-0.711,1.486,-1.4586,1.3597,-0.4958,0.0,-0.0001,0.0,0.0001,0.0,0.0,0.0011,-0.0091,-0.17829646170139313,0.16705071926116943,0.2326827198266983,-0.21678298711776733,0.6781849265098572,-0.6665340662002563,0.0,0.0
11.412633978,-0.0848,0.0438,0.7644,-0.711,1.486,-1.4586,1.3597,-0.4958,0.0,-0.0001,0.0,0.0001,0.0,0.0,0.0011,-0.0091,-0.17829646170139313,0.16705071926116943,0.2326827198266983,-0.21678298711776733,0.6781849265098572,-0.6665340662002563,0.0,0.0
11.422619446,-0.0848,0.0438,0.7644,-0.711,1.486,-1.4586,1.3597,-0.4958,0.0,-0.0001,0.0,0.0001,0.0,0.0,0.0011,-0.0091,-0.17829646170139313,0.16705071926116943,0.2326827198266983,-0.21678298711776733,0.6781849265098572,-0.6665340662002563,0.0,0.0
11.432604762,-0.0848,0.0438,0.7644,-0.711,1.486,-1.4586,1.3597,-0.4958,0.0,-0.0001,0.0,0.0001,0.0,0.0,0.0011,-0.0091,-0.17829646170139313,0.16705071926116943,0.2326827198266983,-0.21678298711776733,0.6781849265098572,-0.6665340662002563,0.0,0.0
11.442619592000002,-0.0848,0.0438,0.7644,-0.711,1.486,-1.4586,1.3597,-0.4958,0.0,-0.0001,0.0,0.0001,0.0,0.0,0.0011,-0.0091,-0.17829646170139313,0.16705071926116943,0.2326827198266983,-0.21678298711776733,0.6781849265098572,-0.6665340662002563,0.0,0.0
11.452624076000001,-0.0848,0.0438,0.7644,-0.711,1.486,-1.4586,1.3597,-0.4958,0.0,-0.0001,0.0,0.0001,0.0,0.0,0.0011,-0.0091,-0.17829646170139313,0.16705071926116943,0.2326827198266983,-0.21678298711776733,0.6781849265098572,-0.6665340662002563,0.0,0.0
11.462582822,-0.0848,0.0438,0.7644,-0.711,1.486,-1.4586,1.3597,-0.4958,0.0,-0.0001,0.0,0.0001,0.0,0.0,0.0011,-0.0091,-0.17829646170139313,0.16705071926116943,0.2326827198266983,-0.21678298711776733,0.6781849265098572,-0.6665340662002563,0.0,0.0
11.472574101000001,-0.0848,0.0438,0.7644,-0.711,1.486,-1.4586,1.3597,-0.4958,0.0,-0.0001,0.0,0.0001,0.0,0.0,0.0011,-0.0091,-0.17829646170139313,0.16705071926116943,0.2326827198266983,-0.21678298711776733,0.6781849265098572,-0.6665340662002563,0.0,0.0
11.482641586000002,-0.0848,0.0438,0.7644,-0.711,1.486,-1.4586,1.3597,-0.4958,0.0,-0.0001,0.0,0.0001,0.0,0.0,0.0011,-0.0091,-0.17829646170139313,0.16705071926116943,0.2326827198266983,-0.21678298711776733,0.6781849265098572,-0.6665340662002563,0.0,0.0
11.492617844000002,-0.0848,0.0438,0.7644,-0.711,1.486,-1.4586,1.3597,-0.4958,0.0,-0.0001,0.0,0.0001,0.0,0.0,0.0011,-0.0091,-0.17829646170139313,0.16705071926116943,0.2326827198266983,-0.21678298711776733,0.6781849265098572,-0.6665340662002563,0.0,0.0
11.502605688000001,-0.0848,0.0438,0.7644,-0.711,1.486,-1.4586,1.3597,-0.4958,0.0,-0.0001,0.0,0.0001,0.0,0.0,0.0011,-0.0091,-0.17829646170139313,0.16705071926116943,0.2326827198266983,-0.21678298711776733,0.6781849265098572,-0.6665340662002563,0.0,0.0
11.512597020000001,-0.0848,0.0438,0.7644,-0.711,1.486,-1.4586,1.3597,-0.4958,0.0,-0.0001,0.0,0.0001,0.0,0.0,0.0011,-0.0091,-0.17829646170139313,0.16705071926116943,0.2326827198266983,-0.21678298711776733,0.6781849265098572,-0.6665340662002563,0.0,0.0
11.522656256000001,-0.0848,0.0438,0.7644,-0.711,1.486,-1.4586,1.3597,-0.4958,0.0,-0.0001,0.0,0.0001,0.0,0.0,0.0011,-0.0091,-0.17829646170139313,0.16705071926116943,0.2326827198266983,-0.21678298711776733,0.6781849265098572,-0.6665340662002563,0.0,0.0
11.532551404000001,-0.0848,0.0438,0.7644,-0.711,1.486,-1.4586,1.3597,-0.4958,0.0,-0.0001,0.0,0.0001,0.0,0.0,0.0011,-0.0091,-0.17829646170139313,0.16705071926116943,0.2326827198266983,-0.21678298711776733,0.6781849265098572,-0.6665340662002563,0.0,0.0
11.542577969,-0.0848,0.0438,0.7644,-0.711,1.486,-1.4586,1.3597,-0.4958,0.0,-0.0001,0.0,0.0001,0.0,0.0,0.0011,-0.0091,-0.17829646170139313,0.16705071926116943,0.2326827198266983,-0.21678298711776733,0.6781849265098572,-0.6665340662002563,0.0,0.0
11.552640065,-0.0848,0.0438,0.7644,-0.711,1.486,-1.4586,1.3597,-0.4958,0.0,-0.0001,0.0,0.0001,0.0,0.0,0.0011,-0.0091,-0.17829646170139313,0.16705071926116943,0.2326827198266983,-0.21678298711776733,0.6781849265098572,-0.6665340662002563,0.0,0.0
11.562627646000001,-0.0848,0.0438,0.7644,-0.711,1.486,-1.4586,1.3597,-0.4958,0.0,-0.0001,0.0,0.0001,0.0,0.0,0.0011,-0.0091,-0.17829646170139313,0.16705071926116943,0.2326827198266983,-0.21678298711776733,0.6781849265098572,-0.6665340662002563,0.0,0.0
11.572597577000002,-0.0848,0.0438,0.7644,-0.711,1.486,-1.4586,1.3597,-0.4958,0.0,-0.0001,0.0,0.0001,0.0,0.0,0.0011,-0.0091,-0.17829646170139313,0.16705071926116943,0.2326827198266983,-0.21678298711776733,0.6781849265098572,-0.6665340662002563,0.0,0.0
11.582655392000001,-0.0848,0.0438,0.7644,-0.711,1.486,-1.4586,1.3597,-0.4958,0.0,-0.0001,0.0,0.0001,0.0,0.0,0.0011,-0.0091,-0.17829646170139313,0.16705071926116943,0.2326827198266983,-0.21678298711776733,0.6781849265098572,-0.6665340662002563,0.0,0.0
11.592628372,-0.0848,0.0438,0.7644,-0.711,1.486,-1.4586,1.3597,-0.4958,0.0,-0.0001,0.0,0.0001,0.0,0.0,0.0011,-0.0091,-0.17829646170139313,0.16705071926116943,0.2326827198266983,-0.21678298711776733,0.6781849265098572,-0.6665340662002563,0.0,0.0
11.602608731,-0.0848,0.0438,0.7644,-0.711,1.486,-1.4586,1.3597,-0.4958,0.0,-0.0001,0.0,0.0001,0.0,0.0,0.0011,-0.0091,-0.17829646170139313,0.16705071926116943,0.2326827198266983,-0.21678298711776733,0.6781849265098572,-0.6665340662002563,0.0,0.0
11.61260603,-0.0848,0.0438,0.7644,-0.711,1.486,-1.4586,1.3597,-0.4958,0.0,-0.0001,0.0,0.0001,0.0,0.0,0.0011,-0.0091,-0.17829646170139313,0.16705071926116943,0.2326827198266983,-0.21678298711776733,0.6781849265098572,-0.6665340662002563,0.0,0.0
11.622649025000001,-0.0848,0.0438,0.7644,-0.711,1.486,-1.4586,1.3597,-0.4958,0.0,-0.0001,0.0,0.0001,0.0,0.0,0.0011,-0.0091,-0.17829646170139313,0.16705071926116943,0.2326827198266983,-0.21678298711776733,0.6781849265098572,-0.6665340662002563,0.0,0.0
11.632623004000001,-0.0848,0.0438,0.7644,-0.711,1.486,-1.4586,1.3597,-0.4958,0.0,-0.0001,0.0,0.0001,0.0,0.0,0.0011,-0.0091,-0.17829646170139313,0.16705071926116943,0.2326827198266983,-0.21678298711776733,0.6781849265098572,-0.6665340662002563,0.0,0.0
11.642608410000001,-0.0848,0.0438,0.7644,-0.711,1.486,-1.4586,1.3597,-0.4958,0.0,-0.0001,0.0,0.0001,0.0,0.0,0.0011,-0.0091,-0.17829646170139313,0.16705071926116943,0.2326827198266983,-0.21678298711776733,0.6781849265098572,-0.6665340662002563,0.0,0.0
11.652659676,-0.0848,0.0438,0.7644,-0.711,1.486,-1.4586,1.3597,-0.4958,0.0,-0.0001,0.0,0.0001,0.0,0.0,0.0011,-0.0091,-0.17829646170139313,0.16705071926116943,0.2326827198266983,-0.21678298711776733,0.6781849265098572,-0.6665340662002563,0.0,0.0
11.662624236000001,-0.0848,0.0438,0.7644,-0.711,1.486,-1.4586,1.3597,-0.4958,0.0,-0.0001,0.0,0.0001,0.0,0.0,0.0011,-0.0091,-0.17829646170139313,0.16705071926116943,0.2326827198266983,-0.21678298711776733,0.6781849265098572,-0.6665340662002563,0.0,0.0
11.672602569,-0.0848,0.0438,0.7644,-0.711,1.486,-1.4586,1.3597,-0.4958,0.0,-0.0001,0.0,0.0001,0.0,0.0,0.0011,-0.0091,-0.17829646170139313,0.16705071926116943,0.2326827198266983,-0.21678298711776733,0.6781849265098572,-0.6665340662002563,0.0,0.0
11.682722038000001,-0.0848,0.0438,0.7644,-0.711,1.486,-1.4586,1.3597,-0.4958,0.0,-0.0001,0.0,0.0001,0.0,0.0,0.0011,-0.0091,-0.17829646170139313,0.16705071926116943,0.2326827198266983,-0.21678298711776733,0.6781849265098572,-0.6665340662002563,0.0,0.0
11.692641661000001,-0.0848,0.0438,0.7644,-0.711,1.486,-1.4586,1.3597,-0.4958,0.0,-0.0001,0.0,0.0001,0.0,0.0,0.0011,-0.0091,-0.17829646170139313,0.16705071926116943,0.2326827198266983,-0.21678298711776733,0.6781849265098572,-0.6665340662002563,0.0,0.0
11.702617229000001,-0.0848,0.0438,0.7644,-0.711,1.486,-1.4586,1.3597,-0.4958,0.0,-0.0001,0.0,0.0001,0.0,0.0,0.0011,-0.0091,-0.17829646170139313,0.16705071926116943,0.2326827198266983,-0.21678298711776733,0.6781849265098572,-0.6665340662002563,0.0,0.0
11.712634517000001,-0.0848,0.0438,0.7644,-0.711,1.486,-1.4586,1.3597,-0.4958,0.0,-0.0001,0.0,0.0001,0.0,0.0,0.0011,-0.0091,-0.17829646170139313,0.16705071926116943,0.2326827198266983,-0.21678298711776733,0.6781849265098572,-0.6665340662002563,0.0,0.0
11.722668664,-0.0848,0.0438,0.7644,-0.711,1.486,-1.4586,1.3597,-0.4958,0.0,-0.0001,0.0,0.0001,0.0,0.0,0.0011,-0.0091,-0.17829646170139313,0.16705071926116943,0.2326827198266983,-0.21678298711776733,0.6781849265098572,-0.6665340662002563,0.0,0.0
11.732626337000001,-0.0848,0.0438,0.7644,-0.711,1.486,-1.4586,1.3597,-0.4958,0.0,-0.0001,0.0,0.0001,0.0,0.0,0.0011,-0.0091,-0.17829646170139313,0.16705071926116943,0.2326827198266983,-0.21678298711776733,0.6781849265098572,-0.6665340662002563,0.0,0.0
11.742599434,-0.0848,0.0438,0.7644,-0.711,1.486,-1.4586,1.3597,-0.4958,0.0,-0.0001,0.0,0.0001,0.0,0.0,0.0011,-0.0091,-0.17829646170139313,0.16705071926116943,0.2326827198266983,-0.21678298711776733,0.6781849265098572,-0.6665340662002563,0.0,0.0
