time_sec,hip_L_Joint_pos_rad,hip_R_Joint_pos_rad,thigh_L_Joint_pos_rad,thigh_R_Joint_pos_rad,knee_L_Joint_pos_rad,knee_R_Joint_pos_rad,wheel_L_Joint_pos_rad,wheel_R_Joint_pos_rad,hip_L_Joint_vel_rad/s,hip_R_Joint_vel_rad/s,thigh_L_Joint_vel_rad/s,thigh_R_Joint_vel_rad/s,knee_L_Joint_vel_rad/s,knee_R_Joint_vel_rad/s,wheel_L_Joint_vel_rad/s,wheel_R_Joint_vel_rad/s,hip_L_Joint_actual_torque,hip_R_Joint_actual_torque,thigh_L_Joint_actual_torque,thigh_R_Joint_actual_torque,knee_L_Joint_actual_torque,knee_R_Joint_actual_torque,wheel_L_Joint_actual_torque,wheel_R_Joint_actual_torque,hip_L_Joint_target_pos_rad
121125.325906214,0.0111,-0.0111,-0.001,0.0038,-0.0017,0.0004,1.1233,-0.2358,0.0,0.0,0.0,0.0,0.0,0.0,0.0,0.0,-0.043,0.0359,0.0031,0.0044,0.0055,-0.0094,0.0,0.0,-2.6478608194935305e-10
121125.326644479,0.0111,-0.0111,-0.001,0.0038,-0.0017,0.0004,1.1233,-0.2358,0.0,0.0,0.0,0.0,0.0,0.0,0.0,0.0,-0.043,0.0359,0.0031,0.0044,0.0055,-0.0094,0.0,0.0,0.005010457678126773
121125.327130244,0.0111,-0.0111,-0.001,0.0038,-0.0017,0.0004,1.1233,-0.2358,0.0,0.0,0.0,0.0,0.0,0.0,0.0,0.0,-0.043,0.0359,0.0031,0.0044,0.0055,-0.0094,0.0,0.0,0.010014318642670106
121125.328599822,0.0111,-0.0111,-0.001,0.0038,-0.0017,0.0004,1.1233,-0.2358,0.0,0.0,0.0,0.0,0.0,0.0,0.0,0.0,-0.043,0.0359,0.0031,0.0044,0.0055,-0.0094,0.0,0.0,0.015011445445467897
121125.329381388,0.0111,-0.0111,-0.001,0.0038,-0.0017,0.0004,1.1233,-0.2358,0.0,0.0,0.0,0.0,0.0,0.0,0.0,0.0,-0.043,0.0359,0.0031,0.0044,0.0055,-0.0094,0.0,0.0,0.020001701087764556
121125.330047599,0.0111,-0.0111,-0.001,0.0038,-0.0017,0.0004,1.1233,-0.2358,0.0,0.0,0.0,0.0,0.0,0.0,0.0,0.0,-0.043,0.0359,0.0031,0.0044,0.0055,-0.0094,0.0,0.0,0.02498494875918089
121125.330710724,0.0111,-0.0111,-0.001,0.0038,-0.0017,0.0004,1.1233,-0.2358,0.0,0.0,0.0,0.0,0.0,0.0,0.0,0.0,-0.043,0.0359,0.0031,0.0044,0.0055,-0.0094,0.0,0.0,0.029961051841464637
121125.354321991,0.0111,-0.0111,-0.001,0.0038,-0.0017,0.0004,1.1233,-0.2358,0.0,0.0,0.0,0.0,0.0,0.0,0.0,0.0,-0.043,0.0359,0.0031,0.0044,0.0055,-0.0094,0.0,0.0,0.03492987391223623
121125.356895926,0.0111,-0.0111,-0.001,0.0038,-0.0017,0.0004,1.1233,-0.2358,0.0,0.0,0.0,0.0,0.0,0.0,0.0,0.0,-0.043,0.0359,0.0031,0.0044,0.0055,-0.0094,0.0,0.0,0.039891278748728554
121125.362833915,0.0111,-0.0111,-0.001,0.0038,-0.0017,0.0004,1.1233,-0.2358,0.0,0.0,0.0,1e-04,0.0,0.0,-0.0008,-0.0008,-0.0428,0.0362,-0.0039,0.011,0.0088,-0.0125,0.0,0.0,0.04484513033152182
121125.396579125,0.0111,-0.0111,-0.001,0.0038,-0.0017,0.0004,1.1233,-0.2358,0.0,0.0,0.0,1e-04,0.0,0.0,-0.0008,-0.0008,-0.0421,0.0365,0.0035,0.0046,0.0053,-0.0096,0.0,0.0,0.04979129284827244
121125.402190549,0.0111,-0.0111,-0.001,0.0038,-0.0017,0.0004,1.1233,-0.2358,0.0,0.0,0.0,1e-04,0.0,0.0,-0.0008,-0.0008,-0.0422,0.0364,0.0031,0.0044,0.0055,-0.0095,0.0,0.0,0.05472963069743647
121125.407870621,0.0111,-0.0111,-0.001,0.0038,-0.0017,0.0004,1.1233,-0.2358,0.0,0.0,0.0,1e-04,0.0,0.0,-0.0008,-0.0008,-0.042,0.0366,0.0031,0.0044,0.0055,-0.0095,0.0,0.0,0.059660008491987104
121125.413876937,0.0111,-0.0111,-0.001,0.0038,-0.0017,0.0004,1.1233,-0.2358,0.0,-1e-04,0.0,1e-04,0.0,0.0,-0.0008,-0.0008,-0.0424,0.0363,0.0028,0.0047,0.0056,-0.0096,0.0,0.0,0.06458229106312674
121125.443428733,0.0111,-0.0111,-0.001,0.0038,-0.0017,0.0004,1.1233,-0.2358,0.0,0.0,0.0,1e-04,0.0,0.0,-0.0009,-0.0008,-0.0448,0.0349,0.0033,0.0042,0.0054,-0.0094,0.0,0.0,0.06949634346399214
121125.448093063,0.0111,-0.0111,-0.001,0.0038,-0.0017,0.0004,1.1233,-0.2358,0.0,0.0,0.0,1e-04,0.0,0.0,-0.0009,-0.0008,-0.0476,0.0323,0.0039,0.0032,0.0051,-0.0089,0.0,0.0,0.0744020309733543
121125.454032598,0.0111,-0.0112,-0.001,0.0038,-0.0017,0.0004,1.1233,-0.2358,0.0116,0.0078,0.0,0.0006,0.0,1e-04,-0.001,-0.0009,0.0317,0.0347,0.0031,0.003,0.0052,-0.0091,0.0,0.0,0.07929921909931226
121125.480929175,0.0111,-0.0112,-0.001,0.0038,-0.0017,0.0004,1.1233,-0.2358,0.0,-0.006,0.0,-0.0004,0.0,-1e-04,-0.0009,-0.0007,0.0031,0.0379,0.0062,0.0027,0.0045,-0.0081,0.0,0.0,0.08418777358297957
121125.487490053,0.0112,-0.0112,-0.001,0.0038,-0.0017,0.0004,1.1233,-0.2358,0.0,-0.008,0.0,-0.0006,0.0,-1e-04,-0.0009,-0.0006,-0.0039,0.0362,0.005,0.0015,0.0047,-0.008,0.0,0.0,0.08906756040216574
121125.492719917,0.0113,-0.0112,-0.001,0.0038,-0.0017,0.0004,1.1233,-0.2358,0.014,0.0,0.0,0.0,0.0,0.0,-0.001,-0.0007,0.0744,0.0364,0.0022,0.004,0.0056,-0.0096,0.0,0.0,0.09393844577505
121125.519583086,0.0114,-0.0112,-0.001,0.0038,-0.0017,0.0004,1.1233,-0.2358,0.0208,0.0,0.0,0.0,0.0,0.0,-0.001,-0.0007,0.0917,0.0358,0.0027,0.0047,0.0056,-0.0096,0.0,0.0,0.09880029616384955
121125.524710548,0.0115,-0.0112,-0.001,0.0038,-0.0017,0.0004,1.1233,-0.2358,0.0284,0.0,0.0,0.0,0.0,0.0,-0.001,-0.0007,0.1058,0.0358,0.0027,0.0048,0.0056,-0.0096,0.0,0.0,0.10365297827847969
121125.530193864,0.0117,-0.0112,-0.001,0.0038,-0.0017,0.0004,1.1233,-0.2358,0.0366,0.0,0.0,0.0,0.0,0.0,-0.001,-0.0007,0.1198,0.0358,0.0026,0.0049,0.0057,-0.0097,0.0,0.0,0.10849635908020933
121125.535681517,0.0119,-0.0112,-0.001,0.0038,-0.0017,0.0004,1.1233,-0.2358,0.0456,0.0,0.0,0.0,0.0,0.0,-0.001,-0.0007,0.1337,0.0359,0.0029,0.0045,0.0055,-0.0095,0.0,0.0,0.1133303057853069
121125.560308245,0.0122,-0.0112,-0.001,0.0038,-0.0017,0.0004,1.1233,-0.2358,0.0551,0.0,0.0,0.0,0.0,0.0,-0.001,-0.0007,0.1464,0.0358,0.0027,0.0048,0.0056,-0.0096,0.0,0.0,0.11815468586868172
121125.567397743,0.0125,-0.0112,-0.001,0.0038,-0.0017,0.0004,1.1233,-0.2358,0.0654,0.0,0.0,0.0,0.0,0.0,-0.001,-0.0007,0.1613,0.0358,0.0031,0.0042,0.0054,-0.0094,0.0,0.0,0.12296936706751682
121125.573484052,0.0129,-0.0112,-0.001,0.0038,-0.0017,0.0004,1.1232,-0.2358,0.0764,0.0,0.0,0.0,0.0,0.0,-0.001,-0.0007,0.1748,0.0358,0.0028,0.0046,0.0056,-0.0096,0.0,0.0,0.12777421738489497
121125.600883004,0.0133,-0.0112,-0.001,0.0038,-0.0017,0.0004,1.1232,-0.2358,0.0879,0.0,0.0,0.0,0.0,0.0,-0.001,-0.0007,0.1868,0.0358,0.003,0.0043,0.0055,-0.0094,0.0,0.0,0.13256910509341757
121125.607184605,0.0138,-0.0112,-0.001,0.0038,-0.0017,0.0004,1.1232,-0.2358,0.1,0.0,0.0,0.0,0.0,0.0,-0.001,-0.0007,0.1995,0.0357,0.0029,0.0044,0.0055,-0.0095,0.0,0.0,0.13735389873881598
121125.613190283,0.0144,-0.0112,-0.001,0.0038,-0.0017,0.0004,1.1232,-0.2358,0.1127,0.0,0.0,0.0,0.0,0.0,-0.0011,-0.0007,0.212,0.0358,0.0029,0.0045,0.0056,-0.0095,0.0,0.0,0.14212846714355537
121125.639824972,0.015,-0.0112,-0.001,0.0038,-0.0017,0.0004,1.1232,-0.2358,0.1259,0.0,0.0,0.0,0.0,0.0,-0.0011,-0.0007,0.2241,0.0357,0.0029,0.0044,0.0055,-0.0094,0.0,0.0,0.1468926794104311
121125.645166183,0.0157,-0.0112,-0.001,0.0038,-0.0017,0.0004,1.1232,-0.2358,0.1397,0.0,0.0,0.0,0.0,0.0,-0.0011,-0.0007,0.2361,0.0358,0.0029,0.0045,0.0055,-0.0095,0.0,0.0,0.15164640492615722
121125.650633378,0.0165,-0.0112,-0.001,0.0038,-0.0017,0.0004,1.1232,-0.2358,0.154,0.0,0.0,0.0,0.0,0.0,-0.0011,-0.0007,0.2477,0.0358,0.0029,0.0044,0.0055,-0.0095,0.0,0.0,0.15638951336494739
121125.656163888,0.0174,-0.0112,-0.001,0.0038,-0.0017,0.0004,1.1232,-0.2358,0.1688,0.0,0.0,0.0,0.0,0.0,-0.0011,-0.0007,0.2592,0.0358,0.0028,0.0045,0.0056,-0.0095,0.0,0.0,0.16112187469208783
121125.683718675,0.0183,-0.0112,-0.001,0.0038,-0.0017,0.0004,1.1232,-0.2358,0.184,0.0,0.0,0.0,0.0,0.0,-0.0011,-0.0007,0.2702,0.0357,0.003,0.0043,0.0055,-0.0094,0.0,0.0,0.1658433591675022
121125.689708584,0.0193,-0.0112,-0.001,0.0038,-0.0017,0.0004,1.1232,-0.2358,0.1997,0.0,0.0,0.0,0.0,0.0,-0.0011,-0.0007,0.2812,0.0357,0.0027,0.0046,0.0056,-0.0096,0.0,0.0,0.1705538373493085
121125.694953435,0.0204,-0.0112,-0.001,0.0038,-0.0017,0.0004,1.1232,-0.2358,0.2159,0.0,0.0,0.0,0.0,0.0,-0.0011,-0.0007,0.2917,0.0357,0.003,0.0043,0.0055,-0.0094,0.0,0.0,0.175253180097368
121125.721565141,0.0215,-0.0112,-0.001,0.0038,-0.0017,0.0004,1.1232,-0.2358,0.2324,0.0,0.0,0.0,0.0,0.0,-0.0011,-0.0007,0.3019,0.0357,0.0028,0.0045,0.0056,-0.0095,0.0,0.0,0.17994125857682536
121125.72702326,0.0228,-0.0112,-0.001,0.0038,-0.0017,0.0004,1.1232,-0.2358,0.2493,0.0,0.0,0.0,0.0,0.0,-0.0011,-0.0007,0.3119,0.0357,0.0028,0.0045,0.0056,-0.0095,0.0,0.0,0.1846179442616409
121125.732702657,0.0241,-0.0112,-0.001,0.0038,-0.0017,0.0004,1.1232,-0.2358,0.2665,0.0,0.0,0.0,0.0,0.0,-0.0012,-0.0007,0.3216,0.0357,0.0028,0.0046,0.0056,-0.0095,0.0,0.0,0.18928310893811418
121125.756394126,0.0255,-0.0112,-0.001,0.0038,-0.0017,0.0004,1.1232,-0.2358,0.2841,0.0,0.0,0.0,0.0,0.0,-0.0012,-0.0007,0.3308,0.0357,0.0031,0.0041,0.0054,-0.0093,0.0,0.0,0.193936624708399
121125.763893849,0.027,-0.0112,-0.001,0.0038,-0.0017,0.0004,1.1232,-0.2359,0.3019,0.0,0.0,0.0,0.0,0.0,-0.0012,-0.0007,0.3397,0.0357,0.0026,0.0048,0.0057,-0.0096,0.0,0.0,0.1985783639940097
121125.771221119,0.0286,-0.0112,-0.001,0.0038,-0.0017,0.0004,1.1232,-0.2359,0.32,0.0,0.0,0.0,0.0,0.0,-0.0012,-0.0007,0.3485,0.0357,0.0029,0.0044,0.0055,-0.0094,0.0,0.0,0.20320819953931918
121125.776596884,0.0303,-0.0112,-0.001,0.0038,-0.0017,0.0004,1.1231,-0.2359,0.3384,0.0,0.0,0.0,0.0,0.0,-0.0012,-0.0007,0.3569,0.0357,0.0029,0.0044,0.0055,-0.0094,0.0,0.0,0.20782600441504717
121125.804713965,0.0321,-0.0112,-0.001,0.0038,-0.0017,0.0004,1.1231,-0.2359,0.3569,0.0,0.0,0.0,0.0,0.0,-0.0012,-0.0007,0.3649,0.0357,0.0027,0.0046,0.0056,-0.0096,0.0,0.0,0.2124316520217403
121125.809803526,0.034,-0.0112,-0.001,0.0038,-0.0017,0.0004,1.1231,-0.2359,0.3757,0.0,0.0,0.0,0.0,0.0,-0.0012,-0.0007,0.3729,0.0356,0.0029,0.0043,0.0055,-0.0094,0.0,0.0,0.21702501609324287
121125.81567773,0.036,-0.0112,-0.001,0.0038,-0.0017,0.0004,1.1231,-0.2359,0.3946,0.0,0.0,0.0,0.0,0.0,-0.0012,-0.0007,0.3802,0.0357,0.0029,0.0043,0.0055,-0.0094,0.0,0.0,0.22160597070015864
121125.840063109,0.038,-0.0112,-0.001,0.0038,-0.0017,0.0004,1.1231,-0.2359,0.4137,0.0,0.0,0.0,0.0,0.0,-0.0012,-0.0007,0.3874,0.0357,0.0027,0.0046,0.0056,-0.0096,0.0,0.0,0.22617439025330288
121125.847945814,0.0402,-0.0112,-0.001,0.0038,-0.0017,0.0004,1.1231,-0.2359,0.4328,0.0,0.0,0.0,0.0,0.0,-0.0013,-0.0007,0.3942,0.0356,0.0028,0.0045,0.0056,-0.0095,0.0,0.0,0.23073014950714588
121125.855301918,0.0425,-0.0112,-0.001,0.0038,-0.0017,0.0004,1.1231,-0.2359,0.4521,0.0,0.0,0.0,0.0,0.0,-0.0013,-0.0007,0.4008,0.0357,0.003,0.0043,0.0055,-0.0094,0.0,0.0,0.23527312356324648
121125.882574165,0.0448,-0.0112,-0.001,0.0038,-0.0017,0.0004,1.1231,-0.2359,0.4713,0.0,0.0,0.0,0.0,0.0,-0.0013,-0.0007,0.4069,0.0356,0.0026,0.0047,0.0057,-0.0096,0.0,0.0,0.23980318787367588
121125.890299497,0.0473,-0.0112,-0.001,0.0038,-0.0017,0.0004,1.1231,-0.2359,0.4907,0.0,0.0,0.0,0.0,0.0,-0.0013,-0.0007,0.4127,0.0356,0.0027,0.0046,0.0056,-0.0095,0.0,0.0,0.2443202182444329
121125.894366473,0.0498,-0.0112,-0.001,0.0038,-0.0017,0.0004,1.1231,-0.2359,0.51,0.0,0.0,0.0,0.0,0.0,-0.0013,-0.0006,0.4181,0.0356,0.0029,0.0043,0.0055,-0.0094,0.0,0.0,0.24882409083884782
121125.899805927,0.0525,-0.0112,-0.001,0.0038,-0.0017,0.0004,1.1231,-0.2359,0.5292,0.0,0.0,0.0,0.0,0.0,-0.0013,-0.0006,0.4232,0.0356,0.0029,0.0043,0.0056,-0.0094,0.0,0.0,0.25331468218097875
121125.926549269,0.0552,-0.0112,-0.001,0.0038,-0.0017,0.0004,1.1231,-0.2359,0.5484,0.0,0.0,0.0,0.0,0.0,-0.0013,-0.0006,0.428,0.0356,0.0026,0.0047,0.0057,-0.0096,0.0,0.0,0.2577918691589952
121125.934742793,0.058,-0.0112,-0.001,0.0038,-0.0017,0.0004,1.1231,-0.2359,0.5675,0.0,0.0,0.0,0.0,0.0,-0.0013,-0.0006,0.4327,0.0356,0.0029,0.0043,0.0055,-0.0094,0.0,0.0,0.262255529028555
121125.943068611,0.061,-0.0112,-0.001,0.0038,-0.0017,0.0004,1.123,-0.2359,0.5865,0.0,0.0,0.0,0.0,0.0,-0.0013,-0.0006,0.4368,0.0356,0.0026,0.0046,0.0057,-0.0096,0.0,0.0,0.2667055394161676
121125.973122332,0.064,-0.0112,-0.001,0.0038,-0.0017,0.0004,1.123,-0.2359,0.6054,0.0,0.0,0.0,0.0,0.0,-0.0013,-0.0006,0.4406,0.0356,0.0028,0.0044,0.0056,-0.0095,0.0,0.0,0.2711417783225506
121125.978551116,0.0671,-0.0112,-0.001,0.0038,-0.0017,0.0004,1.123,-0.2359,0.6241,0.0,0.0,0.0,0.0,0.0,-0.0014,-0.0006,0.4444,0.0356,0.0028,0.0045,0.0056,-0.0095,0.0,0.0,0.2755641241259732
121125.984555843,0.0703,-0.0112,-0.001,0.0038,-0.0017,0.0004,1.123,-0.2359,0.6425,0.0,0.0,0.0,0.0,0.0,-0.0014,-0.0006,0.4475,0.0356,0.0029,0.0043,0.0056,-0.0094,0.0,0.0,0.2799724555855916
121126.007412494,0.0736,-0.0112,-0.001,0.0038,-0.0017,0.0004,1.123,-0.2359,0.6608,0.0,0.0,0.0,0.0,0.0,-0.0014,-0.0006,0.4506,0.0355,0.0028,0.0044,0.0056,-0.0095,0.0,0.0,0.2843666518447717
121126.015737824,0.077,-0.0112,-0.001,0.0038,-0.0017,0.0004,1.123,-0.2359,0.6788,0.0,0.0,0.0,0.0,0.0,-0.0014,-0.0006,0.4531,0.0355,0.0026,0.0047,0.0057,-0.0096,0.0,0.0,0.28874659243440337
121126.023450161,0.0805,-0.0112,-0.001,0.0038,-0.0017,0.0004,1.123,-0.2359,0.6965,0.0,0.0,0.0,0.0,0.0,-0.0014,-0.0006,0.4556,0.0355,0.0028,0.0044,0.0056,-0.0095,0.0,0.0,0.2931121572762031
121126.030039577,0.0841,-0.0112,-0.001,0.0038,-0.0017,0.0004,1.123,-0.2359,0.714,0.0,0.0,0.0,0.0,0.0,-0.0014,-0.0006,0.4578,0.0355,0.003,0.0041,0.0055,-0.0093,0.0,0.0,0.2974632266860051
121126.056758954,0.0877,-0.0112,-0.001,0.0038,-0.0017,0.0004,1.123,-0.2359,0.7311,0.0,0.0,0.0,0.0,0.0,-0.0014,-0.0006,0.4594,0.0355,0.0026,0.0046,0.0057,-0.0095,0.0,0.0,0.3017996813770438
121126.061897007,0.0915,-0.0112,-0.001,0.0038,-0.0017,0.0004,1.123,-0.2359,0.7478,0.0,0.0,0.0,0.0,0.0,-0.0014,-0.0006,0.461,0.0355,0.0027,0.0045,0.0057,-0.0095,0.0,0.0,0.30612140246322317
121126.067184844,0.0953,-0.0112,-0.001,0.0038,-0.0017,0.0004,1.123,-0.2359,0.7642,0.0,0.0,0.0,0.0,0.0,-0.0014,-0.0006,0.4623,0.0355,0.0027,0.0046,0.0057,-0.0095,0.0,0.0,0.31042827146237695
121126.091730986,0.0992,-0.0112,-0.001,0.0038,-0.0017,0.0004,1.123,-0.2359,0.7802,0.0,0.0,0.0,0.0,0.0,-0.0014,-0.0006,0.4633,0.0355,0.0028,0.0043,0.0056,-0.0094,0.0,0.0,0.31472017029951527
121126.098845741,0.1032,-0.0112,-0.001,0.0037,-0.0017,0.0004,1.123,-0.2359,0.7958,0.0,0.0,0.0,0.0,0.0,-0.0015,-0.0006,0.464,0.0356,0.0029,0.0043,0.0056,-0.0094,0.0,0.0,0.31899698131006404
121126.107668737,0.1072,-0.0112,-0.001,0.0037,-0.0017,0.0004,1.1229,-0.2359,0.8109,0.0,0.0,0.0,0.0,0.0,-0.0015,-0.0006,0.4645,0.0354,0.0027,0.0044,0.0057,-0.0095,0.0,0.0,0.32325858724308854
121126.135777764,0.1114,-0.0112,-0.001,0.0037,-0.0017,0.0004,1.1229,-0.2359,0.8256,0.0,0.0,0.0,0.0,0.0,-0.0015,-0.0006,0.4646,0.0356,0.0027,0.0046,0.0057,-0.0096,0.0,0.0,0.3275048712645098
121126.142091346,0.1156,-0.0112,-0.001,0.0037,-0.0017,0.0004,1.1229,-0.2359,0.8398,0.0,0.0,0.0,0.0,0.0,-0.0015,-0.0006,0.4645,0.0354,0.0028,0.0043,0.0056,-0.0094,0.0,0.0,0.3317357169603061
121126.147121217,0.1198,-0.0112,-0.001,0.0037,-0.0017,0.0004,1.1229,-0.2359,0.8535,0.0,0.0,0.0,0.0,0.0,-0.0015,-0.0006,0.4644,0.0356,0.0027,0.0046,0.0057,-0.0095,0.0,0.0,0.3359510083397057
121126.152748086,0.1242,-0.0112,-0.001,0.0037,-0.0017,0.0004,1.1229,-0.2359,0.8666,0.0,0.0,0.0,0.0,0.0,-0.0015,-0.0006,0.4637,0.0355,0.0028,0.0043,0.0056,-0.0094,0.0,0.0,0.34015062983836575
121126.177722766,0.1286,-0.0112,-0.001,0.0037,-0.0017,0.0004,1.1229,-0.2359,0.8792,0.0,0.0,0.0,0.0,0.0,-0.0015,-0.0006,0.4631,0.0355,0.0029,0.0042,0.0056,-0.0094,0.0,0.0,0.34433446632154185
121126.186085595,0.133,-0.0112,-0.001,0.0037,-0.0017,0.0004,1.1229,-0.2359,0.8913,0.0,0.0,0.0,0.0,0.0,-0.0015,-0.0006,0.4622,0.0355,0.0027,0.0045,0.0057,-0.0095,0.0,0.0,0.348502403087243
121126.191593436,0.1375,-0.0112,-0.001,0.0037,-0.0017,0.0004,1.1229,-0.236,0.9028,0.0,0.0,0.0,0.0,0.0,-0.0015,-0.0006,0.461,0.0355,0.0027,0.0044,0.0057,-0.0095,0.0,0.0,0.3526543258693776
121126.219097185,0.1421,-0.0112,-0.001,0.0037,-0.0017,0.0004,1.1229,-0.236,0.9137,0.0,0.0,0.0,0.0,0.0,-0.0015,-0.0006,0.4599,0.0355,0.0027,0.0044,0.0057,-0.0095,0.0,0.0,0.35679012084088524
121126.224518895,0.1467,-0.0112,-0.001,0.0037,-0.0017,0.0004,1.1229,-0.236,0.924,0.0,0.0,0.0,0.0,0.0,-0.0016,-0.0006,0.4582,0.0355,0.0029,0.0043,0.0056,-0.0094,0.0,0.0,0.3609096746168574
121126.229713279,0.1514,-0.0112,-0.001,0.0037,-0.0017,0.0004,1.1229,-0.236,0.9336,0.0,0.0,0.0,0.0,0.0,-0.0016,-0.0006,0.4566,0.0354,0.0026,0.0046,0.0058,-0.0095,0.0,0.0,0.3650128742576466
121126.255941584,0.1561,-0.0112,-0.001,0.0037,-0.0017,0.0004,1.1229,-0.236,0.9427,0.0,0.0,0.0,0.0,0.0,-0.0016,-0.0006,0.455,0.0356,0.0028,0.0044,0.0057,-0.0094,0.0,0.0,0.3690996072719618
121126.260882449,0.1609,-0.0112,-0.001,0.0037,-0.0017,0.0004,1.1229,-0.236,0.9511,0.0,0.0,0.0,0.0,0.0,-0.0016,-0.0006,0.4529,0.0354,0.0027,0.0045,0.0057,-0.0095,0.0,0.0,0.37316976161995297
121126.266346619,0.1657,-0.0112,-0.001,0.0037,-0.0017,0.0004,1.1228,-0.236,0.9588,0.0,0.0,0.0,0.0,0.0,-0.0016,-0.0006,0.4508,0.0356,0.0028,0.0044,0.0057,-0.0094,0.0,0.0,0.37722322571628264
121126.272293093,0.1705,-0.0112,-0.001,0.0037,-0.0017,0.0004,1.1228,-0.236,0.9659,0.0,0.0,0.0,0.0,0.0,-0.0016,-0.0006,0.4487,0.0355,0.0028,0.0043,0.0057,-0.0094,0.0,0.0,0.38125988843318526
121126.2998104,0.1754,-0.0112,-0.001,0.0037,-0.0017,0.0004,1.1228,-0.236,0.9723,0.0,0.0,0.0,0.0,0.0,-0.0016,-0.0006,0.4464,0.0355,0.0028,0.0044,0.0057,-0.0095,0.0,0.0,0.3852796391035129
121126.305836907,0.1803,-0.0112,-0.001,0.0037,-0.0017,0.0004,1.1228,-0.236,0.978,0.0,0.0,0.0,0.0,0.0,-0.0016,-0.0006,0.4439,0.0355,0.0027,0.0045,0.0057,-0.0095,0.0,0.0,0.389282367523771
121126.311034086,0.1852,-0.0112,-0.001,0.0037,-0.0017,0.0004,1.1228,-0.236,0.983,0.0,0.0,0.0,0.0,0.0,-0.0016,-0.0006,0.4414,0.0355,0.0028,0.0044,0.0057,-0.0094,0.0,0.0,0.3932679639571375
121126.337872438,0.1901,-0.0113,-0.001,0.0037,-0.0017,0.0004,1.1228,-0.236,0.9873,0.0,0.0,0.0,0.0,0.0,-0.0017,-0.0006,0.4387,0.0355,0.0028,0.0043,0.0057,-0.0094,0.0,0.0,0.39723631913647284
121126.343695396,0.1951,-0.0113,-0.001,0.0037,-0.0017,0.0004,1.1228,-0.236,0.9908,0.0,0.0,0.0,0.0,0.0,-0.0017,-0.0006,0.436,0.0355,0.0027,0.0046,0.0057,-0.0095,0.0,0.0,0.4011873242673153
121126.348988336,0.2,-0.0113,-0.001,0.0037,-0.0017,0.0004,1.1228,-0.236,0.9937,0.0,0.0,0.0,0.0,0.0,-0.0017,-0.0006,0.4331,0.0356,0.0028,0.0043,0.0056,-0.0094,0.0,0.0,0.40512087103086336
121126.376339019,0.205,-0.0113,-0.001,0.0037,-0.0017,0.0004,1.1228,-0.236,0.9959,0.0,0.0,0.0,0.0,0.0,-0.0017,-0.0006,0.4302,0.0356,0.0027,0.0046,0.0057,-0.0095,0.0,0.0,0.4090368515869456
121126.380778179,0.21,-0.0113,-0.001,0.0037,-0.0017,0.0004,1.1228,-0.236,0.9973,0.0,0.0,0.0,0.0,0.0,-0.0017,-0.0006,0.4274,0.0356,0.0029,0.0043,0.0056,-0.0094,0.0,0.0,0.4129351585769768
121126.387213768,0.215,-0.0113,-0.001,0.0037,-0.0017,0.0004,1.1228,-0.236,0.998,0.0,0.0,0.0,0.0,0.0,-0.0017,-0.0006,0.4244,0.0356,0.0029,0.0043,0.0056,-0.0094,0.0,0.0,0.4168156851269016
121126.392816145,0.22,-0.0113,-0.001,0.0037,-0.0017,0.0004,1.1228,-0.236,0.998,0.0,0.0,0.0,0.0,0.0,-0.0017,-0.0006,0.4214,0.0356,0.0028,0.0044,0.0057,-0.0095,0.0,0.0,0.42067832485012446
121126.419294824,0.225,-0.0113,-0.001,0.0037,-0.0017,0.0004,1.1228,-0.236,0.9973,0.0,0.0,0.0,0.0,0.0,-0.0017,-0.0006,0.4185,0.0356,0.0027,0.0046,0.0057,-0.0096,0.0,0.0,0.4245229718504263
121126.424460006,0.2299,-0.0113,-0.001,0.0037,-0.0017,0.0004,1.1227,-0.236,0.9958,0.0,0.0,0.0,0.0,0.0,-0.0017,-0.0005,0.4157,0.0356,0.0029,0.0043,0.0056,-0.0094,0.0,0.0,0.4283495207248672
121126.42973325,0.2349,-0.0113,-0.001,0.0037,-0.0017,0.0004,1.1227,-0.236,0.9936,0.0,0.0,0.0,0.0,0.0,-0.0017,-0.0005,0.4126,0.0356,0.0028,0.0044,0.0056,-0.0095,0.0,0.0,0.432157866566677
121126.455896972,0.2399,-0.0113,-0.001,0.0037,-0.0017,0.0004,1.1227,-0.236,0.9907,0.0,0.0,0.0,0.0,0.0,-0.0018,-0.0005,0.4098,0.0356,0.0028,0.0044,0.0056,-0.0095,0.0,0.0,0.4359479049681305
121126.461409952,0.2448,-0.0113,-0.001,0.0037,-0.0017,0.0004,1.1227,-0.236,0.9871,0.0,0.0,0.0,0.0,0.0,-0.0018,-0.0005,0.4069,0.0356,0.0029,0.0043,0.0056,-0.0094,0.0,0.0,0.43971953202341063
121126.467467497,0.2497,-0.0113,-0.001,0.0037,-0.0017,0.0004,1.1227,-0.236,0.9828,0.0,0.0,0.0,0.0,0.0,-0.0018,-0.0005,0.4039,0.0356,0.0028,0.0044,0.0056,-0.0094,0.0,0.0,0.4434726443314565
121126.493771921,0.2546,-0.0113,-0.001,0.0037,-0.0017,0.0004,1.1227,-0.236,0.9777,0.0,0.0,0.0,0.0,0.0,-0.0018,-0.0005,0.4011,0.0357,0.0028,0.0044,0.0056,-0.0095,0.0,0.0,0.44720713899879794
121126.501603972,0.2595,-0.0113,-0.001,0.0037,-0.0017,0.0004,1.1227,-0.236,0.972,0.0,0.0,0.0,0.0,0.0,-0.0018,-0.0005,0.3983,0.0357,0.0029,0.0044,0.0056,-0.0094,0.0,0.0,0.45092291364237747
121126.50738952,0.2643,-0.0113,-0.001,0.0037,-0.0017,0.0004,1.1227,-0.236,0.9656,0.0,0.0,0.0,0.0,0.0,-0.0018,-0.0005,0.3955,0.0357,0.0029,0.0043,0.0055,-0.0094,0.0,0.0,0.4546198663923562
121126.512696373,0.2691,-0.0113,-0.001,0.0037,-0.0017,0.0004,1.1227,-0.236,0.9585,0.0,0.0,0.0,0.0,0.0,-0.0018,-0.0005,0.3931,0.0357,0.0027,0.0046,0.0057,-0.0096,0.0,0.0,0.45829789589490677
121126.538958501,0.2739,-0.0113,-0.001,0.0037,-0.0017,0.0004,1.1227,-0.236,0.9507,0.0,0.0,0.0,0.0,0.0,-0.0018,-0.0005,0.3905,0.0356,0.0029,0.0043,0.0055,-0.0094,0.0,0.0,0.4619569013149927
121126.544920579,0.2786,-0.0113,-0.001,0.0037,-0.0017,0.0004,1.1227,-0.236,0.9422,0.0,0.0,0.0,0.0,0.0,-0.0018,-0.0005,0.3879,0.0358,0.0027,0.0046,0.0056,-0.0095,0.0,0.0,0.46559678233913193
121126.55034438,0.2832,-0.0113,-0.001,0.0037,-0.0017,0.0004,1.1227,-0.236,0.9331,0.0,0.0,0.0,0.0,0.0,-0.0018,-0.0005,0.3857,0.0357,0.003,0.0043,0.0055,-0.0094,0.0,0.0,0.4692174391781476
121126.574472994,0.2879,-0.0113,-0.001,0.0037,-0.0017,0.0004,1.1226,-0.236,0.9234,0.0,0.0,0.0,0.0,0.0,-0.0019,-0.0005,0.3835,0.0357,0.0028,0.0045,0.0056,-0.0095,0.0,0.0,0.47281877256990335
121126.584157645,0.2924,-0.0113,-0.001,0.0037,-0.0017,0.0004,1.1226,-0.236,0.913,0.0,0.0,0.0,0.0,0.0,-0.0019,-0.0005,0.3813,0.0356,0.0031,0.0041,0.0054,-0.0093,0.0,0.0,0.47640068378202516
121126.590081569,0.2969,-0.0113,-0.001,0.0037,-0.0017,0.0004,1.1226,-0.236,0.902,0.0,0.0,0.0,0.0,0.0,-0.0019,-0.0005,0.3793,0.0358,0.0025,0.0049,0.0057,-0.0097,0.0,0.0,0.47996307461460785
121126.616903721,0.3014,-0.0113,-0.001,0.0037,-0.0017,0.0004,1.1226,-0.236,0.8904,0.0,0.0,0.0,0.0,0.0,-0.0019,-0.0005,0.3775,0.0357,0.0033,0.0039,0.0053,-0.0092,0.0,0.0,0.48350584740290703
121126.623669896,0.3058,-0.0113,-0.0009,0.0037,-0.0017,0.0004,1.1226,-0.236,0.8782,0.0,0.0,0.0,0.0,0.0,-0.0019,-0.0005,0.3758,0.0357,0.0027,0.0046,0.0055,-0.0095,0.0,0.0,0.48702890502001706
121126.629338536,0.3101,-0.0113,-0.0009,0.0037,-0.0017,0.0004,1.1226,-0.236,0.8655,0.0,0.0,0.0,0.0,0.0,-0.0019,-0.0005,0.3741,0.0358,0.0029,0.0044,0.0054,-0.0094,0.0,0.0,0.49053215087953383
121126.635455632,0.3144,-0.0113,-0.0009,0.0037,-0.0017,0.0004,1.1226,-0.236,0.8521,0.0,0.0,0.0,0.0,0.0,-0.0019,-0.0005,0.3728,0.0358,0.0028,0.0045,0.0055,-0.0095,0.0,0.0,0.4940154889382026
121126.65999624,0.3186,-0.0113,-0.0009,0.0037,-0.0017,0.0004,1.1226,-0.236,0.8383,0.0,0.0,0.0,0.0,0.0,-0.0019,-0.0005,0.3717,0.0357,0.0031,0.0042,0.0054,-0.0093,0.0,0.0,0.4974788236985507
121126.669418664,0.3227,-0.0113,-0.0009,0.0037,-0.0017,0.0004,1.1226,-0.236,0.8239,0.0,0.0,0.0,0.0,0.0,-0.0019,-0.0005,0.3705,0.0358,0.0029,0.0044,0.0054,-0.0094,0.0,0.0,0.500922060211506
121126.675011409,0.3267,-0.0113,-0.0009,0.0037,-0.0017,0.0004,1.1225,-0.236,0.809,0.0,0.0,0.0,0.0,0.0,-0.0019,-0.0005,0.3698,0.0358,0.003,0.0042,0.0053,-0.0094,0.0,0.0,0.5043451040790005
121126.702902653,0.3307,-0.0113,-0.0009,0.0037,-0.0017,0.0004,1.1225,-0.236,0.7936,0.0,0.0,0.0,0.0,0.0,-0.002,-0.0005,0.3692,0.0358,0.0027,0.0046,0.0055,-0.0095,0.0,0.0,0.5077478614565573
121126.709266729,0.3346,-0.0113,-0.0009,0.0037,-0.0017,0.0004,1.1225,-0.236,0.7778,0.0,0.0,0.0,0.0,0.0,-0.002,-0.0005,0.3686,0.0358,0.0028,0.0045,0.0054,-0.0095,0.0,0.0,0.511130239055864
121126.714445256,0.3384,-0.0113,-0.0009,0.0037,-0.0017,0.0004,1.1225,-0.236,0.7615,0.0,0.0,0.0,0.0,0.0,-0.002,-0.0005,0.3683,0.0358,0.0029,0.0044,0.0054,-0.0095,0.0,0.0,0.51449214414733
121126.742740248,0.3421,-0.0113,-0.0009,0.0037,-0.0017,0.0004,1.1225,-0.2361,0.7448,0.0,0.0,0.0,0.0,0.0,-0.002,-0.0005,0.3683,0.0358,0.0031,0.0041,0.0053,-0.0093,0.0,0.0,0.5178334845626292
121126.748153924,0.3458,-0.0113,-0.0009,0.0037,-0.0017,0.0004,1.1225,-0.2361,0.7277,0.0,0.0,0.0,0.0,0.0,-0.002,-0.0005,0.3683,0.0357,0.0029,0.0044,0.0053,-0.0094,0.0,0.0,0.5211541686972262
121126.753781858,0.3493,-0.0113,-0.0009,0.0037,-0.0017,0.0004,1.1225,-0.2361,0.7102,0.0,0.0,0.0,0.0,0.0,-0.002,-0.0005,0.3687,0.0358,0.0029,0.0044,0.0053,-0.0095,0.0,0.0,0.524454105512888
121126.75935117,0.3528,-0.0113,-0.0009,0.0037,-0.0017,0.0004,1.1225,-0.2361,0.6923,0.0,0.0,0.0,0.0,0.0,-0.002,-0.0005,0.3693,0.0358,0.0026,0.0049,0.0055,-0.0097,0.0,0.0,0.5277332045401797
121126.787607895,0.3561,-0.0113,-0.0009,0.0037,-0.0017,0.0004,1.1225,-0.2361,0.6741,0.0,0.0,0.0,0.0,0.0,-0.002,-0.0005,0.3703,0.0358,0.0032,0.0041,0.0052,-0.0093,0.0,0.0,0.530991375880945
121126.792993047,0.3594,-0.0113,-0.0009,0.0037,-0.0017,0.0004,1.1224,-0.2361,0.6556,0.0,0.0,0.0,0.0,0.0,-0.002,-0.0005,0.3712,0.0357,0.0028,0.0045,0.0054,-0.0095,0.0,0.0,0.5342285302107711
121126.797887001,0.3626,-0.0113,-0.0009,0.0037,-0.0017,0.0004,1.1224,-0.2361,0.6367,0.0,0.0,0.0,0.0,0.0,-0.002,-0.0005,0.3725,0.0358,0.0031,0.0041,0.0052,-0.0093,0.0,0.0,0.5374445787814365
121126.825011766,0.3657,-0.0113,-0.0009,0.0037,-0.0017,0.0004,1.1224,-0.2361,0.6176,0.0,0.0,0.0,0.0,0.0,-0.0021,-0.0005,0.374,0.0357,0.003,0.0042,0.0052,-0.0094,0.0,0.0,0.5406394334233451
121126.830191927,0.3687,-0.0113,-0.0009,0.0037,-0.0017,0.0004,1.1224,-0.2361,0.5983,0.0,0.0,0.0,0.0,0.0,-0.0021,-0.0005,0.3758,0.0358,0.0025,0.0049,0.0054,-0.0097,0.0,0.0,0.5438130065479432
121126.835892156,0.3716,-0.0113,-0.0009,0.0037,-0.0017,0.0004,1.1224,-0.2361,0.5787,0.0,0.0,0.0,0.0,0.0,-0.0021,-0.0005,0.3776,0.0357,0.0033,0.004,0.0051,-0.0092,0.0,0.0,0.5469652111501204
121126.859788964,0.3744,-0.0113,-0.0009,0.0037,-0.0017,0.0004,1.1224,-0.2361,0.5589,0.0,0.0,0.0,0.0,0.0,-0.0021,-0.0005,0.38,0.0357,0.0031,0.0042,0.0052,-0.0093,0.0,0.0,0.5500959608105949
121126.86890627,0.3771,-0.0113,-0.0009,0.0037,-0.0017,0.0004,1.1224,-0.2361,0.5389,0.0,0.0,0.0,0.0,0.0,-0.0021,-0.0005,0.3824,0.0357,0.0029,0.0044,0.0052,-0.0095,0.0,0.0,0.5532051696982837
121126.874009036,0.3797,-0.0113,-0.0009,0.0037,-0.0017,0.0004,1.1224,-0.2361,0.5188,0.0,0.0,0.0,0.0,0.0,-0.0021,-0.0005,0.3853,0.0357,0.003,0.0043,0.0052,-0.0094,0.0,0.0,0.5562927525726544
121126.879192923,0.3822,-0.0113,-0.0009,0.0037,-0.0017,0.0004,1.1224,-0.2361,0.4985,0.0,0.0,0.0,0.0,0.0,-0.0021,-0.0005,0.3882,0.0357,0.0029,0.0045,0.0052,-0.0095,0.0,0.0,0.5593586247860627
121126.905864862,0.3846,-0.0113,-0.0009,0.0037,-0.0017,0.0004,1.1223,-0.2361,0.4781,0.0,0.0,0.0,0.0,0.0,-0.0021,-0.0005,0.3913,0.0357,0.0029,0.0045,0.0052,-0.0095,0.0,0.0,0.5624027022860733
121126.910577331,0.3868,-0.0113,-0.0009,0.0037,-0.0017,0.0004,1.1223,-0.2361,0.4577,0.0,0.0,0.0,0.0,0.0,-0.0021,-0.0004,0.3947,0.0357,0.0031,0.0042,0.0051,-0.0094,0.0,0.0,0.5654249016177637
121126.916077354,0.389,-0.0113,-0.0009,0.0037,-0.0017,0.0004,1.1223,-0.2361,0.4372,0.0,0.0,0.0,0.0,0.0,-0.0021,-0.0004,0.3984,0.0357,0.0029,0.0044,0.0052,-0.0095,0.0,0.0,0.5684251399260126
121126.944445315,0.3911,-0.0113,-0.0009,0.0037,-0.0017,0.0004,1.1223,-0.2361,0.4166,0.0,0.0,0.0,0.0,0.0,-0.0022,-0.0004,0.4023,0.0356,0.0031,0.0042,0.0051,-0.0094,0.0,0.0,0.5714033349577712
121126.94910715,0.3931,-0.0113,-0.0009,0.0037,-0.0017,0.0004,1.1223,-0.2361,0.396,0.0,0.0,0.0,0.0,0.0,-0.0022,-0.0004,0.4065,0.0356,0.0029,0.0045,0.0052,-0.0095,0.0,0.0,0.5743594050643185
121126.954309278,0.395,-0.0113,-0.0009,0.0037,-0.0017,0.0004,1.1223,-0.2361,0.3755,0.0,0.0,0.0,0.0,0.0,-0.0022,-0.0004,0.4109,0.0356,0.003,0.0044,0.0051,-0.0095,0.0,0.0,0.5772932692034991
121126.978470493,0.3968,-0.0113,-0.0009,0.0037,-0.0017,0.0004,1.1223,-0.2361,0.3549,0.0,0.0,0.0,0.0,0.0,-0.0022,-0.0004,0.4156,0.0356,0.003,0.0044,0.0051,-0.0094,0.0,0.0,0.5802048469419454
121126.985707014,0.3984,-0.0113,-0.0009,0.0037,-0.0017,0.0004,1.1223,-0.2361,0.3344,0.0,0.0,0.0,0.0,0.0,-0.0022,-0.0004,0.4205,0.0356,0.003,0.0043,0.0051,-0.0094,0.0,0.0,0.5830940584572833
121126.991092397,0.4,-0.0113,-0.0009,0.0037,-0.0017,0.0004,1.1222,-0.2361,0.314,0.0,0.0,0.0,0.0,0.0,-0.0022,-0.0004,0.4256,0.0356,0.003,0.0043,0.0051,-0.0094,0.0,0.0,0.5859608245403196
121126.996834181,0.4015,-0.0113,-0.0009,0.0037,-0.0017,0.0004,1.1222,-0.2361,0.2938,0.0,0.0,0.0,0.0,0.0,-0.0022,-0.0004,0.4312,0.0356,0.0028,0.0045,0.0052,-0.0095,0.0,0.0,0.5888050665972138
121127.023425102,0.4028,-0.0113,-0.0009,0.0037,-0.0017,0.0004,1.1222,-0.2361,0.2736,0.0,0.0,0.0,0.0,0.0,-0.0022,-0.0004,0.4368,0.0356,0.003,0.0043,0.0051,-0.0094,0.0,0.0,0.5916267066516331
121127.02846426,0.4041,-0.0113,-0.0009,0.0037,-0.0017,0.0004,1.1222,-0.2361,0.2536,0.0,0.0,0.0,0.0,0.0,-0.0022,-0.0004,0.4426,0.0355,0.0029,0.0044,0.0051,-0.0095,0.0,0.0,0.5944256673468901
121127.033802965,0.4053,-0.0113,-0.0009,0.0037,-0.0017,0.0004,1.1222,-0.2361,0.2337,0.0,0.0,0.0,0.0,0.0,-0.0022,-0.0004,0.4486,0.0355,0.0031,0.0042,0.005,-0.0093,0.0,0.0,0.5972018719480637
121127.060445159,0.4063,-0.0113,-0.0009,0.0037,-0.0017,0.0004,1.1222,-0.2361,0.2141,0.0,0.0,0.0,0.0,0.0,-0.0022,-0.0004,0.4548,0.0355,0.0029,0.0044,0.0051,-0.0095,0.0,0.0,0.5999552443441023
121127.069936901,0.4073,-0.0113,-0.0009,0.0037,-0.0017,0.0004,1.1222,-0.2361,0.1946,0.0,0.0,0.0,0.0,0.0,-0.0023,-0.0004,0.4613,0.0355,0.0028,0.0045,0.0051,-0.0095,0.0,0.0,0.6026857090499105
121127.075253526,0.4082,-0.0113,-0.0009,0.0037,-0.0017,0.0004,1.1222,-0.2361,0.1754,0.0,0.0,0.0,0.0,0.0,-0.0023,-0.0004,0.4682,0.0355,0.0031,0.0042,0.005,-0.0093,0.0,0.0,0.6053931912084194
121127.101889588,0.409,-0.0113,-0.0009,0.0037,-0.0017,0.0004,1.1222,-0.2361,0.1565,0.0,0.0,0.0,0.0,0.0,-0.0023,-0.0004,0.475,0.0355,0.0029,0.0044,0.0051,-0.0095,0.0,0.0,0.6080776165926379
121127.107496212,0.4097,-0.0113,-0.0009,0.0037,-0.0017,0.0004,1.1221,-0.2361,0.1378,0.0,0.0,0.0,0.0,0.0,-0.0023,-0.0004,0.4821,0.0355,0.003,0.0043,0.005,-0.0094,0.0,0.0,0.610738911607688
121127.112941968,0.4103,-0.0113,-0.0009,0.0037,-0.0017,0.0004,1.1221,-0.2361,0.1195,0.0,0.0,0.0,0.0,0.0,-0.0023,-0.0004,0.4896,0.0354,0.0028,0.0045,0.0051,-0.0095,0.0,0.0,0.6133770032928226
121127.118046754,0.4108,-0.0113,-0.0009,0.0037,-0.0017,0.0004,1.1221,-0.2361,0.1014,0.0,0.0,0.0,0.0,0.0,-0.0023,-0.0004,0.497,0.0355,0.0029,0.0044,0.0051,-0.0094,0.0,0.0,0.6159918193234255
121127.141350832,0.4112,-0.0113,-0.0009,0.0037,-0.0017,0.0004,1.1221,-0.2361,0.0837,0.0,0.0,0.0,0.0,0.0,-0.0023,-0.0004,0.5046,0.0354,0.0028,0.0045,0.0051,-0.0095,0.0,0.0,0.6185832880129942
121127.150476372,0.4115,-0.0113,-0.0009,0.0037,-0.0017,0.0004,1.1221,-0.2361,0.0664,0.0,0.0,0.0,0.0,0.0,-0.0023,-0.0004,0.5127,0.0354,0.003,0.0042,0.005,-0.0094,0.0,0.0,0.6211513383151058
121127.156732434,0.4118,-0.0113,-0.0009,0.0037,-0.0017,0.0004,1.1221,-0.2361,0.0494,0.0,0.0,0.0,0.0,0.0,-0.0023,-0.0004,0.5207,0.0354,0.0028,0.0045,0.0051,-0.0095,0.0,0.0,0.6236958998253637
121127.184130468,0.4119,-0.0113,-0.0009,0.0037,-0.0017,0.0004,1.1221,-0.2361,0.0328,0.0,0.0,0.0,0.0,0.0,-0.0023,-0.0004,0.5288,0.0354,0.003,0.0043,0.005,-0.0094,0.0,0.0,0.626216902783329
121127.189372424,0.412,-0.0114,-0.0009,0.0037,-0.0017,0.0004,1.1221,-0.2361,0.0167,0.0,0.0,0.0,0.0,0.0,-0.0023,-0.0004,0.5371,0.0354,0.0028,0.0045,0.0051,-0.0095,0.0,0.0,0.6287142780744321
121127.194292266,0.412,-0.0114,-0.0009,0.0037,-0.0017,0.0004,1.1221,-0.2361,0.0,-1e-04,0.0,0.0,0.0,0.0,-0.0024,-0.0004,0.528,0.0349,0.003,0.0042,0.005,-0.0094,0.0,0.0,0.6311879572318676
121127.219936403,0.412,-0.0114,-0.0009,0.0037,-0.0017,0.0004,1.122,-0.2361,-0.0103,0.0,0.0,0.0,0.0,0.0,-0.0024,-0.0004,0.652,0.0358,0.0028,0.0046,0.0051,-0.0095,0.0,0.0,0.6336378724384721
121127.225584545,0.4119,-0.0113,-0.0009,0.0037,-0.0017,0.0004,1.122,-0.2361,-0.0201,0.0,0.0,0.0,0.0,0.0,-0.0024,-0.0004,0.6606,0.0348,0.0032,0.0038,0.0049,-0.0092,0.0,0.0,0.6360639565285825
121127.231586587,0.4117,-0.0113,-0.0009,0.0037,-0.0017,0.0004,1.122,-0.2361,-0.0296,0.0,0.0,0.0,0.0,0.0,-0.0024,-0.0004,0.6693,0.0353,0.0027,0.0045,0.0051,-0.0095,0.0,0.0,0.6384661429898781
121127.236944525,0.4115,-0.0113,-0.0009,0.0037,-0.0017,0.0004,1.122,-0.2361,-0.0385,0.0,0.0,0.0,0.0,0.0,-0.0024,-0.0004,0.6782,0.0354,0.0028,0.0044,0.0051,-0.0095,0.0,0.0,0.6408443659652033
121127.260695866,0.4113,-0.0113,-0.0009,0.0037,-0.0017,0.0004,1.122,-0.2361,-0.047,0.0,0.0,0.0,0.0,0.0,-0.0024,-0.0004,0.6869,0.0353,0.0028,0.0045,0.0051,-0.0095,0.0,0.0,0.6431985602543742
121127.268810483,0.411,-0.0113,-0.0009,0.0037,-0.0017,0.0004,1.122,-0.2361,-0.055,0.0,0.0,0.0,0.0,0.0,-0.0024,-0.0004,0.6961,0.0354,0.0025,0.0048,0.0052,-0.0097,0.0,0.0,0.6455286613159651
121127.274231408,0.4107,-0.0113,-0.0009,0.0037,-0.0017,0.0004,1.122,-0.2361,-0.0625,0.0,0.0,0.0,0.0,0.0,-0.0024,-0.0004,0.7051,0.0354,0.0028,0.0044,0.0051,-0.0095,0.0,0.0,0.6478346052690782
121127.303826665,0.4104,-0.0113,-0.0009,0.0037,-0.0017,0.0004,1.122,-0.2361,-0.0695,0.0,0.0,0.0,0.0,0.0,-0.0024,-0.0004,0.7144,0.0353,0.0026,0.0047,0.0052,-0.0096,0.0,0.0,0.6501163288950951
121127.309192301,0.41,-0.0113,-0.0009,0.0037,-0.0017,0.0004,1.122,-0.2361,-0.076,0.0,0.0,0.0,0.0,0.0,-0.0024,-0.0004,0.723,0.0354,0.003,0.0041,0.005,-0.0093,0.0,0.0,0.6523737696394104
121127.314365669,0.4096,-0.0113,-0.0009,0.0037,-0.0017,0.0004,1.1219,-0.2361,-0.082,0.0,0.0,0.0,0.0,0.0,-0.0024,-0.0004,0.7317,0.0354,0.0028,0.0044,0.0051,-0.0095,0.0,0.0,0.6546068656131456
121127.339815381,0.4091,-0.0113,-0.0009,0.0037,-0.0017,0.0004,1.1219,-0.2361,-0.0876,0.0,0.0,0.0,0.0,0.0,-0.0024,-0.0004,0.7406,0.0354,0.0029,0.0043,0.005,-0.0094,0.0,0.0,0.6568155555948462
121127.344881449,0.4087,-0.0113,-0.0009,0.0037,-0.0017,0.0004,1.1219,-0.2361,-0.0926,0.0,0.0,0.0,0.0,0.0,-0.0025,-0.0004,0.7493,0.0354,0.0029,0.0043,0.005,-0.0094,0.0,0.0,0.658999779032161
121127.353574293,0.4082,-0.0113,-0.0009,0.0037,-0.0017,0.0004,1.1219,-0.2361,-0.0972,0.0,0.0,0.0,0.0,0.0,-0.0025,-0.0004,0.7579,0.0354,0.0027,0.0046,0.0051,-0.0095,0.0,0.0,0.6611594760435009
121127.355642933,0.4077,-0.0113,-0.0009,0.0037,-0.0017,0.0004,1.1219,-0.2361,-0.1012,0.0,0.0,0.0,0.0,0.0,-0.0025,-0.0004,0.7666,0.0354,0.003,0.0041,0.005,-0.0093,0.0,0.0,0.6632945874196817
121127.382770494,0.4071,-0.0113,-0.0009,0.0037,-0.0017,0.0004,1.1219,-0.2361,-0.1048,0.0,0.0,0.0,0.0,0.0,-0.0025,-0.0004,0.7752,0.0354,0.0027,0.0044,0.0051,-0.0095,0.0,0.0,0.6654050546255461
121127.389242842,0.4066,-0.0113,-0.0009,0.0037,-0.0017,0.0004,1.1219,-0.2361,-0.1079,0.0,0.0,0.0,0.0,0.0,-0.0025,-0.0004,0.7836,0.0354,0.003,0.0041,0.005,-0.0093,0.0,0.0,0.6674908198015697
121127.394174359,0.406,-0.0113,-0.0009,0.0037,-0.0017,0.0004,1.1219,-0.2361,-0.1104,0.0,0.0,0.0,0.0,0.0,-0.0025,-0.0004,0.7922,0.0354,0.0026,0.0046,0.0052,-0.0096,0.0,0.0,0.6695518257654466
121127.420692739,0.4055,-0.0113,-0.0009,0.0037,-0.0017,0.0004,1.1218,-0.2361,-0.1125,0.0,0.0,0.0,0.0,0.0,-0.0025,-0.0004,0.8006,0.0354,0.0029,0.0042,0.005,-0.0094,0.0,0.0,0.6715880160136573
121127.426335221,0.4049,-0.0113,-0.0009,0.0037,-0.0017,0.0004,1.1218,-0.2361,-0.1141,0.0,0.0,0.0,0.0,0.0,-0.0025,-0.0004,0.8092,0.0354,0.0028,0.0044,0.0051,-0.0094,0.0,0.0,0.6735993347230173
121127.431776368,0.4043,-0.0113,-0.0009,0.0037,-0.0017,0.0004,1.1218,-0.2361,-0.1152,0.0,0.0,0.0,0.0,0.0,-0.0025,-0.0004,0.8173,0.0354,0.0028,0.0044,0.0051,-0.0094,0.0,0.0,0.6755857267522083
121127.459761102,0.4037,-0.0113,-0.0009,0.0037,-0.0017,0.0004,1.1218,-0.2361,-0.1158,0.0,0.0,0.0,0.0,0.0,-0.0025,-0.0004,0.8256,0.0354,0.0028,0.0043,0.0051,-0.0094,0.0,0.0,0.6775471376432897
121127.464692479,0.4032,-0.0113,-0.0009,0.0037,-0.0017,0.0004,1.1218,-0.2361,-0.116,0.0,0.0,0.0,0.0,0.0,-0.0026,-0.0003,0.8337,0.0354,0.0028,0.0043,0.0051,-0.0094,0.0,0.0,0.6794835136231906
121127.470172197,0.4026,-0.0113,-0.0009,0.0037,-0.0017,0.0004,1.1218,-0.2361,-0.1157,0.0,0.0,0.0,0.0,0.0,-0.0026,-0.0003,0.842,0.0354,0.0028,0.0043,0.0051,-0.0094,0.0,0.0,0.6813948016051857
121127.475947763,0.402,-0.0113,-0.0009,0.0037,-0.0017,0.0004,1.1218,-0.2362,-0.1149,0.0,0.0,0.0,0.0,0.0,-0.0026,-0.0003,0.8498,0.0354,0.0027,0.0045,0.0051,-0.0095,0.0,0.0,0.6832809491903494
121127.505292595,0.4014,-0.0113,-0.0009,0.0037,-0.0017,0.0004,1.1218,-0.2362,-0.1136,0.0,0.0,0.0,0.0,0.0,-0.0026,-0.0003,0.8578,0.0354,0.003,0.0041,0.005,-0.0093,0.0,0.0,0.6851419046689929
121127.510993666,0.4009,-0.0113,-0.0009,0.0037,-0.0017,0.0004,1.1217,-0.2362,-0.1119,0.0,0.0,0.0,0.0,0.0,-0.0026,-0.0003,0.8653,0.0354,0.0026,0.0045,0.0052,-0.0095,0.0,0.0,0.6869776170220816
121127.516212044,0.4003,-0.0113,-0.0009,0.0037,-0.0017,0.0004,1.1217,-0.2362,-0.1097,0.0,0.0,0.0,0.0,0.0,-0.0026,-0.0003,0.873,0.0354,0.003,0.0041,0.005,-0.0093,0.0,0.0,0.688788035922634
121127.544638494,0.3998,-0.0113,-0.0009,0.0037,-0.0017,0.0004,1.1217,-0.2362,-0.1071,0.0,0.0,0.0,0.0,0.0,-0.0026,-0.0003,0.8806,0.0354,0.0027,0.0044,0.0051,-0.0095,0.0,0.0,0.6905731117371018
121127.550629355,0.3993,-0.0113,-0.0009,0.0037,-0.0017,0.0004,1.1217,-0.2362,-0.104,0.0,0.0,0.0,0.0,0.0,-0.0026,-0.0003,0.888,0.0354,0.0028,0.0043,0.0051,-0.0094,0.0,0.0,0.6923327955267294
121127.556071099,0.3988,-0.0113,-0.0009,0.0037,-0.0017,0.0004,1.1217,-0.2362,-0.1006,0.0,0.0,0.0,0.0,0.0,-0.0026,-0.0003,0.8949,0.0354,0.0028,0.0043,0.0051,-0.0094,0.0,0.0,0.694067039048897
121127.583067425,0.3983,-0.0113,-0.0009,0.0037,-0.0017,0.0004,1.1217,-0.2362,-0.0967,0.0,0.0,0.0,0.0,0.0,-0.0026,-0.0003,0.902,0.0354,0.0028,0.0044,0.0051,-0.0094,0.0,0.0,0.6957757947584423
121127.593804498,0.3978,-0.0113,-0.0009,0.0037,-0.0017,0.0004,1.1217,-0.2362,-0.0924,0.0,0.0,0.0,0.0,0.0,-0.0026,-0.0003,0.909,0.0354,0.0028,0.0043,0.0051,-0.0094,0.0,0.0,0.6974590158089643
121127.599670707,0.3974,-0.0113,-0.0009,0.0037,-0.0017,0.0004,1.1216,-0.2362,-0.0877,0.0,0.0,0.0,0.0,0.0,-0.0027,-0.0003,0.9158,0.0354,0.0028,0.0043,0.0051,-0.0094,0.0,0.0,0.6991166560541079
121127.604759383,0.397,-0.0113,-0.0009,0.0037,-0.0017,0.0004,1.1216,-0.2362,-0.0827,0.0,0.0,0.0,0.0,0.0,-0.0027,-0.0003,0.9222,0.0355,0.0028,0.0043,0.0051,-0.0094,0.0,0.0,0.7007486700488281
121127.630288236,0.3966,-0.0113,-0.0009,0.0037,-0.0017,0.0004,1.1216,-0.2362,-0.0772,0.0,0.0,0.0,0.0,0.0,-0.0027,-0.0003,0.9287,0.0355,0.0028,0.0043,0.0051,-0.0094,0.0,0.0,0.7023550130506371
121127.637460537,0.3962,-0.0113,-0.0009,0.0037,-0.0017,0.0004,1.1216,-0.2362,-0.0714,0.0,0.0,0.0,0.0,0.0,-0.0027,-0.0003,0.9349,0.0355,0.0026,0.0045,0.0052,-0.0095,0.0,0.0,0.70393564102083
121127.64258261,0.3959,-0.0113,-0.0009,0.0037,-0.0017,0.0004,1.1216,-0.2362,-0.0653,0.0,0.0,0.0,0.0,0.0,-0.0027,-0.0003,0.9408,0.0355,0.0029,0.0041,0.005,-0.0093,0.0,0.0,0.7054905106256923
121127.670666559,0.3956,-0.0113,-0.0009,0.0037,-0.0017,0.0004,1.1216,-0.2362,-0.0588,0.0,0.0,0.0,0.0,0.0,-0.0027,-0.0003,0.9467,0.0355,0.0027,0.0045,0.0051,-0.0095,0.0,0.0,0.7070195792376887
121127.675521433,0.3953,-0.0113,-0.0009,0.0037,-0.0017,0.0004,1.1216,-0.2362,-0.052,0.0,0.0,0.0,0.0,0.0,-0.0027,-0.0003,0.9524,0.0355,0.0029,0.0042,0.005,-0.0094,0.0,0.0,0.7085228049366306
121127.680779846,0.3951,-0.0113,-0.0009,0.0037,-0.0017,0.0004,1.1215,-0.2362,-0.0449,0.0,0.0,0.0,0.0,0.0,-0.0027,-0.0003,0.958,0.0355,0.0027,0.0044,0.0051,-0.0095,0.0,0.0,0.7100001465108261
121127.708116947,0.3949,-0.0113,-0.0009,0.0037,-0.0017,0.0004,1.1215,-0.2362,-0.0375,0.0,0.0,0.0,0.0,0.0,-0.0027,-0.0003,0.9631,0.0355,0.0029,0.0041,0.005,-0.0093,0.0,0.0,0.7114515634582098
121127.712943919,0.3948,-0.0113,-0.0009,0.0037,-0.0017,0.0004,1.1215,-0.2362,-0.0298,0.0,0.0,0.0,0.0,0.0,-0.0027,-0.0003,0.9682,0.0355,0.0027,0.0044,0.0051,-0.0095,0.0,0.0,0.7128770159874528
121127.717940748,0.3946,-0.0113,-0.0009,0.0037,-0.0017,0.0004,1.1215,-0.2362,-0.0219,0.0,0.0,0.0,0.0,0.0,-0.0027,-0.0003,0.9731,0.0355,0.0028,0.0042,0.005,-0.0094,0.0,0.0,0.714276465019054
121127.723420477,0.3946,-0.0113,-0.0009,0.0037,-0.0017,0.0004,1.1215,-0.2362,-0.0137,0.0,0.0,0.0,0.0,0.0,-0.0028,-0.0003,0.9778,0.0355,0.0027,0.0044,0.0051,-0.0095,0.0,0.0,0.7156498721864112
121127.751727141,0.3945,-0.0113,-0.0009,0.0037,-0.0017,0.0004,1.1215,-0.2362,0.0,0.0039,-1e-04,0.0002,0.0,1e-04,-0.0028,-0.0003,1.0183,0.0397,0.003,0.004,0.0048,-0.0094,0.0,0.0,0.7169971998368733
121127.757402303,0.3945,-0.0113,-0.0009,0.0037,-0.0017,0.0004,1.1214,-0.2362,0.0,-1e-04,0.0,0.0,0.0,0.0,-0.0028,-0.0003,0.8843,0.0302,0.0037,0.0031,0.0048,-0.0087,0.0,0.0,0.7183184110327719
121127.762722063,0.3946,-0.0113,-0.0009,0.0037,-0.0017,0.0004,1.1214,-0.2362,0.0,-0.0018,0.0,0.0,0.0,0.0,-0.0028,-0.0003,0.8503,0.0378,0.0028,0.0045,0.0052,-0.0095,0.0,0.0,0.719613469552435
121127.790163485,0.3946,-0.0113,-0.0009,0.0037,-0.0017,0.0004,1.1214,-0.2362,0.0121,0.0069,-1e-04,0.0003,0.0,1e-04,-0.0029,-0.0003,0.8942,0.033,0.003,0.0036,0.0046,-0.0094,0.0,0.0,0.7208823398911788
121127.794027693,0.3946,-0.0113,-0.0009,0.0037,-0.0017,0.0004,1.1214,-0.2362,0.0102,0.0,0.0,0.0,0.0,0.0,-0.0028,-0.0003,0.9036,0.0333,0.0029,0.0047,0.0054,-0.0093,0.0,0.0,0.7221249872622821
121127.799077742,0.3947,-0.0113,-0.0009,0.0037,-0.0017,0.0004,1.1214,-0.2362,0.0145,0.0,0.0,0.0,0.0,0.0,-0.0028,-0.0003,0.9046,0.0393,0.003,0.0037,0.005,-0.0092,0.0,0.0,0.7233413775979395
121127.825151927,0.3948,-0.0113,-0.0009,0.0037,-0.0017,0.0004,1.1214,-0.2362,0.0191,0.0,0.0,0.0,0.0,0.0,-0.0028,-0.0003,0.9082,0.0357,0.0025,0.0047,0.0052,-0.0096,0.0,0.0,0.7245314775501954
121127.830353277,0.3949,-0.0113,-0.0009,0.0037,-0.0017,0.0004,1.1214,-0.2362,0.0239,0.0,0.0,0.0,0.0,0.0,-0.0028,-0.0003,0.9112,0.0355,0.0025,0.0047,0.0052,-0.0096,0.0,0.0,0.7256952544918587
121127.835504193,0.395,-0.0113,-0.0009,0.0037,-0.0017,0.0004,1.1213,-0.2362,0.0288,0.0,0.0,0.0,0.0,0.0,-0.0029,-0.0003,0.9138,0.0356,0.003,0.0041,0.005,-0.0093,0.0,0.0,0.7268326765173965
121127.840906433,0.3952,-0.0113,-0.0009,0.0037,-0.0017,0.0004,1.1213,-0.2362,0.0339,0.0,0.0,0.0,0.0,0.0,-0.0029,-0.0003,0.9174,0.0354,0.0028,0.0043,0.0051,-0.0094,0.0,0.0,0.7279437124438093
121127.868362455,0.3954,-0.0113,-0.0009,0.0037,-0.0017,0.0004,1.1213,-0.2362,0.0391,0.0,0.0,0.0,0.0,0.0,-0.0029,-0.0003,0.9207,0.0355,0.0027,0.0044,0.0051,-0.0095,0.0,0.0,0.7290283318114861
121127.874052646,0.3956,-0.0113,-0.0009,0.0037,-0.0017,0.0004,1.1213,-0.2362,0.0444,0.0,0.0,0.0,0.0,0.0,-0.0029,-0.0003,0.9229,0.0355,0.0026,0.0046,0.0052,-0.0095,0.0,0.0,0.730086504885039
121127.879017783,0.3959,-0.0113,-0.0009,0.0037,-0.0017,0.0004,1.1213,-0.2362,0.0499,0.0,0.0,0.0,0.0,0.0,-0.0029,-0.0002,0.9264,0.0354,0.003,0.004,0.005,-0.0093,0.0,0.0,0.7311182026541186
121127.90530091,0.3962,-0.0113,-0.0009,0.0037,-0.0017,0.0004,1.1213,-0.2362,0.0555,0.0,0.0,0.0,0.0,0.0,-0.0029,-0.0002,0.929,0.0356,0.0025,0.0047,0.0052,-0.0096,0.0,0.0,0.7321233968342095
121127.910210135,0.3965,-0.0113,-0.0009,0.0037,-0.0017,0.0004,1.1212,-0.2362,0.0611,0.0,0.0,0.0,0.0,0.0,-0.0029,-0.0002,0.9314,0.0354,0.0029,0.0041,0.005,-0.0093,0.0,0.0,0.7331020598674054
121127.91505074,0.3968,-0.0113,-0.0009,0.0037,-0.0017,0.0004,1.1212,-0.2362,0.0669,0.0,0.0,0.0,0.0,0.0,-0.0029,-0.0002,0.9338,0.0355,0.0026,0.0045,0.0052,-0.0095,0.0,0.0,0.7340541649231649
121127.941627084,0.3972,-0.0113,-0.0009,0.0037,-0.0017,0.0004,1.1212,-0.2362,0.0727,0.0,0.0,0.0,0.0,0.0,-0.0029,-0.0002,0.936,0.0354,0.003,0.0041,0.005,-0.0093,0.0,0.0,0.7349796858990469
121127.947995658,0.3976,-0.0113,-0.0009,0.0037,-0.0017,0.0004,1.1212,-0.2362,0.0786,0.0,0.0,0.0,0.0,0.0,-0.0029,-0.0002,0.9379,0.0355,0.0024,0.0047,0.0052,-0.0096,0.0,0.0,0.7358785974214265
121127.952113139,0.398,-0.0113,-0.0009,0.0037,-0.0017,0.0004,1.1212,-0.2362,0.0845,0.0,0.0,0.0,0.0,0.0,-0.0029,-0.0002,0.9396,0.0354,0.0031,0.0039,0.0049,-0.0092,0.0,0.0,0.73675087484619
121127.957478441,0.3984,-0.0113,-0.0009,0.0037,-0.0017,0.0004,1.1212,-0.2362,0.0905,0.0,0.0,0.0,0.0,0.0,-0.0029,-0.0002,0.9413,0.0355,0.0026,0.0045,0.0052,-0.0095,0.0,0.0,0.7375964942594112
121127.984998022,0.3989,-0.0113,-0.0009,0.0037,-0.0017,0.0004,1.1212,-0.2362,0.0965,0.0,0.0,0.0,0.0,0.0,-0.003,-0.0002,0.9426,0.0354,0.0029,0.0041,0.005,-0.0093,0.0,0.0,0.738415432478007
121127.990548783,0.3994,-0.0113,-0.0009,0.0037,-0.0017,0.0004,1.1211,-0.2362,0.1025,0.0,0.0,0.0,0.0,0.0,-0.003,-0.0002,0.9438,0.0355,0.0027,0.0045,0.0051,-0.0095,0.0,0.0,0.7392076670503722
121127.995577491,0.4,-0.0113,-0.0009,0.0037,-0.0017,0.0004,1.1211,-0.2362,0.1085,0.0,0.0,0.0,0.0,0.0,-0.003,-0.0002,0.9449,0.0353,0.0029,0.0041,0.005,-0.0093,0.0,0.0,0.7399731762569958
121128.022440533,0.4005,-0.0113,-0.0009,0.0037,-0.0017,0.0004,1.1211,-0.2362,0.1145,0.0,0.0,0.0,0.0,0.0,-0.003,-0.0002,0.946,0.0355,0.0026,0.0045,0.0051,-0.0095,0.0,0.0,0.7407119391110563
121128.027174592,0.4011,-0.0113,-0.0009,0.0037,-0.0017,0.0004,1.1211,-0.2362,0.1205,0.0,0.0,0.0,0.0,0.0,-0.003,-0.0002,0.9466,0.0354,0.003,0.004,0.005,-0.0093,0.0,0.0,0.7414239353589969
121128.032335517,0.4018,-0.0113,-0.0009,0.0037,-0.0017,0.0004,1.1211,-0.2362,0.1264,0.0,0.0,0.0,0.0,0.0,-0.003,-0.0002,0.9472,0.0354,0.0026,0.0045,0.0051,-0.0095,0.0,0.0,0.7421091454810805
121128.060700059,0.4024,-0.0113,-0.0009,0.0037,-0.0017,0.0004,1.1211,-0.2362,0.1323,0.0,0.0,0.0,0.0,0.0,-0.003,-0.0002,0.9477,0.0354,0.0029,0.0042,0.005,-0.0093,0.0,0.0,0.7427675506919259
121128.065693521,0.4031,-0.0113,-0.0009,0.0037,-0.0017,0.0004,1.121,-0.2362,0.1381,0.0,0.0,0.0,0.0,0.0,-0.003,-0.0002,0.9481,0.0354,0.0027,0.0044,0.0051,-0.0095,0.0,0.0,0.7433991329410216
121128.071426442,0.4038,-0.0113,-0.0009,0.0037,-0.0017,0.0004,1.121,-0.2362,0.1439,0.0,0.0,0.0,0.0,0.0,-0.003,-0.0002,0.9482,0.0354,0.003,0.004,0.005,-0.0093,0.0,0.0,0.7440038749132208
121128.077065694,0.4046,-0.0113,-0.0009,0.0037,-0.0017,0.0004,1.121,-0.2362,0.1496,0.0,0.0,0.0,0.0,0.0,-0.003,-0.0002,0.9481,0.0354,0.0026,0.0045,0.0051,-0.0095,0.0,0.0,0.7445817600292172
121128.107152214,0.4054,-0.0113,-0.0009,0.0037,-0.0017,0.0004,1.121,-0.2362,0.1551,0.0,0.0,0.0,0.0,0.0,-0.0031,-0.0002,0.9478,0.0354,0.0029,0.0041,0.005,-0.0093,0.0,0.0,0.7451327724459984
121128.109292193,0.4062,-0.0113,-0.0009,0.0037,-0.0017,0.0004,1.121,-0.2362,0.1606,0.0,0.0,0.0,0.0,0.0,-0.0031,-0.0002,0.9476,0.0354,0.0028,0.0042,0.005,-0.0094,0.0,0.0,0.7456568970572806
121128.114731647,0.407,-0.0113,-0.0009,0.0037,-0.0017,0.0004,1.121,-0.2362,0.166,0.0,0.0,0.0,0.0,0.0,-0.0031,-0.0002,0.9471,0.0354,0.0027,0.0045,0.0051,-0.0095,0.0,0.0,0.7461541194939226
121128.141259547,0.4079,-0.0113,-0.0009,0.0037,-0.0017,0.0004,1.121,-0.2362,0.1712,0.0,0.0,0.0,0.0,0.0,-0.0031,-0.0002,0.9462,0.0355,0.0028,0.0042,0.005,-0.0094,0.0,0.0,0.7466244261243206
121128.14890479,0.4087,-0.0113,-0.0009,0.0037,-0.0017,0.0004,1.1209,-0.2362,0.1764,0.0,0.0,0.0,0.0,0.0,-0.0031,-0.0002,0.9455,0.0353,0.0027,0.0044,0.0051,-0.0094,0.0,0.0,0.7470678040547805
121128.155840177,0.4096,-0.0113,-0.0009,0.0037,-0.0017,0.0004,1.1209,-0.2362,0.1813,0.0,0.0,0.0,0.0,0.0,-0.0031,-0.0002,0.9445,0.0355,0.0029,0.0041,0.005,-0.0093,0.0,0.0,0.7474842411298722
121128.182637152,0.4106,-0.0113,-0.0009,0.0037,-0.0017,0.0004,1.1209,-0.2362,0.1861,0.0,0.0,0.0,0.0,0.0,-0.0031,-0.0002,0.9434,0.0353,0.0027,0.0044,0.0051,-0.0095,0.0,0.0,0.7478737259327631
121128.190216161,0.4115,-0.0113,-0.0009,0.0037,-0.0017,0.0004,1.1209,-0.2362,0.1908,0.0,0.0,0.0,0.0,0.0,-0.0031,-0.0002,0.942,0.0355,0.0028,0.0043,0.005,-0.0094,0.0,0.0,0.7482362477855307
121128.195292208,0.4125,-0.0113,-0.0009,0.0037,-0.0017,0.0004,1.1209,-0.2362,0.1952,0.0,0.0,0.0,0.0,0.0,-0.0031,-0.0002,0.9405,0.0353,0.0028,0.0043,0.005,-0.0094,0.0,0.0,0.7485717967494551
121128.200587653,0.4135,-0.0113,-0.0009,0.0037,-0.0017,0.0004,1.1209,-0.2362,0.1995,0.0,0.0,0.0,0.0,0.0,-0.0031,-0.0002,0.9389,0.0354,0.0028,0.0042,0.005,-0.0094,0.0,0.0,0.748880363625292
121128.227249933,0.4145,-0.0113,-0.0009,0.0037,-0.0017,0.0004,1.1208,-0.2362,0.2036,0.0,0.0,0.0,0.0,0.0,-0.0031,-0.0002,0.9373,0.0353,0.0028,0.0042,0.005,-0.0094,0.0,0.0,0.7491619399535245
121128.236056099,0.4156,-0.0114,-0.0009,0.0037,-0.0017,0.0004,1.1208,-0.2362,0.2075,0.0,0.0,0.0,0.0,0.0,-0.0032,-0.0002,0.9354,0.0354,0.0026,0.0045,0.0051,-0.0095,0.0,0.0,0.7494165180145956
121128.241731729,0.4166,-0.0114,-0.0009,0.0037,-0.0017,0.0004,1.1208,-0.2362,0.2111,0.0,0.0,0.0,0.0,0.0,-0.0032,-0.0002,0.9337,0.0353,0.0029,0.0042,0.005,-0.0093,0.0,0.0,0.749644090829119
121128.270944185,0.4177,-0.0114,-0.0009,0.0037,-0.0017,0.0004,1.1208,-0.2362,0.2146,0.0,0.0,0.0,0.0,0.0,-0.0032,-0.0002,0.9316,0.0355,0.0025,0.0046,0.0052,-0.0096,0.0,0.0,0.7498446521580711
121128.275721156,0.4188,-0.0114,-0.0009,0.0037,-0.0017,0.0004,1.1208,-0.2362,0.2178,0.0,0.0,0.0,0.0,0.0,-0.0032,-0.0002,0.9292,0.0354,0.003,0.004,0.0049,-0.0093,0.0,0.0,0.7500181965029615
121128.280719395,0.4199,-0.0114,-0.0009,0.0037,-0.0017,0.0004,1.1208,-0.2362,0.2208,0.0,0.0,0.0,0.0,0.0,-0.0032,-0.0002,0.927,0.0353,0.0028,0.0042,0.005,-0.0094,0.0,0.0,0.7501647191059847
121128.306490367,0.421,-0.0114,-0.0009,0.0037,-0.0017,0.0004,1.1208,-0.2362,0.2235,0.0,0.0,0.0,0.0,0.0,-0.0032,-0.0002,0.9245,0.0355,0.0028,0.0043,0.005,-0.0094,0.0,0.0,0.7502842159501493
121128.311914965,0.4221,-0.0114,-0.0009,0.0037,-0.0017,0.0004,1.1207,-0.2362,0.226,0.0,0.0,0.0,0.0,0.0,-0.0032,-0.0002,0.922,0.0354,0.0029,0.0041,0.005,-0.0093,0.0,0.0,0.7503766837593889
121128.316989831,0.4233,-0.0114,-0.0009,0.0037,-0.0017,0.0004,1.1207,-0.2362,0.2283,0.0,0.0,0.0,0.0,0.0,-0.0032,-0.0002,0.9194,0.0353,0.0027,0.0043,0.0051,-0.0094,0.0,0.0,0.750442119998652
121128.322584051,0.4244,-0.0114,-0.0009,0.0037,-0.0017,0.0004,1.1207,-0.2362,0.2302,0.0,0.0,0.0,0.0,0.0,-0.0032,-0.0002,0.9165,0.0355,0.0027,0.0044,0.005,-0.0094,0.0,0.0,0.7504805228739709
121128.347927656,0.4256,-0.0114,-0.0009,0.0037,-0.0017,0.0004,1.1207,-0.2362,0.2319,0.0,0.0,0.0,0.0,0.0,-0.0032,-0.0002,0.9138,0.0353,0.0028,0.0042,0.005,-0.0094,0.0,0.0,0.7504918913325114
121128.354989945,0.4268,-0.0114,-0.0009,0.0037,-0.0017,0.0004,1.1207,-0.2362,0.2333,0.0,0.0,0.0,0.0,0.0,-0.0032,-0.0002,0.9108,0.0355,0.0028,0.0043,0.005,-0.0094,0.0,0.0,0.7504762250626015
121128.360223804,0.4279,-0.0114,-0.0009,0.0037,-0.0017,0.0004,1.1207,-0.2362,0.2345,0.0,0.0,0.0,0.0,0.0,-0.0033,-0.0002,0.9077,0.0353,0.0029,0.0041,0.005,-0.0093,0.0,0.0,0.7504335244937399
121128.387645051,0.4291,-0.0114,-0.0009,0.0037,-0.0017,0.0004,1.1207,-0.2362,0.2353,0.0,0.0,0.0,0.0,0.0,-0.0033,-0.0002,0.9046,0.0355,0.0027,0.0044,0.005,-0.0094,0.0,0.0,0.7503637907965842
121128.392670103,0.4303,-0.0114,-0.0009,0.0037,-0.0017,0.0004,1.1206,-0.2362,0.2359,0.0,0.0,0.0,0.0,0.0,-0.0033,-1e-04,0.9015,0.0353,0.003,0.004,0.0049,-0.0093,0.0,0.0,0.750267025882919
121128.398039015,0.4315,-0.0114,-0.0009,0.0037,-0.0017,0.0004,1.1206,-0.2362,0.2362,0.0,0.0,0.0,0.0,0.0,-0.0033,-0.0002,0.8983,0.0355,0.0024,0.0048,0.0052,-0.0096,0.0,0.0,0.7501432324056033
121128.428885884,0.4326,-0.0114,-0.0009,0.0037,-0.0017,0.0004,1.1206,-0.2362,0.2362,0.0,0.0,0.0,0.0,0.0,-0.0033,-1e-04,0.8948,0.0353,0.0033,0.0036,0.0048,-0.0091,0.0,0.0,0.7499924137584977
121128.434449781,0.4338,-0.0114,-0.0009,0.0037,-0.0017,0.0004,1.1206,-0.2362,0.2358,0.0,0.0,0.0,0.0,0.0,-0.0033,-1e-04,0.8916,0.0355,0.0023,0.0048,0.0052,-0.0097,0.0,0.0,0.7498145740763718
121128.440176922,0.435,-0.0114,-0.0009,0.0037,-0.0017,0.0004,1.1206,-0.2362,0.2352,0.0,0.0,0.0,0.0,0.0,-0.0033,-1e-04,0.888,0.0353,0.0031,0.0038,0.0048,-0.0092,0.0,0.0,0.7496097182347902
121128.445503895,0.4362,-0.0114,-0.0009,0.0037,-0.0017,0.0004,1.1206,-0.2362,0.2343,0.0,0.0,0.0,0.0,0.0,-0.0033,-1e-04,0.8844,0.0355,0.0025,0.0046,0.0051,-0.0096,0.0,0.0,0.7493778518499791
121128.472394062,0.4373,-0.0114,-0.0009,0.0037,-0.0017,0.0004,1.1205,-0.2362,0.233,0.0,0.0,0.0,0.0,0.0,-0.0033,-1e-04,0.881,0.0353,0.0032,0.0037,0.0048,-0.0091,0.0,0.0,0.7491189812786728
121128.477381915,0.4385,-0.0114,-0.0009,0.0037,-0.0017,0.0004,1.1205,-0.2362,0.2315,0.0,0.0,0.0,0.0,0.0,-0.0033,-1e-04,0.8774,0.0355,0.0024,0.0047,0.0052,-0.0096,0.0,0.0,0.7488331136179388
121128.482407556,0.4396,-0.0114,-0.0009,0.0037,-0.0017,0.0004,1.1205,-0.2362,0.2296,0.0,0.0,0.0,0.0,0.0,-0.0033,-1e-04,0.8737,0.0353,0.003,0.004,0.0049,-0.0093,0.0,0.0,0.7485202567049835
121128.50904922,0.4408,-0.0114,-0.0009,0.0037,-0.0017,0.0004,1.1205,-0.2362,0.2275,0.0,0.0,0.0,0.0,0.0,-0.0034,-1e-04,0.8699,0.0355,0.0028,0.0043,0.005,-0.0094,0.0,0.0,0.7481804191169369
121128.514470802,0.4419,-0.0114,-0.0009,0.0037,-0.0017,0.0004,1.1205,-0.2362,0.225,0.0,0.0,0.0,0.0,0.0,-0.0034,-1e-04,0.8664,0.0353,0.0028,0.0042,0.005,-0.0094,0.0,0.0,0.7478136101706182
121128.519633579,0.443,-0.0114,-0.0009,0.0037,-0.0017,0.0004,1.1205,-0.2362,0.2222,0.0,0.0,0.0,0.0,0.0,-0.0034,-1e-04,0.8626,0.0355,0.0027,0.0044,0.005,-0.0095,0.0,0.0,0.7474198399222802
121128.544414425,0.4441,-0.0114,-0.0009,0.0037,-0.0017,0.0004,1.1204,-0.2362,0.2191,0.0,0.0,0.0,0.0,0.0,-0.0034,-1e-04,0.8588,0.0353,0.0029,0.0041,0.0049,-0.0093,0.0,0.0,0.746999119167333
121128.553318367,0.4452,-0.0114,-0.0009,0.0037,-0.0017,0.0004,1.1204,-0.2362,0.2157,0.0,0.0,0.0,0.0,0.0,-0.0034,-1e-04,0.8549,0.0354,0.0028,0.0043,0.005,-0.0094,0.0,0.0,0.7465514594400485
121128.559469999,0.4463,-0.0114,-0.0009,0.0037,-0.0017,0.0004,1.1204,-0.2362,0.2119,0.0,0.0,0.0,0.0,0.0,-0.0034,-1e-04,0.8513,0.0354,0.0027,0.0044,0.005,-0.0095,0.0,0.0,0.7460768730132445
121128.564814878,0.4473,-0.0114,-0.0009,0.0037,-0.0017,0.0004,1.1204,-0.2362,0.2079,0.0,0.0,0.0,0.0,0.0,-0.0034,-1e-04,0.8473,0.0354,0.0029,0.0042,0.0049,-0.0093,0.0,0.0,0.7455753728979477
121128.59387803,0.4483,-0.0114,-0.0009,0.0037,-0.0017,0.0004,1.1204,-0.2362,0.2036,0.0,0.0,0.0,0.0,0.0,-0.0034,-1e-04,0.8437,0.0354,0.0029,0.0041,0.0049,-0.0093,0.0,0.0,0.7450469728430368
121128.59710374,0.4493,-0.0114,-0.0009,0.0037,-0.0017,0.0004,1.1203,-0.2362,0.1989,0.0,0.0,0.0,0.0,0.0,-0.0034,-1e-04,0.8397,0.0354,0.0026,0.0045,0.0051,-0.0095,0.0,0.0,0.7444916873348663
121128.602406057,0.4503,-0.0114,-0.0009,0.0037,-0.0017,0.0004,1.1203,-0.2362,0.194,0.0,0.0,0.0,0.0,0.0,-0.0034,-1e-04,0.8359,0.0354,0.003,0.004,0.0049,-0.0093,0.0,0.0,0.743909531596869
121128.626419224,0.4512,-0.0114,-0.0009,0.0037,-0.0017,0.0004,1.1203,-0.2362,0.1887,0.0,0.0,0.0,0.0,0.0,-0.0034,-1e-04,0.8321,0.0354,0.0028,0.0043,0.005,-0.0094,0.0,0.0,0.7433005215891385
121128.635271348,0.4521,-0.0114,-0.0009,0.0037,-0.0017,0.0004,1.1203,-0.2362,0.1832,0.0,0.0,0.0,0.0,0.0,-0.0035,-1e-04,0.8283,0.0354,0.0029,0.0041,0.0049,-0.0093,0.0,0.0,0.7426646740079917
121128.641509217,0.453,-0.0114,-0.0009,0.0037,-0.0017,0.0004,1.1203,-0.2362,0.1774,0.0,0.0,0.0,0.0,0.0,-0.0035,-1e-04,0.8245,0.0353,0.0028,0.0043,0.005,-0.0094,0.0,0.0,0.7420020062855114
121128.669713833,0.4539,-0.0114,-0.0009,0.0037,-0.0017,0.0004,1.1203,-0.2362,0.1712,0.0,0.0,0.0,0.0,0.0,-0.0035,-1e-04,0.8206,0.0354,0.0027,0.0044,0.005,-0.0094,0.0,0.0,0.7413125365890679
121128.678184075,0.4547,-0.0114,-0.0009,0.0037,-0.0017,0.0004,1.1202,-0.2362,0.1648,0.0,0.0,0.0,0.0,0.0,-0.0035,-1e-04,0.817,0.0354,0.003,0.004,0.0048,-0.0093,0.0,0.0,0.7405962838208212
121128.684533647,0.4555,-0.0114,-0.0009,0.0037,-0.0017,0.0004,1.1202,-0.2362,0.1582,0.0,0.0,0.0,0.0,0.0,-0.0035,-1e-04,0.8133,0.0354,0.0027,0.0044,0.005,-0.0095,0.0,0.0,0.7398532676172027
121128.689596266,0.4563,-0.0114,-0.0009,0.0037,-0.0017,0.0004,1.1202,-0.2362,0.1512,0.0,0.0,0.0,0.0,0.0,-0.0035,-1e-04,0.8097,0.0353,0.003,0.004,0.0048,-0.0093,0.0,0.0,0.739083508348377
121128.717763413,0.457,-0.0114,-0.0009,0.0037,-0.0017,0.0004,1.1202,-0.2362,0.144,0.0,0.0,0.0,0.0,0.0,-0.0035,-1e-04,0.8059,0.0354,0.0027,0.0045,0.005,-0.0095,0.0,0.0,0.7382870271176833
121128.723832391,0.4577,-0.0114,-0.0009,0.0037,-0.0017,0.0004,1.1202,-0.2362,0.1365,0.0,0.0,0.0,0.0,0.0,-0.0035,-1e-04,0.8025,0.0353,0.0029,0.0041,0.0049,-0.0093,0.0,0.0,0.737463845761057
121128.729061831,0.4583,-0.0114,-0.0009,0.0037,-0.0017,0.0004,1.1201,-0.2362,0.1288,0.0,0.0,0.0,0.0,0.0,-0.0035,-1e-04,0.799,0.0354,0.0029,0.0042,0.0049,-0.0094,0.0,0.0,0.7366139868464304
121128.754660612,0.4589,-0.0114,-0.0009,0.0037,-0.0017,0.0004,1.1201,-0.2362,0.1208,0.0,0.0,0.0,0.0,0.0,-0.0035,-1e-04,0.7954,0.0353,0.0027,0.0044,0.005,-0.0095,0.0,0.0,0.7357374736731154
121128.760293377,0.4595,-0.0114,-0.0009,0.0037,-0.0017,0.0004,1.1201,-0.2362,0.1126,0.0,0.0,0.0,0.0,0.0,-0.0035,-1e-04,0.7919,0.0353,0.0029,0.0042,0.0049,-0.0094,0.0,0.0,0.7348343302711633
121128.765678651,0.46,-0.0114,-0.0009,0.0037,-0.0017,0.0004,1.1201,-0.2362,0.1042,0.0,0.0,0.0,0.0,0.0,-0.0036,-1e-04,0.7885,0.0353,0.0029,0.0042,0.0049,-0.0094,0.0,0.0,0.7339045814007066
121128.791383196,0.4605,-0.0114,-0.0009,0.0037,-0.0017,0.0004,1.1201,-0.2362,0.0955,0.0,0.0,0.0,0.0,0.0,-0.0036,-1e-04,0.7852,0.0354,0.0029,0.0042,0.0049,-0.0094,0.0,0.0,0.7329482525512803
121128.796437424,0.4609,-0.0114,-0.0009,0.0037,-0.0017,0.0004,1.12,-0.2362,0.0866,0.0,0.0,0.0,0.0,0.0,-0.0036,-1e-04,0.7818,0.0352,0.0029,0.0042,0.0049,-0.0094,0.0,0.0,0.7319653699411228
121128.801118817,0.4613,-0.0114,-0.0009,0.0037,-0.0017,0.0004,1.12,-0.2362,0.0775,0.0,0.0,0.0,0.0,0.0,-0.0036,-1e-04,0.7786,0.0355,0.0026,0.0046,0.005,-0.0095,0.0,0.0,0.7309559605164574
121128.806562427,0.4616,-0.0114,-0.0009,0.0037,-0.0017,0.0004,1.12,-0.2362,0.0682,0.0,0.0,0.0,0.0,0.0,-0.0036,-1e-04,0.7754,0.0353,0.0031,0.004,0.0048,-0.0093,0.0,0.0,0.7299200519507535
121128.83413778,0.4619,-0.0114,-0.0009,0.0037,-0.0017,0.0004,1.12,-0.2362,0.0587,0.0,0.0,0.0,0.0,0.0,-0.0036,-1e-04,0.7725,0.0352,0.0029,0.0042,0.0049,-0.0094,0.0,0.0,0.7288576726439676
121128.840268945,0.4622,-0.0114,-0.0009,0.0037,-0.0017,0.0004,1.12,-0.2362,0.049,0.0,0.0,0.0,0.0,0.0,-0.0036,-1e-04,0.7695,0.0354,0.0028,0.0043,0.0049,-0.0094,0.0,0.0,0.7277688517217651
121128.845376618,0.4624,-0.0114,-0.0009,0.0037,-0.0017,0.0004,1.1199,-0.2362,0.0391,0.0,0.0,0.0,0.0,0.0,-0.0036,-1e-04,0.7664,0.0352,0.0029,0.0041,0.0049,-0.0093,0.0,0.0,0.7266536190347215
121128.873393434,0.4625,-0.0114,-0.0009,0.0037,-0.0017,0.0004,1.1199,-0.2362,0.0291,0.0,0.0,0.0,0.0,0.0,-0.0036,-1e-04,0.7636,0.0354,0.0029,0.0042,0.0049,-0.0094,0.0,0.0,0.7255120051575045
121128.878371761,0.4626,-0.0114,-0.0009,0.0037,-0.0017,0.0004,1.1199,-0.2362,0.0189,0.0,0.0,0.0,0.0,0.0,-0.0036,-1e-04,0.7608,0.0353,0.0028,0.0044,0.005,-0.0094,0.0,0.0,0.7243440413880349
121128.883302929,0.4626,-0.0114,-0.0009,0.0037,-0.0017,0.0004,1.1199,-0.2362,0.014,0.0061,-1e-04,0.0003,0.0,1e-04,-0.0037,-1e-04,0.7562,0.0364,0.0032,0.0039,0.0045,-0.0095,0.0,0.0,0.7231497597466297
121128.909268701,0.4626,-0.0114,-0.0009,0.0037,-0.0017,0.0004,1.1199,-0.2362,0.0,0.0,0.0,0.0,0.0,0.0,-0.0037,0.0,0.7918,0.0312,0.0029,0.0038,0.0052,-0.009,0.0,0.0,0.7219291929751231
121128.913464869,0.4626,-0.0114,-0.0009,0.0037,-0.0017,0.0004,1.1199,-0.2362,0.0,0.0026,0.0,1e-04,0.0,0.0,-0.0037,-1e-04,0.9164,0.0388,0.003,0.0044,0.0047,-0.0095,0.0,0.0,0.7206823745359702
121128.918610598,0.4626,-0.0114,-0.0009,0.0037,-0.0017,0.0004,1.1198,-0.2362,0.0,0.0058,-1e-04,0.0002,0.0,1e-04,-0.0038,-1e-04,0.9032,0.0345,0.0031,0.0035,0.0046,-0.0092,0.0,0.0,0.7194093386113277
121128.924042659,0.4625,-0.0114,-0.0009,0.0037,-0.0017,0.0004,1.1198,-0.2362,-0.0111,0.0,0.0,0.0,0.0,0.0,-0.0037,0.0,0.8469,0.035,0.0029,0.0042,0.0052,-0.0092,0.0,0.0,0.718110120102119
121128.950591046,0.4625,-0.0114,-0.0009,0.0037,-0.0017,0.0004,1.1198,-0.2362,-0.0171,0.0,0.0,0.0,0.0,0.0,-0.0037,0.0,0.8423,0.0353,0.0028,0.0042,0.0049,-0.0094,0.0,0.0,0.7167847546270758
121128.95656144,0.4623,-0.0114,-0.0009,0.0037,-0.0017,0.0004,1.1198,-0.2362,-0.0233,0.0,0.0,0.0,0.0,0.0,-0.0037,0.0,0.84,0.0352,0.0025,0.0047,0.0051,-0.0096,0.0,0.0,0.715433278521762
121128.96192314,0.4622,-0.0114,-0.0009,0.0037,-0.0017,0.0004,1.1198,-0.2362,-0.0295,0.0,0.0,0.0,0.0,0.0,-0.0037,0.0,0.8376,0.0353,0.003,0.0041,0.0048,-0.0093,0.0,0.0,0.7140557288375775
121128.988815889,0.462,-0.0114,-0.0009,0.0037,-0.0017,0.0004,1.1197,-0.2362,-0.0359,0.0,0.0,0.0,0.0,0.0,-0.0037,0.0,0.8349,0.0353,0.0025,0.0047,0.0051,-0.0096,0.0,0.0,0.7126521433407432
121128.994037708,0.4618,-0.0114,-0.0009,0.0037,-0.0017,0.0004,1.1197,-0.2362,-0.0423,0.0,0.0,0.0,0.0,0.0,-0.0037,0.0,0.8331,0.0353,0.0028,0.0043,0.0049,-0.0094,0.0,0.0,0.7112225605112642
121128.999491337,0.4615,-0.0114,-0.0009,0.0036,-0.0017,0.0004,1.1197,-0.2362,-0.0489,0.0,0.0,0.0,0.0,0.0,-0.0037,0.0,0.8298,0.0353,0.003,0.004,0.0049,-0.0093,0.0,0.0,0.7097670195418759
121129.025806543,0.4613,-0.0114,-0.0009,0.0036,-0.0017,0.0004,1.1197,-0.2362,-0.0557,0.0,0.0,0.0,0.0,0.0,-0.0037,0.0,0.8264,0.0353,0.0027,0.0043,0.005,-0.0094,0.0,0.0,0.7082855603369695
121129.030690413,0.461,-0.0114,-0.0009,0.0036,-0.0017,0.0004,1.1197,-0.2362,-0.0625,0.0,0.0,0.0,0.0,0.0,-0.0038,0.0,0.8243,0.0353,0.0028,0.0043,0.0049,-0.0094,0.0,0.0,0.7067782235114972
121129.035865966,0.4606,-0.0114,-0.0009,0.0036,-0.0017,0.0004,1.1196,-0.2362,-0.0694,0.0,0.0,0.0,0.0,0.0,-0.0038,0.0,0.8214,0.0353,0.0027,0.0044,0.005,-0.0094,0.0,0.0,0.7052450503898597
121129.041207245,0.4602,-0.0114,-0.0009,0.0036,-0.0017,0.0004,1.1196,-0.2362,-0.0764,0.0,0.0,0.0,0.0,0.0,-0.0038,0.0,0.819,0.0353,0.0028,0.0043,0.005,-0.0094,0.0,0.0,0.7036860830047725
121129.068559403,0.4598,-0.0114,-0.0009,0.0036,-0.0017,0.0004,1.1196,-0.2362,-0.0835,0.0,0.0,0.0,0.0,0.0,-0.0038,0.0,0.8163,0.0353,0.0028,0.0042,0.0049,-0.0094,0.0,0.0,0.7021013640961139
121129.074449838,0.4593,-0.0114,-0.0009,0.0036,-0.0017,0.0004,1.1196,-0.2362,-0.0907,0.0,0.0,0.0,0.0,0.0,-0.0038,0.0,0.8138,0.0353,0.0029,0.0042,0.0049,-0.0093,0.0,0.0,0.7004909371097533
121129.079462415,0.4589,-0.0114,-0.0009,0.0036,-0.0017,0.0004,1.1196,-0.2362,-0.098,0.0,0.0,0.0,0.0,0.0,-0.0038,0.0,0.8112,0.0353,0.0025,0.0046,0.0051,-0.0096,0.0,0.0,0.6988548461963603
121129.104991877,0.4583,-0.0114,-0.0009,0.0036,-0.0017,0.0004,1.1195,-0.2362,-0.1054,0.0,0.0,0.0,0.0,0.0,-0.0038,0.0,0.8088,0.0353,0.0029,0.0042,0.0049,-0.0094,0.0,0.0,0.6971931362101934
121129.110350071,0.4578,-0.0114,-0.0009,0.0036,-0.0017,0.0004,1.1195,-0.2362,-0.1128,0.0,0.0,0.0,0.0,0.0,-0.0038,0.0,0.8061,0.0353,0.003,0.004,0.0049,-0.0093,0.0,0.0,0.6955058527078715
121129.116209646,0.4572,-0.0114,-0.0009,0.0036,-0.0017,0.0004,1.1195,-0.2362,-0.1203,0.0,0.0,0.0,0.0,0.0,-0.0038,0.0,0.8036,0.0353,0.0025,0.0047,0.0051,-0.0096,0.0,0.0,0.693793041947124
121129.144455775,0.4565,-0.0114,-0.0009,0.0036,-0.0017,0.0004,1.1195,-0.2362,-0.1278,0.0,0.0,0.0,0.0,0.0,-0.0038,0.0,0.8014,0.0353,0.0029,0.0042,0.0049,-0.0094,0.0,0.0,0.6920547508855232
121129.15011232,0.4558,-0.0114,-0.0009,0.0036,-0.0017,0.0004,1.1195,-0.2362,-0.1354,0.0,0.0,0.0,0.0,0.0,-0.0038,0.0,0.7991,0.0353,0.003,0.004,0.0049,-0.0093,0.0,0.0,0.6902910271791967
121129.155831677,0.4551,-0.0114,-0.0009,0.0036,-0.0017,0.0004,1.1195,-0.2362,-0.1431,0.0,0.0,0.0,0.0,0.0,-0.0038,0.0,0.7967,0.0353,0.0027,0.0044,0.005,-0.0095,0.0,0.0,0.6885019191815208
121129.161172376,0.4544,-0.0114,-0.0009,0.0036,-0.0017,0.0004,1.1194,-0.2362,-0.1508,0.0,0.0,0.0,0.0,0.0,-0.0039,0.0,0.7945,0.0353,0.0027,0.0044,0.005,-0.0095,0.0,0.0,0.686687475941795
121129.188466225,0.4536,-0.0114,-0.0009,0.0036,-0.0017,0.0004,1.1194,-0.2362,-0.1585,0.0,0.0,0.0,0.0,0.0,-0.0039,0.0,0.792,0.0353,0.0028,0.0043,0.005,-0.0094,0.0,0.0,0.6848477472038973
121129.193065865,0.4527,-0.0114,-0.0009,0.0036,-0.0017,0.0004,1.1194,-0.2362,-0.1662,0.0,0.0,0.0,0.0,0.0,-0.0039,0.0,0.79,0.0353,0.0031,0.0039,0.0048,-0.0092,0.0,0.0,0.6829827834049202
121129.198828319,0.4519,-0.0114,-0.0009,0.0036,-0.0017,0.0004,1.1194,-0.2362,-0.174,0.0,0.0,0.0,0.0,0.0,-0.0039,0.0,0.7877,0.0353,0.0024,0.0048,0.0052,-0.0097,0.0,0.0,0.6810926356737887
121129.22636961,0.451,-0.0114,-0.0009,0.0036,-0.0017,0.0004,1.1194,-0.2362,-0.1818,0.0,0.0,0.0,0.0,0.0,-0.0039,0.0,0.7856,0.0353,0.003,0.0041,0.0049,-0.0093,0.0,0.0,0.6791773558298574
121129.231155096,0.45,-0.0114,-0.0009,0.0036,-0.0017,0.0004,1.1193,-0.2362,-0.1896,0.0,0.0,0.0,0.0,0.0,-0.0039,0.0,0.7837,0.0353,0.0029,0.0042,0.005,-0.0094,0.0,0.0,0.6772369963814908
121129.239824229,0.449,-0.0114,-0.0009,0.0036,-0.0017,0.0004,1.1193,-0.2362,-0.1974,0.0,0.0,0.0,0.0,0.0,-0.0039,0.0,0.7817,0.0353,0.0028,0.0043,0.005,-0.0094,0.0,0.0,0.6752716105246234
121129.269352459,0.448,-0.0114,-0.0009,0.0036,-0.0017,0.0004,1.1193,-0.2362,-0.2052,0.0,0.0,0.0,0.0,0.0,-0.0039,0.0,0.7796,0.0353,0.0029,0.0042,0.0049,-0.0094,0.0,0.0,0.6732812521413009
121129.275369992,0.4469,-0.0114,-0.0009,0.0036,-0.0017,0.0004,1.1193,-0.2362,-0.213,0.0,0.0,0.0,0.0,0.0,-0.0039,0.0,0.7775,0.0353,0.0028,0.0043,0.005,-0.0094,0.0,0.0,0.6712659757982042
121129.280595127,0.4458,-0.0114,-0.0009,0.0036,-0.0017,0.0004,1.1193,-0.2362,-0.2208,0.0,0.0,0.0,0.0,0.0,-0.0039,0.0,0.7756,0.0353,0.0029,0.0041,0.0049,-0.0093,0.0,0.0,0.6692258367451522
121129.285962605,0.4447,-0.0114,-0.0009,0.0036,-0.0017,0.0004,1.1192,-0.2362,-0.2285,0.0,0.0,0.0,0.0,0.0,-0.0039,0.0,0.7739,0.0353,0.0028,0.0043,0.005,-0.0094,0.0,0.0,0.6671608909135877
121129.310245464,0.4435,-0.0114,-0.0009,0.0036,-0.0017,0.0004,1.1192,-0.2362,-0.2362,0.0,0.0,0.0,0.0,0.0,-0.0039,0.0,0.7719,0.0353,0.0029,0.0042,0.005,-0.0093,0.0,0.0,0.6650711949150434
121129.319097196,0.4423,-0.0114,-0.0009,0.0036,-0.0017,0.0004,1.1192,-0.2362,-0.2439,0.0,0.0,0.0,0.0,0.0,-0.004,0.0,0.77,0.0352,0.0029,0.0043,0.005,-0.0094,0.0,0.0,0.6629568060395908
121129.325384591,0.441,-0.0114,-0.0009,0.0036,-0.0017,0.0004,1.1192,-0.2362,-0.2515,0.0,0.0,0.0,0.0,0.0,-0.004,0.0,0.7684,0.0354,0.0033,0.0037,0.0048,-0.0091,0.0,0.0,0.6608177822542695
121129.353340171,0.4397,-0.0114,-0.0009,0.0036,-0.0017,0.0004,1.1192,-0.2362,-0.2591,0.0,0.0,0.0,0.0,0.0,-0.004,0.0,0.7667,0.0353,0.0027,0.0043,0.005,-0.0094,0.0,0.0,0.6586541822014964
121129.358510074,0.4384,-0.0114,-0.0009,0.0036,-0.0017,0.0004,1.1191,-0.2362,-0.2667,0.0,0.0,0.0,0.0,0.0,-0.004,0.0,0.765,0.0352,0.0028,0.0043,0.005,-0.0094,0.0,0.0,0.6564660651974602
121129.364126548,0.437,-0.0114,-0.0009,0.0036,-0.0017,0.0004,1.1191,-0.2362,-0.2742,0.0,0.0,0.0,0.0,0.0,-0.004,0.0,0.7634,0.0354,0.0033,0.0037,0.0048,-0.0091,0.0,0.0,0.6542534912304941
121129.391325908,0.4356,-0.0114,-0.0009,0.0036,-0.0017,0.0004,1.1191,-0.2362,-0.2816,0.0,0.0,0.0,0.0,0.0,-0.004,0.0,0.7618,0.0352,0.0025,0.0047,0.0052,-0.0096,0.0,0.0,0.6520165209594307
121129.39630237,0.4341,-0.0114,-0.0009,0.0036,-0.0017,0.0004,1.1191,-0.2362,-0.2889,0.0,0.0,0.0,0.0,0.0,-0.004,0.0,0.7601,0.0354,0.0031,0.0039,0.0049,-0.0092,0.0,0.0,0.6497552157119402
121129.401834788,0.4326,-0.0114,-0.0009,0.0036,-0.0017,0.0004,1.1191,-0.2362,-0.2962,0.0,0.0,0.0,0.0,0.0,-0.004,0.0,0.7585,0.0352,0.0028,0.0043,0.005,-0.0094,0.0,0.0,0.647469637482848
121129.407135411,0.4311,-0.0114,-0.0009,0.0036,-0.0017,0.0004,1.1191,-0.2362,-0.3034,0.0,0.0,0.0,0.0,0.0,-0.004,0.0,0.757,0.0354,0.0029,0.0042,0.005,-0.0094,0.0,0.0,0.6451598489324362
121129.432790567,0.4296,-0.0114,-0.0009,0.0036,-0.0017,0.0004,1.119,-0.2362,-0.3105,0.0,0.0,0.0,0.0,0.0,-0.004,0.0,0.7556,0.0351,0.003,0.0041,0.005,-0.0093,0.0,0.0,0.6428259133847245
121129.43887783,0.428,-0.0114,-0.0009,0.0036,-0.0017,0.0004,1.119,-0.2362,-0.3175,0.0,0.0,0.0,0.0,0.0,-0.0041,1e-04,0.7541,0.0355,0.0029,0.0041,0.005,-0.0093,0.0,0.0,0.6404678948257347
121129.445254822,0.4264,-0.0114,-0.0009,0.0036,-0.0017,0.0004,1.119,-0.2362,-0.3244,0.0,0.0,0.0,0.0,0.0,-0.0041,1e-04,0.7526,0.0353,0.0029,0.0042,0.005,-0.0094,0.0,0.0,0.6380858579017371
121129.473563157,0.4247,-0.0114,-0.0009,0.0036,-0.0017,0.0004,1.119,-0.2362,-0.3312,0.0,0.0,0.0,0.0,0.0,-0.0041,1e-04,0.7512,0.0351,0.0027,0.0044,0.0051,-0.0095,0.0,0.0,0.6356798679174772
121129.479401777,0.423,-0.0114,-0.0009,0.0036,-0.0017,0.0004,1.119,-0.2362,-0.3379,0.0,0.0,0.0,0.0,0.0,-0.0041,1e-04,0.7498,0.0355,0.0032,0.0038,0.0049,-0.0092,0.0,0.0,0.6332499908343853
121129.484732279,0.4213,-0.0114,-0.0009,0.0036,-0.0017,0.0004,1.1189,-0.2362,-0.3445,0.0,0.0,0.0,0.0,0.0,-0.0041,1e-04,0.7486,0.0353,0.0028,0.0043,0.0051,-0.0094,0.0,0.0,0.6307962932687698
121129.508576918,0.4195,-0.0114,-0.0009,0.0036,-0.0017,0.0004,1.1189,-0.2362,-0.351,0.0,0.0,0.0,0.0,0.0,-0.0041,1e-04,0.7473,0.0351,0.0026,0.0046,0.0052,-0.0096,0.0,0.0,0.6283188424899887
121129.516661477,0.4177,-0.0114,-0.0009,0.0036,-0.0017,0.0004,1.1189,-0.2362,-0.3573,0.0,0.0,0.0,0.0,0.0,-0.0041,1e-04,0.7459,0.0356,0.0034,0.0035,0.0048,-0.009,0.0,0.0,0.6258177064186062
121129.52397543,0.4159,-0.0114,-0.0009,0.0036,-0.0017,0.0004,1.1189,-0.2362,-0.3636,0.0,0.0,0.0,0.0,0.0,-0.0041,1e-04,0.7444,0.0353,0.0027,0.0044,0.0051,-0.0095,0.0,0.0,0.6232929536245315
121129.529529108,0.4141,-0.0114,-0.0009,0.0036,-0.0017,0.0004,1.1189,-0.2362,-0.3697,0.0,0.0,0.0,0.0,0.0,-0.0041,1e-04,0.7432,0.0353,0.0028,0.0044,0.0051,-0.0094,0.0,0.0,0.6207446533251376
121129.556164377,0.4122,-0.0114,-0.0009,0.0036,-0.0017,0.0004,1.1188,-0.2362,-0.3756,0.0,0.0,0.0,0.0,0.0,-0.0041,1e-04,0.7418,0.0351,0.0028,0.0044,0.0051,-0.0095,0.0,0.0,0.6181728753833647
121129.56128078,0.4103,-0.0113,-0.0009,0.0036,-0.0017,0.0004,1.1188,-0.2362,-0.3814,0.0,0.0,0.0,0.0,0.0,-0.0041,1e-04,0.7406,0.0356,0.0033,0.0036,0.0049,-0.0091,0.0,0.0,0.6155776903058043
121129.56628473,0.4083,-0.0113,-0.0009,0.0036,-0.0017,0.0004,1.1188,-0.2362,-0.3871,0.0,0.0,0.0,0.0,0.0,-0.0042,1e-04,0.7394,0.0353,0.0026,0.0045,0.0052,-0.0095,0.0,0.0,0.6129591692407658
121129.591944275,0.4064,-0.0113,-0.0009,0.0036,-0.0017,0.0004,1.1188,-0.2362,-0.3926,0.0,0.0,0.0,0.0,0.0,-0.0042,1e-04,0.738,0.0353,0.0029,0.0041,0.0051,-0.0093,0.0,0.0,0.6103173839763272
121129.598556915,0.4044,-0.0113,-0.0009,0.0036,-0.0017,0.0004,1.1187,-0.2362,-0.398,0.0,0.0,0.0,0.0,0.0,-0.0042,1e-04,0.7369,0.0351,0.0027,0.0044,0.0052,-0.0095,0.0,0.0,0.6076524069383662
121129.602388922,0.4023,-0.0113,-0.0009,0.0036,-0.0017,0.0004,1.1187,-0.2362,-0.4032,0.0,0.0,0.0,0.0,0.0,-0.0042,1e-04,0.7357,0.0356,0.0033,0.0037,0.0049,-0.0091,0.0,0.0,0.604964311188574
121129.626369999,0.4003,-0.0113,-0.0009,0.0036,-0.0017,0.0004,1.1187,-0.2362,-0.4083,0.0,0.0,0.0,0.0,0.0,-0.0042,1e-04,0.7344,0.0353,0.0028,0.0043,0.0051,-0.0094,0.0,0.0,0.602253170422454
121129.634532989,0.3982,-0.0113,-0.0009,0.0036,-0.0017,0.0004,1.1187,-0.2362,-0.4132,0.0,0.0,0.0,0.0,0.0,-0.0042,1e-04,0.733,0.0353,0.0026,0.0046,0.0052,-0.0095,0.0,0.0,0.5995190589672996
121129.641710623,0.3961,-0.0113,-0.0009,0.0036,-0.0017,0.0004,1.1186,-0.2362,-0.418,0.0,0.0,0.0,0.0,0.0,-0.0042,1e-04,0.7317,0.0354,0.003,0.0041,0.005,-0.0093,0.0,0.0,0.5967620517801574
121129.647087007,0.394,-0.0113,-0.0009,0.0036,-0.0017,0.0004,1.1186,-0.2362,-0.4226,0.0,0.0,0.0,0.0,0.0,-0.0042,1e-04,0.7304,0.0354,0.003,0.0041,0.0051,-0.0093,0.0,0.0,0.5939822244457721
121129.673882888,0.3919,-0.0113,-0.0009,0.0036,-0.0017,0.0004,1.1186,-0.2362,-0.427,0.0,0.0,0.0,0.0,0.0,-0.0042,1e-04,0.7293,0.0354,0.0029,0.0041,0.0051,-0.0093,0.0,0.0,0.5911796531745143
121129.679269875,0.3897,-0.0113,-0.0009,0.0036,-0.0017,0.0004,1.1186,-0.2362,-0.4313,0.0,0.0,0.0,0.0,0.0,-0.0042,1e-04,0.7278,0.0354,0.0029,0.0042,0.0051,-0.0094,0.0,0.0,0.5883544148002913
121129.684296922,0.3875,-0.0113,-0.0009,0.0036,-0.0017,0.0004,1.1186,-0.2362,-0.4354,0.0,0.0,0.0,0.0,0.0,-0.0042,1e-04,0.7266,0.0354,0.0028,0.0043,0.0052,-0.0094,0.0,0.0,0.5855065867784404
121129.712812674,0.3853,-0.0113,-0.0009,0.0036,-0.0017,0.0004,1.1185,-0.2362,-0.4393,0.0,0.0,0.0,0.0,0.0,-0.0043,1e-04,0.7255,0.0354,0.003,0.0041,0.0051,-0.0093,0.0,0.0,0.5826362471836047
121129.717737731,0.3831,-0.0113,-0.0009,0.0036,-0.0017,0.0004,1.1185,-0.2362,-0.443,0.0,0.0,0.0,0.0,0.0,-0.0043,1e-04,0.724,0.0354,0.0029,0.0042,0.0052,-0.0094,0.0,0.0,0.5797434747075949
121129.723452747,0.3809,-0.0113,-0.0009,0.0036,-0.0017,0.0004,1.1185,-0.2362,-0.4466,0.0,0.0,0.0,0.0,0.0,-0.0043,1e-04,0.7227,0.0354,0.003,0.004,0.0051,-0.0093,0.0,0.0,0.5768283486572293
121129.7481085,0.3786,-0.0113,-0.0009,0.0036,-0.0017,0.0004,1.1185,-0.2362,-0.45,0.0,0.0,0.0,0.0,0.0,-0.0043,1e-04,0.7213,0.0354,0.0027,0.0044,0.0052,-0.0095,0.0,0.0,0.5738909489521612
121129.756364894,0.3764,-0.0113,-0.0009,0.0036,-0.0017,0.0004,1.1184,-0.2362,-0.4532,0.0,0.0,0.0,0.0,0.0,-0.0043,1e-04,0.7199,0.0354,0.003,0.0041,0.0051,-0.0093,0.0,0.0,0.5709313561226876
121129.762023578,0.3741,-0.0113,-0.0009,0.0036,-0.0017,0.0004,1.1184,-0.2362,-0.4562,0.0,0.0,0.0,0.0,0.0,-0.0043,1e-04,0.7183,0.0354,0.0029,0.0042,0.0052,-0.0094,0.0,0.0,0.5679496513075408
121129.767669057,0.3718,-0.0113,-0.0009,0.0036,-0.0017,0.0004,1.1184,-0.2362,-0.4591,0.0,0.0,0.0,0.0,0.0,-0.0043,1e-04,0.717,0.0354,0.003,0.0041,0.0051,-0.0093,0.0,0.0,0.5649459162516641
121129.793811788,0.3695,-0.0113,-0.0009,0.0036,-0.0017,0.0004,1.1184,-0.2362,-0.4618,0.0,0.0,0.0,0.0,0.0,-0.0043,1e-04,0.7155,0.0354,0.003,0.004,0.0051,-0.0093,0.0,0.0,0.5619202333039718
121129.800175586,0.3671,-0.0113,-0.0009,0.0036,-0.0017,0.0004,1.1184,-0.2362,-0.4643,0.0,0.0,0.0,0.0,0.0,-0.0043,1e-04,0.714,0.0354,0.0027,0.0045,0.0053,-0.0095,0.0,0.0,0.5588726854150902
121129.808111062,0.3648,-0.0113,-0.0009,0.0036,-0.0017,0.0004,1.1183,-0.2362,-0.4666,0.0,0.0,0.0,0.0,0.0,-0.0043,1e-04,0.7123,0.0354,0.0031,0.004,0.0051,-0.0093,0.0,0.0,0.555803356135084
121129.8326691,0.3625,-0.0113,-0.0009,0.0036,-0.0017,0.0004,1.1183,-0.2362,-0.4688,0.0,0.0,0.0,0.0,0.0,-0.0043,1e-04,0.7106,0.0354,0.0028,0.0043,0.0052,-0.0094,0.0,0.0,0.5527123296111665
121129.839438848,0.3601,-0.0113,-0.0009,0.0036,-0.0017,0.0004,1.1183,-0.2362,-0.4708,0.0,0.0,0.0,0.0,0.0,-0.0044,1e-04,0.7091,0.0354,0.003,0.0041,0.0052,-0.0093,0.0,0.0,0.5495996905853904
121129.844793497,0.3577,-0.0113,-0.0009,0.0036,-0.0017,0.0004,1.1183,-0.2362,-0.4726,0.0,0.0,0.0,0.0,0.0,-0.0044,1e-04,0.7071,0.0355,0.0029,0.0042,0.0052,-0.0094,0.0,0.0,0.5464655243923274
121129.872786039,0.3554,-0.0113,-0.0009,0.0036,-0.0017,0.0004,1.1182,-0.2361,-0.4742,0.0,0.0,0.0,0.0,0.0,-0.0044,1e-04,0.7054,0.0354,0.003,0.004,0.0051,-0.0093,0.0,0.0,0.5433099169567269
121129.878322465,0.353,-0.0113,-0.0009,0.0036,-0.0017,0.0004,1.1182,-0.2361,-0.4757,0.0,0.0,0.0,0.0,0.0,-0.0044,1e-04,0.7036,0.0354,0.0028,0.0043,0.0052,-0.0094,0.0,0.0,0.5401329547911605
121129.883686389,0.3506,-0.0113,-0.0009,0.0036,-0.0017,0.0004,1.1182,-0.2361,-0.477,0.0,0.0,0.0,0.0,0.0,-0.0044,1e-04,0.7017,0.0355,0.003,0.0041,0.0052,-0.0093,0.0,0.0,0.5369347249936515
121129.889092258,0.3482,-0.0113,-0.0009,0.0036,-0.0017,0.0004,1.1182,-0.2361,-0.4782,0.0,0.0,0.0,0.0,0.0,-0.0044,1e-04,0.7,0.0355,0.0029,0.0042,0.0052,-0.0094,0.0,0.0,0.5337153152452846
121129.913710182,0.3458,-0.0113,-0.0009,0.0036,-0.0017,0.0004,1.1181,-0.2361,-0.4791,0.0,0.0,0.0,0.0,0.0,-0.0044,1e-04,0.6979,0.0355,0.0031,0.0039,0.0051,-0.0092,0.0,0.0,0.5304748138078049
121129.920564073,0.3434,-0.0113,-0.0009,0.0036,-0.0017,0.0004,1.1181,-0.2361,-0.48,0.0,0.0,0.0,0.0,0.0,-0.0044,1e-04,0.6958,0.0355,0.0028,0.0043,0.0053,-0.0094,0.0,0.0,0.5272133095211954
121129.925922043,0.341,-0.0113,-0.0009,0.0036,-0.0017,0.0004,1.1181,-0.2361,-0.4806,0.0,0.0,0.0,0.0,0.0,-0.0044,1e-04,0.6938,0.0354,0.003,0.0041,0.0052,-0.0093,0.0,0.0,0.5239308918012446
121129.954222998,0.3386,-0.0113,-0.0009,0.0036,-0.0017,0.0004,1.1181,-0.2361,-0.4811,0.0,0.0,0.0,0.0,0.0,-0.0044,0.0002,0.6917,0.0356,0.003,0.004,0.0052,-0.0093,0.0,0.0,0.5206276506370919
121129.959609235,0.3362,-0.0113,-0.0009,0.0036,-0.0017,0.0004,1.1181,-0.2361,-0.4815,0.0,0.0,0.0,0.0,0.0,-0.0045,1e-04,0.6893,0.0354,0.0027,0.0044,0.0053,-0.0095,0.0,0.0,0.5173036765887628
121129.964756602,0.3338,-0.0113,-0.0009,0.0036,-0.0017,0.0004,1.118,-0.2361,-0.4816,0.0,0.0,0.0,0.0,0.0,-0.0045,0.0002,0.687,0.0356,0.0031,0.0039,0.0051,-0.0092,0.0,0.0,0.5139590607846843
121129.991093279,0.3314,-0.0113,-0.0009,0.0036,-0.0017,0.0004,1.118,-0.2361,-0.4817,0.0,0.0,0.0,0.0,0.0,-0.0045,0.0002,0.6847,0.0354,0.0027,0.0044,0.0053,-0.0095,0.0,0.0,0.5105938949191887
121129.996564453,0.3289,-0.0113,-0.0009,0.0036,-0.0017,0.0004,1.118,-0.2361,-0.4816,0.0,0.0,0.0,0.0,0.0,-0.0045,0.0002,0.6823,0.0356,0.0032,0.0038,0.0051,-0.0092,0.0,0.0,0.5072082712499979
121130.002172201,0.3265,-0.0113,-0.0009,0.0036,-0.0017,0.0004,1.118,-0.2361,-0.4813,0.0,0.0,0.0,0.0,0.0,-0.0045,0.0002,0.6798,0.0354,0.0027,0.0045,0.0054,-0.0095,0.0,0.0,0.5038022825956954
121130.007607645,0.3241,-0.0113,-0.0009,0.0036,-0.0017,0.0004,1.1179,-0.2361,-0.481,0.0,0.0,0.0,0.0,0.0,-0.0045,0.0002,0.6772,0.0356,0.0032,0.0039,0.0051,-0.0092,0.0,0.0,0.50037602233318
121130.032471276,0.3217,-0.0113,-0.0009,0.0036,-0.0017,0.0004,1.1179,-0.2361,-0.4804,0.0,0.0,0.0,0.0,0.0,-0.0045,0.0002,0.6746,0.0353,0.0029,0.0042,0.0053,-0.0094,0.0,0.0,0.49692958439510804
121130.039512526,0.3193,-0.0113,-0.0009,0.0036,-0.0017,0.0004,1.1179,-0.2361,-0.4798,0.0,0.0,0.0,0.0,0.0,-0.0045,0.0002,0.6718,0.0357,0.003,0.004,0.0052,-0.0093,0.0,0.0,0.49346306326731626
121130.044989492,0.3169,-0.0113,-0.0009,0.0036,-0.0017,0.0004,1.1179,-0.2361,-0.479,0.0,0.0,0.0,0.0,0.0,-0.0045,0.0002,0.669,0.0355,0.0029,0.0042,0.0053,-0.0094,0.0,0.0,0.48997655398623285
121130.072390137,0.3145,-0.0113,-0.0009,0.0036,-0.0017,0.0004,1.1178,-0.2361,-0.4781,0.0,0.0,0.0,0.0,0.0,-0.0045,0.0002,0.6661,0.0354,0.0028,0.0044,0.0054,-0.0095,0.0,0.0,0.486470152136271
121130.077628326,0.3121,-0.0113,-0.0009,0.0036,-0.0017,0.0004,1.1178,-0.2361,-0.4771,0.0,0.0,0.0,0.0,0.0,-0.0045,0.0002,0.6631,0.0356,0.0032,0.0038,0.0052,-0.0092,0.0,0.0,0.482943953847208
121130.083293883,0.3098,-0.0113,-0.0009,0.0036,-0.0017,0.0004,1.1178,-0.2361,-0.476,0.0,0.0,0.0,0.0,0.0,-0.0046,0.0002,0.6603,0.0353,0.0027,0.0045,0.0054,-0.0095,0.0,0.0,0.47939805579155215
121130.10973501,0.3074,-0.0113,-0.0009,0.0036,-0.0017,0.0004,1.1178,-0.2361,-0.4748,0.0,0.0,0.0,0.0,0.0,-0.0046,0.0002,0.6571,0.0357,0.0034,0.0036,0.0051,-0.0091,0.0,0.0,0.4758325551818888
121130.114941521,0.305,-0.0113,-0.0009,0.0036,-0.0017,0.0004,1.1178,-0.2361,-0.4734,0.0,0.0,0.0,0.0,0.0,-0.0046,0.0002,0.6539,0.0355,0.0026,0.0045,0.0054,-0.0095,0.0,0.0,0.4722475497682189
121130.119936027,0.3026,-0.0113,-0.0009,0.0036,-0.0017,0.0004,1.1177,-0.2361,-0.472,0.0,0.0,0.0,0.0,0.0,-0.0046,0.0002,0.6506,0.0354,0.003,0.0041,0.0052,-0.0093,0.0,0.0,0.46864313783527667
121130.125452382,0.3003,-0.0113,-0.0009,0.0036,-0.0017,0.0004,1.1177,-0.2361,-0.4705,0.0,0.0,0.0,0.0,0.0,-0.0046,0.0002,0.6472,0.0357,0.0031,0.004,0.0052,-0.0093,0.0,0.0,0.46501941819983605
121130.152138018,0.2979,-0.0113,-0.0009,0.0036,-0.0017,0.0004,1.1177,-0.2361,-0.4688,0.0,0.0,0.0,0.0,0.0,-0.0046,0.0002,0.6437,0.0355,0.0029,0.0042,0.0053,-0.0094,0.0,0.0,0.46137649020800164
121130.158403522,0.2956,-0.0113,-0.0009,0.0036,-0.0017,0.0004,1.1177,-0.2361,-0.4671,0.0,0.0,0.0,0.0,0.0,-0.0046,0.0002,0.6402,0.0354,0.0028,0.0044,0.0054,-0.0095,0.0,0.0,0.4577144537324839
121130.163670786,0.2933,-0.0113,-0.0009,0.0036,-0.0017,0.0004,1.1176,-0.2361,-0.4654,0.0,0.0,0.0,0.0,0.0,-0.0046,0.0002,0.6365,0.0358,0.0032,0.0038,0.0052,-0.0092,0.0,0.0,0.454033409169863
121130.191972215,0.291,-0.0113,-0.0009,0.0036,-0.0017,0.0004,1.1176,-0.2361,-0.4635,0.0,0.0,0.0,0.0,0.0,-0.0046,0.0002,0.6326,0.0355,0.0028,0.0043,0.0054,-0.0094,0.0,0.0,0.45033345743783515
121130.197156781,0.2886,-0.0113,-0.0009,0.0036,-0.0017,0.0004,1.1176,-0.2361,-0.4616,0.0,0.0,0.0,0.0,0.0,-0.0046,0.0002,0.6288,0.0354,0.0028,0.0044,0.0054,-0.0095,0.0,0.0,0.4466146999724464
121130.202453119,0.2863,-0.0113,-0.0009,0.0036,-0.0017,0.0004,1.1176,-0.2361,-0.4596,0.0,0.0,0.0,0.0,0.0,-0.0047,0.0002,0.625,0.0358,0.0033,0.0037,0.0051,-0.0091,0.0,0.0,0.4428772387253105
121130.228512705,0.284,-0.0113,-0.0009,0.0036,-0.0017,0.0004,1.1176,-0.2361,-0.4576,0.0,0.0,0.0,0.0,0.0,-0.0047,0.0002,0.6211,0.0355,0.0027,0.0045,0.0054,-0.0095,0.0,0.0,0.43912117616081614
121130.237158233,0.2818,-0.0113,-0.0009,0.0036,-0.0017,0.0004,1.1175,-0.2361,-0.4555,0.0,0.0,0.0,0.0,0.0,-0.0047,0.0002,0.6168,0.0354,0.003,0.0041,0.0053,-0.0093,0.0,0.0,0.4353466152533153
121130.244712599,0.2795,-0.0113,-0.0009,0.0036,-0.0017,0.0004,1.1175,-0.2361,-0.4534,0.0,0.0,0.0,0.0,0.0,-0.0047,0.0002,0.6128,0.0358,0.0032,0.0038,0.0052,-0.0092,0.0,0.0,0.43155365948430224
121130.25015006,0.2772,-0.0113,-0.0009,0.0036,-0.0017,0.0004,1.1175,-0.2361,-0.4512,0.0,0.0,0.0,0.0,0.0,-0.0047,0.0002,0.6084,0.0356,0.0029,0.0042,0.0054,-0.0094,0.0,0.0,0.42774241283957537
121130.280530847,0.275,-0.0113,-0.0009,0.0036,-0.0017,0.0004,1.1175,-0.2361,-0.449,0.0,0.0,0.0,0.0,0.0,-0.0047,0.0002,0.6039,0.0354,0.0028,0.0044,0.0054,-0.0095,0.0,0.0,0.42391297980638665
121130.28776145,0.2728,-0.0113,-0.0009,0.0036,-0.0017,0.0004,1.1174,-0.2361,-0.4468,0.0,0.0,0.0,0.0,0.0,-0.0047,0.0002,0.5994,0.0358,0.0035,0.0035,0.0051,-0.009,0.0,0.0,0.42006546537057765
121130.293864471,0.2705,-0.0113,-0.0009,0.0036,-0.0017,0.0004,1.1174,-0.2361,-0.4446,0.0,0.0,0.0,0.0,0.0,-0.0047,0.0002,0.5951,0.0356,0.0026,0.0046,0.0055,-0.0095,0.0,0.0,0.4161999750136993
121130.321859734,0.2683,-0.0113,-0.0009,0.0036,-0.0017,0.0004,1.1174,-0.2361,-0.4423,0.0,0.0,0.0,0.0,0.0,-0.0047,0.0002,0.5904,0.0355,0.003,0.0042,0.0053,-0.0094,0.0,0.0,0.4123166147101227
121130.327713411,0.2661,-0.0113,-0.0009,0.0036,-0.0017,0.0004,1.1174,-0.2361,-0.44,0.0,0.0,0.0,0.0,0.0,-0.0047,0.0002,0.5857,0.0356,0.0029,0.0043,0.0054,-0.0094,0.0,0.0,0.40841549092413243
121130.333857094,0.2639,-0.0113,-0.0009,0.0036,-0.0017,0.0004,1.1173,-0.2361,-0.4377,0.0,0.0,0.0,0.0,0.0,-0.0047,0.0002,0.5807,0.0356,0.0031,0.004,0.0053,-0.0093,0.0,0.0,0.40449671060700787
121130.361145613,0.2617,-0.0113,-0.0009,0.0036,-0.0017,0.0004,1.1173,-0.2361,-0.4355,0.0,0.0,0.0,0.0,0.0,-0.0048,0.0002,0.5758,0.0354,0.0029,0.0043,0.0054,-0.0094,0.0,0.0,0.4005603811940903
121130.370237624,0.2596,-0.0113,-0.0009,0.0036,-0.0017,0.0004,1.1173,-0.2361,-0.4332,0.0,0.0,0.0,0.0,0.0,-0.0048,0.0002,0.5709,0.0359,0.0034,0.0037,0.0052,-0.0091,0.0,0.0,0.39660661060183955
121130.376202749,0.2574,-0.0113,-0.0009,0.0036,-0.0017,0.0004,1.1173,-0.2361,-0.4309,0.0,0.0,0.0,0.0,0.0,-0.0048,0.0002,0.5657,0.0356,0.0028,0.0043,0.0054,-0.0094,0.0,0.0,0.3926355072248737
121130.381906877,0.2553,-0.0113,-0.0009,0.0036,-0.0017,0.0004,1.1173,-0.2361,-0.4287,0.0,0.0,0.0,0.0,0.0,-0.0048,0.0002,0.5604,0.0356,0.0028,0.0044,0.0054,-0.0095,0.0,0.0,0.38864717993299736
121130.408901696,0.2531,-0.0113,-0.0009,0.0036,-0.0017,0.0004,1.1172,-0.2361,-0.4265,0.0,0.0,0.0,0.0,0.0,-0.0048,0.0002,0.5554,0.0356,0.0032,0.0039,0.0053,-0.0092,0.0,0.0,0.3846417380682181
121130.414129807,0.251,-0.0113,-0.0009,0.0036,-0.0017,0.0004,1.1172,-0.2361,-0.4243,0.0,0.0,0.0,0.0,0.0,-0.0048,0.0002,0.55,0.0356,0.0028,0.0045,0.0055,-0.0095,0.0,0.0,0.380619291441748
121130.419082947,0.2489,-0.0113,-0.0009,0.0036,-0.0017,0.0004,1.1172,-0.2361,-0.4222,0.0,0.0,0.0,0.0,0.0,-0.0048,0.0002,0.5445,0.0356,0.0032,0.0039,0.0053,-0.0092,0.0,0.0,0.3765799503309938
121130.443989784,0.2468,-0.0113,-0.0009,0.0036,-0.0017,0.0004,1.1172,-0.2361,-0.4201,0.0,0.0,0.0,0.0,0.0,-0.0048,0.0002,0.539,0.0356,0.003,0.0042,0.0054,-0.0094,0.0,0.0,0.3725238254765316
121130.45169447,0.2447,-0.0113,-0.0009,0.0036,-0.0017,0.0004,1.1171,-0.2361,-0.418,0.0,0.0,0.0,0.0,0.0,-0.0048,0.0002,0.5335,0.0356,0.0031,0.004,0.0053,-0.0093,0.0,0.0,0.3684510280790737
121130.458471487,0.2426,-0.0113,-0.0009,0.0036,-0.0017,0.0004,1.1171,-0.2361,-0.416,0.0,0.0,0.0,0.0,0.0,-0.0048,0.0002,0.5276,0.0356,0.003,0.0042,0.0054,-0.0094,0.0,0.0,0.36436166979641804
121130.485342374,0.2405,-0.0113,-0.0009,0.0036,-0.0017,0.0004,1.1171,-0.2361,-0.414,0.0,0.0,0.0,0.0,0.0,-0.0049,0.0003,0.522,0.0356,0.0031,0.004,0.0053,-0.0093,0.0,0.0,0.3602558627403879
121130.491787494,0.2385,-0.0113,-0.0009,0.0036,-0.0017,0.0004,1.1171,-0.2361,-0.4121,0.0,0.0,0.0,0.0,0.0,-0.0049,0.0003,0.516,0.0356,0.003,0.0042,0.0054,-0.0094,0.0,0.0,0.35613371947375727
121130.4976678,0.2364,-0.0113,-0.0009,0.0036,-0.0017,0.0004,1.117,-0.2361,-0.4103,0.0,0.0,0.0,0.0,0.0,-0.0049,0.0003,0.5103,0.0356,0.0031,0.004,0.0053,-0.0093,0.0,0.0,0.3519953530071662
121130.502691156,0.2344,-0.0113,-0.0009,0.0036,-0.0017,0.0004,1.117,-0.2361,-0.4086,0.0,0.0,0.0,0.0,0.0,-0.0049,0.0003,0.5042,0.0356,0.0029,0.0042,0.0054,-0.0094,0.0,0.0,0.3478408767960225
121130.526599326,0.2323,-0.0113,-0.0009,0.0036,-0.0017,0.0004,1.117,-0.2361,-0.4069,0.0,0.0,0.0,0.0,0.0,-0.0049,0.0003,0.4981,0.0356,0.0032,0.0039,0.0053,-0.0092,0.0,0.0,0.3436704047373892
121130.534554069,0.2303,-0.0113,-0.0009,0.0036,-0.0017,0.0004,1.117,-0.2361,-0.4053,0.0,0.0,0.0,0.0,0.0,-0.0049,0.0003,0.492,0.0356,0.0029,0.0042,0.0054,-0.0094,0.0,0.0,0.339484051166865
121130.541137655,0.2283,-0.0112,-0.0009,0.0036,-0.0017,0.0004,1.1169,-0.2361,-0.4038,0.0,0.0,0.0,0.0,0.0,-0.0049,0.0003,0.4858,0.0356,0.003,0.0042,0.0054,-0.0094,0.0,0.0,0.33528193085544744
121130.567916512,0.2263,-0.0112,-0.0009,0.0036,-0.0017,0.0004,1.1169,-0.2361,-0.4023,0.0,0.0,0.0,0.0,0.0,-0.0049,0.0003,0.4796,0.0356,0.0031,0.0041,0.0054,-0.0093,0.0,0.0,0.3310641590063883
121130.574477967,0.2243,-0.0112,-0.0009,0.0036,-0.0017,0.0004,1.1169,-0.2361,-0.401,0.0,0.0,0.0,0.0,0.0,-0.0049,0.0003,0.4733,0.0356,0.003,0.0042,0.0054,-0.0094,0.0,0.0,0.3268308512520325
121130.580640139,0.2223,-0.0112,-0.0009,0.0036,-0.0017,0.0004,1.1169,-0.2361,-0.3997,0.0,0.0,0.0,0.0,0.0,-0.0049,0.0003,0.4667,0.0356,0.0032,0.004,0.0053,-0.0093,0.0,0.0,0.32258212365065086
121130.608793646,0.2203,-0.0112,-0.0009,0.0036,-0.0017,0.0004,1.1168,-0.2361,-0.3986,0.0,0.0,0.0,0.0,0.0,-0.005,0.0003,0.4604,0.0358,0.0031,0.004,0.0054,-0.0093,0.0,0.0,0.31831809268325695
121130.61428103,0.2183,-0.0112,-0.0009,0.0036,-0.0017,0.0004,1.1168,-0.2361,-0.3976,0.0,0.0,0.0,0.0,0.0,-0.005,0.0003,0.4538,0.0353,0.0028,0.0045,0.0055,-0.0095,0.0,0.0,0.31403887525041396
121130.619226686,0.2163,-0.0112,-0.0009,0.0036,-0.0017,0.0004,1.1168,-0.236,-0.3966,0.0,0.0,0.0,0.0,0.0,-0.005,0.0003,0.4474,0.0361,0.0038,0.0032,0.005,-0.0089,0.0,0.0,0.30974458866902876
121130.624505401,0.2143,-0.0112,-0.0009,0.0036,-0.0017,0.0004,1.1168,-0.236,-0.3958,0.0,0.0,0.0,0.0,0.0,-0.005,0.0003,0.4406,0.0356,0.0027,0.0044,0.0055,-0.0095,0.0,0.0,0.30543535066913763
121130.648638878,0.2123,-0.0112,-0.0009,0.0036,-0.0017,0.0004,1.1167,-0.236,-0.3951,0.0,0.0,0.0,0.0,0.0,-0.005,0.0003,0.4339,0.0355,0.0028,0.0045,0.0055,-0.0095,0.0,0.0,0.30111127939067706
121130.656533999,0.2103,-0.0112,-0.0009,0.0036,-0.0017,0.0004,1.1167,-0.236,-0.3945,0.0,0.0,0.0,0.0,0.0,-0.005,0.0003,0.4271,0.0359,0.0035,0.0036,0.0052,-0.0091,0.0,0.0,0.2967724933802455
121130.661707168,0.2084,-0.0112,-0.0009,0.0036,-0.0017,0.0004,1.1167,-0.236,-0.394,0.0,0.0,0.0,0.0,0.0,-0.005,0.0003,0.4203,0.0355,0.0026,0.0047,0.0056,-0.0096,0.0,0.0,0.2924191115878533
121130.688984071,0.2064,-0.0112,-0.0009,0.0036,-0.0017,0.0004,1.1166,-0.236,-0.3937,0.0,0.0,0.0,0.0,0.0,-0.005,0.0003,0.4134,0.0358,0.0034,0.0037,0.0052,-0.0091,0.0,0.0,0.2880512533636609
121130.693880835,0.2044,-0.0112,-0.0009,0.0036,-0.0017,0.0004,1.1166,-0.236,-0.3935,0.0,0.0,0.0,0.0,0.0,-0.005,0.0003,0.4066,0.0353,0.0026,0.0048,0.0056,-0.0096,0.0,0.0,0.2836690384547087
121130.699094176,0.2025,-0.0112,-0.0009,0.0036,-0.0017,0.0004,1.1166,-0.236,-0.3934,0.0,0.0,0.0,0.0,0.0,-0.005,0.0003,0.3997,0.0361,0.0041,0.0027,0.0049,-0.0087,0.0,0.0,0.27927258700163116
121130.726725523,0.2005,-0.0112,-0.0009,0.0036,-0.0017,0.0004,1.1166,-0.236,-0.3934,0.0,0.0,0.0,0.0,0.0,-0.0051,0.0003,0.3927,0.0356,0.0027,0.0045,0.0056,-0.0095,0.0,0.0,0.27486201953536626
121130.731531077,0.1985,-0.0112,-0.0009,0.0036,-0.0017,0.0004,1.1165,-0.236,-0.3936,0.0,0.0,0.0,0.0,0.0,-0.0051,0.0003,0.3858,0.0356,0.0027,0.0046,0.0056,-0.0096,0.0,0.0,0.2704374569738488
121130.737186745,0.1966,-0.0112,-0.0009,0.0036,-0.0017,0.0004,1.1165,-0.236,-0.3939,0.0,0.0,0.0,0.0,0.0,-0.0051,0.0003,0.3788,0.0353,0.0029,0.0044,0.0055,-0.0095,0.0,0.0,0.2659990206186972
121130.742695616,0.1946,-0.0112,-0.0009,0.0036,-0.0017,0.0004,1.1165,-0.236,-0.3943,0.0,0.0,0.0,0.0,0.0,-0.0051,0.0003,0.3718,0.0361,0.0038,0.0031,0.0051,-0.0089,0.0,0.0,0.2615468321518852
121130.770876527,0.1926,-0.0112,-0.0009,0.0036,-0.0017,0.0004,1.1165,-0.236,-0.3949,0.0,0.0,0.0,0.0,0.0,-0.0051,0.0003,0.3645,0.0356,0.0028,0.0044,0.0055,-0.0095,0.0,0.0,0.25708101363240904
121130.776390321,0.1906,-0.0112,-0.0009,0.0036,-0.0017,0.0004,1.1164,-0.236,-0.3955,0.0,0.0,0.0,0.0,0.0,-0.0051,0.0003,0.3574,0.0354,0.0026,0.0048,0.0056,-0.0096,0.0,0.0,0.2526016874929394
121130.781658834,0.1886,-0.0112,-0.0009,0.0036,-0.0017,0.0004,1.1164,-0.236,-0.3964,0.0,0.0,0.0,0.0,0.0,-0.0051,0.0003,0.3504,0.036,0.0039,0.0031,0.005,-0.0088,0.0,0.0,0.24810897653646496
121130.807496961,0.1866,-0.0112,-0.0009,0.0036,-0.0017,0.0004,1.1164,-0.236,-0.3974,0.0,0.0,0.0,0.0,0.0,-0.0051,0.0003,0.343,0.0356,0.0025,0.0047,0.0057,-0.0096,0.0,0.0,0.2436030039329266
121130.813150755,0.1847,-0.0112,-0.0009,0.0036,-0.0017,0.0004,1.1164,-0.236,-0.3985,0.0,0.0,0.0,0.0,0.0,-0.0051,0.0003,0.3359,0.0354,0.003,0.0043,0.0055,-0.0094,0.0,0.0,0.23908389321583856
121130.818458732,0.1826,-0.0112,-0.0009,0.0036,-0.0017,0.0004,1.1163,-0.236,-0.3997,0.0,0.0,0.0,0.0,0.0,-0.0051,0.0003,0.3288,0.036,0.0036,0.0034,0.0052,-0.009,0.0,0.0,0.23455176827890478
121130.846516695,0.1806,-0.0112,-0.0009,0.0036,-0.0017,0.0004,1.1163,-0.236,-0.4011,0.0,0.0,0.0,0.0,0.0,-0.0051,0.0003,0.3213,0.0357,0.0029,0.0043,0.0055,-0.0094,0.0,0.0,0.2300067533726191
121130.851184262,0.1786,-0.0112,-0.0009,0.0036,-0.0017,0.0004,1.1163,-0.236,-0.4026,0.0,0.0,0.0,0.0,0.0,-0.0052,0.0003,0.3141,0.0353,0.0026,0.0048,0.0056,-0.0097,0.0,0.0,0.22544897310086126
121130.856818069,0.1766,-0.0112,-0.0009,0.0036,-0.0017,0.0004,1.1162,-0.236,-0.4043,0.0,0.0,0.0,0.0,0.0,-0.0052,0.0003,0.307,0.0361,0.0041,0.0028,0.005,-0.0087,0.0,0.0,0.2208785524174799
121130.862285964,0.1746,-0.0112,-0.0009,0.0036,-0.0017,0.0004,1.1162,-0.236,-0.4061,0.0,0.0,0.0,0.0,0.0,-0.0052,0.0003,0.2997,0.0357,0.0026,0.0046,0.0057,-0.0096,0.0,0.0,0.21629561662286678
121130.891781645,0.1725,-0.0112,-0.0009,0.0036,-0.0017,0.0004,1.1162,-0.236,-0.408,0.0,0.0,0.0,0.0,0.0,-0.0052,0.0003,0.2925,0.0354,0.0032,0.0041,0.0054,-0.0093,0.0,0.0,0.2117002913605221
121130.897454536,0.1705,-0.0112,-0.0009,0.0036,-0.0017,0.0004,1.1162,-0.236,-0.4101,0.0,0.0,0.0,0.0,0.0,-0.0052,0.0003,0.2853,0.036,0.0035,0.0036,0.0052,-0.0091,0.0,0.0,0.20709270261360851
121130.902740816,0.1684,-0.0112,-0.0009,0.0036,-0.0017,0.0004,1.1161,-0.236,-0.4123,0.0,0.0,0.0,0.0,0.0,-0.0052,0.0003,0.2777,0.0357,0.0029,0.0043,0.0055,-0.0094,0.0,0.0,0.20247297670149933
121130.930223333,0.1663,-0.0112,-0.0009,0.0036,-0.0017,0.0004,1.1161,-0.236,-0.4146,0.0,0.0,0.0,0.0,0.0,-0.0052,0.0003,0.2707,0.0353,0.0029,0.0045,0.0056,-0.0095,0.0,0.0,0.19784124027631417
121130.935592889,0.1642,-0.0112,-0.0009,0.0036,-0.0017,0.0004,1.1161,-0.236,-0.4171,0.0,0.0,0.0,0.0,0.0,-0.0052,0.0004,0.2634,0.0361,0.0039,0.003,0.005,-0.0088,0.0,0.0,0.19319762031944715
121130.940282146,0.1621,-0.0112,-0.0009,0.0036,-0.0017,0.0004,1.1161,-0.236,-0.4196,0.0,0.0,0.0,0.0,0.0,-0.0052,0.0004,0.2561,0.0357,0.0028,0.0044,0.0056,-0.0095,0.0,0.0,0.1885422441380844
121130.963944064,0.16,-0.0112,-0.0009,0.0036,-0.0017,0.0004,1.116,-0.236,-0.4224,0.0,0.0,0.0,0.0,0.0,-0.0052,0.0004,0.2487,0.0354,0.0028,0.0046,0.0056,-0.0096,0.0,0.0,0.1838752393617163
121130.972489316,0.1579,-0.0112,-0.0009,0.0036,-0.0017,0.0004,1.116,-0.236,-0.4252,0.0,0.0,0.0,0.0,0.0,-0.0053,0.0004,0.2414,0.036,0.004,0.003,0.005,-0.0088,0.0,0.0,0.1791967339386355
121130.977936976,0.1558,-0.0112,-0.0009,0.0036,-0.0017,0.0004,1.116,-0.236,-0.4282,0.0,0.0,0.0,0.0,0.0,-0.0053,0.0004,0.2343,0.0357,0.0026,0.0047,0.0057,-0.0096,0.0,0.0,0.17450685613243194
121130.983340885,0.1536,-0.0112,-0.0009,0.0036,-0.0017,0.0004,1.116,-0.236,-0.4313,0.0,0.0,0.0,0.0,0.0,-0.0053,0.0004,0.2269,0.0354,0.0031,0.0042,0.0055,-0.0094,0.0,0.0,0.16980573451847475
121131.008834336,0.1514,-0.0112,-0.0009,0.0036,-0.0017,0.0004,1.1159,-0.236,-0.4345,0.0,0.0,0.0,0.0,0.0,-0.0053,0.0004,0.2198,0.0361,0.0036,0.0034,0.0052,-0.009,0.0,0.0,0.16509349798038775
121131.01385996,0.1492,-0.0112,-0.0009,0.0036,-0.0017,0.0004,1.1159,-0.236,-0.4378,0.0,0.0,0.0,0.0,0.0,-0.0053,0.0004,0.2127,0.0356,0.0029,0.0043,0.0055,-0.0094,0.0,0.0,0.16037027570651635
121131.019072048,0.147,-0.0112,-0.0009,0.0036,-0.0017,0.0004,1.1159,-0.236,-0.4412,0.0,0.0,0.0,0.0,0.0,-0.0053,0.0004,0.2055,0.0357,0.003,0.0042,0.0055,-0.0094,0.0,0.0,0.15563619718638427
121131.047144899,0.1448,-0.0112,-0.0009,0.0036,-0.0017,0.0004,1.1158,-0.236,-0.4448,0.0,0.0,0.0,0.0,0.0,-0.0053,0.0004,0.1983,0.0357,0.0033,0.004,0.0054,-0.0093,0.0,0.0,0.1508913922071461
121131.051971963,0.1426,-0.0112,-0.0009,0.0036,-0.0017,0.0004,1.1158,-0.236,-0.4484,0.0,0.0,0.0,0.0,0.0,-0.0053,0.0004,0.1912,0.0359,0.0032,0.004,0.0054,-0.0093,0.0,0.0,0.146135990850027
121131.057100686,0.1403,-0.0112,-0.0009,0.0036,-0.0017,0.0004,1.1158,-0.236,-0.4521,0.0,0.0,0.0,0.0,0.0,-0.0053,0.0004,0.184,0.0353,0.003,0.0042,0.0055,-0.0094,0.0,0.0,0.14137012348675793
121131.081771668,0.138,-0.0112,-0.0009,0.0036,-0.0017,0.0004,1.1158,-0.236,-0.456,0.0,0.0,0.0,0.0,0.0,-0.0054,0.0004,0.1768,0.0362,0.0037,0.0034,0.0052,-0.009,0.0,0.0,0.13659392077599913
121131.088741455,0.1357,-0.0112,-0.0009,0.0036,-0.0017,0.0004,1.1157,-0.236,-0.4599,0.0,0.0,0.0,0.0,0.0,-0.0054,0.0004,0.1698,0.0355,0.0028,0.0045,0.0056,-0.0095,0.0,0.0,0.13180751365976107
121131.094260457,0.1334,-0.0112,-0.0009,0.0036,-0.0017,0.0004,1.1157,-0.236,-0.464,0.0,0.0,0.0,0.0,0.0,-0.0054,0.0004,0.1629,0.0359,0.0035,0.0037,0.0053,-0.0091,0.0,0.0,0.12701103335981312
121131.099864696,0.131,-0.0112,-0.0009,0.0036,-0.0017,0.0004,1.1157,-0.236,-0.4681,0.0,0.0,0.0,0.0,0.0,-0.0054,0.0004,0.1559,0.0353,0.003,0.0042,0.0056,-0.0094,0.0,0.0,0.12220461137408473
121131.126399791,0.1287,-0.0112,-0.0009,0.0036,-0.0017,0.0004,1.1157,-0.236,-0.4723,0.0,0.0,0.0,0.0,0.0,-0.0054,0.0004,0.1489,0.0362,0.0032,0.0041,0.0055,-0.0093,0.0,0.0,0.11738837947306313
121131.131479456,0.1263,-0.0112,-0.0009,0.0036,-0.0017,0.0004,1.1156,-0.236,-0.4766,0.0,0.0,0.0,0.0,0.0,-0.0054,0.0004,0.1419,0.0355,0.0031,0.0041,0.0055,-0.0093,0.0,0.0,0.11256246969617867
121131.136862142,0.1239,-0.0112,-0.0009,0.0036,-0.0017,0.0004,1.1156,-0.236,-0.4809,0.0,0.0,0.0,0.0,0.0,-0.0054,0.0004,0.1349,0.0359,0.0034,0.0038,0.0054,-0.0092,0.0,0.0,0.1077270143481861
121131.160506171,0.1215,-0.0112,-0.0009,0.0036,-0.0017,0.0004,1.1156,-0.236,-0.4853,0.0,0.0,0.0,0.0,0.0,-0.0054,0.0004,0.1281,0.0353,0.0028,0.0044,0.0056,-0.0095,0.0,0.0,0.10288214599553558
121131.167486126,0.119,-0.0112,-0.0009,0.0036,-0.0017,0.0004,1.1155,-0.236,-0.4899,0.0,0.0,0.0,0.0,0.0,-0.0054,0.0004,0.1214,0.0361,0.0033,0.004,0.0054,-0.0093,0.0,0.0,0.09802799746274088
121131.174675602,0.1165,-0.0112,-0.0009,0.0036,-0.0017,0.0004,1.1155,-0.2359,-0.4944,0.0,0.0,0.0,0.0,0.0,-0.0054,0.0004,0.1146,0.0354,0.0029,0.0044,0.0056,-0.0095,0.0,0.0,0.09316470182873587
121131.199521085,0.114,-0.0112,-0.0009,0.0036,-0.0017,0.0004,1.1155,-0.2359,-0.499,0.0,0.0,0.0,0.0,0.0,-0.0055,0.0004,0.1078,0.0361,0.0037,0.0034,0.0052,-0.009,0.0,0.0,0.08829239242322767
121131.20692482,0.1115,-0.0112,-0.0009,0.0036,-0.0017,0.0004,1.1155,-0.2359,-0.5036,0.0,0.0,0.0,0.0,0.0,-0.0055,0.0004,0.1013,0.0354,0.0028,0.0045,0.0057,-0.0095,0.0,0.0,0.08341120282303893
121131.212484269,0.109,-0.0112,-0.0009,0.0036,-0.0017,0.0004,1.1154,-0.2359,-0.5084,0.0,0.0,0.0,0.0,0.0,-0.0055,0.0004,0.0944,0.0361,0.0035,0.0037,0.0053,-0.0091,0.0,0.0,0.07852126684844862
121131.218110128,0.1064,-0.0112,-0.0009,0.0036,-0.0017,0.0004,1.1154,-0.2359,-0.5131,0.0,0.0,0.0,0.0,0.0,-0.0055,0.0004,0.0879,0.0354,0.0027,0.0047,0.0057,-0.0096,0.0,0.0,0.07362271855952174
121131.244326049,0.1038,-0.0112,-0.0009,0.0036,-0.0017,0.0004,1.1154,-0.2359,-0.5179,0.0,0.0,0.0,0.0,0.0,-0.0055,0.0004,0.0813,0.0361,0.0037,0.0034,0.0052,-0.009,0.0,0.0,0.0687156922524344
121131.249626655,0.1012,-0.0112,-0.0009,0.0036,-0.0017,0.0004,1.1154,-0.2359,-0.5227,0.0,0.0,0.0,0.0,0.0,-0.0055,0.0004,0.0747,0.0354,0.0028,0.0045,0.0057,-0.0095,0.0,0.0,0.06380032245579081
121131.254493139,0.0986,-0.0112,-0.0009,0.0036,-0.0017,0.0004,1.1153,-0.2359,-0.5275,0.0,0.0,0.0,0.0,0.0,-0.0055,0.0004,0.0684,0.0361,0.0033,0.0039,0.0054,-0.0092,0.0,0.0,0.05887674392693737
121131.278303908,0.0959,-0.0112,-0.0009,0.0036,-0.0017,0.0004,1.1153,-0.2359,-0.5324,0.0,0.0,0.0,0.0,0.0,-0.0055,0.0004,0.062,0.0354,0.0029,0.0044,0.0056,-0.0095,0.0,0.0,0.05394509164826694
121131.287171411,0.0932,-0.0112,-0.0009,0.0036,-0.0017,0.0004,1.1153,-0.2359,-0.5372,0.0,0.0,0.0,0.0,0.0,-0.0055,0.0004,0.0556,0.0361,0.0035,0.0037,0.0054,-0.0091,0.0,0.0,0.04900550082351718
121131.293050261,0.0905,-0.0112,-0.0009,0.0036,-0.0017,0.0004,1.1153,-0.2359,-0.5421,0.0,0.0,0.0,0.0,0.0,-0.0055,0.0004,0.0492,0.0355,0.0029,0.0044,0.0056,-0.0095,0.0,0.0,0.04405810687406608
121131.319951449,0.0877,-0.0112,-0.0009,0.0036,-0.0017,0.0004,1.1152,-0.2359,-0.547,0.0,0.0,0.0,0.0,0.0,-0.0056,0.0004,0.0428,0.0361,0.0037,0.0033,0.0052,-0.009,0.0,0.0,0.03910304543521803
121131.325926732,0.085,-0.0112,-0.0009,0.0036,-0.0017,0.0004,1.1152,-0.2359,-0.5519,0.0,0.0,0.0,0.0,0.0,-0.0056,0.0004,0.0367,0.0355,0.0027,0.0045,0.0057,-0.0095,0.0,0.0,0.03414045235248575
121131.331179318,0.0822,-0.0112,-0.0009,0.0036,-0.0017,0.0004,1.1152,-0.2359,-0.5567,0.0,0.0,0.0,0.0,0.0,-0.0056,0.0004,0.0305,0.0361,0.0031,0.0042,0.0055,-0.0094,0.0,0.0,0.029170463677864578
121131.336391918,0.0794,-0.0112,-0.0009,0.0036,-0.0017,0.0004,1.1151,-0.2359,-0.5616,0.0,0.0,0.0,0.0,0.0,-0.0056,0.0004,0.0243,0.0354,0.0028,0.0046,0.0057,-0.0095,0.0,0.0,0.024193215666105106
121131.360903522,0.0766,-0.0112,-0.0009,0.0036,-0.0017,0.0004,1.1151,-0.2359,-0.5665,0.0,0.0,0.0,0.0,0.0,-0.0056,0.0004,0.0181,0.0362,0.0038,0.0033,0.0052,-0.0089,0.0,0.0,0.01920884477097584
121131.368641129,0.0737,-0.0112,-0.0009,0.0036,-0.0017,0.0004,1.1151,-0.2359,-0.5713,0.0,0.0,0.0,0.0,0.0,-0.0056,0.0004,0.0121,0.0355,0.0027,0.0046,0.0057,-0.0096,0.0,0.0,0.014217487641522586
121131.375510094,0.0708,-0.0112,-0.0009,0.0036,-0.0017,0.0004,1.1151,-0.2359,-0.5761,0.0,0.0,0.0,0.0,0.0,-0.0056,0.0005,0.0062,0.0361,0.004,0.003,0.0051,-0.0088,0.0,0.0,0.009219281118322903
121131.402452638,0.0679,-0.0112,-0.0009,0.0036,-0.0017,0.0004,1.115,-0.2359,-0.5808,0.0,0.0,0.0,0.0,0.0,-0.0056,0.0005,0.0002,0.0354,0.0026,0.0047,0.0058,-0.0096,0.0,0.0,0.004214362229732621
121131.409091589,0.065,-0.0112,-0.0009,0.0036,-0.0017,0.0004,1.115,-0.2359,-0.5855,0.0,0.0,0.0,0.0,0.0,-0.0056,0.0005,-0.0056,0.0362,0.0032,0.0042,0.0055,-0.0094,0.0,0.0,-0.0007971318118679127
121131.414289424,0.062,-0.0112,-0.0009,0.0036,-0.0017,0.0004,1.115,-0.2359,-0.5902,0.0,0.0,0.0,0.0,0.0,-0.0056,0.0005,-0.0116,0.0354,0.0028,0.0046,0.0057,-0.0095,0.0,0.0,-0.005815063613838822
121131.443764163,0.059,-0.0112,-0.0009,0.0036,-0.0017,0.0004,1.115,-0.2359,-0.5949,0.0,0.0,0.0,0.0,0.0,-0.0057,0.0005,-0.0174,0.0362,0.0039,0.0031,0.0052,-0.0089,0.0,0.0,-0.010839295607044525
121131.449035044,0.056,-0.0111,-0.0009,0.0036,-0.0017,0.0004,1.1149,-0.2359,-0.5994,0.0,0.0,0.0,0.0,0.0,-0.0057,0.0005,-0.0232,0.0354,0.0026,0.0048,0.0058,-0.0097,0.0,0.0,-0.015869690049627017
121131.454381325,0.053,-0.0111,-0.0009,0.0036,-0.0017,0.0004,1.1149,-0.2359,-0.604,0.0,0.0,0.0,0.0,0.0,-0.0057,0.0005,-0.029,0.0362,0.0037,0.0035,0.0053,-0.009,0.0,0.0,-0.020906109030781106
121131.459780873,0.05,-0.0111,-0.0009,0.0036,-0.0017,0.0004,1.1149,-0.2359,-0.6084,0.0,0.0,0.0,0.0,0.0,-0.0057,0.0005,-0.0346,0.0354,0.0027,0.0046,0.0057,-0.0095,0.0,0.0,-0.025948414474537135
121131.487322898,0.0469,-0.0111,-0.0009,0.0036,-0.0017,0.0004,1.1148,-0.2359,-0.6128,0.0,0.0,0.0,0.0,0.0,-0.0057,0.0005,-0.0402,0.0362,0.0037,0.0034,0.0053,-0.009,0.0,0.0,-0.030996468143543843
121131.493481057,0.0438,-0.0111,-0.0009,0.0036,-0.0017,0.0004,1.1148,-0.2359,-0.6171,0.0,0.0,0.0,0.0,0.0,-0.0057,0.0005,-0.0458,0.0354,0.0027,0.0045,0.0057,-0.0095,0.0,0.0,-0.03605013164285989
121131.499051296,0.0407,-0.0111,-0.0009,0.0036,-0.0017,0.0004,1.1148,-0.2359,-0.6214,0.0,0.0,0.0,0.0,0.0,-0.0057,0.0005,-0.0515,0.0363,0.0036,0.0036,0.0054,-0.0091,0.0,0.0,-0.041109266423747626
121131.526454786,0.0376,-0.0111,-0.0009,0.0036,-0.0017,0.0004,1.1148,-0.2359,-0.6255,0.0,0.0,0.0,0.0,0.0,-0.0057,0.0005,-0.0569,0.0354,0.0029,0.0044,0.0057,-0.0095,0.0,0.0,-0.046173733787470944
121131.531280858,0.0344,-0.0111,-0.0009,0.0036,-0.0017,0.0004,1.1147,-0.2359,-0.6296,0.0,0.0,0.0,0.0,0.0,-0.0057,0.0005,-0.0623,0.0361,0.003,0.0044,0.0056,-0.0095,0.0,0.0,-0.05124339488909971
121131.536332235,0.0313,-0.0111,-0.0009,0.0036,-0.0017,0.0004,1.1147,-0.2359,-0.6335,0.0,0.0,0.0,0.0,0.0,-0.0057,0.0005,-0.0677,0.0358,0.0035,0.0036,0.0054,-0.0091,0.0,0.0,-0.05631811074131299
121131.565119408,0.0281,-0.0111,-0.0009,0.0036,-0.0017,0.0004,1.1147,-0.2359,-0.6374,0.0,0.0,0.0,0.0,0.0,-0.0058,0.0005,-0.0732,0.0359,0.0029,0.0044,0.0057,-0.0095,0.0,0.0,-0.061397742218213036
121131.569148766,0.0249,-0.0111,-0.0009,0.0036,-0.0017,0.0004,1.1146,-0.2359,-0.6412,0.0,0.0,0.0,0.0,0.0,-0.0058,0.0005,-0.0787,0.0358,0.0035,0.0035,0.0054,-0.0091,0.0,0.0,-0.06648215005913663
121131.574699197,0.0216,-0.0111,-0.0009,0.0036,-0.0017,0.0004,1.1146,-0.2359,-0.6449,0.0,0.0,0.0,0.0,0.0,-0.0058,0.0005,-0.084,0.0359,0.0027,0.0047,0.0058,-0.0096,0.0,0.0,-0.07157119487247435
121131.579966419,0.0184,-0.0111,-0.0009,0.0036,-0.0017,0.0004,1.1146,-0.2359,-0.6485,0.0,0.0,0.0,0.0,0.0,-0.0058,0.0005,-0.0892,0.0357,0.0035,0.0036,0.0054,-0.0091,0.0,0.0,-0.07666473713949198
121131.609649258,0.0151,-0.0111,-0.0009,0.0036,-0.0017,0.0004,1.1145,-0.2359,-0.6519,0.0,0.0,0.0,0.0,0.0,-0.0058,0.0005,-0.0945,0.0359,0.0029,0.0044,0.0057,-0.0095,0.0,0.0,-0.0817626372181548
121131.611481202,0.0119,-0.0111,-0.0009,0.0036,-0.0017,0.0004,1.1145,-0.2359,-0.6553,0.0,0.0,0.0,0.0,0.0,-0.0058,0.0005,-0.0999,0.0358,0.0034,0.0037,0.0054,-0.0091,0.0,0.0,-0.08686475534695792
121131.616759944,0.0086,-0.0111,-0.0009,0.0036,-0.0017,0.0004,1.1145,-0.2359,-0.6585,0.0,0.0,0.0,0.0,0.0,-0.0058,0.0005,-0.1049,0.036,0.0029,0.0045,0.0057,-0.0095,0.0,0.0,-0.09197095164875457
121131.642718274,0.0053,-0.0111,-0.0009,0.0036,-0.0017,0.0004,1.1145,-0.2359,-0.6616,0.0,0.0,0.0,0.0,0.0,-0.0058,0.0005,-0.1104,0.0358,0.0036,0.0035,0.0054,-0.009,0.0,0.0,-0.09708108613459465
121131.648174931,0.0019,-0.0111,-0.0009,0.0036,-0.0017,0.0004,1.1144,-0.2358,-0.6646,0.0,0.0,0.0,0.0,0.0,-0.0058,0.0005,-0.1155,0.036,0.0028,0.0045,0.0057,-0.0095,0.0,0.0,-0.10219501870755945
121131.653396006,-0.0014,-0.0111,-0.0009,0.0036,-0.0017,0.0004,1.1144,-0.2358,-0.6675,0.0,0.0,0.0,0.0,0.0,-0.0058,0.0005,-0.1207,0.0357,0.0034,0.0037,0.0054,-0.0091,0.0,0.0,-0.10731260916660462
121131.680684384,-0.0048,-0.0111,-0.0009,0.0036,-0.0017,0.0004,1.1144,-0.2358,-0.6702,0.0,0.0,0.0,0.0,0.0,-0.0059,0.0005,-0.1255,0.0361,0.0028,0.0045,0.0057,-0.0095,0.0,0.0,-0.11243371721040131
121131.685540332,-0.0081,-0.0111,-0.0009,0.0036,-0.0017,0.0004,1.1143,-0.2358,-0.6728,0.0,0.0,0.0,0.0,0.0,-0.0059,0.0005,-0.1308,0.0356,0.0033,0.0038,0.0055,-0.0092,0.0,0.0,-0.11755820244118687
121131.691056931,-0.0115,-0.0111,-0.0009,0.0036,-0.0017,0.0004,1.1143,-0.2358,-0.6753,0.0,0.0,0.0,0.0,0.0,-0.0059,0.0005,-0.1357,0.036,0.003,0.0043,0.0056,-0.0094,0.0,0.0,-0.1226859243686092
121131.696308913,-0.0149,-0.0111,-0.0009,0.0036,-0.0017,0.0004,1.1143,-0.2358,-0.6776,0.0,0.0,0.0,0.0,0.0,-0.0059,0.0005,-0.141,0.0359,0.0036,0.0034,0.0054,-0.009,0.0,0.0,-0.1278167424135823
121131.723935283,-0.0183,-0.0111,-0.0009,0.0036,-0.0017,0.0004,1.1142,-0.2358,-0.6798,0.0,0.0,0.0,0.0,0.0,-0.0059,0.0005,-0.1461,0.0359,0.0027,0.0047,0.0058,-0.0096,0.0,0.0,-0.1329505159121372
121131.72881231,-0.0217,-0.0111,-0.0009,0.0036,-0.0017,0.0004,1.1142,-0.2358,-0.6819,0.0,0.0,0.0,0.0,0.0,-0.0059,0.0005,-0.1511,0.0359,0.0036,0.0034,0.0053,-0.009,0.0,0.0,-0.1380871041192797
121131.735365196,-0.0251,-0.0111,-0.0009,0.0036,-0.0017,0.0004,1.1142,-0.2358,-0.6838,0.0,0.0,0.0,0.0,0.0,-0.0059,0.0005,-0.1559,0.0359,0.0026,0.0048,0.0058,-0.0097,0.0,0.0,-0.1432263662128503
121131.762380938,-0.0286,-0.0111,-0.0009,0.0036,-0.0017,0.0004,1.1141,-0.2358,-0.6856,0.0,0.0,0.0,0.0,0.0,-0.0059,0.0005,-0.1611,0.0359,0.0037,0.0034,0.0053,-0.009,0.0,0.0,-0.14836816129738167
121131.767120779,-0.032,-0.0111,-0.0009,0.0036,-0.0017,0.0004,1.1141,-0.2358,-0.6872,0.0,0.0,0.0,0.0,0.0,-0.0059,0.0005,-0.1659,0.0359,0.0027,0.0046,0.0058,-0.0096,0.0,0.0,-0.15351234840796513
121131.77262423,-0.0354,-0.0111,-0.0009,0.0036,-0.0017,0.0004,1.1141,-0.2358,-0.6887,0.0,0.0,0.0,0.0,0.0,-0.0059,0.0005,-0.1711,0.0359,0.0036,0.0034,0.0053,-0.009,0.0,0.0,-0.15865878651411203
121131.79676802,-0.0389,-0.0111,-0.0009,0.0036,-0.0017,0.0004,1.1141,-0.2358,-0.69,0.0,0.0,0.0,0.0,0.0,-0.006,0.0005,-0.176,0.0359,0.0026,0.0047,0.0058,-0.0096,0.0,0.0,-0.16380733452362242
121131.805294467,-0.0424,-0.0111,-0.0009,0.0036,-0.0017,0.0004,1.114,-0.2358,-0.6912,0.0,0.0,0.0,0.0,0.0,-0.006,0.0005,-0.181,0.0359,0.0036,0.0034,0.0053,-0.009,0.0,0.0,-0.16895785128645052
121131.81128034,-0.0458,-0.0111,-0.0009,0.0036,-0.0017,0.0004,1.114,-0.2358,-0.6922,0.0,0.0,0.0,0.0,0.0,-0.006,0.0005,-0.186,0.036,0.0027,0.0046,0.0058,-0.0096,0.0,0.0,-0.17411019559857885
121131.816451181,-0.0493,-0.0111,-0.0009,0.0036,-0.0017,0.0004,1.114,-0.2358,-0.6931,0.0,0.0,0.0,0.0,0.0,-0.006,0.0005,-0.191,0.0359,0.0036,0.0035,0.0054,-0.009,0.0,0.0,-0.1792642262058845
121131.845373444,-0.0528,-0.0111,-0.0009,0.0036,-0.0017,0.0004,1.1139,-0.2358,-0.6938,0.0,0.0,0.0,0.0,0.0,-0.006,0.0005,-0.1961,0.0359,0.0027,0.0046,0.0058,-0.0096,0.0,0.0,-0.18441980180801573
121131.848943947,-0.0562,-0.0111,-0.0009,0.0036,-0.0017,0.0004,1.1139,-0.2358,-0.6944,0.0,0.0,0.0,0.0,0.0,-0.006,0.0005,-0.2008,0.036,0.0036,0.0035,0.0054,-0.009,0.0,0.0,-0.18957678106226267
121131.854531755,-0.0597,-0.0111,-0.0009,0.0036,-0.0017,0.0004,1.1139,-0.2358,-0.6948,0.0,0.0,0.0,0.0,0.0,-0.006,0.0005,-0.2059,0.036,0.0027,0.0045,0.0057,-0.0095,0.0,0.0,-0.19473502258743353
121131.878205528,-0.0632,-0.0111,-0.0009,0.0036,-0.0017,0.0004,1.1138,-0.2358,-0.6951,0.0,0.0,0.0,0.0,0.0,-0.006,0.0005,-0.2111,0.036,0.0034,0.0037,0.0055,-0.0092,0.0,0.0,-0.19989438496773218
121131.886215813,-0.0667,-0.0111,-0.0009,0.0036,-0.0017,0.0004,1.1138,-0.2358,-0.6952,0.0,0.0,0.0,0.0,0.0,-0.006,0.0005,-0.216,0.036,0.003,0.0042,0.0056,-0.0094,0.0,0.0,-0.2050547267566318
121131.893162066,-0.0701,-0.0111,-0.0009,0.0036,-0.0017,0.0004,1.1138,-0.2358,-0.6952,0.0,0.0,0.0,0.0,0.0,-0.006,0.0006,-0.2209,0.036,0.0031,0.004,0.0056,-0.0093,0.0,0.0,-0.21021590648075644
121131.920355364,-0.0736,-0.0111,-0.0009,0.0036,-0.0017,0.0004,1.1137,-0.2358,-0.6951,0.0,0.0,0.0,0.0,0.0,-0.0061,0.0006,-0.2261,0.036,0.0031,0.0041,0.0056,-0.0093,0.0,0.0,-0.21537778264375632
121131.926386782,-0.0771,-0.0111,-0.0009,0.0036,-0.0017,0.0004,1.1137,-0.2358,-0.6948,0.0,0.0,0.0,0.0,0.0,-0.0061,0.0006,-0.231,0.036,0.0031,0.0041,0.0056,-0.0093,0.0,0.0,-0.22054021373018942
121131.93181705,-0.0806,-0.0111,-0.0009,0.0036,-0.0017,0.0004,1.1137,-0.2358,-0.6943,0.0,0.0,0.0,0.0,0.0,-0.0061,0.0006,-0.236,0.036,0.0031,0.004,0.0055,-0.0093,0.0,0.0,-0.22570305820939837
121131.937343724,-0.084,-0.0111,-0.0009,0.0036,-0.0017,0.0004,1.1137,-0.2358,-0.6937,0.0,0.0,0.0,0.0,0.0,-0.0061,0.0006,-0.2413,0.036,0.0031,0.004,0.0056,-0.0093,0.0,0.0,-0.23086617453939512
121131.964585947,-0.0875,-0.0111,-0.0009,0.0036,-0.0017,0.0004,1.1136,-0.2358,-0.693,0.0,0.0,0.0,0.0,0.0,-0.0061,0.0006,-0.2464,0.036,0.0031,0.0041,0.0056,-0.0093,0.0,0.0,-0.23602942117073644
121131.972715415,-0.091,-0.0111,-0.0009,0.0036,-0.0017,0.0004,1.1136,-0.2358,-0.6921,0.0,0.0,0.0,0.0,0.0,-0.0061,0.0006,-0.2514,0.036,0.0032,0.0039,0.0055,-0.0092,0.0,0.0,-0.24119265655040867
121131.978549141,-0.0944,-0.0111,-0.0009,0.0036,-0.0017,0.0004,1.1136,-0.2358,-0.691,0.0,0.0,0.0,0.0,0.0,-0.0061,0.0006,-0.2565,0.036,0.0031,0.004,0.0056,-0.0093,0.0,0.0,-0.24635573912570521
121132.010140978,-0.0979,-0.0111,-0.0009,0.0036,-0.0017,0.0004,1.1135,-0.2358,-0.6899,0.0,0.0,0.0,0.0,0.0,-0.0061,0.0006,-0.2619,0.036,0.003,0.0041,0.0056,-0.0093,0.0,0.0,-0.2515185273481087
121132.015624104,-0.1013,-0.0111,-0.0009,0.0036,-0.0017,0.0004,1.1135,-0.2358,-0.6886,0.0,0.0,0.0,0.0,0.0,-0.0061,0.0006,-0.2671,0.036,0.0031,0.0041,0.0056,-0.0093,0.0,0.0,-0.25668087967717296
121132.021513678,-0.1048,-0.0111,-0.0009,0.0036,-0.0017,0.0004,1.1135,-0.2358,-0.6872,0.0,0.0,0.0,0.0,0.0,-0.0061,0.0006,-0.2722,0.036,0.0031,0.0041,0.0056,-0.0093,0.0,0.0,-0.2618426545844007
121132.046097385,-0.1082,-0.0111,-0.0009,0.0036,-0.0017,0.0004,1.1134,-0.2358,-0.6856,0.0,0.0,0.0,0.0,0.0,-0.0062,0.0006,-0.2774,0.0361,0.0034,0.0036,0.0054,-0.0091,0.0,0.0,-0.2670037105571249
121132.055365673,-0.1116,-0.0111,-0.0009,0.0036,-0.0017,0.0004,1.1134,-0.2357,-0.6839,0.0,0.0,0.0,0.0,0.0,-0.0062,0.0006,-0.2829,0.0358,0.0029,0.0042,0.0056,-0.0094,0.0,0.0,-0.27216390610239
121132.062137511,-0.115,-0.0111,-0.0009,0.0036,-0.0017,0.0004,1.1134,-0.2357,-0.6821,0.0,0.0,0.0,0.0,0.0,-0.0062,0.0006,-0.2881,0.0362,0.0031,0.004,0.0055,-0.0093,0.0,0.0,-0.2773230997508283
121132.067981236,-0.1184,-0.0111,-0.0009,0.0036,-0.0017,0.0004,1.1134,-0.2357,-0.6802,0.0,0.0,0.0,0.0,0.0,-0.0062,0.0006,-0.2934,0.0358,0.0031,0.0039,0.0055,-0.0093,0.0,0.0,-0.28248115006053853
121132.097405464,-0.1218,-0.0111,-0.0009,0.0036,-0.0017,0.0004,1.1133,-0.2357,-0.6782,0.0,0.0,0.0,0.0,0.0,-0.0062,0.0006,-0.2989,0.0363,0.003,0.0041,0.0056,-0.0093,0.0,0.0,-0.2876379156209672
121132.102900974,-0.1252,-0.0111,-0.0009,0.0036,-0.0017,0.0004,1.1133,-0.2357,-0.676,0.0,0.0,0.0,0.0,0.0,-0.0062,0.0006,-0.3042,0.0358,0.003,0.0042,0.0056,-0.0094,0.0,0.0,-0.29279325505678117
121132.108343324,-0.1286,-0.0111,-0.0009,0.0036,-0.0017,0.0004,1.1133,-0.2357,-0.6737,0.0,0.0,0.0,0.0,0.0,-0.0062,0.0006,-0.3098,0.0362,0.0033,0.0037,0.0054,-0.0092,0.0,0.0,-0.297947027031745
121132.137200101,-0.1319,-0.0111,-0.0009,0.0036,-0.0017,0.0004,1.1132,-0.2357,-0.6713,0.0,0.0,0.0,0.0,0.0,-0.0062,0.0006,-0.3151,0.036,0.003,0.004,0.0055,-0.0093,0.0,0.0,-0.3030990902525977
121132.14348718,-0.1353,-0.0111,-0.0009,0.0036,-0.0017,0.0004,1.1132,-0.2357,-0.6688,0.0,0.0,0.0,0.0,0.0,-0.0062,0.0006,-0.3208,0.0361,0.0031,0.004,0.0055,-0.0093,0.0,0.0,-0.30824930347292245
121132.149440685,-0.1386,-0.0111,-0.0009,0.0036,-0.0017,0.0004,1.1132,-0.2357,-0.6662,0.0,0.0,0.0,0.0,0.0,-0.0062,0.0006,-0.3264,0.0361,0.0029,0.0043,0.0056,-0.0094,0.0,0.0,-0.31339752549702315
121132.176994488,-0.1419,-0.0111,-0.0009,0.0036,-0.0017,0.0004,1.1131,-0.2357,-0.6636,0.0,0.0,0.0,0.0,0.0,-0.0063,0.0006,-0.3321,0.0361,0.0032,0.0039,0.0055,-0.0092,0.0,0.0,-0.318543615183792
121132.182463097,-0.1452,-0.0111,-0.0009,0.0036,-0.0017,0.0004,1.1131,-0.2357,-0.6608,0.0,0.0,0.0,0.0,0.0,-0.0063,0.0006,-0.3377,0.0361,0.0031,0.0041,0.0055,-0.0093,0.0,0.0,-0.3236874314505802
121132.187841308,-0.1485,-0.0111,-0.0009,0.0036,-0.0017,0.0004,1.1131,-0.2357,-0.6579,0.0,0.0,0.0,0.0,0.0,-0.0063,0.0006,-0.3434,0.0361,0.0032,0.0039,0.0054,-0.0092,0.0,0.0,-0.32882883327706774
121132.193417658,-0.1518,-0.011,-0.0009,0.0036,-0.0017,0.0004,1.113,-0.2357,-0.655,0.0,0.0,0.0,0.0,0.0,-0.0063,0.0006,-0.3491,0.0361,0.0032,0.0039,0.0055,-0.0092,0.0,0.0,-0.33396767970912516
121132.223630733,-0.1551,-0.011,-0.0009,0.0036,-0.0017,0.0004,1.113,-0.2357,-0.6519,0.0,0.0,0.0,0.0,0.0,-0.0063,0.0006,-0.3548,0.0361,0.0029,0.0043,0.0056,-0.0094,0.0,0.0,-0.33910382986268156
121132.229168651,-0.1583,-0.011,-0.0009,0.0036,-0.0017,0.0004,1.113,-0.2357,-0.6488,0.0,0.0,0.0,0.0,0.0,-0.0063,0.0006,-0.3608,0.036,0.003,0.0041,0.0055,-0.0093,0.0,0.0,-0.3442371429275869
121132.234596585,-0.1615,-0.011,-0.0009,0.0036,-0.0017,0.0004,1.113,-0.2357,-0.6456,0.0,0.0,0.0,0.0,0.0,-0.0063,0.0006,-0.3665,0.0362,0.0032,0.0039,0.0054,-0.0092,0.0,0.0,-0.34936747817146996
121132.264140342,-0.1648,-0.011,-0.0009,0.0036,-0.0017,0.0004,1.1129,-0.2357,-0.6424,0.0,0.0,0.0,0.0,0.0,-0.0063,0.0006,-0.3725,0.036,0.0032,0.0038,0.0054,-0.0092,0.0,0.0,-0.354494694943598
121132.269208205,-0.1679,-0.011,-0.0009,0.0036,-0.0017,0.0004,1.1129,-0.2357,-0.639,0.0,0.0,0.0,0.0,0.0,-0.0063,0.0006,-0.3786,0.0362,0.0031,0.004,0.0055,-0.0093,0.0,0.0,-0.35961865267873416
121132.274773862,-0.1711,-0.011,-0.0009,0.0036,-0.0017,0.0004,1.1129,-0.2357,-0.6357,0.0,0.0,0.0,0.0,0.0,-0.0063,0.0006,-0.3846,0.036,0.0029,0.0043,0.0056,-0.0094,0.0,0.0,-0.3647392109009879
121132.300943736,-0.1743,-0.011,-0.0009,0.0036,-0.0017,0.0004,1.1128,-0.2357,-0.6322,0.0,0.0,0.0,0.0,0.0,-0.0064,0.0006,-0.3906,0.0362,0.0033,0.0037,0.0054,-0.0092,0.0,0.0,-0.3698562292276697
121132.308382316,-0.1774,-0.011,-0.0009,0.0036,-0.0017,0.0004,1.1128,-0.2357,-0.6287,0.0,0.0,0.0,0.0,0.0,-0.0064,0.0006,-0.3967,0.036,0.0028,0.0043,0.0056,-0.0094,0.0,0.0,-0.37496956737313697
121132.314503382,-0.1806,-0.011,-0.0009,0.0036,-0.0017,0.0004,1.1128,-0.2357,-0.6252,0.0,0.0,0.0,0.0,0.0,-0.0064,0.0006,-0.4027,0.0362,0.0032,0.0039,0.0054,-0.0092,0.0,0.0,-0.380079085152641
121132.320286116,-0.1837,-0.011,-0.0009,0.0036,-0.0017,0.0004,1.1127,-0.2357,-0.6216,0.0,0.0,0.0,0.0,0.0,-0.0064,0.0006,-0.409,0.036,0.0032,0.0038,0.0054,-0.0092,0.0,0.0,-0.3851846424861721
121132.348948872,-0.1868,-0.011,-0.0009,0.0036,-0.0017,0.0004,1.1127,-0.2357,-0.618,0.0,0.0,0.0,0.0,0.0,-0.0064,0.0006,-0.4154,0.0362,0.0029,0.0043,0.0055,-0.0094,0.0,0.0,-0.39028609940229564
121132.354377277,-0.1898,-0.011,-0.0009,0.0036,-0.0017,0.0004,1.1127,-0.2357,-0.6144,0.0,0.0,0.0,0.0,0.0,-0.0064,0.0006,-0.4214,0.036,0.0031,0.0039,0.0054,-0.0093,0.0,0.0,-0.39538331604199317
121132.360227193,-0.1929,-0.011,-0.0009,0.0036,-0.0017,0.0004,1.1126,-0.2357,-0.6107,0.0,0.0,0.0,0.0,0.0,-0.0064,0.0006,-0.428,0.0362,0.003,0.0041,0.0055,-0.0093,0.0,0.0,-0.4004761526624967
121132.390956633,-0.1959,-0.011,-0.0009,0.0036,-0.0017,0.0004,1.1126,-0.2357,-0.607,0.0,0.0,0.0,0.0,0.0,-0.0064,0.0006,-0.4344,0.036,0.0031,0.004,0.0054,-0.0093,0.0,0.0,-0.40556446964111714
121132.396878287,-0.199,-0.011,-0.0009,0.0036,-0.0017,0.0004,1.1126,-0.2357,-0.6033,0.0,0.0,0.0,0.0,0.0,-0.0064,0.0006,-0.4407,0.0363,0.0032,0.0038,0.0054,-0.0092,0.0,0.0,-0.41064812747907375
121132.402760076,-0.202,-0.011,-0.0009,0.0036,-0.0017,0.0004,1.1126,-0.2357,-0.5996,0.0,0.0,0.0,0.0,0.0,-0.0064,0.0006,-0.4473,0.036,0.003,0.004,0.0055,-0.0093,0.0,0.0,-0.41572698680531983
121132.431808821,-0.2049,-0.011,-0.0009,0.0036,-0.0017,0.0004,1.1125,-0.2357,-0.5959,0.0,0.0,0.0,0.0,0.0,-0.0064,0.0006,-0.4536,0.0363,0.0032,0.0038,0.0054,-0.0092,0.0,0.0,-0.4208009083803604
121132.43696059,-0.2079,-0.011,-0.0009,0.0036,-0.0017,0.0004,1.1125,-0.2356,-0.5921,0.0,0.0,0.0,0.0,0.0,-0.0065,0.0006,-0.4602,0.0361,0.0028,0.0043,0.0055,-0.0094,0.0,0.0,-0.42586975310007336
121132.442948315,-0.2108,-0.011,-0.0009,0.0036,-0.0017,0.0004,1.1125,-0.2356,-0.5884,0.0,0.0,0.0,0.0,0.0,-0.0065,0.0006,-0.4668,0.0363,0.0031,0.004,0.0054,-0.0093,0.0,0.0,-0.4309333819995197
121132.448782887,-0.2138,-0.011,-0.0009,0.0036,-0.0017,0.0004,1.1124,-0.2356,-0.5846,0.0,0.0,0.0,0.0,0.0,-0.0065,0.0007,-0.4736,0.0361,0.0031,0.004,0.0054,-0.0093,0.0,0.0,-0.43599165625675496
121132.477703133,-0.2167,-0.011,-0.0009,0.0036,-0.0017,0.0004,1.1124,-0.2356,-0.5809,0.0,0.0,0.0,0.0,0.0,-0.0065,0.0007,-0.4802,0.0363,0.0032,0.0038,0.0053,-0.0092,0.0,0.0,-0.44104443719663644
121132.48361053,-0.2196,-0.011,-0.0009,0.0036,-0.0017,0.0004,1.1123,-0.2356,-0.5772,0.0,0.0,0.0,0.0,0.0,-0.0065,0.0007,-0.487,0.036,0.0027,0.0045,0.0056,-0.0095,0.0,0.0,-0.44609158629462087
121132.489332972,-0.2224,-0.011,-0.0009,0.0036,-0.0017,0.0004,1.1123,-0.2356,-0.5735,0.0,0.0,0.0,0.0,0.0,-0.0065,0.0007,-0.4936,0.0363,0.0034,0.0035,0.0052,-0.009,0.0,0.0,-0.4511329651805664
121132.516884827,-0.2253,-0.011,-0.0009,0.0036,-0.0017,0.0004,1.1123,-0.2356,-0.5698,0.0,0.0,0.0,0.0,0.0,-0.0065,0.0007,-0.5004,0.0361,0.0029,0.0042,0.0055,-0.0094,0.0,0.0,-0.45616843564252496
121132.525813454,-0.2281,-0.011,-0.0009,0.0036,-0.0017,0.0004,1.1122,-0.2356,-0.5662,0.0,0.0,0.0,0.0,0.0,-0.0065,0.0007,-0.5075,0.0363,0.0032,0.0039,0.0053,-0.0092,0.0,0.0,-0.4611978596305297
121132.531633328,-0.2309,-0.011,-0.0009,0.0036,-0.0017,0.0004,1.1122,-0.2356,-0.5626,0.0,0.0,0.0,0.0,0.0,-0.0065,0.0007,-0.5142,0.0361,0.0029,0.0042,0.0055,-0.0094,0.0,0.0,-0.4662210992603812
121132.562135671,-0.2337,-0.011,-0.0009,0.0036,-0.0017,0.0004,1.1122,-0.2356,-0.559,0.0,0.0,0.0,0.0,0.0,-0.0065,0.0007,-0.5213,0.0363,0.0032,0.0038,0.0053,-0.0092,0.0,0.0,-0.47123801681742816
121132.568283646,-0.2365,-0.011,-0.0009,0.0036,-0.0017,0.0004,1.1121,-0.2356,-0.5555,0.0,0.0,0.0,0.0,0.0,-0.0066,0.0007,-0.528,0.0361,0.0028,0.0043,0.0055,-0.0094,0.0,0.0,-0.4762484747603411
121132.57550965,-0.2393,-0.011,-0.0009,0.0036,-0.0017,0.0004,1.1121,-0.2356,-0.552,0.0,0.0,0.0,0.0,0.0,-0.0066,0.0007,-0.5351,0.0363,0.0033,0.0038,0.0053,-0.0092,0.0,0.0,-0.48125233572488413
121132.581365681,-0.242,-0.011,-0.0009,0.0036,-0.0017,0.0004,1.1121,-0.2356,-0.5485,0.0,0.0,0.0,0.0,0.0,-0.0066,0.0007,-0.542,0.0361,0.0031,0.0039,0.0054,-0.0092,0.0,0.0,-0.48624946252768203
121132.609183112,-0.2447,-0.011,-0.0009,0.0036,-0.0017,0.0004,1.112,-0.2356,-0.5452,0.0,0.0,0.0,0.0,0.0,-0.0066,0.0007,-0.5493,0.0363,0.003,0.0041,0.0054,-0.0093,0.0,0.0,-0.49123971816997847
121132.614954796,-0.2474,-0.011,-0.0009,0.0036,-0.0017,0.0004,1.112,-0.2356,-0.5418,0.0,0.0,0.0,0.0,0.0,-0.0066,0.0007,-0.5563,0.0361,0.0031,0.0039,0.0053,-0.0092,0.0,0.0,-0.4962229658413953
121132.620379885,-0.2501,-0.011,-0.0009,0.0036,-0.0017,0.0004,1.112,-0.2356,-0.5385,0.0,0.0,0.0,0.0,0.0,-0.0066,0.0007,-0.5635,0.0362,0.0029,0.0042,0.0054,-0.0094,0.0,0.0,-0.5011990689236792
121132.649167523,-0.2528,-0.011,-0.0009,0.0036,-0.0017,0.0004,1.1119,-0.2356,-0.5353,0.0,0.0,0.0,0.0,0.0,-0.0066,0.0007,-0.5707,0.0362,0.0034,0.0035,0.0052,-0.009,0.0,0.0,-0.5061678909944509
121132.654585427,-0.2555,-0.011,-0.0009,0.0036,-0.0017,0.0004,1.1119,-0.2356,-0.5322,0.0,0.0,0.0,0.0,0.0,-0.0066,0.0007,-0.5778,0.0362,0.0029,0.0041,0.0054,-0.0093,0.0,0.0,-0.5111292958309428
121132.66015242,-0.2581,-0.011,-0.0009,0.0036,-0.0017,0.0004,1.1119,-0.2356,-0.5291,0.0,0.0,0.0,0.0,0.0,-0.0066,0.0007,-0.585,0.0362,0.0031,0.004,0.0053,-0.0093,0.0,0.0,-0.5160831474137362
121132.688201612,-0.2608,-0.011,-0.0009,0.0036,-0.0017,0.0004,1.1118,-0.2356,-0.5261,0.0,0.0,0.0,0.0,0.0,-0.0066,0.0007,-0.5921,0.0362,0.0029,0.0041,0.0054,-0.0093,0.0,0.0,-0.5210293099304866
121132.694208905,-0.2634,-0.011,-0.0009,0.0036,-0.0017,0.0004,1.1118,-0.2356,-0.5232,0.0,0.0,0.0,0.0,0.0,-0.0066,0.0007,-0.5995,0.0362,0.0031,0.0039,0.0053,-0.0092,0.0,0.0,-0.5259676477796507
121132.699679709,-0.266,-0.011,-0.0009,0.0036,-0.0017,0.0004,1.1118,-0.2356,-0.5203,0.0,0.0,0.0,0.0,0.0,-0.0067,0.0007,-0.6068,0.0362,0.003,0.0041,0.0053,-0.0093,0.0,0.0,-0.5308980255742015
121132.704844179,-0.2686,-0.011,-0.0009,0.0036,-0.0017,0.0004,1.1117,-0.2356,-0.5175,0.0,0.0,0.0,0.0,0.0,-0.0067,0.0007,-0.6141,0.0362,0.0032,0.0038,0.0052,-0.0092,0.0,0.0,-0.5358203081453408
121132.730140205,-0.2712,-0.011,-0.0009,0.0036,-0.0017,0.0004,1.1117,-0.2356,-0.5148,0.0,0.0,0.0,0.0,0.0,-0.0067,0.0007,-0.6214,0.0362,0.0029,0.0042,0.0054,-0.0094,0.0,0.0,-0.5407343605462063
121132.738749174,-0.2737,-0.011,-0.0009,0.0035,-0.0017,0.0004,1.1117,-0.2356,-0.5122,0.0,0.0,0.0,0.0,0.0,-0.0067,0.0007,-0.6286,0.0362,0.0032,0.0038,0.0052,-0.0092,0.0,0.0,-0.5456400480555681
121132.744663251,-0.2763,-0.011,-0.0009,0.0035,-0.0017,0.0004,1.1116,-0.2356,-0.5097,0.0,0.0,0.0,0.0,0.0,-0.0067,0.0007,-0.6358,0.0362,0.003,0.0041,0.0053,-0.0093,0.0,0.0,-0.5505372361815266
121132.773801126,-0.2788,-0.011,-0.0009,0.0035,-0.0017,0.0004,1.1116,-0.2356,-0.5073,0.0,0.0,0.0,0.0,0.0,-0.0067,0.0007,-0.6433,0.0363,0.0032,0.0038,0.0052,-0.0092,0.0,0.0,-0.555425790665194
121132.779045778,-0.2813,-0.011,-0.0009,0.0035,-0.0017,0.0004,1.1116,-0.2355,-0.5049,0.0,0.0,0.0,0.0,0.0,-0.0067,0.0007,-0.6505,0.0362,0.003,0.0041,0.0053,-0.0093,0.0,0.0,-0.5603055774843804
121132.784363383,-0.2838,-0.011,-0.0009,0.0035,-0.0017,0.0004,1.1115,-0.2355,-0.5027,0.0,0.0,0.0,0.0,0.0,-0.0067,0.0007,-0.6578,0.0363,0.0031,0.0039,0.0052,-0.0092,0.0,0.0,-0.5651764628572642
121132.811719878,-0.2863,-0.011,-0.0009,0.0035,-0.0017,0.0004,1.1115,-0.2355,-0.5005,0.0,0.0,0.0,0.0,0.0,-0.0067,0.0007,-0.6652,0.0362,0.003,0.0041,0.0053,-0.0093,0.0,0.0,-0.5700383132460638
121132.817167729,-0.2888,-0.011,-0.0009,0.0035,-0.0017,0.0004,1.1115,-0.2355,-0.4985,0.0,0.0,0.0,0.0,0.0,-0.0067,0.0007,-0.6725,0.0362,0.003,0.0041,0.0053,-0.0093,0.0,0.0,-0.5748909953606938
121132.823108778,-0.2913,-0.011,-0.0009,0.0035,-0.0017,0.0004,1.1114,-0.2355,-0.4965,0.0,0.0,0.0,0.0,0.0,-0.0068,0.0007,-0.6798,0.0363,0.0032,0.0038,0.0052,-0.0092,0.0,0.0,-0.5797343761624235
121132.828727934,-0.2938,-0.011,-0.0009,0.0035,-0.0017,0.0004,1.1114,-0.2355,-0.4946,0.0,0.0,0.0,0.0,0.0,-0.0068,0.0007,-0.6874,0.0362,0.0028,0.0043,0.0054,-0.0094,0.0,0.0,-0.5845683228675211
121132.856440343,-0.2963,-0.011,-0.0009,0.0035,-0.0017,0.0004,1.1114,-0.2355,-0.4929,0.0,0.0,0.0,0.0,0.0,-0.0068,0.0007,-0.6946,0.0363,0.0034,0.0036,0.0051,-0.0091,0.0,0.0,-0.5893927029508957
121132.862114976,-0.2987,-0.011,-0.0009,0.0035,-0.0017,0.0004,1.1113,-0.2355,-0.4912,0.0,0.0,0.0,0.0,0.0,-0.0068,0.0007,-0.702,0.0363,0.0027,0.0044,0.0054,-0.0095,0.0,0.0,-0.594207384149731
121132.867192864,-0.3012,-0.011,-0.0009,0.0035,-0.0017,0.0004,1.1113,-0.2355,-0.4897,0.0,0.0,0.0,0.0,0.0,-0.0068,0.0007,-0.7095,0.0363,0.0032,0.0039,0.0052,-0.0092,0.0,0.0,-0.5990122344671087
121132.893718902,-0.3036,-0.011,-0.0009,0.0035,-0.0017,0.0004,1.1112,-0.2355,-0.4882,0.0,0.0,0.0,0.0,0.0,-0.0068,0.0007,-0.7168,0.0363,0.0029,0.0041,0.0053,-0.0093,0.0,0.0,-0.6038071221756319
121132.898917879,-0.3061,-0.011,-0.0009,0.0035,-0.0017,0.0004,1.1112,-0.2355,-0.4869,0.0,0.0,0.0,0.0,0.0,-0.0068,0.0007,-0.7242,0.0363,0.0032,0.0038,0.0052,-0.0092,0.0,0.0,-0.6085919158210304
121132.904653261,-0.3085,-0.011,-0.0009,0.0035,-0.0017,0.0004,1.1112,-0.2355,-0.4857,0.0,0.0,0.0,0.0,0.0,-0.0068,0.0007,-0.7315,0.0363,0.0029,0.0041,0.0053,-0.0093,0.0,0.0,-0.61336648422577
121132.929156791,-0.3109,-0.011,-0.0009,0.0035,-0.0017,0.0004,1.1111,-0.2355,-0.4845,0.0,0.0,0.0,0.0,0.0,-0.0068,0.0007,-0.7387,0.0363,0.0032,0.0038,0.0052,-0.0092,0.0,0.0,-0.6181306964926454
121132.938082892,-0.3133,-0.011,-0.0009,0.0035,-0.0017,0.0004,1.1111,-0.2355,-0.4835,0.0,0.0,0.0,0.0,0.0,-0.0068,0.0007,-0.7459,0.0363,0.0028,0.0042,0.0053,-0.0094,0.0,0.0,-0.6228844220083716
121132.944703578,-0.3157,-0.011,-0.0009,0.0035,-0.0017,0.0004,1.1111,-0.2355,-0.4826,0.0,0.0,0.0,0.0,0.0,-0.0068,0.0007,-0.7531,0.0363,0.0032,0.0038,0.0052,-0.0092,0.0,0.0,-0.6276275304471615
121132.949609116,-0.3182,-0.011,-0.0009,0.0035,-0.0017,0.0004,1.111,-0.2355,-0.4817,0.0,0.0,0.0,0.0,0.0,-0.0069,0.0007,-0.7605,0.0363,0.0031,0.0039,0.0052,-0.0092,0.0,0.0,-0.632359891774302
121132.976196668,-0.3206,-0.011,-0.0009,0.0035,-0.0017,0.0004,1.111,-0.2355,-0.481,0.0,0.0,0.0,0.0,0.0,-0.0069,0.0007,-0.7676,0.0363,0.0028,0.0042,0.0053,-0.0094,0.0,0.0,-0.6370813762497165
121132.981655409,-0.323,-0.011,-0.0009,0.0035,-0.0017,0.0004,1.111,-0.2355,-0.4804,0.0,0.0,0.0,0.0,0.0,-0.0069,0.0008,-0.7749,0.0363,0.0032,0.0038,0.0051,-0.0092,0.0,0.0,-0.6417918544315224
121132.986550998,-0.3254,-0.0109,-0.0009,0.0035,-0.0017,0.0004,1.1109,-0.2355,-0.4799,0.0,0.0,0.0,0.0,0.0,-0.0069,0.0008,-0.7819,0.0363,0.0029,0.0041,0.0053,-0.0093,0.0,0.0,-0.6464911971795821
121133.012182609,-0.3278,-0.0109,-0.0009,0.0035,-0.0017,0.0004,1.1109,-0.2355,-0.4795,0.0,0.0,0.0,0.0,0.0,-0.0069,0.0008,-0.7891,0.0362,0.003,0.004,0.0052,-0.0093,0.0,0.0,-0.6511792756590391
121133.016898556,-0.3302,-0.0109,-0.0009,0.0035,-0.0017,0.0004,1.1109,-0.2355,-0.4792,0.0,0.0,0.0,0.0,0.0,-0.0069,0.0008,-0.7963,0.0364,0.003,0.004,0.0052,-0.0093,0.0,0.0,-0.6558559613438553
121133.021904149,-0.3326,-0.0109,-0.0009,0.0035,-0.0017,0.0004,1.1108,-0.2355,-0.4789,0.0,0.0,0.0,0.0,0.0,-0.0069,0.0008,-0.8035,0.0363,0.0031,0.0039,0.0052,-0.0093,0.0,0.0,-0.6605211260203285
121133.045576499,-0.335,-0.0109,-0.0009,0.0035,-0.0017,0.0004,1.1108,-0.2355,-0.4788,0.0,0.0,0.0,0.0,0.0,-0.0069,0.0008,-0.8105,0.0363,0.0029,0.0041,0.0052,-0.0093,0.0,0.0,-0.6651746417906135
121133.053542232,-0.3373,-0.0109,-0.0009,0.0035,-0.0017,0.0004,1.1108,-0.2355,-0.4788,0.0,0.0,0.0,0.0,0.0,-0.0069,0.0008,-0.8173,0.0363,0.0031,0.0038,0.0051,-0.0092,0.0,0.0,-0.6698163810762239
121133.060319819,-0.3397,-0.0109,-0.0009,0.0035,-0.0017,0.0004,1.1107,-0.2355,-0.4789,0.0,0.0,0.0,0.0,0.0,-0.0069,0.0008,-0.8243,0.0363,0.0029,0.0041,0.0052,-0.0093,0.0,0.0,-0.6744462166215335
121133.065721835,-0.3421,-0.0109,-0.0009,0.0035,-0.0017,0.0004,1.1107,-0.2354,-0.479,0.0,0.0,0.0,0.0,0.0,-0.0069,0.0008,-0.8312,0.0363,0.0032,0.0037,0.0051,-0.0091,0.0,0.0,-0.6790640214972612
121133.094946688,-0.3445,-0.0109,-0.0009,0.0035,-0.0017,0.0004,1.1107,-0.2354,-0.4793,0.0,0.0,0.0,0.0,0.0,-0.007,0.0008,-0.8381,0.0363,0.0027,0.0043,0.0053,-0.0094,0.0,0.0,-0.6836696691039544
121133.100331512,-0.3469,-0.0109,-0.0009,0.0035,-0.0017,0.0004,1.1106,-0.2354,-0.4796,0.0,0.0,0.0,0.0,0.0,-0.007,0.0008,-0.845,0.0363,0.0032,0.0038,0.0051,-0.0092,0.0,0.0,-0.6882630331754571
121133.105605445,-0.3493,-0.0109,-0.0009,0.0035,-0.0017,0.0004,1.1106,-0.2354,-0.48,0.0,0.0,0.0,0.0,0.0,-0.007,0.0008,-0.8518,0.0363,0.0029,0.0041,0.0052,-0.0093,0.0,0.0,-0.6928439877823727
121133.129605366,-0.3517,-0.0109,-0.0009,0.0035,-0.0017,0.0004,1.1106,-0.2354,-0.4805,0.0,0.0,0.0,0.0,0.0,-0.007,0.0008,-0.8586,0.0363,0.0031,0.0039,0.0051,-0.0092,0.0,0.0,-0.697412407335517
121133.138408899,-0.3542,-0.0109,-0.0009,0.0035,-0.0017,0.0004,1.1105,-0.2354,-0.4811,0.0,0.0,0.0,0.0,0.0,-0.007,0.0008,-0.8653,0.0363,0.0032,0.0037,0.0051,-0.0091,0.0,0.0,-0.7019681665893601
121133.145194329,-0.3566,-0.0109,-0.0009,0.0035,-0.0017,0.0004,1.1105,-0.2354,-0.4818,0.0,0.0,0.0,0.0,0.0,-0.007,0.0008,-0.8722,0.0363,0.0028,0.0043,0.0053,-0.0094,0.0,0.0,-0.7065111406454612
121133.17240355,-0.359,-0.0109,-0.0009,0.0035,-0.0017,0.0004,1.1105,-0.2354,-0.4826,0.0,0.0,0.0,0.0,0.0,-0.007,0.0008,-0.8788,0.0363,0.0032,0.0037,0.0051,-0.0092,0.0,0.0,-0.7110412049558903
121133.178279508,-0.3614,-0.0109,-0.0009,0.0035,-0.0017,0.0004,1.1104,-0.2354,-0.4834,0.0,0.0,0.0,0.0,0.0,-0.007,0.0008,-0.8854,0.0363,0.0029,0.0041,0.0052,-0.0093,0.0,0.0,-0.7155582353266474
121133.183816445,-0.3638,-0.0109,-0.0009,0.0035,-0.0017,0.0004,1.1104,-0.2354,-0.4843,0.0,0.0,0.0,0.0,0.0,-0.007,0.0008,-0.8919,0.0364,0.0031,0.0039,0.0051,-0.0092,0.0,0.0,-0.7200621079210621
121133.189121897,-0.3662,-0.0109,-0.0009,0.0035,-0.0017,0.0004,1.1104,-0.2354,-0.4853,0.0,0.0,0.0,0.0,0.0,-0.007,0.0008,-0.8984,0.0363,0.0031,0.0039,0.0051,-0.0092,0.0,0.0,-0.724552699263193
121133.212405824,-0.3687,-0.0109,-0.0009,0.0035,-0.0017,0.0004,1.1103,-0.2354,-0.4863,0.0,0.0,0.0,0.0,0.0,-0.007,0.0008,-0.9048,0.0364,0.0029,0.0041,0.0052,-0.0093,0.0,0.0,-0.7290298862412097
121133.219204141,-0.3711,-0.0109,-0.0009,0.0035,-0.0017,0.0004,1.1103,-0.2354,-0.4874,0.0,0.0,0.0,0.0,0.0,-0.0071,0.0008,-0.9112,0.0364,0.0032,0.0038,0.005,-0.0092,0.0,0.0,-0.733493546110769
121133.226372277,-0.3736,-0.0109,-0.0009,0.0035,-0.0017,0.0004,1.1103,-0.2354,-0.4886,0.0,0.0,0.0,0.0,0.0,-0.0071,0.0008,-0.9172,0.0364,0.0029,0.0041,0.0052,-0.0093,0.0,0.0,-0.7379435564983818
121133.251915641,-0.376,-0.0109,-0.0009,0.0035,-0.0017,0.0004,1.1102,-0.2354,-0.4898,0.0,0.0,0.0,0.0,0.0,-0.0071,0.0008,-0.9235,0.0364,0.003,0.0039,0.0051,-0.0092,0.0,0.0,-0.7423797954047645
121133.258422785,-0.3785,-0.0109,-0.0009,0.0035,-0.0017,0.0004,1.1102,-0.2354,-0.491,0.0,0.0,0.0,0.0,0.0,-0.0071,0.0008,-0.9297,0.0364,0.003,0.0039,0.0051,-0.0092,0.0,0.0,-0.7468021412081872
121133.26360154,-0.3809,-0.0109,-0.0009,0.0035,-0.0017,0.0004,1.1102,-0.2354,-0.4923,0.0,0.0,0.0,0.0,0.0,-0.0071,0.0008,-0.9359,0.0364,0.003,0.004,0.0051,-0.0093,0.0,0.0,-0.7512104726678057
121133.292212393,-0.3834,-0.0109,-0.0009,0.0035,-0.0017,0.0004,1.1101,-0.2354,-0.4937,0.0,0.0,0.0,0.0,0.0,-0.0071,0.0008,-0.942,0.0364,0.0029,0.0041,0.0051,-0.0093,0.0,0.0,-0.7556046689269863
121133.297398746,-0.3859,-0.0109,-0.0009,0.0035,-0.0017,0.0004,1.1101,-0.2354,-0.4951,0.0,0.0,0.0,0.0,0.0,-0.0071,0.0008,-0.9481,0.0364,0.0031,0.0038,0.005,-0.0092,0.0,0.0,-0.7599846095166177
121133.302951612,-0.3884,-0.0109,-0.0009,0.0035,-0.0017,0.0004,1.11,-0.2354,-0.4965,0.0,0.0,0.0,0.0,0.0,-0.0071,0.0008,-0.9538,0.0364,0.003,0.004,0.0051,-0.0093,0.0,0.0,-0.7643501743584175
121133.308175462,-0.3909,-0.0109,-0.0009,0.0035,-0.0017,0.0004,1.11,-0.2354,-0.498,0.0,0.0,0.0,0.0,0.0,-0.0071,0.0008,-0.9598,0.0364,0.003,0.0039,0.0051,-0.0093,0.0,0.0,-0.7687012437682192
121133.333111043,-0.3934,-0.0109,-0.0009,0.0035,-0.0017,0.0004,1.11,-0.2354,-0.4995,0.0,0.0,0.0,0.0,0.0,-0.0071,0.0008,-0.9655,0.0364,0.0029,0.004,0.0051,-0.0093,0.0,0.0,-0.7730376984592581
121133.34079857,-0.3959,-0.0109,-0.0009,0.0035,-0.0017,0.0004,1.1099,-0.2354,-0.501,0.0,0.0,0.0,0.0,0.0,-0.0071,0.0008,-0.9714,0.0364,0.0031,0.0038,0.005,-0.0092,0.0,0.0,-0.7773594195454376
121133.346479632,-0.3984,-0.0109,-0.0009,0.0035,-0.0017,0.0004,1.1099,-0.2353,-0.5025,0.0,0.0,0.0,0.0,0.0,-0.0072,0.0008,-0.9769,0.0364,0.0029,0.0041,0.0051,-0.0093,0.0,0.0,-0.781666288544591
121133.374094108,-0.4009,-0.0109,-0.0009,0.0035,-0.0017,0.0004,1.1099,-0.2353,-0.5041,0.0,0.0,0.0,0.0,0.0,-0.0072,0.0008,-0.9827,0.0365,0.0032,0.0036,0.0049,-0.0091,0.0,0.0,-0.7859581873817295
121133.379377402,-0.4034,-0.0109,-0.0009,0.0035,-0.0017,0.0004,1.1098,-0.2353,-0.5056,0.0,0.0,0.0,0.0,0.0,-0.0072,0.0008,-0.9882,0.036,0.0028,0.0042,0.0051,-0.0094,0.0,0.0,-0.790234998392278
121133.384658642,-0.406,-0.0109,-0.0009,0.0035,-0.0017,0.0004,1.1098,-0.2353,-0.5073,0.0,0.0,0.0,0.0,0.0,-0.0072,0.0008,-0.9936,0.0368,0.0031,0.0036,0.005,-0.0091,0.0,0.0,-0.7944966043253027
121133.412925315,-0.4085,-0.0109,-0.0009,0.0035,-0.0017,0.0004,1.1098,-0.2353,-0.5088,0.0,0.0,0.0,0.0,0.0,-0.0072,0.0008,-0.999,0.0359,0.0028,0.0042,0.0051,-0.0094,0.0,0.0,-0.7987428883467244
121133.417666925,-0.4111,-0.0109,-0.0009,0.0035,-0.0017,0.0004,1.1097,-0.2353,-0.5104,0.0,0.0,0.0,0.0,0.0,-0.0072,0.0008,-1.0042,0.037,0.0033,0.0035,0.0049,-0.0091,0.0,0.0,-0.8029737340425207
121133.423210243,-0.4136,-0.0109,-0.0009,0.0035,-0.0017,0.0004,1.1097,-0.2353,-0.512,0.0,0.0,0.0,0.0,0.0,-0.0072,0.0008,-1.0095,0.0364,0.0027,0.0042,0.0052,-0.0094,0.0,0.0,-0.80718902542192
121133.428619649,-0.4162,-0.0109,-0.0009,0.0035,-0.0017,0.0004,1.1097,-0.2353,-0.5136,0.0,0.0,0.0,0.0,0.0,-0.0072,0.0008,-1.0148,0.0359,0.0029,0.0041,0.005,-0.0093,0.0,0.0,-0.8113886469205801
121133.456205802,-0.4188,-0.0109,-0.0009,0.0035,-0.0017,0.0004,1.1096,-0.2353,-0.5152,0.0,0.0,0.0,0.0,0.0,-0.0072,0.0008,-1.0199,0.037,0.0031,0.0037,0.005,-0.0092,0.0,0.0,-0.815572483403756
121133.461754691,-0.4214,-0.0109,-0.0009,0.0035,-0.0017,0.0004,1.1096,-0.2353,-0.5167,0.0,0.0,0.0,0.0,0.0,-0.0072,0.0008,-1.0251,0.0358,0.0029,0.004,0.005,-0.0093,0.0,0.0,-0.8197404201694573
121133.467663927,-0.424,-0.0109,-0.0009,0.0035,-0.0017,0.0004,1.1095,-0.2353,-0.5183,0.0,0.0,0.0,0.0,0.0,-0.0072,0.0008,-1.0302,0.037,0.0029,0.004,0.005,-0.0093,0.0,0.0,-0.823892342951592
121133.494019237,-0.4266,-0.0109,-0.0009,0.0035,-0.0017,0.0004,1.1095,-0.2353,-0.5198,0.0,0.0,0.0,0.0,0.0,-0.0073,0.0008,-1.0349,0.0358,0.0028,0.0041,0.0051,-0.0093,0.0,0.0,-0.8280281379230993
121133.498768476,-0.4292,-0.0109,-0.0009,0.0035,-0.0017,0.0004,1.1095,-0.2353,-0.5213,0.0,0.0,0.0,0.0,0.0,-0.0073,0.0009,-1.0399,0.037,0.0031,0.0037,0.0049,-0.0091,0.0,0.0,-0.8321476916990717
121133.504244595,-0.4318,-0.0109,-0.0009,0.0035,-0.0017,0.0004,1.1094,-0.2353,-0.5228,0.0,0.0,0.0,0.0,0.0,-0.0073,0.0008,-1.0446,0.0359,0.0027,0.0043,0.0051,-0.0094,0.0,0.0,-0.8362508913398605
121133.532080253,-0.4344,-0.0109,-0.0009,0.0035,-0.0017,0.0004,1.1094,-0.2353,-0.5242,0.0,0.0,0.0,0.0,0.0,-0.0073,0.0009,-1.0495,0.0365,0.0031,0.0037,0.0049,-0.0091,0.0,0.0,-0.8403376243541758
121133.536960196,-0.437,-0.0109,-0.0009,0.0035,-0.0017,0.0004,1.1093,-0.2353,-0.5256,0.0,0.0,0.0,0.0,0.0,-0.0073,0.0009,-1.0541,0.0364,0.0029,0.0039,0.005,-0.0092,0.0,0.0,-0.8444077787021674
121133.542342935,-0.4397,-0.0109,-0.0009,0.0035,-0.0017,0.0004,1.1093,-0.2353,-0.527,0.0,0.0,0.0,0.0,0.0,-0.0073,0.0009,-1.0586,0.0364,0.0026,0.0043,0.0051,-0.0094,0.0,0.0,-0.8484612427984972
121133.547840859,-0.4423,-0.0109,-0.0009,0.0035,-0.0017,0.0004,1.1093,-0.2353,-0.5283,0.0,0.0,0.0,0.0,0.0,-0.0073,0.0009,-1.0631,0.0364,0.0032,0.0036,0.0048,-0.0091,0.0,0.0,-0.8524979055153996
121133.576049438,-0.445,-0.0109,-0.0009,0.0035,-0.0017,0.0004,1.1092,-0.2353,-0.5296,0.0,0.0,0.0,0.0,0.0,-0.0073,0.0009,-1.0676,0.0364,0.0028,0.0041,0.005,-0.0093,0.0,0.0,-0.8565176561857274
121133.581062669,-0.4476,-0.0109,-0.0009,0.0035,-0.0017,0.0004,1.1092,-0.2353,-0.5308,0.0,0.0,0.0,0.0,0.0,-0.0073,0.0009,-1.072,0.0364,0.003,0.0038,0.0049,-0.0092,0.0,0.0,-0.8605203846059851
121133.586318488,-0.4503,-0.0109,-0.0009,0.0035,-0.0017,0.0004,1.1092,-0.2353,-0.532,0.0,0.0,0.0,0.0,0.0,-0.0073,0.0009,-1.0764,0.0364,0.0026,0.0043,0.0051,-0.0094,0.0,0.0,-0.8645059810393517
121133.613529652,-0.4529,-0.0109,-0.0009,0.0035,-0.0017,0.0004,1.1091,-0.2353,-0.5331,0.0,0.0,0.0,0.0,0.0,-0.0073,0.0009,-1.0807,0.0364,0.0031,0.0037,0.0049,-0.0091,0.0,0.0,-0.8684743362186871
121133.61946435,-0.4556,-0.0109,-0.0009,0.0035,-0.0017,0.0004,1.1091,-0.2352,-0.5341,0.0,0.0,0.0,0.0,0.0,-0.0074,0.0009,-1.085,0.0364,0.003,0.0038,0.0049,-0.0092,0.0,0.0,-0.8724253413495293
121133.626490261,-0.4583,-0.0109,-0.0009,0.0035,-0.0017,0.0004,1.109,-0.2352,-0.5351,0.0,0.0,0.0,0.0,0.0,-0.0074,0.0009,-1.0892,0.0364,0.0029,0.0039,0.0049,-0.0093,0.0,0.0,-0.8763588881130775
121133.651656331,-0.461,-0.0109,-0.0009,0.0035,-0.0017,0.0004,1.109,-0.2352,-0.5361,0.0,0.0,0.0,0.0,0.0,-0.0074,0.0009,-1.0931,0.0364,0.0028,0.0041,0.005,-0.0093,0.0,0.0,-0.8802748686691598
121133.660153613,-0.4637,-0.0109,-0.0009,0.0035,-0.0017,0.0004,1.109,-0.2352,-0.5369,0.0,0.0,0.0,0.0,0.0,-0.0074,0.0009,-1.0973,0.0364,0.003,0.0038,0.0049,-0.0092,0.0,0.0,-0.8841731756591908
121133.66522132,-0.4664,-0.0109,-0.0009,0.0035,-0.0017,0.0004,1.1089,-0.2352,-0.5377,0.0,0.0,0.0,0.0,0.0,-0.0074,0.0009,-1.1011,0.0364,0.0028,0.004,0.005,-0.0093,0.0,0.0,-0.8880537022091161
121133.670197204,-0.469,-0.0109,-0.0009,0.0035,-0.0017,0.0004,1.1089,-0.2352,-0.5384,0.0,0.0,0.0,0.0,0.0,-0.0074,0.0009,-1.1052,0.0364,0.003,0.0038,0.0049,-0.0092,0.0,0.0,-0.891916341932339
121133.700032287,-0.4717,-0.0109,-0.0009,0.0035,-0.0017,0.0004,1.1089,-0.2352,-0.539,0.0,0.0,0.0,0.0,0.0,-0.0074,0.0009,-1.1089,0.0364,0.0027,0.0042,0.005,-0.0094,0.0,0.0,-0.8957609889326406
121133.701875632,-0.4744,-0.0109,-0.0009,0.0035,-0.0017,0.0004,1.1088,-0.2352,-0.5395,0.0,0.0,0.0,0.0,0.0,-0.0074,0.0009,-1.1129,0.0364,0.0029,0.0039,0.0049,-0.0092,0.0,0.0,-0.8995875378070816
121133.706917265,-0.4771,-0.0109,-0.0009,0.0035,-0.0017,0.0004,1.1088,-0.2352,-0.54,0.0,0.0,0.0,0.0,0.0,-0.0074,0.0009,-1.1166,0.0364,0.0031,0.0037,0.0048,-0.0091,0.0,0.0,-0.9033958836488915
121133.731521598,-0.4798,-0.0109,-0.0008,0.0035,-0.0017,0.0004,1.1087,-0.2352,-0.5403,0.0,0.0,0.0,0.0,0.0,-0.0074,0.0009,-1.1202,0.0364,0.0028,0.004,0.0049,-0.0093,0.0,0.0,-0.9071859220503449
121133.740168089,-0.4826,-0.0109,-0.0008,0.0035,-0.0017,0.0004,1.1087,-0.2352,-0.5406,0.0,0.0,0.0,0.0,0.0,-0.0074,0.0009,-1.1238,0.0364,0.0027,0.0041,0.0049,-0.0094,0.0,0.0,-0.910957549105625
121133.746245759,-0.4853,-0.0109,-0.0008,0.0035,-0.0017,0.0004,1.1087,-0.2352,-0.5408,0.0,0.0,0.0,0.0,0.0,-0.0074,0.0009,-1.1273,0.0364,0.003,0.0038,0.0048,-0.0092,0.0,0.0,-0.9147106614136705
121133.774590777,-0.488,-0.0109,-0.0008,0.0035,-0.0017,0.0004,1.1086,-0.2352,-0.5409,0.0,0.0,0.0,0.0,0.0,-0.0075,0.0009,-1.1308,0.0364,0.0029,0.0038,0.0048,-0.0092,0.0,0.0,-0.9184451560810121
121133.779678917,-0.4907,-0.0109,-0.0008,0.0035,-0.0017,0.0004,1.1086,-0.2352,-0.5408,0.0,0.0,0.0,0.0,0.0,-0.0075,0.0009,-1.1346,0.0363,0.0027,0.0041,0.0049,-0.0093,0.0,0.0,-0.9221609307245917
121133.785381042,-0.4934,-0.0109,-0.0008,0.0035,-0.0017,0.0004,1.1085,-0.2352,-0.5407,0.0,0.0,0.0,0.0,0.0,-0.0075,0.0009,-1.138,0.0365,0.0029,0.0038,0.0048,-0.0092,0.0,0.0,-0.9258578834745702
121133.790643854,-0.4961,-0.0109,-0.0008,0.0035,-0.0017,0.0004,1.1085,-0.2352,-0.5405,0.0,0.0,0.0,0.0,0.0,-0.0075,0.0009,-1.1414,0.0364,0.0027,0.004,0.0049,-0.0093,0.0,0.0,-0.9295359129771212
121133.813743999,-0.4988,-0.0109,-0.0008,0.0035,-0.0017,0.0004,1.1085,-0.2352,-0.5402,0.0,0.0,0.0,0.0,0.0,-0.0075,0.0009,-1.1447,0.0364,0.0029,0.0038,0.0048,-0.0092,0.0,0.0,-0.9331949183972071
121133.820973779,-0.5015,-0.0109,-0.0008,0.0035,-0.0017,0.0004,1.1084,-0.2352,-0.5398,0.0,0.0,0.0,0.0,0.0,-0.0075,0.0009,-1.148,0.0364,0.0029,0.0038,0.0048,-0.0092,0.0,0.0,-0.9368347994213462
121133.827895162,-0.5042,-0.0109,-0.0008,0.0035,-0.0017,0.0004,1.1084,-0.2352,-0.5393,0.0,0.0,0.0,0.0,0.0,-0.0075,0.0009,-1.151,0.0364,0.0026,0.0042,0.0049,-0.0094,0.0,0.0,-0.940455456260362
121133.85507621,-0.5069,-0.0109,-0.0008,0.0035,-0.0017,0.0004,1.1084,-0.2352,-0.5386,0.0,0.0,0.0,0.0,0.0,-0.0075,0.0009,-1.1542,0.0364,0.003,0.0037,0.0047,-0.0091,0.0,0.0,-0.9440567896521178
121133.860922462,-0.5096,-0.0109,-0.0008,0.0035,-0.0017,0.0004,1.1083,-0.2351,-0.5379,0.0,0.0,0.0,0.0,0.0,-0.0075,0.0009,-1.1574,0.0364,0.0026,0.0042,0.0049,-0.0094,0.0,0.0,-0.9476387008642394
121133.866178512,-0.5122,-0.0109,-0.0008,0.0035,-0.0017,0.0004,1.1083,-0.2351,-0.537,0.0,0.0,0.0,0.0,0.0,-0.0075,0.0009,-1.1606,0.0364,0.0028,0.0039,0.0048,-0.0093,0.0,0.0,-0.9512010916968221
121133.892448983,-0.5149,-0.0109,-0.0008,0.0035,-0.0017,0.0004,1.1082,-0.2351,-0.536,0.0,0.0,0.0,0.0,0.0,-0.0075,0.0009,-1.1637,0.0364,0.003,0.0037,0.0047,-0.0091,0.0,0.0,-0.954743864485121
121133.89813065,-0.5176,-0.0109,-0.0008,0.0035,-0.0017,0.0004,1.1082,-0.2351,-0.5349,0.0,0.0,0.0,0.0,0.0,-0.0076,0.0009,-1.1667,0.0364,0.0027,0.0041,0.0048,-0.0093,0.0,0.0,-0.9582669221022312
121133.903438048,-0.5203,-0.0109,-0.0008,0.0035,-0.0017,0.0004,1.1082,-0.2351,-0.5337,0.0,0.0,0.0,0.0,0.0,-0.0076,0.0009,-1.1698,0.0364,0.0029,0.0038,0.0047,-0.0092,0.0,0.0,-0.9617701679617481
121133.908860859,-0.5229,-0.0109,-0.0008,0.0035,-0.0017,0.0004,1.1081,-0.2351,-0.5324,0.0,0.0,0.0,0.0,0.0,-0.0076,0.0009,-1.1727,0.0364,0.0026,0.0041,0.0048,-0.0093,0.0,0.0,-0.9652535060204166
121133.932514235,-0.5256,-0.0109,-0.0008,0.0035,-0.0017,0.0004,1.1081,-0.2351,-0.531,0.0,0.0,0.0,0.0,0.0,-0.0076,0.0009,-1.1757,0.0364,0.0029,0.0038,0.0047,-0.0092,0.0,0.0,-0.968716840780765
121133.940909136,-0.5282,-0.0109,-0.0008,0.0035,-0.0017,0.0004,1.1081,-0.2351,-0.5294,0.0,0.0,0.0,0.0,0.0,-0.0076,0.0009,-1.1786,0.0364,0.0028,0.0039,0.0048,-0.0092,0.0,0.0,-0.9721600772937204
121133.9466058,-0.5309,-0.0109,-0.0008,0.0035,-0.0017,0.0004,1.108,-0.2351,-0.5278,0.0,0.0,0.0,0.0,0.0,-0.0076,0.0009,-1.1814,0.0364,0.0029,0.0037,0.0047,-0.0091,0.0,0.0,-0.9755831211612147
121133.974197951,-0.5335,-0.0109,-0.0008,0.0035,-0.0017,0.0004,1.108,-0.2351,-0.526,0.0,0.0,0.0,0.0,0.0,-0.0076,0.0009,-1.1846,0.0364,0.0025,0.0042,0.0048,-0.0094,0.0,0.0,-0.9789858785387716
121133.97945703,-0.5361,-0.0109,-0.0008,0.0035,-0.0017,0.0004,1.1079,-0.2351,-0.5241,0.0,0.0,0.0,0.0,0.0,-0.0076,0.0009,-1.1873,0.0364,0.0027,0.004,0.0048,-0.0093,0.0,0.0,-0.9823682561380787
121133.984875983,-0.5387,-0.0109,-0.0008,0.0035,-0.0017,0.0004,1.1079,-0.2351,-0.5221,0.0,0.0,0.0,0.0,0.0,-0.0076,0.0009,-1.1901,0.0364,0.003,0.0036,0.0046,-0.0091,0.0,0.0,-0.9857301612295446
121134.011248756,-0.5413,-0.0109,-0.0008,0.0035,-0.0017,0.0004,1.1079,-0.2351,-0.52,0.0,0.0,0.0,0.0,0.0,-0.0076,0.0009,-1.1928,0.0364,0.0029,0.0037,0.0047,-0.0092,0.0,0.0,-0.9890715016448436
121134.017105368,-0.5439,-0.0109,-0.0008,0.0035,-0.0017,0.0004,1.1078,-0.2351,-0.5178,0.0,0.0,0.0,0.0,0.0,-0.0076,0.0009,-1.1957,0.0364,0.0024,0.0044,0.0049,-0.0095,0.0,0.0,-0.9923921857794403
121134.022106816,-0.5465,-0.0109,-0.0008,0.0035,-0.0017,0.0004,1.1078,-0.2351,-0.5154,0.0,0.0,0.0,0.0,0.0,-0.0076,0.001,-1.1984,0.0364,0.0029,0.0037,0.0046,-0.0092,0.0,0.0,-0.9956921225951019
121134.027546317,-0.5491,-0.0109,-0.0008,0.0035,-0.0017,0.0004,1.1077,-0.2351,-0.513,0.0,0.0,0.0,0.0,0.0,-0.0077,0.001,-1.2012,0.0364,0.0029,0.0037,0.0046,-0.0091,0.0,0.0,-0.9989712216223938
121134.056722844,-0.5516,-0.0109,-0.0008,0.0035,-0.0017,0.0004,1.1077,-0.2351,-0.5104,0.0,0.0,0.0,0.0,0.0,-0.0077,0.001,-1.2037,0.0364,0.0025,0.0042,0.0048,-0.0094,0.0,0.0,-1.0022293929631592
121134.060994914,-0.5542,-0.0109,-0.0008,0.0035,-0.0017,0.0004,1.1077,-0.2351,-0.5077,0.0,0.0,0.0,0.0,0.0,-0.0077,0.001,-1.2065,0.0364,0.0029,0.0037,0.0046,-0.0091,0.0,0.0,-1.0054665472929853
121134.06693587,-0.5567,-0.0109,-0.0008,0.0035,-0.0017,0.0004,1.1076,-0.2351,-0.5049,0.0,0.0,0.0,0.0,0.0,-0.0077,0.001,-1.2093,0.0364,0.0027,0.004,0.0047,-0.0093,0.0,0.0,-1.0086825958636507
121134.093467929,-0.5592,-0.0109,-0.0008,0.0035,-0.0017,0.0004,1.1076,-0.2351,-0.502,0.0,0.0,0.0,0.0,0.0,-0.0077,0.001,-1.212,0.0364,0.0028,0.0038,0.0046,-0.0092,0.0,0.0,-1.0118774505055592
121134.098075934,-0.5617,-0.0109,-0.0008,0.0035,-0.0017,0.0004,1.1076,-0.235,-0.499,0.0,0.0,0.0,0.0,0.0,-0.0077,0.001,-1.2146,0.0364,0.0025,0.0041,0.0047,-0.0094,0.0,0.0,-1.0150510236301575
121134.103131731,-0.5642,-0.0109,-0.0008,0.0035,-0.0017,0.0004,1.1075,-0.235,-0.4959,0.0,0.0,0.0,0.0,0.0,-0.0077,0.001,-1.2172,0.0364,0.003,0.0036,0.0045,-0.0091,0.0,0.0,-1.018203228232335
121134.12949211,-0.5667,-0.0109,-0.0008,0.0035,-0.0017,0.0004,1.1075,-0.235,-0.4927,0.0,0.0,0.0,0.0,0.0,-0.0077,0.001,-1.2198,0.0364,0.0025,0.0042,0.0047,-0.0094,0.0,0.0,-1.0213339778928094
121134.134641484,-0.5691,-0.0109,-0.0008,0.0035,-0.0017,0.0004,1.1074,-0.235,-0.4894,0.0,0.0,0.0,0.0,0.0,-0.0077,0.001,-1.2223,0.0364,0.003,0.0036,0.0045,-0.0091,0.0,0.0,-1.024443186780498
121134.13990961,-0.5715,-0.0109,-0.0008,0.0035,-0.0017,0.0004,1.1074,-0.235,-0.4859,0.0,0.0,0.0,0.0,0.0,-0.0077,0.001,-1.2251,0.0364,0.0024,0.0042,0.0047,-0.0094,0.0,0.0,-1.0275307696548683
121134.145508389,-0.5739,-0.0109,-0.0008,0.0035,-0.0017,0.0004,1.1074,-0.235,-0.4824,0.0,0.0,0.0,0.0,0.0,-0.0077,0.001,-1.2275,0.0363,0.0028,0.0038,0.0046,-0.0092,0.0,0.0,-1.0305966418682766
121134.173405332,-0.5763,-0.0109,-0.0008,0.0035,-0.0017,0.0004,1.1073,-0.235,-0.4787,0.0,0.0,0.0,0.0,0.0,-0.0077,0.001,-1.2302,0.0364,0.0028,0.0038,0.0045,-0.0092,0.0,0.0,-1.0336407193682873
121134.17912029,-0.5787,-0.0109,-0.0008,0.0035,-0.0017,0.0004,1.1073,-0.235,-0.475,0.0,0.0,0.0,0.0,0.0,-0.0077,0.001,-1.2328,0.0364,0.0026,0.004,0.0046,-0.0093,0.0,0.0,-1.0366629186999776
121134.184596814,-0.5811,-0.0109,-0.0008,0.0035,-0.0017,0.0004,1.1073,-0.235,-0.4712,0.0,0.0,0.0,0.0,0.0,-0.0078,0.001,-1.2354,0.0364,0.0026,0.004,0.0046,-0.0093,0.0,0.0,-1.0396631570082269
121134.212931127,-0.5834,-0.0109,-0.0008,0.0035,-0.0017,0.0004,1.1072,-0.235,-0.4673,0.0,0.0,0.0,0.0,0.0,-0.0078,0.001,-1.2379,0.0364,0.0028,0.0038,0.0045,-0.0092,0.0,0.0,-1.0426413520399853
121134.217906737,-0.5857,-0.0109,-0.0008,0.0035,-0.0017,0.0004,1.1072,-0.235,-0.4632,0.0,0.0,0.0,0.0,0.0,-0.0078,0.001,-1.2404,0.0364,0.0026,0.004,0.0046,-0.0093,0.0,0.0,-1.0455974221465332
121134.223095482,-0.588,-0.0109,-0.0008,0.0035,-0.0017,0.0004,1.1071,-0.235,-0.4591,0.0,0.0,0.0,0.0,0.0,-0.0078,0.001,-1.2431,0.0363,0.0028,0.0038,0.0045,-0.0092,0.0,0.0,-1.0485312862857135
121134.247004594,-0.5903,-0.0109,-0.0008,0.0035,-0.0017,0.0004,1.1071,-0.235,-0.4549,0.0,0.0,0.0,0.0,0.0,-0.0078,0.001,-1.2458,0.0364,0.0024,0.0043,0.0047,-0.0094,0.0,0.0,-1.05144286402416
121134.254630273,-0.5926,-0.0109,-0.0008,0.0035,-0.0017,0.0004,1.1071,-0.235,-0.4507,0.0,0.0,0.0,0.0,0.0,-0.0078,0.001,-1.2484,0.0364,0.0032,0.0033,0.0043,-0.0089,0.0,0.0,-1.0543320755394978
121134.261626528,-0.5948,-0.0109,-0.0008,0.0035,-0.0017,0.0004,1.107,-0.235,-0.4463,0.0,0.0,0.0,0.0,0.0,-0.0078,0.001,-1.251,0.0363,0.0023,0.0043,0.0047,-0.0094,0.0,0.0,-1.057198841622534
121134.266979578,-0.597,-0.0109,-0.0008,0.0035,-0.0017,0.0004,1.107,-0.235,-0.4419,0.0,0.0,0.0,0.0,0.0,-0.0078,0.001,-1.2535,0.0363,0.0027,0.0039,0.0045,-0.0092,0.0,0.0,-1.0600430836794277
121134.293482649,-0.5992,-0.0109,-0.0008,0.0035,-0.0017,0.0004,1.1069,-0.235,-0.4374,0.0,0.0,0.0,0.0,0.0,-0.0078,0.001,-1.256,0.0363,0.0026,0.004,0.0046,-0.0093,0.0,0.0,-1.0628647237338469
121134.298801894,-0.6014,-0.0109,-0.0008,0.0035,-0.0017,0.0004,1.1069,-0.235,-0.4328,0.0,0.0,0.0,0.0,0.0,-0.0078,0.001,-1.2587,0.0364,0.0029,0.0036,0.0044,-0.0091,0.0,0.0,-1.0656636844291043
121134.303804061,-0.6035,-0.0109,-0.0008,0.0035,-0.0017,0.0004,1.1069,-0.235,-0.4281,0.0,0.0,0.0,0.0,0.0,-0.0078,0.001,-1.2613,0.0363,0.0024,0.0042,0.0046,-0.0094,0.0,0.0,-1.068439889030278
121134.333018958,-0.6056,-0.0109,-0.0008,0.0035,-0.0017,0.0004,1.1068,-0.2349,-0.4234,0.0,0.0,0.0,0.0,0.0,-0.0078,0.001,-1.2639,0.0364,0.0028,0.0037,0.0044,-0.0092,0.0,0.0,-1.0711932614263167
121134.337933425,-0.6077,-0.0109,-0.0008,0.0035,-0.0017,0.0004,1.1068,-0.2349,-0.4186,0.0,0.0,0.0,0.0,0.0,-0.0079,0.001,-1.2665,0.0363,0.0026,0.004,0.0045,-0.0093,0.0,0.0,-1.0739237261321248
121134.344073611,-0.6098,-0.0109,-0.0008,0.0035,-0.0017,0.0004,1.1068,-0.2349,-0.4137,0.0,0.0,0.0,0.0,0.0,-0.0079,0.001,-1.269,0.0363,0.0028,0.0037,0.0044,-0.0091,0.0,0.0,-1.076631208290634
121134.368189248,-0.6118,-0.0109,-0.0008,0.0035,-0.0017,0.0004,1.1067,-0.2349,-0.4088,0.0,0.0,0.0,0.0,0.0,-0.0079,0.001,-1.2717,0.0363,0.0023,0.0042,0.0046,-0.0094,0.0,0.0,-1.0793156336748522
121134.375495852,-0.6138,-0.0109,-0.0008,0.0035,-0.0017,0.0004,1.1067,-0.2349,-0.4039,0.0,0.0,0.0,0.0,0.0,-0.0079,0.001,-1.2744,0.0364,0.0029,0.0036,0.0044,-0.0091,0.0,0.0,-1.0819769286899028
121134.381212534,-0.6158,-0.0109,-0.0008,0.0035,-0.0017,0.0004,1.1066,-0.2349,-0.3988,0.0,0.0,0.0,0.0,0.0,-0.0079,0.001,-1.277,0.0363,0.0024,0.0041,0.0046,-0.0093,0.0,0.0,-1.084615020375037
121134.386564532,-0.6178,-0.0109,-0.0008,0.0035,-0.0017,0.0004,1.1066,-0.2349,-0.3938,0.0,0.0,0.0,0.0,0.0,-0.0079,0.001,-1.2796,0.0363,0.0028,0.0037,0.0044,-0.0091,0.0,0.0,-1.0872298364056396
121134.413296734,-0.6198,-0.0109,-0.0008,0.0035,-0.0017,0.0004,1.1066,-0.2349,-0.3886,0.0,0.0,0.0,0.0,0.0,-0.0079,0.001,-1.2824,0.0364,0.0025,0.004,0.0045,-0.0093,0.0,0.0,-1.0898213050952084
121134.419487619,-0.6217,-0.0109,-0.0008,0.0035,-0.0017,0.0004,1.1065,-0.2349,-0.3835,0.0,0.0,0.0,0.0,0.0,-0.0079,0.001,-1.2851,0.0363,0.0027,0.0038,0.0044,-0.0092,0.0,0.0,-1.0923893553973199
121134.424517227,-0.6236,-0.0109,-0.0008,0.0035,-0.0017,0.0004,1.1065,-0.2349,-0.3783,0.0,0.0,0.0,0.0,0.0,-0.0079,0.001,-1.2878,0.0363,0.0025,0.004,0.0045,-0.0093,0.0,0.0,-1.094933916907578
121134.44820671,-0.6254,-0.0109,-0.0008,0.0035,-0.0017,0.0004,1.1064,-0.2349,-0.373,0.0,0.0,0.0,0.0,0.0,-0.0079,0.001,-1.2904,0.0363,0.0027,0.0038,0.0044,-0.0092,0.0,0.0,-1.0974549198655432
121134.457299752,-0.6273,-0.0109,-0.0008,0.0035,-0.0017,0.0004,1.1064,-0.2349,-0.3678,0.0,0.0,0.0,0.0,0.0,-0.0079,0.001,-1.2933,0.0363,0.0024,0.0041,0.0045,-0.0093,0.0,0.0,-1.0999522951566463
121134.463061897,-0.6291,-0.0109,-0.0008,0.0035,-0.0017,0.0004,1.1064,-0.2349,-0.3625,0.0,0.0,0.0,0.0,0.0,-0.0079,0.001,-1.2961,0.0363,0.0028,0.0036,0.0043,-0.0091,0.0,0.0,-1.1024259743140816
121134.490576124,-0.6309,-0.0109,-0.0008,0.0035,-0.0017,0.0004,1.1063,-0.2349,-0.3571,0.0,0.0,0.0,0.0,0.0,-0.0079,0.001,-1.2988,0.0363,0.0025,0.004,0.0045,-0.0093,0.0,0.0,-1.1048758895206865
121134.497168637,-0.6326,-0.0109,-0.0008,0.0035,-0.0017,0.0004,1.1063,-0.2349,-0.3518,0.0,0.0,0.0,0.0,0.0,-0.008,0.001,-1.3014,0.0363,0.0027,0.0037,0.0043,-0.0091,0.0,0.0,-1.107301973610797
121134.502713438,-0.6344,-0.0109,-0.0008,0.0035,-0.0017,0.0004,1.1062,-0.2349,-0.3464,0.0,0.0,0.0,0.0,0.0,-0.008,0.001,-1.3041,0.0363,0.0023,0.0042,0.0045,-0.0094,0.0,0.0,-1.1097041600720927
121134.508895594,-0.6361,-0.0109,-0.0008,0.0035,-0.0017,0.0004,1.1062,-0.2349,-0.341,0.0,0.0,0.0,0.0,0.0,-0.008,0.001,-1.3069,0.0363,0.0029,0.0035,0.0042,-0.009,0.0,0.0,-1.1120823830474178
121134.532684842,-0.6378,-0.0109,-0.0008,0.0035,-0.0017,0.0004,1.1062,-0.2349,-0.3356,0.0,0.0,0.0,0.0,0.0,-0.008,0.0011,-1.3096,0.0363,0.0024,0.004,0.0044,-0.0093,0.0,0.0,-1.1144365773365883
121134.542585058,-0.6394,-0.0109,-0.0008,0.0035,-0.0017,0.0004,1.1061,-0.2348,-0.3302,0.0,0.0,0.0,0.0,0.0,-0.008,0.001,-1.3126,0.0363,0.0024,0.0041,0.0045,-0.0094,0.0,0.0,-1.1167666783981791
121134.548052572,-0.641,-0.0109,-0.0008,0.0035,-0.0017,0.0004,1.1061,-0.2348,-0.3247,0.0,0.0,0.0,0.0,0.0,-0.008,0.0011,-1.3153,0.0363,0.0026,0.0038,0.0043,-0.0092,0.0,0.0,-1.1190726223512926
121134.579369025,-0.6426,-0.0109,-0.0008,0.0035,-0.0017,0.0004,1.106,-0.2348,-0.3193,0.0,0.0,0.0,0.0,0.0,-0.008,0.0011,-1.3181,0.0363,0.0028,0.0036,0.0042,-0.0091,0.0,0.0,-1.1213543459773094
121134.584480015,-0.6442,-0.0109,-0.0008,0.0035,-0.0017,0.0004,1.106,-0.2348,-0.3139,0.0,0.0,0.0,0.0,0.0,-0.008,0.0011,-1.3209,0.0363,0.0024,0.0041,0.0045,-0.0093,0.0,0.0,-1.1236117867216247
121134.586054578,-0.6457,-0.0109,-0.0008,0.0035,-0.0017,0.0004,1.106,-0.2348,-0.3084,0.0,0.0,0.0,0.0,0.0,-0.008,0.0011,-1.3239,0.0363,0.0028,0.0037,0.0043,-0.0091,0.0,0.0,-1.1258448826953598
121134.611843492,-0.6473,-0.0109,-0.0008,0.0035,-0.0017,0.0004,1.1059,-0.2348,-0.303,0.0,0.0,0.0,0.0,0.0,-0.008,0.0011,-1.3266,0.0363,0.0022,0.0043,0.0045,-0.0094,0.0,0.0,-1.1280535726770609
121134.6170268,-0.6488,-0.0109,-0.0008,0.0035,-0.0017,0.0004,1.1059,-0.2348,-0.2976,0.0,0.0,0.0,0.0,0.0,-0.008,0.0011,-1.3294,0.0363,0.0029,0.0035,0.0042,-0.009,0.0,0.0,-1.1302377961143755
121134.622402476,-0.6502,-0.0109,-0.0008,0.0035,-0.0017,0.0004,1.1058,-0.2348,-0.2922,0.0,0.0,0.0,0.0,0.0,-0.008,0.0011,-1.3322,0.0363,0.0023,0.0042,0.0044,-0.0094,0.0,0.0,-1.1323974931257152
121134.627764696,-0.6517,-0.0109,-0.0008,0.0035,-0.0017,0.0004,1.1058,-0.2348,-0.2868,0.0,0.0,0.0,0.0,0.0,-0.008,0.0011,-1.3353,0.0363,0.0029,0.0035,0.0042,-0.0091,0.0,0.0,-1.1345326045018957
121134.654502426,-0.6531,-0.011,-0.0008,0.0035,-0.0017,0.0004,1.1057,-0.2348,-0.2814,0.0,0.0,0.0,0.0,0.0,-0.0081,0.0011,-1.3382,0.0363,0.0025,0.0039,0.0043,-0.0092,0.0,0.0,-1.1366430717077605
121134.660607411,-0.6544,-0.011,-0.0008,0.0035,-0.0017,0.0004,1.1057,-0.2348,-0.276,0.0,0.0,0.0,0.0,0.0,-0.0081,0.0011,-1.3411,0.0363,0.0024,0.0041,0.0044,-0.0093,0.0,0.0,-1.138728836883784
121134.665867862,-0.6558,-0.011,-0.0008,0.0035,-0.0017,0.0004,1.1057,-0.2348,-0.2707,0.0,0.0,0.0,0.0,0.0,-0.0081,0.0011,-1.3439,0.0363,0.0026,0.0038,0.0043,-0.0092,0.0,0.0,-1.1407898428476608
121134.692801436,-0.6571,-0.011,-0.0008,0.0035,-0.0017,0.0004,1.1056,-0.2348,-0.2654,0.0,0.0,0.0,0.0,0.0,-0.0081,0.0011,-1.3469,0.0363,0.0027,0.0037,0.0042,-0.0091,0.0,0.0,-1.1428260330958717
121134.698207208,-0.6584,-0.011,-0.0008,0.0035,-0.0017,0.0004,1.1056,-0.2348,-0.2601,0.0,0.0,0.0,0.0,0.0,-0.0081,0.0011,-1.3496,0.0363,0.0025,0.004,0.0043,-0.0093,0.0,0.0,-1.1448373518052315
121134.703395554,-0.6597,-0.011,-0.0008,0.0035,-0.0017,0.0004,1.1055,-0.2348,-0.2548,0.0,0.0,0.0,0.0,0.0,-0.0081,0.0011,-1.3525,0.0363,0.0025,0.0038,0.0043,-0.0092,0.0,0.0,-1.1468237438344229
121134.733537748,-0.6609,-0.011,-0.0008,0.0035,-0.0017,0.0004,1.1055,-0.2348,-0.2496,0.0,0.0,0.0,0.0,0.0,-0.0081,0.0011,-1.3556,0.0363,0.0026,0.004,0.0043,-0.0093,0.0,0.0,-1.148785154725504
121134.741049593,-0.6622,-0.011,-0.0008,0.0035,-0.0017,0.0004,1.1055,-0.2348,-0.2445,0.0,0.0,0.0,0.0,0.0,-0.0081,0.0011,-1.3583,0.0363,0.0027,0.0037,0.0042,-0.0091,0.0,0.0,-1.150721530705405
121134.747894346,-0.6634,-0.011,-0.0008,0.0035,-0.0017,0.0004,1.1054,-0.2348,-0.2393,0.0,0.0,0.0,0.0,0.0,-0.0081,0.0011,-1.3612,0.0363,0.0025,0.0039,0.0043,-0.0092,0.0,0.0,-1.1526328186874002
121134.753240777,-0.6645,-0.011,-0.0008,0.0035,-0.0017,0.0004,1.1054,-0.2347,-0.2342,0.0,0.0,0.0,0.0,0.0,-0.0081,0.0011,-1.3644,0.0363,0.0026,0.0038,0.0042,-0.0092,0.0,0.0,-1.1545189662725637
121134.781879338,-0.6657,-0.011,-0.0008,0.0035,-0.0017,0.0004,1.1053,-0.2347,-0.2292,0.0,0.0,0.0,0.0,0.0,-0.0081,0.0011,-1.3672,0.0363,0.0024,0.0041,0.0044,-0.0093,0.0,0.0,-1.1563799217512072
121134.785423952,-0.6668,-0.011,-0.0008,0.0035,-0.0017,0.0004,1.1053,-0.2347,-0.2242,0.0,0.0,0.0,0.0,0.0,-0.0081,0.0011,-1.3702,0.0363,0.0026,0.0038,0.0042,-0.0092,0.0,0.0,-1.158215634104296
121134.790621796,-0.6679,-0.011,-0.0008,0.0035,-0.0017,0.0004,1.1052,-0.2347,-0.2192,0.0,0.0,0.0,0.0,0.0,-0.0081,0.0011,-1.3731,0.0363,0.0026,0.0038,0.0042,-0.0092,0.0,0.0,-1.1600260530048483
121134.814057282,-0.669,-0.011,-0.0008,0.0035,-0.0017,0.0004,1.1052,-0.2347,-0.2143,0.0,0.0,0.0,0.0,0.0,-0.0082,0.0011,-1.3759,0.0363,0.0025,0.0038,0.0043,-0.0092,0.0,0.0,-1.1618111288193158
121134.822297606,-0.67,-0.011,-0.0008,0.0035,-0.0017,0.0004,1.1052,-0.2347,-0.2094,0.0,0.0,0.0,0.0,0.0,-0.0082,0.0011,-1.379,0.0363,0.0024,0.0041,0.0043,-0.0093,0.0,0.0,-1.1635708126089437
121134.829348843,-0.671,-0.011,-0.0008,0.0035,-0.0017,0.0004,1.1051,-0.2347,-0.2046,0.0,0.0,0.0,0.0,0.0,-0.0082,0.0011,-1.3817,0.0362,0.0027,0.0036,0.0042,-0.0091,0.0,0.0,-1.1653050561311113
121134.859184419,-0.672,-0.011,-0.0008,0.0035,-0.0017,0.0004,1.1051,-0.2347,-0.1999,0.0,0.0,0.0,0.0,0.0,-0.0082,0.0011,-1.3845,0.0364,0.0025,0.004,0.0043,-0.0093,0.0,0.0,-1.1670138118406568
121134.864636343,-0.673,-0.011,-0.0008,0.0035,-0.0017,0.0004,1.105,-0.2347,-0.1952,0.0,0.0,0.0,0.0,0.0,-0.0082,0.0011,-1.3877,0.0362,0.0026,0.0037,0.0042,-0.0092,0.0,0.0,-1.1686970328911785
121134.869753367,-0.674,-0.011,-0.0008,0.0035,-0.0017,0.0004,1.105,-0.2347,-0.1906,0.0,0.0,0.0,0.0,0.0,-0.0082,0.0011,-1.3904,0.0363,0.0026,0.0038,0.0042,-0.0092,0.0,0.0,-1.1703546731363224
121134.874831698,-0.6749,-0.011,-0.0008,0.0035,-0.0017,0.0004,1.1049,-0.2347,-0.186,0.0,0.0,0.0,0.0,0.0,-0.0082,0.0011,-1.3933,0.0362,0.0023,0.0042,0.0044,-0.0094,0.0,0.0,-1.1719866871310425
121134.89883366,-0.6758,-0.011,-0.0008,0.0035,-0.0017,0.0004,1.1049,-0.2347,-0.1815,0.0,0.0,0.0,0.0,0.0,-0.0082,0.0011,-1.3962,0.0363,0.0029,0.0034,0.0041,-0.009,0.0,0.0,-1.1735930301328514
121134.906160062,-0.6767,-0.011,-0.0008,0.0035,-0.0017,0.0004,1.1049,-0.2347,-0.1771,0.0,0.0,0.0,0.0,0.0,-0.0082,0.0011,-1.3989,0.0362,0.0022,0.0043,0.0044,-0.0094,0.0,0.0,-1.1751736581030443
121134.912841064,-0.6776,-0.011,-0.0008,0.0035,-0.0017,0.0004,1.1048,-0.2347,-0.1727,0.0,0.0,0.0,0.0,0.0,-0.0082,0.0011,-1.4019,0.0362,0.0027,0.0037,0.0041,-0.0091,0.0,0.0,-1.1767285277079067
121134.940992362,-0.6784,-0.011,-0.0008,0.0035,-0.0017,0.0004,1.1048,-0.2347,-0.1684,0.0,0.0,0.0,0.0,0.0,-0.0082,0.0011,-1.4048,0.0363,0.0024,0.004,0.0043,-0.0093,0.0,0.0,-1.178257596319903
121134.947181112,-0.6792,-0.011,-0.0008,0.0035,-0.0017,0.0004,1.1047,-0.2347,-0.1642,0.0,0.0,0.0,0.0,0.0,-0.0082,0.0011,-1.4076,0.0363,0.0028,0.0035,0.0041,-0.009,0.0,0.0,-1.1797608220188447
121134.952593286,-0.68,-0.011,-0.0008,0.0035,-0.0017,0.0004,1.1047,-0.2347,-0.1601,0.0,0.0,0.0,0.0,0.0,-0.0082,0.0011,-1.4103,0.0362,0.0022,0.0042,0.0044,-0.0094,0.0,0.0,-1.1812381635930405
121134.979215455,-0.6808,-0.011,-0.0008,0.0035,-0.0017,0.0004,1.1047,-0.2346,-0.156,0.0,0.0,0.0,0.0,0.0,-0.0082,0.0011,-1.413,0.0362,0.0025,0.0039,0.0042,-0.0092,0.0,0.0,-1.182689580540424
121134.984629938,-0.6816,-0.011,-0.0008,0.0035,-0.0017,0.0004,1.1046,-0.2346,-0.152,0.0,0.0,0.0,0.0,0.0,-0.0083,0.0011,-1.4158,0.0362,0.0024,0.004,0.0043,-0.0093,0.0,0.0,-1.1841150330696673
121134.989785945,-0.6823,-0.011,-0.0008,0.0035,-0.0017,0.0004,1.1046,-0.2346,-0.148,0.0,0.0,0.0,0.0,0.0,-0.0083,0.0011,-1.4186,0.0362,0.0027,0.0036,0.0041,-0.0091,0.0,0.0,-1.1855144821012682
121134.995315117,-0.683,-0.011,-0.0008,0.0035,-0.0017,0.0004,1.1045,-0.2346,-0.1441,0.0,0.0,0.0,0.0,0.0,-0.0083,0.0011,-1.4212,0.0362,0.0023,0.0041,0.0043,-0.0093,0.0,0.0,-1.1868878892686257
121135.022580068,-0.6837,-0.011,-0.0008,0.0035,-0.0017,0.0004,1.1045,-0.2346,-0.1403,0.0,0.0,0.0,0.0,0.0,-0.0083,0.0011,-1.4238,0.0362,0.0026,0.0037,0.0041,-0.0092,0.0,0.0,-1.1882352169190877
121135.028708306,-0.6844,-0.011,-0.0008,0.0035,-0.0017,0.0004,1.1044,-0.2346,-0.1366,0.0,0.0,0.0,0.0,0.0,-0.0083,0.0011,-1.4266,0.0363,0.0025,0.0038,0.0042,-0.0092,0.0,0.0,-1.1895564281149862
121135.034040461,-0.6851,-0.011,-0.0008,0.0035,-0.0017,0.0004,1.1044,-0.2346,-0.133,0.0,0.0,0.0,0.0,0.0,-0.0083,0.0011,-1.4293,0.0362,0.0025,0.0038,0.0042,-0.0092,0.0,0.0,-1.1908514866346493
121135.061344545,-0.6857,-0.011,-0.0008,0.0035,-0.0017,0.0004,1.1044,-0.2346,-0.1294,0.0,0.0,0.0,0.0,0.0,-0.0083,0.0011,-1.4319,0.0363,0.0025,0.0039,0.0042,-0.0092,0.0,0.0,-1.1921203569733931
121135.066597021,-0.6864,-0.011,-0.0008,0.0035,-0.0017,0.0004,1.1043,-0.2346,-0.1259,0.0,0.0,0.0,0.0,0.0,-0.0083,0.0012,-1.4345,0.0362,0.0025,0.0039,0.0042,-0.0092,0.0,0.0,-1.1933630043444965
121135.072112397,-0.687,-0.011,-0.0008,0.0035,-0.0017,0.0004,1.1043,-0.2346,-0.1225,0.0,0.0,0.0,0.0,0.0,-0.0083,0.0012,-1.4369,0.0362,0.0025,0.0039,0.0042,-0.0093,0.0,0.0,-1.1945793946801535
121135.099215066,-0.6876,-0.011,-0.0008,0.0035,-0.0017,0.0004,1.1042,-0.2346,-0.1191,0.0,0.0,0.0,0.0,0.0,-0.0083,0.0012,-1.4396,0.0362,0.0027,0.0037,0.0041,-0.0091,0.0,0.0,-1.1957694946324098
121135.104732285,-0.6881,-0.011,-0.0008,0.0035,-0.0017,0.0004,1.1042,-0.2346,-0.1159,0.0,0.0,0.0,0.0,0.0,-0.0083,0.0012,-1.4421,0.0362,0.0024,0.0039,0.0042,-0.0093,0.0,0.0,-1.196933271574073
121135.109995693,-0.6887,-0.011,-0.0008,0.0035,-0.0017,0.0004,1.1042,-0.2346,-0.1127,0.0,0.0,0.0,0.0,0.0,-0.0083,0.0012,-1.4446,0.0362,0.0026,0.0038,0.0042,-0.0092,0.0,0.0,-1.1980706935996108
121135.115610513,-0.6893,-0.011,-0.0008,0.0035,-0.0017,0.0004,1.1041,-0.2346,-0.1096,0.0,0.0,0.0,0.0,0.0,-0.0083,0.0012,-1.447,0.0362,0.0025,0.0039,0.0042,-0.0092,0.0,0.0,-1.1991817295260236
121135.143000749,-0.6898,-0.011,-0.0008,0.0035,-0.0017,0.0004,1.1041,-0.2346,-0.1065,0.0,0.0,0.0,0.0,0.0,-0.0083,0.0012,-1.4493,0.0362,0.0026,0.0037,0.0041,-0.0092,0.0,0.0,-1.2002663488937007
121135.148509863,-0.6903,-0.011,-0.0008,0.0035,-0.0017,0.0004,1.104,-0.2346,-0.1036,0.0,0.0,0.0,0.0,0.0,-0.0084,0.0012,-1.4518,0.0362,0.0025,0.0039,0.0042,-0.0092,0.0,0.0,-1.2013245219672535
121135.153679445,-0.6908,-0.011,-0.0008,0.0035,-0.0017,0.0004,1.104,-0.2345,-0.1006,0.0,0.0,0.0,0.0,0.0,-0.0084,0.0012,-1.4539,0.0362,0.0024,0.004,0.0042,-0.0093,0.0,0.0,-1.2023562197363329
121135.180534021,-0.6913,-0.011,-0.0008,0.0035,-0.0017,0.0004,1.1039,-0.2345,-0.0978,0.0,0.0,0.0,0.0,0.0,-0.0084,0.0012,-1.4562,0.0362,0.0025,0.0039,0.0042,-0.0092,0.0,0.0,-1.203361413916424
121135.185760971,-0.6918,-0.011,-0.0008,0.0035,-0.0017,0.0004,1.1039,-0.2345,-0.0951,0.0,0.0,0.0,0.0,0.0,-0.0084,0.0012,-1.4584,0.0362,0.0027,0.0036,0.0041,-0.0091,0.0,0.0,-1.2043400769496198
121135.191175448,-0.6922,-0.011,-0.0008,0.0035,-0.0017,0.0004,1.1039,-0.2345,-0.0924,0.0,0.0,0.0,0.0,0.0,-0.0084,0.0012,-1.4609,0.0362,0.0024,0.004,0.0042,-0.0093,0.0,0.0,-1.2052921820053792
121135.215259047,-0.6927,-0.011,-0.0008,0.0035,-0.0017,0.0004,1.1038,-0.2345,-0.0898,0.0,0.0,0.0,0.0,0.0,-0.0084,0.0012,-1.4629,0.0362,0.0026,0.0038,0.0041,-0.0092,0.0,0.0,-1.206217702981261
121135.223629979,-0.6931,-0.011,-0.0008,0.0035,-0.0017,0.0004,1.1038,-0.2345,-0.0872,0.0,0.0,0.0,0.0,0.0,-0.0084,0.0012,-1.4649,0.0362,0.0025,0.0039,0.0042,-0.0092,0.0,0.0,-1.207116614503641
121135.230075919,-0.6935,-0.011,-0.0008,0.0035,-0.0017,0.0004,1.1037,-0.2345,-0.0847,0.0,0.0,0.0,0.0,0.0,-0.0084,0.0012,-1.467,0.0362,0.0026,0.0038,0.0041,-0.0092,0.0,0.0,-1.2079888919284043
121135.23593408,-0.694,-0.011,-0.0008,0.0035,-0.0017,0.0004,1.1037,-0.2345,-0.0823,0.0,0.0,0.0,0.0,0.0,-0.0084,0.0012,-1.4691,0.0362,0.0025,0.0039,0.0042,-0.0092,0.0,0.0,-1.2088345113416255
121135.263049527,-0.6944,-0.011,-0.0008,0.0035,-0.0017,0.0004,1.1036,-0.2345,-0.08,0.0,0.0,0.0,0.0,0.0,-0.0084,0.0012,-1.4711,0.0362,0.0025,0.0039,0.0042,-0.0092,0.0,0.0,-1.2096534495602214
121135.26913196,-0.6948,-0.011,-0.0008,0.0035,-0.0017,0.0004,1.1036,-0.2345,-0.0777,0.0,0.0,0.0,0.0,0.0,-0.0084,0.0012,-1.473,0.0362,0.0025,0.0039,0.0042,-0.0092,0.0,0.0,-1.2104456841325866
121135.275226725,-0.6951,-0.011,-0.0008,0.0035,-0.0017,0.0004,1.1036,-0.2345,-0.0755,0.0,0.0,0.0,0.0,0.0,-0.0084,0.0012,-1.4748,0.0362,0.0027,0.0036,0.0041,-0.0091,0.0,0.0,-1.21121119333921
121135.300186962,-0.6955,-0.011,-0.0008,0.0035,-0.0017,0.0004,1.1035,-0.2345,-0.0733,0.0,0.0,0.0,0.0,0.0,-0.0084,0.0012,-1.4768,0.0362,0.0023,0.0042,0.0043,-0.0094,0.0,0.0,-1.2119499561932705
121135.308676409,-0.6959,-0.011,-0.0008,0.0035,-0.0017,0.0004,1.1035,-0.2345,-0.0712,0.0,0.0,0.0,0.0,0.0,-0.0084,0.0012,-1.4785,0.0362,0.0027,0.0037,0.0041,-0.0091,0.0,0.0,-1.2126619524412112
121135.314410402,-0.6962,-0.011,-0.0008,0.0035,-0.0017,0.0004,1.1034,-0.2345,-0.0692,0.0,0.0,0.0,0.0,0.0,-0.0085,0.0012,-1.4803,0.0362,0.0026,0.0038,0.0041,-0.0092,0.0,0.0,-1.213347162563295
121135.342448664,-0.6965,-0.011,-0.0008,0.0035,-0.0017,0.0004,1.1034,-0.2345,-0.0672,0.0,0.0,0.0,0.0,0.0,-0.0085,0.0012,-1.4821,0.0362,0.0025,0.0039,0.0042,-0.0092,0.0,0.0,-1.2140055677741404
121135.349040616,-0.6969,-0.011,-0.0008,0.0035,-0.0017,0.0004,1.1034,-0.2345,-0.0653,0.0,0.0,0.0,0.0,0.0,-0.0085,0.0012,-1.4834,0.0362,0.0026,0.0037,0.0041,-0.0092,0.0,0.0,-1.2146371500232358
121135.354846434,-0.6972,-0.011,-0.0008,0.0035,-0.0017,0.0004,1.1033,-0.2344,-0.0634,0.0,0.0,0.0,0.0,0.0,-0.0085,0.0012,-1.485,0.0362,0.0024,0.0039,0.0042,-0.0093,0.0,0.0,-1.215241891995435
121135.360711692,-0.6975,-0.011,-0.0008,0.0035,-0.0017,0.0004,1.1033,-0.2344,-0.0615,0.0,0.0,0.0,0.0,0.0,-0.0085,0.0012,-1.4865,0.0362,0.0024,0.004,0.0042,-0.0093,0.0,0.0,-1.2158197771114314
121135.38688596,-0.6978,-0.011,-0.0008,0.0035,-0.0017,0.0004,1.1032,-0.2344,-0.0597,0.0,0.0,0.0,0.0,0.0,-0.0085,0.0012,-1.4882,0.0362,0.0027,0.0037,0.0041,-0.0091,0.0,0.0,-1.2163707895282128
121135.394679221,-0.6981,-0.011,-0.0008,0.0035,-0.0017,0.0004,1.1032,-0.2344,-0.058,0.0,0.0,0.0,0.0,0.0,-0.0085,0.0012,-1.4895,0.0362,0.0024,0.0039,0.0042,-0.0092,0.0,0.0,-1.216894914139495
121135.400214604,-0.6984,-0.011,-0.0008,0.0035,-0.0017,0.0004,1.1031,-0.2344,-0.0563,0.0,0.0,0.0,0.0,0.0,-0.0085,0.0012,-1.4907,0.0362,0.0025,0.0038,0.0041,-0.0092,0.0,0.0,-1.217392136576137
121135.426837609,-0.6986,-0.011,-0.0008,0.0035,-0.0017,0.0004,1.1031,-0.2344,-0.0547,0.0,0.0,0.0,0.0,0.0,-0.0085,0.0012,-1.4921,0.0362,0.0025,0.0039,0.0042,-0.0092,0.0,0.0,-1.2178624432065348
121135.431704477,-0.6989,-0.011,-0.0008,0.0035,-0.0017,0.0004,1.1031,-0.2344,-0.0531,0.0,0.0,0.0,0.0,0.0,-0.0085,0.0012,-1.4935,0.0362,0.0025,0.0039,0.0041,-0.0092,0.0,0.0,-1.2183058211369948
121135.437180218,-0.6992,-0.011,-0.0008,0.0035,-0.0017,0.0004,1.103,-0.2344,-0.0515,0.0,0.0,0.0,0.0,0.0,-0.0085,0.0012,-1.4945,0.0362,0.0027,0.0036,0.004,-0.0091,0.0,0.0,-1.2187222582120865
121135.462914328,-0.6994,-0.011,-0.0008,0.0035,-0.0017,0.0004,1.103,-0.2344,-0.0499,0.0,0.0,0.0,0.0,0.0,-0.0085,0.0012,-1.4956,0.0361,0.0024,0.004,0.0042,-0.0093,0.0,0.0,-1.2191117430149774
121135.467832732,-0.6996,-0.011,-0.0008,0.0035,-0.0017,0.0004,1.1029,-0.2344,-0.0484,0.0,0.0,0.0,0.0,0.0,-0.0085,0.0012,-1.4967,0.0362,0.0025,0.0039,0.0042,-0.0092,0.0,0.0,-1.219474264867745
121135.47297838,-0.6999,-0.011,-0.0008,0.0035,-0.0017,0.0004,1.1029,-0.2344,-0.0469,0.0,0.0,0.0,0.0,0.0,-0.0085,0.0012,-1.4977,0.0361,0.0026,0.0038,0.0041,-0.0092,0.0,0.0,-1.2198098138316693
121135.478137822,-0.7001,-0.011,-0.0008,0.0035,-0.0017,0.0004,1.1029,-0.2344,-0.0455,0.0,0.0,0.0,0.0,0.0,-0.0086,0.0012,-1.4986,0.0362,0.0025,0.0039,0.0041,-0.0092,0.0,0.0,-1.2201183807075062
121135.503556785,-0.7003,-0.011,-0.0008,0.0035,-0.0017,0.0004,1.1028,-0.2344,-0.0441,0.0,0.0,0.0,0.0,0.0,-0.0086,0.0012,-1.4995,0.0361,0.0026,0.0038,0.0041,-0.0092,0.0,0.0,-1.220399957035739
121135.510328722,-0.7005,-0.011,-0.0008,0.0035,-0.0017,0.0004,1.1028,-0.2344,-0.0427,0.0,0.0,0.0,0.0,0.0,-0.0086,0.0012,-1.5005,0.0362,0.0025,0.0038,0.0041,-0.0092,0.0,0.0,-1.22065453509681
121135.515545827,-0.7008,-0.011,-0.0008,0.0035,-0.0017,0.0004,1.1027,-0.2344,-0.0413,0.0,0.0,0.0,0.0,0.0,-0.0086,0.0012,-1.5012,0.0361,0.0024,0.004,0.0042,-0.0093,0.0,0.0,-1.2208821079113332
121135.543668031,-0.701,-0.011,-0.0008,0.0035,-0.0017,0.0004,1.1027,-0.2344,-0.0399,0.0,0.0,0.0,0.0,0.0,-0.0086,0.0012,-1.5018,0.0361,0.0027,0.0037,0.0041,-0.0091,0.0,0.0,-1.2210826692402854
121135.548810031,-0.7011,-0.011,-0.0008,0.0035,-0.0017,0.0004,1.1026,-0.2343,-0.0386,0.0,0.0,0.0,0.0,0.0,-0.0086,0.0012,-1.5025,0.0362,0.0025,0.0039,0.0041,-0.0092,0.0,0.0,-1.2212562135851759
121135.55405343,-0.7013,-0.011,-0.0008,0.0035,-0.0017,0.0004,1.1026,-0.2343,-0.0372,0.0,0.0,0.0,0.0,0.0,-0.0086,0.0012,-1.5032,0.0361,0.0024,0.0039,0.0042,-0.0092,0.0,0.0,-1.2214027361881992
121135.580252544,-0.7015,-0.011,-0.0008,0.0035,-0.0017,0.0004,1.1026,-0.2343,-0.0359,0.0,0.0,0.0,0.0,0.0,-0.0086,0.0012,-1.5036,0.0361,0.0026,0.0038,0.0041,-0.0092,0.0,0.0,-1.2215222330323636
121135.585737153,-0.7017,-0.011,-0.0008,0.0035,-0.0017,0.0004,1.1025,-0.2343,-0.0346,0.0,0.0,0.0,0.0,0.0,-0.0086,0.0012,-1.5041,0.0362,0.0025,0.0039,0.0041,-0.0092,0.0,0.0,-1.2216147008416032
121135.591073496,-0.7018,-0.011,-0.0008,0.0035,-0.0017,0.0004,1.1025,-0.2343,-0.0333,0.0,0.0,0.0,0.0,0.0,-0.0086,0.0013,-1.5046,0.036,0.0027,0.0036,0.004,-0.0091,0.0,0.0,-1.2216801370808663
121135.596851471,-0.702,-0.011,-0.0008,0.0035,-0.0017,0.0004,1.1024,-0.2343,-0.032,0.0,0.0,0.0,0.0,0.0,-0.0086,0.0013,-1.5049,0.0362,0.0025,0.0039,0.0041,-0.0092,0.0,0.0,-1.2217185399561852
121135.627151627,-0.7022,-0.011,-0.0008,0.0035,-0.0017,0.0004,1.1024,-0.2343,-0.0307,0.0,0.0,0.0,0.0,0.0,-0.0086,0.0013,-1.5049,0.036,0.0026,0.0037,0.0041,-0.0091,0.0,0.0,-1.2217299084147257
121135.632359856,-0.7023,-0.011,-0.0008,0.0035,-0.0017,0.0004,1.1023,-0.2343,-0.0294,0.0,0.0,0.0,0.0,0.0,-0.0086,0.0013,-1.5052,0.0362,0.0024,0.004,0.0042,-0.0093,0.0,0.0,-1.2217142421448157
121135.637600365,-0.7025,-0.011,-0.0008,0.0035,-0.0017,0.0004,1.1023,-0.2343,-0.028,0.0,0.0,0.0,0.0,0.0,-0.0087,0.0013,-1.5056,0.036,0.0027,0.0035,0.004,-0.0091,0.0,0.0,-1.2216715415759543
121135.664237497,-0.7026,-0.011,-0.0008,0.0035,-0.0017,0.0004,1.1023,-0.2343,-0.0267,0.0,0.0,0.0,0.0,0.0,-0.0087,0.0013,-1.5056,0.0362,0.0023,0.0042,0.0042,-0.0094,0.0,0.0,-1.2216018078787987
121135.6693539,-0.7027,-0.011,-0.0008,0.0035,-0.0017,0.0004,1.1022,-0.2343,-0.0254,0.0,0.0,0.0,0.0,0.0,-0.0087,0.0013,-1.5056,0.0359,0.0026,0.0037,0.0041,-0.0091,0.0,0.0,-1.2215050429651333
121135.674498183,-0.7028,-0.011,-0.0008,0.0035,-0.0017,0.0004,1.1022,-0.2343,-0.0241,0.0,0.0,0.0,0.0,0.0,-0.0087,0.0013,-1.5055,0.0363,0.0023,0.0042,0.0042,-0.0094,0.0,0.0,-1.2213812494878176
121135.69737002,-0.7029,-0.011,-0.0008,0.0035,-0.0017,0.0004,1.1021,-0.2343,-0.0227,0.0,0.0,0.0,0.0,0.0,-0.0087,0.0013,-1.5056,0.036,0.0029,0.0034,0.004,-0.009,0.0,0.0,-1.221230430840712
121135.704692794,-0.7031,-0.011,-0.0008,0.0035,-0.0017,0.0004,1.1021,-0.2343,-0.0213,0.0,0.0,0.0,0.0,0.0,-0.0087,0.0013,-1.5053,0.0362,0.0025,0.0039,0.0041,-0.0093,0.0,0.0,-1.221052591158586
121135.712766456,-0.7032,-0.011,-0.0008,0.0035,-0.0017,0.0004,1.102,-0.2343,-0.0199,0.0,0.0,0.0,0.0,0.0,-0.0087,0.0013,-1.505,0.036,0.0025,0.0038,0.0041,-0.0092,0.0,0.0,-1.2208477353170046
121135.717788248,-0.7032,-0.011,-0.0008,0.0035,-0.0017,0.0004,1.102,-0.2342,-0.0185,0.0,0.0,0.0,0.0,0.0,-0.0087,0.0013,-1.5048,0.0362,0.0025,0.0039,0.0041,-0.0093,0.0,0.0,-1.2206158689321933
121135.743354528,-0.7033,-0.011,-0.0008,0.0035,-0.0017,0.0004,1.102,-0.2342,-0.0171,0.0,0.0,0.0,0.0,0.0,-0.0087,0.0013,-1.5044,0.036,0.0027,0.0035,0.004,-0.009,0.0,0.0,-1.220356998360887
121135.748263334,-0.7034,-0.011,-0.0008,0.0035,-0.0017,0.0004,1.1019,-0.2342,-0.0156,0.0,0.0,0.0,0.0,0.0,-0.0087,0.0013,-1.5041,0.0362,0.0023,0.0041,0.0042,-0.0093,0.0,0.0,-1.2200711307001533
121135.753605998,-0.7035,-0.011,-0.0008,0.0035,-0.0017,0.0004,1.1019,-0.2342,-0.014,0.0,0.0,1e-04,0.0,0.0,-0.0088,0.0013,-1.5037,0.0399,0.004,0.0036,0.0034,-0.0091,0.0,0.0,-1.219758273787198
121135.780129238,-0.7035,-0.011,-0.0008,0.0035,-0.0017,0.0004,1.1018,-0.2342,-0.0218,-0.0083,-0.0003,-0.0007,0.0,-1e-04,-0.0087,0.0014,-1.4997,0.0314,0.0035,0.0036,0.0039,-0.0088,0.0,0.0,-1.2194184361991511
121135.784964622,-0.7036,-0.011,-0.0008,0.0035,-0.0017,0.0004,1.1018,-0.2342,0.0,0.0074,0.0002,0.0007,0.0,1e-04,-0.0088,0.0012,-1.4565,0.0373,-0.0008,0.0032,0.0054,-0.0094,0.0,0.0,-1.2190516272528327
121135.790053749,-0.7036,-0.011,-0.0008,0.0035,-0.0017,0.0004,1.1017,-0.2342,0.0,0.0035,1e-04,0.0003,0.0,0.0,-0.0087,0.0013,-1.4437,0.0346,0.0029,0.0039,0.004,-0.0091,0.0,0.0,-1.2186578570044946
121135.824345913,-0.7036,-0.011,-0.0008,0.0035,-0.0017,0.0004,1.1017,-0.2342,0.0,0.0,0.0,0.0,0.0,0.0,-0.0088,0.0013,-1.447,0.046,0.0034,0.005,0.0037,-0.0096,0.0,0.0,-1.2182371362495474
121135.826596436,-0.7036,-0.011,-0.0008,0.0035,-0.0017,0.0004,1.1017,-0.2342,0.0,0.0,0.0,0.0,0.0,0.0,-0.0088,0.0013,-1.5327,0.0382,0.0019,0.004,0.0044,-0.0093,0.0,0.0,-1.217789476522263
121135.832250882,-0.7036,-0.011,-0.0008,0.0035,-0.0017,0.0004,1.1016,-0.2342,0.0,1e-04,0.0,0.0,0.0,0.0,-0.0088,0.0013,-1.5339,0.0359,0.0024,0.0039,0.0042,-0.0092,0.0,0.0,-1.217314890095459
121135.837345564,-0.7036,-0.011,-0.0008,0.0035,-0.0017,0.0004,1.1016,-0.2342,0.0,0.0,0.0,0.0,0.0,0.0,-0.0088,0.0013,-1.5331,0.0362,0.0023,0.0041,0.0042,-0.0093,0.0,0.0,-1.216813389980162
121135.863875065,-0.7036,-0.011,-0.0008,0.0035,-0.0017,0.0004,1.1015,-0.2342,0.0,0.0,0.0,0.0,0.0,0.0,-0.0088,0.0013,-1.5334,0.0361,0.0026,0.0037,0.0041,-0.0091,0.0,0.0,-1.216284989925251
121135.868843982,-0.7036,-0.011,-0.0008,0.0035,-0.0017,0.0004,1.1015,-0.2342,0.0,0.0,0.0,0.0,0.0,0.0,-0.0088,0.0013,-1.5333,0.0361,0.0024,0.0039,0.0042,-0.0093,0.0,0.0,-1.2157297044170807
121135.873945828,-0.7036,-0.011,-0.0008,0.0035,-0.0017,0.0004,1.1014,-0.2342,0.0,0.0,0.0,0.0,0.0,0.0,-0.0088,0.0013,-1.5334,0.036,0.0026,0.0037,0.0041,-0.0091,0.0,0.0,-1.2151475486790835
121135.897490328,-0.7036,-0.011,-0.0008,0.0035,-0.0017,0.0004,1.1014,-0.2341,0.0,0.0,0.0,0.0,0.0,0.0,-0.0088,0.0013,-1.5333,0.0362,0.0025,0.0039,0.0041,-0.0092,0.0,0.0,-1.214538538671353
121135.904783528,-0.7036,-0.0111,-0.0008,0.0035,-0.0017,0.0004,1.1013,-0.2341,0.0,1e-04,0.0,0.0,0.0,0.0,-0.0088,0.0013,-1.5334,0.0361,0.0025,0.0039,0.0041,-0.0092,0.0,0.0,-1.213902691090206
121135.9116877,-0.7036,-0.0111,-0.0008,0.0035,-0.0017,0.0004,1.1013,-0.2341,0.0,1e-04,0.0,0.0,0.0,0.0,-0.0088,0.0013,-1.5332,0.0362,0.0027,0.0036,0.004,-0.0091,0.0,0.0,-1.2132400233677259
121135.936634417,-0.7036,-0.0111,-0.0008,0.0035,-0.0017,0.0004,1.1012,-0.2341,0.0,0.0,0.0,0.0,0.0,0.0,-0.0088,0.0013,-1.5331,0.0362,0.0024,0.004,0.0042,-0.0093,0.0,0.0,-1.2125505536712824
121135.943763755,-0.7036,-0.0111,-0.0008,0.0035,-0.0017,0.0004,1.1012,-0.2341,0.0,0.0,0.0,0.0,0.0,0.0,-0.0088,0.0013,-1.5333,0.0362,0.0026,0.0038,0.0041,-0.0092,0.0,0.0,-1.2118343009030357
121135.948927787,-0.7036,-0.0111,-0.0008,0.0035,-0.0017,0.0004,1.1012,-0.2341,0.0,0.0,0.0,0.0,0.0,0.0,-0.0088,0.0013,-1.5333,0.0361,0.0026,0.0038,0.0041,-0.0092,0.0,0.0,-1.211091284699417
121135.954238933,-0.7036,-0.0111,-0.0008,0.0035,-0.0017,0.0004,1.1011,-0.2341,0.0,0.0,0.0,0.0,0.0,0.0,-0.0088,0.0013,-1.5331,0.0362,0.0025,0.0039,0.0042,-0.0093,0.0,0.0,-1.2103215254305915
121135.980901691,-0.7036,-0.0111,-0.0008,0.0035,-0.0017,0.0004,1.1011,-0.2341,0.0,0.0,0.0,0.0,0.0,0.0,-0.0088,0.0013,-1.5334,0.036,0.0026,0.0037,0.0041,-0.0092,0.0,0.0,-1.2095250441998977
121135.986389015,-0.7036,-0.0111,-0.0008,0.0035,-0.0017,0.0004,1.101,-0.2341,0.0,0.0,0.0,0.0,0.0,0.0,-0.0089,0.0013,-1.5329,0.0364,0.0026,0.0038,0.0041,-0.0092,0.0,0.0,-1.2087018628432715
121135.991872231,-0.7036,-0.0111,-0.0008,0.0035,-0.0017,0.0004,1.101,-0.2341,0.0,0.0,0.0,0.0,0.0,0.0,-0.0089,0.0013,-1.5333,0.0361,0.0025,0.0039,0.0042,-0.0092,0.0,0.0,-1.207852003928645
121136.016101529,-0.7036,-0.0111,-0.0008,0.0035,-0.0017,0.0004,1.1009,-0.2341,0.0,0.0,0.0,0.0,0.0,0.0,-0.0089,0.0013,-1.5333,0.0361,0.0026,0.0037,0.0041,-0.0091,0.0,0.0,-1.2069754907553298
121136.02458968,-0.7036,-0.0111,-0.0008,0.0035,-0.0017,0.0004,1.1009,-0.2341,0.0,0.0,0.0,0.0,0.0,0.0,-0.0089,0.0013,-1.5333,0.0361,0.0026,0.0037,0.0041,-0.0092,0.0,0.0,-1.2060723473533776
121136.030581012,-0.7036,-0.0111,-0.0008,0.0035,-0.0017,0.0004,1.1008,-0.2341,0.0,0.0,0.0,0.0,0.0,0.0,-0.0089,0.0013,-1.5332,0.0362,0.0023,0.0041,0.0042,-0.0093,0.0,0.0,-1.205142598482921
121136.058018933,-0.7036,-0.0111,-0.0008,0.0035,-0.0017,0.0004,1.1008,-0.2341,0.0,0.0,0.0,0.0,0.0,0.0,-0.0089,0.0013,-1.5331,0.0362,0.0027,0.0037,0.0041,-0.0091,0.0,0.0,-1.2041862696334946
121136.064149093,-0.7036,-0.0111,-0.0008,0.0035,-0.0017,0.0004,1.1007,-0.2341,0.0,0.0,0.0,0.0,0.0,0.0,-0.0089,0.0013,-1.5333,0.036,0.0024,0.0039,0.0042,-0.0092,0.0,0.0,-1.2032033870233372
121136.069651192,-0.7036,-0.0111,-0.0008,0.0035,-0.0017,0.0004,1.1007,-0.234,0.0,0.0,0.0,0.0,0.0,0.0,-0.0089,0.0013,-1.5332,0.0362,0.0026,0.0037,0.0041,-0.0091,0.0,0.0,-1.2021939775986719
121136.075002039,-0.7036,-0.0111,-0.0008,0.0035,-0.0017,0.0004,1.1007,-0.234,0.0,0.0,0.0,0.0,0.0,0.0,-0.0089,0.0013,-1.5332,0.0361,0.0025,0.0038,0.0041,-0.0092,0.0,0.0,-1.201158069032968
121136.09912215,-0.7036,-0.0111,-0.0008,0.0035,-0.0017,0.0004,1.1006,-0.234,0.0,0.0,0.0,0.0,0.0,0.0,-0.0089,0.0013,-1.533,0.0363,0.0025,0.0039,0.0041,-0.0092,0.0,0.0,-1.200095689726182
121136.107433203,-0.7036,-0.0111,-0.0008,0.0035,-0.0017,0.0004,1.1006,-0.234,0.0,0.0,0.0,0.0,0.0,0.0,-0.0089,0.0013,-1.5333,0.036,0.0026,0.0038,0.0041,-0.0092,0.0,0.0,-1.1990068688039797
121136.113443709,-0.7036,-0.0111,-0.0008,0.0035,-0.0017,0.0004,1.1005,-0.234,0.0,0.0,0.0,0.0,0.0,0.0,-0.0089,0.0014,-1.532,0.0369,0.0026,0.0038,0.0041,-0.0092,0.0,0.0,-1.197891636116936
121136.143238492,-0.7036,-0.0111,-0.0008,0.0035,-0.0017,0.0004,1.1005,-0.234,0.0,0.0,0.0,0.0,0.0,0.0,-0.0089,0.0014,-1.5342,0.0355,0.0023,0.004,0.0042,-0.0093,0.0,0.0,-1.1967500222397187
121136.149052291,-0.7036,-0.0111,-0.0008,0.0035,-0.0017,0.0004,1.1004,-0.234,0.0,0.0,0.0,0.0,0.0,0.0,-0.0089,0.0014,-1.5323,0.0367,0.0028,0.0036,0.004,-0.0091,0.0,0.0,-1.1955820584702492
121136.154246276,-0.7036,-0.0111,-0.0008,0.0035,-0.0017,0.0004,1.1004,-0.234,0.0,1e-04,0.0,0.0,0.0,0.0,-0.0089,0.0014,-1.5355,0.0351,0.0021,0.004,0.0043,-0.0093,0.0,0.0,-1.194387776828844
121136.180402732,-0.7036,-0.0111,-0.0008,0.0035,-0.0017,0.0004,1.1003,-0.234,0.0,1e-04,0.0,0.0,0.0,0.0,-0.009,0.0014,-1.5335,0.0359,0.0026,0.0038,0.0041,-0.0092,0.0,0.0,-1.1931672100573376
121136.185366047,-0.7036,-0.0111,-0.0008,0.0035,-0.0017,0.0004,1.1003,-0.234,0.0,1e-04,0.0,0.0,0.0,0.0,-0.009,0.0014,-1.5332,0.0361,0.0026,0.0037,0.0041,-0.0092,0.0,0.0,-1.1919203916181844
121136.190421926,-0.7036,-0.0111,-0.0008,0.0035,-0.0017,0.0004,1.1002,-0.234,0.0,1e-04,0.0,0.0,0.0,0.0,-0.009,0.0014,-1.5332,0.0361,0.0024,0.0039,0.0042,-0.0093,0.0,0.0,-1.190647355693542
121136.195860207,-0.7036,-0.0111,-0.0008,0.0035,-0.0017,0.0004,1.1002,-0.234,0.0,1e-04,0.0,0.0,0.0,0.0,-0.009,0.0014,-1.5333,0.036,0.0026,0.0037,0.0041,-0.0092,0.0,0.0,-1.1893481371843335
121136.226644252,-0.7036,-0.0111,-0.0008,0.0035,-0.0017,0.0004,1.1002,-0.234,0.0,0.0,0.0,0.0,0.0,0.0,-0.009,0.0014,-1.5387,0.0299,0.003,0.0033,0.0039,-0.009,0.0,0.0,-1.1880227717092904
121136.23163598,-0.7036,-0.0111,-0.0008,0.0035,-0.0017,0.0004,1.1001,-0.234,0.0,1e-04,0.0,0.0,0.0,0.0,-0.009,0.0014,-1.5283,0.0413,0.0023,0.004,0.0042,-0.0093,0.0,0.0,-1.1866712956039764
121136.236779691,-0.7036,-0.0111,-0.0008,0.0035,-0.0017,0.0004,1.1001,-0.2339,0.0,1e-04,0.0,0.0,0.0,0.0,-0.009,0.0014,-1.5393,0.03,0.0027,0.0035,0.004,-0.0091,0.0,0.0,-1.1852937459197919
121136.262350416,-0.7036,-0.0111,-0.0008,0.0035,-0.0017,0.0004,1.1,-0.2339,0.0,1e-04,0.0,0.0,0.0,0.0,-0.009,0.0014,-1.531,0.0396,0.002,0.0041,0.0044,-0.0093,0.0,0.0,-1.1838901604229577
121136.267202675,-0.7036,-0.0111,-0.0008,0.0035,-0.0017,0.0004,1.1,-0.2339,0.0,1e-04,0.0,0.0,0.0,0.0,-0.009,0.0014,-1.5364,0.0318,0.0033,0.0032,0.0038,-0.0089,0.0,0.0,-1.1824605775934787
121136.272703561,-0.7036,-0.0111,-0.0008,0.0035,-0.0017,0.0004,1.0999,-0.2339,0.0,1e-04,0.0,0.0,0.0,0.0,-0.009,0.0014,-1.5358,0.0336,0.0024,0.0037,0.0042,-0.0091,0.0,0.0,-1.1810050366240905
121136.299545038,-0.7036,-0.0111,-0.0008,0.0035,-0.0017,0.0004,1.0999,-0.2339,0.0,1e-04,0.0,0.0,0.0,0.0,-0.009,0.0014,-1.534,0.0355,0.0023,0.004,0.0042,-0.0093,0.0,0.0,-1.179523577419184
121136.304272075,-0.7036,-0.0111,-0.0008,0.0035,-0.0017,0.0004,1.0998,-0.2339,0.0,1e-04,0.0,0.0,0.0,0.0,-0.009,0.0014,-1.534,0.0354,0.0026,0.0036,0.0041,-0.0091,0.0,0.0,-1.1780162405937116
121136.309966814,-0.7036,-0.0111,-0.0008,0.0035,-0.0017,0.0004,1.0998,-0.2339,0.0,1e-04,0.0,0.0,0.0,0.0,-0.009,0.0014,-1.5345,0.0356,0.0022,0.0039,0.0043,-0.0092,0.0,0.0,-1.1764830674720739
121136.31545542,-0.7036,-0.0111,-0.0008,0.0035,-0.0017,0.0004,1.0997,-0.2339,0.0,1e-04,0.0,0.0,0.0,0.0,-0.009,0.0014,-1.5338,0.0355,0.0027,0.0036,0.0041,-0.0091,0.0,0.0,-1.1749241000869868
121136.343106885,-0.7036,-0.0111,-0.0008,0.0035,-0.0017,0.0004,1.0997,-0.2339,0.0,0.0002,0.0,0.0,0.0,0.0,-0.0091,0.0014,-1.5348,0.035,0.0024,0.0037,0.0042,-0.0092,0.0,0.0,-1.1733393811783284
121136.348446563,-0.7036,-0.0111,-0.0008,0.0035,-0.0017,0.0004,1.0996,-0.2339,0.0,0.0002,0.0,0.0,0.0,0.0,-0.0091,0.0014,-1.5332,0.0364,0.0023,0.004,0.0042,-0.0093,0.0,0.0,-1.1717289541919675
121136.354010829,-0.7036,-0.0111,-0.0008,0.0035,-0.0017,0.0004,1.0996,-0.2339,0.0,0.0,0.0,0.0,0.0,0.0,-0.0091,0.0014,-1.5334,0.0324,0.0035,0.0034,0.0036,-0.009,0.0,0.0,-1.1700928632785748
121136.383459069,-0.7036,-0.0111,-0.0008,0.0035,-0.0017,0.0004,1.0996,-0.2339,0.0,0.0,0.0,0.0,0.0,0.0,-0.0091,0.0014,-1.5336,0.035,0.0025,0.0037,0.0041,-0.0092,0.0,0.0,-1.1684311532924079
121136.391714214,-0.7036,-0.0112,-0.0008,0.0035,-0.0017,0.0004,1.0995,-0.2339,0.0,1e-04,0.0,0.0,0.0,0.0,-0.0091,0.0014,-1.5363,0.0345,0.0022,0.0038,0.0043,-0.0092,0.0,0.0,-1.166743869790086
121136.397885742,-0.7036,-0.0112,-0.0008,0.0035,-0.0017,0.0004,1.0995,-0.2338,0.0,1e-04,0.0,0.0,0.0,0.0,-0.0091,0.0014,-1.5336,0.0366,0.0026,0.0036,0.0041,-0.0091,0.0,0.0,-1.1650310590293382
121136.42527562,-0.7036,-0.0112,-0.0008,0.0035,-0.0017,0.0004,1.0994,-0.2338,0.0,-0.0002,0.0,0.0,0.0,0.0,-0.0091,0.0014,-1.5222,0.0399,0.0035,0.0039,0.0037,-0.0092,0.0,0.0,-1.1632927679677376
121136.431315333,-0.7035,-0.0112,-0.0008,0.0035,-0.0017,0.0004,1.0994,-0.2338,0.0,-0.0021,-1e-04,-0.0002,0.0,0.0,-0.0091,0.0014,-1.4971,0.0295,0.0024,0.0033,0.0042,-0.0089,0.0,0.0,-1.161529044261411
121136.436807806,-0.7035,-0.0112,-0.0008,0.0035,-0.0017,0.0004,1.0993,-0.2338,0.0,-0.004,-0.0002,-0.0004,0.0,0.0,-0.0091,0.0015,-1.4887,0.0346,0.003,0.0034,0.0039,-0.009,0.0,0.0,-1.1597399362637353
121136.442421384,-0.7035,-0.0112,-0.0008,0.0035,-0.0017,0.0004,1.0993,-0.2338,0.0,-0.0055,-0.0002,-0.0005,0.0,-1e-04,-0.0091,0.0015,-1.4955,0.0421,0.0036,0.004,0.0036,-0.0092,0.0,0.0,-1.1579254930240093
121136.466509662,-0.7034,-0.0112,-0.0008,0.0035,-0.0017,0.0004,1.0992,-0.2338,0.0,-0.0069,-0.0002,-0.0006,0.0,-1e-04,-0.0091,0.0015,-1.5011,0.0362,0.0024,0.0048,0.0042,-0.0096,0.0,0.0,-1.1560857642861118
121136.475992289,-0.7034,-0.0112,-0.0008,0.0035,-0.0017,0.0004,1.0992,-0.2338,0.0211,0.008,0.0003,0.0007,0.0,1e-04,-0.0092,0.0014,-1.4535,0.0365,-0.0006,0.003,0.0053,-0.0093,0.0,0.0,-1.1542208004871348
121136.482145433,-0.7033,-0.0112,-0.0008,0.0035,-0.0017,0.0004,1.0991,-0.2338,0.0168,0.0,0.0,0.0,0.0,0.0,-0.0092,0.0014,-1.4386,0.0353,0.0046,0.0037,0.0033,-0.0089,0.0,0.0,-1.152330652756003
121136.510331315,-0.7032,-0.0112,-0.0008,0.0035,-0.0017,0.0004,1.0991,-0.2338,0.0217,0.0,0.0,0.0,0.0,0.0,-0.0092,0.0014,-1.4375,0.0357,0.0025,0.0037,0.0041,-0.0091,0.0,0.0,-1.1504153729120716
121136.514871403,-0.7031,-0.0112,-0.0008,0.0035,-0.0017,0.0004,1.0991,-0.2338,0.0268,0.0,0.0,0.0,0.0,0.0,-0.0092,0.0014,-1.4326,0.0359,0.0024,0.0039,0.0042,-0.0093,0.0,0.0,-1.1484750134637054
121136.519975632,-0.7029,-0.0112,-0.0008,0.0035,-0.0017,0.0004,1.099,-0.2338,0.0321,0.0,0.0,0.0,0.0,0.0,-0.0092,0.0014,-1.428,0.0357,0.0024,0.0039,0.0042,-0.0092,0.0,0.0,-1.146509627606838
121136.545779257,-0.7027,-0.0112,-0.0008,0.0035,-0.0017,0.0004,1.099,-0.2338,0.0377,0.0,0.0,0.0,0.0,0.0,-0.0092,0.0014,-1.4231,0.0358,0.0025,0.0038,0.0041,-0.0092,0.0,0.0,-1.1445192692235153
121136.551617714,-0.7025,-0.0112,-0.0008,0.0035,-0.0017,0.0004,1.0989,-0.2338,0.0435,0.0,0.0,0.0,0.0,0.0,-0.0092,0.0014,-1.418,0.0357,0.0023,0.004,0.0042,-0.0093,0.0,0.0,-1.1425039928804188
121136.557315169,-0.7022,-0.0112,-0.0008,0.0035,-0.0017,0.0004,1.0989,-0.2338,0.0495,0.0,0.0,0.0,0.0,0.0,-0.0092,0.0014,-1.4132,0.0358,0.0026,0.0037,0.0041,-0.0091,0.0,0.0,-1.1404638538273666
121136.562975795,-0.702,-0.0112,-0.0008,0.0035,-0.0017,0.0004,1.0988,-0.2337,0.0557,0.0,0.0,0.0,0.0,0.0,-0.0092,0.0014,-1.4102,0.0357,0.0023,0.004,0.0042,-0.0093,0.0,0.0,-1.1383989079958021
121136.59007341,-0.7016,-0.0112,-0.0008,0.0035,-0.0017,0.0004,1.0988,-0.2337,0.0621,0.0,0.0,0.0,0.0,0.0,-0.0092,0.0014,-1.4048,0.0358,0.0026,0.0036,0.004,-0.0091,0.0,0.0,-1.1363092119972575
121136.596700511,-0.7013,-0.0112,-0.0008,0.0035,-0.0017,0.0004,1.0987,-0.2337,0.0687,0.0,0.0,0.0,0.0,0.0,-0.0092,0.0014,-1.4003,0.0357,0.0025,0.0038,0.0041,-0.0092,0.0,0.0,-1.1341948231218053
121136.601885726,-0.7009,-0.0112,-0.0008,0.0035,-0.0017,0.0004,1.0987,-0.2337,0.0755,0.0,0.0,0.0,0.0,0.0,-0.0092,0.0014,-1.3958,0.0357,0.0024,0.0039,0.0042,-0.0092,0.0,0.0,-1.132055799336484
121136.628763892,-0.7005,-0.0112,-0.0008,0.0035,-0.0017,0.0004,1.0986,-0.2337,0.0825,0.0,0.0,0.0,0.0,0.0,-0.0092,0.0014,-1.3915,0.0357,0.0026,0.0037,0.0041,-0.0091,0.0,0.0,-1.1298921992837108
121136.63427003,-0.7001,-0.0112,-0.0008,0.0035,-0.0017,0.0004,1.0986,-0.2337,0.0897,0.0,0.0,0.0,0.0,0.0,-0.0092,0.0015,-1.3871,0.0357,0.0025,0.0038,0.0041,-0.0092,0.0,0.0,-1.1277040822796747
121136.639471861,-0.6996,-0.0112,-0.0008,0.0035,-0.0017,0.0004,1.0985,-0.2337,0.0971,0.0,0.0,0.0,0.0,0.0,-0.0092,0.0015,-1.3827,0.0357,0.0025,0.0038,0.0041,-0.0092,0.0,0.0,-1.1254915083127086
121136.665905083,-0.6991,-0.0112,-0.0008,0.0035,-0.0017,0.0004,1.0985,-0.2337,0.1046,0.0,0.0,0.0,0.0,0.0,-0.0092,0.0015,-1.3786,0.0357,0.0023,0.0039,0.0042,-0.0093,0.0,0.0,-1.1232545380416452
121136.671056987,-0.6985,-0.0112,-0.0008,0.0035,-0.0017,0.0004,1.0985,-0.2337,0.1123,0.0,0.0,0.0,0.0,0.0,-0.0093,0.0015,-1.3741,0.0357,0.0026,0.0036,0.0041,-0.0091,0.0,0.0,-1.1209932327941545
121136.676212992,-0.6979,-0.0112,-0.0008,0.0035,-0.0017,0.0004,1.0984,-0.2337,0.1202,0.0,0.0,0.0,0.0,0.0,-0.0093,0.0015,-1.3702,0.0357,0.0026,0.0036,0.0041,-0.0091,0.0,0.0,-1.1187076545650627
121136.681513897,-0.6972,-0.0112,-0.0008,0.0034,-0.0017,0.0004,1.0984,-0.2337,0.1282,0.0,0.0,0.0,0.0,0.0,-0.0093,0.0015,-1.3659,0.0357,0.0024,0.0039,0.0042,-0.0092,0.0,0.0,-1.1163978660146505
121136.709954534,-0.6966,-0.0112,-0.0008,0.0034,-0.0017,0.0004,1.0983,-0.2337,0.1364,0.0,0.0,0.0,0.0,0.0,-0.0093,0.0015,-1.3619,0.0357,0.0024,0.0038,0.0042,-0.0092,0.0,0.0,-1.1140639304669389
121136.71515889,-0.6958,-0.0112,-0.0008,0.0034,-0.0017,0.0004,1.0983,-0.2337,0.1447,0.0,0.0,0.0,0.0,0.0,-0.0093,0.0015,-1.3579,0.0358,0.0026,0.0036,0.0041,-0.0091,0.0,0.0,-1.1117059119079489
121136.720932472,-0.6951,-0.0112,-0.0008,0.0034,-0.0017,0.0004,1.0982,-0.2336,0.1532,0.0,0.0,0.0,0.0,0.0,-0.0093,0.0015,-1.3537,0.0356,0.0024,0.0038,0.0042,-0.0092,0.0,0.0,-1.1093238749839514
121136.747294792,-0.6943,-0.0112,-0.0008,0.0034,-0.0017,0.0004,1.0982,-0.2336,0.1618,0.0,0.0,0.0,0.0,0.0,-0.0093,0.0015,-1.3499,0.0357,0.0023,0.004,0.0043,-0.0093,0.0,0.0,-1.1069178849996917
121136.752354057,-0.6934,-0.0112,-0.0008,0.0034,-0.0017,0.0004,1.0981,-0.2336,0.1705,0.0,0.0,0.0,0.0,0.0,-0.0093,0.0015,-1.3459,0.0357,0.0026,0.0037,0.0041,-0.0091,0.0,0.0,-1.1044880079165997
121136.757893106,-0.6925,-0.0112,-0.0008,0.0034,-0.0017,0.0004,1.0981,-0.2336,0.1794,0.0,0.0,0.0,0.0,0.0,-0.0093,0.0015,-1.3423,0.0357,0.0023,0.0039,0.0042,-0.0093,0.0,0.0,-1.1020343103509842
121136.780982173,-0.6916,-0.0112,-0.0008,0.0034,-0.0017,0.0004,1.098,-0.2336,0.1883,0.0,0.0,0.0,0.0,0.0,-0.0093,0.0015,-1.3386,0.0357,0.0024,0.0039,0.0042,-0.0092,0.0,0.0,-1.0995568595722032
121136.788620253,-0.6906,-0.0112,-0.0008,0.0034,-0.0017,0.0004,1.098,-0.2336,0.1974,0.0,0.0,0.0,0.0,0.0,-0.0093,0.0015,-1.3351,0.0358,0.0028,0.0034,0.004,-0.009,0.0,0.0,-1.0970557235008207
121136.795636805,-0.6895,-0.0112,-0.0008,0.0034,-0.0017,0.0004,1.098,-0.2336,0.2065,0.0,0.0,0.0,0.0,0.0,-0.0093,0.0015,-1.3312,0.0356,0.002,0.0043,0.0044,-0.0094,0.0,0.0,-1.0945309707067459
121136.801144725,-0.6885,-0.0112,-0.0008,0.0034,-0.0017,0.0004,1.0979,-0.2336,0.2157,0.0,0.0,0.0,0.0,0.0,-0.0093,0.0015,-1.3279,0.0358,0.0029,0.0034,0.004,-0.009,0.0,0.0,-1.091982670407352
121136.83076456,-0.6873,-0.0112,-0.0008,0.0034,-0.0017,0.0004,1.0979,-0.2336,0.2251,0.0,0.0,0.0,0.0,0.0,-0.0093,0.0015,-1.3243,0.0357,0.0024,0.0038,0.0042,-0.0092,0.0,0.0,-1.0894108924655792
121136.836253015,-0.6862,-0.0112,-0.0008,0.0034,-0.0017,0.0004,1.0978,-0.2336,0.2345,0.0,0.0,0.0,0.0,0.0,-0.0093,0.0015,-1.3209,0.0357,0.0025,0.0037,0.0042,-0.0092,0.0,0.0,-1.0868157073880187
121136.841405044,-0.6849,-0.0112,-0.0008,0.0034,-0.0017,0.0004,1.0978,-0.2336,0.2439,0.0,0.0,0.0,0.0,0.0,-0.0094,0.0015,-1.3177,0.0357,0.0025,0.0037,0.0042,-0.0092,0.0,0.0,-1.08419718632298
121136.865426477,-0.6837,-0.0112,-0.0008,0.0034,-0.0017,0.0004,1.0977,-0.2336,0.2534,0.0,0.0,0.0,0.0,0.0,-0.0094,0.0015,-1.3145,0.0357,0.0024,0.0039,0.0042,-0.0092,0.0,0.0,-1.0815554010585415
121136.872826584,-0.6824,-0.0112,-0.0008,0.0034,-0.0017,0.0004,1.0977,-0.2336,0.263,0.0,0.0,0.0,0.0,0.0,-0.0094,0.0015,-1.3112,0.0357,0.0027,0.0036,0.0041,-0.0091,0.0,0.0,-1.0788904240205808
121136.879739433,-0.681,-0.0112,-0.0008,0.0034,-0.0017,0.0004,1.0976,-0.2335,0.2726,0.0,0.0,0.0,0.0,0.0,-0.0094,0.0015,-1.3082,0.0357,0.0025,0.0038,0.0042,-0.0092,0.0,0.0,-1.0762023282707882
121136.904498199,-0.6796,-0.0112,-0.0008,0.0034,-0.0017,0.0004,1.0976,-0.2335,0.2822,0.0,0.0,0.0,0.0,0.0,-0.0094,0.0015,-1.3054,0.0357,0.0025,0.0038,0.0042,-0.0092,0.0,0.0,-1.0734911875046684
121136.910996816,-0.6781,-0.0112,-0.0008,0.0034,-0.0017,0.0004,1.0975,-0.2335,0.2919,0.0,0.0,0.0,0.0,0.0,-0.0094,0.0015,-1.3022,0.0357,0.0026,0.0036,0.0042,-0.0091,0.0,0.0,-1.0707570760495142
121136.917274302,-0.6766,-0.0112,-0.0008,0.0034,-0.0017,0.0004,1.0975,-0.2335,0.3015,0.0,0.0,0.0,0.0,0.0,-0.0094,0.0015,-1.2996,0.0357,0.0025,0.0038,0.0042,-0.0092,0.0,0.0,-1.0680000688623714
121136.926090577,-0.6751,-0.0112,-0.0008,0.0034,-0.0017,0.0004,1.0975,-0.2335,0.3112,0.0,0.0,0.0,0.0,0.0,-0.0094,0.0015,-1.2966,0.0357,0.0025,0.0037,0.0042,-0.0092,0.0,0.0,-1.0652202415279866
121136.950664945,-0.6734,-0.0112,-0.0008,0.0034,-0.0017,0.0004,1.0974,-0.2335,0.3209,0.0,0.0,0.0,0.0,0.0,-0.0094,0.0015,-1.2941,0.0357,0.0025,0.0038,0.0043,-0.0092,0.0,0.0,-1.062417670256729
121136.958460494,-0.6718,-0.0112,-0.0008,0.0034,-0.0017,0.0004,1.0974,-0.2335,0.3305,0.0,0.0,0.0,0.0,0.0,-0.0094,0.0015,-1.2912,0.0357,0.0025,0.0037,0.0042,-0.0092,0.0,0.0,-1.0595924318825056
121136.964787731,-0.6701,-0.0112,-0.0008,0.0034,-0.0017,0.0004,1.0973,-0.2335,0.3402,0.0,0.0,0.0,0.0,0.0,-0.0094,0.0015,-1.2886,0.0357,0.0025,0.0037,0.0042,-0.0092,0.0,0.0,-1.056744603860655
121136.992680888,-0.6683,-0.0112,-0.0008,0.0034,-0.0017,0.0004,1.0973,-0.2335,0.3498,0.0,0.0,0.0,0.0,0.0,-0.0094,0.0015,-1.2863,0.0357,0.0026,0.0036,0.0042,-0.0091,0.0,0.0,-1.053874264265819
121136.998503837,-0.6665,-0.0112,-0.0008,0.0034,-0.0017,0.0004,1.0972,-0.2335,0.3594,0.0,0.0,0.0,0.0,0.0,-0.0094,0.0015,-1.2838,0.0356,0.0023,0.004,0.0044,-0.0093,0.0,0.0,-1.0509814917898095
121137.003816013,-0.6647,-0.0112,-0.0008,0.0034,-0.0017,0.0004,1.0972,-0.2335,0.3689,0.0,0.0,0.0,0.0,0.0,-0.0094,0.0015,-1.2816,0.0357,0.0027,0.0035,0.0042,-0.0091,0.0,0.0,-1.048066365739444
121137.029645837,-0.6628,-0.0112,-0.0008,0.0034,-0.0017,0.0004,1.0971,-0.2335,0.3784,0.0,0.0,0.0,0.0,0.0,-0.0095,0.0015,-1.2793,0.0356,0.0024,0.0038,0.0043,-0.0092,0.0,0.0,-1.0451289660343757
121137.035133801,-0.6609,-0.0112,-0.0008,0.0034,-0.0017,0.0004,1.0971,-0.2334,0.3878,0.0,0.0,0.0,0.0,0.0,-0.0095,0.0015,-1.2769,0.0357,0.0027,0.0036,0.0042,-0.0091,0.0,0.0,-1.042169373204902
121137.04004998,-0.6589,-0.0112,-0.0008,0.0034,-0.0017,0.0004,1.097,-0.2334,0.3972,0.0,0.0,0.0,0.0,0.0,-0.0095,0.0015,-1.2751,0.0357,0.0025,0.0038,0.0043,-0.0092,0.0,0.0,-1.0391876683897552
121137.04525138,-0.6568,-0.0112,-0.0008,0.0034,-0.0017,0.0004,1.097,-0.2334,0.4065,0.0,0.0,0.0,0.0,0.0,-0.0095,0.0015,-1.2729,0.0356,0.0025,0.0038,0.0043,-0.0092,0.0,0.0,-1.0361839333338783
121137.075350356,-0.6548,-0.0112,-0.0008,0.0034,-0.0017,0.0004,1.0969,-0.2334,0.4157,0.0,0.0,0.0,0.0,0.0,-0.0095,0.0015,-1.2709,0.0356,0.0027,0.0036,0.0043,-0.0091,0.0,0.0,-1.0331582503861862
121137.081412631,-0.6526,-0.0112,-0.0008,0.0034,-0.0017,0.0004,1.0969,-0.2334,0.4248,0.0,0.0,0.0,0.0,0.0,-0.0095,0.0015,-1.2691,0.0356,0.0025,0.0037,0.0043,-0.0092,0.0,0.0,-1.0301107024973044
121137.086418135,-0.6505,-0.0112,-0.0008,0.0034,-0.0017,0.0004,1.0968,-0.2334,0.4338,0.0,0.0,0.0,0.0,0.0,-0.0095,0.0015,-1.2672,0.0356,0.0025,0.0038,0.0044,-0.0092,0.0,0.0,-1.0270413732172985
121137.111797864,-0.6483,-0.0112,-0.0008,0.0034,-0.0017,0.0004,1.0968,-0.2334,0.4427,0.0,0.0,0.0,0.0,0.0,-0.0095,0.0015,-1.2653,0.0356,0.0027,0.0036,0.0043,-0.0091,0.0,0.0,-1.0239503466933808
121137.117022493,-0.646,-0.0112,-0.0008,0.0034,-0.0017,0.0004,1.0967,-0.2334,0.4515,0.0,0.0,0.0,0.0,0.0,-0.0095,0.0015,-1.2636,0.0356,0.0024,0.0039,0.0044,-0.0092,0.0,0.0,-1.0208377076676045
121137.121971824,-0.6437,-0.0113,-0.0008,0.0034,-0.0017,0.0004,1.0967,-0.2334,0.4602,0.0,0.0,0.0,0.0,0.0,-0.0095,0.0015,-1.2618,0.0356,0.0027,0.0036,0.0043,-0.0091,0.0,0.0,-1.0177035414745417
121137.148311277,-0.6413,-0.0113,-0.0008,0.0034,-0.0017,0.0004,1.0966,-0.2334,0.4688,0.0,0.0,0.0,0.0,0.0,-0.0095,0.0015,-1.2602,0.0356,0.0025,0.0038,0.0044,-0.0092,0.0,0.0,-1.0145479340389416
121137.153344754,-0.639,-0.0113,-0.0008,0.0034,-0.0017,0.0004,1.0966,-0.2334,0.4772,0.0,0.0,0.0,0.0,0.0,-0.0095,0.0015,-1.2588,0.0356,0.0025,0.0039,0.0044,-0.0092,0.0,0.0,-1.011370971873375
121137.158459423,-0.6365,-0.0113,-0.0008,0.0034,-0.0017,0.0004,1.0965,-0.2334,0.4854,0.0,0.0,0.0,0.0,0.0,-0.0095,0.0015,-1.2571,0.0356,0.0027,0.0036,0.0043,-0.0091,0.0,0.0,-1.008172742075866
121137.163559304,-0.6341,-0.0113,-0.0008,0.0034,-0.0017,0.0004,1.0965,-0.2334,0.4936,0.0,0.0,0.0,0.0,0.0,-0.0096,0.0015,-1.2558,0.0356,0.0025,0.0038,0.0044,-0.0092,0.0,0.0,-1.0049533323274993
121137.190882739,-0.6316,-0.0113,-0.0008,0.0034,-0.0017,0.0004,1.0964,-0.2333,0.5015,0.0,0.0,0.0,0.0,0.0,-0.0096,0.0015,-1.2542,0.0356,0.0028,0.0035,0.0043,-0.009,0.0,0.0,-1.001712830890019
121137.196345367,-0.629,-0.0113,-0.0008,0.0034,-0.0017,0.0004,1.0964,-0.2333,0.5093,0.0,0.0,0.0,0.0,0.0,-0.0096,0.0016,-1.2528,0.0356,0.0025,0.0038,0.0045,-0.0092,0.0,0.0,-0.9984513266034101
121137.201287143,-0.6264,-0.0113,-0.0008,0.0034,-0.0017,0.0004,1.0963,-0.2333,0.517,0.0,0.0,0.0,0.0,0.0,-0.0096,0.0016,-1.2516,0.0356,0.0026,0.0038,0.0045,-0.0092,0.0,0.0,-0.9951689088834588
121137.228352147,-0.6238,-0.0113,-0.0008,0.0034,-0.0017,0.0004,1.0963,-0.2333,0.5244,0.0,0.0,0.0,0.0,0.0,-0.0096,0.0016,-1.2503,0.0356,0.0027,0.0036,0.0044,-0.0091,0.0,0.0,-0.9918656677193064
121137.23293262,-0.6211,-0.0113,-0.0008,0.0034,-0.0017,0.0004,1.0962,-0.2333,0.5317,0.0,0.0,0.0,0.0,0.0,-0.0096,0.0016,-1.2493,0.0356,0.0024,0.004,0.0046,-0.0093,0.0,0.0,-0.9885416936709772
121137.237993468,-0.6184,-0.0113,-0.0008,0.0034,-0.0017,0.0004,1.0962,-0.2333,0.5388,0.0,0.0,0.0,0.0,0.0,-0.0096,0.0016,-1.2478,0.0356,0.0028,0.0035,0.0044,-0.009,0.0,0.0,-0.9851970778668985
121137.26651137,-0.6157,-0.0113,-0.0008,0.0034,-0.0017,0.0004,1.0961,-0.2333,0.5457,0.0,0.0,0.0,0.0,0.0,-0.0096,0.0016,-1.2468,0.0356,0.0026,0.0037,0.0045,-0.0091,0.0,0.0,-0.9818319120014031
121137.269269508,-0.6129,-0.0113,-0.0008,0.0034,-0.0017,0.0004,1.0961,-0.2333,0.5524,0.0,0.0,0.0,0.0,0.0,-0.0096,0.0016,-1.2455,0.0356,0.0026,0.0038,0.0045,-0.0092,0.0,0.0,-0.9784462883322126
121137.274175909,-0.6102,-0.0113,-0.0008,0.0034,-0.0017,0.0004,1.096,-0.2333,0.5589,0.0,0.0,0.0,0.0,0.0,-0.0096,0.0016,-1.2443,0.0356,0.0027,0.0037,0.0045,-0.0091,0.0,0.0,-0.9750402996779095
121137.279581649,-0.6073,-0.0113,-0.0008,0.0034,-0.0017,0.0004,1.096,-0.2333,0.5652,0.0,0.0,0.0,0.0,0.0,-0.0096,0.0016,-1.2434,0.0355,0.0026,0.0038,0.0045,-0.0092,0.0,0.0,-0.9716140394153945
121137.305359846,-0.6045,-0.0113,-0.0008,0.0034,-0.0017,0.0004,1.0959,-0.2333,0.5713,0.0,0.0,0.0,0.0,0.0,-0.0096,0.0016,-1.2424,0.0356,0.0028,0.0036,0.0045,-0.0091,0.0,0.0,-0.9681676014773227
121137.312168821,-0.6016,-0.0113,-0.0008,0.0034,-0.0017,0.0004,1.0959,-0.2333,0.5772,0.0,0.0,0.0,0.0,0.0,-0.0096,0.0016,-1.2413,0.0355,0.0026,0.0038,0.0046,-0.0092,0.0,0.0,-0.9647010803495307
121137.317897062,-0.5987,-0.0113,-0.0008,0.0034,-0.0017,0.0004,1.0958,-0.2332,0.5828,0.0,0.0,0.0,0.0,0.0,-0.0096,0.0016,-1.2403,0.0356,0.0027,0.0037,0.0045,-0.0092,0.0,0.0,-0.9612145710684475
121137.344511307,-0.5957,-0.0113,-0.0008,0.0034,-0.0017,0.0004,1.0958,-0.2332,0.5882,0.0,0.0,0.0,0.0,0.0,-0.0097,0.0016,-1.2393,0.0355,0.0026,0.0038,0.0046,-0.0092,0.0,0.0,-0.9577081692184851
121137.349721699,-0.5928,-0.0113,-0.0008,0.0034,-0.0017,0.0004,1.0957,-0.2332,0.5934,0.0,0.0,0.0,0.0,0.0,-0.0097,0.0016,-1.2382,0.0355,0.0027,0.0037,0.0046,-0.0092,0.0,0.0,-0.9541819709294225
121137.354999847,-0.5898,-0.0113,-0.0008,0.0034,-0.0017,0.0004,1.0957,-0.2332,0.5984,0.0,0.0,0.0,0.0,0.0,-0.0097,0.0016,-1.2373,0.0356,0.0028,0.0036,0.0045,-0.0091,0.0,0.0,-0.950636072873766
121137.383332292,-0.5867,-0.0113,-0.0008,0.0034,-0.0017,0.0004,1.0957,-0.2332,0.6031,0.0,0.0,0.0,0.0,0.0,-0.0097,0.0016,-1.236,0.0355,0.0027,0.0037,0.0046,-0.0092,0.0,0.0,-0.947070572264103
121137.388316769,-0.5837,-0.0113,-0.0008,0.0034,-0.0017,0.0004,1.0956,-0.2332,0.6076,0.0,0.0,0.0,0.0,0.0,-0.0097,0.0016,-1.2352,0.0356,0.0025,0.0039,0.0047,-0.0093,0.0,0.0,-0.9434855668504334
121137.394014333,-0.5806,-0.0113,-0.0008,0.0034,-0.0017,0.0004,1.0956,-0.2332,0.6119,0.0,0.0,0.0,0.0,0.0,-0.0097,0.0016,-1.2341,0.0355,0.0029,0.0035,0.0045,-0.009,0.0,0.0,-0.9398811549174915
121137.399395227,-0.5776,-0.0113,-0.0008,0.0034,-0.0017,0.0004,1.0955,-0.2332,0.6159,0.0,0.0,0.0,0.0,0.0,-0.0097,0.0016,-1.2331,0.0355,0.0026,0.0039,0.0047,-0.0092,0.0,0.0,-0.9362574352820505
121137.428878547,-0.5745,-0.0113,-0.0008,0.0034,-0.0017,0.0004,1.0955,-0.2332,0.6197,0.0,0.0,0.0,0.0,0.0,-0.0097,0.0016,-1.232,0.0355,0.0028,0.0036,0.0046,-0.0091,0.0,0.0,-0.932614507290216
121137.433530894,-0.5713,-0.0113,-0.0008,0.0034,-0.0017,0.0004,1.0954,-0.2332,0.6232,0.0,0.0,0.0,0.0,0.0,-0.0097,0.0016,-1.2311,0.0355,0.0027,0.0037,0.0046,-0.0092,0.0,0.0,-0.9289524708146987
121137.438812684,-0.5682,-0.0113,-0.0008,0.0034,-0.0017,0.0004,1.0954,-0.2332,0.6265,0.0,0.0,0.0,0.0,0.0,-0.0097,0.0016,-1.2298,0.0355,0.0028,0.0036,0.0046,-0.0091,0.0,0.0,-0.9252714262520775
121137.466486677,-0.5651,-0.0113,-0.0008,0.0034,-0.0017,0.0004,1.0953,-0.2332,0.6295,0.0,0.0,0.0,0.0,0.0,-0.0097,0.0016,-1.2288,0.0355,0.0026,0.0038,0.0047,-0.0092,0.0,0.0,-0.92157147452005
121137.476246896,-0.5619,-0.0113,-0.0008,0.0034,-0.0017,0.0004,1.0953,-0.2331,0.6323,0.0,0.0,0.0,0.0,0.0,-0.0097,0.0016,-1.2279,0.0355,0.0027,0.0038,0.0047,-0.0092,0.0,0.0,-0.9178527170546605
121137.481487129,-0.5587,-0.0113,-0.0008,0.0034,-0.0017,0.0004,1.0952,-0.2331,0.6348,0.0,0.0,0.0,0.0,0.0,-0.0098,0.0016,-1.2267,0.0355,0.0029,0.0035,0.0046,-0.0091,0.0,0.0,-0.914115255807525
121137.51176078,-0.5555,-0.0113,-0.0008,0.0034,-0.0017,0.0004,1.0952,-0.2331,0.6371,0.0,0.0,0.0,0.0,0.0,-0.0098,0.0016,-1.2256,0.0355,0.0027,0.0038,0.0047,-0.0092,0.0,0.0,-0.9103591932430299
121137.516410433,-0.5523,-0.0113,-0.0008,0.0034,-0.0017,0.0004,1.0951,-0.2331,0.6392,0.0,0.0,0.0,0.0,0.0,-0.0098,0.0016,-1.2241,0.0355,0.0028,0.0038,0.0047,-0.0092,0.0,0.0,-0.9065846323355294
121137.521849376,-0.5491,-0.0113,-0.0008,0.0034,-0.0017,0.0004,1.0951,-0.2331,0.641,0.0,0.0,0.0,0.0,0.0,-0.0098,0.0016,-1.2229,0.0355,0.0029,0.0035,0.0046,-0.0091,0.0,0.0,-0.9027916765665167
121137.527223026,-0.5459,-0.0113,-0.0008,0.0034,-0.0017,0.0004,1.095,-0.2331,0.6425,0.0,0.0,0.0,0.0,0.0,-0.0098,0.0016,-1.2219,0.0354,0.0025,0.004,0.0048,-0.0093,0.0,0.0,-0.8989804299217902
121137.552202164,-0.5427,-0.0113,-0.0008,0.0034,-0.0017,0.0004,1.095,-0.2331,0.6438,0.0,0.0,0.0,0.0,0.0,-0.0098,0.0016,-1.2204,0.0355,0.0031,0.0034,0.0046,-0.009,0.0,0.0,-0.8951509968886011
121137.560649642,-0.5395,-0.0113,-0.0008,0.0034,-0.0017,0.0004,1.0949,-0.2331,0.6449,0.0,0.0,0.0,0.0,0.0,-0.0098,0.0016,-1.2189,0.0355,0.0026,0.0039,0.0048,-0.0092,0.0,0.0,-0.891303482452792
121137.56610714,-0.5362,-0.0113,-0.0008,0.0034,-0.0017,0.0004,1.0949,-0.2331,0.6457,0.0,0.0,0.0,0.0,0.0,-0.0098,0.0016,-1.2176,0.0355,0.0029,0.0036,0.0047,-0.0091,0.0,0.0,-0.887437992095914
121137.596284271,-0.533,-0.0113,-0.0008,0.0034,-0.0017,0.0004,1.0948,-0.2331,0.6462,0.0,0.0,0.0,0.0,0.0,-0.0098,0.0016,-1.2161,0.0355,0.0028,0.0037,0.0048,-0.0092,0.0,0.0,-0.8835546317923372
121137.601131271,-0.5298,-0.0113,-0.0008,0.0034,-0.0017,0.0004,1.0948,-0.2331,0.6466,0.0,0.0,0.0,0.0,0.0,-0.0098,0.0016,-1.2146,0.0355,0.0029,0.0036,0.0047,-0.0091,0.0,0.0,-0.8796535080063472
121137.606356465,-0.5265,-0.0113,-0.0008,0.0034,-0.0017,0.0004,1.0947,-0.233,0.6466,0.0,0.0,0.0,0.0,0.0,-0.0098,0.0016,-1.213,0.0355,0.0028,0.0037,0.0048,-0.0092,0.0,0.0,-0.875734727689222
121137.634654837,-0.5233,-0.0113,-0.0008,0.0034,-0.0017,0.0004,1.0947,-0.233,0.6465,0.0,0.0,0.0,0.0,0.0,-0.0098,0.0016,-1.2113,0.0354,0.0028,0.0038,0.0048,-0.0092,0.0,0.0,-0.8717983982763048
121137.640470131,-0.5201,-0.0113,-0.0008,0.0034,-0.0017,0.0004,1.0946,-0.233,0.6461,0.0,0.0,0.0,0.0,0.0,-0.0098,0.0016,-1.2095,0.0355,0.003,0.0035,0.0047,-0.009,0.0,0.0,-0.8678446276840536
121137.645979024,-0.5168,-0.0113,-0.0008,0.0034,-0.0017,0.0004,1.0946,-0.233,0.6455,0.0,0.0,0.0,0.0,0.0,-0.0099,0.0016,-1.2076,0.0354,0.0027,0.0039,0.0049,-0.0093,0.0,0.0,-0.8638735243070879
121137.651859609,-0.5136,-0.0113,-0.0008,0.0034,-0.0017,0.0004,1.0945,-0.233,0.6447,0.0,0.0,0.0,0.0,0.0,-0.0099,0.0016,-1.2057,0.0355,0.0031,0.0035,0.0047,-0.009,0.0,0.0,-0.8598851970152118
121137.679323547,-0.5104,-0.0113,-0.0008,0.0034,-0.0017,0.0004,1.0945,-0.233,0.6436,0.0,0.0,0.0,0.0,0.0,-0.0099,0.0016,-1.2039,0.0354,0.0027,0.0039,0.0049,-0.0093,0.0,0.0,-0.8558797551504329
121137.68463934,-0.5072,-0.0113,-0.0008,0.0034,-0.0017,0.0004,1.0944,-0.233,0.6424,0.0,0.0,0.0,0.0,0.0,-0.0099,0.0016,-1.2018,0.0354,0.003,0.0036,0.0048,-0.0091,0.0,0.0,-0.8518573085239625
121137.68971737,-0.504,-0.0113,-0.0008,0.0034,-0.0017,0.0004,1.0944,-0.233,0.6409,0.0,0.0,0.0,0.0,0.0,-0.0099,0.0016,-1.1995,0.0354,0.0029,0.0036,0.0048,-0.0091,0.0,0.0,-0.8478179674132083
121137.715447117,-0.5008,-0.0113,-0.0008,0.0034,-0.0017,0.0004,1.0943,-0.233,0.6392,0.0,0.0,0.0,0.0,0.0,-0.0099,0.0016,-1.1975,0.0354,0.0028,0.0039,0.0049,-0.0092,0.0,0.0,-0.8437618425587464
121137.721121619,-0.4976,-0.0113,-0.0008,0.0034,-0.0017,0.0004,1.0943,-0.233,0.6373,0.0,0.0,0.0,0.0,0.0,-0.0099,0.0016,-1.1951,0.0354,0.003,0.0036,0.0048,-0.0091,0.0,0.0,-0.8396890451612882
121137.726356581,-0.4944,-0.0113,-0.0008,0.0034,-0.0017,0.0004,1.0942,-0.233,0.6352,0.0,0.0,0.0,0.0,0.0,-0.0099,0.0016,-1.1926,0.0354,0.0029,0.0038,0.0049,-0.0092,0.0,0.0,-0.8355996868786328
121137.75043991,-0.4913,-0.0113,-0.0008,0.0034,-0.0017,0.0004,1.0942,-0.233,0.6329,0.0,0.0,0.0,0.0,0.0,-0.0099,0.0016,-1.1903,0.0354,0.003,0.0036,0.0048,-0.0091,0.0,0.0,-0.8314938798226019
121137.760118873,-0.4881,-0.0113,-0.0008,0.0034,-0.0017,0.0004,1.0941,-0.2329,0.6304,0.0,0.0,0.0,0.0,0.0,-0.0099,0.0017,-1.1877,0.0354,0.0029,0.0037,0.0049,-0.0092,0.0,0.0,-0.8273717365559717
121137.765526637,-0.485,-0.0113,-0.0008,0.0034,-0.0017,0.0004,1.0941,-0.2329,0.6278,0.0,0.0,0.0,0.0,0.0,-0.0099,0.0017,-1.1849,0.0354,0.003,0.0036,0.0048,-0.0091,0.0,0.0,-0.8232333700893804
121137.77089076,-0.4818,-0.0113,-0.0008,0.0034,-0.0017,0.0004,1.094,-0.2329,0.6249,0.0,0.0,0.0,0.0,0.0,-0.0099,0.0017,-1.1821,0.0354,0.003,0.0035,0.0048,-0.0091,0.0,0.0,-0.8190788938782366
121137.800574873,-0.4787,-0.0113,-0.0008,0.0034,-0.0017,0.0004,1.094,-0.2329,0.6219,0.0,0.0,0.0,0.0,0.0,-0.01,0.0017,-1.1792,0.0354,0.0027,0.004,0.005,-0.0093,0.0,0.0,-0.8149084218196037
121137.804287339,-0.4756,-0.0113,-0.0008,0.0034,-0.0017,0.0004,1.0939,-0.2329,0.6188,0.0,0.0,0.0,0.0,0.0,-0.01,0.0017,-1.1762,0.0354,0.0031,0.0035,0.0048,-0.0091,0.0,0.0,-0.8107220682490798
121137.809976568,-0.4726,-0.0114,-0.0008,0.0034,-0.0017,0.0004,1.0939,-0.2329,0.6154,0.0,0.0,0.0,0.0,0.0,-0.01,0.0017,-1.1732,0.0354,0.0029,0.0038,0.0049,-0.0092,0.0,0.0,-0.8065199479376619
121137.834697926,-0.4695,-0.0114,-0.0008,0.0034,-0.0017,0.0004,1.0938,-0.2329,0.6119,0.0,0.0,0.0,0.0,0.0,-0.01,0.0017,-1.17,0.0354,0.0032,0.0034,0.0048,-0.009,0.0,0.0,-0.8023021760886028
121137.841741569,-0.4664,-0.0114,-0.0008,0.0034,-0.0017,0.0004,1.0938,-0.2329,0.6083,0.0,0.0,0.0,0.0,0.0,-0.01,0.0017,-1.1665,0.0354,0.0028,0.0039,0.005,-0.0092,0.0,0.0,-0.7980688683342473
121137.849784162,-0.4634,-0.0114,-0.0008,0.0034,-0.0017,0.0004,1.0937,-0.2329,0.6046,0.0,0.0,0.0,0.0,0.0,-0.01,0.0017,-1.1632,0.0354,0.0031,0.0036,0.0049,-0.0091,0.0,0.0,-0.7938201407328653
121137.881345323,-0.4604,-0.0114,-0.0008,0.0034,-0.0017,0.0004,1.0937,-0.2329,0.6007,0.0,0.0,0.0,0.0,0.0,-0.01,0.0017,-1.1596,0.0354,0.0029,0.0038,0.0049,-0.0092,0.0,0.0,-0.7895561097654719
121137.883857784,-0.4574,-0.0114,-0.0008,0.0034,-0.0017,0.0004,1.0936,-0.2329,0.5967,0.0,0.0,0.0,0.0,0.0,-0.01,0.0017,-1.1562,0.0354,0.0031,0.0036,0.0049,-0.0091,0.0,0.0,-0.7852768923326281
121137.889133022,-0.4545,-0.0114,-0.0008,0.0034,-0.0017,0.0004,1.0936,-0.2328,0.5925,0.0,0.0,0.0,0.0,0.0,-0.01,0.0017,-1.1524,0.0354,0.0031,0.0036,0.0049,-0.0091,0.0,0.0,-0.7809826057512432
121137.895021382,-0.4515,-0.0114,-0.0008,0.0034,-0.0017,0.0004,1.0935,-0.2328,0.5883,0.0,0.0,0.0,0.0,0.0,-0.01,0.0017,-1.1485,0.0354,0.0029,0.0038,0.005,-0.0092,0.0,0.0,-0.7766733677513518
121137.919004834,-0.4486,-0.0114,-0.0008,0.0034,-0.0017,0.0004,1.0935,-0.2328,0.5839,0.0,0.0,0.0,0.0,0.0,-0.01,0.0017,-1.1443,0.0354,0.0031,0.0036,0.0049,-0.0091,0.0,0.0,-0.7723492964728915
121137.926042837,-0.4457,-0.0114,-0.0008,0.0034,-0.0017,0.0004,1.0934,-0.2328,0.5795,0.0,0.0,0.0,0.0,0.0,-0.01,0.0017,-1.1403,0.0353,0.003,0.0037,0.005,-0.0092,0.0,0.0,-0.7680105104624602
121137.932701992,-0.4428,-0.0114,-0.0008,0.0034,-0.0017,0.0004,1.0934,-0.2328,0.575,0.0,0.0,0.0,0.0,0.0,-0.0101,0.0017,-1.1363,0.0354,0.003,0.0038,0.005,-0.0092,0.0,0.0,-0.7636571286700673
121137.962109961,-0.44,-0.0114,-0.0008,0.0034,-0.0017,0.0004,1.0933,-0.2328,0.5704,0.0,0.0,0.0,0.0,0.0,-0.0101,0.0017,-1.1319,0.0354,0.0031,0.0036,0.0049,-0.0091,0.0,0.0,-0.7592892704458754
121137.967128701,-0.4372,-0.0114,-0.0008,0.0034,-0.0017,0.0004,1.0933,-0.2328,0.5657,0.0,0.0,0.0,0.0,0.0,-0.0101,0.0017,-1.1274,0.0354,0.0031,0.0036,0.0049,-0.0091,0.0,0.0,-0.7549070555369232
121137.972435316,-0.4343,-0.0114,-0.0008,0.0034,-0.0017,0.0004,1.0932,-0.2328,0.561,0.0,0.0,0.0,0.0,0.0,-0.0101,0.0017,-1.1229,0.0353,0.003,0.0038,0.005,-0.0092,0.0,0.0,-0.7505106040838461
121137.999453693,-0.4316,-0.0114,-0.0008,0.0034,-0.0017,0.0004,1.0932,-0.2328,0.5562,0.0,0.0,0.0,0.0,0.0,-0.0101,0.0017,-1.118,0.0354,0.0032,0.0035,0.0049,-0.0091,0.0,0.0,-0.7461000366175807
121138.004471172,-0.4288,-0.0114,-0.0008,0.0034,-0.0017,0.0004,1.0931,-0.2328,0.5514,0.0,0.0,0.0,0.0,0.0,-0.0101,0.0017,-1.1134,0.0353,0.0031,0.0036,0.005,-0.0091,0.0,0.0,-0.7416754740560636
121138.009681248,-0.4261,-0.0114,-0.0008,0.0034,-0.0017,0.0004,1.0931,-0.2328,0.5465,0.0,0.0,0.0,0.0,0.0,-0.0101,0.0017,-1.1084,0.0353,0.0029,0.0039,0.0051,-0.0092,0.0,0.0,-0.737237037700912
121138.015238091,-0.4234,-0.0114,-0.0008,0.0034,-0.0017,0.0004,1.093,-0.2328,0.5416,0.0,0.0,0.0,0.0,0.0,-0.0101,0.0017,-1.1033,0.0353,0.0033,0.0034,0.0049,-0.009,0.0,0.0,-0.7327848492340996
121138.045598223,-0.4207,-0.0114,-0.0008,0.0034,-0.0017,0.0004,1.093,-0.2327,0.5367,0.0,0.0,0.0,0.0,0.0,-0.0101,0.0017,-1.0982,0.0353,0.0029,0.0039,0.0051,-0.0092,0.0,0.0,-0.7283190307146239
121138.051160856,-0.418,-0.0114,-0.0008,0.0034,-0.0017,0.0004,1.0929,-0.2327,0.5318,0.0,0.0,0.0,0.0,0.0,-0.0101,0.0017,-1.0928,0.0353,0.0032,0.0035,0.0049,-0.009,0.0,0.0,-0.7238397045751546
121138.056642458,-0.4154,-0.0114,-0.0008,0.0034,-0.0017,0.0004,1.0929,-0.2327,0.5269,0.0,0.0,0.0,0.0,0.0,-0.0101,0.0017,-1.0873,0.0353,0.003,0.0038,0.005,-0.0092,0.0,0.0,-0.7193469936186798
121138.086054955,-0.4128,-0.0114,-0.0008,0.0034,-0.0017,0.0004,1.0928,-0.2327,0.5219,0.0,0.0,0.0,0.0,0.0,-0.0102,0.0017,-1.0821,0.0353,0.0031,0.0037,0.005,-0.0091,0.0,0.0,-0.7148410210151407
121138.091260704,-0.4102,-0.0114,-0.0008,0.0034,-0.0017,0.0004,1.0928,-0.2327,0.517,0.0,0.0,0.0,0.0,0.0,-0.0102,0.0017,-1.0762,0.0353,0.003,0.0038,0.005,-0.0092,0.0,0.0,-0.7103219102980523
121138.096420246,-0.4076,-0.0114,-0.0008,0.0034,-0.0017,0.0004,1.0927,-0.2327,0.5121,0.0,0.0,0.0,0.0,0.0,-0.0102,0.0017,-1.0706,0.0353,0.0033,0.0034,0.0049,-0.009,0.0,0.0,-0.7057897853611186
121138.120556554,-0.4051,-0.0114,-0.0008,0.0034,-0.0017,0.0004,1.0927,-0.2327,0.5073,0.0,0.0,0.0,0.0,0.0,-0.0102,0.0017,-1.0646,0.0353,0.0031,0.0037,0.005,-0.0091,0.0,0.0,-0.7012447704548331
121138.128204753,-0.4026,-0.0114,-0.0008,0.0034,-0.0017,0.0004,1.0926,-0.2327,0.5025,0.0,0.0,0.0,0.0,0.0,-0.0102,0.0017,-1.0586,0.0353,0.0031,0.0037,0.005,-0.0092,0.0,0.0,-0.6966869901830757
121138.133310745,-0.4001,-0.0114,-0.0008,0.0034,-0.0017,0.0004,1.0926,-0.2327,0.4977,0.0,0.0,0.0,0.0,0.0,-0.0102,0.0017,-1.0526,0.0353,0.0031,0.0037,0.005,-0.0091,0.0,0.0,-0.692116569499694
121138.138269042,-0.3976,-0.0114,-0.0008,0.0034,-0.0017,0.0004,1.0925,-0.2327,0.493,0.0,0.0,0.0,0.0,0.0,-0.0102,0.0017,-1.0465,0.0353,0.0031,0.0037,0.0051,-0.0092,0.0,0.0,-0.6875336337050812
121138.163922978,-0.3952,-0.0114,-0.0008,0.0034,-0.0017,0.0004,1.0925,-0.2327,0.4883,0.0,0.0,0.0,0.0,0.0,-0.0102,0.0017,-1.0401,0.0353,0.0033,0.0035,0.005,-0.0091,0.0,0.0,-0.6829383084427365
121138.169447986,-0.3928,-0.0114,-0.0008,0.0034,-0.0017,0.0004,1.0924,-0.2326,0.4837,0.0,0.0,0.0,0.0,0.0,-0.0102,0.0017,-1.0337,0.0353,0.0031,0.0037,0.005,-0.0091,0.0,0.0,-0.6783307196958226
121138.175254057,-0.3904,-0.0114,-0.0008,0.0034,-0.0017,0.0004,1.0924,-0.2326,0.4792,0.0,0.0,0.0,0.0,0.0,-0.0102,0.0017,-1.0272,0.0353,0.0031,0.0037,0.005,-0.0091,0.0,0.0,-0.6737109937837138
121138.202830635,-0.388,-0.0114,-0.0008,0.0034,-0.0017,0.0004,1.0923,-0.2326,0.4747,0.0,0.0,0.0,0.0,0.0,-0.0102,0.0017,-1.0207,0.0353,0.0032,0.0035,0.005,-0.0091,0.0,0.0,-0.669079257358529
121138.207823747,-0.3856,-0.0114,-0.0008,0.0034,-0.0017,0.0004,1.0923,-0.2326,0.4704,0.0,0.0,0.0,0.0,0.0,-0.0102,0.0017,-1.0139,0.0353,0.0031,0.0037,0.0051,-0.0092,0.0,0.0,-0.6644356374016612
121138.21324704,-0.3833,-0.0114,-0.0008,0.0034,-0.0017,0.0004,1.0922,-0.2326,0.4661,0.0,0.0,0.0,0.0,0.0,-0.0103,0.0017,-1.007,0.0353,0.0031,0.0037,0.0051,-0.0092,0.0,0.0,-0.6597802612202989
121138.238352613,-0.381,-0.0114,-0.0008,0.0034,-0.0017,0.0004,1.0922,-0.2326,0.462,0.0,0.0,0.0,0.0,0.0,-0.0103,0.0017,-1.0001,0.0353,0.0032,0.0036,0.005,-0.0091,0.0,0.0,-0.6551132564439308
121138.246120424,-0.3787,-0.0114,-0.0008,0.0034,-0.0017,0.0004,1.0921,-0.2326,0.4579,0.0,0.0,0.0,0.0,0.0,-0.0103,0.0017,-0.9932,0.0353,0.0032,0.0036,0.005,-0.0091,0.0,0.0,-0.6504347510208504
121138.251842785,-0.3764,-0.0114,-0.0008,0.0034,-0.0017,0.0004,1.0921,-0.2326,0.454,0.0,0.0,0.0,0.0,0.0,-0.0103,0.0017,-0.986,0.0353,0.0031,0.0038,0.0051,-0.0092,0.0,0.0,-0.6457448732146465
121138.256942535,-0.3742,-0.0114,-0.0008,0.0034,-0.0017,0.0004,1.092,-0.2326,0.4502,0.0,0.0,0.0,0.0,0.0,-0.0103,0.0017,-0.9788,0.0353,0.0033,0.0035,0.005,-0.009,0.0,0.0,-0.6410437516006896
121138.283067533,-0.3719,-0.0114,-0.0008,0.0034,-0.0017,0.0004,1.0919,-0.2326,0.4465,0.0,0.0,0.0,0.0,0.0,-0.0103,0.0017,-0.9715,0.0353,0.0031,0.0038,0.0051,-0.0092,0.0,0.0,-0.636331515062603
121138.288048307,-0.3697,-0.0114,-0.0008,0.0034,-0.0017,0.0004,1.0919,-0.2325,0.443,0.0,0.0,0.0,0.0,0.0,-0.0103,0.0017,-0.9642,0.0353,0.0032,0.0036,0.005,-0.0091,0.0,0.0,-0.6316082927887308
121138.293338322,-0.3675,-0.0114,-0.0008,0.0034,-0.0017,0.0004,1.0918,-0.2325,0.4396,0.0,0.0,0.0,0.0,0.0,-0.0103,0.0017,-0.9569,0.0352,0.0031,0.0037,0.0051,-0.0091,0.0,0.0,-0.6268742142685991
121138.317080657,-0.3653,-0.0114,-0.0008,0.0034,-0.0017,0.0004,1.0918,-0.2325,0.4364,0.0,0.0,0.0,0.0,0.0,-0.0103,0.0018,-0.9493,0.0353,0.0033,0.0035,0.005,-0.009,0.0,0.0,-0.6221294092893613
121138.325501374,-0.3632,-0.0114,-0.0008,0.0034,-0.0017,0.0004,1.0917,-0.2325,0.4333,0.0,0.0,0.0,0.0,0.0,-0.0103,0.0018,-0.9417,0.0352,0.003,0.0039,0.0052,-0.0093,0.0,0.0,-0.6173740079322418
121138.331294877,-0.361,-0.0114,-0.0008,0.0034,-0.0017,0.0004,1.0917,-0.2325,0.4303,0.0,0.0,0.0,0.0,0.0,-0.0103,0.0018,-0.9341,0.0352,0.0033,0.0034,0.005,-0.009,0.0,0.0,-0.6126081405689721
121138.35865481,-0.3589,-0.0114,-0.0008,0.0034,-0.0017,0.0004,1.0916,-0.2325,0.4275,0.0,0.0,0.0,0.0,0.0,-0.0104,0.0018,-0.9264,0.0352,0.0032,0.0036,0.0051,-0.0091,0.0,0.0,-0.6078319378582128
121138.364885258,-0.3568,-0.0114,-0.0008,0.0034,-0.0017,0.0004,1.0916,-0.2325,0.4249,0.0,0.0,0.0,0.0,0.0,-0.0104,0.0018,-0.9184,0.0352,0.003,0.0038,0.0052,-0.0092,0.0,0.0,-0.6030455307419751
121138.370100474,-0.3546,-0.0114,-0.0008,0.0034,-0.0017,0.0004,1.0915,-0.2325,0.4225,0.0,0.0,0.0,0.0,0.0,-0.0104,0.0018,-0.9108,0.0352,0.0034,0.0034,0.005,-0.009,0.0,0.0,-0.5982490504420273
121138.375137558,-0.3525,-0.0114,-0.0008,0.0034,-0.0017,0.0004,1.0915,-0.2325,0.4202,0.0,0.0,0.0,0.0,0.0,-0.0104,0.0018,-0.9028,0.0352,0.003,0.0038,0.0052,-0.0092,0.0,0.0,-0.5934426284562992
121138.402951567,-0.3504,-0.0114,-0.0008,0.0034,-0.0017,0.0004,1.0914,-0.2325,0.4182,0.0,0.0,0.0,0.0,0.0,-0.0104,0.0018,-0.8948,0.0352,0.0033,0.0035,0.005,-0.0091,0.0,0.0,-0.5886263965552772
121138.407962172,-0.3484,-0.0114,-0.0008,0.0034,-0.0017,0.0004,1.0914,-0.2325,0.4163,0.0,0.0,0.0,0.0,0.0,-0.0104,0.0018,-0.8868,0.0352,0.0031,0.0037,0.0051,-0.0092,0.0,0.0,-0.5838004867783931
121138.413287993,-0.3463,-0.0114,-0.0008,0.0034,-0.0017,0.0004,1.0913,-0.2324,0.4146,0.0,0.0,0.0,0.0,0.0,-0.0104,0.0018,-0.8785,0.0352,0.0033,0.0035,0.0051,-0.0091,0.0,0.0,-0.5789650314304006
121138.438952168,-0.3442,-0.0114,-0.0008,0.0034,-0.0017,0.0004,1.0913,-0.2324,0.413,0.0,0.0,0.0,0.0,0.0,-0.0104,0.0018,-0.8705,0.0352,0.0029,0.0039,0.0052,-0.0093,0.0,0.0,-0.5741201630777497
121138.446688541,-0.3422,-0.0114,-0.0008,0.0034,-0.0017,0.0004,1.0912,-0.2324,0.4117,0.0,0.0,0.0,0.0,0.0,-0.0104,0.0018,-0.8622,0.0352,0.0035,0.0033,0.005,-0.0089,0.0,0.0,-0.5692660145449553
121138.452548899,-0.3401,-0.0114,-0.0008,0.0034,-0.0017,0.0004,1.0911,-0.2324,0.4106,0.0,0.0,0.0,0.0,0.0,-0.0104,0.0018,-0.8539,0.0352,0.003,0.0039,0.0052,-0.0092,0.0,0.0,-0.5644027189109508
121138.47868915,-0.3381,-0.0114,-0.0008,0.0034,-0.0017,0.0004,1.0911,-0.2324,0.4096,0.0,0.0,0.0,0.0,0.0,-0.0104,0.0018,-0.8459,0.0352,0.0034,0.0033,0.005,-0.009,0.0,0.0,-0.5595304095054418
121138.484488393,-0.336,-0.0114,-0.0008,0.0034,-0.0017,0.0004,1.091,-0.2324,0.4089,0.0,0.0,0.0,0.0,0.0,-0.0104,0.0018,-0.8376,0.0352,0.003,0.0038,0.0052,-0.0092,0.0,0.0,-0.5546492199052534
121138.489901493,-0.334,-0.0114,-0.0008,0.0034,-0.0017,0.0004,1.091,-0.2324,0.4084,0.0,0.0,0.0,0.0,0.0,-0.0105,0.0018,-0.8293,0.0352,0.0032,0.0036,0.0051,-0.0091,0.0,0.0,-0.5497592839306635
121138.495549149,-0.3319,-0.0114,-0.0008,0.0034,-0.0017,0.0004,1.0909,-0.2324,0.4081,0.0,0.0,0.0,0.0,0.0,-0.0105,0.0018,-0.8207,0.0352,0.003,0.0039,0.0052,-0.0092,0.0,0.0,-0.5448607356417362
121138.519067136,-0.3299,-0.0114,-0.0008,0.0034,-0.0017,0.0004,1.0909,-0.2324,0.4079,0.0,0.0,0.0,0.0,0.0,-0.0105,0.0018,-0.8124,0.0352,0.0031,0.0037,0.0051,-0.0092,0.0,0.0,-0.5399537093346489
121138.526488622,-0.3279,-0.0114,-0.0008,0.0034,-0.0017,0.0004,1.0908,-0.2324,0.408,0.0,0.0,0.0,0.0,0.0,-0.0105,0.0018,-0.8041,0.0352,0.0034,0.0034,0.005,-0.009,0.0,0.0,-0.5350383395380056
121138.531701172,-0.3258,-0.0114,-0.0008,0.0034,-0.0017,0.0004,1.0908,-0.2324,0.4083,0.0,0.0,0.0,0.0,0.0,-0.0105,0.0018,-0.7955,0.0352,0.0028,0.0041,0.0053,-0.0094,0.0,0.0,-0.5301147610091527
121138.559210895,-0.3238,-0.0114,-0.0008,0.0034,-0.0017,0.0004,1.0907,-0.2323,0.4088,0.0,0.0,0.0,0.0,0.0,-0.0105,0.0018,-0.7873,0.0352,0.0033,0.0035,0.0051,-0.0091,0.0,0.0,-0.5251831087304815
121138.565469544,-0.3217,-0.0114,-0.0008,0.0034,-0.0017,0.0004,1.0907,-0.2323,0.4095,0.0,0.0,0.0,0.0,0.0,-0.0105,0.0018,-0.7787,0.0351,0.0031,0.0037,0.0052,-0.0092,0.0,0.0,-0.5202435179057321
121138.574578434,-0.3197,-0.0114,-0.0008,0.0034,-0.0017,0.0004,1.0906,-0.2323,0.4104,0.0,0.0,0.0,0.0,0.0,-0.0105,0.0018,-0.7704,0.0352,0.003,0.0039,0.0052,-0.0093,0.0,0.0,-0.5152961239562814
121138.602468129,-0.3176,-0.0114,-0.0008,0.0034,-0.0017,0.0004,1.0906,-0.2323,0.4115,0.0,0.0,0.0,0.0,0.0,-0.0105,0.0018,-0.7618,0.0351,0.0035,0.0032,0.005,-0.0089,0.0,0.0,-0.5103410625174329
121138.6073049,-0.3155,-0.0115,-0.0008,0.0034,-0.0017,0.0004,1.0905,-0.2323,0.4129,0.0,0.0,0.0,0.0,0.0,-0.0105,0.0018,-0.7535,0.0352,0.0029,0.0039,0.0053,-0.0093,0.0,0.0,-0.5053784694346998
121138.613090494,-0.3135,-0.0115,-0.0008,0.0034,-0.0017,0.0004,1.0905,-0.2323,0.4144,0.0,0.0,0.0,0.0,0.0,-0.0105,0.0018,-0.745,0.0352,0.0033,0.0035,0.0051,-0.009,0.0,0.0,-0.5004084807600782
121138.618819246,-0.3114,-0.0115,-0.0008,0.0034,-0.0017,0.0004,1.0904,-0.2323,0.4161,0.0,0.0,0.0,0.0,0.0,-0.0105,0.0018,-0.7364,0.0352,0.0031,0.0037,0.0052,-0.0092,0.0,0.0,-0.4954312327483192
121138.645915253,-0.3093,-0.0115,-0.0008,0.0034,-0.0017,0.0004,1.0903,-0.2323,0.418,0.0,0.0,0.0,0.0,0.0,-0.0106,0.0018,-0.7282,0.0351,0.0033,0.0035,0.0051,-0.0091,0.0,0.0,-0.4904468618531903
121138.651300922,-0.3072,-0.0115,-0.0008,0.0034,-0.0017,0.0004,1.0903,-0.2323,0.4202,0.0,0.0,0.0,0.0,0.0,-0.0106,0.0018,-0.7196,0.0351,0.003,0.0038,0.0052,-0.0092,0.0,0.0,-0.48545550472373666
121138.656690632,-0.3051,-0.0115,-0.0008,0.0034,-0.0017,0.0004,1.0902,-0.2323,0.4225,0.0,0.0,0.0,0.0,0.0,-0.0106,0.0018,-0.7114,0.0351,0.0033,0.0035,0.0051,-0.009,0.0,0.0,-0.48045729820053695
121138.68282436,-0.3029,-0.0115,-0.0008,0.0034,-0.0017,0.0004,1.0902,-0.2322,0.425,0.0,0.0,0.0,0.0,0.0,-0.0106,0.0018,-0.7029,0.0351,0.0032,0.0037,0.0052,-0.0091,0.0,0.0,-0.47545237931194706
121138.688872128,-0.3008,-0.0115,-0.0008,0.0034,-0.0017,0.0004,1.0901,-0.2322,0.4277,0.0,0.0,0.0,0.0,0.0,-0.0106,0.0018,-0.6946,0.0351,0.0034,0.0033,0.0051,-0.009,0.0,0.0,-0.47044088527034655
121138.693796707,-0.2986,-0.0115,-0.0008,0.0034,-0.0017,0.0004,1.0901,-0.2322,0.4306,0.0,0.0,0.0,0.0,0.0,-0.0106,0.0018,-0.6864,0.0351,0.0032,0.0036,0.0052,-0.0091,0.0,0.0,-0.46542295346837526
121138.720789571,-0.2965,-0.0115,-0.0008,0.0034,-0.0017,0.0004,1.09,-0.2322,0.4337,0.0,0.0,0.0,0.0,0.0,-0.0106,0.0018,-0.6779,0.0351,0.0033,0.0035,0.0052,-0.0091,0.0,0.0,-0.4603987214751699
121138.727161253,-0.2943,-0.0115,-0.0008,0.0034,-0.0017,0.0004,1.09,-0.2322,0.437,0.0,0.0,0.0,0.0,0.0,-0.0106,0.0018,-0.6697,0.0351,0.0032,0.0035,0.0052,-0.0091,0.0,0.0,-0.4553683270325879
121138.733598856,-0.2921,-0.0115,-0.0008,0.0034,-0.0017,0.0004,1.0899,-0.2322,0.4404,0.0,0.0,0.0,0.0,0.0,-0.0106,0.0018,-0.6615,0.0351,0.0033,0.0035,0.0051,-0.009,0.0,0.0,-0.45033190805143297
121138.738693918,-0.2899,-0.0115,-0.0008,0.0034,-0.0017,0.0004,1.0899,-0.2322,0.444,0.0,0.0,0.0,0.0,0.0,-0.0106,0.0018,-0.6534,0.0351,0.0031,0.0037,0.0052,-0.0092,0.0,0.0,-0.44528960260767736
121138.765132925,-0.2876,-0.0115,-0.0008,0.0034,-0.0017,0.0004,1.0898,-0.2322,0.4478,0.0,0.0,0.0,0.0,0.0,-0.0107,0.0018,-0.6452,0.0351,0.0033,0.0034,0.0051,-0.009,0.0,0.0,-0.44024154893867107
121138.770548976,-0.2854,-0.0115,-0.0008,0.0034,-0.0017,0.0004,1.0898,-0.2322,0.4517,0.0,0.0,0.0,0.0,0.0,-0.0107,0.0018,-0.6373,0.0351,0.0031,0.0037,0.0052,-0.0092,0.0,0.0,-0.4351878854393546
121138.776302124,-0.2831,-0.0115,-0.0008,0.0034,-0.0017,0.0004,1.0897,-0.2322,0.4558,0.0,0.0,0.0,0.0,0.0,-0.0107,0.0018,-0.6291,0.0351,0.0031,0.0037,0.0053,-0.0092,0.0,0.0,-0.4301287506584673
121138.800132601,-0.2808,-0.0115,-0.0008,0.0034,-0.0017,0.0004,1.0897,-0.2321,0.4601,0.0,0.0,0.0,0.0,0.0,-0.0107,0.0018,-0.6213,0.0351,0.0034,0.0033,0.0051,-0.009,0.0,0.0,-0.42506428329474394
121138.807346701,-0.2785,-0.0115,-0.0008,0.0034,-0.0017,0.0004,1.0896,-0.2321,0.4645,0.0,0.0,0.0,0.0,0.0,-0.0107,0.0018,-0.6131,0.0351,0.003,0.0038,0.0053,-0.0092,0.0,0.0,-0.4199946221931148
121138.814534412,-0.2761,-0.0115,-0.0008,0.0034,-0.0017,0.0004,1.0895,-0.2321,0.469,0.0,0.0,0.0,0.0,0.0,-0.0107,0.0018,-0.6053,0.0351,0.0033,0.0035,0.0052,-0.009,0.0,0.0,-0.4149199063409015
121138.842216835,-0.2737,-0.0115,-0.0008,0.0034,-0.0017,0.0004,1.0895,-0.2321,0.4737,0.0,0.0,0.0,0.0,0.0,-0.0107,0.0018,-0.5975,0.0351,0.0031,0.0037,0.0053,-0.0092,0.0,0.0,-0.4098402748640019
121138.848193531,-0.2713,-0.0115,-0.0008,0.0034,-0.0017,0.0004,1.0894,-0.2321,0.4785,0.0,0.0,0.0,0.0,0.0,-0.0107,0.0018,-0.5896,0.0351,0.0033,0.0034,0.0052,-0.009,0.0,0.0,-0.40475586702307875
121138.853477925,-0.2689,-0.0115,-0.0008,0.0034,-0.0017,0.0004,1.0894,-0.2321,0.4835,0.0,0.0,0.0,0.0,0.0,-0.0107,0.0018,-0.5821,0.0351,0.003,0.0038,0.0053,-0.0092,0.0,0.0,-0.3996668222097406
121138.858314315,-0.2665,-0.0115,-0.0008,0.0034,-0.0017,0.0004,1.0893,-0.2321,0.4885,0.0,0.0,0.0,0.0,0.0,-0.0107,0.0018,-0.5743,0.0351,0.0034,0.0033,0.0051,-0.009,0.0,0.0,-0.3945732799427225
121138.885339833,-0.264,-0.0115,-0.0008,0.0034,-0.0017,0.0004,1.0893,-0.2321,0.4937,0.0,0.0,0.0,0.0,0.0,-0.0107,0.0018,-0.5667,0.0351,0.0031,0.0037,0.0053,-0.0092,0.0,0.0,-0.3894753798640588
121138.890219285,-0.2615,-0.0115,-0.0008,0.0034,-0.0017,0.0004,1.0892,-0.2321,0.499,0.0,0.0,0.0,0.0,0.0,-0.0107,0.0019,-0.5592,0.0351,0.0033,0.0035,0.0052,-0.0091,0.0,0.0,-0.3843732617352561
121138.895687762,-0.259,-0.0115,-0.0008,0.0034,-0.0017,0.0004,1.0892,-0.2321,0.5044,0.0,0.0,0.0,0.0,0.0,-0.0108,0.0019,-0.5517,0.035,0.0031,0.0037,0.0053,-0.0091,0.0,0.0,-0.37926706543345945
121138.919437415,-0.2564,-0.0115,-0.0008,0.0034,-0.0017,0.0004,1.0891,-0.2321,0.5099,0.0,0.0,0.0,0.0,0.0,-0.0108,0.0019,-0.5445,0.0351,0.0033,0.0035,0.0052,-0.0091,0.0,0.0,-0.3741569309476189
121138.92701138,-0.2539,-0.0115,-0.0008,0.0034,-0.0017,0.0004,1.0891,-0.232,0.5154,0.0,0.0,0.0,0.0,0.0,-0.0108,0.0019,-0.5373,0.035,0.0032,0.0036,0.0053,-0.0091,0.0,0.0,-0.3690429983746546
121138.932935828,-0.2513,-0.0115,-0.0008,0.0034,-0.0017,0.0004,1.089,-0.232,0.5211,0.0,0.0,0.0,0.0,0.0,-0.0108,0.0019,-0.53,0.035,0.0032,0.0036,0.0053,-0.0091,0.0,0.0,-0.3639254079156103
121138.960218886,-0.2486,-0.0115,-0.0008,0.0034,-0.0017,0.0004,1.089,-0.232,0.5268,0.0,0.0,0.0,0.0,0.0,-0.0108,0.0019,-0.5228,0.035,0.0033,0.0034,0.0052,-0.009,0.0,0.0,-0.3588042998718127
121138.966899513,-0.246,-0.0115,-0.0008,0.0034,-0.0017,0.0004,1.0889,-0.232,0.5326,0.0,0.0,0.0,0.0,0.0,-0.0108,0.0019,-0.5156,0.0351,0.0029,0.004,0.0054,-0.0093,0.0,0.0,-0.3536798146410276
121138.972146218,-0.2433,-0.0115,-0.0008,0.0034,-0.0017,0.0004,1.0888,-0.232,0.5384,0.0,0.0,0.0,0.0,0.0,-0.0108,0.0019,-0.5087,0.035,0.0035,0.0033,0.0052,-0.009,0.0,0.0,-0.34855209271360527
121138.977129691,-0.2405,-0.0115,-0.0008,0.0034,-0.0017,0.0004,1.0888,-0.232,0.5443,0.0,0.0,0.0,0.0,0.0,-0.0108,0.0019,-0.5018,0.0351,0.003,0.0039,0.0054,-0.0093,0.0,0.0,-0.3434212746686326
121139.000922458,-0.2378,-0.0115,-0.0008,0.0034,-0.0017,0.0004,1.0887,-0.232,0.5502,0.0,0.0,0.0,0.0,0.0,-0.0108,0.0019,-0.4949,0.035,0.0033,0.0035,0.0052,-0.0091,0.0,0.0,-0.3382875011700773
121139.008782873,-0.235,-0.0115,-0.0008,0.0034,-0.0017,0.0004,1.0887,-0.232,0.5562,0.0,0.0,0.0,0.0,0.0,-0.0108,0.0019,-0.4882,0.035,0.0032,0.0036,0.0053,-0.0091,0.0,0.0,-0.33315091296293475
121139.015117635,-0.2322,-0.0115,-0.0008,0.0034,-0.0017,0.0004,1.0886,-0.232,0.5622,0.0,0.0,0.0,0.0,0.0,-0.0108,0.0019,-0.4813,0.0351,0.0031,0.0037,0.0053,-0.0092,0.0,0.0,-0.32801165086936457
121139.040791296,-0.2293,-0.0115,-0.0008,0.0034,-0.0017,0.0004,1.0886,-0.232,0.5682,0.0,0.0,0.0,0.0,0.0,-0.0109,0.0019,-0.4747,0.035,0.0035,0.0032,0.0052,-0.0089,0.0,0.0,-0.32286985578483235
121139.047106382,-0.2265,-0.0115,-0.0008,0.0034,-0.0017,0.0004,1.0885,-0.2319,0.5743,0.0,0.0,0.0,0.0,0.0,-0.0109,0.0019,-0.4683,0.0351,0.003,0.0039,0.0054,-0.0092,0.0,0.0,-0.31772566867424934
121139.05248923,-0.2236,-0.0115,-0.0008,0.0034,-0.0017,0.0004,1.0885,-0.2319,0.5803,0.0,0.0,0.0,0.0,0.0,-0.0109,0.0019,-0.4617,0.035,0.0033,0.0035,0.0053,-0.0091,0.0,0.0,-0.3125792305681029
121139.079141504,-0.2206,-0.0115,-0.0008,0.0034,-0.0017,0.0004,1.0884,-0.2319,0.5863,0.0,0.0,0.0,0.0,0.0,-0.0109,0.0019,-0.4553,0.035,0.0032,0.0036,0.0053,-0.0091,0.0,0.0,-0.3074306825585925
121139.084561301,-0.2177,-0.0115,-0.0008,0.0034,-0.0017,0.0004,1.0884,-0.2319,0.5923,0.0,0.0,0.0,0.0,0.0,-0.0109,0.0019,-0.4493,0.035,0.0032,0.0035,0.0053,-0.0091,0.0,0.0,-0.3022801657957644
121139.090033025,-0.2147,-0.0115,-0.0008,0.0034,-0.0017,0.0004,1.0883,-0.2319,0.5983,0.0,0.0,0.0,0.0,0.0,-0.0109,0.0019,-0.4429,0.035,0.0032,0.0036,0.0053,-0.0091,0.0,0.0,-0.2971278214836365
121139.095910274,-0.2116,-0.0115,-0.0008,0.0034,-0.0017,0.0004,1.0883,-0.2319,0.6043,0.0,0.0,0.0,0.0,0.0,-0.0109,0.0019,-0.4368,0.035,0.0031,0.0038,0.0054,-0.0092,0.0,0.0,-0.29197379087633085
121139.125868944,-0.2086,-0.0115,-0.0008,0.0034,-0.0017,0.0004,1.0882,-0.2319,0.6103,0.0,0.0,0.0,0.0,0.0,-0.0109,0.0019,-0.4307,0.035,0.0035,0.0033,0.0052,-0.0089,0.0,0.0,-0.2868182152741983
121139.132960862,-0.2055,-0.0115,-0.0008,0.0034,-0.0017,0.0004,1.0882,-0.2319,0.6161,0.0,0.0,0.0,0.0,0.0,-0.0109,0.0019,-0.4249,0.035,0.0031,0.0037,0.0054,-0.0091,0.0,0.0,-0.2816612360199518
121139.138307692,-0.2024,-0.0115,-0.0008,0.0034,-0.0017,0.0004,1.0881,-0.2319,0.622,0.0,0.0,0.0,0.0,0.0,-0.0109,0.0019,-0.4188,0.035,0.0032,0.0036,0.0053,-0.0091,0.0,0.0,-0.27650299449478005
121139.164839412,-0.1993,-0.0115,-0.0008,0.0034,-0.0017,0.0004,1.088,-0.2318,0.6278,0.0,0.0,0.0,0.0,0.0,-0.0109,0.0019,-0.413,0.035,0.0033,0.0034,0.0053,-0.009,0.0,0.0,-0.27134363211448187
121139.169985619,-0.1961,-0.0115,-0.0008,0.0034,-0.0017,0.0004,1.088,-0.2318,0.6335,0.0,0.0,0.0,0.0,0.0,-0.011,0.0019,-0.4074,0.035,0.003,0.0039,0.0055,-0.0092,0.0,0.0,-0.26618329032558224
121139.175100228,-0.1929,-0.0115,-0.0008,0.0034,-0.0017,0.0004,1.0879,-0.2318,0.6392,0.0,0.0,0.0,0.0,0.0,-0.011,0.0019,-0.4016,0.035,0.0034,0.0033,0.0053,-0.009,0.0,0.0,-0.2610221106014572
121139.203413217,-0.1897,-0.0115,-0.0008,0.0034,-0.0017,0.0004,1.0879,-0.2318,0.6447,0.0,0.0,0.0,0.0,0.0,-0.011,0.0019,-0.396,0.035,0.0032,0.0037,0.0054,-0.0091,0.0,0.0,-0.25586023443845773
121139.208246321,-0.1864,-0.0115,-0.0008,0.0034,-0.0017,0.0004,1.0878,-0.2318,0.6502,0.0,0.0,0.0,0.0,0.0,-0.011,0.0019,-0.3907,0.0349,0.0035,0.0033,0.0053,-0.009,0.0,0.0,-0.2506978033520255
121139.214059451,-0.1831,-0.0115,-0.0008,0.0034,-0.0017,0.0004,1.0878,-0.2318,0.6556,0.0,0.0,0.0,0.0,0.0,-0.011,0.0019,-0.3851,0.035,0.0031,0.0037,0.0054,-0.0092,0.0,0.0,-0.24553495887281568
121139.219422692,-0.1798,-0.0115,-0.0008,0.0034,-0.0017,0.0004,1.0877,-0.2318,0.6609,0.0,0.0,0.0,0.0,0.0,-0.011,0.0019,-0.3798,0.0349,0.0033,0.0035,0.0054,-0.0091,0.0,0.0,-0.24037184254281938
121139.248323035,-0.1765,-0.0115,-0.0008,0.0034,-0.0017,0.0004,1.0877,-0.2318,0.6661,0.0,0.0,0.0,0.0,0.0,-0.011,0.0019,-0.3745,0.035,0.0032,0.0037,0.0054,-0.0091,0.0,0.0,-0.23520859591147802
121139.251720069,-0.1731,-0.0115,-0.0008,0.0034,-0.0017,0.0004,1.0876,-0.2318,0.6712,0.0,0.0,0.0,0.0,0.0,-0.011,0.0019,-0.3691,0.0349,0.0034,0.0033,0.0053,-0.009,0.0,0.0,-0.23004536053180624
121139.257121937,-0.1697,-0.0115,-0.0008,0.0034,-0.0017,0.0004,1.0875,-0.2318,0.6761,0.0,0.0,0.0,0.0,0.0,-0.011,0.0019,-0.3641,0.0349,0.0031,0.0037,0.0055,-0.0092,0.0,0.0,-0.22488227795650928
121139.282682587,-0.1663,-0.0115,-0.0008,0.0034,-0.0017,0.0004,1.0875,-0.2317,0.6809,0.0,0.0,0.0,0.0,0.0,-0.011,0.0019,-0.359,0.0349,0.0033,0.0036,0.0054,-0.0091,0.0,0.0,-0.21971948973410577
121139.288415817,-0.1629,-0.0115,-0.0008,0.0034,-0.0017,0.0004,1.0874,-0.2317,0.6856,0.0,0.0,0.0,0.0,0.0,-0.011,0.0019,-0.3539,0.0349,0.0032,0.0036,0.0054,-0.0091,0.0,0.0,-0.21455713740504195
121139.293572695,-0.1594,-0.0115,-0.0008,0.0034,-0.0017,0.0004,1.0874,-0.2317,0.6902,0.0,0.0,0.0,0.0,0.0,-0.0111,0.0019,-0.349,0.0349,0.0034,0.0034,0.0053,-0.009,0.0,0.0,-0.20939536249781376
121139.317630175,-0.156,-0.0115,-0.0008,0.0034,-0.0017,0.0004,1.0873,-0.2317,0.6946,0.0,0.0,0.0,0.0,0.0,-0.0111,0.0019,-0.3442,0.0349,0.0032,0.0037,0.0055,-0.0092,0.0,0.0,-0.20423430652508953
121139.326396646,-0.1525,-0.0115,-0.0008,0.0034,-0.0017,0.0004,1.0873,-0.2317,0.6988,0.0,0.0,0.0,0.0,0.0,-0.0111,0.0019,-0.3393,0.0349,0.0034,0.0034,0.0053,-0.009,0.0,0.0,-0.19907411097982494
121139.332458866,-0.149,-0.0115,-0.0008,0.0034,-0.0017,0.0004,1.0872,-0.2317,0.7029,0.0,0.0,0.0,0.0,0.0,-0.0111,0.0019,-0.3344,0.0349,0.0031,0.0038,0.0055,-0.0092,0.0,0.0,-0.19391491733138663
121139.337722827,-0.1454,-0.0115,-0.0008,0.0034,-0.0017,0.0004,1.0871,-0.2317,0.7068,0.0,0.0,0.0,0.0,0.0,-0.0111,0.0019,-0.3298,0.0349,0.0035,0.0033,0.0053,-0.009,0.0,0.0,-0.18875686702167638
121139.364535962,-0.1419,-0.0116,-0.0008,0.0034,-0.0017,0.0004,1.0871,-0.2317,0.7106,0.0,0.0,0.0,0.0,0.0,-0.0111,0.0019,-0.3251,0.0349,0.0033,0.0036,0.0054,-0.0091,0.0,0.0,-0.18360010146124814
121139.368906474,-0.1383,-0.0116,-0.0008,0.0034,-0.0017,0.0004,1.087,-0.2317,0.7142,0.0,0.0,0.0,0.0,0.0,-0.0111,0.0019,-0.3205,0.0349,0.0033,0.0036,0.0054,-0.0091,0.0,0.0,-0.17844476202543377
121139.374198193,-0.1347,-0.0116,-0.0008,0.0034,-0.0017,0.0004,1.087,-0.2317,0.7176,0.0,0.0,0.0,0.0,0.0,-0.0111,0.0019,-0.3158,0.0349,0.0035,0.0032,0.0053,-0.0089,0.0,0.0,-0.173290990050469
121139.401391966,-0.1311,-0.0116,-0.0008,0.0034,-0.0017,0.0004,1.0869,-0.2316,0.7208,0.0,0.0,0.0,0.0,0.0,-0.0111,0.0019,-0.3114,0.0349,0.0032,0.0036,0.0055,-0.0091,0.0,0.0,-0.16813892682961679
121139.406226598,-0.1275,-0.0116,-0.0008,0.0034,-0.0017,0.0004,1.0869,-0.2316,0.7238,0.0,0.0,0.0,0.0,0.0,-0.0111,0.002,-0.3066,0.0349,0.0035,0.0033,0.0054,-0.009,0.0,0.0,-0.16298871360929115
121139.41120657,-0.1238,-0.0116,-0.0008,0.0034,-0.0017,0.0004,1.0868,-0.2316,0.7267,0.0,0.0,0.0,0.0,0.0,-0.0112,0.002,-0.3022,0.0349,0.0032,0.0037,0.0055,-0.0091,0.0,0.0,-0.15784049158519087
121139.435093613,-0.1202,-0.0116,-0.0008,0.0034,-0.0017,0.0004,1.0867,-0.2316,0.7294,0.0,0.0,0.0,0.0,0.0,-0.0112,0.002,-0.2977,0.0349,0.0034,0.0034,0.0054,-0.009,0.0,0.0,-0.15269440189842248
121139.444413737,-0.1165,-0.0116,-0.0008,0.0034,-0.0017,0.0004,1.0867,-0.2316,0.7318,0.0,0.0,0.0,0.0,0.0,-0.0112,0.002,-0.2935,0.0349,0.0032,0.0037,0.0055,-0.0092,0.0,0.0,-0.14755058563163342
121139.450151095,-0.1129,-0.0116,-0.0008,0.0033,-0.0017,0.0004,1.0866,-0.2316,0.7341,0.0,0.0,0.0,0.0,0.0,-0.0112,0.002,-0.2889,0.0349,0.0034,0.0034,0.0054,-0.009,0.0,0.0,-0.14240918380514672
121139.455034653,-0.1092,-0.0116,-0.0008,0.0033,-0.0017,0.0004,1.0866,-0.2316,0.7362,0.0,0.0,0.0,0.0,0.0,-0.0112,0.002,-0.2847,0.0349,0.0033,0.0036,0.0055,-0.0091,0.0,0.0,-0.13727033737308975
121139.482760252,-0.1055,-0.0116,-0.0008,0.0033,-0.0017,0.0004,1.0865,-0.2316,0.738,0.0,0.0,0.0,0.0,0.0,-0.0112,0.002,-0.2804,0.0349,0.0034,0.0035,0.0054,-0.009,0.0,0.0,-0.1321341872195325
121139.487841303,-0.1018,-0.0116,-0.0008,0.0033,-0.0017,0.0004,1.0865,-0.2316,0.7397,0.0,0.0,0.0,0.0,0.0,-0.0112,0.002,-0.276,0.0349,0.0032,0.0037,0.0055,-0.0092,0.0,0.0,-0.1270008741546276
121139.492836348,-0.0981,-0.0116,-0.0008,0.0033,-0.0017,0.0004,1.0864,-0.2316,0.7411,0.0,0.0,0.0,0.0,0.0,-0.0112,0.002,-0.2717,0.0349,0.0034,0.0034,0.0054,-0.009,0.0,0.0,-0.12187053891074498
121139.52089595,-0.0944,-0.0116,-0.0008,0.0033,-0.0017,0.0004,1.0863,-0.2315,0.7423,0.0,0.0,0.0,0.0,0.0,-0.0112,0.002,-0.2676,0.0349,0.0033,0.0036,0.0055,-0.0091,0.0,0.0,-0.11674332213861605
121139.52577223,-0.0906,-0.0116,-0.0008,0.0033,-0.0017,0.0004,1.0863,-0.2315,0.7433,0.0,0.0,0.0,0.0,0.0,-0.0112,0.002,-0.2632,0.0349,0.0034,0.0035,0.0054,-0.0091,0.0,0.0,-0.11161936440348032
121139.531452862,-0.0869,-0.0116,-0.0008,0.0033,-0.0017,0.0004,1.0862,-0.2315,0.7441,0.0,0.0,0.0,0.0,0.0,-0.0112,0.002,-0.2591,0.0349,0.0033,0.0036,0.0055,-0.0091,0.0,0.0,-0.10649880618122662
121139.561072445,-0.0832,-0.0116,-0.0008,0.0033,-0.0017,0.0004,1.0862,-0.2315,0.7447,0.0,0.0,0.0,0.0,0.0,-0.0113,0.002,-0.2547,0.0349,0.0034,0.0035,0.0055,-0.0091,0.0,0.0,-0.10138178785454519
121139.566621693,-0.0795,-0.0116,-0.0008,0.0033,-0.0017,0.0004,1.0861,-0.2315,0.7451,0.0,0.0,0.0,0.0,0.0,-0.0113,0.002,-0.2505,0.0349,0.0033,0.0036,0.0055,-0.0091,0.0,0.0,-0.0962684497090775
121139.572394919,-0.0757,-0.0116,-0.0008,0.0033,-0.0017,0.0004,1.0861,-0.2315,0.7452,0.0,0.0,0.0,0.0,0.0,-0.0113,0.002,-0.2463,0.0349,0.0034,0.0034,0.0054,-0.009,0.0,0.0,-0.09115893192957347
121139.577609753,-0.072,-0.0116,-0.0008,0.0033,-0.0017,0.0004,1.086,-0.2315,0.7452,0.0,0.0,0.0,0.0,0.0,-0.0113,0.002,-0.2421,0.0349,0.0033,0.0035,0.0055,-0.0091,0.0,0.0,-0.08605337459604323
121139.601771268,-0.0683,-0.0116,-0.0008,0.0033,-0.0017,0.0004,1.0859,-0.2315,0.7449,0.0,0.0,0.0,0.0,0.0,-0.0113,0.002,-0.2378,0.0349,0.0033,0.0035,0.0055,-0.0091,0.0,0.0,-0.0809519176799193
121139.610591711,-0.0646,-0.0116,-0.0008,0.0033,-0.0017,0.0004,1.0859,-0.2315,0.7444,0.0,0.0,0.0,0.0,0.0,-0.0113,0.002,-0.2336,0.0349,0.0034,0.0034,0.0054,-0.009,0.0,0.0,-0.07585470104022168
121139.616544771,-0.0608,-0.0116,-0.0008,0.0033,-0.0017,0.0004,1.0858,-0.2314,0.7436,0.0,0.0,0.0,0.0,0.0,-0.0113,0.002,-0.2296,0.0349,0.0034,0.0034,0.0054,-0.009,0.0,0.0,-0.0707618644197186
121139.644374258,-0.0571,-0.0116,-0.0008,0.0033,-0.0017,0.0004,1.0858,-0.2314,0.7427,0.0,0.0,0.0,0.0,0.0,-0.0113,0.002,-0.2253,0.0349,0.0033,0.0036,0.0055,-0.0091,0.0,0.0,-0.06567354744109771
121139.649771063,-0.0534,-0.0116,-0.0008,0.0033,-0.0017,0.0004,1.0857,-0.2314,0.7415,0.0,0.0,0.0,0.0,0.0,-0.0113,0.002,-0.2209,0.0349,0.0035,0.0034,0.0054,-0.009,0.0,0.0,-0.06058988960314027
121139.65513736,-0.0497,-0.0116,-0.0008,0.0033,-0.0017,0.0004,1.0857,-0.2314,0.7402,0.0,0.0,0.0,0.0,0.0,-0.0113,0.002,-0.2166,0.0349,0.0033,0.0037,0.0055,-0.0091,0.0,0.0,-0.0555110302768938
121139.683989577,-0.046,-0.0116,-0.0008,0.0033,-0.0017,0.0004,1.0856,-0.2314,0.7386,0.0,0.0,0.0,0.0,0.0,-0.0114,0.002,-0.2125,0.0348,0.0034,0.0035,0.0055,-0.0091,0.0,0.0,-0.050437108701853195
121139.694269555,-0.0423,-0.0116,-0.0008,0.0033,-0.0017,0.0004,1.0855,-0.2314,0.7368,0.0,0.0,0.0,0.0,0.0,-0.0114,0.002,-0.2081,0.0349,0.0034,0.0035,0.0055,-0.009,0.0,0.0,-0.045368263982140694
121139.699657743,-0.0387,-0.0116,-0.0008,0.0033,-0.0017,0.0004,1.0855,-0.2314,0.7348,0.0,0.0,0.0,0.0,0.0,-0.0114,0.002,-0.2036,0.0349,0.0034,0.0035,0.0055,-0.0091,0.0,0.0,-0.040304635082694745
121139.705294513,-0.035,-0.0116,-0.0008,0.0033,-0.0017,0.0004,1.0854,-0.2314,0.7326,0.0,0.0,0.0,0.0,0.0,-0.0114,0.002,-0.1992,0.0349,0.0034,0.0035,0.0055,-0.009,0.0,0.0,-0.03524636082545865
121139.732116054,-0.0313,-0.0116,-0.0008,0.0033,-0.0017,0.0004,1.0854,-0.2314,0.7302,0.0,0.0,0.0,0.0,0.0,-0.0114,0.002,-0.195,0.0349,0.0031,0.0039,0.0056,-0.0093,0.0,0.0,-0.030193579885578054
121139.73709541,-0.0277,-0.0116,-0.0008,0.0033,-0.0017,0.0004,1.0853,-0.2314,0.7276,0.0,0.0,0.0,0.0,0.0,-0.0114,0.002,-0.1905,0.0349,0.0037,0.0031,0.0053,-0.0089,0.0,0.0,-0.025146430787593987
121139.742215448,-0.0241,-0.0116,-0.0008,0.0033,-0.0017,0.0004,1.0853,-0.2313,0.7248,0.0,0.0,0.0,0.0,0.0,-0.0114,0.002,-0.186,0.0348,0.0032,0.0037,0.0056,-0.0092,0.0,0.0,-0.020105051901647658
121139.768134838,-0.0205,-0.0116,-0.0008,0.0033,-0.0017,0.0004,1.0852,-0.2313,0.7218,0.0,0.0,0.0,0.0,0.0,-0.0114,0.002,-0.1815,0.0349,0.0034,0.0035,0.0055,-0.0091,0.0,0.0,-0.015069581439689533
121139.773351111,-0.0169,-0.0116,-0.0008,0.0033,-0.0017,0.0004,1.0851,-0.2313,0.7186,0.0,0.0,0.0,0.0,0.0,-0.0114,0.002,-0.177,0.0349,0.0034,0.0035,0.0055,-0.0091,0.0,0.0,-0.010040157451685155
121139.778456597,-0.0133,-0.0116,-0.0008,0.0033,-0.0017,0.0004,1.0851,-0.2313,0.7152,0.0,0.0,0.0,0.0,0.0,-0.0114,0.002,-0.1724,0.0349,0.0034,0.0035,0.0055,-0.009,0.0,0.0,-0.005016917821832861
121139.802111869,-0.0097,-0.0116,-0.0008,0.0033,-0.0017,0.0004,1.085,-0.2313,0.7117,0.0,0.0,0.0,0.0,0.0,-0.0114,0.002,-0.1676,0.0348,0.0034,0.0036,0.0055,-0.0091,0.0,0.0,-2.647863317495336e-10
121139.810519532,-0.0062,-0.0116,-0.0008,0.0033,-0.0017,0.0004,1.085,-0.2313,0.708,0.0,0.0,0.0,0.0,0.0,-0.0115,0.002,-0.163,0.0348,0.0035,0.0034,0.0054,-0.009,0.0,0.0,0.005010457678126218
121139.816983244,-0.0027,-0.0116,-0.0008,0.0033,-0.0017,0.0004,1.0849,-0.2313,0.7041,0.0,0.0,0.0,0.0,0.0,-0.0115,0.002,-0.1584,0.0349,0.0033,0.0036,0.0055,-0.0091,0.0,0.0,0.010014318642670078
121139.823516145,0.0008,-0.0116,-0.0008,0.0033,-0.0017,0.0004,1.0848,-0.2313,0.7,0.0,0.0,0.0,0.0,0.0,-0.0115,0.002,-0.1535,0.0348,0.0034,0.0035,0.0055,-0.0091,0.0,0.0,0.01501144544546762
121139.850586302,0.0043,-0.0116,-0.0008,0.0033,-0.0017,0.0004,1.0848,-0.2313,0.6958,0.0,0.0,0.0,0.0,0.0,-0.0115,0.002,-0.1486,0.0349,0.0034,0.0035,0.0055,-0.0091,0.0,0.0,0.020001701087763946
121139.855390016,0.0078,-0.0116,-0.0008,0.0033,-0.0017,0.0004,1.0847,-0.2312,0.6914,0.0,0.0,0.0,0.0,0.0,-0.0115,0.002,-0.1437,0.0348,0.0035,0.0034,0.0054,-0.009,0.0,0.0,0.024984948759179948
121139.860591396,0.0112,-0.0116,-0.0008,0.0033,-0.0017,0.0004,1.0847,-0.2312,0.6868,0.0,0.0,0.0,0.0,0.0,-0.0115,0.002,-0.1388,0.0348,0.0034,0.0035,0.0055,-0.009,0.0,0.0,0.029961051841464303
121139.885132949,0.0146,-0.0116,-0.0008,0.0033,-0.0017,0.0004,1.0846,-0.2312,0.6822,0.0,0.0,0.0,0.0,0.0,-0.0115,0.002,-0.1339,0.0349,0.0033,0.0036,0.0055,-0.0091,0.0,0.0,0.034929873912235565
121139.893730265,0.018,-0.0116,-0.0008,0.0033,-0.0017,0.0004,1.0846,-0.2312,0.6773,0.0,0.0,0.0,0.0,0.0,-0.0115,0.002,-0.1289,0.0349,0.0034,0.0036,0.0055,-0.0091,0.0,0.0,0.03989127874872761
121139.89965339,0.0214,-0.0116,-0.0008,0.0033,-0.0017,0.0004,1.0845,-0.2312,0.6724,0.0,0.0,0.0,0.0,0.0,-0.0115,0.002,-0.1237,0.0348,0.0037,0.0031,0.0053,-0.0089,0.0,0.0,0.04484513033152132
121139.926815414,0.0247,-0.0116,-0.0008,0.0033,-0.0017,0.0004,1.0844,-0.2312,0.6673,0.0,0.0,0.0,0.0,0.0,-0.0115,0.002,-0.1184,0.0348,0.0033,0.0037,0.0055,-0.0092,0.0,0.0,0.049791292848272495
121139.933123321,0.028,-0.0116,-0.0008,0.0033,-0.0017,0.0004,1.0844,-0.2312,0.6621,0.0,0.0,0.0,0.0,0.0,-0.0116,0.002,-0.1132,0.0348,0.0035,0.0035,0.0054,-0.0091,0.0,0.0,0.054729630697437026
121139.939259137,0.0313,-0.0116,-0.0008,0.0033,-0.0017,0.0004,1.0843,-0.2312,0.6568,0.0,0.0,0.0,0.0,0.0,-0.0116,0.002,-0.108,0.0348,0.0034,0.0035,0.0055,-0.0091,0.0,0.0,0.05966000849198744
121139.944770393,0.0346,-0.0116,-0.0008,0.0033,-0.0017,0.0004,1.0843,-0.2312,0.6513,0.0,0.0,0.0,0.0,0.0,-0.0116,0.002,-0.1027,0.0348,0.0034,0.0036,0.0055,-0.0091,0.0,0.0,0.06458229106312674
121139.968530982,0.0378,-0.0116,-0.0008,0.0033,-0.0017,0.0004,1.0842,-0.2311,0.6458,0.0,0.0,0.0,0.0,0.0,-0.0116,0.0021,-0.0972,0.0348,0.0035,0.0034,0.0054,-0.009,0.0,0.0,0.06949634346399264
121139.976289546,0.041,-0.0116,-0.0008,0.0033,-0.0017,0.0004,1.0842,-0.2311,0.6402,0.0,0.0,0.0,0.0,0.0,-0.0116,0.0021,-0.0917,0.0348,0.0035,0.0034,0.0054,-0.009,0.0,0.0,0.07440203097335452
121139.982421339,0.0442,-0.0116,-0.0008,0.0033,-0.0017,0.0004,1.0841,-0.2311,0.6344,0.0,0.0,0.0,0.0,0.0,-0.0116,0.0021,-0.0861,0.0348,0.0033,0.0037,0.0055,-0.0091,0.0,0.0,0.07929921909931209
121140.006768086,0.0473,-0.0116,-0.0008,0.0033,-0.0017,0.0004,1.084,-0.2311,0.6286,0.0,0.0,0.0,0.0,0.0,-0.0116,0.0021,-0.0806,0.0348,0.0036,0.0033,0.0054,-0.009,0.0,0.0,0.08418777358297913
121140.014108222,0.0505,-0.0116,-0.0008,0.0033,-0.0017,0.0004,1.084,-0.2311,0.6227,0.0,0.0,0.0,0.0,0.0,-0.0116,0.0021,-0.0748,0.0348,0.0034,0.0036,0.0055,-0.0091,0.0,0.0,0.08906756040216585
121140.019611154,0.0535,-0.0116,-0.0008,0.0033,-0.0017,0.0004,1.0839,-0.2311,0.6168,0.0,0.0,0.0,0.0,0.0,-0.0116,0.0021,-0.069,0.0348,0.0034,0.0036,0.0054,-0.0091,0.0,0.0,0.09393844577504978
121140.04651629,0.0566,-0.0116,-0.0008,0.0033,-0.0017,0.0004,1.0839,-0.2311,0.6108,0.0,0.0,0.0,0.0,0.0,-0.0116,0.0021,-0.0632,0.0348,0.0036,0.0033,0.0054,-0.009,0.0,0.0,0.098800296163849
121140.05218968,0.0596,-0.0116,-0.0008,0.0033,-0.0017,0.0004,1.0838,-0.2311,0.6047,0.0,0.0,0.0,0.0,0.0,-0.0116,0.0021,-0.0574,0.0348,0.0033,0.0036,0.0055,-0.0091,0.0,0.0,0.10365297827847975
121140.057773222,0.0626,-0.0116,-0.0008,0.0033,-0.0017,0.0004,1.0838,-0.2311,0.5986,0.0,0.0,0.0,0.0,0.0,-0.0117,0.0021,-0.0514,0.0348,0.0035,0.0035,0.0054,-0.0091,0.0,0.0,0.10849635908020899
121140.063245616,0.0656,-0.0116,-0.0008,0.0033,-0.0017,0.0004,1.0837,-0.2311,0.5924,0.0,0.0,0.0,0.0,0.0,-0.0117,0.0021,-0.0453,0.0348,0.0034,0.0036,0.0054,-0.0091,0.0,0.0,0.11333030578530628
121140.08741194,0.0685,-0.0116,-0.0008,0.0033,-0.0017,0.0004,1.0836,-0.231,0.5862,0.0,0.0,0.0,0.0,0.0,-0.0117,0.0021,-0.0393,0.0348,0.0036,0.0034,0.0054,-0.009,0.0,0.0,0.11815468586868166
121140.096732835,0.0714,-0.0117,-0.0008,0.0033,-0.0017,0.0004,1.0836,-0.231,0.58,0.0,0.0,0.0,0.0,0.0,-0.0117,0.0021,-0.033,0.0348,0.0033,0.0037,0.0055,-0.0091,0.0,0.0,0.12296936706751649
121140.102211973,0.0743,-0.0117,-0.0008,0.0033,-0.0017,0.0004,1.0835,-0.231,0.5737,0.0,0.0,0.0,0.0,0.0,-0.0117,0.0021,-0.027,0.0348,0.0036,0.0033,0.0053,-0.009,0.0,0.0,0.1277742173848943
121140.131049578,0.0771,-0.0117,-0.0008,0.0033,-0.0017,0.0004,1.0835,-0.231,0.5675,0.0,0.0,0.0,0.0,0.0,-0.0117,0.0021,-0.0204,0.0348,0.0033,0.0037,0.0055,-0.0092,0.0,0.0,0.13256910509341663
121140.136267869,0.0799,-0.0117,-0.0008,0.0033,-0.0017,0.0004,1.0834,-0.231,0.5612,0.0,0.0,0.0,0.0,0.0,-0.0117,0.0021,-0.0142,0.0348,0.0037,0.0032,0.0053,-0.0089,0.0,0.0,0.13735389873881554
121140.141561692,0.0827,-0.0117,-0.0008,0.0033,-0.0017,0.0004,1.0834,-0.231,0.5549,0.0,0.0,0.0,0.0,0.0,-0.0117,0.0021,-0.0077,0.0348,0.0033,0.0036,0.0055,-0.0091,0.0,0.0,0.14212846714355465
121140.171787023,0.0855,-0.0117,-0.0008,0.0033,-0.0017,0.0004,1.0833,-0.231,0.5487,0.0,0.0,0.0,0.0,0.0,-0.0117,0.0021,-0.0012,0.0348,0.0036,0.0034,0.0054,-0.009,0.0,0.0,0.14689267941043005
121140.175475385,0.0882,-0.0117,-0.0008,0.0033,-0.0017,0.0004,1.0832,-0.231,0.5424,0.0,0.0,0.0,0.0,0.0,-0.0117,0.0021,0.0053,0.0348,0.0032,0.0038,0.0055,-0.0092,0.0,0.0,0.1516464049261575
121140.179210884,0.0908,-0.0117,-0.0008,0.0033,-0.0017,0.0004,1.0832,-0.231,0.5362,0.0,0.0,0.0,0.0,0.0,-0.0117,0.0021,0.012,0.0348,0.0037,0.0032,0.0053,-0.0089,0.0,0.0,0.15638951336494739
121140.185518555,0.0935,-0.0117,-0.0008,0.0033,-0.0017,0.0004,1.0831,-0.2309,0.53,0.0,0.0,0.0,0.0,0.0,-0.0118,0.0021,0.0187,0.0348,0.0033,0.0036,0.0055,-0.0091,0.0,0.0,0.16112187469208833
121140.212662917,0.0961,-0.0117,-0.0008,0.0033,-0.0017,0.0004,1.0831,-0.2309,0.5239,0.0,0.0,0.0,0.0,0.0,-0.0118,0.0021,0.0254,0.0348,0.0035,0.0034,0.0053,-0.009,0.0,0.0,0.16584335916750237
121140.218951171,0.0987,-0.0117,-0.0008,0.0033,-0.0017,0.0004,1.083,-0.2309,0.5178,0.0,0.0,0.0,0.0,0.0,-0.0118,0.0021,0.0324,0.0348,0.0034,0.0036,0.0054,-0.0091,0.0,0.0,0.1705538373493084
121140.22650566,0.1013,-0.0117,-0.0008,0.0033,-0.0017,0.0004,1.0829,-0.2309,0.5117,0.0,0.0,0.0,0.0,0.0,-0.0118,0.0021,0.0393,0.0347,0.0035,0.0034,0.0053,-0.009,0.0,0.0,0.1752531800973684
121140.253080279,0.1038,-0.0117,-0.0008,0.0033,-0.0017,0.0004,1.0829,-0.2309,0.5057,0.0,0.0,0.0,0.0,0.0,-0.0118,0.0021,0.0461,0.0347,0.0034,0.0035,0.0054,-0.0091,0.0,0.0,0.17994125857682552
121140.257941371,0.1063,-0.0117,-0.0008,0.0033,-0.0017,0.0004,1.0828,-0.2309,0.4998,0.0,0.0,0.0,0.0,0.0,-0.0118,0.0021,0.053,0.0348,0.0033,0.0036,0.0054,-0.0091,0.0,0.0,0.18461794426164074
121140.263354695,0.1088,-0.0117,-0.0008,0.0033,-0.0017,0.0004,1.0828,-0.2309,0.4939,0.0,0.0,0.0,0.0,0.0,-0.0118,0.0021,0.0601,0.0348,0.0036,0.0033,0.0053,-0.009,0.0,0.0,0.18928310893811373
121140.286969741,0.1112,-0.0117,-0.0008,0.0033,-0.0017,0.0004,1.0827,-0.2309,0.4881,0.0,0.0,0.0,0.0,0.0,-0.0118,0.0021,0.0674,0.0347,0.0035,0.0034,0.0053,-0.009,0.0,0.0,0.193936624708399
121140.295408933,0.1136,-0.0117,-0.0008,0.0033,-0.0017,0.0004,1.0826,-0.2309,0.4824,0.0,0.0,0.0,0.0,0.0,-0.0118,0.0021,0.0744,0.0347,0.0035,0.0034,0.0053,-0.009,0.0,0.0,0.19857836399400952
121140.301426675,0.116,-0.0117,-0.0008,0.0033,-0.0017,0.0004,1.0826,-0.2308,0.4767,0.0,0.0,0.0,0.0,0.0,-0.0118,0.0021,0.0817,0.0347,0.0034,0.0036,0.0054,-0.0091,0.0,0.0,0.20320819953931868
121140.306734572,0.1184,-0.0117,-0.0008,0.0033,-0.0017,0.0004,1.0825,-0.2308,0.4712,0.0,0.0,0.0,0.0,0.0,-0.0119,0.0021,0.0889,0.0347,0.0035,0.0034,0.0053,-0.009,0.0,0.0,0.20782600441504712
121140.333392477,0.1207,-0.0117,-0.0008,0.0033,-0.0017,0.0004,1.0825,-0.2308,0.4658,0.0,0.0,0.0,0.0,0.0,-0.0119,0.0021,0.0961,0.0347,0.0034,0.0036,0.0054,-0.0091,0.0,0.0,0.21243165202173997
121140.338314657,0.123,-0.0117,-0.0008,0.0033,-0.0017,0.0004,1.0824,-0.2308,0.4604,0.0,0.0,0.0,0.0,0.0,-0.0119,0.0021,0.1035,0.0347,0.0036,0.0033,0.0053,-0.009,0.0,0.0,0.21702501609324226
121140.343477565,0.1253,-0.0117,-0.0008,0.0033,-0.0017,0.0004,1.0823,-0.2308,0.4552,0.0,0.0,0.0,0.0,0.0,-0.0119,0.0021,0.1109,0.0347,0.0034,0.0036,0.0054,-0.0091,0.0,0.0,0.22160597070015853
121140.370852426,0.1275,-0.0117,-0.0008,0.0033,-0.0017,0.0004,1.0823,-0.2308,0.4501,0.0,0.0,0.0,0.0,0.0,-0.0119,0.0021,0.1182,0.0347,0.0035,0.0035,0.0053,-0.0091,0.0,0.0,0.22617439025330255
121140.375848533,0.1298,-0.0117,-0.0008,0.0033,-0.0017,0.0004,1.0822,-0.2308,0.4451,0.0,0.0,0.0,0.0,0.0,-0.0119,0.0021,0.1258,0.0347,0.0033,0.0037,0.0054,-0.0092,0.0,0.0,0.23073014950714527
121140.381456681,0.132,-0.0117,-0.0008,0.0033,-0.0017,0.0004,1.0822,-0.2308,0.4402,0.0,0.0,0.0,0.0,0.0,-0.0119,0.0021,0.1333,0.0347,0.0037,0.0032,0.0052,-0.0089,0.0,0.0,0.2352731235632463
121140.406157741,0.1341,-0.0117,-0.0008,0.0033,-0.0017,0.0004,1.0821,-0.2308,0.4355,0.0,0.0,0.0,0.0,0.0,-0.0119,0.0021,0.1408,0.0347,0.0034,0.0035,0.0054,-0.0091,0.0,0.0,0.23980318787367544
121140.413054841,0.1363,-0.0117,-0.0008,0.0033,-0.0017,0.0004,1.082,-0.2307,0.4309,0.0,0.0,0.0,0.0,0.0,-0.0119,0.0021,0.1482,0.0347,0.0036,0.0033,0.0053,-0.009,0.0,0.0,0.24432021824443212
121140.418610291,0.1384,-0.0117,-0.0008,0.0033,-0.0017,0.0004,1.082,-0.2307,0.4264,0.0,0.0,0.0,0.0,0.0,-0.0119,0.0021,0.1559,0.0347,0.0035,0.0034,0.0053,-0.009,0.0,0.0,0.24882409083884682
121140.42384317,0.1405,-0.0117,-0.0008,0.0033,-0.0017,0.0004,1.0819,-0.2307,0.4221,0.0,0.0,0.0,0.0,0.0,-0.0119,0.0021,0.1635,0.0347,0.0034,0.0036,0.0054,-0.0091,0.0,0.0,0.2533146821809789
121140.450177731,0.1426,-0.0117,-0.0008,0.0033,-0.0017,0.0004,1.0818,-0.2307,0.4179,0.0,0.0,0.0,0.0,0.0,-0.012,0.0021,0.171,0.0347,0.0034,0.0035,0.0053,-0.0091,0.0,0.0,0.2577918691589952
121140.455381426,0.1447,-0.0117,-0.0008,0.0033,-0.0017,0.0004,1.0818,-0.2307,0.4138,0.0,0.0,0.0,0.0,0.0,-0.012,0.0021,0.1788,0.0347,0.0034,0.0035,0.0053,-0.0091,0.0,0.0,0.2622555290285553
121140.4607993,0.1468,-0.0117,-0.0008,0.0033,-0.0017,0.0004,1.0817,-0.2307,0.4099,0.0,0.0,0.0,0.0,0.0,-0.012,0.0021,0.1862,0.0347,0.0035,0.0033,0.0053,-0.009,0.0,0.0,0.2667055394161677
121140.488698531,0.1488,-0.0117,-0.0008,0.0033,-0.0017,0.0004,1.0817,-0.2307,0.4062,0.0,0.0,0.0,0.0,0.0,-0.012,0.0021,0.1939,0.0347,0.0033,0.0036,0.0054,-0.0091,0.0,0.0,0.2711417783225505
121140.493428923,0.1508,-0.0117,-0.0008,0.0033,-0.0017,0.0004,1.0816,-0.2307,0.4026,0.0,0.0,0.0,0.0,0.0,-0.012,0.0022,0.2018,0.0346,0.0037,0.0031,0.0052,-0.0089,0.0,0.0,0.27556412412597353
121140.499938586,0.1528,-0.0117,-0.0008,0.0033,-0.0017,0.0004,1.0815,-0.2307,0.3992,0.0,0.0,0.0,0.0,0.0,-0.012,0.0022,0.2093,0.0346,0.0034,0.0034,0.0053,-0.009,0.0,0.0,0.2799724555855916
121140.527135299,0.1548,-0.0117,-0.0008,0.0033,-0.0017,0.0004,1.0815,-0.2306,0.3959,0.0,0.0,0.0,0.0,0.0,-0.012,0.0022,0.2171,0.0347,0.0034,0.0035,0.0053,-0.009,0.0,0.0,0.2843666518447715
121140.533207411,0.1567,-0.0117,-0.0008,0.0033,-0.0017,0.0004,1.0814,-0.2306,0.3928,0.0,0.0,0.0,0.0,0.0,-0.012,0.0022,0.2248,0.0346,0.0034,0.0035,0.0053,-0.0091,0.0,0.0,0.2887465924344037
121140.538648403,0.1587,-0.0117,-0.0008,0.0033,-0.0017,0.0004,1.0814,-0.2306,0.3899,0.0,0.0,0.0,0.0,0.0,-0.012,0.0022,0.2325,0.0346,0.0034,0.0035,0.0053,-0.0091,0.0,0.0,0.2931121572762031
121140.544037503,0.1606,-0.0117,-0.0008,0.0033,-0.0017,0.0004,1.0813,-0.2306,0.3871,0.0,0.0,0.0,0.0,0.0,-0.012,0.0022,0.2401,0.0346,0.0035,0.0033,0.0052,-0.009,0.0,0.0,0.2974632266860048
121140.568558777,0.1626,-0.0117,-0.0008,0.0033,-0.0017,0.0004,1.0812,-0.2306,0.3845,0.0,0.0,0.0,0.0,0.0,-0.012,0.0022,0.2476,0.0346,0.0035,0.0034,0.0053,-0.009,0.0,0.0,0.30179968137704327
121140.577533507,0.1645,-0.0117,-0.0008,0.0033,-0.0017,0.0004,1.0812,-0.2306,0.382,0.0,0.0,0.0,0.0,0.0,-0.0121,0.0022,0.2554,0.0346,0.0035,0.0033,0.0053,-0.009,0.0,0.0,0.30612140246322317
121140.583218507,0.1664,-0.0117,-0.0008,0.0033,-0.0017,0.0004,1.0811,-0.2306,0.3797,0.0,0.0,0.0,0.0,0.0,-0.0121,0.0022,0.263,0.0346,0.0033,0.0036,0.0054,-0.0091,0.0,0.0,0.3104282714623765
121140.609959983,0.1683,-0.0117,-0.0008,0.0033,-0.0017,0.0004,1.0811,-0.2306,0.3776,0.0,0.0,0.0,0.0,0.0,-0.0121,0.0022,0.2707,0.0346,0.0034,0.0034,0.0053,-0.009,0.0,0.0,0.3147201702995147
121140.616667764,0.1701,-0.0117,-0.0008,0.0033,-0.0017,0.0004,1.081,-0.2306,0.3757,0.0,0.0,0.0,0.0,0.0,-0.0121,0.0022,0.2782,0.0346,0.0034,0.0035,0.0053,-0.0091,0.0,0.0,0.31899698131006393
121140.621823789,0.172,-0.0117,-0.0008,0.0033,-0.0017,0.0004,1.0809,-0.2305,0.374,0.0,0.0,0.0,0.0,0.0,-0.0121,0.0022,0.286,0.0346,0.0035,0.0034,0.0053,-0.009,0.0,0.0,0.3232585872430882
121140.648602559,0.1739,-0.0117,-0.0008,0.0033,-0.0017,0.0004,1.0809,-0.2305,0.3724,0.0,0.0,0.0,0.0,0.0,-0.0121,0.0022,0.2934,0.0346,0.0034,0.0034,0.0053,-0.009,0.0,0.0,0.3275048712645091
121140.65358695,0.1757,-0.0117,-0.0008,0.0033,-0.0017,0.0004,1.0808,-0.2305,0.3709,0.0,0.0,0.0,0.0,0.0,-0.0121,0.0022,0.301,0.0347,0.0034,0.0035,0.0053,-0.0091,0.0,0.0,0.3317357169603059
121140.658971126,0.1776,-0.0117,-0.0008,0.0033,-0.0017,0.0004,1.0807,-0.2305,0.3697,0.0,0.0,0.0,0.0,0.0,-0.0121,0.0022,0.3083,0.0345,0.0033,0.0036,0.0054,-0.0091,0.0,0.0,0.33595100833970504
121140.664439843,0.1794,-0.0117,-0.0008,0.0033,-0.0017,0.0004,1.0807,-0.2305,0.3686,0.0,0.0,0.0,0.0,0.0,-0.0121,0.0022,0.3158,0.0347,0.0035,0.0034,0.0052,-0.009,0.0,0.0,0.34015062983836497
121140.689995666,0.1813,-0.0117,-0.0008,0.0033,-0.0017,0.0004,1.0806,-0.2305,0.3677,0.0,0.0,0.0,0.0,0.0,-0.0121,0.0022,0.3233,0.0346,0.0034,0.0035,0.0053,-0.0091,0.0,0.0,0.34433446632154086
121140.695619087,0.1831,-0.0117,-0.0008,0.0033,-0.0017,0.0004,1.0806,-0.2305,0.3669,0.0,0.0,0.0,0.0,0.0,-0.0121,0.0022,0.3306,0.0346,0.0034,0.0034,0.0053,-0.009,0.0,0.0,0.3485024030872431
121140.701948113,0.1849,-0.0117,-0.0008,0.0033,-0.0017,0.0004,1.0805,-0.2305,0.3663,0.0,0.0,0.0,0.0,0.0,-0.0122,0.0022,0.3382,0.0346,0.0035,0.0033,0.0052,-0.009,0.0,0.0,0.3526543258693775
121140.729840467,0.1868,-0.0117,-0.0008,0.0033,-0.0017,0.0004,1.0804,-0.2305,0.3659,0.0,0.0,0.0,0.0,0.0,-0.0122,0.0022,0.3454,0.0346,0.0032,0.0037,0.0054,-0.0091,0.0,0.0,0.35679012084088557
121140.735636996,0.1886,-0.0117,-0.0008,0.0033,-0.0017,0.0004,1.0804,-0.2304,0.3656,0.0,0.0,0.0,0.0,0.0,-0.0122,0.0022,0.3526,0.0346,0.0035,0.0033,0.0052,-0.009,0.0,0.0,0.3609096746168575
121140.740956466,0.1904,-0.0117,-0.0008,0.0033,-0.0017,0.0004,1.0803,-0.2304,0.3655,0.0,0.0,0.0,0.0,0.0,-0.0122,0.0022,0.3599,0.0346,0.0032,0.0037,0.0054,-0.0092,0.0,0.0,0.3650128742576464
121140.767859717,0.1922,-0.0117,-0.0008,0.0033,-0.0017,0.0004,1.0803,-0.2304,0.3655,0.0,0.0,0.0,0.0,0.0,-0.0122,0.0022,0.367,0.0346,0.0036,0.0032,0.0052,-0.0089,0.0,0.0,0.369099607271962
121140.777374453,0.1941,-0.0117,-0.0008,0.0033,-0.0017,0.0004,1.0802,-0.2304,0.3657,0.0,0.0,0.0,0.0,0.0,-0.0122,0.0022,0.3742,0.0346,0.0034,0.0033,0.0052,-0.009,0.0,0.0,0.37316976161995297
121140.784271693,0.1959,-0.0117,-0.0008,0.0033,-0.0017,0.0004,1.0801,-0.2304,0.366,0.0,0.0,0.0,0.0,0.0,-0.0122,0.0022,0.381,0.0346,0.0033,0.0036,0.0053,-0.0091,0.0,0.0,0.3772232257162824
121140.788265303,0.1977,-0.0117,-0.0008,0.0033,-0.0017,0.0004,1.0801,-0.2304,0.3665,0.0,0.0,0.0,0.0,0.0,-0.0122,0.0022,0.3881,0.0346,0.0034,0.0034,0.0052,-0.009,0.0,0.0,0.3812598884331855
121140.814683422,0.1996,-0.0117,-0.0008,0.0033,-0.0017,0.0004,1.08,-0.2304,0.3671,0.0,0.0,0.0,0.0,0.0,-0.0122,0.0022,0.3952,0.0346,0.0033,0.0035,0.0053,-0.0091,0.0,0.0,0.3852796391035129
121140.820204387,0.2014,-0.0117,-0.0008,0.0033,-0.0017,0.0004,1.08,-0.2304,0.3679,0.0,0.0,0.0,0.0,0.0,-0.0122,0.0022,0.4018,0.0345,0.0034,0.0035,0.0053,-0.009,0.0,0.0,0.38928236752377077
121140.82536999,0.2033,-0.0117,-0.0008,0.0033,-0.0017,0.0004,1.0799,-0.2303,0.3688,0.0,0.0,0.0,0.0,0.0,-0.0122,0.0022,0.4087,0.0346,0.0034,0.0034,0.0052,-0.009,0.0,0.0,0.3932679639571369
121140.851942515,0.2051,-0.0117,-0.0008,0.0033,-0.0017,0.0004,1.0798,-0.2303,0.3698,0.0,0.0,0.0,0.0,0.0,-0.0123,0.0022,0.4155,0.0346,0.0033,0.0035,0.0053,-0.0091,0.0,0.0,0.3972363191364726
121140.856912163,0.207,-0.0117,-0.0008,0.0033,-0.0017,0.0004,1.0798,-0.2303,0.371,0.0,0.0,0.0,0.0,0.0,-0.0123,0.0022,0.4222,0.0345,0.0033,0.0035,0.0053,-0.0091,0.0,0.0,0.40118732426731485
121140.862494744,0.2088,-0.0117,-0.0008,0.0033,-0.0017,0.0004,1.0797,-0.2303,0.3723,0.0,0.0,0.0,0.0,0.0,-0.0123,0.0022,0.4286,0.0345,0.0035,0.0032,0.0052,-0.0089,0.0,0.0,0.4051208710308627
121140.886455943,0.2107,-0.0117,-0.0008,0.0033,-0.0017,0.0004,1.0796,-0.2303,0.3737,0.0,0.0,0.0,0.0,0.0,-0.0123,0.0022,0.4352,0.0345,0.0031,0.0038,0.0054,-0.0092,0.0,0.0,0.40903685158694536
121140.896479628,0.2126,-0.0117,-0.0008,0.0033,-0.0017,0.0004,1.0796,-0.2303,0.3752,0.0,0.0,0.0,0.0,0.0,-0.0123,0.0022,0.4417,0.0345,0.0035,0.0033,0.0052,-0.009,0.0,0.0,0.4129351585769764
121140.901925293,0.2145,-0.0117,-0.0008,0.0033,-0.0017,0.0004,1.0795,-0.2303,0.3768,0.0,0.0,0.0,0.0,0.0,-0.0123,0.0022,0.4479,0.0345,0.0034,0.0033,0.0052,-0.009,0.0,0.0,0.41681568512690104
121140.906896493,0.2164,-0.0117,-0.0008,0.0033,-0.0017,0.0004,1.0795,-0.2303,0.3785,0.0,0.0,0.0,0.0,0.0,-0.0123,0.0022,0.4543,0.0345,0.0033,0.0035,0.0053,-0.0091,0.0,0.0,0.42067832485012424
121140.933692101,0.2183,-0.0117,-0.0008,0.0033,-0.0017,0.0004,1.0794,-0.2303,0.3803,0.0,0.0,0.0,0.0,0.0,-0.0123,0.0022,0.4603,0.0345,0.0033,0.0035,0.0053,-0.0091,0.0,0.0,0.42452297185042587
121140.938584165,0.2202,-0.0117,-0.0008,0.0033,-0.0017,0.0004,1.0793,-0.2302,0.3822,0.0,0.0,0.0,0.0,0.0,-0.0123,0.0022,0.4665,0.0345,0.0035,0.0033,0.0052,-0.009,0.0,0.0,0.42834952072486654
121140.943863665,0.2221,-0.0117,-0.0008,0.0033,-0.0017,0.0004,1.0793,-0.2302,0.3842,0.0,0.0,0.0,0.0,0.0,-0.0123,0.0022,0.4724,0.0345,0.0034,0.0034,0.0052,-0.009,0.0,0.0,0.43215786656667676
121140.971943449,0.224,-0.0117,-0.0008,0.0033,-0.0017,0.0004,1.0792,-0.2302,0.3863,0.0,0.0,0.0,0.0,0.0,-0.0123,0.0022,0.4785,0.0345,0.0032,0.0036,0.0053,-0.0091,0.0,0.0,0.43594790496813063
121140.976896798,0.226,-0.0117,-0.0008,0.0033,-0.0017,0.0004,1.0792,-0.2302,0.3885,0.0,0.0,0.0,0.0,0.0,-0.0124,0.0022,0.4843,0.0345,0.0034,0.0034,0.0052,-0.009,0.0,0.0,0.4397195320234112
121140.982562518,0.2279,-0.0117,-0.0008,0.0033,-0.0017,0.0004,1.0791,-0.2302,0.3907,0.0,0.0,0.0,0.0,0.0,-0.0124,0.0022,0.49,0.0345,0.0034,0.0034,0.0052,-0.009,0.0,0.0,0.4434726443314567
121141.007285562,0.2299,-0.0117,-0.0008,0.0033,-0.0017,0.0004,1.079,-0.2302,0.393,0.0,0.0,0.0,0.0,0.0,-0.0124,0.0022,0.4956,0.0345,0.0034,0.0034,0.0052,-0.009,0.0,0.0,0.44720713899879794
121141.013849291,0.2319,-0.0117,-0.0008,0.0033,-0.0017,0.0004,1.079,-0.2302,0.3953,0.0,0.0,0.0,0.0,0.0,-0.0124,0.0022,0.5011,0.0346,0.0034,0.0034,0.0052,-0.009,0.0,0.0,0.45092291364237724
121141.019240795,0.2339,-0.0117,-0.0008,0.0033,-0.0017,0.0004,1.0789,-0.2302,0.3977,0.0,0.0,0.0,0.0,0.0,-0.0124,0.0023,0.5066,0.0344,0.0035,0.0032,0.0052,-0.0089,0.0,0.0,0.4546198663923563
121141.025167115,0.2359,-0.0117,-0.0008,0.0033,-0.0017,0.0004,1.0789,-0.2302,0.4002,0.0,0.0,0.0,0.0,0.0,-0.0124,0.0023,0.5121,0.0345,0.0032,0.0036,0.0053,-0.0091,0.0,0.0,0.45829789589490677
121141.053913381,0.2379,-0.0118,-0.0008,0.0033,-0.0017,0.0004,1.0788,-0.2301,0.4027,0.0,0.0,0.0,0.0,0.0,-0.0124,0.0023,0.5174,0.0345,0.0035,0.0033,0.0052,-0.009,0.0,0.0,0.46195690131499245
121141.058971704,0.2399,-0.0118,-0.0008,0.0033,-0.0017,0.0004,1.0787,-0.2301,0.4052,0.0,0.0,0.0,0.0,0.0,-0.0124,0.0023,0.5227,0.0345,0.0034,0.0033,0.0052,-0.009,0.0,0.0,0.46559678233913204
121141.064483302,0.2419,-0.0118,-0.0008,0.0033,-0.0017,0.0004,1.0787,-0.2301,0.4078,0.0,0.0,0.0,0.0,0.0,-0.0124,0.0023,0.5277,0.0345,0.0034,0.0034,0.0052,-0.009,0.0,0.0,0.4692174391781475
121141.088714125,0.244,-0.0118,-0.0008,0.0033,-0.0017,0.0004,1.0786,-0.2301,0.4103,0.0,0.0,0.0,0.0,0.0,-0.0124,0.0023,0.5328,0.0345,0.0031,0.0038,0.0053,-0.0092,0.0,0.0,0.472818772569903
121141.097145082,0.2461,-0.0118,-0.0008,0.0033,-0.0017,0.0004,1.0786,-0.2301,0.4129,0.0,0.0,0.0,0.0,0.0,-0.0124,0.0023,0.5376,0.0345,0.0037,0.0029,0.005,-0.0088,0.0,0.0,0.47640068378202527
121141.102398308,0.2481,-0.0118,-0.0008,0.0033,-0.0017,0.0004,1.0785,-0.2301,0.4155,0.0,0.0,0.0,0.0,0.0,-0.0124,0.0023,0.5424,0.0345,0.003,0.0039,0.0054,-0.0092,0.0,0.0,0.47996307461460763
121141.134151946,0.2502,-0.0118,-0.0008,0.0033,-0.0017,0.0004,1.0784,-0.2301,0.4182,0.0,0.0,0.0,0.0,0.0,-0.0125,0.0023,0.5471,0.0345,0.0035,0.0033,0.0051,-0.009,0.0,0.0,0.4835058474029066
121141.136175977,0.2523,-0.0118,-0.0008,0.0033,-0.0017,0.0004,1.0784,-0.2301,0.4208,0.0,0.0,0.0,0.0,0.0,-0.0125,0.0023,0.5517,0.0345,0.0035,0.0032,0.0051,-0.0089,0.0,0.0,0.4870289050200165
121141.141715197,0.2544,-0.0118,-0.0008,0.0033,-0.0017,0.0004,1.0783,-0.23,0.4234,0.0,0.0,0.0,0.0,0.0,-0.0125,0.0023,0.5563,0.0345,0.0032,0.0036,0.0053,-0.0091,0.0,0.0,0.4905321508795337
121141.147575133,0.2566,-0.0118,-0.0008,0.0033,-0.0017,0.0004,1.0782,-0.23,0.4259,0.0,0.0,0.0,0.0,0.0,-0.0125,0.0023,0.5608,0.0345,0.0034,0.0033,0.0051,-0.009,0.0,0.0,0.49401548893820213
121141.171334578,0.2587,-0.0118,-0.0008,0.0033,-0.0017,0.0004,1.0782,-0.23,0.4285,0.0,0.0,0.0,0.0,0.0,-0.0125,0.0023,0.5653,0.0345,0.0032,0.0035,0.0052,-0.0091,0.0,0.0,0.49747882369855
121141.181404719,0.2609,-0.0118,-0.0008,0.0033,-0.0017,0.0004,1.0781,-0.23,0.4311,0.0,0.0,0.0,0.0,0.0,-0.0125,0.0023,0.5694,0.0345,0.0034,0.0033,0.0051,-0.009,0.0,0.0,0.5009220602115056
121141.186560594,0.263,-0.0118,-0.0008,0.0033,-0.0017,0.0004,1.0781,-0.23,0.4336,0.0,0.0,0.0,0.0,0.0,-0.0125,0.0023,0.5735,0.0345,0.0031,0.0036,0.0053,-0.0091,0.0,0.0,0.504345104079
121141.21356286,0.2652,-0.0118,-0.0008,0.0033,-0.0017,0.0004,1.078,-0.23,0.436,0.0,0.0,0.0,0.0,0.0,-0.0125,0.0023,0.5778,0.0345,0.0034,0.0032,0.0051,-0.009,0.0,0.0,0.5077478614565566
121141.218699344,0.2674,-0.0118,-0.0008,0.0033,-0.0017,0.0004,1.0779,-0.23,0.4384,0.0,0.0,0.0,0.0,0.0,-0.0125,0.0023,0.5817,0.0345,0.0033,0.0034,0.0052,-0.009,0.0,0.0,0.5111302390558637
121141.224073981,0.2696,-0.0118,-0.0008,0.0033,-0.0017,0.0004,1.0779,-0.23,0.4408,0.0,0.0,0.0,0.0,0.0,-0.0125,0.0023,0.5856,0.0344,0.0033,0.0034,0.0052,-0.009,0.0,0.0,0.5144921441473301
121141.250727533,0.2718,-0.0118,-0.0008,0.0033,-0.0017,0.0004,1.0778,-0.23,0.4431,0.0,0.0,0.0,0.0,0.0,-0.0125,0.0023,0.5894,0.0345,0.0032,0.0035,0.0052,-0.0091,0.0,0.0,0.5178334845626297
121141.255991615,0.2741,-0.0118,-0.0008,0.0033,-0.0017,0.0004,1.0777,-0.2299,0.4454,0.0,0.0,0.0,0.0,0.0,-0.0126,0.0023,0.5929,0.0344,0.0035,0.0031,0.0051,-0.0089,0.0,0.0,0.5211541686972264
121141.261326624,0.2763,-0.0118,-0.0008,0.0033,-0.0017,0.0004,1.0777,-0.2299,0.4476,0.0,0.0,0.0,0.0,0.0,-0.0126,0.0023,0.5966,0.0345,0.0032,0.0036,0.0052,-0.0091,0.0,0.0,0.524454105512888
121141.266694955,0.2785,-0.0118,-0.0008,0.0033,-0.0017,0.0004,1.0776,-0.2299,0.4497,0.0,0.0,0.0,0.0,0.0,-0.0126,0.0023,0.6,0.0344,0.0032,0.0036,0.0052,-0.0091,0.0,0.0,0.5277332045401795
121141.300711228,0.2808,-0.0118,-0.0008,0.0033,-0.0017,0.0004,1.0775,-0.2299,0.4517,0.0,0.0,0.0,0.0,0.0,-0.0126,0.0023,0.6036,0.0345,0.0035,0.0031,0.0051,-0.0089,0.0,0.0,0.5309913758809452
121141.302474393,0.2831,-0.0118,-0.0007,0.0033,-0.0017,0.0004,1.0775,-0.2299,0.4537,0.0,0.0,0.0,0.0,0.0,-0.0126,0.0023,0.6069,0.0344,0.0032,0.0036,0.0052,-0.0091,0.0,0.0,0.534228530210771
121141.307256742,0.2854,-0.0118,-0.0007,0.0033,-0.0017,0.0004,1.0774,-0.2299,0.4555,0.0,0.0,0.0,0.0,0.0,-0.0126,0.0023,0.6102,0.0344,0.0035,0.0032,0.0051,-0.0089,0.0,0.0,0.5374445787814363
121141.333882466,0.2876,-0.0118,-0.0007,0.0033,-0.0017,0.0004,1.0774,-0.2299,0.4573,0.0,0.0,0.0,0.0,0.0,-0.0126,0.0023,0.6133,0.0345,0.0032,0.0036,0.0052,-0.0091,0.0,0.0,0.5406394334233453
121141.34292353,0.2899,-0.0118,-0.0007,0.0033,-0.0017,0.0004,1.0773,-0.2299,0.4589,0.0,0.0,0.0,0.0,0.0,-0.0126,0.0023,0.6165,0.0344,0.0034,0.0033,0.0051,-0.009,0.0,0.0,0.5438130065479431
121141.348359016,0.2922,-0.0118,-0.0007,0.0033,-0.0017,0.0004,1.0772,-0.2298,0.4605,0.0,0.0,0.0,0.0,0.0,-0.0126,0.0023,0.6193,0.0344,0.0032,0.0035,0.0052,-0.0091,0.0,0.0,0.54696521115012
121141.373503932,0.2945,-0.0118,-0.0007,0.0033,-0.0017,0.0004,1.0772,-0.2298,0.4619,0.0,0.0,0.0,0.0,0.0,-0.0126,0.0023,0.6223,0.0344,0.0034,0.0033,0.0051,-0.009,0.0,0.0,0.550095960810595
121141.380806446,0.2969,-0.0118,-0.0007,0.0033,-0.0017,0.0004,1.0771,-0.2298,0.4632,0.0,0.0,0.0,0.0,0.0,-0.0126,0.0023,0.6253,0.0344,0.0033,0.0034,0.0052,-0.009,0.0,0.0,0.5532051696982836
121141.386057358,0.2992,-0.0118,-0.0007,0.0033,-0.0017,0.0004,1.077,-0.2298,0.4645,0.0,0.0,0.0,0.0,0.0,-0.0127,0.0023,0.628,0.0344,0.0033,0.0034,0.0051,-0.009,0.0,0.0,0.5562927525726541
121141.391678049,0.3015,-0.0118,-0.0007,0.0033,-0.0017,0.0004,1.077,-0.2298,0.4655,0.0,0.0,0.0,0.0,0.0,-0.0127,0.0023,0.6306,0.0344,0.0033,0.0034,0.0051,-0.009,0.0,0.0,0.5593586247860627
121141.418321578,0.3039,-0.0118,-0.0007,0.0033,-0.0017,0.0004,1.0769,-0.2298,0.4665,0.0,0.0,0.0,0.0,0.0,-0.0127,0.0023,0.6331,0.0344,0.0032,0.0035,0.0052,-0.0091,0.0,0.0,0.562402702286073
121141.42421675,0.3062,-0.0118,-0.0007,0.0033,-0.0017,0.0004,1.0768,-0.2298,0.4673,0.0,0.0,0.0,0.0,0.0,-0.0127,0.0023,0.6359,0.0344,0.0035,0.0031,0.005,-0.0089,0.0,0.0,0.5654249016177633
121141.429693382,0.3085,-0.0118,-0.0007,0.0033,-0.0017,0.0004,1.0768,-0.2298,0.468,0.0,0.0,0.0,0.0,0.0,-0.0127,0.0023,0.6384,0.0344,0.0031,0.0037,0.0052,-0.0092,0.0,0.0,0.568425139926012
121141.453928554,0.3109,-0.0118,-0.0007,0.0033,-0.0017,0.0004,1.0767,-0.2297,0.4685,0.0,0.0,0.0,0.0,0.0,-0.0127,0.0023,0.6408,0.0344,0.0034,0.0032,0.005,-0.0089,0.0,0.0,0.571403334957771
121141.462495984,0.3132,-0.0118,-0.0007,0.0033,-0.0017,0.0004,1.0766,-0.2297,0.4689,0.0,0.0,0.0,0.0,0.0,-0.0127,0.0023,0.6432,0.0344,0.0032,0.0036,0.0052,-0.0091,0.0,0.0,0.574359405064318
121141.468576381,0.3156,-0.0118,-0.0007,0.0033,-0.0017,0.0004,1.0766,-0.2297,0.4692,0.0,0.0,0.0,0.0,0.0,-0.0127,0.0023,0.6452,0.0344,0.0035,0.0031,0.005,-0.0089,0.0,0.0,0.5772932692034984
121141.497958862,0.3179,-0.0118,-0.0007,0.0033,-0.0017,0.0004,1.0765,-0.2297,0.4693,0.0,0.0,0.0,0.0,0.0,-0.0127,0.0023,0.6475,0.0344,0.0031,0.0037,0.0052,-0.0091,0.0,0.0,0.5802048469419457
121141.503297969,0.3203,-0.0118,-0.0007,0.0033,-0.0017,0.0004,1.0764,-0.2297,0.4692,0.0,0.0,0.0,0.0,0.0,-0.0127,0.0023,0.6498,0.0344,0.0034,0.0032,0.0051,-0.009,0.0,0.0,0.5830940584572833
121141.508743584,0.3226,-0.0118,-0.0007,0.0033,-0.0017,0.0004,1.0764,-0.2297,0.469,0.0,0.0,0.0,0.0,0.0,-0.0127,0.0023,0.6517,0.0344,0.0033,0.0034,0.0051,-0.009,0.0,0.0,0.58596082454032
121141.51424894,0.3249,-0.0118,-0.0007,0.0033,-0.0017,0.0004,1.0763,-0.2297,0.4687,0.0,0.0,0.0,0.0,0.0,-0.0127,0.0023,0.6539,0.0344,0.0033,0.0034,0.0051,-0.009,0.0,0.0,0.5888050665972139
121141.538610526,0.3273,-0.0118,-0.0007,0.0033,-0.0017,0.0004,1.0763,-0.2297,0.4681,0.0,0.0,0.0,0.0,0.0,-0.0128,0.0023,0.656,0.0344,0.0034,0.0032,0.005,-0.009,0.0,0.0,0.591626706651633
121141.547632194,0.3296,-0.0118,-0.0007,0.0033,-0.0017,0.0004,1.0762,-0.2297,0.4675,0.0,0.0,0.0,0.0,0.0,-0.0128,0.0023,0.6578,0.0344,0.0031,0.0036,0.0052,-0.0091,0.0,0.0,0.5944256673468904
121141.552701036,0.332,-0.0118,-0.0007,0.0033,-0.0017,0.0004,1.0761,-0.2296,0.4666,0.0,0.0,0.0,0.0,0.0,-0.0128,0.0023,0.6598,0.0344,0.0034,0.0032,0.005,-0.009,0.0,0.0,0.5972018719480638
121141.583627072,0.3343,-0.0118,-0.0007,0.0033,-0.0017,0.0004,1.0761,-0.2296,0.4656,0.0,0.0,0.0,0.0,0.0,-0.0128,0.0023,0.6615,0.0344,0.0032,0.0035,0.0051,-0.0091,0.0,0.0,0.5999552443441022
121141.585446912,0.3366,-0.0118,-0.0007,0.0033,-0.0017,0.0004,1.076,-0.2296,0.4644,0.0,0.0,0.0,0.0,0.0,-0.0128,0.0024,0.6635,0.0344,0.0034,0.0032,0.005,-0.0089,0.0,0.0,0.6026857090499103
121141.590906843,0.3389,-0.0118,-0.0007,0.0033,-0.0017,0.0004,1.0759,-0.2296,0.4631,0.0,0.0,0.0,0.0,0.0,-0.0128,0.0024,0.6651,0.0344,0.0031,0.0036,0.0052,-0.0091,0.0,0.0,0.6053931912084195
121141.622299099,0.3412,-0.0118,-0.0007,0.0033,-0.0017,0.0004,1.0759,-0.2296,0.4615,0.0,0.0,0.0,0.0,0.0,-0.0128,0.0024,0.667,0.0344,0.0035,0.0032,0.005,-0.0089,0.0,0.0,0.6080776165926377
121141.627478048,0.3435,-0.0118,-0.0007,0.0033,-0.0017,0.0004,1.0758,-0.2296,0.4599,0.0,0.0,0.0,0.0,0.0,-0.0128,0.0024,0.6688,0.0344,0.0034,0.0033,0.005,-0.009,0.0,0.0,0.6107389116076878
121141.632947868,0.3458,-0.0118,-0.0007,0.0033,-0.0017,0.0004,1.0757,-0.2296,0.458,0.0,0.0,0.0,0.0,0.0,-0.0128,0.0024,0.6703,0.0344,0.003,0.0038,0.0052,-0.0092,0.0,0.0,0.6133770032928226
121141.638698671,0.3481,-0.0118,-0.0007,0.0033,-0.0017,0.0004,1.0757,-0.2296,0.456,0.0,0.0,0.0,0.0,0.0,-0.0128,0.0024,0.672,0.0344,0.0035,0.0031,0.005,-0.0089,0.0,0.0,0.6159918193234253
121141.665402021,0.3504,-0.0118,-0.0007,0.0033,-0.0017,0.0004,1.0756,-0.2295,0.4538,0.0,0.0,0.0,0.0,0.0,-0.0128,0.0024,0.6735,0.0344,0.0031,0.0036,0.0051,-0.0091,0.0,0.0,0.6185832880129939
121141.670816889,0.3526,-0.0118,-0.0007,0.0033,-0.0017,0.0004,1.0755,-0.2295,0.4514,0.0,0.0,0.0,0.0,0.0,-0.0129,0.0024,0.6751,0.0344,0.0035,0.0032,0.005,-0.0089,0.0,0.0,0.6211513383151057
121141.676374923,0.3549,-0.0118,-0.0007,0.0033,-0.0017,0.0004,1.0755,-0.2295,0.4489,0.0,0.0,0.0,0.0,0.0,-0.0129,0.0024,0.6767,0.0344,0.0031,0.0035,0.0051,-0.0091,0.0,0.0,0.6236958998253636
121141.702021358,0.3571,-0.0118,-0.0007,0.0033,-0.0017,0.0004,1.0754,-0.2295,0.4461,0.0,0.0,0.0,0.0,0.0,-0.0129,0.0024,0.6783,0.0344,0.0035,0.0031,0.0049,-0.0089,0.0,0.0,0.6262169027833286
121141.710249116,0.3593,-0.0118,-0.0007,0.0033,-0.0017,0.0004,1.0753,-0.2295,0.4433,0.0,0.0,0.0,0.0,0.0,-0.0129,0.0024,0.6799,0.0344,0.0031,0.0035,0.0051,-0.0091,0.0,0.0,0.6287142780744316
121141.717960357,0.3615,-0.0118,-0.0007,0.0033,-0.0017,0.0004,1.0753,-0.2295,0.4402,0.0,0.0,0.0,0.0,0.0,-0.0129,0.0024,0.6814,0.0344,0.0033,0.0034,0.005,-0.009,0.0,0.0,0.6311879572318674
121141.745713862,0.3637,-0.0118,-0.0007,0.0033,-0.0017,0.0004,1.0752,-0.2295,0.437,0.0,0.0,0.0,0.0,0.0,-0.0129,0.0024,0.6828,0.0344,0.0034,0.0032,0.005,-0.0089,0.0,0.0,0.6336378724384717
121141.751405445,0.3659,-0.0118,-0.0007,0.0033,-0.0017,0.0004,1.0752,-0.2295,0.4336,0.0,0.0,0.0,0.0,0.0,-0.0129,0.0024,0.6842,0.0344,0.003,0.0037,0.0051,-0.0092,0.0,0.0,0.636063956528582
121141.756819081,0.368,-0.0118,-0.0007,0.0033,-0.0017,0.0004,1.0751,-0.2294,0.4301,0.0,0.0,0.0,0.0,0.0,-0.0129,0.0024,0.6856,0.0344,0.0035,0.0031,0.0049,-0.0089,0.0,0.0,0.6384661429898782
121141.76220291,0.3702,-0.0118,-0.0007,0.0033,-0.0017,0.0004,1.075,-0.2294,0.4264,0.0,0.0,0.0,0.0,0.0,-0.0129,0.0024,0.6872,0.0344,0.0032,0.0034,0.005,-0.009,0.0,0.0,0.6408443659652033
121141.786537918,0.3723,-0.0118,-0.0007,0.0033,-0.0017,0.0004,1.075,-0.2294,0.4225,0.0,0.0,0.0,0.0,0.0,-0.0129,0.0024,0.6885,0.0344,0.0033,0.0034,0.005,-0.009,0.0,0.0,0.6431985602543745
121141.794878537,0.3744,-0.0118,-0.0007,0.0033,-0.0017,0.0004,1.0749,-0.2294,0.4184,0.0,0.0,0.0,0.0,0.0,-0.0129,0.0024,0.69,0.0344,0.0033,0.0033,0.005,-0.009,0.0,0.0,0.6455286613159651
121141.800708076,0.3764,-0.0118,-0.0007,0.0033,-0.0017,0.0004,1.0748,-0.2294,0.4143,0.0,0.0,0.0,0.0,0.0,-0.0129,0.0024,0.6915,0.0344,0.0032,0.0034,0.005,-0.009,0.0,0.0,0.6478346052690781
121141.829204917,0.3785,-0.0118,-0.0007,0.0033,-0.0017,0.0004,1.0748,-0.2294,0.4099,0.0,0.0,0.0,0.0,0.0,-0.013,0.0024,0.6929,0.0344,0.0034,0.0032,0.0049,-0.0089,0.0,0.0,0.6501163288950954
121141.836384512,0.3805,-0.0118,-0.0007,0.0033,-0.0017,0.0004,1.0747,-0.2294,0.4054,0.0,0.0,0.0,0.0,0.0,-0.013,0.0024,0.6943,0.0344,0.003,0.0037,0.0051,-0.0092,0.0,0.0,0.6523737696394105
121141.84266868,0.3825,-0.0118,-0.0007,0.0033,-0.0017,0.0004,1.0746,-0.2294,0.4008,0.0,0.0,0.0,0.0,0.0,-0.013,0.0024,0.6957,0.0344,0.0034,0.0032,0.0049,-0.0089,0.0,0.0,0.6546068656131455
121141.869983409,0.3845,-0.0118,-0.0007,0.0033,-0.0017,0.0004,1.0746,-0.2293,0.396,0.0,0.0,0.0,0.0,0.0,-0.013,0.0024,0.6973,0.0344,0.0032,0.0035,0.005,-0.0091,0.0,0.0,0.656815555594846
121141.879242949,0.3865,-0.0118,-0.0007,0.0033,-0.0017,0.0004,1.0745,-0.2293,0.391,0.0,0.0,0.0,0.0,0.0,-0.013,0.0024,0.6985,0.0344,0.0034,0.0032,0.0049,-0.0089,0.0,0.0,0.658999779032161
121141.88482048,0.3884,-0.0118,-0.0007,0.0033,-0.0017,0.0004,1.0744,-0.2293,0.3859,0.0,0.0,0.0,0.0,0.0,-0.013,0.0024,0.7,0.0344,0.0032,0.0034,0.005,-0.009,0.0,0.0,0.6611594760435008
121141.890400023,0.3903,-0.0118,-0.0007,0.0033,-0.0017,0.0004,1.0744,-0.2293,0.3807,0.0,0.0,0.0,0.0,0.0,-0.013,0.0024,0.7015,0.0344,0.0032,0.0035,0.005,-0.0091,0.0,0.0,0.6632945874196814
121141.916973701,0.3922,-0.0118,-0.0007,0.0033,-0.0017,0.0004,1.0743,-0.2293,0.3754,0.0,0.0,0.0,0.0,0.0,-0.013,0.0024,0.7032,0.0344,0.0034,0.0032,0.0049,-0.0089,0.0,0.0,0.6654050546255461
121141.922649716,0.394,-0.0118,-0.0007,0.0033,-0.0017,0.0004,1.0742,-0.2293,0.3699,0.0,0.0,0.0,0.0,0.0,-0.013,0.0024,0.7045,0.0344,0.0031,0.0036,0.005,-0.0091,0.0,0.0,0.6674908198015695
121141.927634161,0.3958,-0.0118,-0.0007,0.0033,-0.0017,0.0004,1.0742,-0.2293,0.3643,0.0,0.0,0.0,0.0,0.0,-0.013,0.0024,0.7061,0.0344,0.0035,0.0031,0.0048,-0.0089,0.0,0.0,0.6695518257654464
121141.955959503,0.3976,-0.0118,-0.0007,0.0033,-0.0017,0.0004,1.0741,-0.2293,0.3586,0.0,0.0,0.0,0.0,0.0,-0.013,0.0024,0.7077,0.0344,0.0031,0.0035,0.005,-0.0091,0.0,0.0,0.6715880160136571
121141.960975477,0.3994,-0.0118,-0.0007,0.0033,-0.0017,0.0004,1.074,-0.2292,0.3528,0.0,0.0,0.0,0.0,0.0,-0.013,0.0024,0.7092,0.0344,0.0034,0.0033,0.0049,-0.009,0.0,0.0,0.6735993347230171
121141.966179892,0.4011,-0.0118,-0.0007,0.0033,-0.0017,0.0004,1.074,-0.2292,0.3468,0.0,0.0,0.0,0.0,0.0,-0.0131,0.0024,0.7106,0.0344,0.0033,0.0032,0.0049,-0.0089,0.0,0.0,0.6755857267522082
121141.990603794,0.4028,-0.0118,-0.0007,0.0033,-0.0017,0.0004,1.0739,-0.2292,0.3407,0.0,0.0,0.0,0.0,0.0,-0.0131,0.0024,0.7123,0.0344,0.0031,0.0035,0.005,-0.0091,0.0,0.0,0.6775471376432896
121141.998170933,0.4045,-0.0118,-0.0007,0.0033,-0.0017,0.0004,1.0739,-0.2292,0.3346,0.0,0.0,0.0,0.0,0.0,-0.0131,0.0024,0.7139,0.0344,0.0034,0.0032,0.0048,-0.0089,0.0,0.0,0.6794835136231904
121142.003458052,0.4062,-0.0118,-0.0007,0.0033,-0.0017,0.0004,1.0738,-0.2292,0.3283,0.0,0.0,0.0,0.0,0.0,-0.0131,0.0024,0.7155,0.0344,0.003,0.0037,0.005,-0.0092,0.0,0.0,0.6813948016051854
121142.008497881,0.4078,-0.0118,-0.0007,0.0033,-0.0017,0.0004,1.0737,-0.2292,0.322,0.0,0.0,0.0,0.0,0.0,-0.0131,0.0024,0.7173,0.0344,0.0036,0.003,0.0048,-0.0088,0.0,0.0,0.683280949190349
121142.033748764,0.4093,-0.0118,-0.0007,0.0033,-0.0017,0.0004,1.0737,-0.2292,0.3155,0.0,0.0,0.0,0.0,0.0,-0.0131,0.0024,0.719,0.0343,0.0031,0.0036,0.005,-0.0091,0.0,0.0,0.6851419046689929
121142.03935586,0.4109,-0.0118,-0.0007,0.0033,-0.0017,0.0004,1.0736,-0.2292,0.309,0.0,0.0,0.0,0.0,0.0,-0.0131,0.0024,0.7207,0.0343,0.0034,0.0032,0.0048,-0.0089,0.0,0.0,0.6869776170220815
121142.044693133,0.4124,-0.0119,-0.0007,0.0033,-0.0017,0.0004,1.0735,-0.2291,0.3024,0.0,0.0,0.0,0.0,0.0,-0.0131,0.0024,0.7224,0.0343,0.0033,0.0033,0.0049,-0.009,0.0,0.0,0.6887880359226343
121142.074357659,0.4139,-0.0119,-0.0007,0.0033,-0.0017,0.0004,1.0735,-0.2291,0.2957,0.0,0.0,0.0,0.0,0.0,-0.0131,0.0024,0.7242,0.0343,0.0031,0.0035,0.005,-0.0091,0.0,0.0,0.6905731117371019
121142.079787976,0.4153,-0.0119,-0.0007,0.0033,-0.0017,0.0004,1.0734,-0.2291,0.289,0.0,0.0,0.0,0.0,0.0,-0.0131,0.0024,0.7261,0.0343,0.0033,0.0032,0.0048,-0.009,0.0,0.0,0.6923327955267293
121142.08607546,0.4167,-0.0119,-0.0007,0.0033,-0.0017,0.0004,1.0733,-0.2291,0.2822,0.0,0.0,0.0,0.0,0.0,-0.0131,0.0024,0.7278,0.0343,0.0031,0.0035,0.0049,-0.0091,0.0,0.0,0.6940670390488971
121142.122013473,0.4181,-0.0119,-0.0007,0.0033,-0.0017,0.0004,1.0733,-0.2291,0.2753,0.0,0.0,0.0,0.0,0.0,-0.0131,0.0024,0.7295,0.0343,0.0034,0.0032,0.0048,-0.0089,0.0,0.0,0.6957757947584423
121142.123399855,0.4195,-0.0119,-0.0007,0.0033,-0.0017,0.0004,1.0732,-0.2291,0.2684,0.0,0.0,0.0,0.0,0.0,-0.0132,0.0024,0.7314,0.0343,0.0032,0.0034,0.0049,-0.009,0.0,0.0,0.6974590158089643
121142.129315226,0.4208,-0.0119,-0.0007,0.0033,-0.0017,0.0004,1.0731,-0.2291,0.2614,0.0,0.0,0.0,0.0,0.0,-0.0132,0.0024,0.7336,0.0343,0.0034,0.0031,0.0048,-0.0089,0.0,0.0,0.699116656054108
121142.135901591,0.422,-0.0119,-0.0007,0.0033,-0.0017,0.0004,1.0731,-0.2291,0.2544,0.0,0.0,0.0,0.0,0.0,-0.0132,0.0024,0.7353,0.0343,0.0031,0.0035,0.0049,-0.0091,0.0,0.0,0.7007486700488281
121142.163998461,0.4233,-0.0119,-0.0007,0.0033,-0.0017,0.0004,1.073,-0.229,0.2474,0.0,0.0,0.0,0.0,0.0,-0.0132,0.0024,0.7374,0.0343,0.0033,0.0033,0.0048,-0.009,0.0,0.0,0.702355013050637
121142.169772757,0.4245,-0.0119,-0.0007,0.0033,-0.0017,0.0004,1.0729,-0.229,0.2403,0.0,0.0,0.0,0.0,0.0,-0.0132,0.0024,0.7393,0.0343,0.0033,0.0032,0.0048,-0.0089,0.0,0.0,0.7039356410208297
121142.174986241,0.4256,-0.0119,-0.0007,0.0033,-0.0017,0.0004,1.0729,-0.229,0.2332,0.0,0.0,0.0,0.0,0.0,-0.0132,0.0025,0.7415,0.0343,0.0032,0.0034,0.0049,-0.009,0.0,0.0,0.7054905106256923
121142.201465413,0.4268,-0.0119,-0.0007,0.0033,-0.0017,0.0004,1.0728,-0.229,0.2261,0.0,0.0,0.0,0.0,0.0,-0.0132,0.0025,0.7436,0.0343,0.0032,0.0034,0.0049,-0.009,0.0,0.0,0.7070195792376884
121142.206372094,0.4279,-0.0119,-0.0007,0.0033,-0.0017,0.0004,1.0728,-0.229,0.2189,0.0,0.0,0.0,0.0,0.0,-0.0132,0.0025,0.7456,0.0343,0.0033,0.0033,0.0048,-0.009,0.0,0.0,0.7085228049366303
121142.211432611,0.4289,-0.0119,-0.0007,0.0033,-0.0017,0.0004,1.0727,-0.229,0.2118,0.0,0.0,0.0,0.0,0.0,-0.0132,0.0025,0.7476,0.0343,0.0032,0.0034,0.0049,-0.009,0.0,0.0,0.7100001465108261
121142.238765633,0.43,-0.0119,-0.0007,0.0032,-0.0017,0.0004,1.0726,-0.229,0.2046,0.0,0.0,0.0,0.0,0.0,-0.0132,0.0025,0.7498,0.0343,0.0034,0.0031,0.0048,-0.0089,0.0,0.0,0.7114515634582096
121142.243755484,0.4309,-0.0119,-0.0007,0.0032,-0.0017,0.0004,1.0726,-0.229,0.1975,0.0,0.0,0.0,0.0,0.0,-0.0132,0.0025,0.7522,0.0343,0.0031,0.0036,0.0049,-0.0091,0.0,0.0,0.7128770159874526
121142.249175877,0.4319,-0.0119,-0.0007,0.0032,-0.0017,0.0004,1.0725,-0.2289,0.1903,0.0,0.0,0.0,0.0,0.0,-0.0132,0.0025,0.7542,0.0343,0.0034,0.0032,0.0048,-0.0089,0.0,0.0,0.714276465019054
121142.254982454,0.4328,-0.0119,-0.0007,0.0032,-0.0017,0.0004,1.0724,-0.2289,0.1832,0.0,0.0,0.0,0.0,0.0,-0.0132,0.0025,0.7565,0.0343,0.0032,0.0034,0.0049,-0.009,0.0,0.0,0.7156498721864111
121142.281867201,0.4337,-0.0119,-0.0007,0.0032,-0.0017,0.0004,1.0724,-0.2289,0.1761,0.0,0.0,0.0,0.0,0.0,-0.0133,0.0025,0.759,0.0343,0.0034,0.0032,0.0048,-0.0089,0.0,0.0,0.716997199836873
121142.286883967,0.4345,-0.0119,-0.0007,0.0032,-0.0017,0.0004,1.0723,-0.2289,0.169,0.0,0.0,0.0,0.0,0.0,-0.0133,0.0025,0.7611,0.0343,0.0032,0.0033,0.0048,-0.009,0.0,0.0,0.7183184110327718
121142.292102249,0.4353,-0.0119,-0.0007,0.0032,-0.0017,0.0004,1.0722,-0.2289,0.1619,0.0,0.0,0.0,0.0,0.0,-0.0133,0.0025,0.7634,0.0343,0.003,0.0036,0.0049,-0.0091,0.0,0.0,0.719613469552435
121142.319383956,0.4361,-0.0119,-0.0007,0.0032,-0.0017,0.0004,1.0722,-0.2289,0.1549,0.0,0.0,0.0,0.0,0.0,-0.0133,0.0025,0.7659,0.0343,0.0036,0.0029,0.0047,-0.0088,0.0,0.0,0.7208823398911787
121142.324659098,0.4369,-0.0119,-0.0007,0.0032,-0.0017,0.0004,1.0721,-0.2289,0.1479,0.0,0.0,0.0,0.0,0.0,-0.0133,0.0025,0.7681,0.0343,0.003,0.0036,0.0049,-0.0091,0.0,0.0,0.7221249872622821
121142.330566277,0.4376,-0.0119,-0.0007,0.0032,-0.0017,0.0004,1.072,-0.2289,0.141,0.0,0.0,0.0,0.0,0.0,-0.0133,0.0025,0.7708,0.0343,0.0034,0.0031,0.0047,-0.0089,0.0,0.0,0.7233413775979395
121142.354171554,0.4382,-0.0119,-0.0007,0.0032,-0.0017,0.0004,1.072,-0.2288,0.1341,0.0,0.0,0.0,0.0,0.0,-0.0133,0.0025,0.7731,0.0343,0.0032,0.0034,0.0049,-0.009,0.0,0.0,0.7245314775501954
121142.36316048,0.4389,-0.0119,-0.0007,0.0032,-0.0017,0.0004,1.0719,-0.2288,0.1272,0.0,0.0,0.0,0.0,0.0,-0.0133,0.0025,0.7756,0.0343,0.0032,0.0034,0.0048,-0.009,0.0,0.0,0.7256952544918588
121142.369325676,0.4395,-0.0119,-0.0007,0.0032,-0.0017,0.0004,1.0718,-0.2288,0.1204,0.0,0.0,0.0,0.0,0.0,-0.0133,0.0025,0.778,0.0343,0.0033,0.0032,0.0048,-0.0089,0.0,0.0,0.7268326765173965
121142.375124729,0.44,-0.0119,-0.0007,0.0032,-0.0017,0.0004,1.0718,-0.2288,0.1137,0.0,0.0,0.0,0.0,0.0,-0.0133,0.0025,0.7806,0.0343,0.0031,0.0035,0.0049,-0.0091,0.0,0.0,0.7279437124438092
121142.401220025,0.4406,-0.0119,-0.0007,0.0032,-0.0017,0.0004,1.0717,-0.2288,0.1071,0.0,0.0,0.0,0.0,0.0,-0.0133,0.0025,0.7832,0.0343,0.0034,0.0031,0.0047,-0.0089,0.0,0.0,0.7290283318114862
121142.406352547,0.4411,-0.0119,-0.0007,0.0032,-0.0017,0.0004,1.0716,-0.2288,0.1005,0.0,0.0,0.0,0.0,0.0,-0.0133,0.0025,0.7857,0.0342,0.0031,0.0035,0.0049,-0.0091,0.0,0.0,0.730086504885039
121142.411451476,0.4416,-0.0119,-0.0007,0.0032,-0.0017,0.0004,1.0716,-0.2288,0.094,0.0,0.0,0.0,0.0,0.0,-0.0134,0.0025,0.788,0.0343,0.0034,0.0032,0.0047,-0.0089,0.0,0.0,0.7311182026541185
121142.443728318,0.442,-0.0119,-0.0007,0.0032,-0.0017,0.0004,1.0715,-0.2288,0.0876,0.0,0.0,0.0,0.0,0.0,-0.0134,0.0025,0.7906,0.0342,0.0033,0.0033,0.0048,-0.009,0.0,0.0,0.7321233968342095
121142.448877581,0.4424,-0.0119,-0.0007,0.0032,-0.0017,0.0004,1.0714,-0.2287,0.0812,0.0,0.0,0.0,0.0,0.0,-0.0134,0.0025,0.7934,0.0342,0.0032,0.0033,0.0048,-0.009,0.0,0.0,0.7331020598674054
121142.454015191,0.4428,-0.0119,-0.0007,0.0032,-0.0017,0.0004,1.0713,-0.2287,0.075,0.0,0.0,0.0,0.0,0.0,-0.0134,0.0025,0.7958,0.0342,0.0033,0.0033,0.0048,-0.009,0.0,0.0,0.7340541649231648
121142.482467009,0.4431,-0.0119,-0.0007,0.0032,-0.0017,0.0004,1.0713,-0.2287,0.0688,0.0,0.0,0.0,0.0,0.0,-0.0134,0.0025,0.7984,0.0342,0.0031,0.0035,0.0049,-0.0091,0.0,0.0,0.7349796858990467
121142.487950835,0.4434,-0.0119,-0.0007,0.0032,-0.0017,0.0004,1.0712,-0.2287,0.0628,0.0,0.0,0.0,0.0,0.0,-0.0134,0.0025,0.8012,0.0342,0.0034,0.0031,0.0047,-0.0089,0.0,0.0,0.7358785974214265
121142.493494032,0.4437,-0.0119,-0.0007,0.0032,-0.0017,0.0004,1.0711,-0.2287,0.0568,0.0,0.0,0.0,0.0,0.0,-0.0134,0.0025,0.8037,0.0342,0.0031,0.0035,0.0049,-0.0091,0.0,0.0,0.7367508748461898
121142.498962789,0.444,-0.0119,-0.0007,0.0032,-0.0017,0.0004,1.0711,-0.2287,0.0509,0.0,0.0,0.0,0.0,0.0,-0.0134,0.0025,0.8063,0.0342,0.0033,0.0033,0.0048,-0.009,0.0,0.0,0.7375964942594111
121142.524230528,0.4442,-0.0119,-0.0007,0.0032,-0.0017,0.0004,1.071,-0.2287,0.0452,0.0,0.0,0.0,0.0,0.0,-0.0134,0.0025,0.8088,0.0342,0.0032,0.0033,0.0048,-0.009,0.0,0.0,0.738415432478007
121142.531845189,0.4444,-0.0119,-0.0007,0.0032,-0.0017,0.0004,1.0709,-0.2286,0.0395,0.0,0.0,0.0,0.0,0.0,-0.0134,0.0025,0.8116,0.0342,0.0032,0.0034,0.0048,-0.009,0.0,0.0,0.7392076670503721
121142.536986047,0.4446,-0.0119,-0.0007,0.0032,-0.0017,0.0004,1.0709,-0.2286,0.034,0.0,0.0,0.0,0.0,0.0,-0.0134,0.0025,0.8142,0.0342,0.0034,0.0031,0.0047,-0.0089,0.0,0.0,0.7399731762569957
121142.565000679,0.4447,-0.0119,-0.0007,0.0032,-0.0017,0.0004,1.0708,-0.2286,0.0286,0.0,0.0,0.0,0.0,0.0,-0.0134,0.0025,0.8168,0.0342,0.0031,0.0035,0.0049,-0.0091,0.0,0.0,0.7407119391110562
121142.570887045,0.4448,-0.0119,-0.0007,0.0032,-0.0017,0.0004,1.0707,-0.2286,0.0233,0.0,0.0,0.0,0.0,0.0,-0.0135,0.0025,0.8195,0.0342,0.0033,0.0033,0.0048,-0.009,0.0,0.0,0.7414239353589969
121142.576454355,0.4449,-0.0119,-0.0007,0.0032,-0.0017,0.0004,1.0707,-0.2286,0.0181,0.0,0.0,0.0,0.0,0.0,-0.0135,0.0025,0.8222,0.0342,0.0034,0.0031,0.0047,-0.0089,0.0,0.0,0.7421091454810806
121142.603041308,0.445,-0.0119,-0.0007,0.0032,-0.0017,0.0004,1.0706,-0.2286,0.0131,0.0,0.0,0.0,0.0,0.0,-0.0135,0.0025,0.8247,0.0342,0.0031,0.0035,0.0049,-0.0091,0.0,0.0,0.742767550691926
121142.608518521,0.445,-0.0119,-0.0007,0.0032,-0.0017,0.0004,1.0705,-0.2286,0.0,-0.0059,1e-04,-0.0002,0.0,-1e-04,-0.0134,0.0026,0.7724,0.0333,0.0035,0.0032,0.0049,-0.0087,0.0,0.0,0.7433991329410216
121142.61361099,0.445,-0.0119,-0.0007,0.0032,-0.0017,0.0004,1.0705,-0.2286,0.0,0.0,0.0,0.0,0.0,0.0,-0.0135,0.0025,0.8157,0.0318,0.0037,0.0023,0.0043,-0.0087,0.0,0.0,0.7440038749132207
121142.619077953,0.445,-0.0119,-0.0007,0.0032,-0.0017,0.0004,1.0704,-0.2285,0.0,0.0,0.0,0.0,0.0,0.0,-0.0135,0.0025,0.9211,0.0315,0.0027,0.0037,0.005,-0.0092,0.0,0.0,0.7445817600292173
121142.644833097,0.445,-0.0119,-0.0007,0.0032,-0.0017,0.0004,1.0703,-0.2285,0.0,0.0,0.0,0.0,0.0,0.0,-0.0135,0.0025,0.9233,0.0338,0.0031,0.0034,0.0048,-0.009,0.0,0.0,0.7451327724459984
121142.651489648,0.445,-0.0119,-0.0007,0.0032,-0.0017,0.0004,1.0702,-0.2285,0.0,1e-04,0.0,0.0,0.0,0.0,-0.0135,0.0025,0.9236,0.034,0.0028,0.0038,0.005,-0.0092,0.0,0.0,0.7456568970572806
121142.656356083,0.445,-0.0119,-0.0007,0.0032,-0.0017,0.0004,1.0702,-0.2285,0.0,1e-04,0.0,0.0,0.0,0.0,-0.0135,0.0025,0.9233,0.0338,0.0034,0.003,0.0047,-0.0089,0.0,0.0,0.7461541194939227
121142.68394922,0.445,-0.0119,-0.0007,0.0032,-0.0017,0.0004,1.0701,-0.2285,0.0,1e-04,0.0,0.0,0.0,0.0,-0.0135,0.0025,0.9239,0.0342,0.0029,0.0036,0.0049,-0.0091,0.0,0.0,0.7466244261243206
121142.688840948,0.445,-0.0119,-0.0007,0.0032,-0.0017,0.0004,1.07,-0.2285,0.0,1e-04,0.0,0.0,0.0,0.0,-0.0135,0.0025,0.9241,0.0343,0.0031,0.0034,0.0048,-0.009,0.0,0.0,0.7470678040547805
121142.693931476,0.445,-0.0119,-0.0007,0.0032,-0.0017,0.0004,1.07,-0.2285,0.0,1e-04,0.0,0.0,0.0,0.0,-0.0135,0.0025,0.9239,0.0342,0.0034,0.0031,0.0047,-0.0089,0.0,0.0,0.7474842411298722
121142.720675997,0.445,-0.0119,-0.0007,0.0032,-0.0017,0.0004,1.0699,-0.2285,0.0,1e-04,0.0,0.0,0.0,0.0,-0.0135,0.0025,0.9241,0.0344,0.003,0.0036,0.0049,-0.0091,0.0,0.0,0.7478737259327631
121142.726022793,0.445,-0.0119,-0.0007,0.0032,-0.0017,0.0004,1.0698,-0.2284,0.0,1e-04,0.0,0.0,0.0,0.0,-0.0136,0.0025,0.9239,0.0342,0.0035,0.003,0.0047,-0.0088,0.0,0.0,0.7482362477855307
121142.731311074,0.445,-0.0119,-0.0007,0.0032,-0.0017,0.0004,1.0698,-0.2284,0.0,1e-04,0.0,0.0,0.0,0.0,-0.0136,0.0025,0.924,0.0343,0.0032,0.0033,0.0048,-0.009,0.0,0.0,0.748571796749455
121142.736681028,0.445,-0.0119,-0.0007,0.0032,-0.0017,0.0004,1.0697,-0.2284,0.0,1e-04,0.0,0.0,0.0,0.0,-0.0136,0.0026,0.9239,0.0342,0.0031,0.0034,0.0048,-0.009,0.0,0.0,0.7488803636252919
121142.763837361,0.445,-0.0119,-0.0007,0.0032,-0.0017,0.0004,1.0696,-0.2284,0.0,1e-04,0.0,0.0,0.0,0.0,-0.0136,0.0026,0.9239,0.0342,0.0033,0.0032,0.0048,-0.0089,0.0,0.0,0.7491619399535245
121142.769640682,0.445,-0.0119,-0.0007,0.0032,-0.0017,0.0004,1.0696,-0.2284,0.0,1e-04,0.0,0.0,0.0,0.0,-0.0136,0.0026,0.9239,0.0343,0.0031,0.0034,0.0048,-0.009,0.0,0.0,0.7494165180145956
121142.774934484,0.445,-0.0119,-0.0007,0.0032,-0.0017,0.0004,1.0695,-0.2284,0.0,1e-04,0.0,0.0,0.0,0.0,-0.0136,0.0026,0.924,0.0343,0.0034,0.003,0.0047,-0.0089,0.0,0.0,0.749644090829119
121142.805278345,0.445,-0.0119,-0.0007,0.0032,-0.0017,0.0004,1.0694,-0.2284,0.0,1e-04,0.0,0.0,0.0,0.0,-0.0136,0.0026,0.9239,0.0342,0.0029,0.0036,0.0049,-0.0091,0.0,0.0,0.749844652158071
121142.810077525,0.445,-0.0119,-0.0007,0.0032,-0.0017,0.0004,1.0694,-0.2283,0.0,1e-04,0.0,0.0,0.0,0.0,-0.0136,0.0026,0.9239,0.0343,0.0032,0.0034,0.0048,-0.009,0.0,0.0,0.7500181965029615
121142.8122968,0.445,-0.0119,-0.0007,0.0032,-0.0017,0.0004,1.0693,-0.2283,0.0,1e-04,0.0,0.0,0.0,0.0,-0.0136,0.0026,0.9239,0.0342,0.0033,0.0031,0.0047,-0.0089,0.0,0.0,0.7501647191059847
121142.837477974,0.445,-0.0119,-0.0007,0.0032,-0.0017,0.0004,1.0692,-0.2283,0.0,1e-04,0.0,0.0,0.0,0.0,-0.0136,0.0026,0.9239,0.0342,0.0031,0.0034,0.0048,-0.0091,0.0,0.0,0.7502842159501493
121142.846334528,0.445,-0.0119,-0.0007,0.0032,-0.0017,0.0004,1.0691,-0.2283,0.0,1e-04,0.0,0.0,0.0,0.0,-0.0136,0.0026,0.9239,0.0342,0.0034,0.003,0.0047,-0.0089,0.0,0.0,0.7503766837593889
121142.852273948,0.445,-0.0119,-0.0007,0.0032,-0.0017,0.0004,1.0691,-0.2283,0.0,1e-04,0.0,0.0,0.0,0.0,-0.0136,0.0026,0.924,0.0343,0.0031,0.0034,0.0048,-0.009,0.0,0.0,0.7504421199986521
121142.857516544,0.445,-0.0119,-0.0007,0.0032,-0.0017,0.0004,1.069,-0.2283,0.0,1e-04,0.0,0.0,0.0,0.0,-0.0137,0.0026,0.9239,0.0342,0.0032,0.0033,0.0048,-0.009,0.0,0.0,0.7504805228739709
121142.88426098,0.445,-0.0119,-0.0007,0.0032,-0.0017,0.0004,1.0689,-0.2283,0.0,1e-04,0.0,0.0,0.0,0.0,-0.0137,0.0026,0.924,0.0343,0.0032,0.0033,0.0048,-0.009,0.0,0.0,0.7504918913325114
121142.888898845,0.445,-0.0119,-0.0007,0.0032,-0.0017,0.0004,1.0689,-0.2283,0.0,1e-04,0.0,0.0,0.0,0.0,-0.0137,0.0026,0.9239,0.0342,0.0032,0.0032,0.0048,-0.0089,0.0,0.0,0.7504762250626015
121142.894026679,0.445,-0.0119,-0.0007,0.0032,-0.0017,0.0004,1.0688,-0.2282,0.0,1e-04,0.0,0.0,0.0,0.0,-0.0137,0.0026,0.9239,0.0342,0.0032,0.0033,0.0048,-0.009,0.0,0.0,0.7504335244937399
121142.92083706,0.445,-0.0119,-0.0007,0.0032,-0.0017,0.0004,1.0687,-0.2282,0.0,1e-04,0.0,0.0,0.0,0.0,-0.0137,0.0026,0.924,0.0343,0.0033,0.0032,0.0048,-0.0089,0.0,0.0,0.7503637907965842
121142.925793765,0.445,-0.0119,-0.0007,0.0032,-0.0017,0.0004,1.0687,-0.2282,0.0,1e-04,0.0,0.0,0.0,0.0,-0.0137,0.0026,0.9239,0.0342,0.0031,0.0034,0.0048,-0.009,0.0,0.0,0.750267025882919
121142.930758924,0.445,-0.0119,-0.0007,0.0032,-0.0017,0.0004,1.0686,-0.2282,0.0,1e-04,0.0,0.0,0.0,0.0,-0.0137,0.0026,0.9238,0.0342,0.0033,0.0031,0.0047,-0.0089,0.0,0.0,0.7501432324056033
121142.954467224,0.445,-0.0119,-0.0007,0.0032,-0.0017,0.0004,1.0685,-0.2282,0.0,1e-04,0.0,0.0,0.0,0.0,-0.0137,0.0026,0.924,0.0343,0.0031,0.0035,0.0049,-0.0091,0.0,0.0,0.7499924137584977
121142.963100377,0.445,-0.0119,-0.0007,0.0032,-0.0017,0.0004,1.0685,-0.2282,0.0,1e-04,0.0,0.0,0.0,0.0,-0.0137,0.0026,0.9239,0.0342,0.0032,0.0033,0.0048,-0.009,0.0,0.0,0.7498145740763718
121142.96951122,0.445,-0.0119,-0.0007,0.0032,-0.0017,0.0004,1.0684,-0.2282,0.0,1e-04,0.0,0.0,0.0,0.0,-0.0137,0.0026,0.9238,0.0342,0.0033,0.0032,0.0047,-0.0089,0.0,0.0,0.7496097182347902
121142.975202202,0.445,-0.0119,-0.0007,0.0032,-0.0017,0.0004,1.0683,-0.2281,0.0,1e-04,0.0,0.0,0.0,0.0,-0.0137,0.0026,0.9239,0.0343,0.0032,0.0033,0.0048,-0.009,0.0,0.0,0.7493778518499791
121143.00606426,0.445,-0.0119,-0.0007,0.0032,-0.0017,0.0004,1.0683,-0.2281,0.0,1e-04,0.0,0.0,0.0,0.0,-0.0137,0.0026,0.9239,0.0342,0.0031,0.0034,0.0048,-0.009,0.0,0.0,0.7491189812786728
121143.011237808,0.445,-0.0119,-0.0007,0.0032,-0.0017,0.0004,1.0682,-0.2281,0.0,1e-04,0.0,0.0,0.0,0.0,-0.0137,0.0026,0.9239,0.0342,0.0033,0.0032,0.0048,-0.0089,0.0,0.0,0.7488331136179389
121143.016597702,0.445,-0.0119,-0.0007,0.0032,-0.0017,0.0004,1.0681,-0.2281,0.0,1e-04,0.0,0.0,0.0,0.0,-0.0138,0.0026,0.9238,0.0342,0.0031,0.0033,0.0048,-0.009,0.0,0.0,0.7485202567049835
121143.040236934,0.445,-0.0119,-0.0007,0.0032,-0.0017,0.0004,1.068,-0.2281,0.0,1e-04,0.0,0.0,0.0,0.0,-0.0138,0.0026,0.924,0.0343,0.0033,0.0032,0.0047,-0.0089,0.0,0.0,0.7481804191169369
121143.04955359,0.445,-0.0119,-0.0007,0.0032,-0.0017,0.0004,1.068,-0.2281,0.0,1e-04,0.0,0.0,0.0,0.0,-0.0138,0.0026,0.9239,0.0342,0.0032,0.0033,0.0048,-0.009,0.0,0.0,0.7478136101706182
121143.054537183,0.445,-0.0119,-0.0007,0.0032,-0.0017,0.0004,1.0679,-0.2281,0.0,1e-04,0.0,0.0,0.0,0.0,-0.0138,0.0026,0.9238,0.0342,0.0033,0.0032,0.0048,-0.0089,0.0,0.0,0.7474198399222802
121143.080832864,0.445,-0.0119,-0.0007,0.0032,-0.0017,0.0004,1.0678,-0.2281,0.0,1e-04,0.0,0.0,0.0,0.0,-0.0138,0.0026,0.9239,0.0342,0.0031,0.0034,0.0048,-0.009,0.0,0.0,0.7469991191673331
121143.087334376,0.445,-0.0119,-0.0007,0.0032,-0.0017,0.0004,1.0678,-0.228,0.0,1e-04,0.0,0.0,0.0,0.0,-0.0138,0.0026,0.9238,0.0342,0.0033,0.0031,0.0047,-0.0089,0.0,0.0,0.7465514594400485
121143.092861903,0.445,-0.0119,-0.0007,0.0032,-0.0017,0.0004,1.0677,-0.228,0.0,1e-04,0.0,0.0,0.0,0.0,-0.0138,0.0026,0.9239,0.0342,0.0031,0.0034,0.0049,-0.0091,0.0,0.0,0.7460768730132445
121143.098433943,0.445,-0.0119,-0.0007,0.0032,-0.0017,0.0004,1.0676,-0.228,0.0,1e-04,0.0,0.0,0.0,0.0,-0.0138,0.0026,0.9239,0.0342,0.0033,0.0031,0.0047,-0.0089,0.0,0.0,0.7455753728979476
121143.122139207,0.445,-0.0119,-0.0007,0.0032,-0.0017,0.0004,1.0676,-0.228,0.0,1e-04,0.0,0.0,0.0,0.0,-0.0138,0.0026,0.9238,0.0342,0.0031,0.0033,0.0048,-0.009,0.0,0.0,0.7450469728430367
121143.13091743,0.445,-0.0119,-0.0007,0.0032,-0.0017,0.0004,1.0675,-0.228,0.0,1e-04,0.0,0.0,0.0,0.0,-0.0138,0.0026,0.9239,0.0342,0.0034,0.0031,0.0047,-0.0089,0.0,0.0,0.7444916873348664
121143.136494169,0.445,-0.0119,-0.0007,0.0032,-0.0017,0.0004,1.0674,-0.228,0.0,1e-04,0.0,0.0,0.0,0.0,-0.0138,0.0026,0.9239,0.0342,0.003,0.0036,0.0049,-0.0091,0.0,0.0,0.743909531596869
121143.164708544,0.445,-0.0119,-0.0007,0.0032,-0.0017,0.0004,1.0674,-0.228,0.0,1e-04,0.0,0.0,0.0,0.0,-0.0138,0.0026,0.9239,0.0342,0.0032,0.0033,0.0048,-0.009,0.0,0.0,0.7433005215891385
121143.170038332,0.445,-0.0119,-0.0007,0.0032,-0.0017,0.0004,1.0673,-0.2279,0.0,1e-04,0.0,0.0,0.0,0.0,-0.0139,0.0026,0.9239,0.0342,0.0033,0.0031,0.0047,-0.0089,0.0,0.0,0.7426646740079917
121143.17503386,0.445,-0.0119,-0.0007,0.0032,-0.0017,0.0004,1.0672,-0.2279,0.0,1e-04,0.0,0.0,0.0,0.0,-0.0139,0.0026,0.9238,0.0342,0.0031,0.0034,0.0048,-0.009,0.0,0.0,0.7420020062855115
121143.204967275,0.445,-0.0119,-0.0007,0.0032,-0.0017,0.0004,1.0672,-0.2279,0.0,1e-04,0.0,0.0,0.0,0.0,-0.0139,0.0026,0.9238,0.0342,0.0034,0.003,0.0047,-0.0089,0.0,0.0,0.7413125365890679
121143.206750848,0.445,-0.0119,-0.0007,0.0032,-0.0017,0.0004,1.0671,-0.2279,0.0,1e-04,0.0,0.0,0.0,0.0,-0.0139,0.0026,0.9238,0.0342,0.0032,0.0032,0.0048,-0.0089,0.0,0.0,0.7405962838208213
121143.211595473,0.445,-0.0119,-0.0007,0.0032,-0.0017,0.0004,1.067,-0.2279,0.0,1e-04,0.0,0.0,0.0,0.0,-0.0139,0.0026,0.9238,0.0342,0.0031,0.0033,0.0048,-0.009,0.0,0.0,0.7398532676172026
121143.216963603,0.445,-0.0119,-0.0007,0.0032,-0.0017,0.0004,1.067,-0.2279,0.0,1e-04,0.0,0.0,0.0,0.0,-0.0139,0.0026,0.9239,0.0342,0.0032,0.0032,0.0048,-0.0089,0.0,0.0,0.739083508348377
121143.243779712,0.445,-0.0119,-0.0007,0.0032,-0.0017,0.0004,1.0669,-0.2279,0.0,1e-04,0.0,0.0,0.0,0.0,-0.0139,0.0026,0.9238,0.0342,0.0031,0.0033,0.0048,-0.009,0.0,0.0,0.7382870271176835
121143.249773028,0.445,-0.0119,-0.0007,0.0032,-0.0017,0.0004,1.0668,-0.2279,0.0,1e-04,0.0,0.0,0.0,0.0,-0.0139,0.0026,0.9238,0.0342,0.0034,0.003,0.0047,-0.0088,0.0,0.0,0.7374638457610571
121143.255494447,0.445,-0.0119,-0.0007,0.0032,-0.0017,0.0004,1.0667,-0.2278,0.0,1e-04,0.0,0.0,0.0,0.0,-0.0139,0.0026,0.9239,0.0342,0.003,0.0035,0.0049,-0.0091,0.0,0.0,0.7366139868464306
121143.282460564,0.445,-0.0119,-0.0007,0.0032,-0.0017,0.0004,1.0667,-0.2278,0.0,1e-04,0.0,0.0,0.0,0.0,-0.0139,0.0026,0.9238,0.0342,0.0033,0.0032,0.0047,-0.0089,0.0,0.0,0.7357374736731154
121143.287347157,0.445,-0.0119,-0.0007,0.0032,-0.0017,0.0004,1.0666,-0.2278,0.0,1e-04,0.0,0.0,0.0,0.0,-0.0139,0.0026,0.9238,0.0342,0.0032,0.0032,0.0048,-0.0089,0.0,0.0,0.7348343302711636
121143.291967754,0.445,-0.0119,-0.0007,0.0032,-0.0017,0.0004,1.0665,-0.2278,0.0,1e-04,0.0,0.0,0.0,0.0,-0.0139,0.0026,0.9239,0.0342,0.0032,0.0033,0.0048,-0.009,0.0,0.0,0.7339045814007067
121143.3206976,0.445,-0.0119,-0.0007,0.0032,-0.0017,0.0004,1.0665,-0.2278,0.0,1e-04,0.0,0.0,0.0,0.0,-0.0139,0.0027,0.9238,0.0342,0.0032,0.0032,0.0048,-0.0089,0.0,0.0,0.7329482525512803
121143.326765514,0.445,-0.0119,-0.0007,0.0032,-0.0017,0.0004,1.0664,-0.2278,0.0,1e-04,0.0,0.0,0.0,0.0,-0.014,0.0027,0.9238,0.0342,0.0032,0.0033,0.0048,-0.009,0.0,0.0,0.7319653699411229
121143.332374924,0.445,-0.0119,-0.0007,0.0032,-0.0017,0.0004,1.0663,-0.2278,0.0,1e-04,0.0,0.0,0.0,0.0,-0.014,0.0027,0.9238,0.0342,0.0032,0.0033,0.0048,-0.009,0.0,0.0,0.7309559605164576
121143.337995174,0.445,-0.0119,-0.0007,0.0032,-0.0017,0.0004,1.0663,-0.2277,0.0,1e-04,0.0,0.0,0.0,0.0,-0.014,0.0027,0.9237,0.0341,0.0031,0.0033,0.0048,-0.009,0.0,0.0,0.7299200519507535
121143.366467446,0.445,-0.0119,-0.0007,0.0032,-0.0017,0.0004,1.0662,-0.2277,0.0,1e-04,0.0,0.0,0.0,0.0,-0.014,0.0027,0.9238,0.0342,0.0032,0.0032,0.0048,-0.009,0.0,0.0,0.7288576726439676
121143.371850756,0.445,-0.0119,-0.0007,0.0032,-0.0017,0.0004,1.0661,-0.2277,0.0,1e-04,0.0,0.0,0.0,0.0,-0.014,0.0027,0.9238,0.0342,0.0032,0.0032,0.0048,-0.009,0.0,0.0,0.7277688517217649
121143.377148164,0.445,-0.0119,-0.0007,0.0032,-0.0017,0.0004,1.0661,-0.2277,0.0,1e-04,0.0,0.0,0.0,0.0,-0.014,0.0027,0.9239,0.0342,0.0032,0.0033,0.0048,-0.009,0.0,0.0,0.7266536190347217
121143.404145451,0.445,-0.0119,-0.0007,0.0032,-0.0017,0.0004,1.066,-0.2277,0.0,1e-04,0.0,0.0,0.0,0.0,-0.014,0.0027,0.9239,0.0342,0.0032,0.0032,0.0048,-0.0089,0.0,0.0,0.7255120051575042
121143.408875683,0.445,-0.0119,-0.0007,0.0032,-0.0017,0.0004,1.0659,-0.2277,0.0,1e-04,0.0,0.0,0.0,0.0,-0.014,0.0027,0.9235,0.034,0.0033,0.0032,0.0048,-0.0089,0.0,0.0,0.7243440413880348
121143.414148796,0.445,-0.0119,-0.0007,0.0032,-0.0017,0.0004,1.0659,-0.2277,0.0,1e-04,0.0,0.0,0.0,0.0,-0.014,0.0027,0.9231,0.0337,0.0033,0.0031,0.0047,-0.0089,0.0,0.0,0.7231497597466297
121143.437348247,0.445,-0.0119,-0.0007,0.0032,-0.0017,0.0004,1.0658,-0.2276,0.0,1e-04,0.0,0.0,0.0,0.0,-0.014,0.0027,0.9273,0.0369,0.0032,0.0034,0.0048,-0.009,0.0,0.0,0.7219291929751233
121143.445468857,0.445,-0.0119,-0.0007,0.0032,-0.0017,0.0004,1.0657,-0.2276,0.0,1e-04,0.0,0.0,0.0,0.0,-0.014,0.0027,0.922,0.0325,0.0034,0.003,0.0047,-0.0088,0.0,0.0,0.7206823745359703
121143.452117999,0.445,-0.0119,-0.0007,0.0032,-0.0017,0.0004,1.0656,-0.2276,0.0,0.0,0.0,0.0,0.0,0.0,-0.014,0.0027,0.9272,0.0371,0.003,0.0035,0.0049,-0.0091,0.0,0.0,0.7194093386113275
121143.457076912,0.445,-0.0119,-0.0007,0.0032,-0.0017,0.0004,1.0656,-0.2276,0.0,1e-04,0.0,0.0,0.0,0.0,-0.0141,0.0027,0.9212,0.0318,0.0033,0.0031,0.0047,-0.0089,0.0,0.0,0.7181101201021194
121143.482642572,0.445,-0.0119,-0.0007,0.0032,-0.0017,0.0004,1.0655,-0.2276,0.0,0.0,0.0,0.0,0.0,0.0,-0.0141,0.0027,0.9254,0.0355,0.0035,0.0029,0.0047,-0.0088,0.0,0.0,0.7167847546270757
121143.487948197,0.445,-0.0119,-0.0007,0.0032,-0.0017,0.0004,1.0654,-0.2276,0.0,0.0,0.0,0.0,0.0,0.0,-0.0141,0.0027,0.9253,0.0353,0.003,0.0035,0.0049,-0.0091,0.0,0.0,0.715433278521762
121143.493090947,0.445,-0.0119,-0.0007,0.0032,-0.0017,0.0004,1.0654,-0.2276,0.0,0.0,0.0,0.0,0.0,0.0,-0.0141,0.0027,0.9244,0.0347,0.0034,0.003,0.0047,-0.0088,0.0,0.0,0.7140557288375776
121143.520714721,0.445,-0.0119,-0.0007,0.0032,-0.0017,0.0004,1.0653,-0.2275,0.0,0.0,0.0,0.0,0.0,0.0,-0.0141,0.0027,0.9268,0.0375,0.0032,0.0033,0.0048,-0.009,0.0,0.0,0.7126521433407433
121143.527258903,0.445,-0.0119,-0.0007,0.0032,-0.0017,0.0004,1.0652,-0.2275,0.0,0.0,0.0,0.0,0.0,0.0,-0.0141,0.0027,0.9213,0.0314,0.0032,0.0032,0.0048,-0.0089,0.0,0.0,0.7112225605112644
121143.532916322,0.445,-0.0119,-0.0007,0.0032,-0.0017,0.0004,1.0651,-0.2275,0.0,0.0,0.0,0.0,0.0,0.0,-0.0141,0.0027,0.9265,0.0367,0.0032,0.0033,0.0048,-0.009,0.0,0.0,0.7097670195418759
121143.563093041,0.445,-0.0119,-0.0007,0.0032,-0.0017,0.0004,1.0651,-0.2275,0.0,0.0,0.0,0.0,0.0,0.0,-0.0141,0.0027,0.9237,0.0341,0.0033,0.0031,0.0047,-0.0089,0.0,0.0,0.70828556033697
121143.570303765,0.445,-0.0119,-0.0007,0.0032,-0.0017,0.0004,1.065,-0.2275,0.0,0.0,0.0,0.0,0.0,0.0,-0.0141,0.0027,0.9247,0.0349,0.0033,0.0031,0.0048,-0.0089,0.0,0.0,0.7067782235114973
121143.575682675,0.445,-0.0119,-0.0007,0.0032,-0.0017,0.0004,1.0649,-0.2275,0.0,0.0,0.0,0.0,0.0,0.0,-0.0141,0.0027,0.9264,0.0376,0.0031,0.0034,0.0048,-0.0091,0.0,0.0,0.70524505038986
121143.580885487,0.445,-0.0118,-0.0007,0.0032,-0.0017,0.0004,1.0649,-0.2275,0.0,0.0,0.0,0.0,0.0,0.0,-0.0141,0.0027,0.9243,0.0346,0.0032,0.0032,0.0048,-0.009,0.0,0.0,0.7036860830047728
121143.604895944,0.445,-0.0118,-0.0007,0.0032,-0.0017,0.0004,1.0648,-0.2275,0.0,0.0,0.0,0.0,0.0,0.0,-0.0141,0.0027,0.9229,0.0343,0.0035,0.0029,0.0046,-0.0088,0.0,0.0,0.7021013640961143
121143.613596768,0.445,-0.0118,-0.0007,0.0032,-0.0017,0.0004,1.0647,-0.2274,0.0,0.0002,0.0,0.0,0.0,0.0,-0.0142,0.0027,0.9193,0.0321,0.0035,0.003,0.0047,-0.0088,0.0,0.0,0.7004909371097533
121143.620138115,0.445,-0.0118,-0.0007,0.0032,-0.0017,0.0004,1.0646,-0.2274,0.0,0.003,-1e-04,1e-04,0.0,0.0,-0.0142,0.0027,0.8789,0.041,0.0032,0.0028,0.0047,-0.0089,0.0,0.0,0.6988548461963603
121143.65024878,0.4449,-0.0118,-0.0007,0.0032,-0.0017,0.0004,1.0646,-0.2274,0.0,0.0046,-1e-04,0.0002,0.0,1e-04,-0.0142,0.0027,0.8903,0.0288,0.0033,0.0035,0.0047,-0.0091,0.0,0.0,0.697193136210193
121143.655459868,0.4449,-0.0118,-0.0007,0.0032,-0.0017,0.0004,1.0645,-0.2274,0.0,0.0059,-1e-04,0.0002,0.0,1e-04,-0.0142,0.0027,0.8989,0.0329,0.0034,0.003,0.0046,-0.0089,0.0,0.0,0.6955058527078717
121143.662182523,0.4449,-0.0118,-0.0007,0.0032,-0.0017,0.0004,1.0644,-0.2274,-0.01,0.0,-1e-04,1e-04,0.0,0.0,-0.0142,0.0027,0.84,0.0407,0.003,0.0034,0.0052,-0.0088,0.0,0.0,0.6937930419471238
121143.689678688,0.4448,-0.0118,-0.0007,0.0032,-0.0017,0.0004,1.0644,-0.2274,-0.0143,0.0,0.0,0.0,0.0,0.0,-0.0142,0.0027,0.8333,0.0277,0.0037,0.0029,0.0046,-0.0088,0.0,0.0,0.692054750885523
121143.69452723,0.4447,-0.0118,-0.0007,0.0032,-0.0017,0.0004,1.0643,-0.2274,-0.0191,0.0,0.0,0.0,0.0,0.0,-0.0142,0.0027,0.8291,0.0342,0.003,0.0035,0.0049,-0.0091,0.0,0.0,0.6902910271791967
121143.700149575,0.4446,-0.0118,-0.0007,0.0032,-0.0017,0.0004,1.0642,-0.2273,-0.0241,0.0,0.0,0.0,0.0,0.0,-0.0142,0.0027,0.8247,0.0342,0.003,0.0036,0.0049,-0.0091,0.0,0.0,0.6885019191815209
121143.705648389,0.4444,-0.0118,-0.0007,0.0032,-0.0017,0.0004,1.0641,-0.2273,-0.0294,0.0,0.0,0.0,0.0,0.0,-0.0142,0.0027,0.8203,0.0343,0.0034,0.0031,0.0047,-0.0089,0.0,0.0,0.6866874759417952
121143.733012338,0.4442,-0.0118,-0.0007,0.0032,-0.0017,0.0004,1.0641,-0.2273,-0.0348,0.0,0.0,0.0,0.0,0.0,-0.0142,0.0027,0.8158,0.0343,0.0032,0.0033,0.0048,-0.009,0.0,0.0,0.684847747203897
121143.73838638,0.444,-0.0118,-0.0007,0.0032,-0.0017,0.0004,1.064,-0.2273,-0.0405,0.0,0.0,0.0,0.0,0.0,-0.0142,0.0027,0.8115,0.0343,0.0033,0.0032,0.0048,-0.009,0.0,0.0,0.6829827834049208
121143.745320583,0.4438,-0.0118,-0.0007,0.0032,-0.0017,0.0004,1.0639,-0.2273,-0.0463,0.0,0.0,0.0,0.0,0.0,-0.0142,0.0027,0.8069,0.0344,0.0032,0.0033,0.0048,-0.009,0.0,0.0,0.6810926356737887
121143.777149005,0.4435,-0.0118,-0.0007,0.0032,-0.0017,0.0004,1.0638,-0.2273,-0.0524,0.0,0.0,0.0,0.0,0.0,-0.0142,0.0027,0.8032,0.0343,0.0031,0.0034,0.0049,-0.009,0.0,0.0,0.6791773558298575
121143.779235542,0.4433,-0.0118,-0.0007,0.0032,-0.0017,0.0004,1.0638,-0.2273,-0.0586,0.0,0.0,0.0,0.0,0.0,-0.0143,0.0027,0.7991,0.0343,0.0033,0.0033,0.0048,-0.009,0.0,0.0,0.677236996381491
121143.785161721,0.4429,-0.0118,-0.0007,0.0032,-0.0017,0.0004,1.0637,-0.2272,-0.065,0.0,0.0,0.0,0.0,0.0,-0.0143,0.0027,0.7951,0.0343,0.0033,0.0032,0.0048,-0.0089,0.0,0.0,0.6752716105246236
121143.809990729,0.4426,-0.0118,-0.0007,0.0032,-0.0017,0.0004,1.0636,-0.2272,-0.0715,0.0,0.0,0.0,0.0,0.0,-0.0143,0.0027,0.7909,0.0343,0.0032,0.0033,0.0048,-0.009,0.0,0.0,0.6732812521413014
121143.817593588,0.4422,-0.0118,-0.0007,0.0032,-0.0017,0.0004,1.0636,-0.2272,-0.0783,0.0,0.0,0.0,0.0,0.0,-0.0143,0.0027,0.7871,0.0343,0.0032,0.0033,0.0048,-0.009,0.0,0.0,0.6712659757982049
121143.822995472,0.4417,-0.0118,-0.0007,0.0032,-0.0017,0.0004,1.0635,-0.2272,-0.0851,0.0,0.0,0.0,0.0,0.0,-0.0143,0.0027,0.7832,0.0344,0.0035,0.003,0.0047,-0.0088,0.0,0.0,0.6692258367451522
121143.82848377,0.4413,-0.0118,-0.0007,0.0032,-0.0017,0.0004,1.0634,-0.2272,-0.0922,0.0,0.0,0.0,0.0,0.0,-0.0143,0.0027,0.7792,0.0343,0.0029,0.0037,0.005,-0.0092,0.0,0.0,0.6671608909135877
121143.854759081,0.4408,-0.0118,-0.0007,0.0032,-0.0017,0.0004,1.0633,-0.2272,-0.0994,0.0,0.0,0.0,0.0,0.0,-0.0143,0.0027,0.7752,0.0343,0.0034,0.0032,0.0048,-0.0089,0.0,0.0,0.6650711949150436
121143.85980412,0.4403,-0.0118,-0.0007,0.0032,-0.0017,0.0004,1.0633,-0.2272,-0.1067,0.0,0.0,0.0,0.0,0.0,-0.0143,0.0027,0.7715,0.0343,0.003,0.0035,0.0049,-0.0091,0.0,0.0,0.6629568060395913
121143.865580051,0.4397,-0.0118,-0.0007,0.0032,-0.0017,0.0004,1.0632,-0.2271,-0.1142,0.0,0.0,0.0,0.0,0.0,-0.0143,0.0027,0.7674,0.0343,0.0032,0.0033,0.0048,-0.009,0.0,0.0,0.6608177822542699
121143.889311202,0.4391,-0.0118,-0.0007,0.0032,-0.0017,0.0004,1.0631,-0.2271,-0.1218,0.0,0.0,0.0,0.0,0.0,-0.0143,0.0028,0.7638,0.0344,0.0035,0.003,0.0047,-0.0088,0.0,0.0,0.6586541822014963
121143.897723164,0.4384,-0.0118,-0.0007,0.0032,-0.0017,0.0004,1.063,-0.2271,-0.1295,0.0,0.0,0.0,0.0,0.0,-0.0143,0.0027,0.7599,0.0343,0.0029,0.0037,0.005,-0.0092,0.0,0.0,0.6564660651974603
121143.903941359,0.4377,-0.0118,-0.0007,0.0032,-0.0017,0.0004,1.063,-0.2271,-0.1374,0.0,0.0,0.0,0.0,0.0,-0.0143,0.0027,0.7562,0.0343,0.0033,0.0032,0.0048,-0.009,0.0,0.0,0.6542534912304943
121143.931852528,0.437,-0.0118,-0.0007,0.0032,-0.0017,0.0004,1.0629,-0.2271,-0.1453,0.0,0.0,0.0,0.0,0.0,-0.0143,0.0028,0.7528,0.0344,0.0034,0.0031,0.0048,-0.0089,0.0,0.0,0.6520165209594302
121143.937878845,0.4362,-0.0118,-0.0007,0.0032,-0.0017,0.0004,1.0628,-0.2271,-0.1534,0.0,0.0,0.0,0.0,0.0,-0.0143,0.0027,0.749,0.0343,0.0029,0.0037,0.005,-0.0092,0.0,0.0,0.6497552157119398
121143.943215557,0.4354,-0.0118,-0.0007,0.0032,-0.0017,0.0004,1.0628,-0.2271,-0.1615,0.0,0.0,0.0,0.0,0.0,-0.0144,0.0028,0.7455,0.0343,0.0035,0.003,0.0047,-0.0088,0.0,0.0,0.647469637482848
121143.949094319,0.4346,-0.0118,-0.0007,0.0032,-0.0017,0.0004,1.0627,-0.227,-0.1698,0.0,0.0,0.0,0.0,0.0,-0.0144,0.0027,0.7419,0.0343,0.0029,0.0038,0.005,-0.0092,0.0,0.0,0.6451598489324363
121143.973639005,0.4337,-0.0118,-0.0007,0.0032,-0.0017,0.0004,1.0626,-0.227,-0.1781,0.0,0.0,0.0,0.0,0.0,-0.0144,0.0028,0.7385,0.0343,0.0035,0.003,0.0047,-0.0088,0.0,0.0,0.6428259133847246
121143.982102242,0.4327,-0.0118,-0.0007,0.0032,-0.0017,0.0004,1.0625,-0.227,-0.1866,0.0,0.0,0.0,0.0,0.0,-0.0144,0.0028,0.7351,0.0344,0.0034,0.0031,0.0048,-0.0089,0.0,0.0,0.6404678948257351
121143.987766263,0.4318,-0.0118,-0.0007,0.0032,-0.0017,0.0004,1.0625,-0.227,-0.195,0.0,0.0,0.0,0.0,0.0,-0.0144,0.0028,0.7319,0.0343,0.0029,0.0038,0.005,-0.0092,0.0,0.0,0.6380858579017376
121144.015928441,0.4307,-0.0118,-0.0007,0.0032,-0.0017,0.0004,1.0624,-0.227,-0.2036,0.0,0.0,0.0,0.0,0.0,-0.0144,0.0028,0.7287,0.0343,0.0035,0.003,0.0047,-0.0088,0.0,0.0,0.635679867917477
121144.022113694,0.4297,-0.0118,-0.0007,0.0032,-0.0017,0.0004,1.0623,-0.227,-0.2122,0.0,0.0,0.0,0.0,0.0,-0.0144,0.0028,0.7254,0.0341,0.0031,0.0036,0.0049,-0.0091,0.0,0.0,0.6332499908343854
121144.027306727,0.4286,-0.0118,-0.0007,0.0032,-0.0017,0.0004,1.0623,-0.227,-0.2208,0.0,0.0,0.0,0.0,0.0,-0.0144,0.0028,0.7224,0.0346,0.0045,0.0017,0.0043,-0.0082,0.0,0.0,0.63079629326877
121144.053496569,0.4274,-0.0118,-0.0007,0.0032,-0.0017,0.0004,1.0622,-0.2269,-0.2295,0.0,0.0,0.0,0.0,0.0,-0.0144,0.0028,0.7192,0.0343,0.0029,0.0037,0.005,-0.0092,0.0,0.0,0.6283188424899888
121144.058664216,0.4262,-0.0118,-0.0007,0.0032,-0.0017,0.0004,1.0621,-0.2269,-0.2382,0.0,0.0,0.0,0.0,0.0,-0.0144,0.0028,0.7161,0.0343,0.0032,0.0034,0.0049,-0.009,0.0,0.0,0.6258177064186066
121144.064343306,0.425,-0.0118,-0.0007,0.0032,-0.0017,0.0004,1.062,-0.2269,-0.247,0.0,0.0,0.0,0.0,0.0,-0.0144,0.0028,0.7131,0.0343,0.0032,0.0033,0.0049,-0.009,0.0,0.0,0.6232929536245321
121144.07279934,0.4237,-0.0118,-0.0007,0.0032,-0.0017,0.0004,1.062,-0.2269,-0.2557,0.0,0.0,0.0,0.0,0.0,-0.0144,0.0028,0.7104,0.034,0.0031,0.0035,0.0049,-0.0091,0.0,0.0,0.6207446533251375
121144.100968048,0.4224,-0.0118,-0.0007,0.0032,-0.0017,0.0004,1.0619,-0.2269,-0.2645,0.0,0.0,0.0,0.0,0.0,-0.0145,0.0028,0.7073,0.0347,0.0038,0.0026,0.0046,-0.0086,0.0,0.0,0.6181728753833649
121144.105696907,0.421,-0.0118,-0.0007,0.0032,-0.0017,0.0004,1.0618,-0.2269,-0.2732,0.0,0.0,0.0,0.0,0.0,-0.0145,0.0028,0.7048,0.0343,0.0031,0.0035,0.005,-0.0091,0.0,0.0,0.6155776903058044
121144.110982925,0.4196,-0.0118,-0.0007,0.0032,-0.0017,0.0004,1.0617,-0.2269,-0.282,0.0,0.0,0.0,0.0,0.0,-0.0145,0.0028,0.7018,0.0343,0.0033,0.0033,0.0049,-0.009,0.0,0.0,0.6129591692407661
121144.138369877,0.4181,-0.0118,-0.0007,0.0032,-0.0017,0.0004,1.0617,-0.2268,-0.2907,0.0,0.0,0.0,0.0,0.0,-0.0145,0.0028,0.6991,0.0343,0.0032,0.0033,0.0049,-0.009,0.0,0.0,0.6103173839763277
121144.143206408,0.4166,-0.0118,-0.0007,0.0032,-0.0017,0.0004,1.0616,-0.2268,-0.2994,0.0,0.0,0.0,0.0,0.0,-0.0145,0.0028,0.6967,0.0343,0.0034,0.0031,0.0048,-0.0089,0.0,0.0,0.6076524069383659
121144.148682388,0.4151,-0.0118,-0.0007,0.0032,-0.0017,0.0004,1.0615,-0.2268,-0.3081,0.0,0.0,0.0,0.0,0.0,-0.0145,0.0028,0.6941,0.0343,0.0033,0.0033,0.0049,-0.009,0.0,0.0,0.6049643111885741
121144.1734435,0.4135,-0.0118,-0.0007,0.0032,-0.0017,0.0004,1.0615,-0.2268,-0.3167,0.0,0.0,0.0,0.0,0.0,-0.0145,0.0028,0.6915,0.0343,0.0033,0.0033,0.0049,-0.009,0.0,0.0,0.6022531704224542
121144.181448022,0.4119,-0.0118,-0.0007,0.0032,-0.0017,0.0004,1.0614,-0.2268,-0.3253,0.0,0.0,0.0,0.0,0.0,-0.0145,0.0028,0.6891,0.0343,0.0034,0.0031,0.0048,-0.0089,0.0,0.0,0.5995190589672997
121144.187824882,0.4102,-0.0118,-0.0007,0.0032,-0.0017,0.0004,1.0613,-0.2268,-0.3339,0.0,0.0,0.0,0.0,0.0,-0.0145,0.0028,0.6867,0.0345,0.0033,0.0032,0.0049,-0.0089,0.0,0.0,0.5967620517801567
121144.193222056,0.4085,-0.0118,-0.0007,0.0032,-0.0017,0.0004,1.0612,-0.2268,-0.3423,0.0,0.0,0.0,0.0,0.0,-0.0145,0.0028,0.6844,0.0342,0.0033,0.0032,0.0049,-0.0089,0.0,0.0,0.5939822244457716
121144.220156459,0.4067,-0.0118,-0.0007,0.0032,-0.0017,0.0004,1.0612,-0.2267,-0.3507,0.0,0.0,0.0,0.0,0.0,-0.0145,0.0028,0.6821,0.0344,0.0035,0.003,0.0048,-0.0088,0.0,0.0,0.5911796531745142
121144.225154615,0.4049,-0.0118,-0.0007,0.0032,-0.0017,0.0004,1.0611,-0.2267,-0.3591,0.0,0.0,0.0,0.0,0.0,-0.0145,0.0028,0.68,0.0342,0.0031,0.0035,0.005,-0.0091,0.0,0.0,0.5883544148002914
121144.230266308,0.4031,-0.0118,-0.0007,0.0032,-0.0017,0.0004,1.061,-0.2267,-0.3673,0.0,0.0,0.0,0.0,0.0,-0.0145,0.0028,0.6778,0.0344,0.0036,0.0029,0.0048,-0.0088,0.0,0.0,0.5855065867784405
121144.25572107,0.4012,-0.0118,-0.0007,0.0032,-0.0017,0.0004,1.0609,-0.2267,-0.3754,0.0,0.0,0.0,0.0,0.0,-0.0146,0.0028,0.6756,0.0342,0.0031,0.0035,0.005,-0.0091,0.0,0.0,0.5826362471836052
121144.264713743,0.3993,-0.0118,-0.0007,0.0032,-0.0017,0.0004,1.0609,-0.2267,-0.3835,0.0,0.0,0.0,0.0,0.0,-0.0146,0.0028,0.6735,0.0345,0.0037,0.0027,0.0047,-0.0087,0.0,0.0,0.5797434747075955
121144.271144413,0.3973,-0.0118,-0.0007,0.0032,-0.0017,0.0004,1.0608,-0.2267,-0.3915,0.0,0.0,0.0,0.0,0.0,-0.0146,0.0028,0.6714,0.0343,0.0032,0.0033,0.005,-0.009,0.0,0.0,0.5768283486572292
121144.298434309,0.3953,-0.0118,-0.0007,0.0032,-0.0017,0.0004,1.0607,-0.2267,-0.3993,0.0,0.0,0.0,0.0,0.0,-0.0146,0.0028,0.6695,0.0342,0.0033,0.0033,0.0049,-0.009,0.0,0.0,0.5738909489521613
121144.304484082,0.3933,-0.0118,-0.0007,0.0032,-0.0017,0.0004,1.0607,-0.2266,-0.407,0.0,0.0,0.0,0.0,0.0,-0.0146,0.0028,0.6675,0.0345,0.0035,0.0029,0.0048,-0.0088,0.0,0.0,0.5709313561226877
121144.309766194,0.3912,-0.0118,-0.0007,0.0032,-0.0017,0.0004,1.0606,-0.2266,-0.4146,0.0,0.0,0.0,0.0,0.0,-0.0146,0.0028,0.6657,0.0343,0.0031,0.0035,0.0051,-0.0091,0.0,0.0,0.5679496513075409
121144.315483439,0.3891,-0.0118,-0.0007,0.0032,-0.0017,0.0004,1.0605,-0.2266,-0.422,0.0,0.0,0.0,0.0,0.0,-0.0146,0.0028,0.6638,0.0342,0.0034,0.0032,0.0049,-0.0089,0.0,0.0,0.5649459162516646
121144.340423111,0.387,-0.0118,-0.0007,0.0032,-0.0017,0.0004,1.0604,-0.2266,-0.4294,0.0,0.0,0.0,0.0,0.0,-0.0146,0.0028,0.6619,0.0345,0.0034,0.0031,0.0049,-0.0089,0.0,0.0,0.5619202333039724
121144.349853063,0.3848,-0.0118,-0.0007,0.0032,-0.0017,0.0004,1.0604,-0.2266,-0.4365,0.0,0.0,0.0,0.0,0.0,-0.0146,0.0028,0.6602,0.0343,0.0034,0.0031,0.0049,-0.0089,0.0,0.0,0.55887268541509
121144.355067549,0.3826,-0.0118,-0.0007,0.0032,-0.0017,0.0004,1.0603,-0.2266,-0.4436,0.0,0.0,0.0,0.0,0.0,-0.0146,0.0028,0.6583,0.0341,0.0032,0.0035,0.005,-0.0091,0.0,0.0,0.5558033561350842
121144.383579359,0.3803,-0.0118,-0.0007,0.0032,-0.0017,0.0004,1.0602,-0.2266,-0.4504,0.0,0.0,0.0,0.0,0.0,-0.0146,0.0028,0.6567,0.0346,0.0037,0.0028,0.0048,-0.0087,0.0,0.0,0.5527123296111666
121144.389104845,0.378,-0.0118,-0.0007,0.0032,-0.0017,0.0004,1.0601,-0.2265,-0.4572,0.0,0.0,0.0,0.0,0.0,-0.0146,0.0028,0.655,0.0344,0.0032,0.0033,0.005,-0.009,0.0,0.0,0.5495996905853908
121144.394250723,0.3757,-0.0118,-0.0007,0.0032,-0.0017,0.0004,1.0601,-0.2265,-0.4637,0.0,0.0,0.0,0.0,0.0,-0.0147,0.0028,0.6532,0.0343,0.0032,0.0034,0.0051,-0.009,0.0,0.0,0.5464655243923281
121144.420724902,0.3733,-0.0118,-0.0007,0.0032,-0.0017,0.0004,1.06,-0.2265,-0.4701,0.0,0.0,0.0,0.0,0.0,-0.0147,0.0028,0.6516,0.0341,0.0034,0.0032,0.005,-0.009,0.0,0.0,0.5433099169567267
121144.425915148,0.371,-0.0118,-0.0007,0.0032,-0.0017,0.0004,1.0599,-0.2265,-0.4763,0.0,0.0,0.0,0.0,0.0,-0.0147,0.0028,0.65,0.0346,0.0036,0.0028,0.0049,-0.0088,0.0,0.0,0.5401329547911607
121144.43123424,0.3685,-0.0118,-0.0007,0.0032,-0.0017,0.0004,1.0599,-0.2265,-0.4823,0.0,0.0,0.0,0.0,0.0,-0.0147,0.0028,0.6482,0.0344,0.0033,0.0032,0.005,-0.0089,0.0,0.0,0.5369347249936517
121144.436545827,0.3661,-0.0118,-0.0007,0.0032,-0.0017,0.0004,1.0598,-0.2265,-0.4881,0.0,0.0,0.0,0.0,0.0,-0.0147,0.0028,0.6466,0.0343,0.0032,0.0034,0.0051,-0.009,0.0,0.0,0.5337153152452849
121144.463308078,0.3636,-0.0118,-0.0007,0.0032,-0.0017,0.0004,1.0597,-0.2264,-0.4938,0.0,0.0,0.0,0.0,0.0,-0.0147,0.0028,0.645,0.0344,0.0033,0.0033,0.005,-0.009,0.0,0.0,0.5304748138078043
121144.469798752,0.3611,-0.0118,-0.0007,0.0032,-0.0017,0.0004,1.0596,-0.2264,-0.4993,0.0,0.0,0.0,0.0,0.0,-0.0147,0.0028,0.6435,0.0344,0.0035,0.003,0.005,-0.0089,0.0,0.0,0.5272133095211953
121144.475180049,0.3586,-0.0118,-0.0007,0.0032,-0.0017,0.0004,1.0596,-0.2264,-0.5045,0.0,0.0,0.0,0.0,0.0,-0.0147,0.0028,0.642,0.0344,0.0033,0.0033,0.0051,-0.009,0.0,0.0,0.5239308918012445
121144.502885123,0.356,-0.0118,-0.0007,0.0032,-0.0017,0.0004,1.0595,-0.2264,-0.5096,0.0,0.0,0.0,0.0,0.0,-0.0147,0.0028,0.6403,0.0344,0.0034,0.0031,0.005,-0.0089,0.0,0.0,0.520627650637092
121144.507822334,0.3535,-0.0118,-0.0007,0.0032,-0.0017,0.0004,1.0594,-0.2264,-0.5144,0.0,0.0,0.0,0.0,0.0,-0.0147,0.0028,0.6389,0.0344,0.0033,0.0032,0.005,-0.009,0.0,0.0,0.517303676588763
121144.512890127,0.3509,-0.0118,-0.0007,0.0032,-0.0017,0.0004,1.0594,-0.2264,-0.5191,0.0,0.0,0.0,0.0,0.0,-0.0147,0.0028,0.6371,0.0344,0.0035,0.003,0.005,-0.0088,0.0,0.0,0.5139590607846848
121144.540992174,0.3483,-0.0118,-0.0007,0.0032,-0.0017,0.0004,1.0593,-0.2264,-0.5235,0.0,0.0,0.0,0.0,0.0,-0.0147,0.0029,0.6358,0.0344,0.0033,0.0032,0.0051,-0.0089,0.0,0.0,0.5105938949191883
121144.545804591,0.3456,-0.0118,-0.0007,0.0032,-0.0017,0.0004,1.0592,-0.2263,-0.5278,0.0,0.0,0.0,0.0,0.0,-0.0148,0.0029,0.634,0.0344,0.0032,0.0034,0.0051,-0.009,0.0,0.0,0.5072082712499978
121144.55131558,0.3429,-0.0118,-0.0007,0.0032,-0.0017,0.0004,1.0591,-0.2263,-0.5318,0.0,0.0,0.0,0.0,0.0,-0.0148,0.0029,0.6325,0.0344,0.0035,0.0031,0.005,-0.0089,0.0,0.0,0.5038022825956953
121144.556866474,0.3403,-0.0118,-0.0007,0.0032,-0.0017,0.0004,1.0591,-0.2263,-0.5356,0.0,0.0,0.0,0.0,0.0,-0.0148,0.0029,0.6309,0.0344,0.0033,0.0033,0.0051,-0.009,0.0,0.0,0.5003760223331802
121144.584138804,0.3376,-0.0118,-0.0007,0.0032,-0.0017,0.0004,1.059,-0.2263,-0.5392,0.0,0.0,0.0,0.0,0.0,-0.0148,0.0029,0.6292,0.0344,0.0035,0.003,0.005,-0.0088,0.0,0.0,0.4969295843951085
121144.589370312,0.3349,-0.0118,-0.0007,0.0032,-0.0017,0.0004,1.0589,-0.2263,-0.5426,0.0,0.0,0.0,0.0,0.0,-0.0148,0.0029,0.6277,0.0344,0.0033,0.0033,0.0051,-0.009,0.0,0.0,0.49346306326731704
121144.594723767,0.3321,-0.0118,-0.0007,0.0032,-0.0017,0.0004,1.0588,-0.2263,-0.5457,0.0,0.0,0.0,0.0,0.0,-0.0148,0.0029,0.6258,0.0344,0.0036,0.003,0.005,-0.0088,0.0,0.0,0.48997655398623385
121144.626158283,0.3294,-0.0118,-0.0007,0.0032,-0.0017,0.0004,1.0588,-0.2263,-0.5487,0.0,0.0,0.0,0.0,0.0,-0.0148,0.0029,0.6242,0.0345,0.0032,0.0033,0.0051,-0.009,0.0,0.0,0.4864701521362709
121144.6322314,0.3266,-0.0118,-0.0007,0.0032,-0.0017,0.0004,1.0587,-0.2262,-0.5514,0.0,0.0,0.0,0.0,0.0,-0.0148,0.0029,0.6224,0.0344,0.0035,0.0031,0.005,-0.0089,0.0,0.0,0.48294395384720823
121144.637855529,0.3238,-0.0118,-0.0007,0.0032,-0.0017,0.0004,1.0586,-0.2262,-0.5539,0.0,0.0,0.0,0.0,0.0,-0.0148,0.0029,0.6208,0.0346,0.0037,0.0027,0.0049,-0.0087,0.0,0.0,0.47939805579155226
121144.665505875,0.3211,-0.0118,-0.0007,0.0032,-0.0017,0.0004,1.0585,-0.2262,-0.5562,0.0,0.0,0.0,0.0,0.0,-0.0148,0.0029,0.6191,0.0342,0.0028,0.0039,0.0054,-0.0093,0.0,0.0,0.4758325551818894
121144.671425936,0.3183,-0.0118,-0.0007,0.0032,-0.0017,0.0004,1.0585,-0.2262,-0.5583,0.0,0.0,0.0,0.0,0.0,-0.0148,0.0029,0.6171,0.0348,0.0041,0.0022,0.0047,-0.0085,0.0,0.0,0.4722475497682197
121144.677455185,0.3155,-0.0118,-0.0007,0.0032,-0.0017,0.0004,1.0584,-0.2262,-0.5601,0.0,0.0,0.0,0.0,0.0,-0.0148,0.0029,0.6152,0.0344,0.0029,0.0037,0.0053,-0.0092,0.0,0.0,0.46864313783527656
121144.683190297,0.3126,-0.0118,-0.0007,0.0032,-0.0017,0.0004,1.0583,-0.2262,-0.5618,0.0,0.0,0.0,0.0,0.0,-0.0149,0.0029,0.6132,0.0342,0.0033,0.0034,0.0052,-0.009,0.0,0.0,0.4650194181998363
121144.707744673,0.3098,-0.0118,-0.0007,0.0032,-0.0017,0.0004,1.0582,-0.2261,-0.5632,0.0,0.0,0.0,0.0,0.0,-0.0149,0.0029,0.6115,0.0348,0.0038,0.0026,0.0049,-0.0086,0.0,0.0,0.46137649020800175
121144.716830924,0.307,-0.0117,-0.0007,0.0032,-0.0017,0.0004,1.0582,-0.2261,-0.5644,0.0,0.0,0.0,0.0,0.0,-0.0149,0.0029,0.6093,0.0344,0.0032,0.0034,0.0052,-0.009,0.0,0.0,0.4577144537324843
121144.722610443,0.3042,-0.0117,-0.0007,0.0032,-0.0017,0.0004,1.0581,-0.2261,-0.5654,0.0,0.0,0.0,0.0,0.0,-0.0149,0.0029,0.6074,0.0342,0.0031,0.0037,0.0053,-0.0092,0.0,0.0,0.45403340916986257
121144.751161737,0.3013,-0.0117,-0.0007,0.0032,-0.0017,0.0004,1.058,-0.2261,-0.5662,0.0,0.0,0.0,0.0,0.0,-0.0149,0.0029,0.6054,0.0348,0.0041,0.0023,0.0048,-0.0085,0.0,0.0,0.45033345743783504
121144.756811895,0.2985,-0.0117,-0.0007,0.0032,-0.0017,0.0004,1.0579,-0.2261,-0.5667,0.0,0.0,0.0,0.0,0.0,-0.0149,0.0029,0.6029,0.0345,0.0032,0.0034,0.0052,-0.009,0.0,0.0,0.4466146999724463
121144.762238767,0.2957,-0.0117,-0.0007,0.0032,-0.0017,0.0004,1.0578,-0.2261,-0.5671,0.0,0.0,0.0,0.0,0.0,-0.0149,0.0029,0.6007,0.0341,0.0029,0.0039,0.0054,-0.0093,0.0,0.0,0.4428772387253107
121144.788920575,0.2928,-0.0117,-0.0007,0.0032,-0.0017,0.0004,1.0578,-0.2261,-0.5673,0.0,0.0,0.0,0.0,0.0,-0.0149,0.0029,0.5984,0.035,0.0042,0.0021,0.0047,-0.0084,0.0,0.0,0.43912117616081636
121144.794501334,0.29,-0.0117,-0.0007,0.0032,-0.0017,0.0004,1.0577,-0.226,-0.5672,0.0,0.0,0.0,0.0,0.0,-0.0149,0.0029,0.5963,0.0345,0.003,0.0036,0.0053,-0.0091,0.0,0.0,0.43534661525331586
121144.800173839,0.2871,-0.0117,-0.0007,0.0032,-0.0017,0.0004,1.0576,-0.226,-0.567,0.0,0.0,0.0,0.0,0.0,-0.0149,0.0029,0.5938,0.0344,0.0033,0.0033,0.0052,-0.009,0.0,0.0,0.4315536594843018
121144.805668142,0.2843,-0.0117,-0.0007,0.0032,-0.0017,0.0004,1.0575,-0.226,-0.5666,0.0,0.0,0.0,0.0,0.0,-0.0149,0.0029,0.5913,0.0347,0.0033,0.0032,0.0052,-0.009,0.0,0.0,0.42774241283957526
121144.833263354,0.2815,-0.0117,-0.0007,0.0032,-0.0017,0.0004,1.0575,-0.226,-0.566,0.0,0.0,0.0,0.0,0.0,-0.0149,0.0029,0.5886,0.0344,0.0034,0.0032,0.0051,-0.0089,0.0,0.0,0.42391297980638687
121144.838638189,0.2786,-0.0117,-0.0007,0.0032,-0.0017,0.0004,1.0574,-0.226,-0.5652,0.0,0.0,0.0,0.0,0.0,-0.015,0.0029,0.5862,0.0347,0.0035,0.003,0.0051,-0.0088,0.0,0.0,0.42006546537057776
121144.843815896,0.2758,-0.0117,-0.0007,0.0032,-0.0017,0.0004,1.0573,-0.226,-0.5642,0.0,0.0,0.0,0.0,0.0,-0.015,0.0029,0.5833,0.0344,0.0034,0.0032,0.0052,-0.0089,0.0,0.0,0.41619997501369976
121144.869933866,0.273,-0.0117,-0.0007,0.0032,-0.0017,0.0004,1.0572,-0.226,-0.563,0.0,0.0,0.0,0.0,0.0,-0.015,0.0029,0.5804,0.0347,0.0034,0.0032,0.0052,-0.0089,0.0,0.0,0.4123166147101236
121144.875082681,0.2702,-0.0117,-0.0007,0.0032,-0.0017,0.0004,1.0572,-0.2259,-0.5617,0.0,0.0,0.0,0.0,0.0,-0.015,0.0029,0.5777,0.0344,0.0034,0.0033,0.0052,-0.009,0.0,0.0,0.40841549092413365
121144.880184206,0.2674,-0.0117,-0.0007,0.0032,-0.0017,0.0004,1.0571,-0.2259,-0.5602,0.0,0.0,0.0,0.0,0.0,-0.015,0.0029,0.5746,0.0348,0.0037,0.0027,0.005,-0.0087,0.0,0.0,0.40449671060700776
121144.907166928,0.2646,-0.0117,-0.0007,0.0032,-0.0017,0.0004,1.057,-0.2259,-0.5585,0.0,0.0,0.0,0.0,0.0,-0.015,0.0029,0.5718,0.0343,0.003,0.0037,0.0054,-0.0092,0.0,0.0,0.40056038119409043
121144.912364623,0.2618,-0.0117,-0.0007,0.0032,-0.0017,0.0004,1.0569,-0.2259,-0.5567,0.0,0.0,0.0,0.0,0.0,-0.015,0.0029,0.5685,0.0348,0.0039,0.0026,0.005,-0.0086,0.0,0.0,0.39660661060184
121144.918195047,0.259,-0.0117,-0.0007,0.0032,-0.0017,0.0004,1.0569,-0.2259,-0.5547,0.0,0.0,0.0,0.0,0.0,-0.015,0.0029,0.5652,0.0344,0.003,0.0038,0.0054,-0.0092,0.0,0.0,0.3926355072248743
121144.923485805,0.2563,-0.0117,-0.0007,0.0032,-0.0017,0.0004,1.0568,-0.2259,-0.5526,0.0,0.0,0.0,0.0,0.0,-0.015,0.0029,0.5621,0.0348,0.0039,0.0026,0.005,-0.0086,0.0,0.0,0.38864717993299824
121144.951166956,0.2535,-0.0117,-0.0007,0.0032,-0.0017,0.0004,1.0567,-0.2258,-0.5503,0.0,0.0,0.0,0.0,0.0,-0.015,0.0029,0.5586,0.0344,0.003,0.0037,0.0054,-0.0092,0.0,0.0,0.384641738068218
121144.956666925,0.2508,-0.0117,-0.0007,0.0032,-0.0017,0.0004,1.0566,-0.2258,-0.5479,0.0,0.0,0.0,0.0,0.0,-0.015,0.0029,0.555,0.0348,0.004,0.0024,0.0049,-0.0086,0.0,0.0,0.3806192914417482
121144.962135154,0.248,-0.0117,-0.0007,0.0032,-0.0017,0.0004,1.0566,-0.2258,-0.5454,0.0,0.0,0.0,0.0,0.0,-0.0151,0.0029,0.5514,0.0343,0.003,0.0036,0.0054,-0.0092,0.0,0.0,0.376579950330994
121144.988634654,0.2453,-0.0117,-0.0007,0.0032,-0.0017,0.0004,1.0565,-0.2258,-0.5428,0.0,0.0,0.0,0.0,0.0,-0.0151,0.0029,0.5477,0.0349,0.0037,0.0029,0.0051,-0.0088,0.0,0.0,0.37252382547653073
121144.993859294,0.2426,-0.0117,-0.0007,0.0032,-0.0017,0.0004,1.0564,-0.2258,-0.54,0.0,0.0,0.0,0.0,0.0,-0.0151,0.0029,0.5439,0.0346,0.0033,0.0033,0.0053,-0.009,0.0,0.0,0.36845102807907315
121144.999027529,0.2399,-0.0117,-0.0007,0.0032,-0.0017,0.0004,1.0563,-0.2258,-0.5371,0.0,0.0,0.0,0.0,0.0,-0.0151,0.0029,0.54,0.0344,0.0033,0.0033,0.0053,-0.009,0.0,0.0,0.3643616697964178
121145.022521619,0.2373,-0.0117,-0.0007,0.0032,-0.0017,0.0004,1.0562,-0.2258,-0.5341,0.0,0.0,0.0,0.0,0.0,-0.0151,0.0029,0.5361,0.0349,0.0039,0.0026,0.005,-0.0087,0.0,0.0,0.3602558627403877
121145.029790674,0.2346,-0.0117,-0.0007,0.0032,-0.0017,0.0004,1.0562,-0.2257,-0.5311,0.0,0.0,0.0,0.0,0.0,-0.0151,0.0029,0.5318,0.0346,0.0031,0.0035,0.0054,-0.0091,0.0,0.0,0.3561337194737575
121145.036489547,0.232,-0.0117,-0.0007,0.0032,-0.0017,0.0004,1.0561,-0.2257,-0.5279,0.0,0.0,0.0,0.0,0.0,-0.0151,0.0029,0.5277,0.0344,0.0033,0.0034,0.0053,-0.009,0.0,0.0,0.3519953530071668
121145.041739228,0.2293,-0.0117,-0.0007,0.0032,-0.0017,0.0004,1.056,-0.2257,-0.5247,0.0,0.0,0.0,0.0,0.0,-0.0151,0.0029,0.5233,0.035,0.0041,0.0023,0.0049,-0.0085,0.0,0.0,0.34784087679602305
121145.067172692,0.2267,-0.0117,-0.0007,0.0032,-0.0017,0.0004,1.0559,-0.2257,-0.5213,0.0,0.0,0.0,0.0,0.0,-0.0151,0.0029,0.5191,0.0346,0.003,0.0036,0.0054,-0.0091,0.0,0.0,0.34367040473738864
121145.072998237,0.2241,-0.0117,-0.0007,0.0032,-0.0017,0.0004,1.0559,-0.2257,-0.5179,0.0,0.0,0.0,0.0,0.0,-0.0151,0.0029,0.5146,0.0344,0.0032,0.0036,0.0053,-0.0091,0.0,0.0,0.33948405116686475
121145.078231718,0.2216,-0.0117,-0.0007,0.0032,-0.0017,0.0004,1.0558,-0.2257,-0.5145,0.0,0.0,0.0,0.0,0.0,-0.0151,0.003,0.5099,0.035,0.0041,0.0023,0.0049,-0.0085,0.0,0.0,0.33528193085544766
121145.104540523,0.219,-0.0117,-0.0007,0.0032,-0.0017,0.0004,1.0557,-0.2256,-0.511,0.0,0.0,0.0,0.0,0.0,-0.0151,0.0029,0.5053,0.0346,0.003,0.0036,0.0054,-0.0091,0.0,0.0,0.3310641590063885
121145.109706309,0.2165,-0.0117,-0.0007,0.0032,-0.0017,0.0004,1.0556,-0.2256,-0.5074,0.0,0.0,0.0,0.0,0.0,-0.0152,0.0029,0.5002,0.0343,0.0032,0.0035,0.0053,-0.0091,0.0,0.0,0.32683085125203304
121145.114610256,0.2139,-0.0117,-0.0007,0.0032,-0.0017,0.0004,1.0556,-0.2256,-0.5038,0.0,0.0,0.0,0.0,0.0,-0.0152,0.003,0.4954,0.035,0.0041,0.0023,0.0049,-0.0085,0.0,0.0,0.32258212365065175
121145.141518298,0.2114,-0.0117,-0.0007,0.0032,-0.0017,0.0004,1.0555,-0.2256,-0.5002,0.0,0.0,0.0,0.0,0.0,-0.0152,0.003,0.4903,0.0346,0.003,0.0036,0.0054,-0.0091,0.0,0.0,0.31831809268325817
121145.151440997,0.2089,-0.0117,-0.0007,0.0032,-0.0017,0.0004,1.0554,-0.2256,-0.4965,0.0,0.0,0.0,0.0,0.0,-0.0152,0.003,0.4853,0.0344,0.0032,0.0036,0.0054,-0.0091,0.0,0.0,0.31403887525041385
121145.156887086,0.2065,-0.0117,-0.0007,0.0032,-0.0017,0.0004,1.0553,-0.2256,-0.4929,0.0,0.0,0.0,0.0,0.0,-0.0152,0.003,0.4801,0.035,0.0043,0.0021,0.0049,-0.0084,0.0,0.0,0.309744588669029
121145.162327283,0.204,-0.0117,-0.0007,0.0032,-0.0017,0.0004,1.0553,-0.2256,-0.4892,0.0,0.0,0.0,0.0,0.0,-0.0152,0.003,0.4747,0.0346,0.0029,0.0038,0.0055,-0.0092,0.0,0.0,0.3054353506691381
121145.192290326,0.2016,-0.0117,-0.0007,0.0032,-0.0017,0.0004,1.0552,-0.2255,-0.4855,0.0,0.0,0.0,0.0,0.0,-0.0152,0.003,0.4691,0.0344,0.0033,0.0035,0.0053,-0.0091,0.0,0.0,0.30111127939067794
121145.198722607,0.1992,-0.0117,-0.0007,0.0032,-0.0017,0.0004,1.0551,-0.2255,-0.4818,0.0,0.0,0.0,0.0,0.0,-0.0152,0.003,0.4637,0.035,0.0043,0.0021,0.0049,-0.0084,0.0,0.0,0.29677249338024525
121145.204298622,0.1968,-0.0117,-0.0007,0.0032,-0.0017,0.0004,1.055,-0.2255,-0.4781,0.0,0.0,0.0,0.0,0.0,-0.0152,0.003,0.4579,0.0346,0.0029,0.0038,0.0055,-0.0092,0.0,0.0,0.29241911158785305
121145.233750395,0.1944,-0.0117,-0.0007,0.0032,-0.0017,0.0004,1.055,-0.2255,-0.4745,0.0,0.0,0.0,0.0,0.0,-0.0152,0.003,0.4524,0.0343,0.0034,0.0034,0.0053,-0.009,0.0,0.0,0.2880512533636611
121145.239443593,0.1921,-0.0117,-0.0007,0.0032,-0.0017,0.0004,1.0549,-0.2255,-0.4708,0.0,0.0,0.0,0.0,0.0,-0.0152,0.003,0.4465,0.035,0.0041,0.0023,0.0049,-0.0085,0.0,0.0,0.2836690384547089
121145.244643522,0.1897,-0.0117,-0.0007,0.0032,-0.0017,0.0004,1.0548,-0.2255,-0.4672,0.0,0.0,0.0,0.0,0.0,-0.0152,0.003,0.4406,0.0347,0.0031,0.0036,0.0054,-0.0091,0.0,0.0,0.27927258700163027
121145.270950935,0.1874,-0.0117,-0.0007,0.0032,-0.0017,0.0004,1.0547,-0.2254,-0.4636,0.0,0.0,0.0,0.0,0.0,-0.0153,0.003,0.4344,0.0343,0.0034,0.0034,0.0053,-0.009,0.0,0.0,0.2748620195353657
121145.276432549,0.1851,-0.0117,-0.0007,0.0032,-0.0017,0.0004,1.0546,-0.2254,-0.4601,0.0,0.0,0.0,0.0,0.0,-0.0153,0.003,0.4284,0.0351,0.0042,0.0022,0.0049,-0.0085,0.0,0.0,0.2704374569738487
121145.281631401,0.1828,-0.0117,-0.0007,0.0032,-0.0017,0.0004,1.0546,-0.2254,-0.4567,0.0,0.0,0.0,0.0,0.0,-0.0153,0.003,0.4221,0.0347,0.0032,0.0035,0.0054,-0.0091,0.0,0.0,0.26599902061869696
121145.287226221,0.1805,-0.0117,-0.0007,0.0032,-0.0017,0.0004,1.0545,-0.2254,-0.4533,0.0,0.0,0.0,0.0,0.0,-0.0153,0.003,0.4157,0.0345,0.0031,0.0037,0.0054,-0.0092,0.0,0.0,0.2615468321518854
121145.313584727,0.1783,-0.0117,-0.0007,0.0032,-0.0017,0.0004,1.0544,-0.2254,-0.4499,0.0,0.0,0.0,0.0,0.0,-0.0153,0.003,0.4093,0.0348,0.0038,0.0028,0.0051,-0.0087,0.0,0.0,0.25708101363240965
121145.32023471,0.1761,-0.0117,-0.0007,0.0032,-0.0017,0.0004,1.0543,-0.2254,-0.4466,0.0,0.0,0.0,0.0,0.0,-0.0153,0.003,0.4029,0.0345,0.0033,0.0034,0.0054,-0.0091,0.0,0.0,0.2526016874929403
121145.326074381,0.1738,-0.0117,-0.0007,0.0032,-0.0017,0.0004,1.0543,-0.2254,-0.4435,0.0,0.0,0.0,0.0,0.0,-0.0153,0.003,0.3961,0.0349,0.004,0.0025,0.005,-0.0086,0.0,0.0,0.2481089765364648
121145.35158644,0.1716,-0.0117,-0.0007,0.0032,-0.0017,0.0004,1.0542,-0.2253,-0.4403,0.0,0.0,0.0,0.0,0.0,-0.0153,0.003,0.3896,0.0345,0.003,0.0038,0.0055,-0.0092,0.0,0.0,0.24360300393292644
121145.356919627,0.1694,-0.0117,-0.0007,0.0032,-0.0017,0.0004,1.0541,-0.2253,-0.4373,0.0,0.0,0.0,0.0,0.0,-0.0153,0.003,0.3828,0.0349,0.004,0.0026,0.005,-0.0086,0.0,0.0,0.23908389321583878
121145.362021003,0.1673,-0.0117,-0.0007,0.0032,-0.0017,0.0004,1.054,-0.2253,-0.4344,0.0,0.0,0.0,0.0,0.0,-0.0153,0.003,0.3759,0.0345,0.0032,0.0036,0.0054,-0.0091,0.0,0.0,0.234551768278905
121145.388410579,0.1651,-0.0117,-0.0007,0.0032,-0.0017,0.0004,1.054,-0.2253,-0.4316,0.0,0.0,0.0,0.0,0.0,-0.0153,0.003,0.369,0.0349,0.0039,0.0027,0.0051,-0.0087,0.0,0.0,0.2300067533726196
121145.39331096,0.163,-0.0117,-0.0007,0.0032,-0.0017,0.0004,1.0539,-0.2253,-0.4288,0.0,0.0,0.0,0.0,0.0,-0.0154,0.003,0.3621,0.0345,0.0032,0.0036,0.0054,-0.0091,0.0,0.0,0.22544897310086226
121145.398657182,0.1608,-0.0117,-0.0007,0.0032,-0.0017,0.0004,1.0538,-0.2253,-0.4263,0.0,0.0,0.0,0.0,0.0,-0.0154,0.003,0.3549,0.035,0.004,0.0025,0.005,-0.0086,0.0,0.0,0.22087855241747978
121145.403963689,0.1587,-0.0117,-0.0007,0.0032,-0.0017,0.0004,1.0537,-0.2252,-0.4238,0.0,0.0,0.0,0.0,0.0,-0.0154,0.003,0.3476,0.0347,0.0032,0.0035,0.0054,-0.0091,0.0,0.0,0.21629561662286695
121145.430595095,0.1566,-0.0117,-0.0007,0.0032,-0.0017,0.0004,1.0537,-0.2252,-0.4214,0.0,0.0,0.0,0.0,0.0,-0.0154,0.003,0.3406,0.0344,0.0034,0.0034,0.0053,-0.009,0.0,0.0,0.21170029136052232
121145.437497137,0.1545,-0.0117,-0.0007,0.0032,-0.0017,0.0004,1.0536,-0.2252,-0.4192,0.0,0.0,0.0,0.0,0.0,-0.0154,0.003,0.3333,0.0351,0.0043,0.002,0.0049,-0.0084,0.0,0.0,0.20709270261360913
121145.442566873,0.1524,-0.0117,-0.0007,0.0032,-0.0017,0.0004,1.0535,-0.2252,-0.4171,0.0,0.0,0.0,0.0,0.0,-0.0154,0.003,0.326,0.0347,0.0031,0.0036,0.0055,-0.0091,0.0,0.0,0.20247297670150033
121145.470319522,0.1503,-0.0117,-0.0007,0.0032,-0.0017,0.0004,1.0534,-0.2252,-0.4151,0.0,0.0,0.0,0.0,0.0,-0.0154,0.003,0.3183,0.0346,0.0033,0.0034,0.0054,-0.0091,0.0,0.0,0.197841240276314
121145.47648192,0.1483,-0.0117,-0.0007,0.0032,-0.0017,0.0004,1.0533,-0.2252,-0.4133,0.0,0.0,0.0,0.0,0.0,-0.0154,0.003,0.311,0.0347,0.0035,0.0032,0.0053,-0.0089,0.0,0.0,0.19319762031944698
121145.481208547,0.1462,-0.0117,-0.0007,0.0032,-0.0017,0.0004,1.0533,-0.2252,-0.4116,0.0,0.0,0.0,0.0,0.0,-0.0154,0.003,0.3033,0.0347,0.0038,0.0028,0.0052,-0.0087,0.0,0.0,0.18854224413808462
121145.509555811,0.1441,-0.0117,-0.0007,0.0032,-0.0017,0.0004,1.0532,-0.2251,-0.4101,0.0,0.0,0.0,0.0,0.0,-0.0154,0.003,0.2959,0.0349,0.0037,0.0028,0.0052,-0.0088,0.0,0.0,0.1838752393617165
121145.51478777,0.1421,-0.0117,-0.0007,0.0032,-0.0017,0.0004,1.0531,-0.2251,-0.4087,0.0,0.0,0.0,0.0,0.0,-0.0154,0.003,0.2882,0.0344,0.0031,0.0038,0.0055,-0.0092,0.0,0.0,0.1791967339386345
121145.520402221,0.1401,-0.0117,-0.0007,0.0032,-0.0017,0.0004,1.053,-0.2251,-0.4075,0.0,0.0,0.0,0.0,0.0,-0.0155,0.003,0.2804,0.0351,0.0045,0.0019,0.0048,-0.0083,0.0,0.0,0.17450685613243133
121145.525778559,0.138,-0.0117,-0.0007,0.0032,-0.0017,0.0004,1.053,-0.2251,-0.4064,0.0,0.0,0.0,0.0,0.0,-0.0155,0.003,0.2727,0.0347,0.0031,0.0036,0.0055,-0.0091,0.0,0.0,0.16980573451847458
121145.552855404,0.136,-0.0117,-0.0007,0.0032,-0.0017,0.0004,1.0529,-0.2251,-0.4055,0.0,0.0,0.0,0.0,0.0,-0.0155,0.003,0.2649,0.0345,0.0033,0.0035,0.0054,-0.0091,0.0,0.0,0.16509349798038792
121145.5579786,0.134,-0.0117,-0.0007,0.0032,-0.0017,0.0004,1.0528,-0.2251,-0.4047,0.0,0.0,0.0,0.0,0.0,-0.0155,0.003,0.2572,0.0349,0.0039,0.0027,0.0051,-0.0087,0.0,0.0,0.16037027570651657
121145.56297496,0.1319,-0.0117,-0.0007,0.0032,-0.0017,0.0004,1.0527,-0.225,-0.4042,0.0,0.0,0.0,0.0,0.0,-0.0155,0.003,0.2491,0.0344,0.0034,0.0034,0.0054,-0.009,0.0,0.0,0.15563619718638488
121145.588600191,0.1299,-0.0117,-0.0007,0.0032,-0.0017,0.0004,1.0527,-0.225,-0.4038,0.0,0.0,0.0,0.0,0.0,-0.0155,0.003,0.2413,0.0351,0.0041,0.0024,0.005,-0.0085,0.0,0.0,0.1508913922071471
121145.596094196,0.1279,-0.0117,-0.0007,0.0032,-0.0017,0.0004,1.0526,-0.225,-0.4035,0.0,0.0,0.0,0.0,0.0,-0.0155,0.003,0.2335,0.0347,0.0034,0.0033,0.0054,-0.009,0.0,0.0,0.14613599085002688
121145.602916658,0.1259,-0.0117,-0.0007,0.0032,-0.0017,0.0004,1.0525,-0.225,-0.4035,0.0,0.0,0.0,0.0,0.0,-0.0155,0.003,0.2254,0.0345,0.0033,0.0035,0.0054,-0.0091,0.0,0.0,0.14137012348675776
121145.627955214,0.1239,-0.0116,-0.0007,0.0032,-0.0017,0.0004,1.0524,-0.225,-0.4036,0.0,0.0,0.0,0.0,0.0,-0.0155,0.0031,0.2173,0.0351,0.0042,0.0022,0.005,-0.0085,0.0,0.0,0.13659392077599936
121145.635607634,0.1218,-0.0116,-0.0007,0.0032,-0.0017,0.0004,1.0524,-0.225,-0.4039,0.0,0.0,0.0,0.0,0.0,-0.0155,0.003,0.2094,0.0347,0.0032,0.0035,0.0054,-0.0091,0.0,0.0,0.13180751365976168
121145.641268833,0.1198,-0.0116,-0.0007,0.0032,-0.0017,0.0004,1.0523,-0.225,-0.4043,0.0,0.0,0.0,0.0,0.0,-0.0155,0.003,0.2013,0.0345,0.0034,0.0035,0.0054,-0.0091,0.0,0.0,0.12701103335981379
121145.646630033,0.1178,-0.0116,-0.0007,0.0032,-0.0017,0.0004,1.0522,-0.2249,-0.405,0.0,0.0,0.0,0.0,0.0,-0.0156,0.0031,0.1932,0.0351,0.0042,0.0023,0.005,-0.0085,0.0,0.0,0.12220461137408578
121145.672866473,0.1158,-0.0116,-0.0007,0.0031,-0.0017,0.0004,1.0521,-0.2249,-0.4058,0.0,0.0,0.0,0.0,0.0,-0.0156,0.0031,0.1853,0.0347,0.0032,0.0036,0.0055,-0.0091,0.0,0.0,0.11738837947306291
121145.678235428,0.1137,-0.0116,-0.0007,0.0031,-0.0017,0.0004,1.052,-0.2249,-0.4067,0.0,0.0,0.0,0.0,0.0,-0.0156,0.0031,0.1772,0.0345,0.0036,0.0032,0.0053,-0.009,0.0,0.0,0.11256246969617889
121145.683437441,0.1117,-0.0116,-0.0007,0.0031,-0.0017,0.0004,1.052,-0.2249,-0.4079,0.0,0.0,0.0,0.0,0.0,-0.0156,0.0031,0.169,0.0351,0.0041,0.0025,0.005,-0.0086,0.0,0.0,0.10772701434818632
121145.707126673,0.1096,-0.0116,-0.0007,0.0031,-0.0017,0.0004,1.0519,-0.2249,-0.4092,0.0,0.0,0.0,0.0,0.0,-0.0156,0.0031,0.1609,0.0345,0.0035,0.0032,0.0053,-0.0089,0.0,0.0,0.10288214599553624
121145.716335632,0.1076,-0.0116,-0.0007,0.0031,-0.0017,0.0004,1.0518,-0.2249,-0.4108,0.0,0.0,0.0,0.0,0.0,-0.0156,0.0031,0.1527,0.035,0.0037,0.003,0.0052,-0.0088,0.0,0.0,0.09802799746274193
121145.722223304,0.1055,-0.0116,-0.0007,0.0031,-0.0017,0.0004,1.0517,-0.2248,-0.4124,0.0,0.0,0.0,0.0,0.0,-0.0156,0.0031,0.1448,0.0344,0.0035,0.0032,0.0053,-0.0089,0.0,0.0,0.09316470182873571
121145.750704675,0.1034,-0.0116,-0.0007,0.0031,-0.0017,0.0004,1.0517,-0.2248,-0.4143,0.0,0.0,0.0,0.0,0.0,-0.0156,0.0031,0.1367,0.0351,0.0039,0.0027,0.0051,-0.0087,0.0,0.0,0.0882923924232275
121145.759906824,0.1013,-0.0116,-0.0007,0.0031,-0.0017,0.0004,1.0516,-0.2248,-0.4163,0.0,0.0,0.0,0.0,0.0,-0.0156,0.0031,0.1285,0.0345,0.0033,0.0034,0.0054,-0.009,0.0,0.0,0.08341120282303915
121145.766605837,0.0993,-0.0116,-0.0007,0.0031,-0.0017,0.0004,1.0515,-0.2248,-0.4185,0.0,0.0,0.0,0.0,0.0,-0.0156,0.0031,0.1203,0.035,0.004,0.0026,0.0051,-0.0087,0.0,0.0,0.07852126684844929
121145.771791876,0.0971,-0.0116,-0.0007,0.0031,-0.0017,0.0004,1.0514,-0.2248,-0.4209,0.0,0.0,0.0,0.0,0.0,-0.0156,0.0031,0.1124,0.0345,0.0034,0.0033,0.0054,-0.009,0.0,0.0,0.07362271855952113
121145.802248643,0.095,-0.0116,-0.0007,0.0031,-0.0017,0.0004,1.0513,-0.2248,-0.4234,0.0,0.0,0.0,0.0,0.0,-0.0157,0.0031,0.1042,0.035,0.0039,0.0028,0.0052,-0.0088,0.0,0.0,0.06871569225243379
121145.807939808,0.0929,-0.0116,-0.0007,0.0031,-0.0017,0.0004,1.0513,-0.2247,-0.4261,0.0,0.0,0.0,0.0,0.0,-0.0157,0.0031,0.0963,0.0345,0.0035,0.0032,0.0053,-0.0089,0.0,0.0,0.06380032245579059
121145.81342042,0.0907,-0.0116,-0.0007,0.0031,-0.0017,0.0004,1.0512,-0.2247,-0.4289,0.0,0.0,0.0,0.0,0.0,-0.0157,0.0031,0.0882,0.0351,0.0036,0.0032,0.0053,-0.0089,0.0,0.0,0.05887674392693759
121145.842210945,0.0886,-0.0116,-0.0007,0.0031,-0.0017,0.0004,1.0511,-0.2247,-0.4319,0.0,0.0,0.0,0.0,0.0,-0.0157,0.0031,0.0803,0.0345,0.0034,0.0034,0.0054,-0.0091,0.0,0.0,0.05394509164826722
121145.847460472,0.0864,-0.0116,-0.0007,0.0031,-0.0017,0.0004,1.051,-0.2247,-0.4351,0.0,0.0,0.0,0.0,0.0,-0.0157,0.0031,0.0724,0.0351,0.0041,0.0024,0.005,-0.0086,0.0,0.0,0.049005500823517845
121145.853043975,0.0842,-0.0116,-0.0007,0.0031,-0.0017,0.0004,1.0509,-0.2247,-0.4384,0.0,0.0,0.0,0.0,0.0,-0.0157,0.0031,0.0645,0.0345,0.0032,0.0036,0.0055,-0.0091,0.0,0.0,0.04405810687406714
121145.877773626,0.082,-0.0116,-0.0007,0.0031,-0.0017,0.0004,1.0509,-0.2247,-0.4419,0.0,0.0,0.0,0.0,0.0,-0.0157,0.0031,0.0563,0.0351,0.0036,0.0032,0.0053,-0.0089,0.0,0.0,0.03910304543521781
121145.884206052,0.0798,-0.0116,-0.0007,0.0031,-0.0017,0.0004,1.0508,-0.2247,-0.4455,0.0,0.0,0.0,0.0,0.0,-0.0157,0.0031,0.0487,0.0345,0.0034,0.0034,0.0054,-0.0091,0.0,0.0,0.03414045235248553
121145.889606846,0.0775,-0.0116,-0.0007,0.0031,-0.0017,0.0004,1.0507,-0.2246,-0.4492,0.0,0.0,0.0,0.0,0.0,-0.0157,0.0031,0.0408,0.0351,0.0041,0.0025,0.0051,-0.0086,0.0,0.0,0.029170463677864855
121145.895555971,0.0753,-0.0116,-0.0007,0.0031,-0.0017,0.0004,1.0506,-0.2246,-0.4531,0.0,0.0,0.0,0.0,0.0,-0.0157,0.0031,0.0329,0.0345,0.0034,0.0034,0.0054,-0.009,0.0,0.0,0.024193215666105772
121145.921492672,0.073,-0.0116,-0.0007,0.0031,-0.0017,0.0004,1.0505,-0.2246,-0.4571,0.0,0.0,0.0,0.0,0.0,-0.0157,0.0031,0.0253,0.0351,0.0039,0.0027,0.0052,-0.0087,0.0,0.0,0.019208844770976896
121145.926379759,0.0707,-0.0116,-0.0007,0.0031,-0.0017,0.0004,1.0505,-0.2246,-0.4612,0.0,0.0,0.0,0.0,0.0,-0.0157,0.0031,0.0174,0.0345,0.0032,0.0036,0.0055,-0.0091,0.0,0.0,0.014217487641524085
121145.931501372,0.0683,-0.0116,-0.0007,0.0031,-0.0017,0.0004,1.0504,-0.2246,-0.4655,0.0,0.0,0.0,0.0,0.0,-0.0158,0.0031,0.0098,0.0351,0.0039,0.0028,0.0052,-0.0087,0.0,0.0,0.009219281118322709
121145.958427326,0.066,-0.0116,-0.0007,0.0031,-0.0017,0.0004,1.0503,-0.2246,-0.4699,0.0,0.0,0.0,0.0,0.0,-0.0158,0.0031,0.0022,0.0345,0.0035,0.0032,0.0054,-0.009,0.0,0.0,0.004214362229732843
121145.967848331,0.0636,-0.0116,-0.0007,0.0031,-0.0017,0.0004,1.0502,-0.2245,-0.4744,0.0,0.0,0.0,0.0,0.0,-0.0158,0.0031,-0.0054,0.0351,0.0038,0.003,0.0053,-0.0088,0.0,0.0,-0.0007971318118676907
121145.972966928,0.0612,-0.0116,-0.0007,0.0031,-0.0017,0.0004,1.0501,-0.2245,-0.4789,0.0,0.0,0.0,0.0,0.0,-0.0158,0.0031,-0.0131,0.0345,0.0035,0.0033,0.0054,-0.009,0.0,0.0,-0.005815063613838128
121145.999479394,0.0588,-0.0116,-0.0007,0.0031,-0.0017,0.0004,1.0501,-0.2245,-0.4836,0.0,0.0,0.0,0.0,0.0,-0.0158,0.0031,-0.0204,0.0351,0.0036,0.0032,0.0054,-0.009,0.0,0.0,-0.010839295607043442
121146.006365465,0.0563,-0.0116,-0.0007,0.0031,-0.0017,0.0004,1.05,-0.2245,-0.4884,0.0,0.0,0.0,0.0,0.0,-0.0158,0.0031,-0.028,0.0345,0.0039,0.0028,0.0052,-0.0087,0.0,0.0,-0.01586969004962721
121146.01124639,0.0539,-0.0116,-0.0007,0.0031,-0.0017,0.0004,1.0499,-0.2245,-0.4933,0.0,0.0,0.0,0.0,0.0,-0.0158,0.0031,-0.0354,0.0351,0.0039,0.0027,0.0052,-0.0087,0.0,0.0,-0.0209061090307813
121146.016161439,0.0514,-0.0116,-0.0007,0.0031,-0.0017,0.0004,1.0498,-0.2245,-0.4983,0.0,0.0,0.0,0.0,0.0,-0.0158,0.0031,-0.0427,0.0345,0.0033,0.0034,0.0055,-0.009,0.0,0.0,-0.025948414474536885
121146.040602451,0.0489,-0.0116,-0.0007,0.0031,-0.0017,0.0004,1.0497,-0.2244,-0.5033,0.0,0.0,0.0,0.0,0.0,-0.0158,0.0031,-0.0498,0.0351,0.0037,0.0031,0.0053,-0.0089,0.0,0.0,-0.030996468143543177
121146.046117047,0.0463,-0.0116,-0.0007,0.0031,-0.0017,0.0004,1.0497,-0.2244,-0.5085,0.0,0.0,0.0,0.0,0.0,-0.0158,0.0031,-0.0571,0.0345,0.0035,0.0033,0.0054,-0.009,0.0,0.0,-0.0360501316428605
121146.054089162,0.0437,-0.0116,-0.0007,0.0031,-0.0017,0.0004,1.0496,-0.2244,-0.5137,0.0,0.0,0.0,0.0,0.0,-0.0158,0.0031,-0.0642,0.0352,0.0038,0.0028,0.0052,-0.0088,0.0,0.0,-0.04110926642374782
121146.078482997,0.0411,-0.0116,-0.0007,0.0031,-0.0017,0.0004,1.0495,-0.2244,-0.5189,0.0,0.0,0.0,0.0,0.0,-0.0159,0.0031,-0.0713,0.0344,0.0035,0.0032,0.0054,-0.009,0.0,0.0,-0.04617373378747114
121146.08615318,0.0385,-0.0116,-0.0007,0.0031,-0.0017,0.0004,1.0494,-0.2244,-0.5242,0.0,0.0,0.0,0.0,0.0,-0.0159,0.0031,-0.0783,0.0352,0.0038,0.003,0.0053,-0.0088,0.0,0.0,-0.05124339488909946
121146.091054963,0.0359,-0.0116,-0.0007,0.0031,-0.0017,0.0004,1.0493,-0.2244,-0.5295,0.0,0.0,0.0,0.0,0.0,-0.0159,0.0031,-0.0852,0.0344,0.0036,0.0032,0.0054,-0.0089,0.0,0.0,-0.05631811074131274
121146.122181234,0.0332,-0.0116,-0.0007,0.0031,-0.0017,0.0004,1.0493,-0.2244,-0.5349,0.0,0.0,0.0,0.0,0.0,-0.0159,0.0031,-0.0922,0.0352,0.0036,0.0032,0.0054,-0.009,0.0,0.0,-0.06139774221821237
121146.123728487,0.0305,-0.0116,-0.0007,0.0031,-0.0017,0.0004,1.0492,-0.2243,-0.5403,0.0,0.0,0.0,0.0,0.0,-0.0159,0.0031,-0.0991,0.0344,0.0034,0.0035,0.0054,-0.0091,0.0,0.0,-0.06648215005913727
121146.128768669,0.0278,-0.0116,-0.0007,0.0031,-0.0017,0.0004,1.0491,-0.2243,-0.5458,0.0,0.0,0.0,0.0,0.0,-0.0159,0.0031,-0.1059,0.0352,0.0042,0.0023,0.0051,-0.0085,0.0,0.0,-0.07157119487247454
121146.134275681,0.025,-0.0116,-0.0007,0.0031,-0.0017,0.0004,1.049,-0.2243,-0.5513,0.0,0.0,0.0,0.0,0.0,-0.0159,0.0031,-0.1124,0.0345,0.0033,0.0035,0.0055,-0.0091,0.0,0.0,-0.07666473713949176
121146.158791574,0.0222,-0.0116,-0.0007,0.0031,-0.0017,0.0004,1.0489,-0.2243,-0.5568,0.0,0.0,0.0,0.0,0.0,-0.0159,0.0031,-0.1189,0.035,0.0037,0.0031,0.0053,-0.0089,0.0,0.0,-0.0817626372181546
121146.167263892,0.0194,-0.0116,-0.0007,0.0031,-0.0017,0.0004,1.0489,-0.2243,-0.5623,0.0,0.0,0.0,0.0,0.0,-0.0159,0.0031,-0.1255,0.0347,0.004,0.0025,0.0052,-0.0086,0.0,0.0,-0.08686475534695723
121146.172389973,0.0166,-0.0116,-0.0007,0.0031,-0.0017,0.0004,1.0488,-0.2243,-0.5678,0.0,0.0,0.0,0.0,0.0,-0.0159,0.0031,-0.1321,0.0349,0.0033,0.0036,0.0055,-0.0091,0.0,0.0,-0.0919709516487539
121146.199990734,0.0137,-0.0116,-0.0007,0.0031,-0.0017,0.0004,1.0487,-0.2242,-0.5733,0.0,0.0,0.0,0.0,0.0,-0.0159,0.0032,-0.1386,0.0348,0.0039,0.0027,0.0052,-0.0087,0.0,0.0,-0.09708108613459354
121146.205469799,0.0108,-0.0116,-0.0007,0.0031,-0.0017,0.0004,1.0486,-0.2242,-0.5787,0.0,0.0,0.0,0.0,0.0,-0.016,0.0031,-0.1449,0.0348,0.0034,0.0034,0.0054,-0.009,0.0,0.0,-0.10219501870755965
121146.211125172,0.0079,-0.0116,-0.0007,0.0031,-0.0017,0.0004,1.0485,-0.2242,-0.5842,0.0,0.0,0.0,0.0,0.0,-0.016,0.0032,-0.1513,0.0348,0.0039,0.0027,0.0052,-0.0087,0.0,0.0,-0.10731260916660396
121146.237636965,0.0049,-0.0116,-0.0007,0.0031,-0.0017,0.0004,1.0485,-0.2242,-0.5897,0.0,0.0,0.0,0.0,0.0,-0.016,0.0032,-0.1576,0.0348,0.0033,0.0035,0.0055,-0.0091,0.0,0.0,-0.11243371721040063
121146.242548066,0.0019,-0.0116,-0.0007,0.0031,-0.0017,0.0004,1.0484,-0.2242,-0.5951,0.0,0.0,0.0,0.0,0.0,-0.016,0.0032,-0.1636,0.0349,0.0039,0.0027,0.0052,-0.0087,0.0,0.0,-0.11755820244118576
121146.247737014,-0.0011,-0.0116,-0.0007,0.0031,-0.0017,0.0004,1.0483,-0.2242,-0.6005,0.0,0.0,0.0,0.0,0.0,-0.016,0.0032,-0.1697,0.0349,0.0035,0.0033,0.0054,-0.009,0.0,0.0,-0.12268592436860809
121146.253107893,-0.0041,-0.0116,-0.0007,0.0031,-0.0017,0.0004,1.0482,-0.2241,-0.6058,0.0,0.0,0.0,0.0,0.0,-0.016,0.0032,-0.1757,0.0349,0.0038,0.0029,0.0053,-0.0088,0.0,0.0,-0.12781674241358248
121146.278466786,-0.0071,-0.0116,-0.0007,0.0031,-0.0017,0.0004,1.0481,-0.2241,-0.6111,0.0,0.0,0.0,0.0,0.0,-0.016,0.0032,-0.1818,0.0349,0.0035,0.0033,0.0054,-0.009,0.0,0.0,-0.13295051591213697
121146.286375923,-0.0102,-0.0116,-0.0007,0.0031,-0.0017,0.0004,1.0481,-0.2241,-0.6163,0.0,0.0,0.0,0.0,0.0,-0.016,0.0032,-0.1876,0.0349,0.0038,0.0028,0.0053,-0.0087,0.0,0.0,-0.1380871041192795
121146.291508617,-0.0133,-0.0116,-0.0007,0.0031,-0.0017,0.0004,1.048,-0.2241,-0.6215,0.0,0.0,0.0,0.0,0.0,-0.016,0.0032,-0.1935,0.0349,0.0034,0.0034,0.0055,-0.009,0.0,0.0,-0.14322636621284962
121146.320783368,-0.0165,-0.0116,-0.0007,0.0031,-0.0017,0.0004,1.0479,-0.2241,-0.6266,0.0,0.0,0.0,0.0,0.0,-0.016,0.0032,-0.1993,0.0349,0.0039,0.0027,0.0052,-0.0087,0.0,0.0,-0.14836816129738276
121146.325596607,-0.0196,-0.0116,-0.0007,0.0031,-0.0017,0.0004,1.0478,-0.2241,-0.6316,0.0,0.0,0.0,0.0,0.0,-0.016,0.0032,-0.2049,0.0349,0.0034,0.0034,0.0055,-0.0091,0.0,0.0,-0.1535123484079658
121146.330807006,-0.0228,-0.0116,-0.0007,0.0031,-0.0017,0.0004,1.0477,-0.224,-0.6365,0.0,0.0,0.0,0.0,0.0,-0.016,0.0032,-0.2105,0.0349,0.0038,0.0029,0.0053,-0.0088,0.0,0.0,-0.15865878651411225
121146.35793183,-0.026,-0.0116,-0.0007,0.0031,-0.0017,0.0004,1.0476,-0.224,-0.6414,0.0,0.0,0.0,0.0,0.0,-0.0161,0.0032,-0.2161,0.0349,0.0035,0.0032,0.0054,-0.0089,0.0,0.0,-0.16380733452362173
121146.363644896,-0.0293,-0.0116,-0.0007,0.0031,-0.0017,0.0004,1.0476,-0.224,-0.6461,0.0,0.0,0.0,0.0,0.0,-0.0161,0.0032,-0.2217,0.0349,0.0036,0.0031,0.0054,-0.0089,0.0,0.0,-0.16895785128644986
121146.369246413,-0.0325,-0.0116,-0.0007,0.0031,-0.0017,0.0004,1.0475,-0.224,-0.6508,0.0,0.0,0.0,0.0,0.0,-0.0161,0.0032,-0.2274,0.0349,0.0036,0.003,0.0054,-0.0089,0.0,0.0,-0.17411019559857774
121146.374683334,-0.0358,-0.0116,-0.0007,0.0031,-0.0017,0.0004,1.0474,-0.224,-0.6554,0.0,0.0,0.0,0.0,0.0,-0.0161,0.0032,-0.2327,0.0349,0.0037,0.003,0.0053,-0.0089,0.0,0.0,-0.17926422620588514
121146.402353336,-0.0391,-0.0116,-0.0007,0.0031,-0.0017,0.0004,1.0473,-0.224,-0.6598,0.0,0.0,0.0,0.0,0.0,-0.0161,0.0032,-0.2381,0.0349,0.0036,0.0031,0.0054,-0.0089,0.0,0.0,-0.18441980180801593
121146.407638529,-0.0424,-0.0116,-0.0007,0.0031,-0.0017,0.0004,1.0472,-0.224,-0.6641,0.0,0.0,0.0,0.0,0.0,-0.0161,0.0032,-0.2432,0.0349,0.0035,0.0033,0.0054,-0.009,0.0,0.0,-0.18957678106226242
121146.413045038,-0.0458,-0.0116,-0.0007,0.0031,-0.0017,0.0004,1.0472,-0.2239,-0.6684,0.0,0.0,0.0,0.0,0.0,-0.0161,0.0032,-0.2487,0.0349,0.0038,0.0028,0.0053,-0.0088,0.0,0.0,-0.1947350225874333
121146.438960459,-0.0491,-0.0116,-0.0007,0.0031,-0.0017,0.0004,1.0471,-0.2239,-0.6725,0.0,0.0,0.0,0.0,0.0,-0.0161,0.0032,-0.2539,0.0349,0.0036,0.0031,0.0054,-0.0089,0.0,0.0,-0.1998943849677315
121146.444431193,-0.0525,-0.0116,-0.0007,0.0031,-0.0017,0.0004,1.047,-0.2239,-0.6764,0.0,0.0,0.0,0.0,0.0,-0.0161,0.0032,-0.259,0.0349,0.0034,0.0034,0.0055,-0.009,0.0,0.0,-0.2050547267566311
121146.449446127,-0.0559,-0.0116,-0.0007,0.0031,-0.0017,0.0004,1.0469,-0.2239,-0.6803,0.0,0.0,0.0,0.0,0.0,-0.0161,0.0032,-0.264,0.0349,0.004,0.0026,0.0052,-0.0087,0.0,0.0,-0.2102159064807553
121146.472973738,-0.0593,-0.0115,-0.0007,0.0031,-0.0017,0.0004,1.0468,-0.2239,-0.6839,0.0,0.0,0.0,0.0,0.0,-0.0161,0.0032,-0.2692,0.0349,0.0034,0.0034,0.0055,-0.009,0.0,0.0,-0.2153777826437565
121146.48039691,-0.0628,-0.0115,-0.0007,0.0031,-0.0017,0.0004,1.0468,-0.2239,-0.6875,0.0,0.0,0.0,0.0,0.0,-0.0162,0.0032,-0.2742,0.035,0.0038,0.0028,0.0053,-0.0088,0.0,0.0,-0.22054021373018873
121146.487961125,-0.0662,-0.0115,-0.0007,0.0031,-0.0017,0.0004,1.0467,-0.2238,-0.6909,0.0,0.0,0.0,0.0,0.0,-0.0162,0.0032,-0.2792,0.0349,0.0035,0.0032,0.0054,-0.0089,0.0,0.0,-0.22570305820939768
121146.493274175,-0.0697,-0.0115,-0.0007,0.0031,-0.0017,0.0004,1.0466,-0.2238,-0.6942,0.0,0.0,0.0,0.0,0.0,-0.0162,0.0032,-0.2842,0.0349,0.0038,0.0029,0.0053,-0.0088,0.0,0.0,-0.230866174539394
121146.519288081,-0.0732,-0.0115,-0.0007,0.0031,-0.0017,0.0004,1.0465,-0.2238,-0.6973,0.0,0.0,0.0,0.0,0.0,-0.0162,0.0032,-0.2889,0.035,0.0034,0.0034,0.0055,-0.009,0.0,0.0,-0.23602942117073708
121146.524705526,-0.0767,-0.0115,-0.0007,0.0031,-0.0017,0.0004,1.0464,-0.2238,-0.7002,0.0,0.0,0.0,0.0,0.0,-0.0162,0.0032,-0.294,0.0349,0.0038,0.0029,0.0053,-0.0088,0.0,0.0,-0.24119265655040886
121146.529739746,-0.0802,-0.0115,-0.0007,0.0031,-0.0017,0.0004,1.0464,-0.2238,-0.703,0.0,0.0,0.0,0.0,0.0,-0.0162,0.0032,-0.2988,0.0351,0.0037,0.0028,0.0053,-0.0088,0.0,0.0,-0.24635573912570496
121146.556775594,-0.0837,-0.0115,-0.0007,0.0031,-0.0017,0.0004,1.0463,-0.2238,-0.7056,0.0,0.0,0.0,0.0,0.0,-0.0162,0.0032,-0.3036,0.0348,0.0035,0.0031,0.0054,-0.0089,0.0,0.0,-0.2515185273481085
121146.562362494,-0.0873,-0.0115,-0.0007,0.0031,-0.0017,0.0004,1.0462,-0.2237,-0.7081,0.0,0.0,0.0,0.0,0.0,-0.0162,0.0032,-0.3085,0.0351,0.0035,0.0032,0.0054,-0.0089,0.0,0.0,-0.256680879677174
121146.567749772,-0.0908,-0.0115,-0.0007,0.0031,-0.0017,0.0004,1.0461,-0.2237,-0.7103,0.0,0.0,0.0,0.0,0.0,-0.0162,0.0032,-0.313,0.0349,0.0036,0.0031,0.0054,-0.0089,0.0,0.0,-0.2618426545844013
121146.591879456,-0.0944,-0.0115,-0.0007,0.0031,-0.0017,0.0004,1.046,-0.2237,-0.7125,0.0,0.0,0.0,0.0,0.0,-0.0162,0.0032,-0.3179,0.0351,0.0038,0.0028,0.0053,-0.0088,0.0,0.0,-0.2670037105571256
121146.600180754,-0.098,-0.0115,-0.0007,0.0031,-0.0017,0.0004,1.046,-0.2237,-0.7144,0.0,0.0,0.0,0.0,0.0,-0.0162,0.0032,-0.3226,0.0349,0.0035,0.0032,0.0054,-0.009,0.0,0.0,-0.27216390610239016
121146.605872089,-0.1016,-0.0115,-0.0007,0.0031,-0.0017,0.0004,1.0459,-0.2237,-0.7162,0.0,0.0,0.0,0.0,0.0,-0.0163,0.0032,-0.3272,0.0351,0.0037,0.0029,0.0053,-0.0088,0.0,0.0,-0.2773230997508276
121146.611274395,-0.1051,-0.0115,-0.0007,0.0031,-0.0017,0.0004,1.0458,-0.2237,-0.7177,0.0,0.0,0.0,0.0,0.0,-0.0163,0.0032,-0.3319,0.0349,0.0034,0.0032,0.0054,-0.009,0.0,0.0,-0.28248115006053787
121146.638477986,-0.1087,-0.0115,-0.0007,0.0031,-0.0017,0.0004,1.0457,-0.2236,-0.7192,0.0,0.0,0.0,0.0,0.0,-0.0163,0.0032,-0.3366,0.0351,0.0036,0.0031,0.0054,-0.0089,0.0,0.0,-0.2876379156209661
121146.643658841,-0.1123,-0.0115,-0.0007,0.0031,-0.0017,0.0004,1.0456,-0.2236,-0.7204,0.0,0.0,0.0,0.0,0.0,-0.0163,0.0032,-0.3413,0.0349,0.0037,0.0029,0.0053,-0.0088,0.0,0.0,-0.29279325505678133
121146.648622219,-0.116,-0.0115,-0.0007,0.0031,-0.0017,0.0004,1.0456,-0.2236,-0.7214,0.0,0.0,0.0,0.0,0.0,-0.0163,0.0032,-0.3458,0.0351,0.0035,0.0031,0.0054,-0.0089,0.0,0.0,-0.29794702703174525
121146.677824134,-0.1196,-0.0115,-0.0007,0.0031,-0.0017,0.0004,1.0455,-0.2236,-0.7223,0.0,0.0,0.0,0.0,0.0,-0.0163,0.0032,-0.3506,0.0349,0.0036,0.003,0.0053,-0.0088,0.0,0.0,-0.30309909025259746
121146.68227082,-0.1232,-0.0115,-0.0007,0.0031,-0.0017,0.0004,1.0454,-0.2236,-0.723,0.0,0.0,0.0,0.0,0.0,-0.0163,0.0032,-0.3551,0.0351,0.0037,0.0029,0.0053,-0.0088,0.0,0.0,-0.30824930347292223
121146.687593067,-0.1268,-0.0115,-0.0007,0.0031,-0.0017,0.0004,1.0453,-0.2236,-0.7235,0.0,0.0,0.0,0.0,0.0,-0.0163,0.0032,-0.3596,0.0349,0.0033,0.0034,0.0055,-0.009,0.0,0.0,-0.3133975254970225
121146.713538765,-0.1304,-0.0115,-0.0007,0.0031,-0.0017,0.0004,1.0452,-0.2235,-0.7238,0.0,0.0,0.0,0.0,0.0,-0.0163,0.0032,-0.3642,0.0352,0.0037,0.0029,0.0053,-0.0088,0.0,0.0,-0.3185436151837909
121146.719330296,-0.134,-0.0115,-0.0007,0.0031,-0.0017,0.0004,1.0452,-0.2235,-0.724,0.0,0.0,0.0,0.0,0.0,-0.0163,0.0032,-0.3691,0.0349,0.0036,0.003,0.0053,-0.0088,0.0,0.0,-0.3236874314505791
121146.725183733,-0.1377,-0.0115,-0.0007,0.0031,-0.0017,0.0004,1.0451,-0.2235,-0.7239,0.0,0.0,0.0,0.0,0.0,-0.0163,0.0032,-0.3737,0.0352,0.0035,0.0031,0.0053,-0.0089,0.0,0.0,-0.3288288332770675
121146.730427774,-0.1413,-0.0115,-0.0007,0.0031,-0.0017,0.0004,1.045,-0.2235,-0.7237,0.0,0.0,0.0,0.0,0.0,-0.0163,0.0032,-0.3783,0.0349,0.0035,0.0031,0.0054,-0.0089,0.0,0.0,-0.33396767970912444
121146.758551731,-0.1449,-0.0115,-0.0007,0.0031,-0.0017,0.0004,1.0449,-0.2235,-0.7233,0.0,0.0,0.0,0.0,0.0,-0.0164,0.0032,-0.3827,0.0352,0.0037,0.0029,0.0053,-0.0088,0.0,0.0,-0.3391038298626809
121146.763684295,-0.1485,-0.0115,-0.0007,0.0031,-0.0017,0.0004,1.0448,-0.2235,-0.7227,0.0,0.0,0.0,0.0,0.0,-0.0164,0.0032,-0.3874,0.035,0.0034,0.0033,0.0054,-0.009,0.0,0.0,-0.3442371429275858
121146.769449427,-0.1521,-0.0115,-0.0007,0.0031,-0.0017,0.0004,1.0448,-0.2234,-0.7219,0.0,0.0,0.0,0.0,0.0,-0.0164,0.0032,-0.3921,0.0352,0.0038,0.0027,0.0052,-0.0087,0.0,0.0,-0.3493674781714701
121146.794960444,-0.1557,-0.0115,-0.0007,0.0031,-0.0017,0.0004,1.0447,-0.2234,-0.721,0.0,0.0,0.0,0.0,0.0,-0.0164,0.0032,-0.3968,0.035,0.0035,0.0031,0.0053,-0.0089,0.0,0.0,-0.3544946949435982
121146.801293525,-0.1593,-0.0115,-0.0007,0.0031,-0.0017,0.0004,1.0446,-0.2234,-0.7199,0.0,0.0,0.0,0.0,0.0,-0.0164,0.0032,-0.4015,0.0352,0.0034,0.0032,0.0054,-0.0089,0.0,0.0,-0.35961865267873394
121146.806684671,-0.1629,-0.0115,-0.0007,0.0031,-0.0017,0.0004,1.0445,-0.2234,-0.7186,0.0,0.0,0.0,0.0,0.0,-0.0164,0.0032,-0.4063,0.035,0.0034,0.0032,0.0054,-0.0089,0.0,0.0,-0.3647392109009876
121146.834638811,-0.1665,-0.0115,-0.0007,0.0031,-0.0017,0.0004,1.0444,-0.2234,-0.7171,0.0,0.0,0.0,0.0,0.0,-0.0164,0.0033,-0.4108,0.0352,0.0037,0.0029,0.0052,-0.0088,0.0,0.0,-0.3698562292276708
121146.840241731,-0.1701,-0.0115,-0.0007,0.0031,-0.0017,0.0004,1.0443,-0.2234,-0.7155,0.0,0.0,0.0,0.0,0.0,-0.0164,0.0033,-0.4156,0.035,0.0036,0.003,0.0053,-0.0088,0.0,0.0,-0.3749695673731376
121146.845609012,-0.1737,-0.0115,-0.0007,0.0031,-0.0017,0.0004,1.0443,-0.2233,-0.7137,0.0,0.0,0.0,0.0,0.0,-0.0164,0.0033,-0.4204,0.0352,0.0037,0.0028,0.0052,-0.0088,0.0,0.0,-0.38007908515264166
121146.851206543,-0.1772,-0.0115,-0.0007,0.0031,-0.0017,0.0004,1.0442,-0.2233,-0.7117,0.0,0.0,0.0,0.0,0.0,-0.0164,0.0033,-0.4253,0.035,0.0034,0.0031,0.0053,-0.0089,0.0,0.0,-0.38518464248617185
121146.882544067,-0.1808,-0.0115,-0.0007,0.0031,-0.0017,0.0004,1.0441,-0.2233,-0.7096,0.0,0.0,0.0,0.0,0.0,-0.0164,0.0033,-0.4301,0.0352,0.0034,0.0032,0.0053,-0.0089,0.0,0.0,-0.390286099402295
121146.888733811,-0.1843,-0.0115,-0.0007,0.0031,-0.0017,0.0004,1.044,-0.2233,-0.7073,0.0,0.0,0.0,0.0,0.0,-0.0164,0.0033,-0.435,0.035,0.0035,0.003,0.0053,-0.0089,0.0,0.0,-0.39538331604199256
121146.893998972,-0.1879,-0.0115,-0.0007,0.0031,-0.0017,0.0004,1.0439,-0.2233,-0.7049,0.0,0.0,0.0,0.0,0.0,-0.0165,0.0033,-0.4399,0.0352,0.0037,0.0027,0.0052,-0.0087,0.0,0.0,-0.40047615266249564
121146.92064279,-0.1914,-0.0115,-0.0007,0.0031,-0.0017,0.0004,1.0438,-0.2233,-0.7023,0.0,0.0,0.0,0.0,0.0,-0.0165,0.0033,-0.4448,0.035,0.0032,0.0034,0.0054,-0.0091,0.0,0.0,-0.40556446964111736
121146.925994552,-0.1949,-0.0115,-0.0007,0.0031,-0.0017,0.0004,1.0437,-0.2232,-0.6996,0.0,0.0,0.0,0.0,0.0,-0.0165,0.0033,-0.4497,0.0352,0.0038,0.0027,0.0051,-0.0087,0.0,0.0,-0.410648127479074
121146.931784089,-0.1983,-0.0115,-0.0007,0.0031,-0.0017,0.0004,1.0437,-0.2232,-0.6967,0.0,0.0,0.0,0.0,0.0,-0.0165,0.0033,-0.4546,0.0352,0.0032,0.0034,0.0054,-0.009,0.0,0.0,-0.41572698680531955
121146.959772023,-0.2018,-0.0115,-0.0007,0.0031,-0.0017,0.0004,1.0436,-0.2232,-0.6936,0.0,0.0,0.0,0.0,0.0,-0.0165,0.0033,-0.4596,0.035,0.0036,0.0029,0.0052,-0.0088,0.0,0.0,-0.42080090838036016
121146.964641496,-0.2053,-0.0115,-0.0007,0.0031,-0.0017,0.0004,1.0435,-0.2232,-0.6905,0.0,0.0,0.0,0.0,0.0,-0.0165,0.0033,-0.4648,0.0352,0.0035,0.003,0.0053,-0.0089,0.0,0.0,-0.4258697531000727
121146.970086502,-0.2087,-0.0115,-0.0007,0.0031,-0.0017,0.0004,1.0434,-0.2232,-0.6872,0.0,0.0,0.0,0.0,0.0,-0.0165,0.0033,-0.4698,0.035,0.0035,0.003,0.0053,-0.0089,0.0,0.0,-0.43093338199951864
121146.975696665,-0.2121,-0.0115,-0.0007,0.0031,-0.0017,0.0004,1.0433,-0.2232,-0.6838,0.0,0.0,0.0,0.0,0.0,-0.0165,0.0033,-0.4751,0.0352,0.0036,0.0029,0.0052,-0.0088,0.0,0.0,-0.4359916562567556
121147.002783078,-0.2155,-0.0115,-0.0007,0.0031,-0.0017,0.0004,1.0432,-0.2231,-0.6802,0.0,0.0,0.0,0.0,0.0,-0.0165,0.0033,-0.4801,0.0352,0.0034,0.0031,0.0053,-0.0089,0.0,0.0,-0.44104443719663616
121147.008075781,-0.2189,-0.0115,-0.0007,0.0031,-0.0017,0.0004,1.0432,-0.2231,-0.6766,0.0,0.0,0.0,0.0,0.0,-0.0165,0.0033,-0.4853,0.0351,0.0036,0.0029,0.0052,-0.0088,0.0,0.0,-0.4460915862946202
121147.013172627,-0.2223,-0.0115,-0.0007,0.0031,-0.0017,0.0004,1.0431,-0.2231,-0.6728,0.0,0.0,0.0,0.0,0.0,-0.0165,0.0033,-0.4906,0.0352,0.0034,0.0031,0.0053,-0.0089,0.0,0.0,-0.4511329651805658
121147.03923632,-0.2256,-0.0115,-0.0007,0.0031,-0.0017,0.0004,1.043,-0.2231,-0.6689,0.0,0.0,0.0,0.0,0.0,-0.0166,0.0033,-0.4962,0.0352,0.0035,0.003,0.0052,-0.0089,0.0,0.0,-0.45616843564252385
121147.044490155,-0.229,-0.0115,-0.0007,0.0031,-0.0017,0.0004,1.0429,-0.2231,-0.6649,0.0,0.0,0.0,0.0,0.0,-0.0166,0.0033,-0.5015,0.0351,0.0034,0.0031,0.0052,-0.0089,0.0,0.0,-0.46119785963052995
121147.049361142,-0.2323,-0.0115,-0.0007,0.0031,-0.0017,0.0004,1.0428,-0.2231,-0.6608,0.0,0.0,0.0,0.0,0.0,-0.0166,0.0033,-0.5068,0.0353,0.0036,0.0028,0.0051,-0.0088,0.0,0.0,-0.46622109926038136
121147.077091293,-0.2355,-0.0115,-0.0007,0.0031,-0.0017,0.0004,1.0427,-0.223,-0.6566,0.0,0.0,0.0,0.0,0.0,-0.0166,0.0033,-0.5124,0.0351,0.0035,0.003,0.0052,-0.0089,0.0,0.0,-0.47123801681742794
121147.082164195,-0.2388,-0.0115,-0.0007,0.0031,-0.0017,0.0004,1.0427,-0.223,-0.6524,0.0,0.0,0.0,0.0,0.0,-0.0166,0.0033,-0.518,0.0353,0.0034,0.0031,0.0053,-0.0089,0.0,0.0,-0.4762484747603405
121147.088050385,-0.2421,-0.0115,-0.0007,0.0031,-0.0017,0.0004,1.0426,-0.223,-0.648,0.0,0.0,0.0,0.0,0.0,-0.0166,0.0033,-0.5236,0.0351,0.0035,0.003,0.0052,-0.0089,0.0,0.0,-0.4812523357248852
121147.093218103,-0.2453,-0.0115,-0.0007,0.0031,-0.0017,0.0004,1.0425,-0.223,-0.6436,0.0,0.0,0.0,0.0,0.0,-0.0166,0.0033,-0.5292,0.0353,0.0036,0.0029,0.0051,-0.0088,0.0,0.0,-0.48624946252768264
121147.118827614,-0.2485,-0.0115,-0.0007,0.0031,-0.0017,0.0004,1.0424,-0.223,-0.6391,0.0,0.0,0.0,0.0,0.0,-0.0166,0.0033,-0.5348,0.0351,0.0034,0.0031,0.0052,-0.0089,0.0,0.0,-0.4912397181699791
121147.12446024,-0.2516,-0.0115,-0.0007,0.0031,-0.0017,0.0004,1.0423,-0.223,-0.6346,0.0,0.0,0.0,0.0,0.0,-0.0166,0.0033,-0.5407,0.0353,0.0035,0.0029,0.0051,-0.0088,0.0,0.0,-0.4962229658413951
121147.12968225,-0.2548,-0.0115,-0.0007,0.0031,-0.0017,0.0004,1.0422,-0.2229,-0.6299,0.0,0.0,0.0,0.0,0.0,-0.0166,0.0033,-0.5463,0.0351,0.0035,0.003,0.0052,-0.0089,0.0,0.0,-0.5011990689236785
121147.15523523,-0.2579,-0.0115,-0.0007,0.0031,-0.0017,0.0004,1.0422,-0.2229,-0.6252,0.0,0.0,0.0,0.0,0.0,-0.0166,0.0033,-0.5521,0.0353,0.0035,0.003,0.0052,-0.0088,0.0,0.0,-0.5061678909944498
121147.160457411,-0.261,-0.0115,-0.0007,0.0031,-0.0017,0.0004,1.0421,-0.2229,-0.6205,0.0,0.0,0.0,0.0,0.0,-0.0166,0.0033,-0.5583,0.0351,0.0032,0.0033,0.0053,-0.009,0.0,0.0,-0.5111292958309419
121147.165340004,-0.2641,-0.0114,-0.0007,0.0031,-0.0017,0.0004,1.042,-0.2229,-0.6158,0.0,0.0,0.0,0.0,0.0,-0.0167,0.0033,-0.5641,0.0353,0.0036,0.0029,0.0051,-0.0088,0.0,0.0,-0.5160831474137364
121147.193352257,-0.2672,-0.0114,-0.0007,0.0031,-0.0017,0.0004,1.0419,-0.2229,-0.6109,0.0,0.0,0.0,0.0,0.0,-0.0167,0.0033,-0.57,0.0351,0.0033,0.0032,0.0052,-0.0089,0.0,0.0,-0.5210293099304868
121147.197695976,-0.2702,-0.0114,-0.0007,0.0031,-0.0017,0.0004,1.0418,-0.2229,-0.6061,0.0,0.0,0.0,0.0,0.0,-0.0167,0.0033,-0.5761,0.0353,0.0036,0.0029,0.0051,-0.0088,0.0,0.0,-0.5259676477796504
121147.203237807,-0.2732,-0.0114,-0.0007,0.0031,-0.0017,0.0004,1.0417,-0.2228,-0.6012,0.0,0.0,0.0,0.0,0.0,-0.0167,0.0033,-0.5822,0.0351,0.0033,0.0031,0.0052,-0.0089,0.0,0.0,-0.5308980255742008
121147.208736658,-0.2762,-0.0114,-0.0007,0.0031,-0.0017,0.0004,1.0416,-0.2228,-0.5963,0.0,0.0,0.0,0.0,0.0,-0.0167,0.0033,-0.5886,0.0353,0.0035,0.0029,0.0051,-0.0088,0.0,0.0,-0.5358203081453401
121147.236534718,-0.2791,-0.0114,-0.0007,0.0031,-0.0017,0.0004,1.0416,-0.2228,-0.5914,0.0,0.0,0.0,0.0,0.0,-0.0167,0.0033,-0.5947,0.0351,0.0034,0.003,0.0051,-0.0088,0.0,0.0,-0.5407343605462052
121147.240997274,-0.2821,-0.0114,-0.0007,0.0031,-0.0017,0.0004,1.0415,-0.2228,-0.5865,0.0,0.0,0.0,0.0,0.0,-0.0167,0.0033,-0.6011,0.0354,0.0035,0.003,0.0051,-0.0089,0.0,0.0,-0.5456400480555688
121147.245847011,-0.285,-0.0114,-0.0007,0.0031,-0.0017,0.0004,1.0414,-0.2228,-0.5816,0.0,0.0,0.0,0.0,0.0,-0.0167,0.0033,-0.6074,0.0351,0.0034,0.0031,0.0051,-0.0089,0.0,0.0,-0.5505372361815264
121147.273213134,-0.2879,-0.0114,-0.0007,0.0031,-0.0017,0.0004,1.0413,-0.2228,-0.5767,0.0,0.0,0.0,0.0,0.0,-0.0167,0.0033,-0.6137,0.0354,0.0035,0.0029,0.0051,-0.0088,0.0,0.0,-0.5554257906651934
121147.278329979,-0.2907,-0.0114,-0.0007,0.0031,-0.0017,0.0004,1.0412,-0.2227,-0.5718,0.0,0.0,0.0,0.0,0.0,-0.0167,0.0033,-0.62,0.0351,0.0034,0.003,0.0051,-0.0088,0.0,0.0,-0.5603055774843793
121147.283785389,-0.2936,-0.0114,-0.0007,0.0031,-0.0017,0.0004,1.0411,-0.2227,-0.5669,0.0,0.0,0.0,0.0,0.0,-0.0167,0.0033,-0.6266,0.0354,0.0034,0.0031,0.0051,-0.0089,0.0,0.0,-0.5651764628572633
121147.308268635,-0.2964,-0.0114,-0.0007,0.0031,-0.0017,0.0004,1.0411,-0.2227,-0.562,0.0,0.0,0.0,0.0,0.0,-0.0167,0.0033,-0.6331,0.0352,0.0034,0.003,0.0051,-0.0089,0.0,0.0,-0.570038313246064
121147.316751121,-0.2992,-0.0114,-0.0007,0.0031,-0.0017,0.0004,1.041,-0.2227,-0.5572,0.0,0.0,0.0,0.0,0.0,-0.0168,0.0033,-0.6397,0.0354,0.0035,0.003,0.0051,-0.0088,0.0,0.0,-0.574890995360694
121147.322588238,-0.3019,-0.0114,-0.0007,0.0031,-0.0017,0.0004,1.0409,-0.2227,-0.5523,0.0,0.0,0.0,0.0,0.0,-0.0168,0.0033,-0.6465,0.0351,0.0033,0.0032,0.0051,-0.0089,0.0,0.0,-0.5797343761624232
121147.327864759,-0.3047,-0.0114,-0.0007,0.0031,-0.0017,0.0004,1.0408,-0.2227,-0.5476,0.0,0.0,0.0,0.0,0.0,-0.0168,0.0033,-0.6529,0.0354,0.0036,0.0027,0.005,-0.0087,0.0,0.0,-0.5845683228675206
121147.354560956,-0.3074,-0.0114,-0.0007,0.0031,-0.0017,0.0004,1.0407,-0.2226,-0.5428,0.0,0.0,0.0,0.0,0.0,-0.0168,0.0033,-0.6597,0.0352,0.0033,0.0032,0.0051,-0.0089,0.0,0.0,-0.5893927029508967
121147.359596048,-0.3101,-0.0114,-0.0007,0.0031,-0.0017,0.0004,1.0406,-0.2226,-0.5381,0.0,0.0,0.0,0.0,0.0,-0.0168,0.0033,-0.6664,0.0354,0.0035,0.003,0.0051,-0.0088,0.0,0.0,-0.5942073841497315
121147.364580335,-0.3128,-0.0114,-0.0007,0.0031,-0.0017,0.0004,1.0406,-0.2226,-0.5334,0.0,0.0,0.0,0.0,0.0,-0.0168,0.0033,-0.6734,0.0352,0.0033,0.0032,0.0051,-0.0089,0.0,0.0,-0.5990122344671094
121147.391382618,-0.3154,-0.0114,-0.0007,0.0031,-0.0017,0.0004,1.0405,-0.2226,-0.5288,0.0,0.0,0.0,0.0,0.0,-0.0168,0.0033,-0.68,0.0354,0.0037,0.0027,0.0049,-0.0087,0.0,0.0,-0.6038071221756317
121147.396540279,-0.318,-0.0114,-0.0007,0.0031,-0.0017,0.0004,1.0404,-0.2226,-0.5243,0.0,0.0,0.0,0.0,0.0,-0.0168,0.0033,-0.6869,0.0352,0.0033,0.0032,0.0051,-0.0089,0.0,0.0,-0.6085919158210298
121147.40537452,-0.3206,-0.0114,-0.0007,0.0031,-0.0017,0.0004,1.0403,-0.2225,-0.5198,0.0,0.0,0.0,0.0,0.0,-0.0168,0.0034,-0.6938,0.0354,0.0034,0.003,0.0051,-0.0089,0.0,0.0,-0.6133664842257689
121147.433165607,-0.3232,-0.0114,-0.0007,0.0031,-0.0017,0.0004,1.0402,-0.2225,-0.5154,0.0,0.0,0.0,0.0,0.0,-0.0168,0.0034,-0.7009,0.0352,0.0035,0.0029,0.005,-0.0088,0.0,0.0,-0.6181306964926458
121147.438448441,-0.3258,-0.0114,-0.0007,0.0031,-0.0017,0.0004,1.0401,-0.2225,-0.5111,0.0,0.0,0.0,0.0,0.0,-0.0168,0.0034,-0.7077,0.0354,0.0036,0.0028,0.005,-0.0087,0.0,0.0,-0.6228844220083718
121147.443797899,-0.3283,-0.0114,-0.0007,0.0031,-0.0017,0.0004,1.0401,-0.2225,-0.5068,0.0,0.0,0.0,0.0,0.0,-0.0168,0.0034,-0.7148,0.0352,0.0032,0.0033,0.0052,-0.009,0.0,0.0,-0.6276275304471617
121147.448843972,-0.3308,-0.0114,-0.0007,0.0031,-0.0017,0.0004,1.04,-0.2225,-0.5027,0.0,0.0,0.0,0.0,0.0,-0.0169,0.0034,-0.7218,0.0353,0.0034,0.0031,0.005,-0.0089,0.0,0.0,-0.6323598917743017
121147.476617294,-0.3333,-0.0114,-0.0007,0.0031,-0.0017,0.0004,1.0399,-0.2225,-0.4986,0.0,0.0,0.0,0.0,0.0,-0.0169,0.0034,-0.7288,0.0353,0.0035,0.0028,0.005,-0.0088,0.0,0.0,-0.6370813762497158
121147.481088295,-0.3358,-0.0114,-0.0007,0.0031,-0.0017,0.0004,1.0398,-0.2224,-0.4946,0.0,0.0,0.0,0.0,0.0,-0.0169,0.0034,-0.736,0.0353,0.0035,0.0029,0.005,-0.0088,0.0,0.0,-0.6417918544315219
121147.486296769,-0.3382,-0.0114,-0.0007,0.0031,-0.0017,0.0004,1.0397,-0.2224,-0.4907,0.0,0.0,0.0,0.0,0.0,-0.0169,0.0034,-0.7432,0.0353,0.0034,0.003,0.005,-0.0089,0.0,0.0,-0.646491197179581
121147.509748058,-0.3407,-0.0114,-0.0007,0.0031,-0.0017,0.0004,1.0396,-0.2224,-0.4869,0.0,0.0,0.0,0.0,0.0,-0.0169,0.0034,-0.7504,0.0353,0.0035,0.0029,0.005,-0.0088,0.0,0.0,-0.6511792756590398
121147.518939225,-0.3431,-0.0114,-0.0007,0.0031,-0.0017,0.0004,1.0396,-0.2224,-0.4832,0.0,0.0,0.0,0.0,0.0,-0.0169,0.0034,-0.7575,0.0353,0.0033,0.0032,0.0051,-0.0089,0.0,0.0,-0.655855961343855
121147.525048659,-0.3455,-0.0114,-0.0007,0.0031,-0.0017,0.0004,1.0395,-0.2224,-0.4796,0.0,0.0,0.0,0.0,0.0,-0.0169,0.0034,-0.7645,0.0353,0.0035,0.0029,0.005,-0.0088,0.0,0.0,-0.660521126020328
121147.552810319,-0.3479,-0.0114,-0.0007,0.0031,-0.0017,0.0004,1.0394,-0.2224,-0.4761,0.0,0.0,0.0,0.0,0.0,-0.0169,0.0034,-0.7718,0.0353,0.0035,0.0029,0.0049,-0.0088,0.0,0.0,-0.6651746417906125
121147.55818019,-0.3502,-0.0114,-0.0007,0.0031,-0.0017,0.0004,1.0393,-0.2223,-0.4727,0.0,0.0,0.0,0.0,0.0,-0.0169,0.0034,-0.7791,0.0353,0.0033,0.0031,0.005,-0.0089,0.0,0.0,-0.669816381076223
121147.56411795,-0.3526,-0.0114,-0.0007,0.0031,-0.0017,0.0004,1.0392,-0.2223,-0.4694,0.0,0.0,0.0,0.0,0.0,-0.0169,0.0034,-0.7863,0.0353,0.0034,0.003,0.005,-0.0088,0.0,0.0,-0.6744462166215337
121147.569266714,-0.3549,-0.0114,-0.0007,0.0031,-0.0017,0.0004,1.0391,-0.2223,-0.4663,0.0,0.0,0.0,0.0,0.0,-0.0169,0.0034,-0.7935,0.0354,0.0034,0.0031,0.005,-0.0089,0.0,0.0,-0.6790640214972614
121147.593518344,-0.3572,-0.0114,-0.0007,0.0031,-0.0017,0.0004,1.039,-0.2223,-0.4632,0.0,0.0,0.0,0.0,0.0,-0.0169,0.0034,-0.8009,0.0353,0.0035,0.0029,0.0049,-0.0088,0.0,0.0,-0.6836696691039542
121147.601937793,-0.3595,-0.0114,-0.0007,0.0031,-0.0017,0.0004,1.039,-0.2223,-0.4603,0.0,0.0,0.0,0.0,0.0,-0.0169,0.0034,-0.808,0.0354,0.0033,0.0032,0.005,-0.009,0.0,0.0,-0.6882630331754565
121147.607627835,-0.3618,-0.0114,-0.0007,0.0031,-0.0017,0.0004,1.0389,-0.2223,-0.4575,0.0,0.0,0.0,0.0,0.0,-0.017,0.0034,-0.8153,0.0353,0.0035,0.0028,0.0049,-0.0088,0.0,0.0,-0.6928439877823735
121147.636496539,-0.3641,-0.0114,-0.0007,0.0031,-0.0017,0.0004,1.0388,-0.2222,-0.4548,0.0,0.0,0.0,0.0,0.0,-0.017,0.0034,-0.8225,0.0353,0.0033,0.0031,0.005,-0.0089,0.0,0.0,-0.6974124073355175
121147.641928115,-0.3664,-0.0114,-0.0007,0.0031,-0.0017,0.0004,1.0387,-0.2222,-0.4523,0.0,0.0,0.0,0.0,0.0,-0.017,0.0034,-0.8297,0.0354,0.0034,0.003,0.0049,-0.0089,0.0,0.0,-0.7019681665893602
121147.647449808,-0.3686,-0.0114,-0.0007,0.0031,-0.0017,0.0004,1.0386,-0.2222,-0.4498,0.0,0.0,0.0,0.0,0.0,-0.017,0.0034,-0.8372,0.0353,0.0034,0.0029,0.0049,-0.0088,0.0,0.0,-0.7065111406454605
121147.674828951,-0.3709,-0.0114,-0.0007,0.0031,-0.0017,0.0004,1.0385,-0.2222,-0.4475,0.0,0.0,0.0,0.0,0.0,-0.017,0.0034,-0.8443,0.0353,0.0033,0.0032,0.005,-0.0089,0.0,0.0,-0.7110412049558896
121147.679540315,-0.3731,-0.0114,-0.0007,0.0031,-0.0017,0.0004,1.0385,-0.2222,-0.4454,0.0,0.0,0.0,0.0,0.0,-0.017,0.0034,-0.8516,0.0353,0.0033,0.0031,0.005,-0.0089,0.0,0.0,-0.7155582353266463
121147.685012232,-0.3753,-0.0114,-0.0007,0.0031,-0.0017,0.0004,1.0384,-0.2222,-0.4433,0.0,0.0,0.0,0.0,0.0,-0.017,0.0034,-0.8589,0.0354,0.0035,0.0029,0.0049,-0.0088,0.0,0.0,-0.7200621079210626
121147.69026581,-0.3775,-0.0114,-0.0007,0.0031,-0.0017,0.0004,1.0383,-0.2221,-0.4414,0.0,0.0,0.0,0.0,0.0,-0.017,0.0034,-0.8662,0.0353,0.0033,0.0031,0.005,-0.0089,0.0,0.0,-0.7245526992631932
121147.717993544,-0.3797,-0.0114,-0.0007,0.0031,-0.0017,0.0004,1.0382,-0.2221,-0.4396,0.0,0.0,0.0,0.0,0.0,-0.017,0.0034,-0.8733,0.0354,0.0034,0.003,0.0049,-0.0088,0.0,0.0,-0.7290298862412095
121147.72387591,-0.3819,-0.0114,-0.0007,0.0031,-0.0017,0.0004,1.0381,-0.2221,-0.438,0.0,0.0,0.0,0.0,0.0,-0.017,0.0034,-0.8804,0.0354,0.0035,0.0029,0.0049,-0.0088,0.0,0.0,-0.7334935461107688
121147.729443283,-0.3841,-0.0114,-0.0007,0.0031,-0.0017,0.0004,1.038,-0.2221,-0.4365,0.0,0.0,0.0,0.0,0.0,-0.017,0.0034,-0.8875,0.0353,0.0033,0.003,0.0049,-0.0089,0.0,0.0,-0.7379435564983813
121147.759789911,-0.3863,-0.0114,-0.0007,0.0031,-0.0017,0.0004,1.038,-0.2221,-0.4351,0.0,0.0,0.0,0.0,0.0,-0.017,0.0034,-0.8948,0.0354,0.0033,0.0031,0.0049,-0.0089,0.0,0.0,-0.742379795404764
121147.761611496,-0.3884,-0.0114,-0.0007,0.0031,-0.0017,0.0004,1.0379,-0.222,-0.4338,0.0,0.0,0.0,0.0,0.0,-0.0171,0.0034,-0.9018,0.0354,0.0034,0.0029,0.0049,-0.0088,0.0,0.0,-0.7468021412081864
121147.766472052,-0.3906,-0.0114,-0.0007,0.0031,-0.0017,0.0004,1.0378,-0.222,-0.4327,0.0,0.0,0.0,0.0,0.0,-0.0171,0.0034,-0.9089,0.0354,0.0033,0.0031,0.0049,-0.0089,0.0,0.0,-0.7512104726678058
121147.794175135,-0.3928,-0.0114,-0.0007,0.0031,-0.0017,0.0004,1.0377,-0.222,-0.4317,0.0,0.0,0.0,0.0,0.0,-0.0171,0.0034,-0.9161,0.0354,0.0035,0.0028,0.0048,-0.0088,0.0,0.0,-0.7556046689269857
121147.799343255,-0.3949,-0.0114,-0.0007,0.0031,-0.0017,0.0004,1.0376,-0.222,-0.4308,0.0,0.0,0.0,0.0,0.0,-0.0171,0.0034,-0.9231,0.0354,0.0033,0.0031,0.0049,-0.0089,0.0,0.0,-0.7599846095166172
121147.804807698,-0.3971,-0.0114,-0.0007,0.0031,-0.0017,0.0004,1.0375,-0.222,-0.4301,0.0,0.0,0.0,0.0,0.0,-0.0171,0.0034,-0.9301,0.0354,0.0034,0.003,0.0049,-0.0088,0.0,0.0,-0.7643501743584166
121147.810799932,-0.3992,-0.0114,-0.0007,0.0031,-0.0017,0.0004,1.0374,-0.222,-0.4295,0.0,0.0,0.0,0.0,0.0,-0.0171,0.0034,-0.9371,0.0354,0.0035,0.0028,0.0048,-0.0088,0.0,0.0,-0.7687012437682198
121147.839446052,-0.4014,-0.0114,-0.0007,0.0031,-0.0017,0.0004,1.0374,-0.2219,-0.429,0.0,0.0,0.0,0.0,0.0,-0.0171,0.0034,-0.9439,0.0354,0.0033,0.003,0.0049,-0.0089,0.0,0.0,-0.7730376984592583
121147.844949917,-0.4035,-0.0114,-0.0007,0.0031,-0.0017,0.0004,1.0373,-0.2219,-0.4286,0.0,0.0,0.0,0.0,0.0,-0.0171,0.0034,-0.9508,0.0354,0.0034,0.003,0.0049,-0.0089,0.0,0.0,-0.7773594195454374
121147.849953911,-0.4056,-0.0114,-0.0007,0.0031,-0.0017,0.0004,1.0372,-0.2219,-0.4284,0.0,0.0,0.0,0.0,0.0,-0.0171,0.0034,-0.9578,0.0354,0.0033,0.0031,0.0049,-0.0089,0.0,0.0,-0.7816662885445907
121147.873540131,-0.4078,-0.0114,-0.0007,0.0031,-0.0017,0.0004,1.0371,-0.2219,-0.4282,0.0,0.0,0.0,0.0,0.0,-0.0171,0.0034,-0.9645,0.0354,0.0036,0.0027,0.0048,-0.0087,0.0,0.0,-0.785958187381729
121147.881128151,-0.4099,-0.0114,-0.0007,0.0031,-0.0017,0.0004,1.037,-0.2219,-0.4282,0.0,0.0,0.0,0.0,0.0,-0.0171,0.0034,-0.9712,0.0354,0.0031,0.0033,0.005,-0.009,0.0,0.0,-0.7902349983922787
121147.888820088,-0.4121,-0.0114,-0.0007,0.0031,-0.0017,0.0004,1.0369,-0.2219,-0.4283,0.0,0.0,0.0,0.0,0.0,-0.0171,0.0034,-0.978,0.0354,0.0036,0.0027,0.0047,-0.0087,0.0,0.0,-0.7944966043253031
121147.913788198,-0.4142,-0.0114,-0.0007,0.0031,-0.0017,0.0004,1.0368,-0.2218,-0.4286,0.0,0.0,0.0,0.0,0.0,-0.0171,0.0034,-0.9845,0.0354,0.0032,0.0031,0.0049,-0.0089,0.0,0.0,-0.7987428883467241
121147.920261801,-0.4164,-0.0114,-0.0007,0.0031,-0.0017,0.0004,1.0368,-0.2218,-0.4289,0.0,0.0,0.0,0.0,0.0,-0.0172,0.0034,-0.9913,0.0354,0.0034,0.003,0.0048,-0.0089,0.0,0.0,-0.8029737340425201
121147.925464476,-0.4185,-0.0114,-0.0007,0.0031,-0.0017,0.0004,1.0367,-0.2218,-0.4293,0.0,0.0,0.0,0.0,0.0,-0.0172,0.0034,-0.9977,0.0355,0.0037,0.0025,0.0047,-0.0086,0.0,0.0,-0.8071890254219194
121147.930851203,-0.4207,-0.0114,-0.0007,0.0031,-0.0017,0.0004,1.0366,-0.2218,-0.4299,0.0,0.0,0.0,0.0,0.0,-0.0172,0.0034,-1.0043,0.035,0.0031,0.0034,0.005,-0.0091,0.0,0.0,-0.8113886469205793
121147.958602074,-0.4228,-0.0113,-0.0007,0.0031,-0.0017,0.0004,1.0365,-0.2218,-0.4305,0.0,0.0,0.0,0.0,0.0,-0.0172,0.0034,-1.0109,0.0358,0.0036,0.0026,0.0047,-0.0087,0.0,0.0,-0.8155724834037565
121147.9641005,-0.425,-0.0113,-0.0007,0.0031,-0.0017,0.0004,1.0364,-0.2218,-0.4312,0.0,0.0,0.0,0.0,0.0,-0.0172,0.0034,-1.0171,0.0349,0.0032,0.0033,0.0049,-0.009,0.0,0.0,-0.8197404201694575
121147.973863692,-0.4271,-0.0113,-0.0007,0.0031,-0.0017,0.0004,1.0363,-0.2217,-0.4321,0.0,0.0,0.0,0.0,0.0,-0.0172,0.0034,-1.0235,0.036,0.0037,0.0025,0.0046,-0.0086,0.0,0.0,-0.8238923429515919
121148.002352959,-0.4293,-0.0113,-0.0007,0.0031,-0.0017,0.0004,1.0362,-0.2217,-0.433,0.0,0.0,0.0,0.0,0.0,-0.0172,0.0034,-1.0296,0.0354,0.003,0.0034,0.005,-0.0091,0.0,0.0,-0.828028137923099
121148.007868767,-0.4315,-0.0113,-0.0007,0.0031,-0.0017,0.0004,1.0361,-0.2217,-0.434,0.0,0.0,0.0,0.0,0.0,-0.0172,0.0035,-1.036,0.0349,0.0036,0.0027,0.0047,-0.0087,0.0,0.0,-0.8321476916990711
121148.013339671,-0.4337,-0.0113,-0.0007,0.0031,-0.0017,0.0004,1.0361,-0.2217,-0.4352,0.0,0.0,0.0,0.0,0.0,-0.0172,0.0035,-1.0419,0.036,0.0033,0.0029,0.0048,-0.0088,0.0,0.0,-0.83625089133986
121148.039956999,-0.4358,-0.0113,-0.0007,0.0031,-0.0017,0.0004,1.036,-0.2217,-0.4363,0.0,0.0,0.0,0.0,0.0,-0.0172,0.0035,-1.0481,0.035,0.0034,0.003,0.0048,-0.0089,0.0,0.0,-0.8403376243541749
121148.044948455,-0.438,-0.0113,-0.0007,0.0031,-0.0017,0.0004,1.0359,-0.2216,-0.4376,0.0,0.0,0.0,0.0,0.0,-0.0172,0.0035,-1.054,0.0359,0.0034,0.0028,0.0048,-0.0088,0.0,0.0,-0.8444077787021672
121148.050120057,-0.4402,-0.0113,-0.0007,0.0031,-0.0017,0.0004,1.0358,-0.2216,-0.4389,0.0,0.0,0.0,0.0,0.0,-0.0172,0.0035,-1.0601,0.035,0.0031,0.0033,0.0049,-0.009,0.0,0.0,-0.8484612427984967
121148.055487628,-0.4424,-0.0113,-0.0007,0.0031,-0.0017,0.0004,1.0357,-0.2216,-0.4404,0.0,0.0,0.0,0.0,0.0,-0.0172,0.0035,-1.0658,0.0359,0.0034,0.0029,0.0048,-0.0088,0.0,0.0,-0.8524979055153991
121148.083419287,-0.4446,-0.0113,-0.0007,0.0031,-0.0017,0.0004,1.0356,-0.2216,-0.4418,0.0,0.0,0.0,0.0,0.0,-0.0173,0.0035,-1.0718,0.035,0.0035,0.0029,0.0047,-0.0088,0.0,0.0,-0.8565176561857266
121148.089429066,-0.4469,-0.0113,-0.0007,0.0031,-0.0017,0.0004,1.0355,-0.2216,-0.4434,0.0,0.0,0.0,0.0,0.0,-0.0173,0.0035,-1.0774,0.0359,0.0034,0.0028,0.0047,-0.0088,0.0,0.0,-0.8605203846059857
121148.094629696,-0.4491,-0.0113,-0.0007,0.0031,-0.0017,0.0004,1.0354,-0.2216,-0.4449,0.0,0.0,0.0,0.0,0.0,-0.0173,0.0035,-1.0829,0.0348,0.0031,0.0033,0.0049,-0.009,0.0,0.0,-0.8645059810393518
121148.121483159,-0.4513,-0.0113,-0.0007,0.0031,-0.0017,0.0004,1.0354,-0.2215,-0.4466,0.0,0.0,0.0,0.0,0.0,-0.0173,0.0035,-1.0884,0.036,0.0034,0.0028,0.0047,-0.0088,0.0,0.0,-0.8684743362186869
121148.126740962,-0.4536,-0.0113,-0.0007,0.0031,-0.0017,0.0004,1.0353,-0.2215,-0.4483,0.0,0.0,0.0,0.0,0.0,-0.0173,0.0035,-1.0941,0.0348,0.0033,0.0031,0.0048,-0.0089,0.0,0.0,-0.8724253413495292
121148.131943655,-0.4558,-0.0113,-0.0007,0.0031,-0.0017,0.0004,1.0352,-0.2215,-0.45,0.0,0.0,0.0,0.0,0.0,-0.0173,0.0035,-1.0995,0.0357,0.0035,0.0027,0.0046,-0.0087,0.0,0.0,-0.8763588881130784
121148.15923514,-0.4581,-0.0113,-0.0007,0.0031,-0.0017,0.0004,1.0351,-0.2215,-0.4518,0.0,0.0,0.0,0.0,0.0,-0.0173,0.0035,-1.1048,0.0353,0.0032,0.0031,0.0048,-0.0089,0.0,0.0,-0.8802748686691604
121148.163954564,-0.4603,-0.0113,-0.0007,0.0031,-0.0017,0.0004,1.035,-0.2215,-0.4536,0.0,0.0,0.0,0.0,0.0,-0.0173,0.0035,-1.1101,0.0354,0.0033,0.003,0.0048,-0.0089,0.0,0.0,-0.8841731756591913
121148.169595846,-0.4626,-0.0113,-0.0007,0.0031,-0.0017,0.0004,1.0349,-0.2215,-0.4554,0.0,0.0,0.0,0.0,0.0,-0.0173,0.0035,-1.1153,0.0354,0.0034,0.0029,0.0047,-0.0088,0.0,0.0,-0.8880537022091158
121148.175121993,-0.4649,-0.0113,-0.0007,0.0031,-0.0017,0.0004,1.0348,-0.2214,-0.4573,0.0,0.0,0.0,0.0,0.0,-0.0173,0.0035,-1.1201,0.0354,0.0034,0.0029,0.0047,-0.0088,0.0,0.0,-0.8919163419323386
121148.202734586,-0.4672,-0.0113,-0.0007,0.0031,-0.0017,0.0004,1.0347,-0.2214,-0.4592,0.0,0.0,0.0,0.0,0.0,-0.0173,0.0035,-1.1252,0.0354,0.0031,0.0033,0.0048,-0.009,0.0,0.0,-0.8957609889326401
121148.20792629,-0.4695,-0.0113,-0.0007,0.0031,-0.0017,0.0004,1.0346,-0.2214,-0.4611,0.0,0.0,0.0,0.0,0.0,-0.0173,0.0035,-1.1302,0.0354,0.0035,0.0027,0.0046,-0.0087,0.0,0.0,-0.8995875378070808
121148.213362208,-0.4718,-0.0113,-0.0007,0.0031,-0.0017,0.0004,1.0346,-0.2214,-0.463,0.0,0.0,0.0,0.0,0.0,-0.0173,0.0035,-1.1349,0.0354,0.0032,0.0031,0.0048,-0.0089,0.0,0.0,-0.9033958836488917
121148.239471772,-0.4742,-0.0113,-0.0007,0.0031,-0.0017,0.0004,1.0345,-0.2214,-0.4649,0.0,0.0,0.0,0.0,0.0,-0.0174,0.0035,-1.1398,0.0354,0.0035,0.0027,0.0046,-0.0087,0.0,0.0,-0.9071859220503449
121148.245079501,-0.4765,-0.0113,-0.0007,0.0031,-0.0017,0.0004,1.0344,-0.2213,-0.4668,0.0,0.0,0.0,0.0,0.0,-0.0174,0.0035,-1.1444,0.0354,0.003,0.0033,0.0048,-0.009,0.0,0.0,-0.9109575491056249
121148.250820979,-0.4788,-0.0113,-0.0007,0.0031,-0.0017,0.0004,1.0343,-0.2213,-0.4687,0.0,0.0,0.0,0.0,0.0,-0.0174,0.0035,-1.1492,0.0354,0.0035,0.0026,0.0046,-0.0087,0.0,0.0,-0.9147106614136703
121148.275184237,-0.4812,-0.0113,-0.0007,0.0031,-0.0017,0.0004,1.0342,-0.2213,-0.4706,0.0,0.0,0.0,0.0,0.0,-0.0174,0.0035,-1.1537,0.0354,0.0032,0.0031,0.0047,-0.0089,0.0,0.0,-0.9184451560810116
121148.283977462,-0.4836,-0.0113,-0.0007,0.0031,-0.0017,0.0004,1.0341,-0.2213,-0.4725,0.0,0.0,0.0,0.0,0.0,-0.0174,0.0035,-1.1581,0.0354,0.0033,0.0029,0.0047,-0.0088,0.0,0.0,-0.9221609307245909
121148.290321544,-0.4859,-0.0113,-0.0007,0.0031,-0.0017,0.0004,1.034,-0.2213,-0.4743,0.0,0.0,0.0,0.0,0.0,-0.0174,0.0035,-1.1624,0.0353,0.0031,0.0032,0.0047,-0.0089,0.0,0.0,-0.9258578834745694
121148.295433949,-0.4883,-0.0113,-0.0007,0.0031,-0.0017,0.0004,1.0339,-0.2213,-0.4762,0.0,0.0,0.0,0.0,0.0,-0.0174,0.0035,-1.1667,0.0355,0.0036,0.0026,0.0045,-0.0086,0.0,0.0,-0.9295359129771211
121148.321725751,-0.4907,-0.0114,-0.0007,0.0031,-0.0017,0.0004,1.0339,-0.2212,-0.478,0.0,0.0,0.0,0.0,0.0,-0.0174,0.0035,-1.171,0.0354,0.0032,0.003,0.0047,-0.0089,0.0,0.0,-0.9331949183972067
121148.327397851,-0.4931,-0.0114,-0.0007,0.0031,-0.0017,0.0004,1.0338,-0.2212,-0.4798,0.0,0.0,0.0,0.0,0.0,-0.0174,0.0035,-1.1749,0.0354,0.0032,0.0031,0.0047,-0.0089,0.0,0.0,-0.9368347994213457
121148.333454172,-0.4955,-0.0114,-0.0007,0.0031,-0.0017,0.0004,1.0337,-0.2212,-0.4815,0.0,0.0,0.0,0.0,0.0,-0.0174,0.0035,-1.179,0.0354,0.0033,0.0029,0.0046,-0.0088,0.0,0.0,-0.9404554562603611
121148.357540442,-0.4979,-0.0114,-0.0007,0.0031,-0.0017,0.0004,1.0336,-0.2212,-0.4832,0.0,0.0,0.0,0.0,0.0,-0.0174,0.0035,-1.1831,0.0354,0.0032,0.0029,0.0047,-0.0088,0.0,0.0,-0.9440567896521179
121148.365880147,-0.5004,-0.0114,-0.0007,0.0031,-0.0017,0.0004,1.0335,-0.2212,-0.4849,0.0,0.0,0.0,0.0,0.0,-0.0174,0.0035,-1.1868,0.0354,0.0032,0.003,0.0047,-0.0089,0.0,0.0,-0.9476387008642395
121148.373956947,-0.5028,-0.0114,-0.0007,0.0031,-0.0017,0.0004,1.0334,-0.2211,-0.4865,0.0,0.0,0.0,0.0,0.0,-0.0174,0.0035,-1.1905,0.0354,0.0034,0.0028,0.0046,-0.0087,0.0,0.0,-0.9512010916968219
121148.40172006,-0.5052,-0.0114,-0.0007,0.0031,-0.0017,0.0004,1.0333,-0.2211,-0.488,0.0,0.0,0.0,0.0,0.0,-0.0174,0.0035,-1.1945,0.0354,0.003,0.0032,0.0047,-0.0089,0.0,0.0,-0.9547438644851209
121148.407570612,-0.5077,-0.0114,-0.0007,0.0031,-0.0017,0.0004,1.0332,-0.2211,-0.4895,0.0,0.0,0.0,0.0,0.0,-0.0175,0.0035,-1.1981,0.0354,0.0034,0.0027,0.0045,-0.0087,0.0,0.0,-0.958266922102232
121148.412982126,-0.5101,-0.0114,-0.0007,0.0031,-0.0017,0.0004,1.0332,-0.2211,-0.4909,0.0,0.0,0.0,0.0,0.0,-0.0175,0.0035,-1.2016,0.0354,0.0032,0.0029,0.0046,-0.0088,0.0,0.0,-0.9617701679617485
121148.418513201,-0.5126,-0.0114,-0.0007,0.0031,-0.0017,0.0004,1.0331,-0.2211,-0.4923,0.0,0.0,0.0,0.0,0.0,-0.0175,0.0035,-1.2051,0.0354,0.0031,0.003,0.0047,-0.0089,0.0,0.0,-0.965253506020417
121148.44308597,-0.5151,-0.0114,-0.0007,0.0031,-0.0017,0.0004,1.033,-0.2211,-0.4936,0.0,0.0,0.0,0.0,0.0,-0.0175,0.0035,-1.2086,0.0354,0.0032,0.0029,0.0046,-0.0088,0.0,0.0,-0.9687168407807648
121148.452409564,-0.5175,-0.0114,-0.0007,0.0031,-0.0017,0.0004,1.0329,-0.221,-0.4948,0.0,0.0,0.0,0.0,0.0,-0.0175,0.0035,-1.212,0.0354,0.0032,0.0029,0.0046,-0.0088,0.0,0.0,-0.97216007729372
121148.45841866,-0.52,-0.0114,-0.0007,0.0031,-0.0017,0.0004,1.0328,-0.221,-0.4959,0.0,0.0,0.0,0.0,0.0,-0.0175,0.0035,-1.215,0.0354,0.0031,0.0031,0.0046,-0.0089,0.0,0.0,-0.9755831211612143
121148.487546727,-0.5225,-0.0114,-0.0007,0.0031,-0.0017,0.0004,1.0327,-0.221,-0.4969,0.0,0.0,0.0,0.0,0.0,-0.0175,0.0035,-1.2183,0.0354,0.0033,0.0028,0.0045,-0.0087,0.0,0.0,-0.9789858785387708
121148.493023262,-0.525,-0.0114,-0.0007,0.0031,-0.0017,0.0004,1.0326,-0.221,-0.4979,0.0,0.0,0.0,0.0,0.0,-0.0175,0.0035,-1.2216,0.0354,0.003,0.0032,0.0047,-0.009,0.0,0.0,-0.9823682561380785
121148.4987593,-0.5275,-0.0114,-0.0007,0.0031,-0.0017,0.0004,1.0325,-0.221,-0.4988,0.0,0.0,0.0,0.0,0.0,-0.0175,0.0035,-1.2245,0.0354,0.0035,0.0025,0.0044,-0.0086,0.0,0.0,-0.9857301612295444
121148.525263859,-0.53,-0.0114,-0.0007,0.0031,-0.0017,0.0004,1.0325,-0.2209,-0.4995,0.0,0.0,0.0,0.0,0.0,-0.0175,0.0035,-1.2276,0.0354,0.0028,0.0034,0.0047,-0.009,0.0,0.0,-0.9890715016448435
121148.530900291,-0.5325,-0.0114,-0.0007,0.0031,-0.0017,0.0004,1.0324,-0.2209,-0.5002,0.0,0.0,0.0,0.0,0.0,-0.0175,0.0035,-1.2305,0.0354,0.0035,0.0025,0.0044,-0.0086,0.0,0.0,-0.9923921857794401
121148.538513247,-0.535,-0.0114,-0.0007,0.0031,-0.0017,0.0004,1.0323,-0.2209,-0.5008,0.0,0.0,0.0,0.0,0.0,-0.0175,0.0035,-1.2332,0.0354,0.0029,0.0033,0.0047,-0.009,0.0,0.0,-0.9956921225951016
121148.544449328,-0.5375,-0.0114,-0.0007,0.0031,-0.0017,0.0004,1.0322,-0.2209,-0.5012,0.0,0.0,0.0,0.0,0.0,-0.0175,0.0035,-1.2363,0.0354,0.0035,0.0026,0.0044,-0.0087,0.0,0.0,-0.9989712216223932
121148.571588118,-0.54,-0.0114,-0.0007,0.0031,-0.0017,0.0004,1.0321,-0.2209,-0.5016,0.0,0.0,0.0,0.0,0.0,-0.0176,0.0035,-1.2389,0.0354,0.003,0.0031,0.0046,-0.0089,0.0,0.0,-1.0022293929631596
121148.576844973,-0.5425,-0.0114,-0.0007,0.0031,-0.0017,0.0004,1.032,-0.2209,-0.5018,0.0,0.0,0.0,0.0,0.0,-0.0176,0.0035,-1.2416,0.0354,0.0032,0.0029,0.0045,-0.0088,0.0,0.0,-1.0054665472929853
121148.582566604,-0.545,-0.0114,-0.0007,0.0031,-0.0017,0.0004,1.0319,-0.2208,-0.502,0.0,0.0,0.0,0.0,0.0,-0.0176,0.0035,-1.2442,0.0354,0.0031,0.003,0.0045,-0.0088,0.0,0.0,-1.0086825958636505
121148.608281962,-0.5476,-0.0114,-0.0007,0.0031,-0.0017,0.0004,1.0318,-0.2208,-0.502,0.0,0.0,0.0,0.0,0.0,-0.0176,0.0035,-1.2467,0.0354,0.0033,0.0027,0.0045,-0.0087,0.0,0.0,-1.011877450505559
121148.615861685,-0.5501,-0.0114,-0.0007,0.0031,-0.0017,0.0004,1.0318,-0.2208,-0.5019,0.0,0.0,0.0,0.0,0.0,-0.0176,0.0035,-1.2492,0.0353,0.003,0.0031,0.0046,-0.0089,0.0,0.0,-1.0150510236301569
121148.623056036,-0.5526,-0.0114,-0.0007,0.0031,-0.0017,0.0004,1.0317,-0.2208,-0.5016,0.0,0.0,0.0,0.0,0.0,-0.0176,0.0035,-1.2517,0.0354,0.0031,0.003,0.0045,-0.0089,0.0,0.0,-1.018203228232335
121148.650592372,-0.5551,-0.0114,-0.0007,0.0031,-0.0017,0.0004,1.0316,-0.2208,-0.5013,0.0,0.0,0.0,0.0,0.0,-0.0176,0.0036,-1.2541,0.0354,0.0033,0.0027,0.0044,-0.0087,0.0,0.0,-1.0213339778928092
121148.656673974,-0.5576,-0.0114,-0.0007,0.0031,-0.0017,0.0004,1.0315,-0.2208,-0.5008,0.0,0.0,0.0,0.0,0.0,-0.0176,0.0036,-1.2565,0.0354,0.0029,0.0031,0.0046,-0.0089,0.0,0.0,-1.024443186780498
121148.662395305,-0.5601,-0.0114,-0.0007,0.0031,-0.0017,0.0004,1.0314,-0.2207,-0.5002,0.0,0.0,0.0,0.0,0.0,-0.0176,0.0036,-1.2588,0.0354,0.0031,0.0029,0.0045,-0.0088,0.0,0.0,-1.0275307696548683
121148.667490028,-0.5626,-0.0114,-0.0007,0.0031,-0.0017,0.0004,1.0313,-0.2207,-0.4995,0.0,0.0,0.0,0.0,0.0,-0.0176,0.0036,-1.2611,0.0354,0.0032,0.0028,0.0044,-0.0087,0.0,0.0,-1.0305966418682775
121148.691806479,-0.5651,-0.0114,-0.0007,0.0031,-0.0017,0.0004,1.0312,-0.2207,-0.4987,0.0,0.0,0.0,0.0,0.0,-0.0176,0.0036,-1.2633,0.0354,0.0032,0.0028,0.0044,-0.0088,0.0,0.0,-1.0336407193682877
121148.699527997,-0.5676,-0.0114,-0.0006,0.0031,-0.0017,0.0004,1.0311,-0.2207,-0.4977,0.0,0.0,0.0,0.0,0.0,-0.0176,0.0036,-1.2652,0.0354,0.0029,0.0032,0.0046,-0.0089,0.0,0.0,-1.036662918699978
121148.706105633,-0.5701,-0.0114,-0.0006,0.0031,-0.0017,0.0004,1.0311,-0.2207,-0.4965,0.0,0.0,0.0,0.0,0.0,-0.0176,0.0036,-1.2674,0.0354,0.0033,0.0027,0.0044,-0.0087,0.0,0.0,-1.0396631570082269
121148.735237226,-0.5725,-0.0114,-0.0006,0.0031,-0.0017,0.0004,1.031,-0.2206,-0.4953,0.0,0.0,0.0,0.0,0.0,-0.0176,0.0036,-1.2695,0.0354,0.0029,0.0032,0.0045,-0.0089,0.0,0.0,-1.0426413520399853
121148.741157037,-0.575,-0.0114,-0.0006,0.0031,-0.0017,0.0004,1.0309,-0.2206,-0.4939,0.0,0.0,0.0,0.0,0.0,-0.0177,0.0036,-1.2715,0.0353,0.0033,0.0027,0.0043,-0.0087,0.0,0.0,-1.0455974221465323
121148.746585081,-0.5775,-0.0114,-0.0006,0.0031,-0.0017,0.0004,1.0308,-0.2206,-0.4924,0.0,0.0,0.0,0.0,0.0,-0.0177,0.0036,-1.2735,0.0354,0.0029,0.0032,0.0045,-0.0089,0.0,0.0,-1.0485312862857126
121148.773006194,-0.5799,-0.0114,-0.0006,0.0031,-0.0017,0.0004,1.0307,-0.2206,-0.4907,0.0,0.0,0.0,0.0,0.0,-0.0177,0.0036,-1.2755,0.0354,0.0033,0.0027,0.0043,-0.0087,0.0,0.0,-1.05144286402416
121148.778222634,-0.5824,-0.0114,-0.0006,0.0031,-0.0017,0.0004,1.0306,-0.2206,-0.4889,0.0,0.0,0.0,0.0,0.0,-0.0177,0.0036,-1.2774,0.0354,0.0029,0.0031,0.0045,-0.0089,0.0,0.0,-1.0543320755394978
121148.783749793,-0.5848,-0.0114,-0.0006,0.0031,-0.0017,0.0004,1.0305,-0.2206,-0.487,0.0,0.0,0.0,0.0,0.0,-0.0177,0.0036,-1.2793,0.0354,0.0031,0.0029,0.0044,-0.0088,0.0,0.0,-1.0571988416225337
121148.789451627,-0.5872,-0.0114,-0.0006,0.0031,-0.0017,0.0004,1.0304,-0.2205,-0.4849,0.0,0.0,0.0,0.0,0.0,-0.0177,0.0036,-1.2812,0.0354,0.003,0.003,0.0044,-0.0088,0.0,0.0,-1.0600430836794277
121148.814795053,-0.5896,-0.0114,-0.0006,0.0031,-0.0017,0.0004,1.0303,-0.2205,-0.4827,0.0,0.0,0.0,0.0,0.0,-0.0177,0.0036,-1.283,0.0354,0.0033,0.0027,0.0043,-0.0087,0.0,0.0,-1.0628647237338469
121148.822276584,-0.592,-0.0114,-0.0006,0.0031,-0.0017,0.0004,1.0303,-0.2205,-0.4803,0.0,0.0,0.0,0.0,0.0,-0.0177,0.0036,-1.285,0.0353,0.0027,0.0033,0.0046,-0.009,0.0,0.0,-1.0656636844291039
121148.827482714,-0.5944,-0.0114,-0.0006,0.0031,-0.0017,0.0004,1.0302,-0.2205,-0.4778,0.0,0.0,0.0,0.0,0.0,-0.0177,0.0036,-1.2867,0.0355,0.0034,0.0026,0.0042,-0.0086,0.0,0.0,-1.0684398890302782
121148.855689364,-0.5968,-0.0114,-0.0006,0.0031,-0.0017,0.0004,1.0301,-0.2205,-0.4752,0.0,0.0,0.0,0.0,0.0,-0.0177,0.0036,-1.2884,0.0354,0.0028,0.0031,0.0045,-0.0089,0.0,0.0,-1.0711932614263164
121148.860547186,-0.5992,-0.0114,-0.0006,0.0031,-0.0017,0.0004,1.03,-0.2204,-0.4725,0.0,0.0,0.0,0.0,0.0,-0.0177,0.0036,-1.2903,0.0353,0.0032,0.0027,0.0043,-0.0087,0.0,0.0,-1.0739237261321244
121148.865819029,-0.6015,-0.0114,-0.0006,0.0031,-0.0017,0.0004,1.0299,-0.2204,-0.4696,0.0,0.0,0.0,0.0,0.0,-0.0177,0.0036,-1.2919,0.0354,0.0029,0.0031,0.0044,-0.0089,0.0,0.0,-1.0766312082906333
121148.89190127,-0.6039,-0.0114,-0.0006,0.0031,-0.0017,0.0004,1.0298,-0.2204,-0.4665,0.0,0.0,0.0,0.0,0.0,-0.0177,0.0036,-1.2937,0.0353,0.0031,0.0028,0.0043,-0.0087,0.0,0.0,-1.0793156336748524
121148.897355634,-0.6062,-0.0114,-0.0006,0.0031,-0.0017,0.0004,1.0297,-0.2204,-0.4634,0.0,0.0,0.0,0.0,0.0,-0.0177,0.0036,-1.2954,0.0353,0.0029,0.0031,0.0044,-0.0089,0.0,0.0,-1.0819769286899024
121148.90252967,-0.6085,-0.0114,-0.0006,0.0031,-0.0017,0.0004,1.0296,-0.2204,-0.4601,0.0,0.0,0.0,0.0,0.0,-0.0177,0.0036,-1.2972,0.0354,0.0031,0.0028,0.0043,-0.0087,0.0,0.0,-1.0846150203750369
121148.907988025,-0.6108,-0.0114,-0.0006,0.0031,-0.0017,0.0004,1.0296,-0.2204,-0.4567,0.0,0.0,0.0,0.0,0.0,-0.0178,0.0036,-1.2988,0.0353,0.0028,0.0032,0.0044,-0.0089,0.0,0.0,-1.0872298364056396
121148.935180375,-0.613,-0.0114,-0.0006,0.0031,-0.0017,0.0004,1.0295,-0.2203,-0.4531,0.0,0.0,0.0,0.0,0.0,-0.0178,0.0036,-1.3005,0.0353,0.0033,0.0026,0.0042,-0.0087,0.0,0.0,-1.0898213050952084
121148.941308469,-0.6153,-0.0114,-0.0006,0.0031,-0.0017,0.0004,1.0294,-0.2203,-0.4495,0.0,0.0,0.0,0.0,0.0,-0.0178,0.0036,-1.3021,0.0353,0.0027,0.0032,0.0044,-0.0089,0.0,0.0,-1.0923893553973205
121148.946391535,-0.6175,-0.0114,-0.0006,0.0031,-0.0017,0.0004,1.0293,-0.2203,-0.4457,0.0,0.0,0.0,0.0,0.0,-0.0178,0.0036,-1.3036,0.0353,0.0032,0.0027,0.0042,-0.0087,0.0,0.0,-1.0949339169075785
121148.974614666,-0.6197,-0.0114,-0.0006,0.0031,-0.0017,0.0004,1.0292,-0.2203,-0.4417,0.0,0.0,0.0,0.0,0.0,-0.0178,0.0036,-1.3054,0.0353,0.0028,0.0031,0.0044,-0.0089,0.0,0.0,-1.0974549198655432
121148.97973132,-0.6219,-0.0114,-0.0006,0.0031,-0.0017,0.0004,1.0291,-0.2203,-0.4377,0.0,0.0,0.0,0.0,0.0,-0.0178,0.0036,-1.3068,0.0353,0.0032,0.0027,0.0042,-0.0087,0.0,0.0,-1.0999522951566463
121148.984904749,-0.6241,-0.0114,-0.0006,0.0031,-0.0017,0.0004,1.029,-0.2202,-0.4335,0.0,0.0,0.0,0.0,0.0,-0.0178,0.0036,-1.3085,0.0353,0.0027,0.0032,0.0044,-0.0089,0.0,0.0,-1.1024259743140816
121149.010799822,-0.6262,-0.0114,-0.0006,0.0031,-0.0017,0.0004,1.0289,-0.2202,-0.4292,0.0,0.0,0.0,0.0,0.0,-0.0178,0.0036,-1.3101,0.0353,0.0032,0.0026,0.0042,-0.0087,0.0,0.0,-1.1048758895206858
121149.019419694,-0.6283,-0.0114,-0.0006,0.0031,-0.0017,0.0004,1.0289,-0.2202,-0.4248,0.0,0.0,0.0,0.0,0.0,-0.0178,0.0036,-1.3117,0.0353,0.0027,0.0032,0.0044,-0.009,0.0,0.0,-1.1073019736107972
121149.02561063,-0.6304,-0.0114,-0.0006,0.0031,-0.0017,0.0004,1.0288,-0.2202,-0.4203,0.0,0.0,0.0,0.0,0.0,-0.0178,0.0036,-1.3135,0.0353,0.0032,0.0026,0.0041,-0.0087,0.0,0.0,-1.1097041600720925
121149.030893884,-0.6325,-0.0114,-0.0006,0.0031,-0.0017,0.0004,1.0287,-0.2202,-0.4157,0.0,0.0,0.0,0.0,0.0,-0.0178,0.0036,-1.315,0.0353,0.0026,0.0033,0.0044,-0.009,0.0,0.0,-1.1120823830474178
121149.058034398,-0.6346,-0.0114,-0.0006,0.0031,-0.0017,0.0004,1.0286,-0.2201,-0.4109,0.0,0.0,0.0,0.0,0.0,-0.0178,0.0036,-1.3167,0.0353,0.0033,0.0025,0.0041,-0.0086,0.0,0.0,-1.1144365773365883
121149.063299017,-0.6366,-0.0114,-0.0006,0.0031,-0.0017,0.0004,1.0285,-0.2201,-0.4061,0.0,0.0,0.0,0.0,0.0,-0.0178,0.0036,-1.3184,0.0353,0.0027,0.0032,0.0044,-0.0089,0.0,0.0,-1.1167666783981791
121149.069482869,-0.6386,-0.0114,-0.0006,0.0031,-0.0017,0.0004,1.0284,-0.2201,-0.4011,0.0,0.0,0.0,0.0,0.0,-0.0178,0.0036,-1.32,0.0353,0.0029,0.003,0.0042,-0.0088,0.0,0.0,-1.119072622351292
121149.097161416,-0.6406,-0.0114,-0.0006,0.0031,-0.0017,0.0004,1.0283,-0.2201,-0.3961,0.0,0.0,0.0,0.0,0.0,-0.0178,0.0036,-1.3216,0.0354,0.0031,0.0027,0.0042,-0.0087,0.0,0.0,-1.1213543459773088
121149.104314495,-0.6426,-0.0114,-0.0006,0.0031,-0.0017,0.0004,1.0282,-0.2201,-0.391,0.0,0.0,0.0,0.0,0.0,-0.0179,0.0036,-1.3234,0.0353,0.0029,0.0029,0.0042,-0.0088,0.0,0.0,-1.1236117867216249
121149.109858666,-0.6445,-0.0114,-0.0006,0.0031,-0.0017,0.0004,1.0281,-0.2201,-0.3857,0.0,0.0,0.0,0.0,0.0,-0.0179,0.0036,-1.3251,0.0353,0.0028,0.003,0.0042,-0.0088,0.0,0.0,-1.1258448826953598
121149.137174956,-0.6464,-0.0114,-0.0006,0.0031,-0.0017,0.0004,1.0281,-0.22,-0.3804,0.0,0.0,0.0,0.0,0.0,-0.0179,0.0036,-1.3268,0.0353,0.003,0.0028,0.0042,-0.0088,0.0,0.0,-1.1280535726770604
121149.143002014,-0.6483,-0.0114,-0.0006,0.0031,-0.0017,0.0004,1.028,-0.22,-0.375,0.0,0.0,0.0,0.0,0.0,-0.0179,0.0036,-1.3284,0.0353,0.0029,0.0029,0.0042,-0.0088,0.0,0.0,-1.130237796114375
121149.147983467,-0.6501,-0.0114,-0.0006,0.0031,-0.0017,0.0004,1.0279,-0.22,-0.3695,0.0,0.0,0.0,0.0,0.0,-0.0179,0.0036,-1.33,0.0353,0.0031,0.0027,0.0041,-0.0087,0.0,0.0,-1.1323974931257155
121149.153613306,-0.6519,-0.0114,-0.0006,0.0031,-0.0017,0.0004,1.0278,-0.22,-0.3639,0.0,0.0,0.0,0.0,0.0,-0.0179,0.0036,-1.3318,0.0353,0.0026,0.0033,0.0043,-0.009,0.0,0.0,-1.1345326045018962
121149.178091739,-0.6537,-0.0114,-0.0006,0.0031,-0.0017,0.0004,1.0277,-0.22,-0.3583,0.0,0.0,0.0,0.0,0.0,-0.0179,0.0036,-1.3336,0.0353,0.0033,0.0025,0.004,-0.0086,0.0,0.0,-1.1366430717077605
121149.186971255,-0.6555,-0.0114,-0.0006,0.0031,-0.0017,0.0004,1.0276,-0.2199,-0.3526,0.0,0.0,0.0,0.0,0.0,-0.0179,0.0036,-1.3353,0.0353,0.0028,0.003,0.0042,-0.0089,0.0,0.0,-1.138728836883784
121149.19230895,-0.6572,-0.0114,-0.0006,0.0031,-0.0017,0.0004,1.0275,-0.2199,-0.3468,0.0,0.0,0.0,0.0,0.0,-0.0179,0.0036,-1.3369,0.0353,0.0027,0.0032,0.0043,-0.0089,0.0,0.0,-1.1407898428476608
121149.219717081,-0.6589,-0.0114,-0.0006,0.0031,-0.0017,0.0004,1.0274,-0.2199,-0.3409,0.0,0.0,0.0,0.0,0.0,-0.0179,0.0036,-1.3388,0.0353,0.003,0.0028,0.0041,-0.0088,0.0,0.0,-1.1428260330958717
121149.225267314,-0.6606,-0.0114,-0.0006,0.0031,-0.0017,0.0004,1.0273,-0.2199,-0.335,0.0,0.0,0.0,0.0,0.0,-0.0179,0.0036,-1.3406,0.0353,0.003,0.0028,0.0041,-0.0087,0.0,0.0,-1.1448373518052317
121149.230399817,-0.6623,-0.0114,-0.0006,0.0031,-0.0017,0.0004,1.0272,-0.2199,-0.329,0.0,0.0,0.0,0.0,0.0,-0.0179,0.0036,-1.3424,0.0353,0.0028,0.003,0.0042,-0.0089,0.0,0.0,-1.1468237438344229
121149.257337112,-0.6639,-0.0114,-0.0006,0.0031,-0.0017,0.0004,1.0272,-0.2199,-0.323,0.0,0.0,0.0,0.0,0.0,-0.0179,0.0037,-1.3444,0.0353,0.0031,0.0027,0.004,-0.0087,0.0,0.0,-1.1487851547255037
121149.262051647,-0.6655,-0.0114,-0.0006,0.0031,-0.0017,0.0004,1.0271,-0.2198,-0.317,0.0,0.0,0.0,0.0,0.0,-0.0179,0.0037,-1.3463,0.0353,0.0026,0.0032,0.0042,-0.0089,0.0,0.0,-1.1507215307054048
121149.267677875,-0.667,-0.0114,-0.0006,0.0031,-0.0017,0.0004,1.027,-0.2198,-0.3108,0.0,0.0,0.0,0.0,0.0,-0.0179,0.0037,-1.3481,0.0353,0.0031,0.0026,0.004,-0.0087,0.0,0.0,-1.1526328186873998
121149.272990569,-0.6685,-0.0114,-0.0006,0.0031,-0.0017,0.0004,1.0269,-0.2198,-0.3047,0.0,0.0,0.0,0.0,0.0,-0.0179,0.0037,-1.3499,0.0353,0.0027,0.003,0.0042,-0.0089,0.0,0.0,-1.154518966272564
121149.29880004,-0.67,-0.0114,-0.0006,0.0031,-0.0017,0.0004,1.0268,-0.2198,-0.2985,0.0,0.0,0.0,0.0,0.0,-0.018,0.0037,-1.352,0.0353,0.0029,0.0028,0.0041,-0.0088,0.0,0.0,-1.1563799217512072
121149.304962123,-0.6715,-0.0114,-0.0006,0.0031,-0.0017,0.0004,1.0267,-0.2198,-0.2922,0.0,0.0,0.0,0.0,0.0,-0.018,0.0037,-1.3539,0.0353,0.0028,0.003,0.0042,-0.0089,0.0,0.0,-1.158215634104296
121149.310220786,-0.6729,-0.0114,-0.0006,0.0031,-0.0017,0.0004,1.0266,-0.2197,-0.286,0.0,0.0,0.0,0.0,0.0,-0.018,0.0037,-1.3558,0.0353,0.0029,0.0028,0.0041,-0.0088,0.0,0.0,-1.1600260530048483
121149.338152498,-0.6743,-0.0114,-0.0006,0.0031,-0.0017,0.0004,1.0265,-0.2197,-0.2797,0.0,0.0,0.0,0.0,0.0,-0.018,0.0037,-1.3576,0.0353,0.0029,0.0029,0.0041,-0.0088,0.0,0.0,-1.1618111288193158
121149.343058225,-0.6757,-0.0114,-0.0006,0.0031,-0.0017,0.0004,1.0264,-0.2197,-0.2734,0.0,0.0,0.0,0.0,0.0,-0.018,0.0037,-1.3597,0.0353,0.0031,0.0026,0.004,-0.0086,0.0,0.0,-1.1635708126089432
121149.348164494,-0.677,-0.0114,-0.0006,0.0031,-0.0017,0.0004,1.0263,-0.2197,-0.267,0.0,0.0,0.0,0.0,0.0,-0.018,0.0037,-1.3616,0.0353,0.0026,0.0032,0.0042,-0.0089,0.0,0.0,-1.165305056131111
121149.374333828,-0.6783,-0.0114,-0.0006,0.0031,-0.0017,0.0004,1.0262,-0.2197,-0.2607,0.0,0.0,0.0,0.0,0.0,-0.018,0.0037,-1.3639,0.0352,0.0028,0.003,0.0041,-0.0088,0.0,0.0,-1.1670138118406568
121149.379263068,-0.6796,-0.0114,-0.0006,0.0031,-0.0017,0.0004,1.0261,-0.2196,-0.2543,0.0,0.0,0.0,0.0,0.0,-0.018,0.0037,-1.366,0.0353,0.003,0.0027,0.004,-0.0087,0.0,0.0,-1.1686970328911785
121149.384762791,-0.6808,-0.0114,-0.0006,0.0031,-0.0017,0.0004,1.0261,-0.2196,-0.248,0.0,0.0,0.0,0.0,0.0,-0.018,0.0037,-1.368,0.0353,0.0026,0.0032,0.0042,-0.009,0.0,0.0,-1.170354673136322
121149.390618962,-0.6821,-0.0114,-0.0006,0.0031,-0.0017,0.0004,1.026,-0.2196,-0.2416,0.0,0.0,0.0,0.0,0.0,-0.018,0.0037,-1.37,0.0353,0.0031,0.0026,0.0039,-0.0087,0.0,0.0,-1.1719866871310423
121149.417286374,-0.6832,-0.0114,-0.0006,0.0031,-0.0017,0.0004,1.0259,-0.2196,-0.2353,0.0,0.0,0.0,0.0,0.0,-0.018,0.0037,-1.3722,0.0352,0.0026,0.0032,0.0042,-0.0089,0.0,0.0,-1.1735930301328517
121149.424061098,-0.6844,-0.0114,-0.0006,0.0031,-0.0017,0.0004,1.0258,-0.2196,-0.2289,0.0,0.0,0.0,0.0,0.0,-0.018,0.0037,-1.3744,0.0353,0.0031,0.0026,0.0039,-0.0087,0.0,0.0,-1.1751736581030443
121149.429419832,-0.6855,-0.0114,-0.0006,0.0031,-0.0017,0.0004,1.0257,-0.2196,-0.2226,0.0,0.0,0.0,0.0,0.0,-0.018,0.0037,-1.3764,0.0353,0.0026,0.0031,0.0041,-0.0089,0.0,0.0,-1.1767285277079067
121149.458177199,-0.6866,-0.0114,-0.0006,0.0031,-0.0017,0.0004,1.0256,-0.2195,-0.2162,0.0,0.0,0.0,0.0,0.0,-0.018,0.0037,-1.3787,0.0352,0.003,0.0027,0.004,-0.0087,0.0,0.0,-1.1782575963199027
121149.461096709,-0.6876,-0.0114,-0.0006,0.0031,-0.0017,0.0004,1.0255,-0.2195,-0.2099,0.0,0.0,0.0,0.0,0.0,-0.018,0.0037,-1.3809,0.0353,0.0028,0.003,0.0041,-0.0088,0.0,0.0,-1.1797608220188451
121149.465979417,-0.6886,-0.0114,-0.0006,0.0031,-0.0017,0.0004,1.0254,-0.2195,-0.2036,0.0,0.0,0.0,0.0,0.0,-0.0181,0.0037,-1.3831,0.0353,0.003,0.0027,0.004,-0.0087,0.0,0.0,-1.1812381635930407
121149.49313089,-0.6896,-0.0114,-0.0006,0.0031,-0.0017,0.0004,1.0253,-0.2195,-0.1974,0.0,0.0,0.0,0.0,0.0,-0.0181,0.0037,-1.3854,0.0352,0.0024,0.0033,0.0042,-0.009,0.0,0.0,-1.182689580540424
121149.498720265,-0.6906,-0.0114,-0.0006,0.0031,-0.0017,0.0004,1.0252,-0.2195,-0.1911,0.0,0.0,0.0,0.0,0.0,-0.0181,0.0037,-1.3874,0.0353,0.0032,0.0025,0.0038,-0.0086,0.0,0.0,-1.1841150330696673
121149.504303469,-0.6915,-0.0114,-0.0006,0.0031,-0.0017,0.0004,1.0251,-0.2194,-0.1849,0.0,0.0,0.0,0.0,0.0,-0.0181,0.0037,-1.3899,0.0353,0.0029,0.0027,0.004,-0.0087,0.0,0.0,-1.1855144821012682
121149.509696988,-0.6924,-0.0114,-0.0006,0.0031,-0.0017,0.0004,1.025,-0.2194,-0.1787,0.0,0.0,0.0,0.0,0.0,-0.0181,0.0037,-1.392,0.0352,0.0026,0.0032,0.0041,-0.0089,0.0,0.0,-1.1868878892686254
121149.537716094,-0.6933,-0.0114,-0.0006,0.0031,-0.0017,0.0004,1.025,-0.2194,-0.1726,0.0,0.0,0.0,0.0,0.0,-0.0181,0.0037,-1.3943,0.0352,0.003,0.0027,0.0039,-0.0087,0.0,0.0,-1.1882352169190873
121149.542691861,-0.6941,-0.0114,-0.0006,0.0031,-0.0017,0.0004,1.0249,-0.2194,-0.1665,0.0,0.0,0.0,0.0,0.0,-0.0181,0.0037,-1.3965,0.0352,0.0026,0.0031,0.0041,-0.0089,0.0,0.0,-1.1895564281149864
121149.547764232,-0.6949,-0.0114,-0.0006,0.0031,-0.0017,0.0004,1.0248,-0.2194,-0.1604,0.0,0.0,0.0,0.0,0.0,-0.0181,0.0037,-1.399,0.0352,0.003,0.0026,0.0039,-0.0087,0.0,0.0,-1.1908514866346493
121149.575511565,-0.6957,-0.0114,-0.0006,0.0031,-0.0017,0.0004,1.0247,-0.2193,-0.1545,0.0,0.0,0.0,0.0,0.0,-0.0181,0.0037,-1.4014,0.0352,0.0026,0.0031,0.0041,-0.0089,0.0,0.0,-1.1921203569733931
121149.580840635,-0.6964,-0.0114,-0.0006,0.0031,-0.0017,0.0004,1.0246,-0.2193,-0.1485,0.0,0.0,0.0,0.0,0.0,-0.0181,0.0037,-1.4037,0.0352,0.0029,0.0027,0.004,-0.0087,0.0,0.0,-1.1933630043444963
121149.586403139,-0.6971,-0.0114,-0.0006,0.0031,-0.0017,0.0004,1.0245,-0.2193,-0.1426,0.0,0.0,0.0,0.0,0.0,-0.0181,0.0037,-1.4059,0.0352,0.0028,0.0029,0.004,-0.0088,0.0,0.0,-1.1945793946801535
121149.612600996,-0.6978,-0.0114,-0.0006,0.0031,-0.0017,0.0004,1.0244,-0.2193,-0.1368,0.0,0.0,0.0,0.0,0.0,-0.0181,0.0037,-1.4083,0.0352,0.0029,0.0028,0.004,-0.0087,0.0,0.0,-1.1957694946324096
121149.619382352,-0.6985,-0.0114,-0.0006,0.0031,-0.0017,0.0004,1.0243,-0.2193,-0.131,0.0,0.0,0.0,0.0,0.0,-0.0181,0.0037,-1.4106,0.0353,0.0024,0.0033,0.0042,-0.009,0.0,0.0,-1.1969332715740726
121149.626062239,-0.6991,-0.0114,-0.0006,0.0031,-0.0017,0.0004,1.0242,-0.2193,-0.1253,0.0,0.0,0.0,0.0,0.0,-0.0181,0.0037,-1.4129,0.0352,0.003,0.0026,0.0039,-0.0087,0.0,0.0,-1.1980706935996108
121149.631512053,-0.6997,-0.0114,-0.0006,0.0031,-0.0017,0.0004,1.0241,-0.2192,-0.1196,0.0,0.0,0.0,0.0,0.0,-0.0181,0.0037,-1.4153,0.0352,0.0026,0.0031,0.0041,-0.0089,0.0,0.0,-1.1991817295260234
121149.66286739,-0.7003,-0.0114,-0.0006,0.0031,-0.0017,0.0004,1.024,-0.2192,-0.1141,0.0,0.0,0.0,0.0,0.0,-0.0181,0.0037,-1.4177,0.0352,0.0029,0.0028,0.004,-0.0088,0.0,0.0,-1.2002663488937002
121149.66733763,-0.7008,-0.0114,-0.0006,0.0031,-0.0017,0.0004,1.0239,-0.2192,-0.1086,0.0,0.0,0.0,0.0,0.0,-0.0181,0.0037,-1.42,0.0352,0.0028,0.0029,0.004,-0.0088,0.0,0.0,-1.201324521967253
121149.67282821,-0.7013,-0.0114,-0.0006,0.0031,-0.0017,0.0004,1.0239,-0.2192,-0.1031,0.0,0.0,0.0,0.0,0.0,-0.0182,0.0037,-1.4225,0.0352,0.003,0.0027,0.0039,-0.0087,0.0,0.0,-1.202356219736333
121149.703911471,-0.7018,-0.0114,-0.0006,0.0031,-0.0017,0.0004,1.0238,-0.2192,-0.0978,0.0,0.0,0.0,0.0,0.0,-0.0182,0.0037,-1.4249,0.0352,0.0025,0.0033,0.0041,-0.009,0.0,0.0,-1.203361413916424
121149.707278425,-0.7023,-0.0114,-0.0006,0.0031,-0.0017,0.0004,1.0237,-0.2191,-0.0925,0.0,0.0,0.0,0.0,0.0,-0.0182,0.0037,-1.4272,0.0352,0.0029,0.0028,0.004,-0.0088,0.0,0.0,-1.2043400769496198
121149.712540118,-0.7027,-0.0114,-0.0006,0.0031,-0.0017,0.0004,1.0236,-0.2191,-0.0873,0.0,0.0,0.0,0.0,0.0,-0.0182,0.0037,-1.4294,0.0352,0.0028,0.0029,0.004,-0.0088,0.0,0.0,-1.2052921820053792
121149.739108265,-0.7031,-0.0114,-0.0006,0.0031,-0.0017,0.0004,1.0235,-0.2191,-0.0822,0.0,0.0,0.0,0.0,0.0,-0.0182,0.0037,-1.4319,0.0352,0.0029,0.0028,0.004,-0.0088,0.0,0.0,-1.2062177029812613
121149.744410415,-0.7035,-0.0114,-0.0006,0.0031,-0.0017,0.0004,1.0234,-0.2191,-0.0772,0.0,0.0,0.0,0.0,0.0,-0.0182,0.0037,-1.4342,0.0352,0.0028,0.0029,0.004,-0.0088,0.0,0.0,-1.207116614503641
121149.749471937,-0.7039,-0.0114,-0.0006,0.0031,-0.0017,0.0004,1.0233,-0.2191,-0.0722,0.0,0.0,0.0,0.0,0.0,-0.0182,0.0037,-1.4365,0.0352,0.0028,0.0029,0.004,-0.0088,0.0,0.0,-1.2079888919284043
121149.754711509,-0.7042,-0.0114,-0.0006,0.0031,-0.0017,0.0004,1.0232,-0.219,-0.0674,0.0,0.0,0.0,0.0,0.0,-0.0182,0.0037,-1.4389,0.0352,0.0028,0.0029,0.004,-0.0088,0.0,0.0,-1.2088345113416255
121149.778227389,-0.7045,-0.0114,-0.0006,0.0031,-0.0017,0.0004,1.0231,-0.219,-0.0626,0.0,0.0,0.0,0.0,0.0,-0.0182,0.0037,-1.4413,0.0352,0.0028,0.0028,0.004,-0.0088,0.0,0.0,-1.2096534495602214
121149.786729551,-0.7048,-0.0114,-0.0006,0.0031,-0.0017,0.0004,1.023,-0.219,-0.058,0.0,0.0,0.0,0.0,0.0,-0.0182,0.0037,-1.4436,0.0352,0.0028,0.0029,0.004,-0.0088,0.0,0.0,-1.2104456841325864
121149.792099286,-0.7051,-0.0114,-0.0006,0.0031,-0.0017,0.0004,1.0229,-0.219,-0.0534,0.0,0.0,0.0,0.0,0.0,-0.0182,0.0037,-1.4458,0.0352,0.0028,0.0029,0.004,-0.0088,0.0,0.0,-1.21121119333921
121149.819548425,-0.7053,-0.0114,-0.0006,0.0031,-0.0017,0.0004,1.0229,-0.219,-0.0489,0.0,0.0,0.0,0.0,0.0,-0.0182,0.0037,-1.4481,0.0352,0.0029,0.0028,0.0039,-0.0088,0.0,0.0,-1.2119499561932705
121149.825355396,-0.7056,-0.0114,-0.0006,0.0031,-0.0017,0.0004,1.0228,-0.2189,-0.0445,0.0,0.0,0.0,0.0,0.0,-0.0182,0.0037,-1.4504,0.0352,0.0027,0.0031,0.004,-0.0089,0.0,0.0,-1.2126619524412112
121149.83069218,-0.7058,-0.0115,-0.0006,0.0031,-0.0017,0.0004,1.0227,-0.2189,-0.0402,0.0,0.0,0.0,0.0,0.0,-0.0182,0.0037,-1.4526,0.0352,0.0029,0.0028,0.0039,-0.0087,0.0,0.0,-1.213347162563295
121149.857581504,-0.7059,-0.0115,-0.0006,0.0031,-0.0017,0.0004,1.0226,-0.2189,-0.036,0.0,0.0,0.0,0.0,0.0,-0.0182,0.0037,-1.4547,0.0352,0.0028,0.0029,0.004,-0.0088,0.0,0.0,-1.2140055677741404
121149.863353709,-0.7061,-0.0115,-0.0006,0.003,-0.0017,0.0004,1.0225,-0.2189,-0.0319,0.0,0.0,0.0,0.0,0.0,-0.0182,0.0038,-1.457,0.0352,0.0029,0.0028,0.0039,-0.0088,0.0,0.0,-1.2146371500232358
121149.869382443,-0.7062,-0.0115,-0.0006,0.003,-0.0017,0.0004,1.0224,-0.2189,-0.0279,0.0,0.0,0.0,0.0,0.0,-0.0182,0.0038,-1.4593,0.0352,0.0028,0.0029,0.004,-0.0088,0.0,0.0,-1.215241891995435
121149.87491444,-0.7064,-0.0115,-0.0006,0.003,-0.0017,0.0004,1.0223,-0.2189,-0.024,0.0,0.0,0.0,0.0,0.0,-0.0183,0.0038,-1.4614,0.0352,0.0027,0.003,0.004,-0.0088,0.0,0.0,-1.2158197771114314
121149.902580433,-0.7065,-0.0115,-0.0006,0.003,-0.0017,0.0004,1.0222,-0.2188,-0.0202,0.0,0.0,0.0,0.0,0.0,-0.0183,0.0038,-1.4634,0.0353,0.0029,0.0028,0.0039,-0.0088,0.0,0.0,-1.2163707895282128
121149.908889559,-0.7065,-0.0115,-0.0006,0.003,-0.0017,0.0004,1.0221,-0.2188,-0.0165,0.0,0.0,0.0,0.0,0.0,-0.0183,0.0038,-1.4656,0.0351,0.0029,0.0027,0.0039,-0.0087,0.0,0.0,-1.216894914139495
121149.913863778,-0.7066,-0.0115,-0.0006,0.003,-0.0017,0.0004,1.022,-0.2188,-1e-04,0.0086,0.0003,0.0008,0.0,1e-04,-0.0183,0.0037,-1.4091,0.0356,0.001,0.0029,0.0047,-0.0091,0.0,0.0,-1.2173921365761369
121149.939808853,-0.7066,-0.0115,-0.0006,0.003,-0.0017,0.0004,1.0219,-0.2188,0.0,0.0041,0.0002,0.0004,0.0,0.0,-0.0183,0.0037,-1.438,0.0361,0.0048,0.0022,0.0031,-0.0083,0.0,0.0,-1.2178624432065348
121149.945000277,-0.7066,-0.0115,-0.0006,0.003,-0.0017,0.0004,1.0218,-0.2188,0.0,0.0,0.0,0.0,0.0,0.0,-0.0183,0.0038,-1.4351,0.0428,0.0028,0.0038,0.0041,-0.0091,0.0,0.0,-1.2183058211369948
121149.950022234,-0.7066,-0.0115,-0.0006,0.003,-0.0017,0.0004,1.0218,-0.2187,0.0,1e-04,0.0,0.0,0.0,0.0,-0.0183,0.0038,-1.5378,0.0375,0.002,0.0033,0.0044,-0.009,0.0,0.0,-1.2187222582120865
121149.977243869,-0.7066,-0.0115,-0.0006,0.003,-0.0017,0.0004,1.0217,-0.2187,0.0,1e-04,0.0,0.0,0.0,0.0,-0.0183,0.0038,-1.538,0.0355,0.003,0.0028,0.0039,-0.0088,0.0,0.0,-1.2191117430149774
121149.981952838,-0.7066,-0.0115,-0.0006,0.003,-0.0017,0.0004,1.0216,-0.2187,0.0,1e-04,0.0,0.0,0.0,0.0,-0.0183,0.0038,-1.5388,0.035,0.0028,0.0029,0.004,-0.0088,0.0,0.0,-1.219474264867745
121149.987078709,-0.7066,-0.0115,-0.0006,0.003,-0.0017,0.0004,1.0215,-0.2187,0.0,1e-04,0.0,0.0,0.0,0.0,-0.0183,0.0038,-1.5388,0.0349,0.0028,0.0029,0.004,-0.0088,0.0,0.0,-1.2198098138316693
121149.992558595,-0.7066,-0.0115,-0.0006,0.003,-0.0017,0.0004,1.0214,-0.2187,0.0,1e-04,0.0,0.0,0.0,0.0,-0.0183,0.0038,-1.538,0.0353,0.003,0.0028,0.0039,-0.0087,0.0,0.0,-1.2201183807075062
121150.020616035,-0.7066,-0.0115,-0.0006,0.003,-0.0017,0.0004,1.0213,-0.2186,0.0,1e-04,0.0,0.0,0.0,0.0,-0.0183,0.0038,-1.5404,0.0339,0.0027,0.0028,0.004,-0.0088,0.0,0.0,-1.220399957035739
121150.025895884,-0.7066,-0.0115,-0.0006,0.003,-0.0017,0.0004,1.0212,-0.2186,0.0,1e-04,0.0,0.0,0.0,0.0,-0.0183,0.0038,-1.5384,0.035,0.0028,0.003,0.004,-0.0089,0.0,0.0,-1.22065453509681
121150.031262172,-0.7066,-0.0115,-0.0006,0.003,-0.0017,0.0004,1.0211,-0.2186,0.0,1e-04,0.0,0.0,0.0,0.0,-0.0183,0.0038,-1.5385,0.0351,0.0029,0.0028,0.0039,-0.0087,0.0,0.0,-1.2208821079113332
121150.058886487,-0.7066,-0.0115,-0.0006,0.003,-0.0017,0.0004,1.021,-0.2186,0.0,1e-04,0.0,0.0,0.0,0.0,-0.0183,0.0038,-1.5387,0.035,0.0028,0.0029,0.004,-0.0088,0.0,0.0,-1.2210826692402854
121150.063875854,-0.7066,-0.0115,-0.0006,0.003,-0.0017,0.0004,1.0209,-0.2186,0.0,1e-04,0.0,0.0,0.0,0.0,-0.0183,0.0038,-1.5389,0.0349,0.0029,0.0028,0.004,-0.0088,0.0,0.0,-1.2212562135851759
121150.069322272,-0.7066,-0.0115,-0.0006,0.003,-0.0017,0.0004,1.0208,-0.2185,0.0,1e-04,0.0,0.0,0.0,0.0,-0.0183,0.0038,-1.5381,0.0353,0.0029,0.0029,0.0039,-0.0088,0.0,0.0,-1.2214027361881992
121150.093294302,-0.7066,-0.0115,-0.0006,0.003,-0.0017,0.0004,1.0207,-0.2185,0.0,1e-04,0.0,0.0,0.0,0.0,-0.0183,0.0038,-1.5388,0.0349,0.0028,0.0029,0.004,-0.0088,0.0,0.0,-1.2215222330323636
121150.100861257,-0.7066,-0.0115,-0.0006,0.003,-0.0017,0.0004,1.0207,-0.2185,0.0,1e-04,0.0,0.0,0.0,0.0,-0.0184,0.0038,-1.5383,0.0351,0.0029,0.0028,0.0039,-0.0088,0.0,0.0,-1.2216147008416032
121150.107715774,-0.7066,-0.0115,-0.0006,0.003,-0.0017,0.0004,1.0206,-0.2185,0.0,1e-04,0.0,0.0,0.0,0.0,-0.0184,0.0038,-1.539,0.0348,0.0028,0.0028,0.004,-0.0088,0.0,0.0,-1.2216801370808663
121150.113357747,-0.7066,-0.0115,-0.0006,0.003,-0.0017,0.0004,1.0205,-0.2185,0.0,1e-04,0.0,0.0,0.0,0.0,-0.0184,0.0038,-1.5383,0.0352,0.0028,0.003,0.004,-0.0089,0.0,0.0,-1.2217185399561852
121150.139372152,-0.7066,-0.0115,-0.0006,0.003,-0.0017,0.0004,1.0204,-0.2184,0.0,1e-04,0.0,0.0,0.0,0.0,-0.0184,0.0038,-1.5388,0.0349,0.0029,0.0027,0.0039,-0.0087,0.0,0.0,-1.2217299084147257
121150.144983903,-0.7066,-0.0115,-0.0006,0.003,-0.0017,0.0004,1.0203,-0.2184,0.0,1e-04,0.0,0.0,0.0,0.0,-0.0184,0.0038,-1.5385,0.0351,0.0029,0.0028,0.004,-0.0088,0.0,0.0,-1.2217142421448157
121150.150259859,-0.7066,-0.0115,-0.0006,0.003,-0.0017,0.0004,1.0202,-0.2184,0.0,1e-04,0.0,0.0,0.0,0.0,-0.0184,0.0038,-1.5384,0.0351,0.0028,0.003,0.004,-0.0088,0.0,0.0,-1.2216715415759543
121150.178970739,-0.7066,-0.0115,-0.0006,0.003,-0.0017,0.0004,1.0201,-0.2184,0.0,1e-04,0.0,0.0,0.0,0.0,-0.0184,0.0038,-1.5386,0.035,0.0029,0.0028,0.0039,-0.0087,0.0,0.0,-1.2216018078787987
121150.184679256,-0.7066,-0.0115,-0.0006,0.003,-0.0017,0.0004,1.02,-0.2184,0.0,1e-04,0.0,0.0,0.0,0.0,-0.0184,0.0038,-1.5383,0.0351,0.0029,0.0029,0.004,-0.0088,0.0,0.0,-1.2215050429651333
121150.191160573,-0.7066,-0.0115,-0.0006,0.003,-0.0017,0.0004,1.0199,-0.2184,0.0,1e-04,0.0,0.0,0.0,0.0,-0.0184,0.0038,-1.5388,0.0349,0.0028,0.0028,0.004,-0.0088,0.0,0.0,-1.2213812494878176
121150.218687716,-0.7066,-0.0115,-0.0006,0.003,-0.0017,0.0004,1.0198,-0.2183,0.0,1e-04,0.0,0.0,0.0,0.0,-0.0184,0.0038,-1.5381,0.0353,0.0028,0.003,0.004,-0.0089,0.0,0.0,-1.221230430840712
121150.224634477,-0.7066,-0.0115,-0.0006,0.003,-0.0017,0.0004,1.0197,-0.2183,0.0,1e-04,0.0,0.0,0.0,0.0,-0.0184,0.0038,-1.5388,0.0349,0.0028,0.0029,0.004,-0.0088,0.0,0.0,-1.221052591158586
121150.230284806,-0.7066,-0.0115,-0.0006,0.003,-0.0017,0.0004,1.0196,-0.2183,0.0,1e-04,0.0,0.0,0.0,0.0,-0.0184,0.0038,-1.5381,0.0352,0.003,0.0027,0.0039,-0.0087,0.0,0.0,-1.2208477353170046
121150.235229859,-0.7066,-0.0115,-0.0006,0.003,-0.0017,0.0004,1.0196,-0.2183,0.0,1e-04,0.0,0.0,0.0,0.0,-0.0184,0.0038,-1.5391,0.0347,0.0028,0.0028,0.004,-0.0088,0.0,0.0,-1.2206158689321933
121150.258922457,-0.7066,-0.0115,-0.0006,0.003,-0.0017,0.0004,1.0195,-0.2183,0.0,1e-04,0.0,0.0,0.0,0.0,-0.0184,0.0038,-1.538,0.0353,0.0028,0.003,0.004,-0.0089,0.0,0.0,-1.220356998360887
121150.265876836,-0.7066,-0.0115,-0.0006,0.003,-0.0017,0.0004,1.0194,-0.2182,0.0,1e-04,0.0,0.0,0.0,0.0,-0.0184,0.0038,-1.5386,0.035,0.003,0.0027,0.0039,-0.0087,0.0,0.0,-1.2200711307001533
121150.273661171,-0.7066,-0.0115,-0.0006,0.003,-0.0017,0.0004,1.0193,-0.2182,0.0,1e-04,0.0,0.0,0.0,0.0,-0.0184,0.0038,-1.5386,0.035,0.0029,0.0028,0.0039,-0.0087,0.0,0.0,-1.219758273787198
121150.301607144,-0.7066,-0.0115,-0.0006,0.003,-0.0017,0.0004,1.0192,-0.2182,0.0,1e-04,0.0,0.0,0.0,0.0,-0.0184,0.0038,-1.5383,0.0351,0.0028,0.0029,0.004,-0.0088,0.0,0.0,-1.2194184361991511
121150.307708843,-0.7066,-0.0115,-0.0006,0.003,-0.0017,0.0004,1.0191,-0.2182,0.0,1e-04,0.0,0.0,0.0,0.0,-0.0185,0.0038,-1.5382,0.0352,0.0029,0.0028,0.0039,-0.0088,0.0,0.0,-1.2190516272528327
121150.313000944,-0.7066,-0.0115,-0.0006,0.003,-0.0017,0.0004,1.019,-0.2182,0.0,1e-04,0.0,0.0,0.0,0.0,-0.0185,0.0038,-1.539,0.0348,0.0027,0.0029,0.004,-0.0088,0.0,0.0,-1.2186578570044946
121150.338778818,-0.7066,-0.0115,-0.0006,0.003,-0.0017,0.0004,1.0189,-0.2181,0.0,1e-04,0.0,0.0,0.0,0.0,-0.0185,0.0038,-1.538,0.0353,0.0029,0.0029,0.0039,-0.0088,0.0,0.0,-1.2182371362495474
121150.344303913,-0.7066,-0.0115,-0.0006,0.003,-0.0017,0.0004,1.0188,-0.2181,0.0,1e-04,0.0,0.0,0.0,0.0,-0.0185,0.0038,-1.5386,0.035,0.003,0.0027,0.0039,-0.0087,0.0,0.0,-1.2177894765222628
121150.349240532,-0.7066,-0.0115,-0.0006,0.003,-0.0017,0.0004,1.0187,-0.2181,0.0,1e-04,0.0,0.0,0.0,0.0,-0.0185,0.0038,-1.5382,0.0352,0.0028,0.0029,0.004,-0.0088,0.0,0.0,-1.217314890095459
121150.354796895,-0.7066,-0.0115,-0.0006,0.003,-0.0017,0.0004,1.0186,-0.2181,0.0,1e-04,0.0,0.0,0.0,0.0,-0.0185,0.0038,-1.5388,0.0349,0.003,0.0026,0.0039,-0.0087,0.0,0.0,-1.216813389980162
121150.381406959,-0.7066,-0.0115,-0.0006,0.003,-0.0017,0.0004,1.0185,-0.2181,0.0,1e-04,0.0,0.0,0.0,0.0,-0.0185,0.0038,-1.5383,0.0351,0.0026,0.0031,0.0041,-0.0089,0.0,0.0,-1.216284989925251
121150.388519743,-0.7066,-0.0115,-0.0006,0.003,-0.0017,0.0004,1.0185,-0.218,0.0,1e-04,0.0,0.0,0.0,0.0,-0.0185,0.0038,-1.5383,0.0351,0.003,0.0028,0.0039,-0.0087,0.0,0.0,-1.2157297044170807
121150.393878268,-0.7066,-0.0115,-0.0006,0.003,-0.0017,0.0004,1.0184,-0.218,0.0,1e-04,0.0,0.0,0.0,0.0,-0.0185,0.0038,-1.5385,0.035,0.0029,0.0028,0.0039,-0.0087,0.0,0.0,-1.2151475486790835
121150.42226932,-0.7066,-0.0115,-0.0006,0.003,-0.0017,0.0004,1.0183,-0.218,0.0,1e-04,0.0,0.0,0.0,0.0,-0.0185,0.0038,-1.5382,0.0351,0.0028,0.0029,0.004,-0.0088,0.0,0.0,-1.214538538671353
121150.42759299,-0.7066,-0.0115,-0.0006,0.003,-0.0017,0.0004,1.0182,-0.218,0.0,1e-04,0.0,0.0,0.0,0.0,-0.0185,0.0038,-1.5387,0.0349,0.0029,0.0027,0.0039,-0.0087,0.0,0.0,-1.2139026910902062
121150.432840207,-0.7066,-0.0115,-0.0006,0.003,-0.0017,0.0004,1.0181,-0.218,0.0,1e-04,0.0,0.0,0.0,0.0,-0.0185,0.0038,-1.5381,0.0352,0.0028,0.003,0.004,-0.0089,0.0,0.0,-1.2132400233677259
121150.459372898,-0.7066,-0.0115,-0.0006,0.003,-0.0017,0.0004,1.018,-0.2179,0.0,1e-04,0.0,0.0,0.0,0.0,-0.0185,0.0038,-1.5367,0.0362,0.0031,0.0027,0.0038,-0.0087,0.0,0.0,-1.2125505536712824
121150.46433294,-0.7066,-0.0115,-0.0006,0.003,-0.0017,0.0004,1.0179,-0.2179,0.0,1e-04,0.0,0.0,0.0,0.0,-0.0185,0.0038,-1.5374,0.0357,0.003,0.0028,0.0039,-0.0088,0.0,0.0,-1.2118343009030355
121150.469476926,-0.7066,-0.0115,-0.0006,0.003,-0.0017,0.0004,1.0178,-0.2179,0.0,1e-04,0.0,0.0,0.0,0.0,-0.0185,0.0038,-1.5385,0.0351,0.0029,0.0027,0.0039,-0.0087,0.0,0.0,-1.211091284699417
121150.474780176,-0.7066,-0.0115,-0.0006,0.003,-0.0017,0.0004,1.0177,-0.2179,0.0,1e-04,0.0,0.0,0.0,0.0,-0.0185,0.0038,-1.5385,0.035,0.0027,0.0031,0.0041,-0.0089,0.0,0.0,-1.2103215254305915
121150.501811744,-0.7066,-0.0115,-0.0006,0.003,-0.0017,0.0004,1.0176,-0.2179,0.0,1e-04,0.0,0.0,0.0,0.0,-0.0186,0.0039,-1.5386,0.0349,0.003,0.0026,0.0039,-0.0087,0.0,0.0,-1.2095250441998977
121150.507624766,-0.7066,-0.0116,-0.0006,0.003,-0.0017,0.0004,1.0175,-0.2178,0.0,1e-04,0.0,0.0,0.0,0.0,-0.0186,0.0039,-1.5382,0.0351,0.0028,0.0029,0.004,-0.0088,0.0,0.0,-1.2087018628432715
121150.512892071,-0.7066,-0.0116,-0.0006,0.003,-0.0017,0.0004,1.0174,-0.2178,0.0,1e-04,0.0,0.0,0.0,0.0,-0.0186,0.0039,-1.5383,0.0351,0.0028,0.0029,0.004,-0.0088,0.0,0.0,-1.2078520039286447
121150.542517053,-0.7066,-0.0116,-0.0006,0.003,-0.0017,0.0004,1.0174,-0.2178,0.0,1e-04,0.0,0.0,0.0,0.0,-0.0186,0.0039,-1.5383,0.0351,0.0029,0.0028,0.0039,-0.0087,0.0,0.0,-1.20697549075533
121150.547828195,-0.7066,-0.0116,-0.0006,0.003,-0.0017,0.0004,1.0173,-0.2178,0.0,1e-04,0.0,0.0,0.0,0.0,-0.0186,0.0039,-1.5384,0.035,0.0028,0.0029,0.004,-0.0088,0.0,0.0,-1.2060723473533776
121150.553548649,-0.7066,-0.0116,-0.0006,0.003,-0.0017,0.0004,1.0172,-0.2178,0.0,1e-04,0.0,0.0,0.0,0.0,-0.0186,0.0039,-1.5382,0.0351,0.0029,0.0028,0.0039,-0.0088,0.0,0.0,-1.2051425984829214
121150.578076063,-0.7066,-0.0116,-0.0006,0.003,-0.0017,0.0004,1.0171,-0.2177,0.0,0.0,0.0,0.0,0.0,0.0,-0.0186,0.0039,-1.5372,0.0358,0.003,0.0028,0.0039,-0.0088,0.0,0.0,-1.2041862696334946
121150.586705803,-0.7066,-0.0116,-0.0006,0.003,-0.0017,0.0004,1.017,-0.2177,0.0,0.0,0.0,0.0,0.0,0.0,-0.0186,0.0039,-1.5368,0.0361,0.0029,0.003,0.0039,-0.0088,0.0,0.0,-1.2032033870233372
121150.593105834,-0.7066,-0.0116,-0.0006,0.003,-0.0017,0.0004,1.0169,-0.2177,0.0,0.0,0.0,0.0,0.0,0.0,-0.0186,0.0039,-1.5383,0.0351,0.0029,0.0028,0.0039,-0.0087,0.0,0.0,-1.2021939775986716
121150.598419359,-0.7066,-0.0116,-0.0006,0.003,-0.0017,0.0004,1.0168,-0.2177,0.0,0.0,0.0,0.0,0.0,0.0,-0.0186,0.0039,-1.5383,0.0351,0.0028,0.0029,0.004,-0.0088,0.0,0.0,-1.2011580690329677
121150.625278098,-0.7066,-0.0116,-0.0006,0.003,-0.0017,0.0004,1.0167,-0.2177,0.0,1e-04,0.0,0.0,0.0,0.0,-0.0186,0.0039,-1.5409,0.0339,0.0025,0.0028,0.0041,-0.0088,0.0,0.0,-1.200095689726182
121150.630455776,-0.7066,-0.0116,-0.0006,0.003,-0.0017,0.0004,1.0166,-0.2176,0.0,0.0,0.0,0.0,0.0,0.0,-0.0186,0.0039,-1.5362,0.0359,0.0033,0.0028,0.0038,-0.0087,0.0,0.0,-1.1990068688039792
121150.635837905,-0.7066,-0.0116,-0.0006,0.003,-0.0017,0.0004,1.0165,-0.2176,0.0,1e-04,0.0,0.0,0.0,0.0,-0.0186,0.0039,-1.5409,0.0339,0.0024,0.0029,0.0042,-0.0088,0.0,0.0,-1.197891636116936
121150.659966423,-0.7066,-0.0116,-0.0006,0.003,-0.0017,0.0004,1.0164,-0.2176,0.0,1e-04,0.0,0.0,0.0,0.0,-0.0186,0.0039,-1.5373,0.0356,0.0032,0.0026,0.0038,-0.0087,0.0,0.0,-1.1967500222397187
121150.667663235,-0.7066,-0.0116,-0.0006,0.003,-0.0017,0.0004,1.0163,-0.2176,0.0,1e-04,0.0,0.0,0.0,0.0,-0.0186,0.0039,-1.5379,0.0354,0.0029,0.0028,0.0039,-0.0088,0.0,0.0,-1.1955820584702495
121150.674540299,-0.7066,-0.0116,-0.0006,0.003,-0.0017,0.0004,1.0162,-0.2176,0.0,0.0,0.0,0.0,0.0,0.0,-0.0186,0.0039,-1.5447,0.0279,0.0032,0.0025,0.0038,-0.0086,0.0,0.0,-1.194387776828844
121150.699077431,-0.7066,-0.0116,-0.0006,0.003,-0.0017,0.0004,1.0162,-0.2175,0.0,1e-04,0.0,0.0,0.0,0.0,-0.0186,0.0039,-1.5335,0.0405,0.0027,0.003,0.0041,-0.0088,0.0,0.0,-1.1931672100573376
121150.706292946,-0.7066,-0.0116,-0.0006,0.003,-0.0017,0.0004,1.0161,-0.2175,0.0,0.0,0.0,0.0,0.0,0.0,-0.0187,0.0039,-1.5448,0.0284,0.003,0.0026,0.0039,-0.0087,0.0,0.0,-1.1919203916181842
121150.712144931,-0.7066,-0.0116,-0.0006,0.003,-0.0017,0.0004,1.016,-0.2175,0.0,1e-04,0.0,0.0,0.0,0.0,-0.0187,0.0039,-1.5364,0.0386,0.0024,0.003,0.0042,-0.0088,0.0,0.0,-1.1906473556935424
121150.718276496,-0.7066,-0.0116,-0.0006,0.003,-0.0017,0.0004,1.0159,-0.2175,0.0,0.0,0.0,0.0,0.0,0.0,-0.0187,0.0039,-1.541,0.0307,0.0034,0.0026,0.0037,-0.0087,0.0,0.0,-1.1893481371843333
121150.744683211,-0.7066,-0.0116,-0.0006,0.003,-0.0017,0.0004,1.0158,-0.2175,0.0,1e-04,0.0,0.0,0.0,0.0,-0.0187,0.0039,-1.5352,0.0396,0.0024,0.003,0.0042,-0.0089,0.0,0.0,-1.1880227717092906
121150.753440058,-0.7066,-0.0116,-0.0006,0.003,-0.0017,0.0004,1.0157,-0.2174,0.0,1e-04,0.0,0.0,0.0,0.0,-0.0187,0.0039,-1.5418,0.031,0.0032,0.0026,0.0038,-0.0086,0.0,0.0,-1.1866712956039764
121150.758935429,-0.7066,-0.0116,-0.0006,0.003,-0.0017,0.0004,1.0156,-0.2174,0.0,1e-04,0.0,0.0,0.0,0.0,-0.0187,0.0039,-1.5418,0.0317,0.0028,0.0027,0.004,-0.0087,0.0,0.0,-1.185293745919792
121150.787077104,-0.7066,-0.0116,-0.0006,0.003,-0.0017,0.0004,1.0155,-0.2174,0.0,1e-04,0.0,0.0,0.0,0.0,-0.0187,0.0039,-1.5385,0.0347,0.003,0.0027,0.0039,-0.0087,0.0,0.0,-1.183890160422958
121150.792635963,-0.7066,-0.0116,-0.0006,0.003,-0.0017,0.0004,1.0154,-0.2174,0.0,1e-04,0.0,0.0,0.0,0.0,-0.0187,0.0039,-1.5387,0.0351,0.0027,0.0029,0.004,-0.0088,0.0,0.0,-1.182460577593479
121150.797683007,-0.7066,-0.0116,-0.0006,0.003,-0.0017,0.0004,1.0153,-0.2174,0.0,1e-04,0.0,0.0,0.0,0.0,-0.0187,0.0039,-1.5388,0.0346,0.0029,0.0028,0.0039,-0.0087,0.0,0.0,-1.1810050366240903
121150.827992145,-0.7066,-0.0116,-0.0006,0.003,-0.0017,0.0004,1.0152,-0.2173,0.0,1e-04,0.0,0.0,0.0,0.0,-0.0187,0.0039,-1.5395,0.0342,0.0027,0.0029,0.004,-0.0088,0.0,0.0,-1.1795235774191843
121150.83310923,-0.7066,-0.0116,-0.0006,0.003,-0.0017,0.0004,1.0151,-0.2173,0.0,0.0002,0.0,0.0,0.0,0.0,-0.0187,0.0039,-1.5393,0.0343,0.0027,0.0029,0.004,-0.0088,0.0,0.0,-1.1780162405937116
121150.835072508,-0.7066,-0.0116,-0.0006,0.003,-0.0017,0.0004,1.015,-0.2173,0.0,0.0002,0.0,0.0,0.0,0.0,-0.0187,0.0039,-1.5401,0.0338,0.0028,0.0027,0.004,-0.0087,0.0,0.0,-1.1764830674720743
121150.840314605,-0.7066,-0.0116,-0.0006,0.003,-0.0017,0.0004,1.0149,-0.2173,0.0,0.0,0.0,0.0,0.0,0.0,-0.0187,0.0039,-1.5382,0.0321,0.0037,0.0026,0.0036,-0.0087,0.0,0.0,-1.174924100086987
121150.865147874,-0.7066,-0.0116,-0.0006,0.003,-0.0017,0.0004,1.0148,-0.2173,0.0,0.0,0.0,0.0,0.0,0.0,-0.0187,0.0039,-1.5399,0.0331,0.003,0.0025,0.0039,-0.0086,0.0,0.0,-1.1733393811783281
121150.870209411,-0.7066,-0.0116,-0.0006,0.003,-0.0017,0.0004,1.0147,-0.2172,0.0,0.0,0.0,0.0,0.0,0.0,-0.0187,0.0039,-1.5389,0.0345,0.0028,0.0028,0.004,-0.0088,0.0,0.0,-1.1717289541919675
121150.877015163,-0.7066,-0.0116,-0.0006,0.003,-0.0017,0.0004,1.0146,-0.2172,0.0,-0.0002,0.0,0.0,0.0,0.0,-0.0188,0.0039,-1.5292,0.039,0.0034,0.003,0.0037,-0.0088,0.0,0.0,-1.1700928632785743
121150.904615572,-0.7066,-0.0116,-0.0006,0.003,-0.0017,0.0004,1.0145,-0.2172,0.0,-0.0005,0.0,0.0,0.0,0.0,-0.0188,0.0039,-1.5343,0.034,0.0034,0.0025,0.0037,-0.0086,0.0,0.0,-1.168431153292408
121150.910438773,-0.7066,-0.0117,-0.0006,0.003,-0.0017,0.0004,1.0144,-0.2172,0.0,-0.0007,0.0,0.0,0.0,0.0,-0.0188,0.0039,-1.5346,0.0343,0.0034,0.0023,0.0037,-0.0085,0.0,0.0,-1.1667438697900856
121150.915624195,-0.7065,-0.0117,-0.0006,0.003,-0.0017,0.0004,1.0143,-0.2172,0.0,-0.0024,-1e-04,-0.0002,0.0,0.0,-0.0188,0.004,-1.5022,0.0309,0.0025,0.0024,0.0042,-0.0085,0.0,0.0,-1.1650310590293387
121150.943542321,-0.7065,-0.0117,-0.0006,0.003,-0.0017,0.0004,1.0143,-0.2171,0.0,-0.0033,-1e-04,-0.0003,0.0,0.0,-0.0188,0.004,-1.5144,0.0405,0.0044,0.0023,0.0032,-0.0085,0.0,0.0,-1.1632927679677376
121150.948733309,-0.7065,-0.0117,-0.0006,0.003,-0.0017,0.0004,1.0142,-0.2171,0.0,-0.0041,-1e-04,-0.0003,0.0,0.0,-0.0188,0.004,-1.5228,0.0336,0.0023,0.0035,0.0042,-0.0091,0.0,0.0,-1.161529044261411
121150.954139002,-0.7064,-0.0117,-0.0006,0.003,-0.0017,0.0004,1.0141,-0.2171,0.0,-0.0058,-0.0002,-0.0005,0.0,-1e-04,-0.0188,0.004,-1.4938,0.0351,0.0023,0.0041,0.0043,-0.0093,0.0,0.0,-1.1597399362637353
121150.959699432,-0.7064,-0.0117,-0.0006,0.003,-0.0017,0.0004,1.014,-0.2171,0.0,-0.0075,-0.0003,-0.0007,0.0,-1e-04,-0.0188,0.004,-1.5011,0.0351,0.0033,0.0026,0.0038,-0.0086,0.0,0.0,-1.1579254930240097
121150.986779994,-0.7063,-0.0117,-0.0006,0.003,-0.0017,0.0004,1.0139,-0.2171,1e-04,-0.009,-0.0003,-0.0008,0.0,-1e-04,-0.0188,0.004,-1.5078,0.0301,0.003,0.0025,0.004,-0.0086,0.0,0.0,-1.1560857642861113
121150.992730442,-0.7063,-0.0117,-0.0006,0.003,-0.0017,0.0004,1.0138,-0.2171,0.0151,0.0,0.0,0.0,0.0,0.0,-0.0188,0.0039,-1.4424,0.0379,0.0013,0.0027,0.0045,-0.009,0.0,0.0,-1.1542208004871353
121150.998251238,-0.7062,-0.0117,-0.0006,0.003,-0.0017,0.0004,1.0137,-0.217,0.0204,0.0,0.0,0.0,0.0,0.0,-0.0188,0.0039,-1.4337,0.0351,0.0027,0.0029,0.004,-0.0088,0.0,0.0,-1.152330652756003
121151.024202164,-0.706,-0.0117,-0.0006,0.003,-0.0017,0.0004,1.0136,-0.217,0.0259,0.0,0.0,0.0,0.0,0.0,-0.0188,0.0039,-1.4293,0.0347,0.003,0.0025,0.0039,-0.0086,0.0,0.0,-1.1504153729120719
121151.0302585,-0.7059,-0.0117,-0.0006,0.003,-0.0017,0.0004,1.0135,-0.217,0.0317,0.0,0.0,0.0,0.0,0.0,-0.0188,0.0039,-1.4245,0.0348,0.0028,0.0029,0.004,-0.0088,0.0,0.0,-1.1484750134637054
121151.035428823,-0.7057,-0.0117,-0.0006,0.003,-0.0017,0.0004,1.0134,-0.217,0.0377,0.0,0.0,0.0,0.0,0.0,-0.0188,0.0039,-1.4196,0.0347,0.0026,0.003,0.004,-0.0089,0.0,0.0,-1.146509627606838
121151.063519176,-0.7055,-0.0117,-0.0006,0.003,-0.0017,0.0004,1.0133,-0.217,0.0439,0.0,0.0,0.0,0.0,0.0,-0.0188,0.0039,-1.415,0.0347,0.0029,0.0028,0.0039,-0.0087,0.0,0.0,-1.144519269223515
121151.068543468,-0.7052,-0.0117,-0.0006,0.003,-0.0017,0.0004,1.0132,-0.2169,0.0503,0.0,0.0,0.0,0.0,0.0,-0.0188,0.0039,-1.41,0.0347,0.0027,0.0029,0.004,-0.0088,0.0,0.0,-1.1425039928804193
121151.074280558,-0.7049,-0.0117,-0.0006,0.003,-0.0017,0.0004,1.0131,-0.2169,0.057,0.0,0.0,0.0,0.0,0.0,-0.0188,0.004,-1.4052,0.0346,0.0028,0.0028,0.004,-0.0088,0.0,0.0,-1.1404638538273666
121151.079777941,-0.7046,-0.0117,-0.0006,0.003,-0.0017,0.0004,1.013,-0.2169,0.0638,0.0,0.0,0.0,0.0,0.0,-0.0189,0.004,-1.4016,0.0347,0.0027,0.0029,0.004,-0.0088,0.0,0.0,-1.1383989079958028
121151.107312354,-0.7042,-0.0117,-0.0006,0.003,-0.0017,0.0004,1.0129,-0.2169,0.0709,0.0,0.0,0.0,0.0,0.0,-0.0189,0.004,-1.3972,0.0347,0.0028,0.0029,0.004,-0.0088,0.0,0.0,-1.136309211997258
121151.112937881,-0.7038,-0.0117,-0.0006,0.003,-0.0017,0.0004,1.0128,-0.2169,0.0781,0.0,0.0,0.0,0.0,0.0,-0.0189,0.004,-1.3931,0.0346,0.0029,0.0027,0.0039,-0.0087,0.0,0.0,-1.1341948231218058
121151.118129263,-0.7034,-0.0117,-0.0006,0.003,-0.0017,0.0004,1.0127,-0.2168,0.0855,0.0,0.0,0.0,0.0,0.0,-0.0189,0.004,-1.3886,0.0347,0.0028,0.0028,0.004,-0.0088,0.0,0.0,-1.1320557993364835
121151.144699734,-0.7029,-0.0117,-0.0006,0.003,-0.0017,0.0004,1.0126,-0.2168,0.093,0.0,0.0,0.0,0.0,0.0,-0.0189,0.004,-1.3844,0.0346,0.0027,0.0029,0.004,-0.0088,0.0,0.0,-1.1298921992837108
121151.149112657,-0.7024,-0.0117,-0.0006,0.003,-0.0017,0.0004,1.0125,-0.2168,0.1008,0.0,0.0,0.0,0.0,0.0,-0.0189,0.004,-1.3802,0.0346,0.0029,0.0027,0.0039,-0.0087,0.0,0.0,-1.1277040822796747
121151.154257845,-0.7019,-0.0117,-0.0006,0.003,-0.0017,0.0004,1.0124,-0.2168,0.1087,0.0,0.0,0.0,0.0,0.0,-0.0189,0.004,-1.3762,0.0346,0.0028,0.0027,0.004,-0.0087,0.0,0.0,-1.1254915083127077
121151.177319136,-0.7013,-0.0117,-0.0006,0.003,-0.0017,0.0004,1.0123,-0.2167,0.1168,0.0,0.0,0.0,0.0,0.0,-0.0189,0.004,-1.3722,0.0346,0.0027,0.003,0.0041,-0.0088,0.0,0.0,-1.1232545380416454
121151.185138215,-0.7007,-0.0117,-0.0006,0.003,-0.0017,0.0004,1.0123,-0.2167,0.125,0.0,0.0,0.0,0.0,0.0,-0.0189,0.004,-1.3681,0.0346,0.0029,0.0027,0.0039,-0.0087,0.0,0.0,-1.1209932327941543
121151.191707076,-0.7,-0.0117,-0.0006,0.003,-0.0017,0.0004,1.0122,-0.2167,0.1333,0.0,0.0,0.0,0.0,0.0,-0.0189,0.004,-1.3642,0.0346,0.0028,0.0028,0.004,-0.0088,0.0,0.0,-1.1187076545650632
121151.197160206,-0.6993,-0.0117,-0.0006,0.003,-0.0017,0.0004,1.0121,-0.2167,0.1418,0.0,0.0,0.0,0.0,0.0,-0.0189,0.004,-1.3603,0.0347,0.0028,0.0028,0.004,-0.0088,0.0,0.0,-1.1163978660146507
121151.22367277,-0.6986,-0.0117,-0.0006,0.003,-0.0017,0.0004,1.012,-0.2167,0.1505,0.0,0.0,0.0,0.0,0.0,-0.0189,0.004,-1.3564,0.0345,0.0026,0.003,0.0041,-0.0089,0.0,0.0,-1.1140639304669389
121151.228951175,-0.6978,-0.0117,-0.0006,0.003,-0.0017,0.0004,1.0119,-0.2166,0.1593,0.0,0.0,0.0,0.0,0.0,-0.0189,0.004,-1.3527,0.0346,0.0028,0.0029,0.004,-0.0088,0.0,0.0,-1.1117059119079487
121151.234579161,-0.6969,-0.0117,-0.0006,0.003,-0.0017,0.0004,1.0118,-0.2166,0.1681,0.0,0.0,0.0,0.0,0.0,-0.0189,0.004,-1.3489,0.0346,0.0026,0.003,0.0041,-0.0089,0.0,0.0,-1.109323874983952
121151.262237248,-0.696,-0.0117,-0.0006,0.003,-0.0017,0.0004,1.0117,-0.2166,0.1771,0.0,0.0,0.0,0.0,0.0,-0.0189,0.004,-1.3451,0.0346,0.0029,0.0027,0.004,-0.0087,0.0,0.0,-1.1069178849996915
121151.267641528,-0.6951,-0.0117,-0.0006,0.003,-0.0017,0.0004,1.0116,-0.2166,0.1862,0.0,0.0,0.0,0.0,0.0,-0.0189,0.004,-1.3416,0.0346,0.0026,0.003,0.0041,-0.0089,0.0,0.0,-1.1044880079166006
121151.275645362,-0.6941,-0.0117,-0.0006,0.003,-0.0017,0.0004,1.0115,-0.2166,0.1955,0.0,0.0,0.0,0.0,0.0,-0.0189,0.004,-1.338,0.0347,0.0032,0.0024,0.0038,-0.0086,0.0,0.0,-1.1020343103509844
121151.306817867,-0.6931,-0.0117,-0.0006,0.003,-0.0017,0.0004,1.0114,-0.2165,0.2047,0.0,0.0,0.0,0.0,0.0,-0.0189,0.004,-1.3346,0.0345,0.0024,0.0032,0.0042,-0.009,0.0,0.0,-1.0995568595722034
121151.312462685,-0.692,-0.0117,-0.0006,0.003,-0.0017,0.0004,1.0113,-0.2165,0.2141,0.0,0.0,0.0,0.0,0.0,-0.019,0.004,-1.3312,0.0347,0.0031,0.0026,0.0039,-0.0087,0.0,0.0,-1.0970557235008203
121151.317405656,-0.6909,-0.0117,-0.0006,0.003,-0.0017,0.0004,1.0112,-0.2165,0.2236,0.0,0.0,0.0,0.0,0.0,-0.019,0.004,-1.3277,0.0346,0.0028,0.0028,0.004,-0.0087,0.0,0.0,-1.0945309707067463
121151.322962896,-0.6897,-0.0117,-0.0006,0.003,-0.0017,0.0004,1.0111,-0.2165,0.2331,0.0,0.0,0.0,0.0,0.0,-0.019,0.004,-1.3245,0.0346,0.0029,0.0027,0.004,-0.0087,0.0,0.0,-1.0919826704073519
121151.347117958,-0.6885,-0.0117,-0.0006,0.003,-0.0017,0.0004,1.011,-0.2165,0.2427,0.0,0.0,0.0,0.0,0.0,-0.019,0.004,-1.3215,0.0346,0.0027,0.0029,0.0041,-0.0088,0.0,0.0,-1.08941089246558
121151.356153265,-0.6873,-0.0117,-0.0006,0.003,-0.0017,0.0004,1.0109,-0.2164,0.2523,0.0,0.0,0.0,0.0,0.0,-0.019,0.004,-1.3184,0.0346,0.0029,0.0026,0.004,-0.0087,0.0,0.0,-1.086815707388019
121151.360846861,-0.6859,-0.0117,-0.0006,0.003,-0.0017,0.0004,1.0108,-0.2164,0.262,0.0,0.0,0.0,0.0,0.0,-0.019,0.004,-1.3153,0.0346,0.0027,0.0029,0.0041,-0.0088,0.0,0.0,-1.0841971863229807
121151.38997108,-0.6846,-0.0117,-0.0006,0.003,-0.0017,0.0004,1.0107,-0.2164,0.2717,0.0,0.0,0.0,0.0,0.0,-0.019,0.004,-1.3124,0.0346,0.003,0.0026,0.004,-0.0087,0.0,0.0,-1.0815554010585422
121151.394945148,-0.6832,-0.0117,-0.0006,0.003,-0.0017,0.0004,1.0106,-0.2164,0.2814,0.0,0.0,0.0,0.0,0.0,-0.019,0.004,-1.3095,0.0346,0.0028,0.0028,0.0041,-0.0088,0.0,0.0,-1.0788904240205803
121151.400336484,-0.6817,-0.0117,-0.0006,0.003,-0.0017,0.0004,1.0105,-0.2164,0.2911,0.0,0.0,0.0,0.0,0.0,-0.019,0.004,-1.3067,0.0346,0.0027,0.0029,0.0041,-0.0088,0.0,0.0,-1.0762023282707884
121151.427974072,-0.6802,-0.0117,-0.0006,0.003,-0.0017,0.0004,1.0104,-0.2163,0.3009,0.0,0.0,0.0,0.0,0.0,-0.019,0.004,-1.304,0.0346,0.0029,0.0027,0.004,-0.0087,0.0,0.0,-1.0734911875046675
121151.430760755,-0.6787,-0.0117,-0.0006,0.003,-0.0017,0.0004,1.0103,-0.2163,0.3107,0.0,0.0,0.0,0.0,0.0,-0.019,0.004,-1.3014,0.0346,0.0029,0.0027,0.004,-0.0087,0.0,0.0,-1.0707570760495142
121151.435747372,-0.6771,-0.0117,-0.0006,0.003,-0.0017,0.0004,1.0102,-0.2163,0.3204,0.0,0.0,0.0,0.0,0.0,-0.019,0.004,-1.2988,0.0346,0.0027,0.003,0.0042,-0.0088,0.0,0.0,-1.0680000688623712
121151.440942857,-0.6754,-0.0117,-0.0006,0.003,-0.0017,0.0004,1.0102,-0.2163,0.3301,0.0,0.0,0.0,0.0,0.0,-0.019,0.004,-1.2961,0.0346,0.003,0.0026,0.004,-0.0087,0.0,0.0,-1.065220241527987
121151.466516331,-0.6737,-0.0117,-0.0006,0.003,-0.0017,0.0004,1.0101,-0.2163,0.3398,0.0,0.0,0.0,0.0,0.0,-0.019,0.004,-1.294,0.0346,0.0027,0.0029,0.0041,-0.0088,0.0,0.0,-1.0624176702567287
121151.473313126,-0.672,-0.0117,-0.0006,0.003,-0.0017,0.0004,1.01,-0.2162,0.3495,0.0,0.0,0.0,0.0,0.0,-0.019,0.004,-1.2914,0.0346,0.003,0.0026,0.004,-0.0086,0.0,0.0,-1.0595924318825058
121151.478550804,-0.6702,-0.0117,-0.0006,0.003,-0.0017,0.0004,1.0099,-0.2162,0.3592,0.0,0.0,0.0,0.0,0.0,-0.019,0.004,-1.2891,0.0346,0.0028,0.0028,0.0041,-0.0088,0.0,0.0,-1.056744603860655
121151.50606874,-0.6683,-0.0117,-0.0006,0.003,-0.0017,0.0004,1.0098,-0.2162,0.3687,0.0,0.0,0.0,0.0,0.0,-0.019,0.004,-1.2871,0.0346,0.0027,0.0029,0.0042,-0.0088,0.0,0.0,-1.0538742642658194
121151.512182167,-0.6664,-0.0117,-0.0006,0.003,-0.0017,0.0004,1.0097,-0.2162,0.3783,0.0,0.0,0.0,0.0,0.0,-0.0191,0.004,-1.2849,0.0346,0.003,0.0026,0.004,-0.0087,0.0,0.0,-1.050981491789809
121151.517330754,-0.6645,-0.0117,-0.0006,0.003,-0.0017,0.0004,1.0096,-0.2162,0.3877,0.0,0.0,0.0,0.0,0.0,-0.0191,0.004,-1.2827,0.0346,0.0029,0.0027,0.0041,-0.0087,0.0,0.0,-1.0480663657394444
121151.543888346,-0.6625,-0.0117,-0.0006,0.003,-0.0017,0.0004,1.0095,-0.2161,0.3971,0.0,0.0,0.0,0.0,0.0,-0.0191,0.004,-1.2807,0.0345,0.0026,0.0031,0.0043,-0.0089,0.0,0.0,-1.0451289660343757
121151.549217341,-0.6605,-0.0117,-0.0006,0.003,-0.0017,0.0004,1.0094,-0.2161,0.4064,0.0,0.0,0.0,0.0,0.0,-0.0191,0.004,-1.2789,0.0346,0.0032,0.0024,0.004,-0.0086,0.0,0.0,-1.0421693732049022
121151.554321612,-0.6584,-0.0117,-0.0006,0.003,-0.0017,0.0004,1.0093,-0.2161,0.4156,0.0,0.0,0.0,0.0,0.0,-0.0191,0.004,-1.277,0.0345,0.0028,0.0028,0.0042,-0.0088,0.0,0.0,-1.0391876683897552
121151.559632797,-0.6563,-0.0117,-0.0006,0.003,-0.0017,0.0004,1.0092,-0.2161,0.4248,0.0,0.0,0.0,0.0,0.0,-0.0191,0.004,-1.2751,0.0345,0.0028,0.0029,0.0042,-0.0088,0.0,0.0,-1.036183933333879
121151.5870683,-0.6541,-0.0117,-0.0006,0.003,-0.0017,0.0004,1.0091,-0.2161,0.4338,0.0,0.0,0.0,0.0,0.0,-0.0191,0.004,-1.2734,0.0345,0.003,0.0026,0.0041,-0.0087,0.0,0.0,-1.0331582503861858
121151.59352483,-0.6519,-0.0117,-0.0006,0.003,-0.0017,0.0004,1.009,-0.216,0.4427,0.0,0.0,0.0,0.0,0.0,-0.0191,0.004,-1.2719,0.0345,0.0028,0.0028,0.0042,-0.0088,0.0,0.0,-1.0301107024973053
121151.59886474,-0.6496,-0.0117,-0.0006,0.003,-0.0017,0.0004,1.0089,-0.216,0.4515,0.0,0.0,0.0,0.0,0.0,-0.0191,0.004,-1.2703,0.0345,0.003,0.0027,0.0042,-0.0087,0.0,0.0,-1.0270413732172985
121151.629230182,-0.6473,-0.0117,-0.0006,0.003,-0.0017,0.0004,1.0088,-0.216,0.4601,0.0,0.0,0.0,0.0,0.0,-0.0191,0.004,-1.2686,0.0345,0.003,0.0027,0.0042,-0.0087,0.0,0.0,-1.0239503466933821
121151.634190063,-0.645,-0.0117,-0.0006,0.003,-0.0017,0.0004,1.0087,-0.216,0.4687,0.0,0.0,0.0,0.0,0.0,-0.0191,0.004,-1.2672,0.0345,0.0028,0.0029,0.0043,-0.0088,0.0,0.0,-1.0208377076676052
121151.639624739,-0.6426,-0.0118,-0.0006,0.003,-0.0017,0.0004,1.0086,-0.216,0.4771,0.0,0.0,0.0,0.0,0.0,-0.0191,0.004,-1.2657,0.0345,0.003,0.0026,0.0042,-0.0087,0.0,0.0,-1.0177035414745415
121151.662794263,-0.6401,-0.0118,-0.0006,0.003,-0.0017,0.0004,1.0085,-0.2159,0.4853,0.0,0.0,0.0,0.0,0.0,-0.0191,0.004,-1.2643,0.0345,0.0029,0.0028,0.0043,-0.0088,0.0,0.0,-1.0145479340389412
121151.672766238,-0.6377,-0.0118,-0.0006,0.003,-0.0017,0.0004,1.0084,-0.2159,0.4934,0.0,0.0,0.0,0.0,0.0,-0.0191,0.004,-1.2629,0.0345,0.003,0.0026,0.0042,-0.0087,0.0,0.0,-1.011370971873375
121151.677542044,-0.6352,-0.0118,-0.0006,0.003,-0.0017,0.0004,1.0083,-0.2159,0.5013,0.0,0.0,0.0,0.0,0.0,-0.0191,0.004,-1.2617,0.0345,0.0029,0.0028,0.0043,-0.0088,0.0,0.0,-1.0081727420758662
121151.682646143,-0.6326,-0.0118,-0.0006,0.003,-0.0017,0.0004,1.0082,-0.2159,0.509,0.0,0.0,0.0,0.0,0.0,-0.0191,0.004,-1.2605,0.0345,0.0029,0.0028,0.0043,-0.0088,0.0,0.0,-1.0049533323274984
121151.7125156,-0.63,-0.0118,-0.0006,0.003,-0.0017,0.0004,1.0081,-0.2158,0.5166,0.0,0.0,0.0,0.0,0.0,-0.0192,0.004,-1.2594,0.0345,0.003,0.0027,0.0042,-0.0087,0.0,0.0,-1.0017128308900198
121151.716983262,-0.6274,-0.0118,-0.0006,0.003,-0.0017,0.0004,1.0081,-0.2158,0.524,0.0,0.0,0.0,0.0,0.0,-0.0192,0.004,-1.2582,0.0345,0.0031,0.0026,0.0042,-0.0087,0.0,0.0,-0.9984513266034096
121151.722320038,-0.6248,-0.0118,-0.0006,0.003,-0.0017,0.0004,1.008,-0.2158,0.5312,0.0,0.0,0.0,0.0,0.0,-0.0192,0.004,-1.257,0.0345,0.0028,0.0029,0.0043,-0.0088,0.0,0.0,-0.9951689088834589
121151.746642568,-0.6221,-0.0118,-0.0006,0.003,-0.0017,0.0004,1.0079,-0.2158,0.5382,0.0,0.0,0.0,0.0,0.0,-0.0192,0.004,-1.2559,0.0345,0.0032,0.0025,0.0042,-0.0086,0.0,0.0,-0.9918656677193065
121151.755468018,-0.6193,-0.0118,-0.0006,0.003,-0.0017,0.0004,1.0078,-0.2158,0.5451,0.0,0.0,0.0,0.0,0.0,-0.0192,0.004,-1.2551,0.0345,0.0027,0.0031,0.0044,-0.0089,0.0,0.0,-0.9885416936709773
121151.760894476,-0.6166,-0.0118,-0.0006,0.003,-0.0017,0.0004,1.0077,-0.2157,0.5517,0.0,0.0,0.0,0.0,0.0,-0.0192,0.004,-1.2538,0.0345,0.0032,0.0025,0.0042,-0.0086,0.0,0.0,-0.985197077866898
121151.787635752,-0.6138,-0.0118,-0.0006,0.003,-0.0017,0.0004,1.0076,-0.2157,0.5581,0.0,0.0,0.0,0.0,0.0,-0.0192,0.0041,-1.2528,0.0345,0.003,0.0027,0.0043,-0.0087,0.0,0.0,-0.9818319120014039
121151.793355176,-0.611,-0.0118,-0.0006,0.003,-0.0017,0.0004,1.0075,-0.2157,0.5643,0.0,0.0,0.0,0.0,0.0,-0.0192,0.0041,-1.252,0.0345,0.003,0.0027,0.0043,-0.0087,0.0,0.0,-0.9784462883322121
121151.798739596,-0.6081,-0.0118,-0.0006,0.003,-0.0017,0.0004,1.0074,-0.2157,0.5703,0.0,0.0,0.0,0.0,0.0,-0.0192,0.0041,-1.2511,0.0345,0.003,0.0027,0.0043,-0.0087,0.0,0.0,-0.9750402996779108
121151.80371854,-0.6052,-0.0118,-0.0006,0.003,-0.0017,0.0004,1.0073,-0.2157,0.576,0.0,0.0,0.0,0.0,0.0,-0.0192,0.0041,-1.2501,0.0344,0.0029,0.0029,0.0044,-0.0088,0.0,0.0,-0.9716140394153946
121151.829054768,-0.6023,-0.0118,-0.0006,0.003,-0.0017,0.0004,1.0072,-0.2156,0.5816,0.0,0.0,0.0,0.0,0.0,-0.0192,0.0041,-1.249,0.0345,0.0032,0.0026,0.0043,-0.0087,0.0,0.0,-0.968167601477323
121151.839032044,-0.5994,-0.0118,-0.0006,0.003,-0.0017,0.0004,1.0071,-0.2156,0.5869,0.0,0.0,0.0,0.0,0.0,-0.0192,0.0041,-1.2481,0.0345,0.0029,0.0029,0.0044,-0.0088,0.0,0.0,-0.9647010803495303
121151.844593523,-0.5964,-0.0118,-0.0006,0.003,-0.0017,0.0004,1.007,-0.2156,0.592,0.0,0.0,0.0,0.0,0.0,-0.0192,0.0041,-1.2474,0.0344,0.0031,0.0027,0.0044,-0.0087,0.0,0.0,-0.9612145710684483
121151.87151847,-0.5934,-0.0118,-0.0006,0.003,-0.0017,0.0004,1.0069,-0.2156,0.5968,0.0,0.0,0.0,0.0,0.0,-0.0192,0.0041,-1.2463,0.0345,0.0031,0.0027,0.0044,-0.0087,0.0,0.0,-0.9577081692184853
121151.879035903,-0.5904,-0.0118,-0.0006,0.003,-0.0017,0.0004,1.0068,-0.2156,0.6014,0.0,0.0,0.0,0.0,0.0,-0.0192,0.0041,-1.2454,0.0344,0.003,0.0029,0.0045,-0.0088,0.0,0.0,-0.9541819709294238
121151.882504464,-0.5874,-0.0118,-0.0006,0.003,-0.0017,0.0004,1.0067,-0.2155,0.6058,0.0,0.0,0.0,0.0,0.0,-0.0193,0.0041,-1.2444,0.0345,0.0032,0.0026,0.0043,-0.0087,0.0,0.0,-0.9506360728737667
121151.909423631,-0.5844,-0.0118,-0.0006,0.003,-0.0017,0.0004,1.0066,-0.2155,0.6099,0.0,0.0,0.0,0.0,0.0,-0.0193,0.0041,-1.2436,0.0344,0.0031,0.0028,0.0044,-0.0087,0.0,0.0,-0.9470705722641037
121151.915382761,-0.5813,-0.0118,-0.0006,0.003,-0.0017,0.0004,1.0065,-0.2155,0.6138,0.0,0.0,0.0,0.0,0.0,-0.0193,0.0041,-1.2427,0.0344,0.003,0.0029,0.0045,-0.0088,0.0,0.0,-0.9434855668504329
121151.920849125,-0.5782,-0.0118,-0.0006,0.003,-0.0017,0.0004,1.0064,-0.2155,0.6175,0.0,0.0,0.0,0.0,0.0,-0.0193,0.0041,-1.2417,0.0344,0.0032,0.0027,0.0044,-0.0087,0.0,0.0,-0.939881154917491
121151.926527492,-0.5751,-0.0118,-0.0006,0.003,-0.0017,0.0004,1.0063,-0.2155,0.6209,0.0,0.0,0.0,0.0,0.0,-0.0193,0.0041,-1.2407,0.0344,0.003,0.0029,0.0045,-0.0088,0.0,0.0,-0.9362574352820506
121151.960552976,-0.572,-0.0118,-0.0006,0.003,-0.0017,0.0004,1.0062,-0.2154,0.624,0.0,0.0,0.0,0.0,0.0,-0.0193,0.0041,-1.2398,0.0344,0.0033,0.0025,0.0044,-0.0086,0.0,0.0,-0.932614507290215
121151.961700353,-0.5688,-0.0118,-0.0006,0.003,-0.0017,0.0004,1.0061,-0.2154,0.6269,0.0,0.0,0.0,0.0,0.0,-0.0193,0.0041,-1.2388,0.0344,0.0031,0.0027,0.0045,-0.0087,0.0,0.0,-0.9289524708146988
121151.96714816,-0.5657,-0.0118,-0.0006,0.003,-0.0017,0.0004,1.0061,-0.2154,0.6295,0.0,0.0,0.0,0.0,0.0,-0.0193,0.0041,-1.2378,0.0344,0.003,0.0029,0.0045,-0.0088,0.0,0.0,-0.9252714262520769
121151.994188492,-0.5625,-0.0118,-0.0006,0.003,-0.0017,0.0004,1.006,-0.2154,0.6319,0.0,0.0,0.0,0.0,0.0,-0.0193,0.0041,-1.2366,0.0344,0.0032,0.0027,0.0045,-0.0087,0.0,0.0,-0.9215714745200507
121152.000231739,-0.5594,-0.0118,-0.0006,0.003,-0.0017,0.0004,1.0059,-0.2153,0.6341,0.0,0.0,0.0,0.0,0.0,-0.0193,0.0041,-1.2353,0.0344,0.0031,0.0028,0.0045,-0.0088,0.0,0.0,-0.9178527170546608
121152.005886915,-0.5562,-0.0118,-0.0006,0.003,-0.0017,0.0004,1.0058,-0.2153,0.636,0.0,0.0,0.0,0.0,0.0,-0.0193,0.0041,-1.2343,0.0344,0.0032,0.0026,0.0045,-0.0087,0.0,0.0,-0.9141152558075252
121152.030956991,-0.553,-0.0118,-0.0006,0.003,-0.0017,0.0004,1.0057,-0.2153,0.6376,0.0,0.0,0.0,0.0,0.0,-0.0193,0.0041,-1.2331,0.0344,0.0032,0.0027,0.0045,-0.0087,0.0,0.0,-0.9103591932430295
121152.038939716,-0.5498,-0.0118,-0.0006,0.003,-0.0017,0.0004,1.0056,-0.2153,0.639,0.0,0.0,0.0,0.0,0.0,-0.0193,0.0041,-1.2319,0.0344,0.0031,0.0028,0.0046,-0.0088,0.0,0.0,-0.9065846323355302
121152.044763204,-0.5466,-0.0118,-0.0006,0.003,-0.0017,0.0004,1.0055,-0.2153,0.6402,0.0,0.0,0.0,0.0,0.0,-0.0193,0.0041,-1.2305,0.0344,0.0033,0.0026,0.0045,-0.0087,0.0,0.0,-0.9027916765665163
121152.049962969,-0.5434,-0.0118,-0.0006,0.003,-0.0017,0.0004,1.0054,-0.2152,0.6411,0.0,0.0,0.0,0.0,0.0,-0.0193,0.0041,-1.2294,0.0344,0.003,0.003,0.0046,-0.0088,0.0,0.0,-0.898980429921791
121152.07657829,-0.5402,-0.0118,-0.0006,0.003,-0.0017,0.0004,1.0053,-0.2152,0.6418,0.0,0.0,0.0,0.0,0.0,-0.0194,0.0041,-1.2278,0.0344,0.0034,0.0025,0.0045,-0.0086,0.0,0.0,-0.8951509968886013
121152.081691665,-0.537,-0.0118,-0.0006,0.003,-0.0017,0.0004,1.0052,-0.2152,0.6422,0.0,0.0,0.0,0.0,0.0,-0.0194,0.0041,-1.2265,0.0344,0.0031,0.0028,0.0046,-0.0088,0.0,0.0,-0.8913034824527922
121152.086801032,-0.5337,-0.0118,-0.0006,0.003,-0.0017,0.0004,1.0051,-0.2152,0.6424,0.0,0.0,0.0,0.0,0.0,-0.0194,0.0041,-1.2248,0.0344,0.0032,0.0028,0.0046,-0.0087,0.0,0.0,-0.8874379920959142
121152.111726991,-0.5305,-0.0118,-0.0006,0.003,-0.0017,0.0004,1.005,-0.2152,0.6423,0.0,0.0,0.0,0.0,0.0,-0.0194,0.0041,-1.2233,0.0344,0.0034,0.0026,0.0045,-0.0087,0.0,0.0,-0.8835546317923381
121152.119519902,-0.5273,-0.0118,-0.0006,0.003,-0.0017,0.0004,1.0049,-0.2151,0.6421,0.0,0.0,0.0,0.0,0.0,-0.0194,0.0041,-1.2217,0.0344,0.0031,0.0029,0.0047,-0.0088,0.0,0.0,-0.8796535080063467
121152.125945096,-0.5241,-0.0118,-0.0006,0.003,-0.0017,0.0004,1.0048,-0.2151,0.6415,0.0,0.0,0.0,0.0,0.0,-0.0194,0.0041,-1.22,0.0344,0.0034,0.0025,0.0045,-0.0086,0.0,0.0,-0.8757347276892234
121152.153682662,-0.5209,-0.0118,-0.0006,0.003,-0.0017,0.0004,1.0047,-0.2151,0.6408,0.0,0.0,0.0,0.0,0.0,-0.0194,0.0041,-1.2182,0.0343,0.0032,0.0027,0.0046,-0.0087,0.0,0.0,-0.8717983982763049
121152.160436954,-0.5177,-0.0118,-0.0006,0.003,-0.0017,0.0004,1.0046,-0.2151,0.6398,0.0,0.0,0.0,0.0,0.0,-0.0194,0.0041,-1.2163,0.0344,0.0032,0.0028,0.0047,-0.0088,0.0,0.0,-0.8678446276840545
121152.165661336,-0.5145,-0.0118,-0.0006,0.003,-0.0017,0.0004,1.0045,-0.2151,0.6387,0.0,0.0,0.0,0.0,0.0,-0.0194,0.0041,-1.2143,0.0343,0.0033,0.0027,0.0046,-0.0087,0.0,0.0,-0.8638735243070886
121152.170734105,-0.5113,-0.0118,-0.0006,0.003,-0.0017,0.0004,1.0044,-0.215,0.6373,0.0,0.0,0.0,0.0,0.0,-0.0194,0.0041,-1.2123,0.0343,0.0033,0.0027,0.0046,-0.0087,0.0,0.0,-0.8598851970152113
121152.193865687,-0.5081,-0.0118,-0.0006,0.003,-0.0017,0.0004,1.0043,-0.215,0.6356,0.0,0.0,0.0,0.0,0.0,-0.0194,0.0041,-1.2104,0.0344,0.0034,0.0026,0.0046,-0.0087,0.0,0.0,-0.8558797551504324
121152.201007125,-0.505,-0.0118,-0.0006,0.003,-0.0017,0.0004,1.0042,-0.215,0.6338,0.0,0.0,0.0,0.0,0.0,-0.0194,0.0041,-1.2082,0.0343,0.0033,0.0027,0.0046,-0.0087,0.0,0.0,-0.8518573085239615
121152.209140742,-0.5018,-0.0118,-0.0006,0.003,-0.0017,0.0004,1.0041,-0.215,0.6318,0.0,0.0,0.0,0.0,0.0,-0.0194,0.0041,-1.2058,0.0343,0.0032,0.0028,0.0047,-0.0088,0.0,0.0,-0.8478179674132085
121152.236226187,-0.4987,-0.0118,-0.0006,0.003,-0.0017,0.0004,1.004,-0.215,0.6296,0.0,0.0,0.0,0.0,0.0,-0.0194,0.0041,-1.2034,0.0343,0.0034,0.0026,0.0046,-0.0087,0.0,0.0,-0.8437618425587452
121152.242574493,-0.4955,-0.0118,-0.0006,0.003,-0.0017,0.0004,1.0039,-0.2149,0.6272,0.0,0.0,0.0,0.0,0.0,-0.0194,0.0041,-1.2009,0.0343,0.0031,0.003,0.0048,-0.0089,0.0,0.0,-0.8396890451612891
121152.247369525,-0.4924,-0.0118,-0.0006,0.003,-0.0017,0.0004,1.0038,-0.2149,0.6246,0.0,0.0,0.0,0.0,0.0,-0.0195,0.0041,-1.1984,0.0343,0.0035,0.0025,0.0046,-0.0086,0.0,0.0,-0.8355996868786323
121152.273846257,-0.4893,-0.0118,-0.0006,0.003,-0.0017,0.0004,1.0037,-0.2149,0.6218,0.0,0.0,0.0,0.0,0.0,-0.0195,0.0041,-1.1957,0.0343,0.0032,0.0029,0.0047,-0.0088,0.0,0.0,-0.8314938798226021
121152.278710939,-0.4862,-0.0118,-0.0006,0.003,-0.0017,0.0004,1.0036,-0.2149,0.6188,0.0,0.0,0.0,0.0,0.0,-0.0195,0.0041,-1.193,0.0343,0.0035,0.0025,0.0046,-0.0086,0.0,0.0,-0.8273717365559718
121152.284122324,-0.4831,-0.0118,-0.0006,0.003,-0.0017,0.0004,1.0035,-0.2148,0.6157,0.0,0.0,0.0,0.0,0.0,-0.0195,0.0041,-1.1902,0.0343,0.0033,0.0027,0.0047,-0.0087,0.0,0.0,-0.8232333700893812
121152.289644326,-0.48,-0.0118,-0.0006,0.003,-0.0017,0.0004,1.0034,-0.2148,0.6125,0.0,0.0,0.0,0.0,0.0,-0.0195,0.0041,-1.187,0.0343,0.0033,0.0028,0.0047,-0.0088,0.0,0.0,-0.8190788938782361
121152.320193694,-0.477,-0.0118,-0.0006,0.003,-0.0017,0.0004,1.0033,-0.2148,0.609,0.0,0.0,0.0,0.0,0.0,-0.0195,0.0041,-1.184,0.0343,0.0034,0.0027,0.0047,-0.0087,0.0,0.0,-0.8149084218196045
121152.326437887,-0.474,-0.0118,-0.0006,0.003,-0.0017,0.0004,1.0032,-0.2148,0.6055,0.0,0.0,0.0,0.0,0.0,-0.0195,0.0041,-1.1807,0.0343,0.0034,0.0027,0.0047,-0.0087,0.0,0.0,-0.8107220682490792
121152.331603579,-0.471,-0.0119,-0.0006,0.003,-0.0017,0.0004,1.0031,-0.2148,0.6017,0.0,0.0,0.0,0.0,0.0,-0.0195,0.0041,-1.1775,0.0343,0.0034,0.0027,0.0047,-0.0087,0.0,0.0,-0.8065199479376621
121152.357923781,-0.468,-0.0119,-0.0006,0.003,-0.0017,0.0004,1.003,-0.2147,0.5979,0.0,0.0,0.0,0.0,0.0,-0.0195,0.0041,-1.174,0.0343,0.0034,0.0027,0.0047,-0.0087,0.0,0.0,-0.802302176088603
121152.36308685,-0.465,-0.0119,-0.0006,0.003,-0.0017,0.0004,1.0029,-0.2147,0.5939,0.0,0.0,0.0,0.0,0.0,-0.0195,0.0041,-1.1705,0.0343,0.0034,0.0027,0.0047,-0.0087,0.0,0.0,-0.7980688683342475
121152.36924975,-0.462,-0.0119,-0.0006,0.003,-0.0017,0.0004,1.0028,-0.2147,0.5898,0.0,0.0,0.0,0.0,0.0,-0.0195,0.0041,-1.1668,0.0343,0.0034,0.0027,0.0047,-0.0087,0.0,0.0,-0.7938201407328648
121152.39828565,-0.4591,-0.0119,-0.0006,0.003,-0.0017,0.0004,1.0027,-0.2147,0.5856,0.0,0.0,0.0,0.0,0.0,-0.0195,0.0041,-1.1631,0.0343,0.0033,0.0028,0.0048,-0.0088,0.0,0.0,-0.7895561097654726
121152.403010081,-0.4562,-0.0119,-0.0006,0.003,-0.0017,0.0004,1.0026,-0.2147,0.5813,0.0,0.0,0.0,0.0,0.0,-0.0195,0.0041,-1.1594,0.0343,0.0035,0.0026,0.0047,-0.0087,0.0,0.0,-0.7852768923326283
121152.410027133,-0.4533,-0.0119,-0.0006,0.003,-0.0017,0.0004,1.0025,-0.2146,0.5769,0.0,0.0,0.0,0.0,0.0,-0.0195,0.0041,-1.1552,0.0343,0.0034,0.0027,0.0048,-0.0087,0.0,0.0,-0.7809826057512449
121152.415607258,-0.4505,-0.0119,-0.0006,0.003,-0.0017,0.0004,1.0024,-0.2146,0.5724,0.0,0.0,0.0,0.0,0.0,-0.0196,0.0041,-1.151,0.0343,0.0035,0.0026,0.0047,-0.0087,0.0,0.0,-0.7766733677513525
121152.442042793,-0.4476,-0.0119,-0.0006,0.003,-0.0017,0.0004,1.0023,-0.2146,0.5678,0.0,0.0,0.0,0.0,0.0,-0.0196,0.0041,-1.1468,0.0343,0.0035,0.0026,0.0047,-0.0087,0.0,0.0,-0.7723492964728924
121152.447730319,-0.4448,-0.0119,-0.0006,0.003,-0.0017,0.0004,1.0022,-0.2146,0.5632,0.0,0.0,0.0,0.0,0.0,-0.0196,0.0041,-1.1424,0.0342,0.0033,0.0029,0.0048,-0.0088,0.0,0.0,-0.7680105104624597
121152.453120018,-0.442,-0.0119,-0.0006,0.003,-0.0017,0.0004,1.0021,-0.2145,0.5585,0.0,0.0,0.0,0.0,0.0,-0.0196,0.0042,-1.138,0.0343,0.0035,0.0027,0.0048,-0.0087,0.0,0.0,-0.7636571286700675
121152.478907628,-0.4392,-0.0119,-0.0006,0.003,-0.0017,0.0004,1.002,-0.2145,0.5537,0.0,0.0,0.0,0.0,0.0,-0.0196,0.0042,-1.1336,0.0343,0.0035,0.0027,0.0048,-0.0087,0.0,0.0,-0.7592892704458756
121152.488153432,-0.4365,-0.0119,-0.0006,0.003,-0.0017,0.0004,1.0019,-0.2145,0.5489,0.0,0.0,0.0,0.0,0.0,-0.0196,0.0042,-1.1288,0.0343,0.0036,0.0026,0.0047,-0.0087,0.0,0.0,-0.7549070555369218
121152.493575922,-0.4338,-0.0119,-0.0006,0.003,-0.0017,0.0004,1.0018,-0.2145,0.544,0.0,0.0,0.0,0.0,0.0,-0.0196,0.0042,-1.1239,0.0342,0.0034,0.0028,0.0048,-0.0088,0.0,0.0,-0.7505106040838463
121152.522840329,-0.4311,-0.0119,-0.0006,0.003,-0.0017,0.0004,1.0017,-0.2145,0.5392,0.0,0.0,0.0,0.0,0.0,-0.0196,0.0042,-1.119,0.0343,0.0036,0.0026,0.0047,-0.0087,0.0,0.0,-0.7461000366175802
121152.528395127,-0.4284,-0.0119,-0.0006,0.003,-0.0017,0.0004,1.0016,-0.2144,0.5343,0.0,0.0,0.0,0.0,0.0,-0.0196,0.0042,-1.1138,0.0342,0.0035,0.0027,0.0048,-0.0087,0.0,0.0,-0.7416754740560646
121152.534094324,-0.4258,-0.0119,-0.0006,0.003,-0.0017,0.0004,1.0015,-0.2144,0.5293,0.0,0.0,0.0,0.0,0.0,-0.0196,0.0042,-1.1088,0.0342,0.0033,0.0029,0.0049,-0.0088,0.0,0.0,-0.7372370377009114
121152.539703853,-0.4231,-0.0119,-0.0006,0.003,-0.0017,0.0004,1.0014,-0.2144,0.5244,0.0,0.0,0.0,0.0,0.0,-0.0196,0.0042,-1.1034,0.0342,0.0036,0.0026,0.0047,-0.0087,0.0,0.0,-0.7327848492340998
121152.56545249,-0.4205,-0.0119,-0.0006,0.003,-0.0017,0.0004,1.0013,-0.2144,0.5195,0.0,0.0,0.0,0.0,0.0,-0.0196,0.0042,-1.098,0.0342,0.0035,0.0027,0.0048,-0.0087,0.0,0.0,-0.7283190307146226
121152.574060486,-0.418,-0.0119,-0.0006,0.003,-0.0017,0.0004,1.0012,-0.2144,0.5146,0.0,0.0,0.0,0.0,0.0,-0.0196,0.0042,-1.0926,0.0342,0.0036,0.0026,0.0048,-0.0087,0.0,0.0,-0.7238397045751548
121152.579331194,-0.4154,-0.0119,-0.0006,0.003,-0.0017,0.0004,1.0011,-0.2143,0.5097,0.0,0.0,0.0,0.0,0.0,-0.0197,0.0042,-1.0868,0.0342,0.0034,0.0028,0.0049,-0.0088,0.0,0.0,-0.7193469936186793
121152.606536726,-0.4129,-0.0119,-0.0006,0.003,-0.0017,0.0004,1.001,-0.2143,0.5048,0.0,0.0,0.0,0.0,0.0,-0.0197,0.0042,-1.0809,0.0342,0.0036,0.0026,0.0048,-0.0087,0.0,0.0,-0.7148410210151424
121152.612267621,-0.4104,-0.0119,-0.0006,0.003,-0.0017,0.0004,1.0009,-0.2143,0.5,0.0,0.0,0.0,0.0,0.0,-0.0197,0.0042,-1.0751,0.0342,0.0035,0.0027,0.0048,-0.0087,0.0,0.0,-0.7103219102980532
121152.618026088,-0.4079,-0.0119,-0.0006,0.003,-0.0017,0.0004,1.0008,-0.2143,0.4952,0.0,0.0,0.0,0.0,0.0,-0.0197,0.0042,-1.0692,0.0342,0.0034,0.0029,0.0049,-0.0088,0.0,0.0,-0.7057897853611195
121152.644474638,-0.4055,-0.0119,-0.0006,0.003,-0.0017,0.0004,1.0007,-0.2142,0.4904,0.0,0.0,0.0,0.0,0.0,-0.0197,0.0042,-1.0629,0.0342,0.0037,0.0024,0.0047,-0.0086,0.0,0.0,-0.7012447704548326
121152.64949968,-0.403,-0.0119,-0.0006,0.003,-0.0017,0.0004,1.0006,-0.2142,0.4857,0.0,0.0,0.0,0.0,0.0,-0.0197,0.0042,-1.0569,0.0342,0.0034,0.0028,0.0049,-0.0088,0.0,0.0,-0.6966869901830768
121152.654644915,-0.4006,-0.0119,-0.0006,0.003,-0.0017,0.0004,1.0005,-0.2142,0.4811,0.0,0.0,0.0,0.0,0.0,-0.0197,0.0042,-1.0506,0.0342,0.0037,0.0025,0.0048,-0.0086,0.0,0.0,-0.6921165694996942
121152.660213087,-0.3982,-0.0119,-0.0006,0.003,-0.0017,0.0004,1.0004,-0.2142,0.4766,0.0,0.0,0.0,0.0,0.0,-0.0197,0.0042,-1.0439,0.0342,0.0034,0.0028,0.0049,-0.0088,0.0,0.0,-0.687533633705083
121152.686849257,-0.3959,-0.0119,-0.0006,0.003,-0.0017,0.0004,1.0003,-0.2142,0.4721,0.0,0.0,0.0,0.0,0.0,-0.0197,0.0042,-1.0376,0.0342,0.0036,0.0026,0.0048,-0.0087,0.0,0.0,-0.6829383084427367
121152.692967665,-0.3935,-0.0119,-0.0006,0.003,-0.0017,0.0004,1.0002,-0.2141,0.4677,0.0,0.0,0.0,0.0,0.0,-0.0197,0.0042,-1.0308,0.0342,0.0034,0.0028,0.0049,-0.0088,0.0,0.0,-0.6783307196958236
121152.69856428,-0.3912,-0.0119,-0.0006,0.003,-0.0017,0.0004,1.0001,-0.2141,0.4634,0.0,0.0,0.0,0.0,0.0,-0.0197,0.0042,-1.0241,0.0342,0.0038,0.0024,0.0047,-0.0086,0.0,0.0,-0.6737109937837148
121152.725594464,-0.3889,-0.0119,-0.0006,0.003,-0.0017,0.0004,1.0,-0.2141,0.4593,0.0,0.0,0.0,0.0,0.0,-0.0197,0.0042,-1.0173,0.0342,0.0035,0.0027,0.0049,-0.0087,0.0,0.0,-0.6690792573585285
121152.7309438,-0.3866,-0.0119,-0.0006,0.003,-0.0017,0.0004,0.9999,-0.2141,0.4552,0.0,0.0,0.0,0.0,0.0,-0.0197,0.0042,-1.0102,0.0342,0.0035,0.0028,0.0049,-0.0088,0.0,0.0,-0.6644356374016614
121152.736561164,-0.3844,-0.0119,-0.0006,0.003,-0.0017,0.0004,0.9999,-0.2141,0.4512,0.0,0.0,0.0,0.0,0.0,-0.0197,0.0042,-1.0034,0.0342,0.0036,0.0026,0.0048,-0.0087,0.0,0.0,-0.6597802612202974
121152.763938809,-0.3821,-0.0119,-0.0006,0.003,-0.0017,0.0004,0.9998,-0.214,0.4474,0.0,0.0,0.0,0.0,0.0,-0.0198,0.0042,-0.9963,0.0342,0.0035,0.0027,0.0049,-0.0087,0.0,0.0,-0.655113256443931
121152.768855885,-0.3799,-0.0119,-0.0006,0.003,-0.0017,0.0004,0.9997,-0.214,0.4437,0.0,0.0,0.0,0.0,0.0,-0.0198,0.0042,-0.9891,0.0342,0.0034,0.0028,0.0049,-0.0088,0.0,0.0,-0.650434751020849
121152.774589606,-0.3777,-0.0119,-0.0006,0.003,-0.0017,0.0004,0.9996,-0.214,0.4401,0.0,0.0,0.0,0.0,0.0,-0.0198,0.0042,-0.9817,0.0342,0.0036,0.0026,0.0048,-0.0087,0.0,0.0,-0.6457448732146474
121152.780237707,-0.3755,-0.0119,-0.0006,0.003,-0.0017,0.0004,0.9995,-0.214,0.4367,0.0,0.0,0.0,0.0,0.0,-0.0198,0.0042,-0.9745,0.0342,0.0037,0.0025,0.0048,-0.0086,0.0,0.0,-0.641043751600689
121152.80977638,-0.3734,-0.0119,-0.0006,0.003,-0.0017,0.0004,0.9994,-0.2139,0.4334,0.0,0.0,0.0,0.0,0.0,-0.0198,0.0042,-0.967,0.0341,0.0035,0.0028,0.0049,-0.0088,0.0,0.0,-0.6363315150626023
121152.814683606,-0.3712,-0.0119,-0.0006,0.003,-0.0017,0.0004,0.9993,-0.2139,0.4303,0.0,0.0,0.0,0.0,0.0,-0.0198,0.0042,-0.9594,0.0342,0.0036,0.0026,0.0048,-0.0087,0.0,0.0,-0.631608292788731
121152.819973951,-0.3691,-0.0119,-0.0006,0.003,-0.0017,0.0004,0.9992,-0.2139,0.4273,0.0,0.0,0.0,0.0,0.0,-0.0198,0.0042,-0.9519,0.0341,0.0035,0.0027,0.0049,-0.0087,0.0,0.0,-0.6268742142685994
121152.846898568,-0.367,-0.0119,-0.0006,0.003,-0.0017,0.0004,0.9991,-0.2139,0.4245,0.0,0.0,0.0,0.0,0.0,-0.0198,0.0042,-0.944,0.0341,0.0035,0.0027,0.0049,-0.0087,0.0,0.0,-0.62212940928936
121152.851697438,-0.3648,-0.0119,-0.0006,0.003,-0.0017,0.0004,0.999,-0.2139,0.4218,0.0,0.0,0.0,0.0,0.0,-0.0198,0.0042,-0.9365,0.0341,0.0037,0.0025,0.0048,-0.0086,0.0,0.0,-0.617374007932243
121152.857203696,-0.3628,-0.0119,-0.0006,0.003,-0.0017,0.0004,0.9989,-0.2138,0.4194,0.0,0.0,0.0,0.0,0.0,-0.0198,0.0042,-0.9286,0.0341,0.0035,0.0027,0.0049,-0.0087,0.0,0.0,-0.6126081405689723
121152.88048754,-0.3607,-0.0119,-0.0006,0.003,-0.0017,0.0004,0.9988,-0.2138,0.4171,0.0,0.0,0.0,0.0,0.0,-0.0198,0.0042,-0.9207,0.0341,0.0037,0.0026,0.0049,-0.0087,0.0,0.0,-0.6078319378582138
121152.888892688,-0.3586,-0.0119,-0.0006,0.003,-0.0017,0.0004,0.9987,-0.2138,0.4149,0.0,0.0,0.0,0.0,0.0,-0.0198,0.0042,-0.9128,0.0341,0.0035,0.0028,0.0049,-0.0088,0.0,0.0,-0.6030455307419762
121152.894998362,-0.3565,-0.0119,-0.0006,0.003,-0.0017,0.0004,0.9986,-0.2138,0.413,0.0,0.0,0.0,0.0,0.0,-0.0198,0.0042,-0.9046,0.0341,0.0036,0.0027,0.0049,-0.0087,0.0,0.0,-0.5982490504420283
121152.900115615,-0.3545,-0.0119,-0.0006,0.0029,-0.0017,0.0004,0.9985,-0.2138,0.4113,0.0,0.0,0.0,0.0,0.0,-0.0199,0.0042,-0.8967,0.0341,0.0036,0.0026,0.0049,-0.0087,0.0,0.0,-0.5934426284562987
121152.925938749,-0.3524,-0.0119,-0.0006,0.0029,-0.0017,0.0004,0.9984,-0.2137,0.4097,0.0,0.0,0.0,0.0,0.0,-0.0199,0.0042,-0.8885,0.0341,0.0035,0.0028,0.005,-0.0088,0.0,0.0,-0.588626396555279
121152.932635044,-0.3504,-0.0119,-0.0006,0.0029,-0.0017,0.0004,0.9983,-0.2137,0.4084,0.0,0.0,0.0,0.0,0.0,-0.0199,0.0042,-0.8803,0.0341,0.0038,0.0024,0.0048,-0.0086,0.0,0.0,-0.5838004867783934
121152.941803473,-0.3483,-0.0119,-0.0006,0.0029,-0.0017,0.0004,0.9982,-0.2137,0.4072,0.0,0.0,0.0,0.0,0.0,-0.0199,0.0042,-0.8724,0.0341,0.0035,0.0027,0.0049,-0.0087,0.0,0.0,-0.5789650314304025
121152.970902777,-0.3463,-0.0119,-0.0006,0.0029,-0.0017,0.0004,0.9981,-0.2137,0.4062,0.0,0.0,0.0,0.0,0.0,-0.0199,0.0042,-0.8639,0.0341,0.0036,0.0026,0.0049,-0.0087,0.0,0.0,-0.5741201630777507
121152.976582693,-0.3443,-0.0119,-0.0006,0.0029,-0.0017,0.0004,0.998,-0.2136,0.4055,0.0,0.0,0.0,0.0,0.0,-0.0199,0.0042,-0.8557,0.0341,0.0036,0.0027,0.0049,-0.0087,0.0,0.0,-0.5692660145449547
121152.981925385,-0.3423,-0.0119,-0.0006,0.0029,-0.0017,0.0004,0.9979,-0.2136,0.4049,0.0,0.0,0.0,0.0,0.0,-0.0199,0.0042,-0.8474,0.0341,0.0036,0.0026,0.0049,-0.0087,0.0,0.0,-0.5644027189109502
121153.008795922,-0.3402,-0.0119,-0.0006,0.0029,-0.0017,0.0004,0.9978,-0.2136,0.4045,0.0,0.0,0.0,0.0,0.0,-0.0199,0.0042,-0.8392,0.0341,0.0036,0.0027,0.0049,-0.0087,0.0,0.0,-0.559530409505442
121153.014434125,-0.3382,-0.0119,-0.0006,0.0029,-0.0017,0.0004,0.9977,-0.2136,0.4044,0.0,0.0,0.0,0.0,0.0,-0.0199,0.0042,-0.8307,0.0341,0.0033,0.003,0.0051,-0.0089,0.0,0.0,-0.5546492199052536
121153.019857127,-0.3362,-0.0119,-0.0006,0.0029,-0.0017,0.0004,0.9976,-0.2136,0.4044,0.0,0.0,0.0,0.0,0.0,-0.0199,0.0042,-0.8225,0.0341,0.0038,0.0024,0.0048,-0.0086,0.0,0.0,-0.5497592839306621
121153.025214757,-0.3342,-0.0119,-0.0006,0.0029,-0.0017,0.0004,0.9975,-0.2135,0.4047,0.0,0.0,0.0,0.0,0.0,-0.0199,0.0042,-0.814,0.0341,0.0034,0.0029,0.005,-0.0088,0.0,0.0,-0.5448607356417372
121153.050695238,-0.3321,-0.0119,-0.0006,0.0029,-0.0017,0.0004,0.9974,-0.2135,0.4052,0.0,0.0,0.0,0.0,0.0,-0.0199,0.0042,-0.8058,0.0341,0.0038,0.0024,0.0048,-0.0086,0.0,0.0,-0.5399537093346483
121153.058538054,-0.3301,-0.0119,-0.0006,0.0029,-0.0017,0.0004,0.9973,-0.2135,0.4058,0.0,0.0,0.0,0.0,0.0,-0.0199,0.0042,-0.7973,0.0341,0.0033,0.0031,0.0051,-0.0089,0.0,0.0,-0.5350383395380051
121153.063774448,-0.3281,-0.0119,-0.0006,0.0029,-0.0017,0.0004,0.9972,-0.2135,0.4067,0.0,0.0,0.0,0.0,0.0,-0.0199,0.0042,-0.7888,0.0341,0.0038,0.0025,0.0049,-0.0086,0.0,0.0,-0.5301147610091521
121153.090588298,-0.326,-0.0119,-0.0006,0.0029,-0.0017,0.0004,0.9971,-0.2135,0.4078,0.0,0.0,0.0,0.0,0.0,-0.02,0.0042,-0.7803,0.0341,0.0032,0.0031,0.0051,-0.0089,0.0,0.0,-0.5251831087304817
121153.096072785,-0.324,-0.0119,-0.0006,0.0029,-0.0017,0.0004,0.997,-0.2134,0.4091,0.0,0.0,0.0,0.0,0.0,-0.02,0.0042,-0.7721,0.034,0.004,0.0022,0.0048,-0.0085,0.0,0.0,-0.5202435179057305
121153.100952695,-0.3219,-0.0119,-0.0006,0.0029,-0.0017,0.0004,0.9969,-0.2134,0.4106,0.0,0.0,0.0,0.0,0.0,-0.02,0.0042,-0.7636,0.0341,0.0034,0.0029,0.005,-0.0088,0.0,0.0,-0.5152961239562817
121153.127567145,-0.3199,-0.0119,-0.0006,0.0029,-0.0017,0.0004,0.9968,-0.2134,0.4123,0.0,0.0,0.0,0.0,0.0,-0.02,0.0042,-0.7551,0.0341,0.0035,0.0028,0.005,-0.0088,0.0,0.0,-0.5103410625174323
121153.133045601,-0.3178,-0.012,-0.0006,0.0029,-0.0017,0.0004,0.9967,-0.2134,0.4142,0.0,0.0,0.0,0.0,0.0,-0.02,0.0042,-0.7466,0.0341,0.0037,0.0025,0.0049,-0.0086,0.0,0.0,-0.5053784694347017
121153.13885858,-0.3157,-0.012,-0.0006,0.0029,-0.0017,0.0004,0.9966,-0.2133,0.4164,0.0,0.0,0.0,0.0,0.0,-0.02,0.0042,-0.7385,0.0341,0.0035,0.0028,0.005,-0.0088,0.0,0.0,-0.5004084807600793
121153.144244543,-0.3136,-0.012,-0.0006,0.0029,-0.0017,0.0004,0.9965,-0.2133,0.4187,0.0,0.0,0.0,0.0,0.0,-0.02,0.0042,-0.73,0.034,0.0037,0.0025,0.0049,-0.0086,0.0,0.0,-0.4954312327483203
121153.171189287,-0.3115,-0.012,-0.0006,0.0029,-0.0017,0.0004,0.9964,-0.2133,0.4212,0.0,0.0,0.0,0.0,0.0,-0.02,0.0042,-0.7215,0.0341,0.0036,0.0026,0.005,-0.0087,0.0,0.0,-0.4904468618531897
121153.17740131,-0.3094,-0.012,-0.0006,0.0029,-0.0017,0.0004,0.9963,-0.2133,0.4239,0.0,0.0,0.0,0.0,0.0,-0.02,0.0043,-0.7134,0.034,0.0037,0.0025,0.0049,-0.0086,0.0,0.0,-0.48545550472373855
121153.182458831,-0.3072,-0.012,-0.0006,0.0029,-0.0017,0.0004,0.9962,-0.2133,0.4268,0.0,0.0,0.0,0.0,0.0,-0.02,0.0043,-0.7049,0.034,0.0036,0.0026,0.005,-0.0087,0.0,0.0,-0.4804572982005372
121153.208496527,-0.3051,-0.012,-0.0006,0.0029,-0.0017,0.0004,0.9961,-0.2132,0.4298,0.0,0.0,0.0,0.0,0.0,-0.02,0.0043,-0.6968,0.034,0.0036,0.0027,0.005,-0.0087,0.0,0.0,-0.475452379311949
121153.213308672,-0.3029,-0.012,-0.0006,0.0029,-0.0017,0.0004,0.996,-0.2132,0.4331,0.0,0.0,0.0,0.0,0.0,-0.02,0.0043,-0.6884,0.034,0.0037,0.0025,0.0049,-0.0086,0.0,0.0,-0.4704408852703468
121153.218596892,-0.3007,-0.012,-0.0006,0.0029,-0.0017,0.0004,0.9959,-0.2132,0.4365,0.0,0.0,0.0,0.0,0.0,-0.02,0.0043,-0.6802,0.034,0.0036,0.0027,0.005,-0.0087,0.0,0.0,-0.46542295346837637
121153.245641654,-0.2985,-0.012,-0.0006,0.0029,-0.0017,0.0004,0.9958,-0.2132,0.4401,0.0,0.0,0.0,0.0,0.0,-0.0201,0.0043,-0.6721,0.034,0.0038,0.0024,0.0049,-0.0086,0.0,0.0,-0.460398721475171
121153.251402646,-0.2963,-0.012,-0.0006,0.0029,-0.0017,0.0004,0.9957,-0.2131,0.4439,0.0,0.0,0.0,0.0,0.0,-0.0201,0.0043,-0.664,0.034,0.0036,0.0027,0.005,-0.0087,0.0,0.0,-0.45536832703258723
121153.256757271,-0.2941,-0.012,-0.0006,0.0029,-0.0017,0.0004,0.9956,-0.2131,0.4479,0.0,0.0,0.0,0.0,0.0,-0.0201,0.0043,-0.6559,0.034,0.0038,0.0024,0.0049,-0.0086,0.0,0.0,-0.4503319080514332
121153.26195894,-0.2918,-0.012,-0.0006,0.0029,-0.0017,0.0004,0.9955,-0.2131,0.452,0.0,0.0,0.0,0.0,0.0,-0.0201,0.0043,-0.6478,0.034,0.0036,0.0026,0.005,-0.0087,0.0,0.0,-0.4452896026076759
121153.290464512,-0.2895,-0.012,-0.0006,0.0029,-0.0017,0.0004,0.9953,-0.2131,0.4563,0.0,0.0,0.0,0.0,0.0,-0.0201,0.0043,-0.64,0.034,0.0036,0.0027,0.005,-0.0087,0.0,0.0,-0.4402415489386713
121153.296076416,-0.2872,-0.012,-0.0006,0.0029,-0.0017,0.0004,0.9952,-0.2131,0.4607,0.0,0.0,0.0,0.0,0.0,-0.0201,0.0043,-0.6319,0.034,0.0036,0.0027,0.005,-0.0087,0.0,0.0,-0.43518788543935394
121153.301198276,-0.2849,-0.012,-0.0006,0.0029,-0.0017,0.0004,0.9951,-0.213,0.4652,0.0,0.0,0.0,0.0,0.0,-0.0201,0.0043,-0.6241,0.034,0.0037,0.0025,0.005,-0.0087,0.0,0.0,-0.43012875065846834
121153.327733378,-0.2825,-0.012,-0.0006,0.0029,-0.0017,0.0004,0.995,-0.213,0.4699,0.0,0.0,0.0,0.0,0.0,-0.0201,0.0043,-0.6163,0.034,0.0036,0.0026,0.005,-0.0087,0.0,0.0,-0.42506428329474333
121153.33302753,-0.2802,-0.012,-0.0006,0.0029,-0.0017,0.0004,0.9949,-0.213,0.4748,0.0,0.0,0.0,0.0,0.0,-0.0201,0.0043,-0.6085,0.034,0.0036,0.0026,0.005,-0.0087,0.0,0.0,-0.419994622193115
121153.338460862,-0.2778,-0.012,-0.0006,0.0029,-0.0017,0.0004,0.9948,-0.213,0.4797,0.0,0.0,0.0,0.0,0.0,-0.0201,0.0043,-0.6008,0.034,0.0036,0.0026,0.005,-0.0087,0.0,0.0,-0.41491990634090004
121153.362097996,-0.2753,-0.012,-0.0006,0.0029,-0.0017,0.0004,0.9947,-0.2129,0.4848,0.0,0.0,0.0,0.0,0.0,-0.0201,0.0043,-0.593,0.034,0.0036,0.0026,0.005,-0.0087,0.0,0.0,-0.4098402748640021
121153.370443251,-0.2729,-0.012,-0.0006,0.0029,-0.0017,0.0004,0.9946,-0.2129,0.4901,0.0,0.0,0.0,0.0,0.0,-0.0201,0.0043,-0.5855,0.034,0.0036,0.0027,0.0051,-0.0087,0.0,0.0,-0.4047558670230772
121153.376934243,-0.2704,-0.012,-0.0006,0.0029,-0.0017,0.0004,0.9945,-0.2129,0.4954,0.0,0.0,0.0,0.0,0.0,-0.0201,0.0043,-0.5781,0.034,0.0037,0.0026,0.005,-0.0087,0.0,0.0,-0.39966682220974165
121153.382069579,-0.2679,-0.012,-0.0006,0.0029,-0.0017,0.0004,0.9944,-0.2129,0.5008,0.0,0.0,0.0,0.0,0.0,-0.0202,0.0043,-0.5706,0.034,0.0036,0.0027,0.0051,-0.0087,0.0,0.0,-0.39457327994272273
121153.40850306,-0.2654,-0.012,-0.0006,0.0029,-0.0017,0.0004,0.9943,-0.2129,0.5063,0.0,0.0,0.0,0.0,0.0,-0.0202,0.0043,-0.5631,0.034,0.0037,0.0025,0.005,-0.0086,0.0,0.0,-0.3894753798640599
121153.413178641,-0.2628,-0.012,-0.0006,0.0029,-0.0017,0.0004,0.9942,-0.2128,0.5119,0.0,0.0,0.0,0.0,0.0,-0.0202,0.0043,-0.556,0.034,0.0035,0.0027,0.0051,-0.0087,0.0,0.0,-0.3843732617352572
121153.419039087,-0.2602,-0.012,-0.0006,0.0029,-0.0017,0.0004,0.9941,-0.2128,0.5176,0.0,0.0,0.0,0.0,0.0,-0.0202,0.0043,-0.5485,0.0339,0.0037,0.0025,0.005,-0.0086,0.0,0.0,-0.37926706543346056
121153.445423609,-0.2576,-0.012,-0.0006,0.0029,-0.0017,0.0004,0.994,-0.2128,0.5234,0.0,0.0,0.0,0.0,0.0,-0.0202,0.0043,-0.5413,0.034,0.0035,0.0028,0.0052,-0.0088,0.0,0.0,-0.3741569309476192
121153.450704346,-0.255,-0.012,-0.0006,0.0029,-0.0017,0.0004,0.9939,-0.2128,0.5292,0.0,0.0,0.0,0.0,0.0,-0.0202,0.0043,-0.5345,0.0339,0.0038,0.0024,0.005,-0.0086,0.0,0.0,-0.36904299837465654
121153.455791201,-0.2523,-0.012,-0.0006,0.0029,-0.0017,0.0004,0.9938,-0.2127,0.5351,0.0,0.0,0.0,0.0,0.0,-0.0202,0.0043,-0.5273,0.034,0.0034,0.0029,0.0052,-0.0088,0.0,0.0,-0.36392540791561057
121153.480224628,-0.2496,-0.012,-0.0006,0.0029,-0.0017,0.0004,0.9937,-0.2127,0.5411,0.0,0.0,0.0,0.0,0.0,-0.0202,0.0043,-0.5204,0.0339,0.0037,0.0025,0.005,-0.0086,0.0,0.0,-0.35880429987181384
121153.489266964,-0.2468,-0.012,-0.0006,0.0029,-0.0017,0.0004,0.9936,-0.2127,0.5471,0.0,0.0,0.0,0.0,0.0,-0.0202,0.0043,-0.5135,0.034,0.0034,0.0029,0.0052,-0.0088,0.0,0.0,-0.3536798146410287
121153.49516999,-0.2441,-0.012,-0.0006,0.0029,-0.0017,0.0004,0.9935,-0.2127,0.5531,0.0,0.0,0.0,0.0,0.0,-0.0202,0.0043,-0.5067,0.0339,0.0037,0.0025,0.0051,-0.0086,0.0,0.0,-0.34855209271360466
121153.501760897,-0.2413,-0.012,-0.0006,0.0029,-0.0017,0.0004,0.9934,-0.2127,0.5592,0.0,0.0,0.0,0.0,0.0,-0.0202,0.0043,-0.5001,0.0339,0.0036,0.0027,0.0051,-0.0087,0.0,0.0,-0.343421274668632
121153.529962688,-0.2384,-0.012,-0.0006,0.0029,-0.0017,0.0004,0.9933,-0.2126,0.5653,0.0,0.0,0.0,0.0,0.0,-0.0202,0.0043,-0.4935,0.0339,0.0036,0.0027,0.0051,-0.0087,0.0,0.0,-0.3382875011700775
121153.538740255,-0.2356,-0.012,-0.0006,0.0029,-0.0017,0.0004,0.9932,-0.2126,0.5714,0.0,0.0,0.0,0.0,0.0,-0.0202,0.0043,-0.4869,0.034,0.0037,0.0026,0.0051,-0.0087,0.0,0.0,-0.333150912962935
121153.544295293,-0.2327,-0.012,-0.0006,0.0029,-0.0017,0.0004,0.9931,-0.2126,0.5775,0.0,0.0,0.0,0.0,0.0,-0.0203,0.0043,-0.4803,0.0339,0.0038,0.0024,0.0051,-0.0086,0.0,0.0,-0.3280116508693631
121153.572282509,-0.2298,-0.012,-0.0006,0.0029,-0.0017,0.0004,0.993,-0.2126,0.5836,0.0,0.0,0.0,0.0,0.0,-0.0203,0.0043,-0.474,0.0339,0.0037,0.0026,0.0051,-0.0087,0.0,0.0,-0.32286985578483346
121153.577530315,-0.2268,-0.012,-0.0006,0.0029,-0.0017,0.0004,0.9929,-0.2125,0.5897,0.0,0.0,0.0,0.0,0.0,-0.0203,0.0043,-0.4677,0.0339,0.0036,0.0027,0.0051,-0.0087,0.0,0.0,-0.3177256686742487
121153.582806283,-0.2238,-0.012,-0.0006,0.0029,-0.0017,0.0004,0.9928,-0.2125,0.5958,0.0,0.0,0.0,0.0,0.0,-0.0203,0.0043,-0.4616,0.0339,0.0038,0.0024,0.0051,-0.0086,0.0,0.0,-0.3125792305681022
121153.609355281,-0.2208,-0.012,-0.0006,0.0029,-0.0017,0.0004,0.9927,-0.2125,0.6019,0.0,0.0,0.0,0.0,0.0,-0.0203,0.0043,-0.4553,0.0339,0.0036,0.0027,0.0052,-0.0087,0.0,0.0,-0.30743068255859274
121153.614287599,-0.2178,-0.012,-0.0006,0.0029,-0.0017,0.0004,0.9926,-0.2125,0.6079,0.0,0.0,0.0,0.0,0.0,-0.0203,0.0043,-0.4492,0.0339,0.0037,0.0025,0.0051,-0.0086,0.0,0.0,-0.30228016579576467
121153.619789108,-0.2147,-0.012,-0.0006,0.0029,-0.0017,0.0004,0.9925,-0.2125,0.6139,0.0,0.0,0.0,0.0,0.0,-0.0203,0.0043,-0.4435,0.0339,0.0035,0.0028,0.0052,-0.0088,0.0,0.0,-0.297127821483635
121153.625457368,-0.2116,-0.012,-0.0006,0.0029,-0.0017,0.0004,0.9924,-0.2124,0.6198,0.0,0.0,0.0,0.0,0.0,-0.0203,0.0043,-0.4374,0.0339,0.0037,0.0025,0.0051,-0.0086,0.0,0.0,-0.2919737908763311
121153.650555371,-0.2085,-0.012,-0.0006,0.0029,-0.0017,0.0004,0.9923,-0.2124,0.6257,0.0,0.0,0.0,0.0,0.0,-0.0203,0.0043,-0.4316,0.0339,0.0036,0.0026,0.0052,-0.0087,0.0,0.0,-0.28681821527419854
121153.658175868,-0.2053,-0.012,-0.0006,0.0029,-0.0017,0.0004,0.9922,-0.2124,0.6315,0.0,0.0,0.0,0.0,0.0,-0.0203,0.0043,-0.4258,0.0339,0.0038,0.0025,0.0051,-0.0086,0.0,0.0,-0.2816612360199538
121153.663389249,-0.2021,-0.012,-0.0006,0.0029,-0.0017,0.0004,0.9921,-0.2124,0.6373,0.0,0.0,0.0,0.0,0.0,-0.0203,0.0043,-0.4203,0.0339,0.0036,0.0027,0.0052,-0.0087,0.0,0.0,-0.27650299449478116
121153.691075776,-0.1989,-0.012,-0.0006,0.0029,-0.0017,0.0004,0.992,-0.2123,0.643,0.0,0.0,0.0,0.0,0.0,-0.0203,0.0043,-0.4147,0.0339,0.0037,0.0025,0.0051,-0.0086,0.0,0.0,-0.271343632114483
121153.696387972,-0.1957,-0.012,-0.0006,0.0029,-0.0017,0.0004,0.9919,-0.2123,0.6485,0.0,0.0,0.0,0.0,0.0,-0.0203,0.0043,-0.4092,0.0339,0.0035,0.0028,0.0053,-0.0088,0.0,0.0,-0.2661832903255816
121153.702088661,-0.1924,-0.012,-0.0006,0.0029,-0.0017,0.0004,0.9918,-0.2123,0.654,0.0,0.0,0.0,0.0,0.0,-0.0204,0.0043,-0.4036,0.0339,0.0038,0.0025,0.0051,-0.0086,0.0,0.0,-0.2610221106014592
121153.728323759,-0.1891,-0.012,-0.0006,0.0029,-0.0017,0.0004,0.9917,-0.2123,0.6594,0.0,0.0,0.0,0.0,0.0,-0.0204,0.0043,-0.3983,0.0339,0.0037,0.0026,0.0052,-0.0087,0.0,0.0,-0.25586023443845796
121153.733628837,-0.1858,-0.012,-0.0006,0.0029,-0.0017,0.0004,0.9916,-0.2123,0.6647,0.0,0.0,0.0,0.0,0.0,-0.0204,0.0043,-0.393,0.0339,0.0036,0.0027,0.0052,-0.0087,0.0,0.0,-0.2506978033520275
121153.738884612,-0.1824,-0.012,-0.0006,0.0029,-0.0017,0.0004,0.9915,-0.2122,0.6699,0.0,0.0,0.0,0.0,0.0,-0.0204,0.0043,-0.3877,0.0338,0.004,0.0022,0.0051,-0.0085,0.0,0.0,-0.2455349588728168
121153.74448566,-0.179,-0.012,-0.0006,0.0029,-0.0017,0.0004,0.9914,-0.2122,0.675,0.0,0.0,0.0,0.0,0.0,-0.0204,0.0043,-0.3827,0.0339,0.0034,0.0029,0.0053,-0.0088,0.0,0.0,-0.24037184254282049
121153.773683002,-0.1756,-0.012,-0.0006,0.0029,-0.0017,0.0004,0.9913,-0.2122,0.6799,0.0,0.0,0.0,0.0,0.0,-0.0204,0.0043,-0.3776,0.0339,0.0039,0.0023,0.0051,-0.0086,0.0,0.0,-0.23520859591147739
121153.779516695,-0.1722,-0.012,-0.0006,0.0029,-0.0017,0.0004,0.9912,-0.2122,0.6847,0.0,0.0,0.0,0.0,0.0,-0.0204,0.0043,-0.3725,0.0339,0.0036,0.0027,0.0053,-0.0087,0.0,0.0,-0.2300453605318056
121153.784759115,-0.1688,-0.012,-0.0006,0.0029,-0.0017,0.0004,0.9911,-0.2121,0.6894,0.0,0.0,0.0,0.0,0.0,-0.0204,0.0043,-0.3674,0.0338,0.0038,0.0024,0.0052,-0.0086,0.0,0.0,-0.2248822779565095
121153.811136513,-0.1653,-0.012,-0.0006,0.0029,-0.0017,0.0004,0.991,-0.2121,0.6939,0.0,0.0,0.0,0.0,0.0,-0.0204,0.0043,-0.3626,0.0338,0.0037,0.0026,0.0052,-0.0087,0.0,0.0,-0.21971948973410427
121153.816236984,-0.1618,-0.012,-0.0006,0.0029,-0.0017,0.0004,0.9909,-0.2121,0.6983,0.0,0.0,0.0,0.0,0.0,-0.0204,0.0043,-0.3577,0.0338,0.0036,0.0028,0.0053,-0.0088,0.0,0.0,-0.2145571374050422
121153.82105589,-0.1583,-0.012,-0.0006,0.0029,-0.0017,0.0004,0.9908,-0.2121,0.7025,0.0,0.0,0.0,0.0,0.0,-0.0204,0.0044,-0.3528,0.0338,0.0039,0.0023,0.0051,-0.0085,0.0,0.0,-0.20939536249781315
121153.849211601,-0.1547,-0.012,-0.0006,0.0029,-0.0017,0.0004,0.9907,-0.2121,0.7066,0.0,0.0,0.0,0.0,0.0,-0.0204,0.0044,-0.3482,0.0338,0.0036,0.0027,0.0053,-0.0087,0.0,0.0,-0.20423430652509064
121153.853981336,-0.1512,-0.012,-0.0006,0.0029,-0.0017,0.0004,0.9906,-0.212,0.7104,0.0,0.0,0.0,0.0,0.0,-0.0205,0.0044,-0.3436,0.0338,0.0037,0.0026,0.0052,-0.0087,0.0,0.0,-0.1990741109798243
121153.859500478,-0.1476,-0.012,-0.0006,0.0029,-0.0017,0.0004,0.9905,-0.212,0.7142,0.0,0.0,0.0,0.0,0.0,-0.0205,0.0044,-0.339,0.0338,0.0037,0.0026,0.0052,-0.0087,0.0,0.0,-0.19391491733138688
121153.864610477,-0.144,-0.012,-0.0006,0.0029,-0.0017,0.0004,0.9904,-0.212,0.7177,0.0,0.0,0.0,0.0,0.0,-0.0205,0.0044,-0.3343,0.0338,0.0037,0.0026,0.0052,-0.0087,0.0,0.0,-0.18875686702167488
121153.891990491,-0.1404,-0.012,-0.0006,0.0029,-0.0017,0.0004,0.9903,-0.212,0.7211,0.0,0.0,0.0,0.0,0.0,-0.0205,0.0044,-0.3296,0.0338,0.0037,0.0026,0.0053,-0.0087,0.0,0.0,-0.18360010146124836
121153.897173357,-0.1368,-0.0121,-0.0006,0.0029,-0.0017,0.0004,0.9902,-0.2119,0.7242,0.0,0.0,0.0,0.0,0.0,-0.0205,0.0044,-0.3252,0.0338,0.0039,0.0024,0.0052,-0.0086,0.0,0.0,-0.17844476202543313
121153.90260246,-0.1331,-0.0121,-0.0006,0.0029,-0.0017,0.0004,0.99,-0.2119,0.7272,0.0,0.0,0.0,0.0,0.0,-0.0205,0.0044,-0.3207,0.0338,0.0036,0.0028,0.0053,-0.0088,0.0,0.0,-0.173290990050471
121153.929540142,-0.1295,-0.0121,-0.0006,0.0029,-0.0017,0.0004,0.9899,-0.2119,0.73,0.0,0.0,0.0,0.0,0.0,-0.0205,0.0044,-0.3163,0.0338,0.0039,0.0023,0.0052,-0.0086,0.0,0.0,-0.168138926829617
121153.934464676,-0.1258,-0.0121,-0.0006,0.0029,-0.0017,0.0004,0.9898,-0.2119,0.7326,0.0,0.0,0.0,0.0,0.0,-0.0205,0.0044,-0.312,0.0338,0.0035,0.0029,0.0054,-0.0088,0.0,0.0,-0.1629887136092923
121153.939547784,-0.1221,-0.0121,-0.0006,0.0029,-0.0017,0.0004,0.9897,-0.2119,0.735,0.0,0.0,0.0,0.0,0.0,-0.0205,0.0044,-0.3075,0.0338,0.0039,0.0024,0.0052,-0.0086,0.0,0.0,-0.157840491585192
121153.965779741,-0.1185,-0.0121,-0.0006,0.0029,-0.0017,0.0004,0.9896,-0.2118,0.7372,0.0,0.0,0.0,0.0,0.0,-0.0205,0.0044,-0.3033,0.0338,0.0037,0.0026,0.0053,-0.0087,0.0,0.0,-0.1526944018984236
121153.972491855,-0.1148,-0.0121,-0.0006,0.0029,-0.0017,0.0004,0.9895,-0.2118,0.7391,0.0,0.0,0.0,0.0,0.0,-0.0205,0.0044,-0.299,0.0338,0.0039,0.0023,0.0052,-0.0085,0.0,0.0,-0.14755058563163365
121153.979140711,-0.1111,-0.0121,-0.0006,0.0029,-0.0017,0.0004,0.9894,-0.2118,0.7409,0.0,0.0,0.0,0.0,0.0,-0.0205,0.0044,-0.2947,0.0338,0.0037,0.0026,0.0053,-0.0087,0.0,0.0,-0.14240918380514872
121153.984864944,-0.1073,-0.0121,-0.0006,0.0029,-0.0017,0.0004,0.9893,-0.2118,0.7425,0.0,0.0,0.0,0.0,0.0,-0.0205,0.0044,-0.2903,0.0338,0.0036,0.0028,0.0053,-0.0088,0.0,0.0,-0.13727033737309002
121154.011238013,-0.1036,-0.0121,-0.0006,0.0029,-0.0017,0.0004,0.9892,-0.2117,0.7438,0.0,0.0,0.0,0.0,0.0,-0.0206,0.0044,-0.2863,0.0338,0.004,0.0023,0.0052,-0.0086,0.0,0.0,-0.1321341872195336
121154.017042947,-0.0999,-0.0121,-0.0006,0.0029,-0.0017,0.0004,0.9891,-0.2117,0.745,0.0,0.0,0.0,0.0,0.0,-0.0206,0.0044,-0.2819,0.0338,0.0036,0.0027,0.0053,-0.0087,0.0,0.0,-0.1270008741546287
121154.023267491,-0.0962,-0.0121,-0.0006,0.0029,-0.0017,0.0004,0.989,-0.2117,0.7459,0.0,0.0,0.0,0.0,0.0,-0.0206,0.0044,-0.2777,0.0338,0.0038,0.0025,0.0053,-0.0087,0.0,0.0,-0.12187053891074436
121154.051699036,-0.0924,-0.0121,-0.0006,0.0029,-0.0017,0.0004,0.9889,-0.2117,0.7466,0.0,0.0,0.0,0.0,0.0,-0.0206,0.0044,-0.2736,0.0338,0.0037,0.0026,0.0053,-0.0087,0.0,0.0,-0.11674332213861627
121154.058061618,-0.0887,-0.0121,-0.0006,0.0029,-0.0017,0.0004,0.9888,-0.2117,0.7471,0.0,0.0,0.0,0.0,0.0,-0.0206,0.0044,-0.2691,0.0338,0.0039,0.0024,0.0052,-0.0086,0.0,0.0,-0.11161936440347882
121154.063519866,-0.0849,-0.0121,-0.0006,0.0029,-0.0017,0.0004,0.9887,-0.2116,0.7473,0.0,0.0,0.0,0.0,0.0,-0.0206,0.0044,-0.2649,0.0338,0.0038,0.0026,0.0053,-0.0087,0.0,0.0,-0.10649880618122687
121154.090177225,-0.0812,-0.0121,-0.0006,0.0029,-0.0017,0.0004,0.9886,-0.2116,0.7474,0.0,0.0,0.0,0.0,0.0,-0.0206,0.0044,-0.2607,0.0338,0.004,0.0023,0.0052,-0.0086,0.0,0.0,-0.10138178785454369
121154.096418382,-0.0775,-0.0121,-0.0006,0.0029,-0.0017,0.0004,0.9885,-0.2116,0.7472,0.0,0.0,0.0,0.0,0.0,-0.0206,0.0044,-0.2567,0.0338,0.0037,0.0027,0.0053,-0.0087,0.0,0.0,-0.09626844970907858
121154.101991444,-0.0737,-0.0121,-0.0006,0.0029,-0.0017,0.0004,0.9884,-0.2116,0.7468,0.0,0.0,0.0,0.0,0.0,-0.0206,0.0044,-0.2525,0.0338,0.0038,0.0025,0.0053,-0.0086,0.0,0.0,-0.09115893192957283
121154.10742788,-0.07,-0.0121,-0.0006,0.0029,-0.0017,0.0004,0.9883,-0.2115,0.7462,0.0,0.0,0.0,0.0,0.0,-0.0206,0.0044,-0.2482,0.0338,0.0039,0.0024,0.0052,-0.0086,0.0,0.0,-0.08605337459604262
121154.131330478,-0.0663,-0.0121,-0.0006,0.0029,-0.0017,0.0004,0.9882,-0.2115,0.7454,0.0,0.0,0.0,0.0,0.0,-0.0206,0.0044,-0.2438,0.0338,0.0038,0.0025,0.0053,-0.0086,0.0,0.0,-0.08095191767991952
121154.139892117,-0.0625,-0.0121,-0.0006,0.0029,-0.0017,0.0004,0.9881,-0.2115,0.7443,0.0,0.0,0.0,0.0,0.0,-0.0207,0.0044,-0.2398,0.0338,0.0038,0.0026,0.0053,-0.0087,0.0,0.0,-0.07585470104022193
121154.145980208,-0.0588,-0.0121,-0.0006,0.0029,-0.0017,0.0004,0.988,-0.2115,0.743,0.0,0.0,0.0,0.0,0.0,-0.0207,0.0044,-0.2354,0.0338,0.0037,0.0027,0.0053,-0.0087,0.0,0.0,-0.0707618644197171
121154.173417079,-0.0551,-0.0121,-0.0006,0.0029,-0.0017,0.0004,0.9879,-0.2114,0.7416,0.0,0.0,0.0,0.0,0.0,-0.0207,0.0044,-0.2313,0.0338,0.0039,0.0025,0.0053,-0.0086,0.0,0.0,-0.06567354744109882
121154.179075179,-0.0514,-0.0121,-0.0006,0.0029,-0.0017,0.0004,0.9878,-0.2114,0.7399,0.0,0.0,0.0,0.0,0.0,-0.0207,0.0044,-0.2269,0.0338,0.0037,0.0027,0.0053,-0.0087,0.0,0.0,-0.06058988960314052
121154.184595121,-0.0477,-0.0121,-0.0006,0.0029,-0.0017,0.0004,0.9877,-0.2114,0.738,0.0,0.0,0.0,0.0,0.0,-0.0207,0.0044,-0.2224,0.0338,0.004,0.0023,0.0052,-0.0085,0.0,0.0,-0.05551103027689491
121154.214408159,-0.044,-0.0121,-0.0006,0.0029,-0.0017,0.0004,0.9876,-0.2114,0.7359,0.0,0.0,0.0,0.0,0.0,-0.0207,0.0044,-0.2183,0.0338,0.0036,0.0028,0.0054,-0.0088,0.0,0.0,-0.05043710870185433
121154.216635558,-0.0404,-0.0121,-0.0006,0.0029,-0.0017,0.0004,0.9875,-0.2114,0.7335,0.0,0.0,0.0,0.0,0.0,-0.0207,0.0044,-0.2138,0.0338,0.004,0.0024,0.0052,-0.0086,0.0,0.0,-0.045368263982141804
121154.221577088,-0.0367,-0.0121,-0.0006,0.0029,-0.0017,0.0004,0.9874,-0.2113,0.731,0.0,0.0,0.0,0.0,0.0,-0.0207,0.0044,-0.2093,0.0338,0.0037,0.0028,0.0054,-0.0088,0.0,0.0,-0.04030463508269411
121154.226810512,-0.0331,-0.0121,-0.0006,0.0029,-0.0017,0.0004,0.9873,-0.2113,0.7283,0.0,0.0,0.0,0.0,0.0,-0.0207,0.0044,-0.205,0.0338,0.0041,0.0023,0.0052,-0.0085,0.0,0.0,-0.03524636082546059
121154.251280693,-0.0294,-0.0121,-0.0006,0.0029,-0.0017,0.0004,0.9872,-0.2113,0.7254,0.0,0.0,0.0,0.0,0.0,-0.0207,0.0044,-0.2005,0.0338,0.0037,0.0027,0.0054,-0.0087,0.0,0.0,-0.030193579885578303
121154.25676809,-0.0258,-0.0121,-0.0006,0.0029,-0.0017,0.0004,0.9871,-0.2113,0.7223,0.0,0.0,0.0,0.0,0.0,-0.0207,0.0044,-0.1959,0.0338,0.0039,0.0025,0.0052,-0.0086,0.0,0.0,-0.025146430787595958
121154.264684532,-0.0222,-0.0121,-0.0006,0.0029,-0.0017,0.0004,0.9869,-0.2112,0.719,0.0,0.0,0.0,0.0,0.0,-0.0207,0.0044,-0.1914,0.0338,0.0037,0.0028,0.0054,-0.0088,0.0,0.0,-0.020105051901648713
121154.291798527,-0.0187,-0.0121,-0.0006,0.0029,-0.0017,0.0004,0.9868,-0.2112,0.7155,0.0,0.0,0.0,0.0,0.0,-0.0207,0.0044,-0.1868,0.0338,0.0041,0.0023,0.0052,-0.0085,0.0,0.0,-0.015069581439688895
121154.296953099,-0.0151,-0.0121,-0.0006,0.0029,-0.0017,0.0004,0.9867,-0.2112,0.7119,0.0,0.0,0.0,0.0,0.0,-0.0208,0.0044,-0.1821,0.0337,0.0037,0.0028,0.0054,-0.0088,0.0,0.0,-0.010040157451684517
121154.302476377,-0.0116,-0.0121,-0.0006,0.0029,-0.0017,0.0004,0.9866,-0.2112,0.708,0.0,0.0,0.0,0.0,0.0,-0.0208,0.0044,-0.1772,0.0338,0.004,0.0023,0.0052,-0.0086,0.0,0.0,-0.0050169178218330834
121154.328643608,-0.008,-0.0121,-0.0006,0.0029,-0.0017,0.0004,0.9865,-0.2112,0.704,0.0,0.0,0.0,0.0,0.0,-0.0208,0.0044,-0.1726,0.0338,0.0038,0.0026,0.0053,-0.0087,0.0,0.0,-2.6478658154971413e-10
121154.333442303,-0.0045,-0.0121,-0.0006,0.0029,-0.0017,0.0004,0.9864,-0.2111,0.6999,0.0,0.0,0.0,0.0,0.0,-0.0208,0.0044,-0.1676,0.0338,0.0037,0.0028,0.0054,-0.0088,0.0,0.0,0.005010457678127689
121154.338629987,-0.001,-0.0121,-0.0006,0.0029,-0.0017,0.0004,0.9863,-0.2111,0.6956,0.0,0.0,0.0,0.0,0.0,-0.0208,0.0044,-0.163,0.0337,0.004,0.0023,0.0052,-0.0086,0.0,0.0,0.010014318642669023
121154.343973811,0.0024,-0.0121,-0.0006,0.0029,-0.0017,0.0004,0.9862,-0.2111,0.6911,0.0,0.0,0.0,0.0,0.0,-0.0208,0.0044,-0.158,0.0338,0.0038,0.0026,0.0053,-0.0087,0.0,0.0,0.015011445445468174
121154.369413422,0.0058,-0.0121,-0.0006,0.0029,-0.0017,0.0004,0.9861,-0.2111,0.6864,0.0,0.0,0.0,0.0,0.0,-0.0208,0.0044,-0.153,0.0338,0.004,0.0024,0.0052,-0.0086,0.0,0.0,0.020001701087764612
121154.376302485,0.0093,-0.0121,-0.0006,0.0029,-0.0017,0.0004,0.986,-0.211,0.6817,0.0,0.0,0.0,0.0,0.0,-0.0208,0.0044,-0.1478,0.0337,0.0038,0.0026,0.0053,-0.0087,0.0,0.0,0.024984948759180614
121154.38151237,0.0126,-0.0121,-0.0006,0.0029,-0.0017,0.0004,0.9859,-0.211,0.6768,0.0,0.0,0.0,0.0,0.0,-0.0208,0.0044,-0.1428,0.0338,0.0038,0.0027,0.0053,-0.0087,0.0,0.0,0.02996105184146408
121154.41099374,0.016,-0.0121,-0.0006,0.0029,-0.0017,0.0004,0.9858,-0.211,0.6717,0.0,0.0,0.0,0.0,0.0,-0.0208,0.0044,-0.1375,0.0337,0.0039,0.0026,0.0053,-0.0087,0.0,0.0,0.03492987391223701
121154.416213463,0.0193,-0.0121,-0.0006,0.0029,-0.0017,0.0004,0.9857,-0.211,0.6666,0.0,0.0,0.0,0.0,0.0,-0.0208,0.0044,-0.1325,0.0337,0.004,0.0024,0.0052,-0.0086,0.0,0.0,0.03989127874872739
121154.421340934,0.0226,-0.0121,-0.0006,0.0029,-0.0017,0.0004,0.9856,-0.211,0.6613,0.0,0.0,0.0,0.0,0.0,-0.0208,0.0044,-0.1272,0.0337,0.0038,0.0026,0.0053,-0.0087,0.0,0.0,0.04484513033152193
121154.448790981,0.0259,-0.0121,-0.0006,0.0029,-0.0017,0.0004,0.9855,-0.2109,0.6559,0.0,0.0,0.0,0.0,0.0,-0.0209,0.0044,-0.1219,0.0337,0.004,0.0024,0.0052,-0.0086,0.0,0.0,0.04979129284827055
121154.454052783,0.0292,-0.0121,-0.0006,0.0029,-0.0017,0.0004,0.9854,-0.2109,0.6504,0.0,0.0,0.0,0.0,0.0,-0.0209,0.0044,-0.1163,0.0337,0.0037,0.0027,0.0053,-0.0087,0.0,0.0,0.054729630697435916
121154.459407453,0.0324,-0.0121,-0.0006,0.0029,-0.0017,0.0004,0.9853,-0.2109,0.6448,0.0,0.0,0.0,0.0,0.0,-0.0209,0.0045,-0.1107,0.0337,0.004,0.0023,0.0052,-0.0086,0.0,0.0,0.05966000849198638
121154.465063092,0.0356,-0.0121,-0.0006,0.0029,-0.0017,0.0004,0.9852,-0.2109,0.6391,0.0,0.0,0.0,0.0,0.0,-0.0209,0.0045,-0.1054,0.0337,0.0038,0.0026,0.0053,-0.0087,0.0,0.0,0.06458229106312735
121154.49169243,0.0388,-0.0121,-0.0006,0.0029,-0.0017,0.0004,0.9851,-0.2108,0.6333,0.0,0.0,0.0,0.0,0.0,-0.0209,0.0045,-0.0996,0.0337,0.0039,0.0025,0.0053,-0.0087,0.0,0.0,0.0694963434639907
121154.496935567,0.0419,-0.0121,-0.0006,0.0029,-0.0017,0.0004,0.985,-0.2108,0.6274,0.0,0.0,0.0,0.0,0.0,-0.0209,0.0045,-0.094,0.0337,0.0039,0.0025,0.0053,-0.0087,0.0,0.0,0.0744020309733543
121154.502103444,0.045,-0.0121,-0.0006,0.0029,-0.0017,0.0004,0.9849,-0.2108,0.6215,0.0,0.0,0.0,0.0,0.0,-0.0209,0.0045,-0.0881,0.0337,0.0039,0.0026,0.0053,-0.0087,0.0,0.0,0.0792992190993102
121154.529088975,0.0481,-0.0121,-0.0006,0.0029,-0.0017,0.0004,0.9847,-0.2108,0.6155,0.0,0.0,0.0,0.0,0.0,-0.0209,0.0045,-0.0823,0.0337,0.0041,0.0023,0.0052,-0.0085,0.0,0.0,0.08418777358297891
121154.534455371,0.0512,-0.0121,-0.0006,0.0029,-0.0017,0.0004,0.9846,-0.2107,0.6094,0.0,0.0,0.0,0.0,0.0,-0.0209,0.0045,-0.0764,0.0337,0.0039,0.0025,0.0052,-0.0086,0.0,0.0,0.08906756040216474
121154.539974272,0.0542,-0.0121,-0.0006,0.0029,-0.0017,0.0004,0.9845,-0.2107,0.6033,0.0,0.0,0.0,0.0,0.0,-0.0209,0.0045,-0.0706,0.0337,0.0038,0.0026,0.0053,-0.0087,0.0,0.0,0.09393844577504878
121154.563951743,0.0572,-0.0121,-0.0006,0.0029,-0.0017,0.0004,0.9844,-0.2107,0.5972,0.0,0.0,0.0,0.0,0.0,-0.0209,0.0045,-0.0645,0.0337,0.0038,0.0027,0.0053,-0.0087,0.0,0.0,0.09880029616384961
121154.572779834,0.0601,-0.0121,-0.0006,0.0029,-0.0017,0.0004,0.9843,-0.2107,0.591,0.0,0.0,0.0,0.0,0.0,-0.0209,0.0045,-0.0584,0.0337,0.0041,0.0022,0.0051,-0.0085,0.0,0.0,0.10365297827847952
121154.578594496,0.063,-0.0121,-0.0006,0.0029,-0.0017,0.0004,0.9842,-0.2107,0.5847,0.0,0.0,0.0,0.0,0.0,-0.0209,0.0045,-0.0523,0.0337,0.0038,0.0026,0.0053,-0.0087,0.0,0.0,0.10849635908021044
121154.584335149,0.0659,-0.0121,-0.0006,0.0029,-0.0017,0.0004,0.9841,-0.2106,0.5785,0.0,0.0,0.0,0.0,0.0,-0.021,0.0045,-0.0459,0.0337,0.004,0.0024,0.0052,-0.0086,0.0,0.0,0.11333030578530612
121154.612495262,0.0688,-0.0121,-0.0006,0.0029,-0.0017,0.0004,0.984,-0.2106,0.5722,0.0,0.0,0.0,0.0,0.0,-0.021,0.0045,-0.0396,0.0337,0.0038,0.0026,0.0053,-0.0087,0.0,0.0,0.11815468586868227
121154.617645532,0.0716,-0.0121,-0.0006,0.0029,-0.0017,0.0004,0.9839,-0.2106,0.566,0.0,0.0,0.0,0.0,0.0,-0.021,0.0045,-0.0332,0.0337,0.0039,0.0025,0.0052,-0.0086,0.0,0.0,0.12296936706751543
121154.623132973,0.0744,-0.0122,-0.0006,0.0029,-0.0017,0.0004,0.9838,-0.2106,0.5597,0.0,0.0,0.0,0.0,0.0,-0.021,0.0045,-0.0269,0.0337,0.0039,0.0025,0.0052,-0.0086,0.0,0.0,0.12777421738489492
121154.648333649,0.0772,-0.0122,-0.0006,0.0029,-0.0017,0.0004,0.9837,-0.2105,0.5534,0.0,0.0,0.0,0.0,0.0,-0.021,0.0045,-0.0204,0.0337,0.0039,0.0025,0.0052,-0.0087,0.0,0.0,0.13256910509341724
121154.657277671,0.0799,-0.0122,-0.0006,0.0029,-0.0017,0.0004,0.9836,-0.2105,0.5472,0.0,0.0,0.0,0.0,0.0,-0.021,0.0045,-0.0138,0.0337,0.0039,0.0025,0.0052,-0.0086,0.0,0.0,0.13735389873881693
121154.662846814,0.0826,-0.0122,-0.0006,0.0029,-0.0017,0.0004,0.9835,-0.2105,0.5409,0.0,0.0,0.0,0.0,0.0,-0.021,0.0045,-0.007,0.0337,0.0039,0.0025,0.0052,-0.0087,0.0,0.0,0.14212846714355443
121154.690880448,0.0853,-0.0122,-0.0006,0.0029,-0.0017,0.0004,0.9834,-0.2105,0.5347,0.0,0.0,0.0,0.0,0.0,-0.021,0.0045,-0.0002,0.0337,0.004,0.0024,0.0052,-0.0086,0.0,0.0,0.14689267941043144
121154.696811737,0.088,-0.0122,-0.0006,0.0029,-0.0017,0.0004,0.9833,-0.2104,0.5286,0.0,0.0,0.0,0.0,0.0,-0.021,0.0045,0.0066,0.0337,0.0037,0.0028,0.0053,-0.0088,0.0,0.0,0.15164640492615566
121154.701997326,0.0906,-0.0122,-0.0006,0.0029,-0.0017,0.0004,0.9832,-0.2104,0.5225,0.0,0.0,0.0,0.0,0.0,-0.021,0.0045,0.0133,0.0337,0.004,0.0024,0.0051,-0.0086,0.0,0.0,0.15638951336494716
121154.707145156,0.0932,-0.0122,-0.0006,0.0029,-0.0017,0.0004,0.9831,-0.2104,0.5164,0.0,0.0,0.0,0.0,0.0,-0.021,0.0045,0.0203,0.0337,0.0039,0.0025,0.0052,-0.0086,0.0,0.0,0.16112187469208727
121154.730354982,0.0957,-0.0122,-0.0006,0.0029,-0.0017,0.0004,0.983,-0.2104,0.5104,0.0,0.0,0.0,0.0,0.0,-0.021,0.0045,0.0273,0.0336,0.004,0.0024,0.0052,-0.0086,0.0,0.0,0.16584335916750137
121154.738133793,0.0982,-0.0122,-0.0006,0.0029,-0.0017,0.0004,0.9829,-0.2104,0.5044,0.0,0.0,0.0,0.0,0.0,-0.0211,0.0045,0.0342,0.0336,0.0037,0.0027,0.0053,-0.0087,0.0,0.0,0.1705538373493074
121154.745532515,0.1007,-0.0122,-0.0006,0.0029,-0.0017,0.0004,0.9828,-0.2103,0.4985,0.0,0.0,0.0,0.0,0.0,-0.0211,0.0045,0.0414,0.0337,0.004,0.0023,0.0051,-0.0086,0.0,0.0,0.17525318009736818
121154.772161401,0.1032,-0.0122,-0.0006,0.0029,-0.0017,0.0004,0.9826,-0.2103,0.4927,0.0,0.0,0.0,0.0,0.0,-0.0211,0.0045,0.0485,0.0336,0.0039,0.0025,0.0052,-0.0086,0.0,0.0,0.1799412585768237
121154.77906397,0.1056,-0.0122,-0.0006,0.0029,-0.0017,0.0004,0.9825,-0.2103,0.4869,0.0,0.0,0.0,0.0,0.0,-0.0211,0.0045,0.0556,0.0336,0.0038,0.0027,0.0052,-0.0087,0.0,0.0,0.18461794426164052
121154.784344226,0.108,-0.0122,-0.0006,0.0029,-0.0017,0.0004,0.9824,-0.2103,0.4813,0.0,0.0,0.0,0.0,0.0,-0.0211,0.0045,0.0627,0.0336,0.004,0.0023,0.0051,-0.0086,0.0,0.0,0.1892831089381135
121154.810667041,0.1104,-0.0122,-0.0006,0.0029,-0.0017,0.0004,0.9823,-0.2102,0.4757,0.0,0.0,0.0,0.0,0.0,-0.0211,0.0045,0.07,0.0337,0.0038,0.0026,0.0052,-0.0087,0.0,0.0,0.193936624708398
121154.816349196,0.1128,-0.0122,-0.0006,0.0029,-0.0017,0.0004,0.9822,-0.2102,0.4702,0.0,0.0,0.0,0.0,0.0,-0.0211,0.0045,0.0773,0.0336,0.0041,0.0022,0.0051,-0.0085,0.0,0.0,0.19857836399401008
121154.821741932,0.1151,-0.0122,-0.0006,0.0029,-0.0017,0.0004,0.9821,-0.2102,0.4649,0.0,0.0,0.0,0.0,0.0,-0.0211,0.0045,0.0848,0.0336,0.0037,0.0028,0.0053,-0.0088,0.0,0.0,0.20320819953931923
121154.82718988,0.1174,-0.0122,-0.0006,0.0029,-0.0017,0.0004,0.982,-0.2102,0.4596,0.0,0.0,0.0,0.0,0.0,-0.0211,0.0045,0.0923,0.0336,0.0042,0.0021,0.005,-0.0085,0.0,0.0,0.20782600441504695
121154.851913762,0.1197,-0.0122,-0.0006,0.0029,-0.0017,0.0004,0.9819,-0.2101,0.4545,0.0,0.0,0.0,0.0,0.0,-0.0211,0.0045,0.0997,0.0336,0.0038,0.0026,0.0052,-0.0087,0.0,0.0,0.21243165202173975
121154.857188272,0.1219,-0.0122,-0.0006,0.0029,-0.0017,0.0004,0.9818,-0.2101,0.4494,0.0,0.0,0.0,0.0,0.0,-0.0211,0.0045,0.1071,0.0336,0.0039,0.0025,0.0052,-0.0087,0.0,0.0,0.21702501609324365
121154.863992318,0.1241,-0.0122,-0.0006,0.0029,-0.0017,0.0004,0.9817,-0.2101,0.4445,0.0,0.0,0.0,0.0,0.0,-0.0211,0.0045,0.1148,0.0336,0.0039,0.0024,0.0051,-0.0086,0.0,0.0,0.22160597070015753
121154.892711077,0.1263,-0.0122,-0.0006,0.0029,-0.0017,0.0004,0.9816,-0.2101,0.4397,0.0,0.0,0.0,0.0,0.0,-0.0211,0.0045,0.1223,0.0336,0.0038,0.0027,0.0052,-0.0087,0.0,0.0,0.22617439025330305
121154.897736308,0.1285,-0.0122,-0.0006,0.0029,-0.0017,0.0004,0.9815,-0.2101,0.4351,0.0,0.0,0.0,0.0,0.0,-0.0212,0.0045,0.1299,0.0336,0.0042,0.0021,0.005,-0.0085,0.0,0.0,0.23073014950714582
121154.903045037,0.1307,-0.0122,-0.0006,0.0029,-0.0017,0.0004,0.9814,-0.21,0.4306,0.0,0.0,0.0,0.0,0.0,-0.0212,0.0045,0.1373,0.0336,0.0038,0.0026,0.0052,-0.0087,0.0,0.0,0.2352731235632461
121154.929653315,0.1328,-0.0122,-0.0006,0.0029,-0.0017,0.0004,0.9813,-0.21,0.4262,0.0,0.0,0.0,0.0,0.0,-0.0212,0.0045,0.1451,0.0336,0.0039,0.0025,0.0051,-0.0086,0.0,0.0,0.23980318787367522
121154.93516344,0.1349,-0.0122,-0.0006,0.0029,-0.0017,0.0004,0.9812,-0.21,0.422,0.0,0.0,0.0,0.0,0.0,-0.0212,0.0045,0.1527,0.0336,0.0039,0.0024,0.0051,-0.0086,0.0,0.0,0.24432021824443345
121154.940294949,0.137,-0.0122,-0.0006,0.0029,-0.0017,0.0004,0.9811,-0.21,0.4179,0.0,0.0,0.0,0.0,0.0,-0.0212,0.0045,0.1603,0.0336,0.0038,0.0026,0.0052,-0.0087,0.0,0.0,0.2488240908388466
121154.945886295,0.1391,-0.0122,-0.0006,0.0029,-0.0017,0.0004,0.9809,-0.2099,0.414,0.0,0.0,0.0,0.0,0.0,-0.0212,0.0045,0.1682,0.0336,0.0038,0.0026,0.0052,-0.0087,0.0,0.0,0.2533146821809787
121154.973847112,0.1411,-0.0122,-0.0006,0.0029,-0.0017,0.0004,0.9808,-0.2099,0.4102,0.0,0.0,0.0,0.0,0.0,-0.0212,0.0045,0.176,0.0336,0.0041,0.0022,0.005,-0.0085,0.0,0.0,0.25779186915899344
121154.979894047,0.1432,-0.0122,-0.0006,0.0029,-0.0017,0.0004,0.9807,-0.2099,0.4066,0.0,0.0,0.0,0.0,0.0,-0.0212,0.0045,0.1837,0.0336,0.0039,0.0024,0.0051,-0.0086,0.0,0.0,0.26225552902855437
121154.985259782,0.1452,-0.0122,-0.0006,0.0029,-0.0017,0.0004,0.9806,-0.2099,0.4031,0.0,0.0,0.0,0.0,0.0,-0.0212,0.0045,0.1913,0.0336,0.0039,0.0024,0.0051,-0.0086,0.0,0.0,0.2667055394161668
121155.011899949,0.1472,-0.0122,-0.0006,0.0029,-0.0017,0.0004,0.9805,-0.2098,0.3998,0.0,0.0,0.0,0.0,0.0,-0.0212,0.0045,0.199,0.0336,0.0039,0.0025,0.0051,-0.0086,0.0,0.0,0.27114177832255093
121155.017182219,0.1492,-0.0122,-0.0006,0.0029,-0.0017,0.0004,0.9804,-0.2098,0.3967,0.0,0.0,0.0,0.0,0.0,-0.0212,0.0045,0.2068,0.0335,0.0041,0.0021,0.005,-0.0085,0.0,0.0,0.275564124125972
121155.022334276,0.1511,-0.0122,-0.0006,0.0029,-0.0017,0.0004,0.9803,-0.2098,0.3937,0.0,0.0,0.0,0.0,0.0,-0.0212,0.0045,0.2146,0.0336,0.0038,0.0026,0.0052,-0.0087,0.0,0.0,0.27997245558559136
121155.050821333,0.1531,-0.0122,-0.0006,0.0029,-0.0017,0.0004,0.9802,-0.2098,0.3909,0.0,0.0,0.0,0.0,0.0,-0.0213,0.0045,0.2223,0.0335,0.0039,0.0024,0.0051,-0.0086,0.0,0.0,0.2843666518447697
121155.055505494,0.155,-0.0122,-0.0006,0.0029,-0.0017,0.0004,0.9801,-0.2098,0.3882,0.0,0.0,0.0,0.0,0.0,-0.0213,0.0045,0.2299,0.0336,0.0039,0.0025,0.0051,-0.0086,0.0,0.0,0.2887465924344027
121155.060862449,0.157,-0.0122,-0.0006,0.0029,-0.0017,0.0004,0.98,-0.2097,0.3858,0.0,0.0,0.0,0.0,0.0,-0.0213,0.0046,0.2378,0.0335,0.0039,0.0025,0.0051,-0.0086,0.0,0.0,0.29311215727620343
121155.066309725,0.1589,-0.0122,-0.0006,0.0029,-0.0017,0.0004,0.9799,-0.2097,0.3835,0.0,0.0,0.0,0.0,0.0,-0.0213,0.0046,0.2453,0.0335,0.0039,0.0025,0.0051,-0.0086,0.0,0.0,0.29746322668600533
121155.094732424,0.1608,-0.0122,-0.0006,0.0029,-0.0017,0.0004,0.9798,-0.2097,0.3813,0.0,0.0,0.0,0.0,0.0,-0.0213,0.0046,0.2531,0.0335,0.0038,0.0025,0.0051,-0.0086,0.0,0.0,0.3017996813770438
121155.09955112,0.1627,-0.0122,-0.0006,0.0029,-0.0017,0.0004,0.9797,-0.2097,0.3794,0.0,0.0,0.0,0.0,0.0,-0.0213,0.0046,0.2608,0.0335,0.0039,0.0024,0.0051,-0.0086,0.0,0.0,0.30612140246322295
121155.104557876,0.1646,-0.0122,-0.0006,0.0029,-0.0017,0.0004,0.9796,-0.2096,0.3776,0.0,0.0,0.0,0.0,0.0,-0.0213,0.0046,0.2684,0.0335,0.0039,0.0024,0.0051,-0.0086,0.0,0.0,0.3104282714623777
121155.130873704,0.1665,-0.0122,-0.0006,0.0029,-0.0017,0.0004,0.9794,-0.2096,0.3759,0.0,0.0,0.0,0.0,0.0,-0.0213,0.0046,0.2762,0.0335,0.0038,0.0025,0.0051,-0.0087,0.0,0.0,0.3147201702995145
121155.141501427,0.1683,-0.0122,-0.0006,0.0029,-0.0017,0.0004,0.9793,-0.2096,0.3745,0.0,0.0,0.0,0.0,0.0,-0.0213,0.0046,0.2837,0.0336,0.0038,0.0025,0.0051,-0.0086,0.0,0.0,0.3189969813100644
121155.147531891,0.1702,-0.0122,-0.0006,0.0029,-0.0017,0.0004,0.9792,-0.2096,0.3732,0.0,0.0,0.0,0.0,0.0,-0.0213,0.0046,0.2914,0.0334,0.0037,0.0026,0.0052,-0.0087,0.0,0.0,0.3232585872430872
121155.177255918,0.1721,-0.0122,-0.0006,0.0029,-0.0017,0.0004,0.9791,-0.2095,0.3721,0.0,0.0,0.0,0.0,0.0,-0.0213,0.0046,0.2987,0.0336,0.0039,0.0025,0.0051,-0.0086,0.0,0.0,0.32750487126450967
121155.180120158,0.1739,-0.0122,-0.0006,0.0029,-0.0017,0.0004,0.979,-0.2095,0.3712,0.0,0.0,0.0,0.0,0.0,-0.0213,0.0046,0.3063,0.0334,0.004,0.0023,0.005,-0.0085,0.0,0.0,0.3317357169603057
121155.185273468,0.1758,-0.0122,-0.0006,0.0029,-0.0017,0.0004,0.9789,-0.2095,0.3704,0.0,0.0,0.0,0.0,0.0,-0.0213,0.0046,0.3138,0.0336,0.0037,0.0026,0.0052,-0.0087,0.0,0.0,0.33595100833970637
121155.190775838,0.1776,-0.0122,-0.0006,0.0029,-0.0017,0.0004,0.9788,-0.2095,0.3698,0.0,0.0,0.0,0.0,0.0,-0.0214,0.0046,0.3212,0.0335,0.0037,0.0026,0.0051,-0.0087,0.0,0.0,0.34015062983836486
121155.215719395,0.1795,-0.0122,-0.0006,0.0029,-0.0017,0.0004,0.9787,-0.2095,0.3693,0.0,0.0,0.0,0.0,0.0,-0.0214,0.0046,0.3286,0.0335,0.0038,0.0026,0.0051,-0.0087,0.0,0.0,0.3443344663215421
121155.222387607,0.1813,-0.0122,-0.0006,0.0029,-0.0017,0.0004,0.9786,-0.2094,0.369,0.0,0.0,0.0,0.0,0.0,-0.0214,0.0046,0.3359,0.0335,0.004,0.0022,0.005,-0.0085,0.0,0.0,0.34850240308724156
121155.229698115,0.1832,-0.0122,-0.0006,0.0029,-0.0017,0.0004,0.9785,-0.2094,0.3689,0.0,0.0,0.0,0.0,0.0,-0.0214,0.0046,0.3434,0.0335,0.0037,0.0027,0.0052,-0.0087,0.0,0.0,0.3526543258693774
121155.256695297,0.185,-0.0122,-0.0006,0.0029,-0.0017,0.0004,0.9784,-0.2094,0.369,0.0,0.0,0.0,0.0,0.0,-0.0214,0.0046,0.3505,0.0335,0.0038,0.0025,0.0051,-0.0086,0.0,0.0,0.3567901208408846
121155.26270371,0.1869,-0.0122,-0.0006,0.0029,-0.0017,0.0004,0.9783,-0.2094,0.3691,0.0,0.0,0.0,0.0,0.0,-0.0214,0.0046,0.3576,0.0335,0.0037,0.0026,0.0051,-0.0087,0.0,0.0,0.36090967461685663
121155.267767773,0.1887,-0.0122,-0.0006,0.0029,-0.0017,0.0004,0.9782,-0.2093,0.3695,0.0,0.0,0.0,0.0,0.0,-0.0214,0.0046,0.3649,0.0335,0.0039,0.0024,0.005,-0.0086,0.0,0.0,0.3650128742576455
121155.295899374,0.1906,-0.0122,-0.0006,0.0029,-0.0017,0.0004,0.9781,-0.2093,0.37,0.0,0.0,0.0,0.0,0.0,-0.0214,0.0046,0.3718,0.0335,0.0039,0.0024,0.0051,-0.0086,0.0,0.0,0.3690996072719618
121155.300870389,0.1924,-0.0122,-0.0006,0.0029,-0.0017,0.0004,0.978,-0.2093,0.3706,0.0,0.0,0.0,0.0,0.0,-0.0214,0.0046,0.379,0.0335,0.0038,0.0026,0.0051,-0.0087,0.0,0.0,0.3731697616199513
121155.306379973,0.1943,-0.0122,-0.0006,0.0029,-0.0017,0.0004,0.9778,-0.2093,0.3714,0.0,0.0,0.0,0.0,0.0,-0.0214,0.0046,0.3858,0.0334,0.004,0.0022,0.005,-0.0085,0.0,0.0,0.3772232257162822
121155.312148327,0.1961,-0.0122,-0.0006,0.0029,-0.0017,0.0004,0.9777,-0.2092,0.3723,0.0,0.0,0.0,0.0,0.0,-0.0214,0.0046,0.3928,0.0335,0.0037,0.0025,0.0051,-0.0087,0.0,0.0,0.3812598884331846
121155.339556545,0.198,-0.0122,-0.0006,0.0029,-0.0017,0.0004,0.9776,-0.2092,0.3733,0.0,0.0,0.0,0.0,0.0,-0.0214,0.0046,0.3995,0.0335,0.0037,0.0026,0.0051,-0.0087,0.0,0.0,0.38527963910351215
121155.345363632,0.1999,-0.0122,-0.0006,0.0029,-0.0017,0.0004,0.9775,-0.2092,0.3745,0.0,0.0,0.0,0.0,0.0,-0.0214,0.0046,0.4064,0.0335,0.0038,0.0025,0.0051,-0.0086,0.0,0.0,0.3892823675237712
121155.350669511,0.2018,-0.0122,-0.0006,0.0029,-0.0017,0.0004,0.9774,-0.2092,0.3758,0.0,0.0,0.0,0.0,0.0,-0.0215,0.0046,0.4129,0.0335,0.0038,0.0025,0.0051,-0.0087,0.0,0.0,0.39326796395713737
121155.377331302,0.2036,-0.0122,-0.0006,0.0029,-0.0017,0.0004,0.9773,-0.2092,0.3772,0.0,0.0,0.0,0.0,0.0,-0.0215,0.0046,0.4196,0.0335,0.0039,0.0024,0.0051,-0.0086,0.0,0.0,0.39723631913647384
121155.382663676,0.2055,-0.0122,-0.0006,0.0029,-0.0017,0.0004,0.9772,-0.2091,0.3787,0.0,0.0,0.0,0.0,0.0,-0.0215,0.0046,0.426,0.0334,0.0038,0.0025,0.0051,-0.0086,0.0,0.0,0.40118732426731474
121155.387763176,0.2074,-0.0122,-0.0006,0.0029,-0.0017,0.0004,0.9771,-0.2091,0.3803,0.0,0.0,0.0,0.0,0.0,-0.0215,0.0046,0.4326,0.0334,0.0039,0.0024,0.005,-0.0086,0.0,0.0,0.4051208710308639
121155.414989058,0.2093,-0.0122,-0.0006,0.0029,-0.0017,0.0004,0.977,-0.2091,0.3821,0.0,0.0,0.0,0.0,0.0,-0.0215,0.0046,0.4388,0.0334,0.0038,0.0025,0.0051,-0.0086,0.0,0.0,0.4090368515869446
121155.419859837,0.2113,-0.0122,-0.0006,0.0029,-0.0017,0.0004,0.9769,-0.2091,0.3839,0.0,0.0,0.0,0.0,0.0,-0.0215,0.0046,0.4453,0.0335,0.0038,0.0025,0.0051,-0.0086,0.0,0.0,0.4129351585769768
121155.425018065,0.2132,-0.0122,-0.0006,0.0029,-0.0017,0.0004,0.9768,-0.209,0.3859,0.0,0.0,0.0,0.0,0.0,-0.0215,0.0046,0.4514,0.0334,0.0037,0.0026,0.0051,-0.0087,0.0,0.0,0.41681568512690137
121155.430526796,0.2151,-0.0122,-0.0006,0.0029,-0.0017,0.0004,0.9767,-0.209,0.3879,0.0,0.0,0.0,0.0,0.0,-0.0215,0.0046,0.4574,0.0334,0.004,0.0021,0.0049,-0.0085,0.0,0.0,0.42067832485012413
121155.458207301,0.2171,-0.0122,-0.0006,0.0029,-0.0017,0.0004,0.9766,-0.209,0.39,0.0,0.0,0.0,0.0,0.0,-0.0215,0.0046,0.4634,0.0334,0.0035,0.0028,0.0052,-0.0088,0.0,0.0,0.42452297185042565
121155.463992688,0.2191,-0.0122,-0.0006,0.0029,-0.0017,0.0004,0.9764,-0.209,0.3922,0.0,0.0,0.0,0.0,0.0,-0.0215,0.0046,0.4696,0.0334,0.0041,0.0021,0.0049,-0.0084,0.0,0.0,0.42834952072486754
121155.469345399,0.221,-0.0122,-0.0006,0.0029,-0.0017,0.0004,0.9763,-0.2089,0.3945,0.0,0.0,0.0,0.0,0.0,-0.0215,0.0046,0.4754,0.0334,0.0035,0.0029,0.0052,-0.0088,0.0,0.0,0.4321578665666759
121155.495701387,0.223,-0.0122,-0.0006,0.0029,-0.0017,0.0004,0.9762,-0.2089,0.3968,0.0,0.0,0.0,0.0,0.0,-0.0215,0.0046,0.4812,0.0334,0.0039,0.0024,0.005,-0.0086,0.0,0.0,0.4359479049681305
121155.500710358,0.225,-0.0122,-0.0006,0.0029,-0.0017,0.0004,0.9761,-0.2089,0.3992,0.0,0.0,0.0,0.0,0.0,-0.0215,0.0046,0.4869,0.0334,0.0039,0.0023,0.005,-0.0085,0.0,0.0,0.4397195320234104
121155.505735598,0.227,-0.0122,-0.0006,0.0029,-0.0017,0.0004,0.976,-0.2089,0.4017,0.0,0.0,0.0,0.0,0.0,-0.0216,0.0046,0.4923,0.0334,0.0036,0.0026,0.0051,-0.0087,0.0,0.0,0.44347264433145583
121155.533421949,0.229,-0.0122,-0.0006,0.0029,-0.0017,0.0004,0.9759,-0.2088,0.4042,0.0,0.0,0.0,0.0,0.0,-0.0216,0.0046,0.4978,0.0334,0.0041,0.0021,0.0049,-0.0084,0.0,0.0,0.44720713899879716
121155.538075162,0.2311,-0.0122,-0.0006,0.0029,-0.0017,0.0004,0.9758,-0.2088,0.4068,0.0,0.0,0.0,0.0,0.0,-0.0216,0.0046,0.5034,0.0334,0.0034,0.0029,0.0052,-0.0088,0.0,0.0,0.4509229136423777
121155.543823456,0.2331,-0.0122,-0.0006,0.0029,-0.0017,0.0004,0.9757,-0.2088,0.4093,0.0,0.0,0.0,0.0,0.0,-0.0216,0.0046,0.5085,0.0334,0.0039,0.0024,0.005,-0.0086,0.0,0.0,0.45461986639235497
121155.549195829,0.2352,-0.0122,-0.0006,0.0029,-0.0017,0.0004,0.9756,-0.2088,0.412,0.0,0.0,0.0,0.0,0.0,-0.0216,0.0046,0.5136,0.0333,0.0039,0.0022,0.005,-0.0085,0.0,0.0,0.45829789589490666
121155.578234278,0.2373,-0.0122,-0.0006,0.0029,-0.0017,0.0004,0.9755,-0.2088,0.4146,0.0,0.0,0.0,0.0,0.0,-0.0216,0.0046,0.5189,0.0334,0.0035,0.0028,0.0052,-0.0088,0.0,0.0,0.461956901314991
121155.583564663,0.2393,-0.0123,-0.0006,0.0029,-0.0017,0.0004,0.9754,-0.2087,0.4173,0.0,0.0,0.0,0.0,0.0,-0.0216,0.0046,0.5239,0.0334,0.0042,0.0018,0.0048,-0.0083,0.0,0.0,0.46559678233913127
121155.588722372,0.2414,-0.0123,-0.0006,0.0029,-0.0017,0.0004,0.9753,-0.2087,0.4199,0.0,0.0,0.0,0.0,0.0,-0.0216,0.0046,0.5288,0.0334,0.0036,0.0026,0.0051,-0.0087,0.0,0.0,0.46921743917814795
121155.616489437,0.2436,-0.0123,-0.0006,0.0029,-0.0017,0.0004,0.9751,-0.2087,0.4226,0.0,0.0,0.0,0.0,0.0,-0.0216,0.0046,0.5337,0.0334,0.0037,0.0026,0.0051,-0.0087,0.0,0.0,0.47281877256990346
121155.621304196,0.2457,-0.0123,-0.0006,0.0029,-0.0017,0.0004,0.975,-0.2087,0.4253,0.0,0.0,0.0,0.0,0.0,-0.0216,0.0046,0.5385,0.0334,0.0037,0.0026,0.0051,-0.0087,0.0,0.0,0.47640068378202505
121155.626721938,0.2478,-0.0123,-0.0006,0.0028,-0.0017,0.0004,0.9749,-0.2086,0.428,0.0,0.0,0.0,0.0,0.0,-0.0216,0.0046,0.5429,0.0334,0.0041,0.0019,0.0048,-0.0084,0.0,0.0,0.4799630746146075
121155.652342655,0.25,-0.0123,-0.0006,0.0028,-0.0017,0.0004,0.9748,-0.2086,0.4307,0.0,0.0,0.0,0.0,0.0,-0.0216,0.0046,0.5476,0.0334,0.0034,0.0029,0.0052,-0.0088,0.0,0.0,0.4835058474029077
121155.658572882,0.2521,-0.0123,-0.0006,0.0028,-0.0017,0.0004,0.9747,-0.2086,0.4333,0.0,0.0,0.0,0.0,0.0,-0.0216,0.0046,0.5519,0.0334,0.0038,0.0025,0.005,-0.0086,0.0,0.0,0.4870289050200163
121155.664560145,0.2543,-0.0123,-0.0006,0.0028,-0.0017,0.0004,0.9746,-0.2086,0.4359,0.0,0.0,0.0,0.0,0.0,-0.0217,0.0046,0.5562,0.0334,0.0039,0.0022,0.005,-0.0085,0.0,0.0,0.49053215087953417
121155.670190523,0.2565,-0.0123,-0.0006,0.0028,-0.0017,0.0004,0.9745,-0.2085,0.4385,0.0,0.0,0.0,0.0,0.0,-0.0217,0.0046,0.5607,0.0334,0.0037,0.0025,0.0051,-0.0087,0.0,0.0,0.49401548893820135
121155.697126351,0.2587,-0.0123,-0.0006,0.0028,-0.0017,0.0004,0.9744,-0.2085,0.4411,0.0,0.0,0.0,0.0,0.0,-0.0217,0.0046,0.5649,0.0334,0.0041,0.002,0.0049,-0.0084,0.0,0.0,0.49747882369855045
121155.705561023,0.2609,-0.0123,-0.0006,0.0028,-0.0017,0.0004,0.9743,-0.2085,0.4436,0.0,0.0,0.0,0.0,0.0,-0.0217,0.0046,0.5687,0.0334,0.0036,0.0026,0.0051,-0.0087,0.0,0.0,0.5009220602115055
121155.711149593,0.2632,-0.0123,-0.0006,0.0028,-0.0017,0.0004,0.9742,-0.2085,0.446,0.0,0.0,0.0,0.0,0.0,-0.0217,0.0046,0.5727,0.0334,0.0038,0.0024,0.005,-0.0086,0.0,0.0,0.504345104079001
121155.73667613,0.2654,-0.0123,-0.0006,0.0028,-0.0017,0.0004,0.9741,-0.2084,0.4484,0.0,0.0,0.0,0.0,0.0,-0.0217,0.0046,0.5767,0.0334,0.0035,0.0028,0.0051,-0.0088,0.0,0.0,0.5077478614565565
121155.742447972,0.2677,-0.0123,-0.0006,0.0028,-0.0017,0.0004,0.9739,-0.2084,0.4508,0.0,0.0,0.0,0.0,0.0,-0.0217,0.0046,0.5804,0.0334,0.004,0.0021,0.0049,-0.0085,0.0,0.0,0.5111302390558641
121155.748587593,0.2699,-0.0123,-0.0006,0.0028,-0.0017,0.0004,0.9738,-0.2084,0.453,0.0,0.0,0.0,0.0,0.0,-0.0217,0.0046,0.5843,0.0334,0.0036,0.0025,0.005,-0.0087,0.0,0.0,0.5144921441473288
121155.77699907,0.2722,-0.0123,-0.0006,0.0028,-0.0017,0.0004,0.9737,-0.2084,0.4552,0.0,0.0,0.0,0.0,0.0,-0.0217,0.0047,0.5878,0.0334,0.0038,0.0024,0.005,-0.0086,0.0,0.0,0.517833484562629
121155.781715656,0.2745,-0.0123,-0.0006,0.0028,-0.0017,0.0004,0.9736,-0.2084,0.4574,0.0,0.0,0.0,0.0,0.0,-0.0217,0.0047,0.5913,0.0333,0.0036,0.0026,0.0051,-0.0087,0.0,0.0,0.5211541686972256
121155.787274972,0.2768,-0.0123,-0.0006,0.0028,-0.0017,0.0004,0.9735,-0.2083,0.4594,0.0,0.0,0.0,0.0,0.0,-0.0217,0.0047,0.5948,0.0333,0.004,0.0022,0.0049,-0.0085,0.0,0.0,0.5244541055128884
121155.792801817,0.2791,-0.0123,-0.0006,0.0028,-0.0017,0.0004,0.9734,-0.2083,0.4613,0.0,0.0,0.0,0.0,0.0,-0.0217,0.0047,0.5982,0.0333,0.0036,0.0026,0.005,-0.0087,0.0,0.0,0.5277332045401787
121155.817530513,0.2814,-0.0123,-0.0006,0.0028,-0.0017,0.0004,0.9733,-0.2083,0.4632,0.0,0.0,0.0,0.0,0.0,-0.0217,0.0047,0.6012,0.0333,0.0038,0.0024,0.005,-0.0086,0.0,0.0,0.530991375880945
121155.826222565,0.2837,-0.0123,-0.0006,0.0028,-0.0017,0.0004,0.9732,-0.2083,0.4649,0.0,0.0,0.0,0.0,0.0,-0.0218,0.0047,0.6045,0.0333,0.0038,0.0024,0.005,-0.0086,0.0,0.0,0.5342285302107698
121155.831100541,0.2861,-0.0123,-0.0006,0.0028,-0.0017,0.0004,0.9731,-0.2082,0.4666,0.0,0.0,0.0,0.0,0.0,-0.0218,0.0047,0.6075,0.0333,0.0036,0.0026,0.005,-0.0087,0.0,0.0,0.537444578781436
121155.859746615,0.2884,-0.0123,-0.0006,0.0028,-0.0017,0.0004,0.973,-0.2082,0.4681,0.0,0.0,0.0,0.0,0.0,-0.0218,0.0047,0.6107,0.0333,0.0038,0.0023,0.0049,-0.0086,0.0,0.0,0.5406394334233445
121155.865425304,0.2908,-0.0123,-0.0006,0.0028,-0.0017,0.0004,0.9729,-0.2082,0.4696,0.0,0.0,0.0,0.0,0.0,-0.0218,0.0047,0.6136,0.0333,0.0037,0.0025,0.005,-0.0086,0.0,0.0,0.5438130065479424
121155.870612566,0.2931,-0.0123,-0.0006,0.0028,-0.0017,0.0004,0.9728,-0.2082,0.4709,0.0,0.0,0.0,0.0,0.0,-0.0218,0.0047,0.6164,0.0333,0.0038,0.0023,0.0049,-0.0085,0.0,0.0,0.5469652111501204
121155.896556536,0.2955,-0.0123,-0.0006,0.0028,-0.0017,0.0004,0.9726,-0.2081,0.472,0.0,0.0,0.0,0.0,0.0,-0.0218,0.0047,0.6191,0.0333,0.0036,0.0026,0.005,-0.0087,0.0,0.0,0.5500959608105949
121155.90156155,0.2979,-0.0123,-0.0006,0.0028,-0.0017,0.0004,0.9725,-0.2081,0.4731,0.0,0.0,0.0,0.0,0.0,-0.0218,0.0047,0.6219,0.0333,0.0039,0.0022,0.0049,-0.0085,0.0,0.0,0.5532051696982845
121155.906841876,0.3002,-0.0123,-0.0006,0.0028,-0.0017,0.0004,0.9724,-0.2081,0.474,0.0,0.0,0.0,0.0,0.0,-0.0218,0.0047,0.6246,0.0333,0.0037,0.0025,0.005,-0.0086,0.0,0.0,0.5562927525726539
121155.912132201,0.3026,-0.0123,-0.0006,0.0028,-0.0017,0.0004,0.9723,-0.2081,0.4748,0.0,0.0,0.0,0.0,0.0,-0.0218,0.0047,0.6272,0.0333,0.0037,0.0025,0.005,-0.0086,0.0,0.0,0.559358624786063
121155.937281761,0.305,-0.0123,-0.0006,0.0028,-0.0017,0.0004,0.9722,-0.208,0.4754,0.0,0.0,0.0,0.0,0.0,-0.0218,0.0047,0.6295,0.0333,0.0038,0.0023,0.0049,-0.0085,0.0,0.0,0.5624027022860724
121155.944743871,0.3074,-0.0123,-0.0006,0.0028,-0.0017,0.0004,0.9721,-0.208,0.4759,0.0,0.0,0.0,0.0,0.0,-0.0218,0.0047,0.6321,0.0333,0.0036,0.0025,0.005,-0.0087,0.0,0.0,0.5654249016177636
121155.949858939,0.3097,-0.0123,-0.0006,0.0028,-0.0017,0.0004,0.972,-0.208,0.4763,0.0,0.0,0.0,0.0,0.0,-0.0218,0.0047,0.6343,0.0333,0.0037,0.0025,0.005,-0.0086,0.0,0.0,0.5684251399260124
121155.976503624,0.3121,-0.0123,-0.0006,0.0028,-0.0017,0.0004,0.9719,-0.208,0.4765,0.0,0.0,0.0,0.0,0.0,-0.0218,0.0047,0.6367,0.0333,0.0037,0.0024,0.0049,-0.0086,0.0,0.0,0.5714033349577708
121155.982571308,0.3145,-0.0123,-0.0006,0.0028,-0.0017,0.0004,0.9718,-0.2079,0.4765,0.0,0.0,0.0,0.0,0.0,-0.0218,0.0047,0.6389,0.0333,0.0039,0.0022,0.0049,-0.0085,0.0,0.0,0.5743594050643179
121155.987891418,0.3169,-0.0123,-0.0006,0.0028,-0.0017,0.0004,0.9717,-0.2079,0.4764,0.0,0.0,0.0,0.0,0.0,-0.0219,0.0047,0.641,0.0333,0.0037,0.0025,0.005,-0.0086,0.0,0.0,0.5772932692034993
121156.015172338,0.3193,-0.0123,-0.0006,0.0028,-0.0017,0.0004,0.9716,-0.2079,0.4762,0.0,0.0,0.0,0.0,0.0,-0.0219,0.0047,0.6433,0.0333,0.0037,0.0025,0.005,-0.0086,0.0,0.0,0.5802048469419445
121156.022002081,0.3216,-0.0123,-0.0006,0.0028,-0.0017,0.0004,0.9714,-0.2079,0.4757,0.0,0.0,0.0,0.0,0.0,-0.0219,0.0047,0.6453,0.0333,0.0038,0.0023,0.0049,-0.0085,0.0,0.0,0.5830940584572832
121156.029118517,0.324,-0.0123,-0.0006,0.0028,-0.0017,0.0004,0.9713,-0.2079,0.4751,0.0,0.0,0.0,0.0,0.0,-0.0219,0.0047,0.6473,0.0333,0.0036,0.0026,0.005,-0.0087,0.0,0.0,0.5859608245403193
121156.034491566,0.3264,-0.0123,-0.0006,0.0028,-0.0017,0.0004,0.9712,-0.2078,0.4744,0.0,0.0,0.0,0.0,0.0,-0.0219,0.0047,0.6492,0.0333,0.0038,0.0023,0.0049,-0.0085,0.0,0.0,0.5888050665972132
121156.060478927,0.3288,-0.0123,-0.0006,0.0028,-0.0017,0.0004,0.9711,-0.2078,0.4735,0.0,0.0,0.0,0.0,0.0,-0.0219,0.0047,0.6514,0.0333,0.0036,0.0026,0.005,-0.0087,0.0,0.0,0.5916267066516324
121156.065826098,0.3311,-0.0123,-0.0006,0.0028,-0.0017,0.0004,0.971,-0.2078,0.4724,0.0,0.0,0.0,0.0,0.0,-0.0219,0.0047,0.6532,0.0333,0.0039,0.0021,0.0048,-0.0085,0.0,0.0,0.5944256673468903
121156.071572071,0.3335,-0.0123,-0.0006,0.0028,-0.0017,0.0004,0.9709,-0.2078,0.4711,0.0,0.0,0.0,0.0,0.0,-0.0219,0.0047,0.6551,0.0333,0.0036,0.0026,0.005,-0.0087,0.0,0.0,0.5972018719480628
121156.098658909,0.3358,-0.0123,-0.0006,0.0028,-0.0017,0.0004,0.9708,-0.2077,0.4697,0.0,0.0,0.0,0.0,0.0,-0.0219,0.0047,0.6568,0.0333,0.0037,0.0024,0.0049,-0.0086,0.0,0.0,0.5999552443441021
121156.104103873,0.3382,-0.0123,-0.0006,0.0028,-0.0017,0.0004,0.9707,-0.2077,0.4681,0.0,0.0,0.0,0.0,0.0,-0.0219,0.0047,0.6585,0.0333,0.0037,0.0024,0.0049,-0.0086,0.0,0.0,0.6026857090499091
121156.109284573,0.3405,-0.0123,-0.0006,0.0028,-0.0017,0.0004,0.9706,-0.2077,0.4663,0.0,0.0,0.0,0.0,0.0,-0.0219,0.0047,0.6605,0.0333,0.0036,0.0025,0.0049,-0.0087,0.0,0.0,0.605393191208419
121156.13340158,0.3428,-0.0123,-0.0006,0.0028,-0.0017,0.0004,0.9705,-0.2077,0.4644,0.0,0.0,0.0,0.0,0.0,-0.0219,0.0047,0.6622,0.0333,0.0038,0.0023,0.0048,-0.0085,0.0,0.0,0.608077616592638
121156.140895009,0.3451,-0.0123,-0.0006,0.0028,-0.0017,0.0004,0.9703,-0.2076,0.4623,0.0,0.0,0.0,0.0,0.0,-0.0219,0.0047,0.6638,0.0333,0.0037,0.0024,0.0049,-0.0086,0.0,0.0,0.6107389116076881
121156.14681892,0.3474,-0.0123,-0.0006,0.0028,-0.0017,0.0004,0.9702,-0.2076,0.46,0.0,0.0,0.0,0.0,0.0,-0.022,0.0047,0.6653,0.0333,0.0037,0.0024,0.0049,-0.0086,0.0,0.0,0.6133770032928224
121156.152295355,0.3497,-0.0123,-0.0006,0.0028,-0.0017,0.0004,0.9701,-0.2076,0.4575,0.0,0.0,0.0,0.0,0.0,-0.022,0.0047,0.6671,0.0333,0.0038,0.0023,0.0048,-0.0085,0.0,0.0,0.6159918193234252
121156.179377086,0.352,-0.0123,-0.0006,0.0028,-0.0017,0.0004,0.97,-0.2076,0.4549,0.0,0.0,0.0,0.0,0.0,-0.022,0.0047,0.6686,0.0333,0.0036,0.0025,0.0049,-0.0086,0.0,0.0,0.6185832880129947
121156.184589817,0.3543,-0.0123,-0.0006,0.0028,-0.0017,0.0004,0.9699,-0.2075,0.4521,0.0,0.0,0.0,0.0,0.0,-0.022,0.0047,0.6703,0.0333,0.0039,0.0022,0.0048,-0.0085,0.0,0.0,0.6211513383151052
121156.190017908,0.3565,-0.0123,-0.0006,0.0028,-0.0017,0.0004,0.9698,-0.2075,0.4491,0.0,0.0,0.0,0.0,0.0,-0.022,0.0047,0.6717,0.0333,0.0034,0.0027,0.005,-0.0087,0.0,0.0,0.6236958998253639
121156.21880321,0.3587,-0.0123,-0.0006,0.0028,-0.0017,0.0004,0.9697,-0.2075,0.446,0.0,0.0,0.0,0.0,0.0,-0.022,0.0047,0.6734,0.0333,0.0038,0.0023,0.0048,-0.0086,0.0,0.0,0.626216902783329
121156.223142714,0.361,-0.0123,-0.0006,0.0028,-0.0017,0.0004,0.9696,-0.2075,0.4427,0.0,0.0,0.0,0.0,0.0,-0.022,0.0047,0.675,0.0333,0.0038,0.0023,0.0048,-0.0085,0.0,0.0,0.6287142780744319
121156.228603556,0.3631,-0.0123,-0.0006,0.0028,-0.0017,0.0004,0.9695,-0.2074,0.4392,0.0,0.0,0.0,0.0,0.0,-0.022,0.0047,0.6765,0.0333,0.0035,0.0026,0.0049,-0.0087,0.0,0.0,0.6311879572318673
121156.258993789,0.3653,-0.0123,-0.0006,0.0028,-0.0017,0.0004,0.9693,-0.2074,0.4356,0.0,0.0,0.0,0.0,0.0,-0.022,0.0047,0.6781,0.0333,0.0038,0.0023,0.0048,-0.0086,0.0,0.0,0.6336378724384724
121156.265031065,0.3675,-0.0123,-0.0006,0.0028,-0.0017,0.0004,0.9692,-0.2074,0.4318,0.0,0.0,0.0,0.0,0.0,-0.022,0.0047,0.6795,0.0333,0.0037,0.0024,0.0048,-0.0086,0.0,0.0,0.6360639565285819
121156.270546259,0.3696,-0.0123,-0.0006,0.0028,-0.0017,0.0004,0.9691,-0.2074,0.4278,0.0,0.0,0.0,0.0,0.0,-0.022,0.0047,0.681,0.0333,0.0039,0.0022,0.0047,-0.0085,0.0,0.0,0.6384661429898781
121156.276278266,0.3717,-0.0123,-0.0006,0.0028,-0.0017,0.0004,0.969,-0.2074,0.4237,0.0,0.0,0.0,0.0,0.0,-0.022,0.0047,0.6824,0.0333,0.0035,0.0027,0.0049,-0.0087,0.0,0.0,0.6408443659652024
121156.301435811,0.3738,-0.0123,-0.0006,0.0028,-0.0017,0.0004,0.9689,-0.2073,0.4194,0.0,0.0,0.0,0.0,0.0,-0.022,0.0047,0.684,0.0333,0.0038,0.0023,0.0048,-0.0086,0.0,0.0,0.6431985602543739
121156.309935325,0.3759,-0.0123,-0.0006,0.0028,-0.0017,0.0004,0.9688,-0.2073,0.4149,0.0,0.0,0.0,0.0,0.0,-0.022,0.0047,0.6856,0.0333,0.0037,0.0023,0.0048,-0.0086,0.0,0.0,0.6455286613159646
121156.314847124,0.378,-0.0123,-0.0006,0.0028,-0.0017,0.0004,0.9687,-0.2073,0.4104,0.0,0.0,0.0,0.0,0.0,-0.0221,0.0047,0.6868,0.0333,0.0036,0.0025,0.0049,-0.0086,0.0,0.0,0.6478346052690784
121156.341314028,0.38,-0.0123,-0.0006,0.0028,-0.0017,0.0004,0.9686,-0.2073,0.4056,0.0,0.0,0.0,0.0,0.0,-0.0221,0.0047,0.6886,0.0333,0.0039,0.0022,0.0047,-0.0085,0.0,0.0,0.6501163288950945
121156.347361224,0.382,-0.0123,-0.0006,0.0028,-0.0017,0.0004,0.9685,-0.2072,0.4007,0.0,0.0,0.0,0.0,0.0,-0.0221,0.0047,0.6901,0.0333,0.0035,0.0026,0.0049,-0.0087,0.0,0.0,0.6523737696394104
121156.3528679,0.384,-0.0123,-0.0006,0.0028,-0.0017,0.0004,0.9684,-0.2072,0.3957,0.0,0.0,0.0,0.0,0.0,-0.0221,0.0047,0.6915,0.0333,0.0038,0.0022,0.0047,-0.0085,0.0,0.0,0.6546068656131446
121156.379100088,0.3859,-0.0123,-0.0006,0.0028,-0.0017,0.0004,0.9682,-0.2072,0.3906,0.0,0.0,0.0,0.0,0.0,-0.0221,0.0047,0.6932,0.0333,0.0037,0.0024,0.0048,-0.0086,0.0,0.0,0.6568155555948458
121156.384532838,0.3879,-0.0123,-0.0006,0.0028,-0.0017,0.0004,0.9681,-0.2072,0.3853,0.0,0.0,0.0,0.0,0.0,-0.0221,0.0047,0.6948,0.0333,0.0036,0.0025,0.0048,-0.0087,0.0,0.0,0.6589997790321613
121156.39029958,0.3898,-0.0123,-0.0006,0.0028,-0.0017,0.0004,0.968,-0.2071,0.3798,0.0,0.0,0.0,0.0,0.0,-0.0221,0.0047,0.6963,0.0333,0.0038,0.0022,0.0047,-0.0085,0.0,0.0,0.6611594760435004
121156.395791039,0.3916,-0.0123,-0.0006,0.0028,-0.0017,0.0004,0.9679,-0.2071,0.3743,0.0,0.0,0.0,0.0,0.0,-0.0221,0.0047,0.6978,0.0333,0.0036,0.0025,0.0048,-0.0086,0.0,0.0,0.6632945874196817
121156.42371094,0.3935,-0.0123,-0.0006,0.0028,-0.0017,0.0004,0.9678,-0.2071,0.3686,0.0,0.0,0.0,0.0,0.0,-0.0221,0.0047,0.6993,0.0333,0.0038,0.0023,0.0047,-0.0085,0.0,0.0,0.665405054625546
121156.429715515,0.3953,-0.0123,-0.0006,0.0028,-0.0017,0.0004,0.9677,-0.2071,0.3628,0.0,0.0,0.0,0.0,0.0,-0.0221,0.0047,0.701,0.0333,0.0036,0.0024,0.0048,-0.0086,0.0,0.0,0.6674908198015702
121156.435180936,0.3971,-0.0123,-0.0006,0.0028,-0.0017,0.0004,0.9676,-0.207,0.3569,0.0,0.0,0.0,0.0,0.0,-0.0221,0.0047,0.7027,0.0333,0.0037,0.0024,0.0048,-0.0086,0.0,0.0,0.6695518257654463
121156.461439082,0.3988,-0.0123,-0.0006,0.0028,-0.0017,0.0004,0.9675,-0.207,0.3509,0.0,0.0,0.0,0.0,0.0,-0.0221,0.0048,0.7043,0.0333,0.0038,0.0022,0.0047,-0.0085,0.0,0.0,0.6715880160136575
121156.466403329,0.4006,-0.0123,-0.0006,0.0028,-0.0017,0.0004,0.9674,-0.207,0.3447,0.0,0.0,0.0,0.0,0.0,-0.0221,0.0048,0.7061,0.0333,0.0035,0.0026,0.0048,-0.0087,0.0,0.0,0.6735993347230167
121156.471680008,0.4022,-0.0123,-0.0006,0.0028,-0.0017,0.0004,0.9672,-0.207,0.3385,0.0,0.0,0.0,0.0,0.0,-0.0221,0.0048,0.7076,0.0333,0.0037,0.0024,0.0047,-0.0086,0.0,0.0,0.6755857267522083
121156.497891537,0.4039,-0.0123,-0.0006,0.0028,-0.0017,0.0004,0.9671,-0.2069,0.3322,0.0,0.0,0.0,0.0,0.0,-0.0221,0.0048,0.7093,0.0333,0.0037,0.0023,0.0047,-0.0086,0.0,0.0,0.6775471376432894
121156.504107962,0.4055,-0.0123,-0.0006,0.0028,-0.0017,0.0004,0.967,-0.2069,0.3258,0.0,0.0,0.0,0.0,0.0,-0.0222,0.0048,0.7113,0.0333,0.0037,0.0023,0.0047,-0.0086,0.0,0.0,0.6794835136231909
121156.509442485,0.4071,-0.0123,-0.0006,0.0028,-0.0017,0.0004,0.9669,-0.2069,0.3193,0.0,0.0,0.0,0.0,0.0,-0.0222,0.0048,0.7129,0.0332,0.0037,0.0023,0.0047,-0.0085,0.0,0.0,0.6813948016051853
121156.515402587,0.4087,-0.0123,-0.0005,0.0028,-0.0017,0.0004,0.9668,-0.2069,0.3127,0.0,0.0,0.0,0.0,0.0,-0.0222,0.0048,0.7147,0.0333,0.0036,0.0025,0.0048,-0.0087,0.0,0.0,0.6832809491903495
121156.542306745,0.4102,-0.0123,-0.0005,0.0028,-0.0017,0.0004,0.9667,-0.2068,0.306,0.0,0.0,0.0,0.0,0.0,-0.0222,0.0048,0.7165,0.0332,0.0038,0.0022,0.0047,-0.0085,0.0,0.0,0.6851419046689923
121156.548060964,0.4117,-0.0123,-0.0005,0.0028,-0.0017,0.0004,0.9666,-0.2068,0.2993,0.0,0.0,0.0,0.0,0.0,-0.0222,0.0048,0.7186,0.0333,0.0035,0.0025,0.0048,-0.0087,0.0,0.0,0.6869776170220815
121156.553350026,0.4132,-0.0124,-0.0005,0.0028,-0.0017,0.0004,0.9665,-0.2068,0.2925,0.0,0.0,0.0,0.0,0.0,-0.0222,0.0048,0.7202,0.0332,0.0038,0.0022,0.0047,-0.0085,0.0,0.0,0.6887880359226338
121156.584179732,0.4146,-0.0124,-0.0005,0.0028,-0.0017,0.0004,0.9664,-0.2068,0.2856,0.0,0.0,0.0,0.0,0.0,-0.0222,0.0048,0.7224,0.0332,0.0036,0.0025,0.0047,-0.0086,0.0,0.0,0.6905731117371015
121156.589242187,0.416,-0.0124,-0.0005,0.0028,-0.0017,0.0004,0.9663,-0.2067,0.2787,0.0,0.0,0.0,0.0,0.0,-0.0222,0.0048,0.7243,0.0332,0.0037,0.0023,0.0047,-0.0085,0.0,0.0,0.692332795526729
121156.594401548,0.4174,-0.0124,-0.0005,0.0028,-0.0017,0.0004,0.9661,-0.2067,0.2718,0.0,0.0,0.0,0.0,0.0,-0.0222,0.0048,0.7263,0.0332,0.0037,0.0024,0.0047,-0.0086,0.0,0.0,0.694067039048897
121156.617758783,0.4187,-0.0124,-0.0005,0.0028,-0.0017,0.0004,0.966,-0.2067,0.2647,0.0,0.0,0.0,0.0,0.0,-0.0222,0.0048,0.7284,0.0332,0.0037,0.0024,0.0047,-0.0086,0.0,0.0,0.6957757947584416
121156.626734558,0.42,-0.0124,-0.0005,0.0028,-0.0017,0.0004,0.9659,-0.2067,0.2577,0.0,0.0,0.0,0.0,0.0,-0.0222,0.0048,0.7303,0.0332,0.0037,0.0023,0.0047,-0.0085,0.0,0.0,0.6974590158089642
121156.632607478,0.4212,-0.0124,-0.0005,0.0028,-0.0017,0.0004,0.9658,-0.2066,0.2506,0.0,0.0,0.0,0.0,0.0,-0.0222,0.0048,0.7325,0.0332,0.0037,0.0023,0.0047,-0.0086,0.0,0.0,0.6991166560541077
121156.638024558,0.4225,-0.0124,-0.0005,0.0028,-0.0017,0.0004,0.9657,-0.2066,0.2435,0.0,0.0,0.0,0.0,0.0,-0.0222,0.0048,0.7346,0.0332,0.0036,0.0025,0.0047,-0.0086,0.0,0.0,0.7007486700488278
121156.66529464,0.4236,-0.0124,-0.0005,0.0028,-0.0017,0.0004,0.9656,-0.2066,0.2364,0.0,0.0,0.0,0.0,0.0,-0.0222,0.0048,0.7366,0.0332,0.0037,0.0023,0.0047,-0.0086,0.0,0.0,0.7023550130506372
121156.670738952,0.4248,-0.0124,-0.0005,0.0028,-0.0017,0.0004,0.9655,-0.2066,0.2293,0.0,0.0,0.0,0.0,0.0,-0.0223,0.0048,0.7389,0.0332,0.0036,0.0024,0.0047,-0.0086,0.0,0.0,0.7039356410208298
121156.67668119,0.4259,-0.0124,-0.0005,0.0028,-0.0017,0.0004,0.9654,-0.2066,0.2221,0.0,0.0,0.0,0.0,0.0,-0.0223,0.0048,0.7411,0.0332,0.0037,0.0024,0.0047,-0.0086,0.0,0.0,0.7054905106256927
121156.700135923,0.427,-0.0124,-0.0005,0.0028,-0.0017,0.0004,0.9652,-0.2065,0.2149,0.0,0.0,0.0,0.0,0.0,-0.0223,0.0048,0.7432,0.0332,0.0038,0.0022,0.0046,-0.0085,0.0,0.0,0.7070195792376884
121156.708413373,0.428,-0.0124,-0.0005,0.0028,-0.0017,0.0004,0.9651,-0.2065,0.2078,0.0,0.0,0.0,0.0,0.0,-0.0223,0.0048,0.7455,0.0332,0.0035,0.0025,0.0047,-0.0086,0.0,0.0,0.7085228049366308
121156.714285202,0.429,-0.0124,-0.0005,0.0028,-0.0017,0.0004,0.965,-0.2065,0.2006,0.0,0.0,0.0,0.0,0.0,-0.0223,0.0048,0.7478,0.0332,0.0038,0.0022,0.0046,-0.0085,0.0,0.0,0.7100001465108258
121156.742110791,0.43,-0.0124,-0.0005,0.0028,-0.0017,0.0004,0.9649,-0.2065,0.1935,0.0,0.0,0.0,0.0,0.0,-0.0223,0.0048,0.7503,0.0332,0.0036,0.0024,0.0047,-0.0086,0.0,0.0,0.7114515634582098
121156.748614781,0.4309,-0.0124,-0.0005,0.0028,-0.0017,0.0004,0.9648,-0.2064,0.1863,0.0,0.0,0.0,0.0,0.0,-0.0223,0.0048,0.7524,0.0332,0.0038,0.0022,0.0046,-0.0085,0.0,0.0,0.7128770159874527
121156.754377036,0.4318,-0.0124,-0.0005,0.0028,-0.0017,0.0004,0.9647,-0.2064,0.1792,0.0,0.0,0.0,0.0,0.0,-0.0223,0.0048,0.755,0.0332,0.0036,0.0024,0.0047,-0.0086,0.0,0.0,0.7142764650190538
121156.759732752,0.4327,-0.0124,-0.0005,0.0028,-0.0017,0.0004,0.9646,-0.2064,0.1722,0.0,0.0,0.0,0.0,0.0,-0.0223,0.0048,0.7573,0.0332,0.0035,0.0025,0.0047,-0.0086,0.0,0.0,0.715649872186411
121156.78463749,0.4335,-0.0124,-0.0005,0.0028,-0.0017,0.0004,0.9645,-0.2064,0.1651,0.0,0.0,0.0,0.0,0.0,-0.0223,0.0048,0.7598,0.0332,0.0035,0.0025,0.0047,-0.0087,0.0,0.0,0.7169971998368734
121156.792779443,0.4343,-0.0124,-0.0005,0.0028,-0.0017,0.0004,0.9644,-0.2063,0.1581,0.0,0.0,0.0,0.0,0.0,-0.0223,0.0048,0.7622,0.0332,0.0036,0.0025,0.0047,-0.0086,0.0,0.0,0.7183184110327716
121156.797982636,0.435,-0.0124,-0.0005,0.0028,-0.0017,0.0004,0.9642,-0.2063,0.1511,0.0,0.0,0.0,0.0,0.0,-0.0223,0.0048,0.7648,0.0332,0.0038,0.0021,0.0046,-0.0085,0.0,0.0,0.719613469552435
121156.829829706,0.4358,-0.0124,-0.0005,0.0028,-0.0017,0.0004,0.9641,-0.2063,0.1442,0.0,0.0,0.0,0.0,0.0,-0.0223,0.0048,0.7673,0.0332,0.0038,0.0021,0.0046,-0.0085,0.0,0.0,0.7208823398911787
121156.83512738,0.4365,-0.0124,-0.0005,0.0028,-0.0017,0.0004,0.964,-0.2063,0.1373,0.0,0.0,0.0,0.0,0.0,-0.0223,0.0048,0.7698,0.0332,0.0034,0.0027,0.0048,-0.0087,0.0,0.0,0.7221249872622819
121156.840994459,0.4371,-0.0124,-0.0005,0.0028,-0.0017,0.0004,0.9639,-0.2062,0.1305,0.0,0.0,0.0,0.0,0.0,-0.0223,0.0048,0.7724,0.0332,0.0037,0.0023,0.0046,-0.0085,0.0,0.0,0.7233413775979392
121156.86506561,0.4377,-0.0124,-0.0005,0.0028,-0.0017,0.0004,0.9638,-0.2062,0.1238,0.0,0.0,0.0,0.0,0.0,-0.0224,0.0048,0.775,0.0332,0.0035,0.0025,0.0047,-0.0086,0.0,0.0,0.7245314775501955
121156.872766015,0.4383,-0.0124,-0.0005,0.0028,-0.0017,0.0004,0.9637,-0.2062,0.1171,0.0,0.0,0.0,0.0,0.0,-0.0224,0.0048,0.7775,0.0332,0.0038,0.0022,0.0046,-0.0085,0.0,0.0,0.7256952544918583
121156.879621085,0.4389,-0.0124,-0.0005,0.0028,-0.0017,0.0004,0.9636,-0.2062,0.1105,0.0,0.0,0.0,0.0,0.0,-0.0224,0.0048,0.7802,0.0332,0.0037,0.0022,0.0046,-0.0085,0.0,0.0,0.7268326765173964
121156.885071537,0.4394,-0.0124,-0.0005,0.0028,-0.0017,0.0004,0.9635,-0.2061,0.1039,0.0,0.0,0.0,0.0,0.0,-0.0224,0.0048,0.7828,0.0332,0.0036,0.0024,0.0046,-0.0086,0.0,0.0,0.7279437124438088
121156.911082052,0.4399,-0.0124,-0.0005,0.0028,-0.0017,0.0004,0.9633,-0.2061,0.0975,0.0,0.0,0.0,0.0,0.0,-0.0224,0.0048,0.7857,0.0331,0.0037,0.0023,0.0046,-0.0086,0.0,0.0,0.729028331811486
121156.916085577,0.4403,-0.0124,-0.0005,0.0028,-0.0017,0.0004,0.9632,-0.2061,0.0911,0.0,0.0,0.0,0.0,0.0,-0.0224,0.0048,0.7881,0.0332,0.0036,0.0024,0.0047,-0.0086,0.0,0.0,0.7300865048850391
121156.920851059,0.4408,-0.0124,-0.0005,0.0028,-0.0017,0.0004,0.9631,-0.2061,0.0848,0.0,0.0,0.0,0.0,0.0,-0.0224,0.0048,0.7907,0.0331,0.0036,0.0023,0.0046,-0.0086,0.0,0.0,0.7311182026541186
121156.947210072,0.4411,-0.0124,-0.0005,0.0028,-0.0017,0.0004,0.963,-0.206,0.0786,0.0,0.0,0.0,0.0,0.0,-0.0224,0.0048,0.7936,0.0331,0.0037,0.0023,0.0046,-0.0086,0.0,0.0,0.7321233968342095
121156.952144915,0.4415,-0.0124,-0.0005,0.0028,-0.0017,0.0004,0.9629,-0.206,0.0725,0.0,0.0,0.0,0.0,0.0,-0.0224,0.0048,0.7963,0.0331,0.0035,0.0025,0.0047,-0.0087,0.0,0.0,0.7331020598674053
121156.957206162,0.4418,-0.0124,-0.0005,0.0028,-0.0017,0.0004,0.9628,-0.206,0.0665,0.0,0.0,0.0,0.0,0.0,-0.0224,0.0048,0.799,0.0331,0.0038,0.0021,0.0045,-0.0085,0.0,0.0,0.7340541649231651
121156.986747955,0.4421,-0.0124,-0.0005,0.0028,-0.0017,0.0004,0.9627,-0.206,0.0606,0.0,0.0,0.0,0.0,0.0,-0.0224,0.0048,0.8016,0.0331,0.0036,0.0024,0.0047,-0.0086,0.0,0.0,0.7349796858990467
121156.99165217,0.4424,-0.0124,-0.0005,0.0028,-0.0017,0.0004,0.9626,-0.2059,0.0548,0.0,0.0,0.0,0.0,0.0,-0.0224,0.0048,0.8044,0.0332,0.0035,0.0025,0.0047,-0.0087,0.0,0.0,0.7358785974214266
121156.997026531,0.4427,-0.0124,-0.0005,0.0028,-0.0017,0.0004,0.9624,-0.2059,0.0492,0.0,0.0,0.0,0.0,0.0,-0.0224,0.0048,0.8071,0.033,0.0038,0.0021,0.0045,-0.0084,0.0,0.0,0.7367508748461896
121157.002355067,0.4429,-0.0124,-0.0005,0.0028,-0.0017,0.0004,0.9623,-0.2059,0.0436,0.0,0.0,0.0,0.0,0.0,-0.0224,0.0048,0.81,0.0331,0.0034,0.0026,0.0047,-0.0087,0.0,0.0,0.7375964942594112
121157.029039907,0.4431,-0.0124,-0.0005,0.0028,-0.0017,0.0004,0.9622,-0.2059,0.0381,0.0,0.0,0.0,0.0,0.0,-0.0224,0.0048,0.8125,0.0332,0.0037,0.0023,0.0046,-0.0086,0.0,0.0,0.7384154324780069
121157.034365692,0.4432,-0.0124,-0.0005,0.0028,-0.0017,0.0004,0.9621,-0.2058,0.0328,0.0,0.0,0.0,0.0,0.0,-0.0225,0.0048,0.8154,0.033,0.0036,0.0023,0.0046,-0.0086,0.0,0.0,0.7392076670503723
121157.039783499,0.4434,-0.0124,-0.0005,0.0028,-0.0017,0.0004,0.962,-0.2058,0.0276,0.0,0.0,0.0,0.0,0.0,-0.0225,0.0048,0.8181,0.0331,0.0038,0.0021,0.0045,-0.0085,0.0,0.0,0.7399731762569955
121157.068430835,0.4435,-0.0124,-0.0005,0.0028,-0.0017,0.0004,0.9619,-0.2058,0.0225,0.0,0.0,0.0,0.0,0.0,-0.0225,0.0048,0.8209,0.0332,0.0034,0.0026,0.0047,-0.0087,0.0,0.0,0.7407119391110563
121157.073600765,0.4436,-0.0124,-0.0005,0.0028,-0.0017,0.0004,0.9618,-0.2058,0.0176,0.0,0.0,0.0,0.0,0.0,-0.0225,0.0048,0.8236,0.033,0.0038,0.0022,0.0046,-0.0085,0.0,0.0,0.7414239353589966
121157.078833171,0.4436,-0.0124,-0.0005,0.0028,-0.0017,0.0004,0.9617,-0.2057,0.0127,0.0,0.0,0.0,0.0,0.0,-0.0225,0.0048,0.8262,0.0331,0.0038,0.0021,0.0046,-0.0085,0.0,0.0,0.7421091454810805
121157.102721137,0.4437,-0.0124,-0.0005,0.0028,-0.0017,0.0004,0.9615,-0.2057,0.0,-0.0058,1e-04,-0.0002,0.0,-1e-04,-0.0224,0.0049,0.7747,0.0323,0.0037,0.0026,0.0049,-0.0085,0.0,0.0,0.7427675506919258
121157.109796823,0.4437,-0.0124,-0.0005,0.0028,-0.0017,0.0004,0.9614,-0.2057,0.0,0.0,0.0,0.0,0.0,0.0,-0.0225,0.0049,0.815,0.0309,0.0044,0.001,0.004,-0.0081,0.0,0.0,0.7433991329410216
121157.115326304,0.4437,-0.0124,-0.0005,0.0028,-0.0017,0.0004,0.9613,-0.2057,0.0,0.0,0.0,0.0,0.0,0.0,-0.0225,0.0049,0.9186,0.0307,0.0031,0.0028,0.0049,-0.0088,0.0,0.0,0.7440038749132206
121157.121014939,0.4437,-0.0124,-0.0005,0.0028,-0.0017,0.0004,0.9612,-0.2056,0.0,1e-04,0.0,0.0,0.0,0.0,-0.0225,0.0049,0.9196,0.0322,0.0035,0.0025,0.0047,-0.0086,0.0,0.0,0.7445817600292172
121157.147248449,0.4437,-0.0124,-0.0005,0.0028,-0.0017,0.0004,0.9611,-0.2056,0.0,1e-04,0.0,0.0,0.0,0.0,-0.0225,0.0049,0.9203,0.0326,0.0034,0.0025,0.0047,-0.0087,0.0,0.0,0.7451327724459982
121157.152254524,0.4437,-0.0124,-0.0005,0.0028,-0.0017,0.0004,0.961,-0.2056,0.0,1e-04,0.0,0.0,0.0,0.0,-0.0225,0.0048,0.9211,0.0331,0.0034,0.0026,0.0047,-0.0087,0.0,0.0,0.7456568970572806
121157.157410548,0.4437,-0.0124,-0.0005,0.0028,-0.0017,0.0004,0.9609,-0.2056,0.0,1e-04,0.0,0.0,0.0,0.0,-0.0225,0.0049,0.9212,0.0332,0.0035,0.0024,0.0046,-0.0086,0.0,0.0,0.7461541194939226
121157.184367215,0.4437,-0.0124,-0.0005,0.0028,-0.0017,0.0004,0.9608,-0.2055,0.0,1e-04,0.0,0.0,0.0,0.0,-0.0225,0.0049,0.9211,0.0331,0.0037,0.0021,0.0045,-0.0085,0.0,0.0,0.7466244261243205
121157.189195459,0.4437,-0.0124,-0.0005,0.0028,-0.0017,0.0004,0.9606,-0.2055,0.0,1e-04,0.0,0.0,0.0,0.0,-0.0225,0.0049,0.9213,0.0332,0.0033,0.0027,0.0048,-0.0087,0.0,0.0,0.7470678040547805
121157.194666911,0.4437,-0.0124,-0.0005,0.0028,-0.0017,0.0004,0.9605,-0.2055,0.0,1e-04,0.0,0.0,0.0,0.0,-0.0226,0.0049,0.9211,0.0331,0.0039,0.0019,0.0045,-0.0084,0.0,0.0,0.7474842411298722
121157.21917193,0.4437,-0.0124,-0.0005,0.0028,-0.0017,0.0004,0.9604,-0.2055,0.0,1e-04,0.0,0.0,0.0,0.0,-0.0226,0.0049,0.9212,0.0332,0.0033,0.0027,0.0048,-0.0088,0.0,0.0,0.7478737259327632
121157.227271478,0.4437,-0.0124,-0.0005,0.0028,-0.0017,0.0004,0.9603,-0.2054,0.0,1e-04,0.0,0.0,0.0,0.0,-0.0226,0.0049,0.9212,0.0332,0.0039,0.002,0.0045,-0.0084,0.0,0.0,0.7482362477855306
121157.232587991,0.4437,-0.0124,-0.0005,0.0028,-0.0017,0.0004,0.9602,-0.2054,0.0,1e-04,0.0,0.0,0.0,0.0,-0.0226,0.0049,0.9211,0.0331,0.0034,0.0025,0.0047,-0.0087,0.0,0.0,0.7485717967494551
121157.237878276,0.4437,-0.0124,-0.0005,0.0028,-0.0017,0.0004,0.9601,-0.2054,0.0,1e-04,0.0,0.0,0.0,0.0,-0.0226,0.0049,0.9211,0.0331,0.0037,0.0021,0.0046,-0.0085,0.0,0.0,0.7488803636252919
121157.264633116,0.4437,-0.0124,-0.0005,0.0028,-0.0017,0.0004,0.96,-0.2054,0.0,1e-04,0.0,0.0,0.0,0.0,-0.0226,0.0049,0.9212,0.0332,0.0035,0.0025,0.0047,-0.0086,0.0,0.0,0.7491619399535245
121157.269532908,0.4437,-0.0124,-0.0005,0.0028,-0.0017,0.0004,0.9599,-0.2054,0.0,1e-04,0.0,0.0,0.0,0.0,-0.0226,0.0049,0.9211,0.0331,0.0037,0.0022,0.0046,-0.0085,0.0,0.0,0.7494165180145956
121157.274863202,0.4437,-0.0124,-0.0005,0.0028,-0.0017,0.0004,0.9597,-0.2053,0.0,1e-04,0.0,0.0,0.0,0.0,-0.0226,0.0049,0.9212,0.0332,0.0035,0.0025,0.0047,-0.0086,0.0,0.0,0.749644090829119
121157.298150011,0.4437,-0.0124,-0.0005,0.0028,-0.0017,0.0004,0.9596,-0.2053,0.0,1e-04,0.0,0.0,0.0,0.0,-0.0226,0.0049,0.9211,0.0331,0.0037,0.0021,0.0046,-0.0085,0.0,0.0,0.749844652158071
121157.306026804,0.4437,-0.0124,-0.0005,0.0028,-0.0017,0.0004,0.9595,-0.2053,0.0,1e-04,0.0,0.0,0.0,0.0,-0.0226,0.0049,0.9212,0.0332,0.0033,0.0026,0.0047,-0.0087,0.0,0.0,0.7500181965029615
121157.313530593,0.4437,-0.0124,-0.0005,0.0028,-0.0017,0.0004,0.9594,-0.2053,0.0,1e-04,0.0,0.0,0.0,0.0,-0.0226,0.0049,0.9211,0.0331,0.0039,0.0019,0.0045,-0.0084,0.0,0.0,0.7501647191059847
121157.341067159,0.4437,-0.0124,-0.0005,0.0028,-0.0017,0.0004,0.9593,-0.2052,0.0,1e-04,0.0,0.0,0.0,0.0,-0.0226,0.0049,0.9212,0.0332,0.0035,0.0025,0.0047,-0.0086,0.0,0.0,0.7502842159501493
121157.346113921,0.4437,-0.0124,-0.0005,0.0028,-0.0017,0.0004,0.9592,-0.2052,0.0,1e-04,0.0,0.0,0.0,0.0,-0.0226,0.0049,0.9211,0.0331,0.0035,0.0024,0.0047,-0.0086,0.0,0.0,0.7503766837593889
121157.35220946,0.4437,-0.0124,-0.0005,0.0028,-0.0017,0.0004,0.9591,-0.2052,0.0,1e-04,0.0,0.0,0.0,0.0,-0.0226,0.0049,0.9211,0.0332,0.0038,0.0021,0.0045,-0.0084,0.0,0.0,0.750442119998652
121157.35961463,0.4437,-0.0124,-0.0005,0.0028,-0.0017,0.0004,0.9589,-0.2052,0.0,1e-04,0.0,0.0,0.0,0.0,-0.0226,0.0049,0.921,0.0331,0.0035,0.0025,0.0047,-0.0086,0.0,0.0,0.7504805228739709
121157.383427329,0.4437,-0.0124,-0.0005,0.0028,-0.0017,0.0004,0.9588,-0.2051,0.0,1e-04,0.0,0.0,0.0,0.0,-0.0227,0.0049,0.9212,0.0332,0.0035,0.0024,0.0046,-0.0086,0.0,0.0,0.7504918913325114
121157.392392801,0.4437,-0.0124,-0.0005,0.0028,-0.0017,0.0004,0.9587,-0.2051,0.0,1e-04,0.0,0.0,0.0,0.0,-0.0227,0.0049,0.9211,0.0331,0.0037,0.0022,0.0046,-0.0085,0.0,0.0,0.7504762250626016
121157.398387076,0.4437,-0.0124,-0.0005,0.0028,-0.0017,0.0004,0.9586,-0.2051,0.0,1e-04,0.0,0.0,0.0,0.0,-0.0227,0.0049,0.9211,0.0331,0.0035,0.0024,0.0047,-0.0086,0.0,0.0,0.7504335244937399
121157.427472609,0.4437,-0.0124,-0.0005,0.0028,-0.0017,0.0004,0.9585,-0.2051,0.0,1e-04,0.0,0.0,0.0,0.0,-0.0227,0.0049,0.9211,0.0331,0.0037,0.0021,0.0046,-0.0085,0.0,0.0,0.7503637907965842
121157.432850266,0.4437,-0.0124,-0.0005,0.0028,-0.0017,0.0004,0.9584,-0.205,0.0,1e-04,0.0,0.0,0.0,0.0,-0.0227,0.0049,0.9211,0.0331,0.0035,0.0024,0.0047,-0.0086,0.0,0.0,0.750267025882919
121157.438071732,0.4437,-0.0124,-0.0005,0.0028,-0.0017,0.0004,0.9583,-0.205,0.0,1e-04,0.0,0.0,0.0,0.0,-0.0227,0.0049,0.9211,0.0331,0.0035,0.0024,0.0047,-0.0086,0.0,0.0,0.7501432324056033
121157.464806566,0.4437,-0.0124,-0.0005,0.0028,-0.0017,0.0004,0.9581,-0.205,0.0,1e-04,0.0,0.0,0.0,0.0,-0.0227,0.0049,0.9211,0.0331,0.0037,0.0022,0.0046,-0.0085,0.0,0.0,0.7499924137584977
121157.469770443,0.4437,-0.0124,-0.0005,0.0028,-0.0017,0.0004,0.958,-0.205,0.0,1e-04,0.0,0.0,0.0,0.0,-0.0227,0.0049,0.9211,0.0331,0.0035,0.0024,0.0047,-0.0086,0.0,0.0,0.7498145740763718
121157.474730362,0.4437,-0.0124,-0.0005,0.0028,-0.0017,0.0004,0.9579,-0.2049,0.0,1e-04,0.0,0.0,0.0,0.0,-0.0227,0.0049,0.9211,0.0331,0.0037,0.0021,0.0046,-0.0085,0.0,0.0,0.7496097182347902
121157.48019411,0.4437,-0.0124,-0.0005,0.0028,-0.0017,0.0004,0.9578,-0.2049,0.0,1e-04,0.0,0.0,0.0,0.0,-0.0227,0.0049,0.9211,0.0331,0.0035,0.0024,0.0047,-0.0086,0.0,0.0,0.7493778518499791
121157.506794712,0.4437,-0.0124,-0.0005,0.0028,-0.0017,0.0004,0.9577,-0.2049,0.0,1e-04,0.0,0.0,0.0,0.0,-0.0227,0.0049,0.9211,0.0331,0.0035,0.0024,0.0047,-0.0086,0.0,0.0,0.7491189812786729
121157.513628061,0.4437,-0.0124,-0.0005,0.0028,-0.0017,0.0004,0.9576,-0.2049,0.0,1e-04,0.0,0.0,0.0,0.0,-0.0227,0.0049,0.9211,0.0331,0.0037,0.0022,0.0046,-0.0085,0.0,0.0,0.7488331136179388
121157.519116715,0.4437,-0.0124,-0.0005,0.0028,-0.0017,0.0004,0.9575,-0.2048,0.0,1e-04,0.0,0.0,0.0,0.0,-0.0227,0.0049,0.9211,0.0331,0.0035,0.0024,0.0047,-0.0086,0.0,0.0,0.7485202567049835
121157.54510653,0.4437,-0.0124,-0.0005,0.0028,-0.0017,0.0004,0.9573,-0.2048,0.0,1e-04,0.0,0.0,0.0,0.0,-0.0227,0.0049,0.9211,0.0331,0.0037,0.0021,0.0046,-0.0085,0.0,0.0,0.7481804191169369
121157.549737827,0.4437,-0.0124,-0.0005,0.0028,-0.0017,0.0004,0.9572,-0.2048,0.0,1e-04,0.0,0.0,0.0,0.0,-0.0227,0.0049,0.9211,0.0331,0.0035,0.0024,0.0047,-0.0086,0.0,0.0,0.7478136101706182
121157.55479635,0.4437,-0.0124,-0.0005,0.0028,-0.0017,0.0004,0.9571,-0.2048,0.0,1e-04,0.0,0.0,0.0,0.0,-0.0228,0.0049,0.9211,0.0331,0.0035,0.0024,0.0046,-0.0086,0.0,0.0,0.7474198399222801
121157.580973139,0.4437,-0.0124,-0.0005,0.0028,-0.0017,0.0004,0.957,-0.2047,0.0,1e-04,0.0,0.0,0.0,0.0,-0.0228,0.0049,0.9211,0.0331,0.0037,0.0022,0.0046,-0.0085,0.0,0.0,0.7469991191673331
121157.586252529,0.4437,-0.0124,-0.0005,0.0028,-0.0017,0.0004,0.9569,-0.2047,0.0,1e-04,0.0,0.0,0.0,0.0,-0.0228,0.0049,0.921,0.0331,0.0035,0.0024,0.0047,-0.0086,0.0,0.0,0.7465514594400485
121157.591634554,0.4437,-0.0124,-0.0005,0.0028,-0.0017,0.0004,0.9568,-0.2047,0.0,1e-04,0.0,0.0,0.0,0.0,-0.0228,0.0049,0.9211,0.0331,0.0038,0.0021,0.0045,-0.0084,0.0,0.0,0.7460768730132448
121157.596827387,0.4437,-0.0124,-0.0005,0.0028,-0.0017,0.0004,0.9567,-0.2047,0.0,1e-04,0.0,0.0,0.0,0.0,-0.0228,0.0049,0.9211,0.0331,0.0035,0.0024,0.0047,-0.0086,0.0,0.0,0.7455753728979477
121157.624863985,0.4437,-0.0124,-0.0005,0.0028,-0.0017,0.0004,0.9565,-0.2046,0.0,1e-04,0.0,0.0,0.0,0.0,-0.0228,0.0049,0.9211,0.0331,0.0036,0.0024,0.0046,-0.0086,0.0,0.0,0.7450469728430368
121157.630959651,0.4437,-0.0124,-0.0005,0.0028,-0.0017,0.0004,0.9564,-0.2046,0.0,1e-04,0.0,0.0,0.0,0.0,-0.0228,0.0049,0.9211,0.0331,0.0036,0.0022,0.0046,-0.0085,0.0,0.0,0.7444916873348663
121157.636592333,0.4437,-0.0124,-0.0005,0.0028,-0.0017,0.0004,0.9563,-0.2046,0.0,1e-04,0.0,0.0,0.0,0.0,-0.0228,0.0049,0.921,0.0331,0.0036,0.0023,0.0046,-0.0086,0.0,0.0,0.7439095315968692
121157.662609359,0.4437,-0.0124,-0.0005,0.0028,-0.0017,0.0004,0.9562,-0.2046,0.0,1e-04,0.0,0.0,0.0,0.0,-0.0228,0.0049,0.9211,0.0331,0.0037,0.0021,0.0046,-0.0085,0.0,0.0,0.7433005215891385
121157.668075857,0.4437,-0.0124,-0.0005,0.0028,-0.0017,0.0004,0.9561,-0.2045,0.0,1e-04,0.0,0.0,0.0,0.0,-0.0228,0.0049,0.9211,0.0331,0.0035,0.0024,0.0047,-0.0086,0.0,0.0,0.7426646740079921
121157.673343109,0.4437,-0.0124,-0.0005,0.0028,-0.0017,0.0004,0.956,-0.2045,0.0,1e-04,0.0,0.0,0.0,0.0,-0.0228,0.0049,0.921,0.033,0.0036,0.0023,0.0046,-0.0086,0.0,0.0,0.7420020062855115
121157.701127993,0.4437,-0.0124,-0.0005,0.0028,-0.0017,0.0004,0.9559,-0.2045,0.0,1e-04,0.0,0.0,0.0,0.0,-0.0228,0.0049,0.9211,0.0331,0.0037,0.0022,0.0046,-0.0085,0.0,0.0,0.7413125365890678
121157.706079247,0.4437,-0.0124,-0.0005,0.0028,-0.0017,0.0004,0.9557,-0.2045,0.0,1e-04,0.0,0.0,0.0,0.0,-0.0228,0.0049,0.921,0.0331,0.0035,0.0024,0.0047,-0.0086,0.0,0.0,0.7405962838208214
121157.711692213,0.4437,-0.0124,-0.0005,0.0028,-0.0017,0.0004,0.9556,-0.2044,0.0,1e-04,0.0,0.0,0.0,0.0,-0.0228,0.0049,0.9211,0.0331,0.0038,0.002,0.0045,-0.0084,0.0,0.0,0.7398532676172027
121157.716824473,0.4437,-0.0124,-0.0005,0.0028,-0.0017,0.0004,0.9555,-0.2044,0.0,1e-04,0.0,0.0,0.0,0.0,-0.0228,0.0049,0.9209,0.033,0.0034,0.0025,0.0047,-0.0087,0.0,0.0,0.739083508348377
121157.744217702,0.4437,-0.0124,-0.0005,0.0028,-0.0017,0.0004,0.9554,-0.2044,0.0,1e-04,0.0,0.0,0.0,0.0,-0.0229,0.0049,0.921,0.0331,0.0038,0.002,0.0045,-0.0084,0.0,0.0,0.7382870271176832
121157.749856396,0.4437,-0.0124,-0.0005,0.0028,-0.0017,0.0004,0.9553,-0.2044,0.0,1e-04,0.0,0.0,0.0,0.0,-0.0229,0.0049,0.9211,0.0331,0.0033,0.0027,0.0048,-0.0087,0.0,0.0,0.7374638457610571
121157.754802519,0.4437,-0.0124,-0.0005,0.0028,-0.0017,0.0004,0.9552,-0.2043,0.0,1e-04,0.0,0.0,0.0,0.0,-0.0229,0.0049,0.921,0.0331,0.0039,0.0019,0.0045,-0.0084,0.0,0.0,0.7366139868464303
121157.782270167,0.4437,-0.0124,-0.0005,0.0028,-0.0017,0.0004,0.9551,-0.2043,0.0,1e-04,0.0,0.0,0.0,0.0,-0.0229,0.0049,0.921,0.0331,0.0034,0.0025,0.0047,-0.0086,0.0,0.0,0.7357374736731157
121157.787306028,0.4437,-0.0124,-0.0005,0.0028,-0.0017,0.0004,0.9549,-0.2043,0.0,1e-04,0.0,0.0,0.0,0.0,-0.0229,0.0049,0.9211,0.0331,0.0037,0.0021,0.0046,-0.0085,0.0,0.0,0.7348343302711633
121157.792330617,0.4437,-0.0124,-0.0005,0.0028,-0.0017,0.0004,0.9548,-0.2043,0.0,1e-04,0.0,0.0,0.0,0.0,-0.0229,0.0049,0.921,0.0331,0.0035,0.0024,0.0047,-0.0086,0.0,0.0,0.7339045814007067
121157.81599977,0.4437,-0.0124,-0.0005,0.0028,-0.0017,0.0004,0.9547,-0.2042,0.0,1e-04,0.0,0.0,0.0,0.0,-0.0229,0.0049,0.921,0.033,0.0037,0.0022,0.0046,-0.0085,0.0,0.0,0.73294825255128
121157.823790753,0.4437,-0.0124,-0.0005,0.0028,-0.0017,0.0004,0.9546,-0.2042,0.0,1e-04,0.0,0.0,0.0,0.0,-0.0229,0.0049,0.921,0.0331,0.0035,0.0024,0.0047,-0.0086,0.0,0.0,0.731965369941123
121157.830991447,0.4437,-0.0124,-0.0005,0.0028,-0.0017,0.0004,0.9545,-0.2042,0.0,1e-04,0.0,0.0,0.0,0.0,-0.0229,0.0049,0.9209,0.033,0.0038,0.002,0.0045,-0.0084,0.0,0.0,0.7309559605164574
121157.835993424,0.4437,-0.0124,-0.0005,0.0028,-0.0017,0.0004,0.9544,-0.2042,0.0,1e-04,0.0,0.0,0.0,0.0,-0.0229,0.0049,0.9211,0.0331,0.0033,0.0027,0.0048,-0.0087,0.0,0.0,0.7299200519507538
121157.863058162,0.4437,-0.0124,-0.0005,0.0028,-0.0017,0.0004,0.9543,-0.2041,0.0,1e-04,0.0,0.0,0.0,0.0,-0.0229,0.005,0.9209,0.033,0.0039,0.0019,0.0045,-0.0084,0.0,0.0,0.7288576726439677
121157.868062755,0.4437,-0.0124,-0.0005,0.0028,-0.0017,0.0004,0.9541,-0.2041,0.0,1e-04,0.0,0.0,0.0,0.0,-0.0229,0.0049,0.921,0.0331,0.0033,0.0026,0.0047,-0.0087,0.0,0.0,0.7277688517217652
121157.873382494,0.4437,-0.0124,-0.0005,0.0028,-0.0017,0.0004,0.954,-0.2041,0.0,1e-04,0.0,0.0,0.0,0.0,-0.0229,0.005,0.921,0.0331,0.0039,0.0019,0.0045,-0.0084,0.0,0.0,0.7266536190347217
121157.900834423,0.4437,-0.0124,-0.0005,0.0028,-0.0017,0.0004,0.9539,-0.2041,0.0,1e-04,0.0,0.0,0.0,0.0,-0.0229,0.005,0.921,0.033,0.0033,0.0026,0.0048,-0.0087,0.0,0.0,0.7255120051575048
121157.909327584,0.4437,-0.0124,-0.0005,0.0028,-0.0017,0.0004,0.9538,-0.204,0.0,1e-04,0.0,0.0,0.0,0.0,-0.0229,0.005,0.921,0.0331,0.0037,0.0022,0.0046,-0.0085,0.0,0.0,0.7243440413880348
121157.915412439,0.4437,-0.0124,-0.0005,0.0028,-0.0017,0.0004,0.9537,-0.204,0.0,1e-04,0.0,0.0,0.0,0.0,-0.023,0.005,0.9211,0.0331,0.0035,0.0024,0.0047,-0.0086,0.0,0.0,0.7231497597466301
121157.944409485,0.4437,-0.0124,-0.0005,0.0028,-0.0017,0.0004,0.9536,-0.204,0.0,1e-04,0.0,0.0,0.0,0.0,-0.023,0.005,0.9205,0.0327,0.0038,0.002,0.0045,-0.0084,0.0,0.0,0.7219291929751234
121157.949417965,0.4437,-0.0124,-0.0005,0.0028,-0.0017,0.0004,0.9535,-0.204,0.0,1e-04,0.0,0.0,0.0,0.0,-0.023,0.005,0.9209,0.033,0.0036,0.0022,0.0046,-0.0085,0.0,0.0,0.7206823745359704
121157.954944409,0.4437,-0.0124,-0.0005,0.0028,-0.0017,0.0004,0.9533,-0.2039,0.0,1e-04,0.0,0.0,0.0,0.0,-0.023,0.005,0.9252,0.0366,0.0038,0.0021,0.0045,-0.0085,0.0,0.0,0.719409338611328
121157.960351231,0.4437,-0.0124,-0.0005,0.0028,-0.0017,0.0004,0.9532,-0.2039,0.0,1e-04,0.0,0.0,0.0,0.0,-0.023,0.005,0.9189,0.0309,0.0033,0.0026,0.0048,-0.0087,0.0,0.0,0.7181101201021189
121157.984847288,0.4437,-0.0124,-0.0005,0.0028,-0.0017,0.0004,0.9531,-0.2039,0.0,0.0,0.0,0.0,0.0,0.0,-0.023,0.005,0.9226,0.0346,0.0041,0.0017,0.0044,-0.0083,0.0,0.0,0.7167847546270758
121157.993188732,0.4437,-0.0124,-0.0005,0.0028,-0.0017,0.0004,0.953,-0.2038,0.0,1e-04,0.0,0.0,0.0,0.0,-0.023,0.005,0.9192,0.0315,0.0034,0.0025,0.0047,-0.0086,0.0,0.0,0.7154332785217621
121157.998946487,0.4437,-0.0124,-0.0005,0.0028,-0.0017,0.0004,0.9529,-0.2038,0.0,1e-04,0.0,0.0,0.0,0.0,-0.023,0.005,0.9219,0.0338,0.0036,0.0023,0.0046,-0.0085,0.0,0.0,0.7140557288375777
121158.026660124,0.4437,-0.0124,-0.0005,0.0028,-0.0017,0.0004,0.9528,-0.2038,0.0,0.0,0.0,0.0,0.0,0.0,-0.023,0.005,0.9226,0.0343,0.0035,0.0024,0.0047,-0.0086,0.0,0.0,0.7126521433407429
121158.032583818,0.4437,-0.0124,-0.0005,0.0028,-0.0017,0.0004,0.9527,-0.2038,0.0,0.0,0.0,0.0,0.0,0.0,-0.023,0.005,0.9212,0.0333,0.0037,0.0022,0.0046,-0.0085,0.0,0.0,0.7112225605112645
121158.037919328,0.4437,-0.0124,-0.0005,0.0028,-0.0017,0.0004,0.9525,-0.2037,0.0,0.0,0.0,0.0,0.0,0.0,-0.023,0.005,0.9246,0.0363,0.0038,0.0021,0.0045,-0.0085,0.0,0.0,0.7097670195418759
121158.067034429,0.4437,-0.0124,-0.0005,0.0028,-0.0017,0.0004,0.9524,-0.2037,0.0,0.0,0.0,0.0,0.0,0.0,-0.023,0.005,0.9222,0.0344,0.0038,0.002,0.0045,-0.0084,0.0,0.0,0.7082855603369697
121158.072055873,0.4437,-0.0124,-0.0005,0.0028,-0.0017,0.0004,0.9523,-0.2037,0.0,0.0,0.0,0.0,0.0,0.0,-0.023,0.005,0.9213,0.0337,0.0036,0.0023,0.0046,-0.0085,0.0,0.0,0.7067782235114974
121158.077528337,0.4437,-0.0124,-0.0005,0.0028,-0.0017,0.0004,0.9522,-0.2037,0.0,0.0,0.0,0.0,0.0,0.0,-0.023,0.005,0.9215,0.033,0.0036,0.0023,0.0046,-0.0086,0.0,0.0,0.70524505038986
121158.082884555,0.4437,-0.0124,-0.0005,0.0028,-0.0017,0.0004,0.9521,-0.2036,0.0,0.0,0.0,0.0,0.0,0.0,-0.023,0.005,0.9205,0.0325,0.0035,0.0024,0.0047,-0.0086,0.0,0.0,0.7036860830047723
121158.110907193,0.4436,-0.0124,-0.0005,0.0028,-0.0017,0.0004,0.952,-0.2036,0.0,0.0,0.0,0.0,0.0,0.0,-0.0231,0.005,0.9235,0.0356,0.0038,0.0021,0.0045,-0.0085,0.0,0.0,0.7021013640961143
121158.11571049,0.4436,-0.0124,-0.0005,0.0028,-0.0017,0.0004,0.9518,-0.2036,0.0,0.0,0.0,0.0,0.0,0.0,-0.0231,0.005,0.9213,0.0335,0.0036,0.0024,0.0046,-0.0086,0.0,0.0,0.7004909371097533
121158.121198934,0.4436,-0.0124,-0.0005,0.0028,-0.0017,0.0004,0.9517,-0.2036,0.0,0.0004,0.0,0.0,0.0,0.0,-0.0231,0.005,0.9097,0.0288,0.0042,0.0015,0.0043,-0.0082,0.0,0.0,0.698854846196361
121158.147529394,0.4436,-0.0123,-0.0005,0.0028,-0.0017,0.0004,0.9516,-0.2035,0.0,0.0012,0.0,0.0,0.0,0.0,-0.0231,0.005,0.9079,0.0348,0.0034,0.0026,0.0047,-0.0087,0.0,0.0,0.6971931362101936
121158.152808167,0.4436,-0.0123,-0.0005,0.0028,-0.0017,0.0004,0.9515,-0.2035,-0.0103,-0.0059,1e-04,-0.0002,0.0,-1e-04,-0.023,0.0051,0.848,0.0354,0.0036,0.0022,0.0049,-0.0083,0.0,0.0,0.6955058527078717
121158.158118098,0.4436,-0.0123,-0.0005,0.0028,-0.0017,0.0004,0.9514,-0.2035,0.0,0.0065,-1e-04,0.0003,0.0,1e-04,-0.0232,0.0049,0.9001,0.0333,0.0039,0.0018,0.0039,-0.0087,0.0,0.0,0.6937930419471239
121158.18567874,0.4435,-0.0123,-0.0005,0.0028,-0.0017,0.0004,0.9513,-0.2035,-0.0101,0.0,0.0,0.0,0.0,0.0,-0.0231,0.005,0.8393,0.032,0.0035,0.0024,0.005,-0.0084,0.0,0.0,0.6920547508855238
121158.190646474,0.4435,-0.0123,-0.0005,0.0028,-0.0017,0.0004,0.9511,-0.2034,-0.0146,0.0,0.0,0.0,0.0,0.0,-0.0231,0.005,0.8326,0.033,0.0037,0.0021,0.0046,-0.0085,0.0,0.0,0.6902910271791968
121158.196523191,0.4434,-0.0123,-0.0005,0.0028,-0.0017,0.0004,0.951,-0.2034,-0.0193,0.0,0.0,0.0,0.0,0.0,-0.0231,0.005,0.8285,0.0333,0.0033,0.0027,0.0048,-0.0087,0.0,0.0,0.6885019191815216
121158.202145714,0.4432,-0.0123,-0.0005,0.0028,-0.0017,0.0004,0.9509,-0.2034,-0.0242,0.0,0.0,0.0,0.0,0.0,-0.0231,0.005,0.8241,0.0331,0.0035,0.0025,0.0047,-0.0087,0.0,0.0,0.6866874759417954
121158.228778667,0.4431,-0.0123,-0.0005,0.0028,-0.0017,0.0004,0.9508,-0.2034,-0.0293,0.0,0.0,0.0,0.0,0.0,-0.0231,0.005,0.8195,0.0332,0.0038,0.0021,0.0045,-0.0084,0.0,0.0,0.6848477472038971
121158.233793238,0.4429,-0.0123,-0.0005,0.0028,-0.0017,0.0004,0.9507,-0.2033,-0.0347,0.0,0.0,0.0,0.0,0.0,-0.0231,0.005,0.815,0.0332,0.0037,0.0022,0.0046,-0.0085,0.0,0.0,0.6829827834049202
121158.238800595,0.4427,-0.0123,-0.0005,0.0028,-0.0017,0.0004,0.9506,-0.2033,-0.0402,0.0,0.0,0.0,0.0,0.0,-0.0231,0.005,0.8113,0.0332,0.0036,0.0023,0.0046,-0.0085,0.0,0.0,0.6810926356737887
121158.265462833,0.4425,-0.0123,-0.0005,0.0028,-0.0017,0.0004,0.9504,-0.2033,-0.046,0.0,0.0,0.0,0.0,0.0,-0.0231,0.005,0.8056,0.0332,0.0037,0.0023,0.0046,-0.0085,0.0,0.0,0.6791773558298575
121158.271214647,0.4422,-0.0123,-0.0005,0.0028,-0.0017,0.0004,0.9503,-0.2033,-0.0519,0.0,0.0,0.0,0.0,0.0,-0.0231,0.005,0.8021,0.0332,0.0036,0.0023,0.0047,-0.0086,0.0,0.0,0.6772369963814905
121158.276826019,0.4419,-0.0123,-0.0005,0.0028,-0.0017,0.0004,0.9502,-0.2032,-0.0581,0.0,0.0,0.0,0.0,0.0,-0.0232,0.005,0.7977,0.0332,0.0037,0.0021,0.0046,-0.0085,0.0,0.0,0.6752716105246237
121158.300984493,0.4416,-0.0123,-0.0005,0.0028,-0.0017,0.0004,0.9501,-0.2032,-0.0644,0.0,0.0,0.0,0.0,0.0,-0.0232,0.005,0.7935,0.0332,0.0036,0.0023,0.0047,-0.0086,0.0,0.0,0.6732812521413007
121158.30840694,0.4412,-0.0123,-0.0005,0.0028,-0.0017,0.0004,0.95,-0.2032,-0.0709,0.0,0.0,0.0,0.0,0.0,-0.0232,0.005,0.7896,0.0332,0.0036,0.0023,0.0047,-0.0086,0.0,0.0,0.6712659757982049
121158.31520876,0.4409,-0.0123,-0.0005,0.0028,-0.0017,0.0004,0.9499,-0.2032,-0.0775,0.0,0.0,0.0,0.0,0.0,-0.0232,0.005,0.7854,0.0332,0.0035,0.0024,0.0047,-0.0086,0.0,0.0,0.6692258367451523
121158.320483415,0.4404,-0.0123,-0.0005,0.0028,-0.0017,0.0004,0.9497,-0.2031,-0.0844,0.0,0.0,0.0,0.0,0.0,-0.0232,0.005,0.7814,0.0332,0.0036,0.0024,0.0047,-0.0086,0.0,0.0,0.6671608909135878
121158.346818342,0.44,-0.0123,-0.0005,0.0028,-0.0017,0.0004,0.9496,-0.2031,-0.0914,0.0,0.0,0.0,0.0,0.0,-0.0232,0.005,0.7773,0.0332,0.0036,0.0024,0.0047,-0.0086,0.0,0.0,0.665071194915043
121158.352080235,0.4395,-0.0123,-0.0005,0.0028,-0.0017,0.0004,0.9495,-0.2031,-0.0985,0.0,0.0,0.0,0.0,0.0,-0.0232,0.005,0.7733,0.0332,0.0036,0.0023,0.0046,-0.0086,0.0,0.0,0.6629568060395914
121158.357298464,0.4389,-0.0123,-0.0005,0.0028,-0.0017,0.0004,0.9494,-0.2031,-0.1058,0.0,0.0,0.0,0.0,0.0,-0.0232,0.005,0.7694,0.0332,0.0036,0.0023,0.0047,-0.0086,0.0,0.0,0.6608177822542692
121158.38420232,0.4384,-0.0123,-0.0005,0.0028,-0.0017,0.0004,0.9493,-0.203,-0.1132,0.0,0.0,0.0,0.0,0.0,-0.0232,0.005,0.7655,0.0332,0.0035,0.0025,0.0047,-0.0087,0.0,0.0,0.6586541822014972
121158.388323859,0.4378,-0.0123,-0.0005,0.0028,-0.0017,0.0004,0.9492,-0.203,-0.1208,0.0,0.0,0.0,0.0,0.0,-0.0232,0.005,0.7616,0.0332,0.0036,0.0023,0.0046,-0.0086,0.0,0.0,0.6564660651974604
121158.394198161,0.4371,-0.0123,-0.0005,0.0028,-0.0017,0.0004,0.9491,-0.203,-0.1285,0.0,0.0,0.0,0.0,0.0,-0.0232,0.005,0.7579,0.0332,0.004,0.0019,0.0045,-0.0083,0.0,0.0,0.6542534912304944
121158.417648326,0.4364,-0.0123,-0.0005,0.0028,-0.0017,0.0004,0.9489,-0.203,-0.1363,0.0,0.0,0.0,0.0,0.0,-0.0232,0.005,0.7538,0.0332,0.0033,0.0027,0.0048,-0.0087,0.0,0.0,0.6520165209594311
121158.425823174,0.4357,-0.0123,-0.0005,0.0028,-0.0017,0.0004,0.9488,-0.2029,-0.1443,0.0,0.0,0.0,0.0,0.0,-0.0232,0.005,0.7503,0.0332,0.0035,0.0025,0.0047,-0.0086,0.0,0.0,0.6497552157119407
121158.432685587,0.435,-0.0123,-0.0005,0.0028,-0.0017,0.0004,0.9487,-0.2029,-0.1523,0.0,0.0,0.0,0.0,0.0,-0.0232,0.005,0.7465,0.0332,0.0039,0.0019,0.0045,-0.0084,0.0,0.0,0.6474696374828481
121158.441292941,0.4342,-0.0123,-0.0005,0.0028,-0.0017,0.0004,0.9486,-0.2029,-0.1605,0.0,0.0,0.0,0.0,0.0,-0.0232,0.005,0.7429,0.0332,0.0033,0.0028,0.0049,-0.0088,0.0,0.0,0.6451598489324372
121158.466389371,0.4333,-0.0123,-0.0005,0.0028,-0.0017,0.0004,0.9485,-0.2029,-0.1687,0.0,0.0,0.0,0.0,0.0,-0.0232,0.005,0.7395,0.0332,0.0039,0.002,0.0045,-0.0084,0.0,0.0,0.6428259133847247
121158.473668691,0.4324,-0.0123,-0.0005,0.0028,-0.0017,0.0004,0.9484,-0.2028,-0.1771,0.0,0.0,0.0,0.0,0.0,-0.0232,0.005,0.7358,0.0332,0.0034,0.0026,0.0048,-0.0087,0.0,0.0,0.6404678948257352
121158.481307902,0.4315,-0.0123,-0.0005,0.0028,-0.0017,0.0004,0.9482,-0.2028,-0.1855,0.0,0.0,0.0,0.0,0.0,-0.0233,0.005,0.7323,0.0332,0.0037,0.0023,0.0046,-0.0085,0.0,0.0,0.6380858579017377
121158.509268257,0.4305,-0.0123,-0.0005,0.0028,-0.0017,0.0004,0.9481,-0.2028,-0.194,0.0,0.0,0.0,0.0,0.0,-0.0233,0.005,0.7291,0.0332,0.0038,0.0021,0.0046,-0.0085,0.0,0.0,0.6356798679174771
121158.515990839,0.4295,-0.0123,-0.0005,0.0028,-0.0017,0.0004,0.948,-0.2028,-0.2026,0.0,0.0,0.0,0.0,0.0,-0.0233,0.005,0.7257,0.0332,0.0033,0.0028,0.0049,-0.0088,0.0,0.0,0.6332499908343855
121158.521646445,0.4284,-0.0123,-0.0005,0.0028,-0.0017,0.0004,0.9479,-0.2027,-0.2112,0.0,0.0,0.0,0.0,0.0,-0.0233,0.005,0.7224,0.0333,0.0042,0.0017,0.0044,-0.0083,0.0,0.0,0.6307962932687692
121158.548536801,0.4273,-0.0123,-0.0005,0.0028,-0.0017,0.0004,0.9478,-0.2027,-0.2199,0.0,0.0,0.0,0.0,0.0,-0.0233,0.005,0.719,0.0332,0.0034,0.0027,0.0048,-0.0087,0.0,0.0,0.6283188424899889
121158.553802756,0.4262,-0.0123,-0.0005,0.0028,-0.0017,0.0004,0.9477,-0.2027,-0.2286,0.0,0.0,0.0,0.0,0.0,-0.0233,0.005,0.7158,0.0332,0.004,0.0018,0.0045,-0.0083,0.0,0.0,0.6258177064186058
121158.559912677,0.425,-0.0123,-0.0005,0.0028,-0.0017,0.0004,0.9475,-0.2027,-0.2373,0.0,0.0,0.0,0.0,0.0,-0.0233,0.005,0.7128,0.0332,0.0038,0.0022,0.0046,-0.0085,0.0,0.0,0.6232929536245322
121158.565311254,0.4238,-0.0123,-0.0005,0.0028,-0.0017,0.0004,0.9474,-0.2026,-0.2461,0.0,0.0,0.0,0.0,0.0,-0.0233,0.005,0.7098,0.0332,0.0036,0.0023,0.0047,-0.0086,0.0,0.0,0.6207446533251376
121158.592511373,0.4225,-0.0123,-0.0005,0.0028,-0.0017,0.0004,0.9473,-0.2026,-0.2549,0.0,0.0,0.0,0.0,0.0,-0.0233,0.005,0.7067,0.0332,0.0038,0.0021,0.0046,-0.0085,0.0,0.0,0.618172875383365
121158.597988105,0.4212,-0.0123,-0.0005,0.0028,-0.0017,0.0004,0.9472,-0.2026,-0.2637,0.0,0.0,0.0,0.0,0.0,-0.0233,0.005,0.7039,0.0332,0.0037,0.0023,0.0047,-0.0086,0.0,0.0,0.6155776903058046
121158.6037188,0.4198,-0.0123,-0.0005,0.0028,-0.0017,0.0004,0.9471,-0.2025,-0.2726,0.0,0.0,0.0,0.0,0.0,-0.0233,0.005,0.701,0.0332,0.0038,0.0021,0.0046,-0.0085,0.0,0.0,0.6129591692407663
121158.632786989,0.4184,-0.0123,-0.0005,0.0028,-0.0017,0.0004,0.947,-0.2025,-0.2814,0.0,0.0,0.0,0.0,0.0,-0.0233,0.005,0.6983,0.0332,0.0037,0.0022,0.0047,-0.0085,0.0,0.0,0.610317383976327
121158.639778252,0.4169,-0.0123,-0.0005,0.0028,-0.0017,0.0004,0.9468,-0.2025,-0.2902,0.0,0.0,0.0,0.0,0.0,-0.0233,0.005,0.6955,0.0333,0.0038,0.0021,0.0046,-0.0084,0.0,0.0,0.607652406938367
121158.645442893,0.4154,-0.0123,-0.0005,0.0028,-0.0017,0.0004,0.9467,-0.2025,-0.2989,0.0,0.0,0.0,0.0,0.0,-0.0233,0.005,0.6927,0.0331,0.0036,0.0024,0.0048,-0.0086,0.0,0.0,0.6049643111885742
121158.669771264,0.4139,-0.0123,-0.0005,0.0028,-0.0017,0.0004,0.9466,-0.2024,-0.3077,0.0,0.0,0.0,0.0,0.0,-0.0233,0.005,0.6901,0.0333,0.0038,0.0022,0.0047,-0.0085,0.0,0.0,0.6022531704224543
121158.679119317,0.4123,-0.0123,-0.0005,0.0028,-0.0017,0.0004,0.9465,-0.2024,-0.3164,0.0,0.0,0.0,0.0,0.0,-0.0234,0.0051,0.6874,0.0331,0.0038,0.0022,0.0047,-0.0085,0.0,0.0,0.5995190589672998
121158.684362674,0.4107,-0.0123,-0.0005,0.0028,-0.0017,0.0004,0.9464,-0.2024,-0.3251,0.0,0.0,0.0,0.0,0.0,-0.0234,0.0051,0.685,0.0334,0.0041,0.0018,0.0045,-0.0083,0.0,0.0,0.5967620517801578
121158.689786788,0.409,-0.0123,-0.0005,0.0028,-0.0017,0.0004,0.9463,-0.2024,-0.3337,0.0,0.0,0.0,0.0,0.0,-0.0234,0.0051,0.6824,0.0332,0.0036,0.0024,0.0048,-0.0086,0.0,0.0,0.5939822244457719
121158.716388222,0.4073,-0.0123,-0.0005,0.0028,-0.0017,0.0004,0.9461,-0.2023,-0.3423,0.0,0.0,0.0,0.0,0.0,-0.0234,0.0051,0.6801,0.0331,0.0036,0.0024,0.0048,-0.0086,0.0,0.0,0.5911796531745153
121158.7210869,0.4055,-0.0123,-0.0005,0.0028,-0.0017,0.0004,0.946,-0.2023,-0.3508,0.0,0.0,0.0,0.0,0.0,-0.0234,0.0051,0.6778,0.0334,0.0039,0.0021,0.0047,-0.0085,0.0,0.0,0.5883544148002916
121158.726342475,0.4037,-0.0123,-0.0005,0.0028,-0.0017,0.0004,0.9459,-0.2023,-0.3592,0.0,0.0,0.0,0.0,0.0,-0.0234,0.0051,0.6756,0.0332,0.0038,0.0022,0.0047,-0.0085,0.0,0.0,0.5855065867784415
121158.750272043,0.4019,-0.0123,-0.0005,0.0028,-0.0017,0.0004,0.9458,-0.2023,-0.3675,0.0,0.0,0.0,0.0,0.0,-0.0234,0.0051,0.6733,0.0331,0.0036,0.0024,0.0048,-0.0086,0.0,0.0,0.5826362471836053
121158.757734704,0.4,-0.0123,-0.0005,0.0028,-0.0017,0.0004,0.9457,-0.2022,-0.3758,0.0,0.0,0.0,0.0,0.0,-0.0234,0.0051,0.671,0.0334,0.0039,0.002,0.0047,-0.0084,0.0,0.0,0.5797434747075947
121158.764594892,0.3981,-0.0123,-0.0005,0.0027,-0.0017,0.0004,0.9455,-0.2022,-0.3839,0.0,0.0,0.0,0.0,0.0,-0.0234,0.0051,0.6689,0.0332,0.0038,0.0022,0.0047,-0.0085,0.0,0.0,0.5768283486572293
121158.79191734,0.3961,-0.0123,-0.0005,0.0027,-0.0017,0.0004,0.9454,-0.2022,-0.392,0.0,0.0,0.0,0.0,0.0,-0.0234,0.0051,0.6668,0.0331,0.0035,0.0025,0.0048,-0.0087,0.0,0.0,0.5738909489521614
121158.797512212,0.3941,-0.0123,-0.0005,0.0027,-0.0017,0.0004,0.9453,-0.2022,-0.3999,0.0,0.0,0.0,0.0,0.0,-0.0234,0.0051,0.6648,0.0334,0.0041,0.0017,0.0046,-0.0083,0.0,0.0,0.5709313561226879
121158.803178808,0.3921,-0.0123,-0.0005,0.0027,-0.0017,0.0004,0.9452,-0.2021,-0.4077,0.0,0.0,0.0,0.0,0.0,-0.0234,0.0051,0.6628,0.0332,0.0036,0.0024,0.0048,-0.0086,0.0,0.0,0.56794965130754
121158.808034582,0.39,-0.0123,-0.0005,0.0027,-0.0017,0.0004,0.9451,-0.2021,-0.4154,0.0,0.0,0.0,0.0,0.0,-0.0234,0.0051,0.6609,0.033,0.0036,0.0025,0.0048,-0.0086,0.0,0.0,0.5649459162516647
121158.835557313,0.3879,-0.0123,-0.0005,0.0027,-0.0017,0.0004,0.945,-0.2021,-0.423,0.0,0.0,0.0,0.0,0.0,-0.0234,0.0051,0.659,0.0335,0.0042,0.0017,0.0046,-0.0083,0.0,0.0,0.5619202333039716
121158.840156721,0.3857,-0.0123,-0.0005,0.0027,-0.0017,0.0004,0.9448,-0.2021,-0.4304,0.0,0.0,0.0,0.0,0.0,-0.0235,0.0051,0.657,0.0332,0.0035,0.0025,0.0049,-0.0087,0.0,0.0,0.5588726854150912
121158.845511505,0.3835,-0.0123,-0.0005,0.0027,-0.0017,0.0004,0.9447,-0.202,-0.4377,0.0,0.0,0.0,0.0,0.0,-0.0235,0.0051,0.6552,0.0332,0.0038,0.0022,0.0048,-0.0085,0.0,0.0,0.5558033561350844
121158.869493179,0.3813,-0.0123,-0.0005,0.0027,-0.0017,0.0004,0.9446,-0.202,-0.4449,0.0,0.0,0.0,0.0,0.0,-0.0235,0.0051,0.6534,0.0332,0.0038,0.0022,0.0048,-0.0085,0.0,0.0,0.5527123296111667
121158.87820635,0.3791,-0.0123,-0.0005,0.0027,-0.0017,0.0004,0.9445,-0.202,-0.4519,0.0,0.0,0.0,0.0,0.0,-0.0235,0.0051,0.6517,0.0332,0.0036,0.0024,0.0048,-0.0086,0.0,0.0,0.5495996905853898
121158.883855463,0.3768,-0.0123,-0.0005,0.0027,-0.0017,0.0004,0.9444,-0.202,-0.4587,0.0,0.0,0.0,0.0,0.0,-0.0235,0.0051,0.6499,0.0333,0.0039,0.002,0.0047,-0.0084,0.0,0.0,0.5464655243923282
121158.910836706,0.3744,-0.0123,-0.0005,0.0027,-0.0017,0.0004,0.9442,-0.2019,-0.4654,0.0,0.0,0.0,0.0,0.0,-0.0235,0.0051,0.6481,0.0333,0.0037,0.0023,0.0048,-0.0086,0.0,0.0,0.5433099169567269
121158.916901884,0.3721,-0.0123,-0.0005,0.0027,-0.0017,0.0004,0.9441,-0.2019,-0.4719,0.0,0.0,0.0,0.0,0.0,-0.0235,0.0051,0.6465,0.0333,0.0039,0.002,0.0047,-0.0084,0.0,0.0,0.540132954791162
121158.92217142,0.3697,-0.0123,-0.0005,0.0027,-0.0017,0.0004,0.944,-0.2019,-0.4782,0.0,0.0,0.0,0.0,0.0,-0.0235,0.0051,0.6447,0.0332,0.0036,0.0025,0.0049,-0.0086,0.0,0.0,0.5369347249936518
121158.927446686,0.3672,-0.0123,-0.0005,0.0027,-0.0017,0.0004,0.9439,-0.2018,-0.4843,0.0,0.0,0.0,0.0,0.0,-0.0235,0.0051,0.6432,0.0333,0.004,0.0019,0.0047,-0.0084,0.0,0.0,0.5337153152452851
121158.951532724,0.3648,-0.0123,-0.0005,0.0027,-0.0017,0.0004,0.9438,-0.2018,-0.4903,0.0,0.0,0.0,0.0,0.0,-0.0235,0.0051,0.6416,0.0333,0.0037,0.0023,0.0049,-0.0086,0.0,0.0,0.5304748138078044
121158.9607421,0.3623,-0.0123,-0.0005,0.0027,-0.0017,0.0004,0.9437,-0.2018,-0.4961,0.0,0.0,0.0,0.0,0.0,-0.0235,0.0051,0.6399,0.0333,0.0037,0.0023,0.0049,-0.0086,0.0,0.0,0.5272133095211965
121158.965878958,0.3598,-0.0123,-0.0005,0.0027,-0.0017,0.0004,0.9435,-0.2018,-0.5017,0.0,0.0,0.0,0.0,0.0,-0.0235,0.0051,0.6381,0.0333,0.0039,0.0021,0.0048,-0.0085,0.0,0.0,0.5239308918012446
121158.994451715,0.3573,-0.0123,-0.0005,0.0027,-0.0017,0.0004,0.9434,-0.2017,-0.5071,0.0,0.0,0.0,0.0,0.0,-0.0235,0.0051,0.6365,0.0333,0.0037,0.0023,0.0049,-0.0086,0.0,0.0,0.5206276506370934
121159.000411777,0.3547,-0.0123,-0.0005,0.0027,-0.0017,0.0004,0.9433,-0.2017,-0.5122,0.0,0.0,0.0,0.0,0.0,-0.0235,0.0051,0.6351,0.0333,0.0039,0.0021,0.0048,-0.0084,0.0,0.0,0.5173036765887631
121159.009235172,0.3521,-0.0123,-0.0005,0.0027,-0.0017,0.0004,0.9432,-0.2017,-0.5172,0.0,0.0,0.0,0.0,0.0,-0.0235,0.0051,0.6334,0.0333,0.0037,0.0023,0.0049,-0.0085,0.0,0.0,0.5139590607846838
121159.037170461,0.3495,-0.0123,-0.0005,0.0027,-0.0017,0.0004,0.9431,-0.2017,-0.522,0.0,0.0,0.0,0.0,0.0,-0.0236,0.0051,0.6318,0.0333,0.0037,0.0023,0.0049,-0.0086,0.0,0.0,0.5105938949191896
121159.042308793,0.3469,-0.0123,-0.0005,0.0027,-0.0017,0.0004,0.9429,-0.2016,-0.5266,0.0,0.0,0.0,0.0,0.0,-0.0236,0.0051,0.6304,0.0332,0.0039,0.0021,0.0048,-0.0085,0.0,0.0,0.5072082712499979
121159.04780976,0.3442,-0.0123,-0.0005,0.0027,-0.0017,0.0004,0.9428,-0.2016,-0.5309,0.0,0.0,0.0,0.0,0.0,-0.0236,0.0051,0.6287,0.0334,0.004,0.002,0.0048,-0.0084,0.0,0.0,0.5038022825956954
121159.053351844,0.3415,-0.0123,-0.0005,0.0027,-0.0017,0.0004,0.9427,-0.2016,-0.5351,0.0,0.0,0.0,0.0,0.0,-0.0236,0.0051,0.6271,0.033,0.0034,0.0028,0.0051,-0.0088,0.0,0.0,0.5003760223331791
121159.080231446,0.3388,-0.0123,-0.0005,0.0027,-0.0017,0.0004,0.9426,-0.2016,-0.539,0.0,0.0,0.0,0.0,0.0,-0.0236,0.0051,0.6255,0.0337,0.0043,0.0016,0.0047,-0.0082,0.0,0.0,0.4969295843951086
121159.085429949,0.3361,-0.0123,-0.0005,0.0027,-0.0017,0.0004,0.9425,-0.2015,-0.5427,0.0,0.0,0.0,0.0,0.0,-0.0236,0.0051,0.6237,0.0333,0.0037,0.0023,0.0049,-0.0085,0.0,0.0,0.49346306326731604
121159.090490114,0.3334,-0.0123,-0.0005,0.0027,-0.0017,0.0004,0.9424,-0.2015,-0.5462,0.0,0.0,0.0,0.0,0.0,-0.0236,0.0051,0.6222,0.033,0.0035,0.0027,0.005,-0.0087,0.0,0.0,0.4899765539862341
121159.116575247,0.3306,-0.0123,-0.0005,0.0027,-0.0017,0.0004,0.9422,-0.2015,-0.5495,0.0,0.0,0.0,0.0,0.0,-0.0236,0.0051,0.6206,0.0337,0.0043,0.0016,0.0047,-0.0082,0.0,0.0,0.4864701521362711
121159.121747452,0.3279,-0.0123,-0.0005,0.0027,-0.0017,0.0004,0.9421,-0.2015,-0.5525,0.0,0.0,0.0,0.0,0.0,-0.0236,0.0051,0.6188,0.0333,0.0036,0.0023,0.005,-0.0086,0.0,0.0,0.48294395384720834
121159.126751062,0.3251,-0.0123,-0.0005,0.0027,-0.0017,0.0004,0.942,-0.2014,-0.5554,0.0,0.0,0.0,0.0,0.0,-0.0236,0.0051,0.617,0.033,0.0034,0.0028,0.0051,-0.0088,0.0,0.0,0.47939805579155126
121159.153160849,0.3223,-0.0123,-0.0005,0.0027,-0.0017,0.0004,0.9419,-0.2014,-0.558,0.0,0.0,0.0,0.0,0.0,-0.0236,0.0051,0.6154,0.0337,0.0045,0.0013,0.0046,-0.0081,0.0,0.0,0.4758325551818895
121159.161140984,0.3195,-0.0123,-0.0005,0.0027,-0.0017,0.0004,0.9418,-0.2014,-0.5604,0.0,0.0,0.0,0.0,0.0,-0.0236,0.0051,0.6136,0.0333,0.0034,0.0026,0.0051,-0.0087,0.0,0.0,0.4722475497682186
121159.166604682,0.3167,-0.0123,-0.0005,0.0027,-0.0017,0.0004,0.9416,-0.2014,-0.5625,0.0,0.0,0.0,0.0,0.0,-0.0236,0.0051,0.6118,0.0331,0.0036,0.0025,0.005,-0.0087,0.0,0.0,0.468643137835278
121159.171903823,0.3138,-0.0123,-0.0005,0.0027,-0.0017,0.0004,0.9415,-0.2013,-0.5645,0.0,0.0,0.0,0.0,0.0,-0.0237,0.0051,0.6099,0.0337,0.0044,0.0014,0.0047,-0.0081,0.0,0.0,0.4650194181998364
121159.198927533,0.311,-0.0123,-0.0005,0.0027,-0.0017,0.0004,0.9414,-0.2013,-0.5662,0.0,0.0,0.0,0.0,0.0,-0.0237,0.0051,0.6079,0.0333,0.0034,0.0026,0.0051,-0.0087,0.0,0.0,0.461376490208002
121159.204119475,0.3082,-0.0123,-0.0005,0.0027,-0.0017,0.0004,0.9413,-0.2013,-0.5677,0.0,0.0,0.0,0.0,0.0,-0.0237,0.0051,0.6061,0.0332,0.0038,0.0023,0.005,-0.0086,0.0,0.0,0.45771445373248454
121159.209768016,0.3053,-0.0123,-0.0005,0.0027,-0.0017,0.0004,0.9412,-0.2012,-0.569,0.0,0.0,0.0,0.0,0.0,-0.0237,0.0051,0.6039,0.0335,0.0039,0.0021,0.0049,-0.0084,0.0,0.0,0.454033409169864
121159.233831582,0.3025,-0.0123,-0.0005,0.0027,-0.0017,0.0004,0.9411,-0.2012,-0.5701,0.0,0.0,0.0,0.0,0.0,-0.0237,0.0051,0.602,0.0333,0.0038,0.0023,0.005,-0.0086,0.0,0.0,0.45033345743783526
121159.241770651,0.2996,-0.0122,-0.0005,0.0027,-0.0017,0.0004,0.9409,-0.2012,-0.5709,0.0,0.0,0.0,0.0,0.0,-0.0237,0.0051,0.5999,0.0335,0.0039,0.0021,0.0049,-0.0085,0.0,0.0,0.44661469997244774
121159.248984138,0.2967,-0.0122,-0.0005,0.0027,-0.0017,0.0004,0.9408,-0.2012,-0.5716,0.0,0.0,0.0,0.0,0.0,-0.0237,0.0051,0.5977,0.0333,0.0039,0.0021,0.0049,-0.0085,0.0,0.0,0.4428772387253108
121159.276920339,0.2939,-0.0122,-0.0005,0.0027,-0.0017,0.0004,0.9407,-0.2011,-0.572,0.0,0.0,0.0,0.0,0.0,-0.0237,0.0051,0.5955,0.0335,0.0038,0.0021,0.0049,-0.0085,0.0,0.0,0.4391211761608165
121159.282801745,0.291,-0.0122,-0.0005,0.0027,-0.0017,0.0004,0.9406,-0.2011,-0.5722,0.0,0.0,0.0,0.0,0.0,-0.0237,0.0051,0.5934,0.0332,0.0036,0.0025,0.0051,-0.0087,0.0,0.0,0.43534661525331597
121159.288237375,0.2882,-0.0122,-0.0005,0.0027,-0.0017,0.0004,0.9405,-0.2011,-0.5723,0.0,0.0,0.0,0.0,0.0,-0.0237,0.0051,0.591,0.0337,0.0041,0.0018,0.0048,-0.0083,0.0,0.0,0.431553659484302
121159.293543644,0.2853,-0.0122,-0.0005,0.0027,-0.0017,0.0004,0.9403,-0.2011,-0.5721,0.0,0.0,0.0,0.0,0.0,-0.0237,0.0051,0.5884,0.0332,0.0035,0.0026,0.0051,-0.0087,0.0,0.0,0.42774241283957537
121159.318658659,0.2824,-0.0122,-0.0005,0.0027,-0.0017,0.0004,0.9402,-0.201,-0.5717,0.0,0.0,0.0,0.0,0.0,-0.0237,0.0051,0.5861,0.0337,0.0041,0.0017,0.0048,-0.0083,0.0,0.0,0.4239129798063871
121159.327127335,0.2796,-0.0122,-0.0005,0.0027,-0.0017,0.0004,0.9401,-0.201,-0.5712,0.0,0.0,0.0,0.0,0.0,-0.0237,0.0051,0.5834,0.0332,0.0036,0.0025,0.0051,-0.0087,0.0,0.0,0.420065465370578
121159.33313693,0.2767,-0.0122,-0.0005,0.0027,-0.0017,0.0004,0.94,-0.201,-0.5704,0.0,0.0,0.0,0.0,0.0,-0.0237,0.0051,0.5809,0.0337,0.004,0.0019,0.0049,-0.0084,0.0,0.0,0.41619997501369865
121159.360884006,0.2739,-0.0122,-0.0005,0.0027,-0.0017,0.0004,0.9399,-0.201,-0.5695,0.0,0.0,0.0,0.0,0.0,-0.0237,0.0051,0.5783,0.0332,0.0038,0.0023,0.005,-0.0086,0.0,0.0,0.4123166147101238
121159.366330072,0.271,-0.0122,-0.0005,0.0027,-0.0017,0.0004,0.9398,-0.2009,-0.5684,0.0,0.0,0.0,0.0,0.0,-0.0238,0.0051,0.5754,0.0337,0.0038,0.0022,0.005,-0.0085,0.0,0.0,0.40841549092413243
121159.371248293,0.2682,-0.0122,-0.0005,0.0027,-0.0017,0.0004,0.9396,-0.2009,-0.567,0.0,0.0,0.0,0.0,0.0,-0.0238,0.0051,0.5726,0.0332,0.0038,0.0023,0.005,-0.0086,0.0,0.0,0.40449671060700787
121159.400300342,0.2653,-0.0122,-0.0005,0.0027,-0.0017,0.0004,0.9395,-0.2009,-0.5656,0.0,0.0,0.0,0.0,0.0,-0.0238,0.0052,0.5695,0.0337,0.004,0.002,0.0049,-0.0084,0.0,0.0,0.40056038119409065
121159.40525942,0.2625,-0.0122,-0.0005,0.0027,-0.0017,0.0004,0.9394,-0.2009,-0.5639,0.0,0.0,0.0,0.0,0.0,-0.0238,0.0052,0.5666,0.0332,0.0037,0.0024,0.0051,-0.0086,0.0,0.0,0.3966066106018402
121159.410615627,0.2597,-0.0122,-0.0005,0.0027,-0.0017,0.0004,0.9393,-0.2008,-0.5621,0.0,0.0,0.0,0.0,0.0,-0.0238,0.0052,0.5636,0.0337,0.004,0.0019,0.0049,-0.0084,0.0,0.0,0.39263550722487306
121159.416096096,0.2569,-0.0122,-0.0005,0.0027,-0.0017,0.0004,0.9392,-0.2008,-0.5602,0.0,0.0,0.0,0.0,0.0,-0.0238,0.0052,0.5602,0.0332,0.0036,0.0025,0.0051,-0.0087,0.0,0.0,0.38864717993299847
121159.443371025,0.2541,-0.0122,-0.0005,0.0027,-0.0017,0.0004,0.939,-0.2008,-0.5581,0.0,0.0,0.0,0.0,0.0,-0.0238,0.0052,0.557,0.0337,0.0042,0.0017,0.0049,-0.0083,0.0,0.0,0.3846417380682181
121159.4495257,0.2513,-0.0122,-0.0005,0.0027,-0.0017,0.0004,0.9389,-0.2007,-0.5558,0.0,0.0,0.0,0.0,0.0,-0.0238,0.0052,0.5535,0.0332,0.0035,0.0026,0.0052,-0.0087,0.0,0.0,0.3806192914417498
121159.454996591,0.2486,-0.0122,-0.0005,0.0027,-0.0017,0.0004,0.9388,-0.2007,-0.5534,0.0,0.0,0.0,0.0,0.0,-0.0238,0.0052,0.5502,0.0338,0.0044,0.0015,0.0048,-0.0082,0.0,0.0,0.37657995033099423
121159.481465558,0.2458,-0.0122,-0.0005,0.0027,-0.0017,0.0004,0.9387,-0.2007,-0.5509,0.0,0.0,0.0,0.0,0.0,-0.0238,0.0052,0.5465,0.0335,0.0034,0.0027,0.0052,-0.0087,0.0,0.0,0.3725238254765323
121159.489728962,0.2431,-0.0122,-0.0005,0.0027,-0.0017,0.0004,0.9386,-0.2007,-0.5482,0.0,0.0,0.0,0.0,0.0,-0.0238,0.0052,0.543,0.0332,0.0038,0.0023,0.005,-0.0086,0.0,0.0,0.3684510280790734
121159.491369508,0.2403,-0.0122,-0.0005,0.0027,-0.0017,0.0004,0.9384,-0.2006,-0.5455,0.0,0.0,0.0,0.0,0.0,-0.0238,0.0052,0.5392,0.0338,0.0042,0.0017,0.0049,-0.0083,0.0,0.0,0.3643616697964194
121159.517473975,0.2376,-0.0122,-0.0005,0.0027,-0.0017,0.0004,0.9383,-0.2006,-0.5426,0.0,0.0,0.0,0.0,0.0,-0.0238,0.0052,0.5353,0.0335,0.0038,0.0022,0.0051,-0.0085,0.0,0.0,0.3602558627403879
121159.522680735,0.2349,-0.0122,-0.0005,0.0027,-0.0017,0.0004,0.9382,-0.2006,-0.5396,0.0,0.0,0.0,0.0,0.0,-0.0238,0.0052,0.5313,0.0332,0.0036,0.0026,0.0052,-0.0087,0.0,0.0,0.35613371947375894
121159.528739321,0.2322,-0.0122,-0.0005,0.0027,-0.0017,0.0004,0.9381,-0.2006,-0.5365,0.0,0.0,0.0,0.0,0.0,-0.0239,0.0052,0.5273,0.0339,0.0043,0.0017,0.0048,-0.0083,0.0,0.0,0.351995353007167
121159.534162764,0.2296,-0.0122,-0.0005,0.0027,-0.0017,0.0004,0.938,-0.2005,-0.5333,0.0,0.0,0.0,0.0,0.0,-0.0239,0.0052,0.5231,0.0335,0.0038,0.0022,0.0051,-0.0085,0.0,0.0,0.3478408767960218
121159.562873846,0.2269,-0.0122,-0.0005,0.0027,-0.0017,0.0004,0.9378,-0.2005,-0.53,0.0,0.0,0.0,0.0,0.0,-0.0239,0.0052,0.5186,0.0332,0.0035,0.0027,0.0052,-0.0088,0.0,0.0,0.34367040473738886
121159.568634658,0.2243,-0.0122,-0.0005,0.0027,-0.0017,0.0004,0.9377,-0.2005,-0.5266,0.0,0.0,0.0,0.0,0.0,-0.0239,0.0052,0.5144,0.0339,0.0045,0.0014,0.0048,-0.0081,0.0,0.0,0.339484051166865
121159.573877484,0.2217,-0.0122,-0.0005,0.0027,-0.0017,0.0004,0.9376,-0.2005,-0.5232,0.0,0.0,0.0,0.0,0.0,-0.0239,0.0052,0.5098,0.0335,0.0035,0.0025,0.0052,-0.0087,0.0,0.0,0.3352819308554479
121159.604614983,0.219,-0.0122,-0.0005,0.0027,-0.0017,0.0004,0.9375,-0.2004,-0.5197,0.0,0.0,0.0,0.0,0.0,-0.0239,0.0052,0.5054,0.0332,0.0037,0.0025,0.0051,-0.0087,0.0,0.0,0.3310641590063873
121159.60644139,0.2165,-0.0122,-0.0005,0.0027,-0.0017,0.0004,0.9374,-0.2004,-0.5161,0.0,0.0,0.0,0.0,0.0,-0.0239,0.0052,0.5007,0.0339,0.0044,0.0015,0.0048,-0.0082,0.0,0.0,0.32683085125203315
121159.611820004,0.2139,-0.0122,-0.0005,0.0027,-0.0017,0.0004,0.9372,-0.2004,-0.5125,0.0,0.0,0.0,0.0,0.0,-0.0239,0.0052,0.4959,0.0335,0.0037,0.0024,0.0051,-0.0086,0.0,0.0,0.32258212365065053
121159.635775649,0.2114,-0.0122,-0.0005,0.0027,-0.0017,0.0004,0.9371,-0.2003,-0.5088,0.0,0.0,0.0,0.0,0.0,-0.0239,0.0052,0.491,0.0332,0.0036,0.0026,0.0052,-0.0087,0.0,0.0,0.3183180926832584
121159.645744329,0.2088,-0.0122,-0.0005,0.0027,-0.0017,0.0004,0.937,-0.2003,-0.5051,0.0,0.0,0.0,0.0,0.0,-0.0239,0.0052,0.4858,0.0339,0.0044,0.0015,0.0048,-0.0082,0.0,0.0,0.31403887525041396
121159.651426534,0.2063,-0.0122,-0.0005,0.0027,-0.0017,0.0004,0.9369,-0.2003,-0.5014,0.0,0.0,0.0,0.0,0.0,-0.0239,0.0052,0.4808,0.0335,0.0036,0.0025,0.0052,-0.0087,0.0,0.0,0.3097445886690292
121159.656756622,0.2038,-0.0122,-0.0005,0.0027,-0.0017,0.0004,0.9368,-0.2003,-0.4977,0.0,0.0,0.0,0.0,0.0,-0.0239,0.0052,0.4755,0.0334,0.0037,0.0024,0.0051,-0.0086,0.0,0.0,0.30543535066913696
121159.682641156,0.2014,-0.0122,-0.0005,0.0027,-0.0017,0.0004,0.9366,-0.2002,-0.4939,0.0,0.0,0.0,0.0,0.0,-0.0239,0.0052,0.4701,0.0337,0.0041,0.0019,0.005,-0.0084,0.0,0.0,0.30111127939067805
121159.687935353,0.1989,-0.0122,-0.0005,0.0027,-0.0017,0.0004,0.9365,-0.2002,-0.4901,0.0,0.0,0.0,0.0,0.0,-0.0239,0.0052,0.465,0.0334,0.0037,0.0024,0.0051,-0.0086,0.0,0.0,0.2967724933802455
121159.693759894,0.1965,-0.0122,-0.0005,0.0027,-0.0017,0.0004,0.9364,-0.2002,-0.4864,0.0,0.0,0.0,0.0,0.0,-0.024,0.0052,0.4592,0.0337,0.0041,0.0019,0.005,-0.0084,0.0,0.0,0.29241911158785483
121159.717040762,0.194,-0.0122,-0.0005,0.0027,-0.0017,0.0004,0.9363,-0.2002,-0.4826,0.0,0.0,0.0,0.0,0.0,-0.024,0.0052,0.4537,0.0334,0.0038,0.0022,0.0051,-0.0085,0.0,0.0,0.28805125336366133
121159.72479994,0.1916,-0.0122,-0.0005,0.0027,-0.0017,0.0004,0.9361,-0.2001,-0.4788,0.0,0.0,0.0,0.0,0.0,-0.024,0.0052,0.4478,0.0337,0.0039,0.0021,0.0051,-0.0085,0.0,0.0,0.28366903845470914
121159.731112765,0.1893,-0.0122,-0.0005,0.0027,-0.0017,0.0004,0.936,-0.2001,-0.4751,0.0,0.0,0.0,0.0,0.0,-0.024,0.0052,0.4422,0.0332,0.0037,0.0025,0.0051,-0.0086,0.0,0.0,0.27927258700163204
121159.758793008,0.1869,-0.0122,-0.0005,0.0027,-0.0017,0.0004,0.9359,-0.2001,-0.4714,0.0,0.0,0.0,0.0,0.0,-0.024,0.0052,0.4362,0.034,0.0047,0.0011,0.0047,-0.008,0.0,0.0,0.2748620195353674
121159.765202668,0.1846,-0.0122,-0.0005,0.0027,-0.0017,0.0004,0.9358,-0.2001,-0.4677,0.0,0.0,0.0,0.0,0.0,-0.024,0.0052,0.4302,0.0336,0.0036,0.0025,0.0052,-0.0086,0.0,0.0,0.2704374569738488
121159.770881417,0.1822,-0.0122,-0.0005,0.0027,-0.0017,0.0004,0.9357,-0.2,-0.4641,0.0,0.0,0.0,0.0,0.0,-0.024,0.0052,0.4239,0.0335,0.0036,0.0026,0.0052,-0.0087,0.0,0.0,0.26599902061869873
121159.776227776,0.1799,-0.0122,-0.0005,0.0027,-0.0017,0.0004,0.9355,-0.2,-0.4605,0.0,0.0,0.0,0.0,0.0,-0.024,0.0052,0.4178,0.0334,0.004,0.0022,0.005,-0.0085,0.0,0.0,0.2615468321518856
121159.802396193,0.1777,-0.0122,-0.0005,0.0027,-0.0017,0.0004,0.9354,-0.2,-0.457,0.0,0.0,0.0,0.0,0.0,-0.024,0.0052,0.4114,0.0338,0.004,0.002,0.005,-0.0084,0.0,0.0,0.2570810136324098
121159.811345324,0.1754,-0.0122,-0.0005,0.0027,-0.0017,0.0004,0.9353,-0.2,-0.4535,0.0,0.0,0.0,0.0,0.0,-0.024,0.0052,0.4052,0.0334,0.0038,0.0024,0.0051,-0.0086,0.0,0.0,0.25260168749294054
121159.817485911,0.1731,-0.0122,-0.0005,0.0027,-0.0017,0.0004,0.9352,-0.1999,-0.4501,0.0,0.0,0.0,0.0,0.0,-0.024,0.0052,0.3987,0.0338,0.0042,0.0018,0.0049,-0.0083,0.0,0.0,0.24810897653646502
121159.84487838,0.1709,-0.0122,-0.0005,0.0027,-0.0017,0.0004,0.9351,-0.1999,-0.4468,0.0,0.0,0.0,0.0,0.0,-0.024,0.0052,0.3919,0.0334,0.0036,0.0026,0.0052,-0.0087,0.0,0.0,0.24360300393292666
121159.850542081,0.1687,-0.0122,-0.0005,0.0027,-0.0017,0.0004,0.9349,-0.1999,-0.4436,0.0,0.0,0.0,0.0,0.0,-0.024,0.0052,0.3853,0.0338,0.0044,0.0015,0.0048,-0.0082,0.0,0.0,0.23908389321583745
121159.855928944,0.1665,-0.0122,-0.0005,0.0027,-0.0017,0.0004,0.9348,-0.1998,-0.4404,0.0,0.0,0.0,0.0,0.0,-0.024,0.0052,0.3784,0.0334,0.0033,0.003,0.0054,-0.0089,0.0,0.0,0.23455176827890523
121159.882970789,0.1643,-0.0122,-0.0005,0.0027,-0.0017,0.0004,0.9347,-0.1998,-0.4374,0.0,0.0,0.0,0.0,0.0,-0.0241,0.0052,0.3718,0.0338,0.0045,0.0015,0.0048,-0.0082,0.0,0.0,0.23000675337261833
121159.888322669,0.1621,-0.0122,-0.0005,0.0027,-0.0017,0.0004,0.9346,-0.1998,-0.4344,0.0,0.0,0.0,0.0,0.0,-0.0241,0.0052,0.3649,0.0333,0.0036,0.0026,0.0053,-0.0087,0.0,0.0,0.22544897310086248
121159.893855335,0.1599,-0.0122,-0.0005,0.0027,-0.0017,0.0004,0.9345,-0.1998,-0.4316,0.0,0.0,0.0,0.0,0.0,-0.0241,0.0052,0.3576,0.0339,0.0044,0.0016,0.0048,-0.0082,0.0,0.0,0.22087855241747995
121159.89923208,0.1578,-0.0122,-0.0005,0.0027,-0.0017,0.0004,0.9343,-0.1997,-0.4289,0.0,0.0,0.0,0.0,0.0,-0.0241,0.0052,0.3506,0.0335,0.0036,0.0026,0.0053,-0.0087,0.0,0.0,0.21629561662286717
121159.925793811,0.1557,-0.0122,-0.0005,0.0027,-0.0017,0.0004,0.9342,-0.1997,-0.4262,0.0,0.0,0.0,0.0,0.0,-0.0241,0.0052,0.3436,0.0333,0.004,0.0022,0.0051,-0.0085,0.0,0.0,0.21170029136052254
121159.932229208,0.1535,-0.0122,-0.0005,0.0027,-0.0017,0.0004,0.9341,-0.1997,-0.4238,0.0,0.0,0.0,0.0,0.0,-0.0241,0.0052,0.3362,0.034,0.0047,0.0012,0.0047,-0.008,0.0,0.0,0.20709270261360935
121159.937590384,0.1514,-0.0122,-0.0005,0.0027,-0.0017,0.0004,0.934,-0.1997,-0.4214,0.0,0.0,0.0,0.0,0.0,-0.0241,0.0052,0.3289,0.0336,0.0034,0.0028,0.0053,-0.0088,0.0,0.0,0.202472976701499
121159.965702603,0.1493,-0.0122,-0.0005,0.0027,-0.0017,0.0004,0.9339,-0.1996,-0.4192,0.0,0.0,0.0,0.0,0.0,-0.0241,0.0052,0.3215,0.0335,0.004,0.0022,0.0051,-0.0085,0.0,0.0,0.19784124027631583
121159.971030988,0.1472,-0.0122,-0.0005,0.0027,-0.0017,0.0004,0.9337,-0.1996,-0.417,0.0,0.0,0.0,0.0,0.0,-0.0241,0.0052,0.3141,0.0336,0.0037,0.0025,0.0052,-0.0086,0.0,0.0,0.1931976203194472
121159.976263756,0.1452,-0.0122,-0.0005,0.0027,-0.0017,0.0004,0.9336,-0.1996,-0.4151,0.0,0.0,0.0,0.0,0.0,-0.0241,0.0052,0.3066,0.0338,0.0043,0.0017,0.0049,-0.0083,0.0,0.0,0.18854224413808485
121160.002274299,0.1431,-0.0122,-0.0005,0.0027,-0.0017,0.0004,0.9335,-0.1996,-0.4133,0.0,0.0,0.0,0.0,0.0,-0.0241,0.0052,0.2992,0.0333,0.0036,0.0027,0.0053,-0.0088,0.0,0.0,0.18387523936171674
121160.010029646,0.141,-0.0122,-0.0005,0.0027,-0.0017,0.0004,0.9334,-0.1995,-0.4116,0.0,0.0,0.0,0.0,0.0,-0.0241,0.0052,0.2914,0.034,0.0048,0.0011,0.0047,-0.008,0.0,0.0,0.17919673393863633
121160.016599454,0.139,-0.0122,-0.0005,0.0027,-0.0017,0.0004,0.9333,-0.1995,-0.4101,0.0,0.0,0.0,0.0,0.0,-0.0241,0.0052,0.2837,0.0336,0.0036,0.0025,0.0053,-0.0087,0.0,0.0,0.17450685613243155
121160.022239269,0.1369,-0.0122,-0.0005,0.0027,-0.0017,0.0004,0.9331,-0.1995,-0.4087,0.0,0.0,0.0,0.0,0.0,-0.0242,0.0052,0.2762,0.0334,0.0037,0.0026,0.0052,-0.0087,0.0,0.0,0.16980573451847636
121160.049160951,0.1349,-0.0122,-0.0005,0.0027,-0.0017,0.0004,0.933,-0.1994,-0.4075,0.0,0.0,0.0,0.0,0.0,-0.0242,0.0052,0.2684,0.0339,0.0045,0.0015,0.0048,-0.0082,0.0,0.0,0.16509349798038814
121160.054762635,0.1329,-0.0122,-0.0005,0.0027,-0.0017,0.0004,0.9329,-0.1994,-0.4065,0.0,0.0,0.0,0.0,0.0,-0.0242,0.0052,0.2605,0.0336,0.0036,0.0026,0.0053,-0.0087,0.0,0.0,0.16037027570651835
121160.060452654,0.1308,-0.0122,-0.0005,0.0027,-0.0017,0.0004,0.9328,-0.1994,-0.4056,0.0,0.0,0.0,0.0,0.0,-0.0242,0.0052,0.2527,0.0333,0.0039,0.0024,0.0051,-0.0086,0.0,0.0,0.1556361971863851
121160.086408416,0.1288,-0.0122,-0.0005,0.0027,-0.0017,0.0004,0.9327,-0.1994,-0.4049,0.0,0.0,0.0,0.0,0.0,-0.0242,0.0053,0.2446,0.0341,0.0048,0.0011,0.0047,-0.008,0.0,0.0,0.15089139220714576
121160.094841795,0.1268,-0.0122,-0.0005,0.0027,-0.0017,0.0004,0.9325,-0.1993,-0.4043,0.0,0.0,0.0,0.0,0.0,-0.0242,0.0053,0.2367,0.0336,0.0036,0.0025,0.0053,-0.0087,0.0,0.0,0.14613599085002704
121160.100972757,0.1248,-0.0122,-0.0005,0.0027,-0.0017,0.0004,0.9324,-0.1993,-0.404,0.0,0.0,0.0,0.0,0.0,-0.0242,0.0052,0.2289,0.0333,0.0036,0.0027,0.0053,-0.0088,0.0,0.0,0.14137012348675798
121160.127451761,0.1227,-0.0122,-0.0005,0.0027,-0.0017,0.0004,0.9323,-0.1993,-0.4038,0.0,0.0,0.0,0.0,0.0,-0.0242,0.0053,0.2207,0.034,0.0048,0.0011,0.0047,-0.008,0.0,0.0,0.13659392077599958
121160.132303924,0.1207,-0.0122,-0.0005,0.0027,-0.0017,0.0004,0.9322,-0.1993,-0.4038,0.0,0.0,0.0,0.0,0.0,-0.0242,0.0053,0.2128,0.0336,0.0036,0.0026,0.0053,-0.0087,0.0,0.0,0.13180751365976034
121160.140744683,0.1187,-0.0122,-0.0005,0.0027,-0.0017,0.0004,0.932,-0.1992,-0.4039,0.0,0.0,0.0,0.0,0.0,-0.0242,0.0053,0.2046,0.0333,0.0038,0.0025,0.0052,-0.0087,0.0,0.0,0.127011033359814
121160.147256504,0.1167,-0.0122,-0.0005,0.0027,-0.0017,0.0004,0.9319,-0.1992,-0.4043,0.0,0.0,0.0,0.0,0.0,-0.0242,0.0053,0.1965,0.034,0.0048,0.0011,0.0047,-0.008,0.0,0.0,0.1222046113740844
121160.172655738,0.1146,-0.0121,-0.0005,0.0027,-0.0017,0.0004,0.9318,-0.1992,-0.4048,0.0,0.0,0.0,0.0,0.0,-0.0242,0.0053,0.1886,0.0336,0.0036,0.0026,0.0053,-0.0087,0.0,0.0,0.1173883794730648
121160.179318824,0.1126,-0.0121,-0.0005,0.0027,-0.0017,0.0004,0.9317,-0.1991,-0.4054,0.0,0.0,0.0,0.0,0.0,-0.0242,0.0053,0.1804,0.0333,0.0039,0.0023,0.0051,-0.0086,0.0,0.0,0.11256246969617911
121160.185289773,0.1106,-0.0121,-0.0005,0.0027,-0.0017,0.0004,0.9316,-0.1991,-0.4063,0.0,0.0,0.0,0.0,0.0,-0.0243,0.0053,0.1722,0.034,0.0046,0.0014,0.0048,-0.0081,0.0,0.0,0.1077270143481866
121160.216067866,0.1085,-0.0121,-0.0005,0.0027,-0.0017,0.0004,0.9314,-0.1991,-0.4074,0.0,0.0,0.0,0.0,0.0,-0.0243,0.0053,0.164,0.0334,0.0036,0.0026,0.0053,-0.0087,0.0,0.0,0.1028821459955348
121160.221023127,0.1065,-0.0121,-0.0005,0.0027,-0.0017,0.0004,0.9313,-0.1991,-0.4086,0.0,0.0,0.0,0.0,0.0,-0.0243,0.0053,0.1561,0.0339,0.0045,0.0015,0.0049,-0.0082,0.0,0.0,0.0980279974627421
121160.226218395,0.1044,-0.0121,-0.0005,0.0027,-0.0017,0.0004,0.9312,-0.199,-0.41,0.0,0.0,0.0,0.0,0.0,-0.0243,0.0053,0.1479,0.0334,0.0036,0.0026,0.0053,-0.0087,0.0,0.0,0.09316470182873593
121160.25209095,0.1024,-0.0121,-0.0005,0.0027,-0.0017,0.0004,0.9311,-0.199,-0.4116,0.0,0.0,0.0,0.0,0.0,-0.0243,0.0053,0.1396,0.0339,0.0046,0.0014,0.0048,-0.0081,0.0,0.0,0.08829239242322934
121160.261019873,0.1003,-0.0121,-0.0005,0.0027,-0.0017,0.0004,0.9309,-0.199,-0.4133,0.0,0.0,0.0,0.0,0.0,-0.0243,0.0053,0.1314,0.0334,0.0035,0.0027,0.0053,-0.0088,0.0,0.0,0.08341120282303938
121160.267023387,0.0982,-0.0121,-0.0005,0.0027,-0.0017,0.0004,0.9308,-0.199,-0.4152,0.0,0.0,0.0,0.0,0.0,-0.0243,0.0053,0.1235,0.0339,0.0046,0.0014,0.0048,-0.0081,0.0,0.0,0.07852126684844951
121160.272263066,0.0961,-0.0121,-0.0005,0.0027,-0.0017,0.0004,0.9307,-0.1989,-0.4173,0.0,0.0,0.0,0.0,0.0,-0.0243,0.0053,0.1153,0.0334,0.0036,0.0027,0.0053,-0.0088,0.0,0.0,0.07362271855952135
121160.299612708,0.094,-0.0121,-0.0005,0.0027,-0.0017,0.0004,0.9306,-0.1989,-0.4196,0.0,0.0,0.0,0.0,0.0,-0.0243,0.0053,0.1071,0.0339,0.0044,0.0017,0.0049,-0.0083,0.0,0.0,0.06871569225243573
121160.304973699,0.0919,-0.0121,-0.0005,0.0027,-0.0017,0.0004,0.9305,-0.1989,-0.422,0.0,0.0,0.0,0.0,0.0,-0.0243,0.0053,0.0991,0.0334,0.0038,0.0024,0.0052,-0.0086,0.0,0.0,0.06380032245579087
121160.309963454,0.0898,-0.0121,-0.0005,0.0027,-0.0017,0.0004,0.9303,-0.1989,-0.4246,0.0,0.0,0.0,0.0,0.0,-0.0243,0.0053,0.0909,0.0339,0.0042,0.0019,0.005,-0.0084,0.0,0.0,0.05887674392693948
121160.334071315,0.0877,-0.0121,-0.0005,0.0027,-0.0017,0.0004,0.9302,-0.1988,-0.4274,0.0,0.0,0.0,0.0,0.0,-0.0243,0.0053,0.083,0.0333,0.004,0.0022,0.0051,-0.0085,0.0,0.0,0.05394509164826744
121160.339879305,0.0855,-0.0121,-0.0005,0.0027,-0.0017,0.0004,0.9301,-0.1988,-0.4303,0.0,0.0,0.0,0.0,0.0,-0.0243,0.0053,0.0748,0.034,0.0043,0.0019,0.005,-0.0083,0.0,0.0,0.049005500823516346
121160.347145852,0.0833,-0.0121,-0.0005,0.0027,-0.0017,0.0004,0.93,-0.1988,-0.4334,0.0,0.0,0.0,0.0,0.0,-0.0244,0.0053,0.0668,0.0333,0.0041,0.0021,0.0051,-0.0084,0.0,0.0,0.044058106874067415
121160.372682355,0.0812,-0.0121,-0.0005,0.0027,-0.0017,0.0004,0.9298,-0.1987,-0.4366,0.0,0.0,0.0,0.0,0.0,-0.0244,0.0053,0.0589,0.034,0.0039,0.0023,0.0052,-0.0086,0.0,0.0,0.03910304543521809
121160.378540047,0.079,-0.0121,-0.0005,0.0027,-0.0017,0.0004,0.9297,-0.1987,-0.44,0.0,0.0,0.0,0.0,0.0,-0.0244,0.0053,0.0509,0.0334,0.0038,0.0025,0.0052,-0.0086,0.0,0.0,0.034140452352485806
121160.384347025,0.0767,-0.0121,-0.0005,0.0027,-0.0017,0.0004,0.9296,-0.1987,-0.4436,0.0,0.0,0.0,0.0,0.0,-0.0244,0.0053,0.043,0.034,0.0043,0.0019,0.005,-0.0084,0.0,0.0,0.029170463677863356
121160.389751603,0.0745,-0.0121,-0.0005,0.0027,-0.0017,0.0004,0.9295,-0.1987,-0.4472,0.0,0.0,0.0,0.0,0.0,-0.0244,0.0053,0.0351,0.0334,0.004,0.0021,0.0051,-0.0085,0.0,0.0,0.02419321566610605
121160.420146877,0.0722,-0.0121,-0.0005,0.0027,-0.0017,0.0004,0.9294,-0.1986,-0.451,0.0,0.0,0.0,0.0,0.0,-0.0244,0.0053,0.0271,0.034,0.0043,0.0018,0.005,-0.0083,0.0,0.0,0.019208844770975453
121160.421341703,0.07,-0.0121,-0.0005,0.0027,-0.0017,0.0004,0.9292,-0.1986,-0.455,0.0,0.0,0.0,0.0,0.0,-0.0244,0.0053,0.0192,0.0334,0.004,0.0022,0.0052,-0.0085,0.0,0.0,0.014217487641524335
121160.426525689,0.0677,-0.0121,-0.0005,0.0027,-0.0017,0.0004,0.9291,-0.1986,-0.4591,0.0,0.0,0.0,0.0,0.0,-0.0244,0.0053,0.0116,0.034,0.0039,0.0024,0.0052,-0.0086,0.0,0.0,0.009219281118322958
121160.453947193,0.0653,-0.0121,-0.0005,0.0027,-0.0017,0.0004,0.929,-0.1986,-0.4633,0.0,0.0,0.0,0.0,0.0,-0.0244,0.0053,0.0039,0.0333,0.0038,0.0026,0.0053,-0.0087,0.0,0.0,0.004214362229733065
121160.458479046,0.063,-0.0121,-0.0005,0.0027,-0.0017,0.0004,0.9289,-0.1985,-0.4676,0.0,0.0,0.0,0.0,0.0,-0.0244,0.0053,-0.004,0.0341,0.0046,0.0014,0.0048,-0.0081,0.0,0.0,-0.0007971318118674409
121160.46418758,0.0606,-0.0121,-0.0005,0.0027,-0.0017,0.0004,0.9287,-0.1985,-0.4721,0.0,0.0,0.0,0.0,0.0,-0.0244,0.0053,-0.0117,0.0334,0.0039,0.0023,0.0052,-0.0086,0.0,0.0,-0.005815063613837906
121160.48773098,0.0583,-0.0121,-0.0005,0.0027,-0.0017,0.0004,0.9286,-0.1985,-0.4767,0.0,0.0,0.0,0.0,0.0,-0.0244,0.0053,-0.019,0.034,0.0043,0.0018,0.005,-0.0083,0.0,0.0,-0.010839295607044913
121160.496680122,0.0558,-0.0121,-0.0005,0.0027,-0.0017,0.0004,0.9285,-0.1985,-0.4813,0.0,0.0,0.0,0.0,0.0,-0.0244,0.0053,-0.0267,0.0334,0.0038,0.0024,0.0052,-0.0086,0.0,0.0,-0.015869690049625268
121160.501372213,0.0534,-0.0121,-0.0005,0.0027,-0.0017,0.0004,0.9284,-0.1984,-0.4861,0.0,0.0,0.0,0.0,0.0,-0.0244,0.0053,-0.034,0.034,0.0042,0.002,0.0051,-0.0084,0.0,0.0,-0.02090610903078105
121160.506747476,0.051,-0.0121,-0.0005,0.0027,-0.0017,0.0004,0.9283,-0.1984,-0.4909,0.0,0.0,0.0,0.0,0.0,-0.0244,0.0053,-0.0417,0.0334,0.0035,0.0029,0.0054,-0.0088,0.0,0.0,-0.025948414474536635
121160.5333501,0.0485,-0.0121,-0.0005,0.0027,-0.0017,0.0004,0.9281,-0.1984,-0.4959,0.0,0.0,0.0,0.0,0.0,-0.0245,0.0053,-0.0491,0.034,0.0049,0.0011,0.0048,-0.008,0.0,0.0,-0.030996468143542927
121160.538324942,0.046,-0.0121,-0.0005,0.0027,-0.0017,0.0004,0.928,-0.1983,-0.5009,0.0,0.0,0.0,0.0,0.0,-0.0245,0.0053,-0.0562,0.0334,0.0036,0.0027,0.0054,-0.0088,0.0,0.0,-0.03605013164285856
121160.543624504,0.0434,-0.0121,-0.0005,0.0027,-0.0017,0.0004,0.9279,-0.1983,-0.506,0.0,0.0,0.0,0.0,0.0,-0.0245,0.0053,-0.0635,0.034,0.0046,0.0015,0.0049,-0.0082,0.0,0.0,-0.04110926642374757
121160.572166497,0.0409,-0.0121,-0.0005,0.0027,-0.0017,0.0004,0.9278,-0.1983,-0.5112,0.0,0.0,0.0,0.0,0.0,-0.0245,0.0053,-0.0706,0.0333,0.0038,0.0024,0.0053,-0.0086,0.0,0.0,-0.046173733787469196
121160.57918125,0.0383,-0.0121,-0.0005,0.0027,-0.0017,0.0004,0.9276,-0.1983,-0.5165,0.0,0.0,0.0,0.0,0.0,-0.0245,0.0053,-0.078,0.0341,0.0042,0.0021,0.0051,-0.0085,0.0,0.0,-0.05124339488909921
121160.582115781,0.0357,-0.0121,-0.0005,0.0027,-0.0017,0.0004,0.9275,-0.1982,-0.5218,0.0,0.0,0.0,0.0,0.0,-0.0245,0.0053,-0.0848,0.0333,0.0036,0.0027,0.0054,-0.0088,0.0,0.0,-0.05631811074131077
121160.612236554,0.033,-0.0121,-0.0005,0.0027,-0.0017,0.0004,0.9274,-0.1982,-0.5271,0.0,0.0,0.0,0.0,0.0,-0.0245,0.0053,-0.0919,0.0341,0.0046,0.0015,0.0049,-0.0082,0.0,0.0,-0.06139774221821215
121160.614330936,0.0304,-0.0121,-0.0005,0.0027,-0.0017,0.0004,0.9273,-0.1982,-0.5325,0.0,0.0,0.0,0.0,0.0,-0.0245,0.0053,-0.0991,0.0334,0.0042,0.0019,0.0051,-0.0084,0.0,0.0,-0.06648215005913702
121160.619970672,0.0277,-0.0121,-0.0005,0.0027,-0.0017,0.0004,0.9272,-0.1982,-0.538,0.0,0.0,0.0,0.0,0.0,-0.0245,0.0053,-0.1059,0.034,0.0039,0.0024,0.0052,-0.0086,0.0,0.0,-0.07157119487247432
121160.625579171,0.025,-0.0121,-0.0005,0.0027,-0.0017,0.0004,0.927,-0.1981,-0.5434,0.0,0.0,0.0,0.0,0.0,-0.0245,0.0053,-0.1127,0.0334,0.004,0.0022,0.0052,-0.0085,0.0,0.0,-0.07666473713949151
121160.65185996,0.0222,-0.0121,-0.0005,0.0027,-0.0017,0.0004,0.9269,-0.1981,-0.5489,0.0,0.0,0.0,0.0,0.0,-0.0245,0.0053,-0.1193,0.0338,0.0042,0.0019,0.0051,-0.0084,0.0,0.0,-0.08176263721815435
121160.657015113,0.0194,-0.0121,-0.0005,0.0027,-0.0017,0.0004,0.9268,-0.1981,-0.5545,0.0,0.0,0.0,0.0,0.0,-0.0245,0.0053,-0.1261,0.0337,0.0041,0.002,0.0051,-0.0084,0.0,0.0,-0.08686475534695873
121160.662500106,0.0166,-0.0121,-0.0005,0.0027,-0.0017,0.0004,0.9267,-0.198,-0.56,0.0,0.0,0.0,0.0,0.0,-0.0245,0.0053,-0.1327,0.0337,0.0039,0.0024,0.0053,-0.0086,0.0,0.0,-0.09197095164875366
121160.695283343,0.0138,-0.0121,-0.0005,0.0027,-0.0017,0.0004,0.9265,-0.198,-0.5655,0.0,0.0,0.0,0.0,0.0,-0.0246,0.0053,-0.1392,0.0337,0.0044,0.0017,0.005,-0.0083,0.0,0.0,-0.09708108613459504
121160.697333883,0.011,-0.0121,-0.0005,0.0027,-0.0017,0.0004,0.9264,-0.198,-0.5711,0.0,0.0,0.0,0.0,0.0,-0.0246,0.0053,-0.1455,0.0337,0.004,0.0022,0.0052,-0.0085,0.0,0.0,-0.10219501870755943
121160.70319999,0.0081,-0.0121,-0.0005,0.0027,-0.0017,0.0004,0.9263,-0.198,-0.5766,0.0,0.0,0.0,0.0,0.0,-0.0246,0.0053,-0.1521,0.0337,0.004,0.0023,0.0052,-0.0086,0.0,0.0,-0.1073126091666037
121160.730879617,0.0052,-0.0121,-0.0005,0.0027,-0.0017,0.0004,0.9262,-0.1979,-0.5821,0.0,0.0,0.0,0.0,0.0,-0.0246,0.0053,-0.1585,0.0337,0.0043,0.0019,0.0051,-0.0084,0.0,0.0,-0.1124337172104004
121160.736363914,0.0022,-0.0121,-0.0005,0.0027,-0.0017,0.0004,0.9261,-0.1979,-0.5876,0.0,0.0,0.0,0.0,0.0,-0.0246,0.0053,-0.1648,0.0337,0.004,0.0022,0.0052,-0.0085,0.0,0.0,-0.11755820244118724
121160.741767421,-0.0007,-0.0121,-0.0005,0.0027,-0.0017,0.0004,0.9259,-0.1979,-0.5931,0.0,0.0,0.0,0.0,0.0,-0.0246,0.0053,-0.1708,0.0337,0.004,0.0022,0.0052,-0.0085,0.0,0.0,-0.12268592436860784
121160.74699062,-0.0037,-0.0121,-0.0005,0.0027,-0.0017,0.0004,0.9258,-0.1979,-0.5985,0.0,0.0,0.0,0.0,0.0,-0.0246,0.0054,-0.1769,0.0337,0.0042,0.0019,0.0051,-0.0084,0.0,0.0,-0.12781674241358226
121160.773065877,-0.0068,-0.0121,-0.0005,0.0027,-0.0017,0.0004,0.9257,-0.1978,-0.6039,0.0,0.0,0.0,0.0,0.0,-0.0246,0.0054,-0.183,0.0338,0.0042,0.0019,0.0051,-0.0084,0.0,0.0,-0.13295051591213497
121160.779897674,-0.0098,-0.0121,-0.0005,0.0027,-0.0017,0.0004,0.9256,-0.1978,-0.6093,0.0,0.0,0.0,0.0,0.0,-0.0246,0.0054,-0.1891,0.0338,0.0039,0.0024,0.0053,-0.0086,0.0,0.0,-0.13808710411927927
121160.785159535,-0.0129,-0.0121,-0.0005,0.0027,-0.0017,0.0004,0.9254,-0.1978,-0.6146,0.0,0.0,0.0,0.0,0.0,-0.0246,0.0054,-0.1952,0.0337,0.0043,0.0018,0.0051,-0.0083,0.0,0.0,-0.1432263662128494
121160.813217696,-0.016,-0.0121,-0.0005,0.0027,-0.0017,0.0004,0.9253,-0.1978,-0.6198,0.0,0.0,0.0,0.0,0.0,-0.0246,0.0054,-0.201,0.0338,0.0037,0.0026,0.0053,-0.0087,0.0,0.0,-0.1483681612973825
121160.818961006,-0.0191,-0.0121,-0.0005,0.0027,-0.0017,0.0004,0.9252,-0.1977,-0.625,0.0,0.0,0.0,0.0,0.0,-0.0246,0.0054,-0.2069,0.0338,0.0046,0.0014,0.0049,-0.0081,0.0,0.0,-0.1535123484079638
121160.824447706,-0.0223,-0.0121,-0.0005,0.0027,-0.0017,0.0004,0.9251,-0.1977,-0.6301,0.0,0.0,0.0,0.0,0.0,-0.0246,0.0054,-0.2124,0.0338,0.0035,0.0028,0.0054,-0.0088,0.0,0.0,-0.15865878651411197
121160.854925665,-0.0254,-0.0121,-0.0005,0.0027,-0.0017,0.0004,0.9249,-0.1977,-0.6351,0.0,0.0,0.0,0.0,0.0,-0.0247,0.0054,-0.2183,0.0338,0.0046,0.0015,0.0049,-0.0082,0.0,0.0,-0.16380733452361973
121160.856840732,-0.0286,-0.0121,-0.0005,0.0027,-0.0017,0.0004,0.9248,-0.1976,-0.64,0.0,0.0,0.0,0.0,0.0,-0.0247,0.0054,-0.2239,0.0338,0.0038,0.0025,0.0053,-0.0086,0.0,0.0,-0.1689578512864496
121160.862500797,-0.0319,-0.0121,-0.0005,0.0027,-0.0017,0.0004,0.9247,-0.1976,-0.6449,0.0,0.0,0.0,0.0,0.0,-0.0247,0.0054,-0.2292,0.0338,0.0043,0.0018,0.0051,-0.0083,0.0,0.0,-0.17411019559857924
121160.867857505,-0.0351,-0.0121,-0.0005,0.0027,-0.0017,0.0004,0.9246,-0.1976,-0.6496,0.0,0.0,0.0,0.0,0.0,-0.0247,0.0054,-0.2349,0.0338,0.0038,0.0025,0.0053,-0.0087,0.0,0.0,-0.17926422620588314
121160.895567496,-0.0384,-0.0121,-0.0005,0.0027,-0.0017,0.0004,0.9244,-0.1976,-0.6543,0.0,0.0,0.0,0.0,0.0,-0.0247,0.0054,-0.2403,0.0338,0.0044,0.0016,0.005,-0.0082,0.0,0.0,-0.1844198018080157
121160.901423996,-0.0417,-0.0121,-0.0005,0.0027,-0.0017,0.0004,0.9243,-0.1975,-0.6588,0.0,0.0,0.0,0.0,0.0,-0.0247,0.0054,-0.2456,0.0338,0.0037,0.0025,0.0053,-0.0087,0.0,0.0,-0.18957678106226217
121160.906961369,-0.045,-0.0121,-0.0005,0.0027,-0.0017,0.0004,0.9242,-0.1975,-0.6632,0.0,0.0,0.0,0.0,0.0,-0.0247,0.0054,-0.2511,0.0338,0.0043,0.0018,0.0051,-0.0083,0.0,0.0,-0.1947350225874348
121160.933690708,-0.0484,-0.0121,-0.0005,0.0027,-0.0017,0.0004,0.9241,-0.1975,-0.6675,0.0,0.0,0.0,0.0,0.0,-0.0247,0.0054,-0.2562,0.0338,0.004,0.0022,0.0052,-0.0085,0.0,0.0,-0.19989438496773126
121160.938606385,-0.0517,-0.0121,-0.0005,0.0027,-0.0017,0.0004,0.9239,-0.1975,-0.6717,0.0,0.0,0.0,0.0,0.0,-0.0247,0.0054,-0.2617,0.0338,0.0042,0.0018,0.0051,-0.0083,0.0,0.0,-0.20505472675663264
121160.94390915,-0.0551,-0.0121,-0.0005,0.0027,-0.0017,0.0004,0.9238,-0.1974,-0.6758,0.0,0.0,0.0,0.0,0.0,-0.0247,0.0054,-0.2668,0.0338,0.004,0.0022,0.0052,-0.0085,0.0,0.0,-0.21021590648075505
121160.971451743,-0.0585,-0.0121,-0.0005,0.0027,-0.0017,0.0004,0.9237,-0.1974,-0.6797,0.0,0.0,0.0,0.0,0.0,-0.0247,0.0054,-0.2717,0.0338,0.004,0.0021,0.0052,-0.0085,0.0,0.0,-0.2153777826437563
121160.97661915,-0.0619,-0.0121,-0.0005,0.0027,-0.0017,0.0004,0.9236,-0.1974,-0.6835,0.0,0.0,0.0,0.0,0.0,-0.0247,0.0054,-0.277,0.0339,0.0041,0.002,0.0051,-0.0084,0.0,0.0,-0.2205402137301885
121160.981435783,-0.0653,-0.0121,-0.0005,0.0027,-0.0017,0.0004,0.9235,-0.1973,-0.6871,0.0,0.0,0.0,0.0,0.0,-0.0247,0.0054,-0.2819,0.0338,0.0041,0.0019,0.0051,-0.0084,0.0,0.0,-0.2257030582093992
121160.987230388,-0.0688,-0.012,-0.0005,0.0027,-0.0017,0.0004,0.9233,-0.1973,-0.6906,0.0,0.0,0.0,0.0,0.0,-0.0247,0.0054,-0.2869,0.0338,0.0038,0.0025,0.0053,-0.0087,0.0,0.0,-0.23086617453939376
121161.013834056,-0.0723,-0.012,-0.0005,0.0027,-0.0017,0.0004,0.9232,-0.1973,-0.694,0.0,0.0,0.0,0.0,0.0,-0.0248,0.0054,-0.2919,0.0338,0.0042,0.0019,0.0051,-0.0084,0.0,0.0,-0.23602942117073686
121161.018927295,-0.0758,-0.012,-0.0005,0.0027,-0.0017,0.0004,0.9231,-0.1973,-0.6972,0.0,0.0,0.0,0.0,0.0,-0.0248,0.0054,-0.2967,0.034,0.004,0.0022,0.0052,-0.0085,0.0,0.0,-0.24119265655040686
121161.023952346,-0.0793,-0.012,-0.0005,0.0027,-0.0017,0.0004,0.923,-0.1972,-0.7002,0.0,0.0,0.0,0.0,0.0,-0.0248,0.0054,-0.3017,0.0337,0.004,0.0022,0.0052,-0.0085,0.0,0.0,-0.24635573912570471
121161.052646562,-0.0828,-0.012,-0.0005,0.0027,-0.0017,0.0004,0.9228,-0.1972,-0.7031,0.0,0.0,0.0,0.0,0.0,-0.0248,0.0054,-0.3065,0.034,0.0041,0.002,0.0051,-0.0084,0.0,0.0,-0.2515185273481082
121161.05740135,-0.0863,-0.012,-0.0005,0.0027,-0.0017,0.0004,0.9227,-0.1972,-0.7058,0.0,0.0,0.0,0.0,0.0,-0.0248,0.0054,-0.3113,0.0337,0.0041,0.002,0.0052,-0.0084,0.0,0.0,-0.25668087967717207
121161.063372634,-0.0899,-0.012,-0.0005,0.0027,-0.0017,0.0004,0.9226,-0.1972,-0.7084,0.0,0.0,0.0,0.0,0.0,-0.0248,0.0054,-0.3161,0.034,0.0042,0.0019,0.0051,-0.0084,0.0,0.0,-0.26184265458439937
121161.08761164,-0.0934,-0.012,-0.0005,0.0027,-0.0017,0.0004,0.9225,-0.1971,-0.7107,0.0,0.0,0.0,0.0,0.0,-0.0248,0.0054,-0.321,0.0337,0.0038,0.0023,0.0053,-0.0086,0.0,0.0,-0.26700371055712535
121161.096428213,-0.097,-0.012,-0.0005,0.0027,-0.0017,0.0004,0.9223,-0.1971,-0.713,0.0,0.0,0.0,0.0,0.0,-0.0248,0.0054,-0.3256,0.034,0.0041,0.002,0.0051,-0.0084,0.0,0.0,-0.27216390610238816
121161.102415177,-0.1006,-0.012,-0.0005,0.0027,-0.0017,0.0004,0.9222,-0.1971,-0.715,0.0,0.0,0.0,0.0,0.0,-0.0248,0.0054,-0.3302,0.0338,0.0039,0.0022,0.0052,-0.0085,0.0,0.0,-0.27732309975082736
121161.107753953,-0.1041,-0.012,-0.0005,0.0027,-0.0017,0.0004,0.9221,-0.197,-0.7168,0.0,0.0,0.0,0.0,0.0,-0.0248,0.0054,-0.3348,0.034,0.0043,0.0018,0.0051,-0.0083,0.0,0.0,-0.2824811500605376
121161.134274298,-0.1077,-0.012,-0.0005,0.0027,-0.0017,0.0004,0.922,-0.197,-0.7185,0.0,0.0,0.0,0.0,0.0,-0.0248,0.0054,-0.3395,0.0338,0.0036,0.0025,0.0053,-0.0087,0.0,0.0,-0.28763791562096586
121161.139191448,-0.1113,-0.012,-0.0005,0.0027,-0.0017,0.0004,0.9218,-0.197,-0.72,0.0,0.0,0.0,0.0,0.0,-0.0248,0.0054,-0.3442,0.034,0.0041,0.002,0.0051,-0.0084,0.0,0.0,-0.2927932550567811
121161.144700918,-0.1149,-0.012,-0.0005,0.0027,-0.0017,0.0004,0.9217,-0.197,-0.7213,0.0,0.0,0.0,0.0,0.0,-0.0248,0.0054,-0.3489,0.0338,0.004,0.0021,0.0052,-0.0085,0.0,0.0,-0.297947027031745
121161.168889121,-0.1186,-0.012,-0.0005,0.0027,-0.0017,0.0004,0.9216,-0.1969,-0.7225,0.0,0.0,0.0,0.0,0.0,-0.0248,0.0054,-0.3534,0.034,0.004,0.0021,0.0052,-0.0085,0.0,0.0,-0.30309909025259896
121161.176523194,-0.1222,-0.012,-0.0005,0.0027,-0.0017,0.0004,0.9215,-0.1969,-0.7234,0.0,0.0,0.0,0.0,0.0,-0.0249,0.0054,-0.3581,0.0338,0.0041,0.002,0.0051,-0.0084,0.0,0.0,-0.30824930347292195
121161.182913298,-0.1258,-0.012,-0.0005,0.0027,-0.0017,0.0004,0.9213,-0.1969,-0.7242,0.0,0.0,0.0,0.0,0.0,-0.0249,0.0054,-0.3626,0.034,0.0041,0.002,0.0051,-0.0084,0.0,0.0,-0.313397525497024
121161.210830685,-0.1294,-0.012,-0.0005,0.0027,-0.0017,0.0004,0.9212,-0.1969,-0.7248,0.0,0.0,0.0,0.0,0.0,-0.0249,0.0054,-0.3672,0.0338,0.0038,0.0023,0.0052,-0.0085,0.0,0.0,-0.3185436151837906
121161.216965774,-0.1331,-0.012,-0.0005,0.0027,-0.0017,0.0004,0.9211,-0.1968,-0.7252,0.0,0.0,0.0,0.0,0.0,-0.0249,0.0054,-0.372,0.034,0.0042,0.0019,0.0051,-0.0084,0.0,0.0,-0.32368743145058054
121161.225965029,-0.1367,-0.012,-0.0005,0.0027,-0.0017,0.0004,0.921,-0.1968,-0.7254,0.0,0.0,0.0,0.0,0.0,-0.0249,0.0054,-0.3766,0.0338,0.0039,0.0022,0.0052,-0.0085,0.0,0.0,-0.3288288332770673
121161.231026308,-0.1403,-0.012,-0.0005,0.0027,-0.0017,0.0004,0.9208,-0.1968,-0.7254,0.0,0.0,0.0,0.0,0.0,-0.0249,0.0054,-0.3812,0.034,0.0042,0.0019,0.0051,-0.0084,0.0,0.0,-0.3339676797091242
121161.255310587,-0.1439,-0.012,-0.0005,0.0027,-0.0017,0.0004,0.9207,-0.1967,-0.7253,0.0,0.0,0.0,0.0,0.0,-0.0249,0.0054,-0.3858,0.0338,0.0039,0.0022,0.0052,-0.0085,0.0,0.0,-0.3391038298626806
121161.264561281,-0.1476,-0.012,-0.0005,0.0027,-0.0017,0.0004,0.9206,-0.1967,-0.725,0.0,0.0,0.0,0.0,0.0,-0.0249,0.0054,-0.3901,0.034,0.0039,0.0022,0.0052,-0.0085,0.0,0.0,-0.3442371429275872
121161.270719299,-0.1512,-0.012,-0.0005,0.0027,-0.0017,0.0004,0.9205,-0.1967,-0.7244,0.0,0.0,0.0,0.0,0.0,-0.0249,0.0054,-0.3948,0.034,0.0039,0.0023,0.0052,-0.0086,0.0,0.0,-0.3493674781714682
121161.298548925,-0.1548,-0.012,-0.0005,0.0027,-0.0017,0.0004,0.9203,-0.1967,-0.7237,0.0,0.0,0.0,0.0,0.0,-0.0249,0.0054,-0.3995,0.0339,0.0044,0.0015,0.005,-0.0082,0.0,0.0,-0.354494694943598
121161.303507182,-0.1584,-0.012,-0.0005,0.0027,-0.0017,0.0004,0.9202,-0.1966,-0.7229,0.0,0.0,0.0,0.0,0.0,-0.0249,0.0054,-0.4042,0.034,0.004,0.002,0.0051,-0.0084,0.0,0.0,-0.35961865267873194
121161.308912873,-0.162,-0.012,-0.0005,0.0027,-0.0017,0.0004,0.9201,-0.1966,-0.7218,0.0,0.0,0.0,0.0,0.0,-0.0249,0.0054,-0.4086,0.034,0.0038,0.0023,0.0052,-0.0086,0.0,0.0,-0.3647392109009874
121161.337380848,-0.1656,-0.012,-0.0005,0.0027,-0.0017,0.0004,0.92,-0.1966,-0.7206,0.0,0.0,0.0,0.0,0.0,-0.0249,0.0054,-0.4134,0.034,0.0039,0.0022,0.0052,-0.0085,0.0,0.0,-0.3698562292276688
121161.340362713,-0.1692,-0.012,-0.0005,0.0027,-0.0017,0.0004,0.9198,-0.1966,-0.7192,0.0,0.0,0.0,0.0,0.0,-0.025,0.0054,-0.4181,0.034,0.0043,0.0016,0.005,-0.0082,0.0,0.0,-0.37496956737313736
121161.345706077,-0.1728,-0.012,-0.0005,0.0027,-0.0017,0.0004,0.9197,-0.1965,-0.7176,0.0,0.0,0.0,0.0,0.0,-0.025,0.0054,-0.4229,0.034,0.0037,0.0024,0.0052,-0.0086,0.0,0.0,-0.38007908515263966
121161.350951464,-0.1764,-0.012,-0.0005,0.0027,-0.0017,0.0004,0.9196,-0.1965,-0.7158,0.0,0.0,0.0,0.0,0.0,-0.025,0.0054,-0.4274,0.034,0.0042,0.0017,0.005,-0.0083,0.0,0.0,-0.3851846424861716
121161.380747676,-0.18,-0.012,-0.0005,0.0027,-0.0017,0.0004,0.9195,-0.1965,-0.7139,0.0,0.0,0.0,0.0,0.0,-0.025,0.0054,-0.4323,0.034,0.0037,0.0024,0.0052,-0.0086,0.0,0.0,-0.390286099402293
121161.386272418,-0.1835,-0.012,-0.0005,0.0027,-0.0017,0.0004,0.9193,-0.1964,-0.7118,0.0,0.0,0.0,0.0,0.0,-0.025,0.0054,-0.4371,0.034,0.0041,0.0019,0.005,-0.0084,0.0,0.0,-0.3953833160419923
121161.391372295,-0.1871,-0.012,-0.0005,0.0027,-0.0017,0.0004,0.9192,-0.1964,-0.7096,0.0,0.0,0.0,0.0,0.0,-0.025,0.0054,-0.4419,0.034,0.0037,0.0024,0.0052,-0.0086,0.0,0.0,-0.40047615266249714
121161.418330128,-0.1906,-0.012,-0.0005,0.0027,-0.0017,0.0004,0.9191,-0.1964,-0.7072,0.0,0.0,0.0,0.0,0.0,-0.025,0.0054,-0.4468,0.034,0.0042,0.0017,0.005,-0.0083,0.0,0.0,-0.40556446964111714
121161.423514476,-0.1942,-0.012,-0.0005,0.0027,-0.0017,0.0004,0.919,-0.1964,-0.7046,0.0,0.0,0.0,0.0,0.0,-0.025,0.0054,-0.4517,0.034,0.0037,0.0024,0.0052,-0.0086,0.0,0.0,-0.41064812747907375
121161.428778773,-0.1977,-0.012,-0.0005,0.0027,-0.0017,0.0004,0.9188,-0.1963,-0.7019,0.0,0.0,0.0,0.0,0.0,-0.025,0.0054,-0.4566,0.034,0.0042,0.0017,0.005,-0.0083,0.0,0.0,-0.4157269868053194
121161.451890218,-0.2012,-0.012,-0.0005,0.0027,-0.0017,0.0004,0.9187,-0.1963,-0.6991,0.0,0.0,0.0,0.0,0.0,-0.025,0.0054,-0.4615,0.034,0.0037,0.0024,0.0052,-0.0086,0.0,0.0,-0.42080090838036166
121161.459262352,-0.2046,-0.012,-0.0005,0.0027,-0.0017,0.0004,0.9186,-0.1963,-0.6961,0.0,0.0,0.0,0.0,0.0,-0.025,0.0054,-0.4665,0.034,0.0042,0.0018,0.005,-0.0083,0.0,0.0,-0.42586975310007247
121161.468173943,-0.2081,-0.012,-0.0005,0.0027,-0.0017,0.0004,0.9185,-0.1962,-0.6929,0.0,0.0,0.0,0.0,0.0,-0.025,0.0054,-0.4714,0.034,0.0037,0.0024,0.0052,-0.0086,0.0,0.0,-0.43093338199952014
121161.473285846,-0.2116,-0.012,-0.0005,0.0027,-0.0017,0.0004,0.9183,-0.1962,-0.6897,0.0,0.0,0.0,0.0,0.0,-0.025,0.0054,-0.4766,0.034,0.0042,0.0017,0.0049,-0.0083,0.0,0.0,-0.4359916562567536
121161.50147549,-0.215,-0.012,-0.0005,0.0027,-0.0017,0.0004,0.9182,-0.1962,-0.6863,0.0,0.0,0.0,0.0,0.0,-0.025,0.0054,-0.4816,0.034,0.0037,0.0023,0.0052,-0.0086,0.0,0.0,-0.44104443719663594
121161.506518054,-0.2184,-0.012,-0.0005,0.0027,-0.0017,0.0004,0.9181,-0.1962,-0.6827,0.0,0.0,0.0,0.0,0.0,-0.0251,0.0054,-0.4868,0.034,0.004,0.002,0.005,-0.0084,0.0,0.0,-0.44609158629462
121161.511790683,-0.2218,-0.012,-0.0005,0.0027,-0.0017,0.0004,0.918,-0.1961,-0.6791,0.0,0.0,0.0,0.0,0.0,-0.0251,0.0054,-0.4918,0.0342,0.0041,0.0018,0.005,-0.0083,0.0,0.0,-0.4511329651805672
121161.535475357,-0.2252,-0.012,-0.0005,0.0027,-0.0017,0.0004,0.9178,-0.1961,-0.6753,0.0,0.0,0.0,0.0,0.0,-0.0251,0.0055,-0.4971,0.0339,0.0038,0.0021,0.0051,-0.0085,0.0,0.0,-0.45616843564252363
121161.545306131,-0.2285,-0.012,-0.0005,0.0027,-0.0017,0.0004,0.9177,-0.1961,-0.6714,0.0,0.0,0.0,0.0,0.0,-0.0251,0.0055,-0.5024,0.0342,0.0039,0.0021,0.005,-0.0085,0.0,0.0,-0.4611978596305297
121161.551268656,-0.2319,-0.012,-0.0005,0.0027,-0.0017,0.0004,0.9176,-0.1961,-0.6674,0.0,0.0,0.0,0.0,0.0,-0.0251,0.0055,-0.508,0.034,0.0038,0.0022,0.0051,-0.0085,0.0,0.0,-0.46622109926037947
121161.579135303,-0.2352,-0.012,-0.0005,0.0027,-0.0017,0.0004,0.9175,-0.196,-0.6633,0.0,0.0,0.0,0.0,0.0,-0.0251,0.0055,-0.5132,0.0342,0.0042,0.0017,0.0049,-0.0083,0.0,0.0,-0.47123801681742766
121161.584090314,-0.2385,-0.012,-0.0005,0.0027,-0.0017,0.0004,0.9173,-0.196,-0.6591,0.0,0.0,0.0,0.0,0.0,-0.0251,0.0055,-0.5185,0.034,0.0038,0.0022,0.0051,-0.0085,0.0,0.0,-0.4762484747603402
121161.589427136,-0.2418,-0.012,-0.0005,0.0027,-0.0017,0.0004,0.9172,-0.196,-0.6548,0.0,0.0,0.0,0.0,0.0,-0.0251,0.0055,-0.5241,0.0342,0.004,0.0019,0.005,-0.0084,0.0,0.0,-0.48125233572488496
121161.595224844,-0.245,-0.012,-0.0005,0.0027,-0.0017,0.0004,0.9171,-0.1959,-0.6505,0.0,0.0,0.0,0.0,0.0,-0.0251,0.0055,-0.5297,0.034,0.0037,0.0024,0.0051,-0.0086,0.0,0.0,-0.48624946252768075
121161.618877429,-0.2483,-0.012,-0.0005,0.0027,-0.0017,0.0004,0.917,-0.1959,-0.646,0.0,0.0,0.0,0.0,0.0,-0.0251,0.0055,-0.5353,0.0342,0.0041,0.0017,0.0049,-0.0083,0.0,0.0,-0.4912397181699788
121161.626716261,-0.2515,-0.012,-0.0005,0.0027,-0.0017,0.0004,0.9168,-0.1959,-0.6415,0.0,0.0,0.0,0.0,0.0,-0.0251,0.0055,-0.5408,0.034,0.0039,0.002,0.005,-0.0084,0.0,0.0,-0.49622296584139314
121161.634055965,-0.2547,-0.012,-0.0005,0.0027,-0.0017,0.0004,0.9167,-0.1959,-0.6369,0.0,0.0,0.0,0.0,0.0,-0.0251,0.0055,-0.5467,0.0342,0.0037,0.0023,0.0051,-0.0086,0.0,0.0,-0.5011990689236783
121161.661842189,-0.2578,-0.012,-0.0005,0.0027,-0.0017,0.0004,0.9166,-0.1958,-0.6322,0.0,0.0,0.0,0.0,0.0,-0.0251,0.0055,-0.5523,0.034,0.0039,0.0021,0.005,-0.0084,0.0,0.0,-0.5061678909944513
121161.668441744,-0.261,-0.012,-0.0005,0.0027,-0.0017,0.0004,0.9165,-0.1958,-0.6275,0.0,0.0,0.0,0.0,0.0,-0.0251,0.0055,-0.5581,0.0342,0.004,0.0019,0.0049,-0.0084,0.0,0.0,-0.5111292958309416
121161.673437968,-0.2641,-0.012,-0.0005,0.0027,-0.0017,0.0004,0.9163,-0.1958,-0.6227,0.0,0.0,0.0,0.0,0.0,-0.0252,0.0055,-0.564,0.034,0.0039,0.0021,0.005,-0.0085,0.0,0.0,-0.5160831474137362
121161.700785497,-0.2672,-0.012,-0.0005,0.0027,-0.0017,0.0004,0.9162,-0.1958,-0.6179,0.0,0.0,0.0,0.0,0.0,-0.0252,0.0055,-0.5698,0.0342,0.0038,0.0022,0.005,-0.0085,0.0,0.0,-0.5210293099304865
121161.705943817,-0.2702,-0.0119,-0.0005,0.0027,-0.0017,0.0004,0.9161,-0.1957,-0.6131,0.0,0.0,0.0,0.0,0.0,-0.0252,0.0055,-0.5759,0.034,0.0039,0.002,0.005,-0.0084,0.0,0.0,-0.5259676477796519
121161.711802611,-0.2733,-0.0119,-0.0005,0.0027,-0.0017,0.0004,0.9159,-0.1957,-0.6082,0.0,0.0,0.0,0.0,0.0,-0.0252,0.0055,-0.5818,0.0342,0.0037,0.0023,0.005,-0.0085,0.0,0.0,-0.5308980255742006
121161.717400716,-0.2763,-0.0119,-0.0005,0.0027,-0.0017,0.0004,0.9158,-0.1957,-0.6032,0.0,0.0,0.0,0.0,0.0,-0.0252,0.0055,-0.5879,0.034,0.004,0.0018,0.0049,-0.0083,0.0,0.0,-0.5358203081453417
121161.744583449,-0.2793,-0.0119,-0.0005,0.0027,-0.0017,0.0004,0.9157,-0.1956,-0.5983,0.0,0.0,0.0,0.0,0.0,-0.0252,0.0055,-0.5939,0.0342,0.004,0.0019,0.0049,-0.0084,0.0,0.0,-0.5407343605462049
121161.750912379,-0.2823,-0.0119,-0.0005,0.0027,-0.0017,0.0004,0.9156,-0.1956,-0.5933,0.0,0.0,0.0,0.0,0.0,-0.0252,0.0055,-0.6003,0.034,0.0037,0.0023,0.005,-0.0086,0.0,0.0,-0.5456400480555685
121161.756515657,-0.2852,-0.0119,-0.0005,0.0027,-0.0017,0.0004,0.9154,-0.1956,-0.5883,0.0,0.0,0.0,0.0,0.0,-0.0252,0.0055,-0.6063,0.0342,0.004,0.0019,0.0049,-0.0084,0.0,0.0,-0.5505372361815244
121161.787234805,-0.2881,-0.0119,-0.0005,0.0027,-0.0017,0.0004,0.9153,-0.1956,-0.5833,0.0,0.0,0.0,0.0,0.0,-0.0252,0.0055,-0.6127,0.034,0.0037,0.0022,0.005,-0.0085,0.0,0.0,-0.5554257906651932
121161.792366023,-0.291,-0.0119,-0.0005,0.0027,-0.0017,0.0004,0.9152,-0.1955,-0.5783,0.0,0.0,0.0,0.0,0.0,-0.0252,0.0055,-0.619,0.0343,0.0041,0.0018,0.0048,-0.0083,0.0,0.0,-0.5603055774843806
121161.797574072,-0.2939,-0.0119,-0.0005,0.0027,-0.0017,0.0004,0.9151,-0.1955,-0.5734,0.0,0.0,0.0,0.0,0.0,-0.0252,0.0055,-0.6256,0.034,0.0036,0.0023,0.0051,-0.0086,0.0,0.0,-0.5651764628572631
121161.821805436,-0.2967,-0.0119,-0.0005,0.0027,-0.0017,0.0004,0.9149,-0.1955,-0.5684,0.0,0.0,0.0,0.0,0.0,-0.0252,0.0055,-0.6318,0.0343,0.0041,0.0017,0.0048,-0.0083,0.0,0.0,-0.5700383132460605
121161.831322606,-0.2995,-0.0119,-0.0005,0.0027,-0.0017,0.0004,0.9148,-0.1954,-0.5634,0.0,0.0,0.0,0.0,0.0,-0.0252,0.0055,-0.6384,0.034,0.0037,0.0022,0.005,-0.0085,0.0,0.0,-0.5748909953606954
121161.841514984,-0.3023,-0.0119,-0.0005,0.0027,-0.0017,0.0004,0.9147,-0.1954,-0.5585,0.0,0.0,0.0,0.0,0.0,-0.0252,0.0055,-0.6449,0.0343,0.0039,0.002,0.0049,-0.0084,0.0,0.0,-0.579734376162423
121161.847062224,-0.3051,-0.0119,-0.0005,0.0027,-0.0017,0.0004,0.9146,-0.1954,-0.5536,0.0,0.0,0.0,0.0,0.0,-0.0252,0.0055,-0.6514,0.034,0.0039,0.002,0.0049,-0.0084,0.0,0.0,-0.5845683228675187
121161.870791814,-0.3078,-0.0119,-0.0005,0.0027,-0.0017,0.0004,0.9144,-0.1954,-0.5487,0.0,0.0,0.0,0.0,0.0,-0.0253,0.0055,-0.6581,0.0343,0.0037,0.0022,0.0049,-0.0085,0.0,0.0,-0.589392702950895
121161.878757223,-0.3106,-0.0119,-0.0005,0.0027,-0.0017,0.0004,0.9143,-0.1953,-0.5439,0.0,0.0,0.0,0.0,0.0,-0.0253,0.0055,-0.6649,0.034,0.0037,0.0022,0.005,-0.0085,0.0,0.0,-0.5942073841497313
121161.884850604,-0.3133,-0.0119,-0.0005,0.0027,-0.0017,0.0004,0.9142,-0.1953,-0.5391,0.0,0.0,0.0,0.0,0.0,-0.0253,0.0055,-0.6715,0.0343,0.0041,0.0017,0.0047,-0.0083,0.0,0.0,-0.5990122344671076
121161.912475287,-0.3159,-0.0119,-0.0005,0.0027,-0.0017,0.0004,0.9141,-0.1953,-0.5343,0.0,0.0,0.0,0.0,0.0,-0.0253,0.0055,-0.6782,0.034,0.0035,0.0024,0.005,-0.0086,0.0,0.0,-0.6038071221756315
121161.91841892,-0.3186,-0.0119,-0.0005,0.0027,-0.0017,0.0004,0.9139,-0.1953,-0.5296,0.0,0.0,0.0,0.0,0.0,-0.0253,0.0055,-0.6851,0.0343,0.0041,0.0017,0.0047,-0.0083,0.0,0.0,-0.608591915821028
121161.923764225,-0.3212,-0.0119,-0.0005,0.0027,-0.0017,0.0004,0.9138,-0.1952,-0.525,0.0,0.0,0.0,0.0,0.0,-0.0253,0.0055,-0.692,0.0341,0.0037,0.0022,0.0049,-0.0085,0.0,0.0,-0.6133664842257687
121161.950060024,-0.3238,-0.0119,-0.0005,0.0027,-0.0017,0.0004,0.9137,-0.1952,-0.5204,0.0,0.0,0.0,0.0,0.0,-0.0253,0.0055,-0.6989,0.0343,0.004,0.0018,0.0048,-0.0083,0.0,0.0,-0.6181306964926456
121161.955658735,-0.3264,-0.0119,-0.0005,0.0027,-0.0017,0.0004,0.9136,-0.1952,-0.5159,0.0,0.0,0.0,0.0,0.0,-0.0253,0.0055,-0.7057,0.0341,0.0036,0.0023,0.005,-0.0086,0.0,0.0,-0.6228844220083731
121161.960933441,-0.329,-0.0119,-0.0005,0.0027,-0.0017,0.0004,0.9134,-0.1951,-0.5115,0.0,0.0,0.0,0.0,0.0,-0.0253,0.0055,-0.7128,0.0342,0.0041,0.0017,0.0047,-0.0083,0.0,0.0,-0.6276275304471615
121161.966213744,-0.3315,-0.0119,-0.0005,0.0027,-0.0017,0.0004,0.9133,-0.1951,-0.5071,0.0,0.0,0.0,0.0,0.0,-0.0253,0.0055,-0.7195,0.0342,0.0037,0.0022,0.0049,-0.0085,0.0,0.0,-0.6323598917742999
121161.991375241,-0.334,-0.0119,-0.0005,0.0027,-0.0017,0.0004,0.9132,-0.1951,-0.5029,0.0,0.0,0.0,0.0,0.0,-0.0253,0.0055,-0.7266,0.0342,0.0039,0.0019,0.0048,-0.0084,0.0,0.0,-0.6370813762497187
121161.998988544,-0.3365,-0.0119,-0.0005,0.0027,-0.0017,0.0004,0.913,-0.1951,-0.4987,0.0,0.0,0.0,0.0,0.0,-0.0253,0.0055,-0.7338,0.0342,0.0039,0.002,0.0048,-0.0084,0.0,0.0,-0.6417918544315233
121162.00496815,-0.339,-0.0119,-0.0005,0.0027,-0.0017,0.0004,0.9129,-0.195,-0.4946,0.0,0.0,0.0,0.0,0.0,-0.0253,0.0055,-0.7407,0.0342,0.0038,0.0021,0.0049,-0.0085,0.0,0.0,-0.6464911971795808
121162.031556585,-0.3414,-0.0119,-0.0005,0.0027,-0.0017,0.0004,0.9128,-0.195,-0.4906,0.0,0.0,0.0,0.0,0.0,-0.0253,0.0055,-0.7479,0.0342,0.0039,0.0019,0.0048,-0.0084,0.0,0.0,-0.6511792756590395
121162.037341322,-0.3439,-0.0119,-0.0005,0.0027,-0.0017,0.0004,0.9127,-0.195,-0.4866,0.0,0.0,0.0,0.0,0.0,-0.0253,0.0055,-0.7551,0.0342,0.0037,0.0021,0.0049,-0.0085,0.0,0.0,-0.6558559613438564
121162.042487706,-0.3463,-0.0119,-0.0005,0.0027,-0.0017,0.0004,0.9125,-0.1949,-0.4828,0.0,0.0,0.0,0.0,0.0,-0.0254,0.0055,-0.7622,0.0342,0.0039,0.0019,0.0048,-0.0084,0.0,0.0,-0.6605211260203278
121162.069633769,-0.3487,-0.0119,-0.0005,0.0027,-0.0017,0.0004,0.9124,-0.1949,-0.4791,0.0,0.0,0.0,0.0,0.0,-0.0254,0.0055,-0.7692,0.0342,0.0037,0.0022,0.0049,-0.0085,0.0,0.0,-0.6651746417906139
121162.074625769,-0.3511,-0.0119,-0.0005,0.0027,-0.0017,0.0004,0.9123,-0.1949,-0.4755,0.0,0.0,0.0,0.0,0.0,-0.0254,0.0055,-0.7765,0.0342,0.0039,0.0019,0.0048,-0.0084,0.0,0.0,-0.6698163810762228
121162.079739546,-0.3534,-0.0119,-0.0005,0.0027,-0.0017,0.0004,0.9122,-0.1949,-0.472,0.0,0.0,0.0,0.0,0.0,-0.0254,0.0055,-0.7837,0.0342,0.0037,0.0022,0.0049,-0.0085,0.0,0.0,-0.6744462166215335
121162.08553384,-0.3558,-0.0119,-0.0005,0.0027,-0.0017,0.0004,0.912,-0.1948,-0.4686,0.0,0.0,0.0,0.0,0.0,-0.0254,0.0055,-0.7909,0.0342,0.004,0.0017,0.0047,-0.0083,0.0,0.0,-0.6790640214972596
121162.114742313,-0.3581,-0.0119,-0.0005,0.0027,-0.0017,0.0004,0.9119,-0.1948,-0.4654,0.0,0.0,0.0,0.0,0.0,-0.0254,0.0055,-0.7981,0.0341,0.0036,0.0023,0.0049,-0.0085,0.0,0.0,-0.683669669103954
121162.120455896,-0.3604,-0.0119,-0.0005,0.0027,-0.0017,0.0004,0.9118,-0.1948,-0.4622,0.0,0.0,0.0,0.0,0.0,-0.0254,0.0055,-0.8055,0.0343,0.0038,0.0021,0.0048,-0.0085,0.0,0.0,-0.6882630331754579
121162.125524906,-0.3627,-0.0119,-0.0005,0.0027,-0.0017,0.0004,0.9116,-0.1947,-0.4592,0.0,0.0,0.0,0.0,0.0,-0.0254,0.0055,-0.8125,0.0342,0.0039,0.0018,0.0047,-0.0083,0.0,0.0,-0.6928439877823718
121162.157241775,-0.365,-0.0119,-0.0005,0.0027,-0.0017,0.0004,0.9115,-0.1947,-0.4563,0.0,0.0,0.0,0.0,0.0,-0.0254,0.0055,-0.8198,0.0343,0.0037,0.0021,0.0048,-0.0085,0.0,0.0,-0.6974124073355141
121162.158895125,-0.3673,-0.0119,-0.0005,0.0027,-0.0017,0.0004,0.9114,-0.1947,-0.4535,0.0,0.0,0.0,0.0,0.0,-0.0254,0.0055,-0.8271,0.0342,0.0039,0.0019,0.0047,-0.0084,0.0,0.0,-0.7019681665893616
121162.164182201,-0.3695,-0.0119,-0.0005,0.0027,-0.0017,0.0004,0.9113,-0.1947,-0.4508,0.0,0.0,0.0,0.0,0.0,-0.0254,0.0055,-0.8343,0.0342,0.0036,0.0022,0.0048,-0.0085,0.0,0.0,-0.7065111406454603
121162.187169989,-0.3718,-0.0119,-0.0005,0.0027,-0.0017,0.0004,0.9111,-0.1946,-0.4483,0.0,0.0,0.0,0.0,0.0,-0.0254,0.0055,-0.8417,0.0342,0.0039,0.002,0.0047,-0.0084,0.0,0.0,-0.7110412049558881
121162.19640866,-0.374,-0.0119,-0.0005,0.0027,-0.0017,0.0004,0.911,-0.1946,-0.4459,0.0,0.0,0.0,0.0,0.0,-0.0254,0.0055,-0.8488,0.0342,0.0038,0.002,0.0047,-0.0084,0.0,0.0,-0.7155582353266492
121162.202371728,-0.3762,-0.0119,-0.0005,0.0027,-0.0017,0.0004,0.9109,-0.1946,-0.4436,0.0,0.0,0.0,0.0,0.0,-0.0254,0.0055,-0.8561,0.0342,0.0037,0.0021,0.0048,-0.0085,0.0,0.0,-0.7200621079210624
121162.207668152,-0.3784,-0.0119,-0.0005,0.0027,-0.0017,0.0004,0.9107,-0.1946,-0.4414,0.0,0.0,0.0,0.0,0.0,-0.0254,0.0055,-0.8634,0.0343,0.0038,0.002,0.0048,-0.0084,0.0,0.0,-0.7245526992631914
121162.233608999,-0.3806,-0.0119,-0.0005,0.0027,-0.0017,0.0004,0.9106,-0.1945,-0.4394,0.0,0.0,0.0,0.0,0.0,-0.0255,0.0055,-0.8706,0.0342,0.0038,0.002,0.0047,-0.0084,0.0,0.0,-0.7290298862412092
121162.238591451,-0.3828,-0.0119,-0.0005,0.0027,-0.0017,0.0004,0.9105,-0.1945,-0.4375,0.0,0.0,0.0,0.0,0.0,-0.0255,0.0055,-0.8777,0.0343,0.0038,0.002,0.0047,-0.0084,0.0,0.0,-0.7334935461107701
121162.244235623,-0.385,-0.0119,-0.0005,0.0027,-0.0017,0.0004,0.9104,-0.1945,-0.4358,0.0,0.0,0.0,0.0,0.0,-0.0255,0.0055,-0.8848,0.0343,0.0038,0.002,0.0047,-0.0084,0.0,0.0,-0.7379435564983811
121162.272283226,-0.3872,-0.0119,-0.0005,0.0027,-0.0017,0.0004,0.9102,-0.1944,-0.4342,0.0,0.0,0.0,0.0,0.0,-0.0255,0.0055,-0.8922,0.0342,0.0036,0.0022,0.0048,-0.0085,0.0,0.0,-0.7423797954047653
121162.27781379,-0.3893,-0.0119,-0.0005,0.0027,-0.0017,0.0004,0.9101,-0.1944,-0.4327,0.0,0.0,0.0,0.0,0.0,-0.0255,0.0055,-0.8991,0.0343,0.0039,0.0019,0.0047,-0.0084,0.0,0.0,-0.7468021412081862
121162.283219346,-0.3915,-0.0119,-0.0005,0.0027,-0.0017,0.0004,0.91,-0.1944,-0.4313,0.0,0.0,0.0,0.0,0.0,-0.0255,0.0055,-0.9063,0.0343,0.0037,0.0022,0.0048,-0.0085,0.0,0.0,-0.7512104726678056
121162.308287488,-0.3936,-0.0119,-0.0005,0.0027,-0.0017,0.0004,0.9099,-0.1944,-0.4301,0.0,0.0,0.0,0.0,0.0,-0.0255,0.0055,-0.9135,0.0343,0.004,0.0018,0.0046,-0.0083,0.0,0.0,-0.755604668926984
121162.315536814,-0.3958,-0.0119,-0.0005,0.0027,-0.0017,0.0004,0.9097,-0.1943,-0.429,0.0,0.0,0.0,0.0,0.0,-0.0255,0.0055,-0.9206,0.0343,0.0035,0.0023,0.0048,-0.0086,0.0,0.0,-0.759984609516617
121162.320682941,-0.3979,-0.0119,-0.0005,0.0027,-0.0017,0.0004,0.9096,-0.1943,-0.428,0.0,0.0,0.0,0.0,0.0,-0.0255,0.0055,-0.9276,0.0343,0.004,0.0018,0.0046,-0.0083,0.0,0.0,-0.7643501743584148
121162.326654021,-0.4001,-0.0119,-0.0005,0.0027,-0.0017,0.0004,0.9095,-0.1943,-0.4272,0.0,0.0,0.0,0.0,0.0,-0.0255,0.0055,-0.9346,0.0343,0.0037,0.0021,0.0047,-0.0084,0.0,0.0,-0.7687012437682181
121162.357981314,-0.4022,-0.0119,-0.0005,0.0027,-0.0017,0.0004,0.9093,-0.1942,-0.4265,0.0,0.0,0.0,0.0,0.0,-0.0255,0.0056,-0.9415,0.0343,0.0038,0.0019,0.0047,-0.0084,0.0,0.0,-0.7730376984592581
121162.364338987,-0.4043,-0.0119,-0.0005,0.0027,-0.0017,0.0004,0.9092,-0.1942,-0.4259,0.0,0.0,0.0,0.0,0.0,-0.0255,0.0056,-0.9484,0.0343,0.0037,0.0021,0.0047,-0.0085,0.0,0.0,-0.7773594195454387
121162.370137309,-0.4065,-0.0119,-0.0005,0.0027,-0.0017,0.0004,0.9091,-0.1942,-0.4255,0.0,0.0,0.0,0.0,0.0,-0.0255,0.0056,-0.9555,0.0343,0.0038,0.002,0.0047,-0.0084,0.0,0.0,-0.7816662885445906
121162.399471765,-0.4086,-0.0119,-0.0005,0.0027,-0.0017,0.0004,0.909,-0.1942,-0.4251,0.0,0.0,0.0,0.0,0.0,-0.0255,0.0056,-0.9622,0.0343,0.0038,0.002,0.0047,-0.0084,0.0,0.0,-0.7859581873817302
121162.408553223,-0.4107,-0.0119,-0.0005,0.0027,-0.0017,0.0004,0.9088,-0.1941,-0.4249,0.0,0.0,0.0,0.0,0.0,-0.0255,0.0056,-0.9692,0.0343,0.0038,0.002,0.0047,-0.0084,0.0,0.0,-0.7902349983922772
121162.413891936,-0.4128,-0.0119,-0.0005,0.0027,-0.0017,0.0004,0.9087,-0.1941,-0.4249,0.0,0.0,0.0,0.0,0.0,-0.0255,0.0056,-0.9758,0.0343,0.0038,0.002,0.0047,-0.0084,0.0,0.0,-0.794496604325303
121162.437471035,-0.415,-0.0119,-0.0005,0.0027,-0.0017,0.0004,0.9086,-0.1941,-0.4249,0.0,0.0,0.0,0.0,0.0,-0.0256,0.0056,-0.9826,0.0343,0.0038,0.002,0.0047,-0.0084,0.0,0.0,-0.7987428883467225
121162.447154054,-0.4171,-0.0119,-0.0005,0.0027,-0.0017,0.0004,0.9084,-0.194,-0.425,0.0,0.0,0.0,0.0,0.0,-0.0256,0.0056,-0.9891,0.0342,0.0035,0.0023,0.0048,-0.0086,0.0,0.0,-0.80297373404252
121162.457263277,-0.4192,-0.0119,-0.0005,0.0027,-0.0017,0.0004,0.9083,-0.194,-0.4253,0.0,0.0,0.0,0.0,0.0,-0.0256,0.0056,-0.9958,0.0344,0.0043,0.0014,0.0044,-0.0081,0.0,0.0,-0.8071890254219178
121162.462922064,-0.4213,-0.0119,-0.0005,0.0027,-0.0017,0.0004,0.9082,-0.194,-0.4257,0.0,0.0,0.0,0.0,0.0,-0.0256,0.0056,-1.0025,0.0342,0.0034,0.0024,0.0048,-0.0086,0.0,0.0,-0.8113886469205791
121162.491389309,-0.4235,-0.0119,-0.0005,0.0027,-0.0017,0.0004,0.9081,-0.194,-0.4262,0.0,0.0,0.0,0.0,0.0,-0.0256,0.0056,-1.0088,0.0344,0.0041,0.0017,0.0045,-0.0083,0.0,0.0,-0.8155724834037563
121162.498653823,-0.4256,-0.0119,-0.0005,0.0027,-0.0017,0.0004,0.9079,-0.1939,-0.4267,0.0,0.0,0.0,0.0,0.0,-0.0256,0.0056,-1.0154,0.0338,0.0035,0.0023,0.0048,-0.0086,0.0,0.0,-0.8197404201694558
121162.504824338,-0.4278,-0.0119,-0.0005,0.0027,-0.0017,0.0004,0.9078,-0.1939,-0.4274,0.0,0.0,0.0,0.0,0.0,-0.0256,0.0056,-1.0218,0.0349,0.004,0.0018,0.0045,-0.0083,0.0,0.0,-0.8238923429515916
121162.52977634,-0.4299,-0.0118,-0.0005,0.0027,-0.0017,0.0004,0.9077,-0.1939,-0.4282,0.0,0.0,0.0,0.0,0.0,-0.0256,0.0056,-1.0282,0.0343,0.0038,0.0018,0.0046,-0.0083,0.0,0.0,-0.8280281379230976
121162.537686076,-0.432,-0.0118,-0.0005,0.0027,-0.0017,0.0004,0.9076,-0.1938,-0.4291,0.0,0.0,0.0,0.0,0.0,-0.0256,0.0056,-1.0343,0.0338,0.0034,0.0025,0.0048,-0.0087,0.0,0.0,-0.8321476916990709
121162.544926604,-0.4342,-0.0118,-0.0005,0.0027,-0.0017,0.0004,0.9074,-0.1938,-0.4301,0.0,0.0,0.0,0.0,0.0,-0.0256,0.0056,-1.0405,0.0349,0.0041,0.0015,0.0044,-0.0082,0.0,0.0,-0.8362508913398612
121162.574376998,-0.4364,-0.0118,-0.0005,0.0027,-0.0017,0.0004,0.9073,-0.1938,-0.4311,0.0,0.0,0.0,0.0,0.0,-0.0256,0.0056,-1.0468,0.0343,0.0035,0.0022,0.0047,-0.0085,0.0,0.0,-0.8403376243541775
121162.582316397,-0.4385,-0.0118,-0.0005,0.0027,-0.0017,0.0004,0.9072,-0.1938,-0.4323,0.0,0.0,0.0,0.0,0.0,-0.0256,0.0056,-1.053,0.0338,0.0038,0.0019,0.0046,-0.0084,0.0,0.0,-0.844407778702167
121162.588735045,-0.4407,-0.0118,-0.0005,0.0027,-0.0017,0.0004,0.907,-0.1937,-0.4335,0.0,0.0,0.0,0.0,0.0,-0.0256,0.0056,-1.0587,0.0349,0.0038,0.0019,0.0046,-0.0084,0.0,0.0,-0.8484612427984979
121162.594571728,-0.4429,-0.0118,-0.0005,0.0027,-0.0017,0.0004,0.9069,-0.1937,-0.4348,0.0,0.0,0.0,0.0,0.0,-0.0256,0.0056,-1.0648,0.0339,0.0037,0.0021,0.0046,-0.0085,0.0,0.0,-0.8524979055153988
121162.621844193,-0.445,-0.0118,-0.0005,0.0027,-0.0017,0.0004,0.9068,-0.1937,-0.4362,0.0,0.0,0.0,0.0,0.0,-0.0256,0.0056,-1.0705,0.0348,0.0037,0.002,0.0046,-0.0084,0.0,0.0,-0.8565176561857277
121162.633971072,-0.4472,-0.0118,-0.0005,0.0027,-0.0017,0.0004,0.9067,-0.1937,-0.4376,0.0,0.0,0.0,0.0,0.0,-0.0256,0.0056,-1.0764,0.0338,0.0037,0.002,0.0046,-0.0084,0.0,0.0,-0.8605203846059841
121162.637755314,-0.4494,-0.0118,-0.0005,0.0027,-0.0017,0.0004,0.9065,-0.1936,-0.4392,0.0,0.0,0.0,0.0,0.0,-0.0257,0.0056,-1.0823,0.0348,0.0038,0.0018,0.0045,-0.0083,0.0,0.0,-0.8645059810393516
121162.66734718,-0.4516,-0.0118,-0.0005,0.0027,-0.0017,0.0004,0.9064,-0.1936,-0.4407,0.0,0.0,0.0,0.0,0.0,-0.0257,0.0056,-1.0878,0.0337,0.0035,0.0023,0.0047,-0.0086,0.0,0.0,-0.8684743362186853
