time_sec,source_time_sec,hip_L_Joint_pos_rad,hip_R_Joint_pos_rad,thigh_L_Joint_pos_rad,thigh_R_Joint_pos_rad,knee_L_Joint_pos_rad,knee_R_Joint_pos_rad,wheel_L_Joint_pos_rad,wheel_R_Joint_pos_rad,hip_L_Joint_vel_rad/s,hip_R_Joint_vel_rad/s,thigh_L_Joint_vel_rad/s,thigh_R_Joint_vel_rad/s,knee_L_Joint_vel_rad/s,knee_R_Joint_vel_rad/s,wheel_L_Joint_vel_rad/s,wheel_R_Joint_vel_rad/s,hip_L_Joint_torque,hip_R_Joint_torque,thigh_L_Joint_torque,thigh_R_Joint_torque,knee_L_Joint_torque,knee_R_Joint_torque,wheel_L_Joint_torque,wheel_R_Joint_torque,hip_L_Joint_actual_torque,hip_R_Joint_actual_torque,thigh_L_Joint_actual_torque,thigh_R_Joint_actual_torque,knee_L_Joint_actual_torque,knee_R_Joint_actual_torque,wheel_L_Joint_actual_torque,wheel_R_Joint_actual_torque,obs_0,obs_1,obs_2,obs_3,obs_4,obs_5,obs_6,obs_7,obs_8,obs_9,obs_10,obs_11,obs_12,obs_13,obs_14,obs_15,obs_16,obs_17,obs_18,obs_19,obs_20,obs_21,obs_22,obs_23,obs_24,obs_25,obs_26,obs_27,obs_28,obs_29,obs_30,obs_31
0.0,0.0,6.981317007781485e-05,0.0003141592653586045,-0.011868238913562479,0.044498041944221356,0.0,0.0007330382858379281,-0.0001570796326796492,6.981317008047938e-05,0.0,0.0,0.0,0.0,0.0,0.0,0.0,0.07330382858376185,0.0,0.0,0.0,0.0,0.0,0.0,0.0,0.0,0.00843755859375,-0.012656337890625,-0.004218779296875,0.012656337890625,0.0168751171875,-0.06750046875,0.0,0.007957060546875,0.0,0.0,0.0,0.0,0.0,0.0,0.0,0.0,0.0,0.0,0.0,0.0,0.0,0.0,0.0,0.0,0.0,0.0,0.0,0.0,0.0,0.0,0.0,0.0,0.0,0.0
0.009493330000000001,0.0,6.981317007781485e-05,0.0003141592653586045,-0.011868238913562479,0.044498041944221356,0.0,0.0007330382858379281,-0.0001570796326796492,0.00045378560551911917,0.0,0.0,0.0,-0.015707963267948967,0.0,0.0,0.0,0.03490658503988659,0.0,0.0,0.0,0.0,0.0,0.0,0.0,0.0,0.00843755859375,-0.0168751171875,0.004218779296875,0.0,0.0,-0.06750046875,0.0,-0.01591412109375,0.0,0.0,0.0,0.0,0.0,0.0,0.0,0.0,0.0,0.0,0.0,0.0,0.0,0.0,0.0,0.0,0.0,0.0,0.0,0.0,0.0,0.0,0.0,0.0,0.0,0.0
0.019697040000000002,0.0,6.981317007781485e-05,0.0003141592653586045,-0.011868238913562479,0.044498041944221356,0.0,0.0007330382858379281,-0.0001570796326796492,0.0006457718232391052,0.0,0.015707963267948967,0.0,0.0,0.0,0.0,0.0,0.0,0.0,0.0,0.0,0.0,0.0,0.0,0.0,0.0,0.00843755859375,-0.012656337890625,0.004218779296875,-0.00843755859375,-0.02531267578125,0.02531267578125,0.0,0.01591412109375,0.0,0.0,0.0,0.0,0.0,0.0,0.0,0.0,0.0,0.0,0.0,0.0,0.0,0.0,0.0,0.0,0.0,0.0,0.0,0.0,0.0,0.0,0.0,0.0,0.0,0.0
0.029563789000000004,0.0,6.981317007781485e-05,0.0003141592653586045,-0.011868238913562479,0.044393322189101525,0.0,0.0007330382858379281,-6.981317007992427e-05,0.00036651914291896404,0.0,0.0,0.006981317007977318,0.0,0.0,0.0,0.008726646259971648,-0.013962634015954637,0.0,0.0,0.0,0.0,0.0,0.0,0.0,0.0,0.004218779296875,0.0,-0.012656337890625,0.012656337890625,0.0168751171875,0.02531267578125,0.0,0.007957060546875,0.0,0.0,0.0,0.0,0.0,0.0,0.0,0.0,0.0,0.0,0.0,0.0,0.0,0.0,0.0,0.0,0.0,0.0,0.0,0.0,0.0,0.0,0.0,0.0,0.0,0.0
0.039866887000000004,0.0,6.981317007781485e-05,0.0004188790204784354,-0.01176351915844176,0.044393322189101525,0.0,0.0007330382858379281,-6.981317007992427e-05,-1.7453292519231667e-05,0.0,0.0,0.006981317007977318,0.0,0.0,0.0,0.0,-0.04188790204786391,0.0,0.0,0.0,0.0,0.0,0.0,0.0,0.0,0.004218779296875,-0.004218779296875,0.004218779296875,0.0168751171875,0.0,0.00843755859375,0.0,0.007957060546875,0.0,0.0,0.0,0.0,0.0,0.0,0.0,0.0,0.0,0.0,0.0,0.0,0.0,0.0,0.0,0.0,0.0,0.0,0.0,0.0,0.0,0.0,0.0,0.0,0.0,0.0
0.05021243,0.0,6.981317007781485e-05,0.0004188790204784354,-0.01176351915844176,0.044498041944221356,0.0,0.0007330382858379281,-6.981317007992427e-05,-0.00029670597283848466,0.0,0.0,0.0,0.0,0.0,0.0,0.0,-0.027925268031909273,0.0,0.0,0.0,0.0,0.0,0.0,0.0,0.0,0.00843755859375,-0.004218779296875,-0.004218779296875,-0.004218779296875,0.0,0.0168751171875,0.0,0.0039785302734375,0.0,0.0,0.0,0.0,0.0,0.0,0.0,0.0,0.0,0.0,0.0,0.0,0.0,0.0,0.0,0.0,0.0,0.0,0.0,0.0,0.0,0.0,0.0,0.0,0.0,0.0
0.059993875,0.0,6.981317007781485e-05,0.0003141592653586045,-0.01176351915844176,0.044498041944221356,0.0,0.0007330382858379281,-6.981317007992427e-05,-0.00040142572795787146,0.0,0.0,0.0,0.0,0.0,0.0,0.0,0.0,0.0,0.0,0.0,0.0,0.0,0.0,0.0,0.0,0.004218779296875,-0.00843755859375,0.004218779296875,0.012656337890625,0.033750234375,0.0168751171875,0.0,-0.0039785302734375,0.0,0.0,0.0,0.0,0.0,0.0,0.0,0.0,0.0,0.0,0.0,0.0,0.0,0.0,0.0,0.0,0.0,0.0,0.0,0.0,0.0,0.0,0.0,0.0,0.0,0.0
0.06998504400000001,0.0,6.981317007781485e-05,0.0003141592653586045,-0.01176351915844176,0.044498041944221356,0.0,0.0007330382858379281,-6.981317007992427e-05,-0.00029670597283848466,0.0,-0.008726646259971648,-0.0017453292519943296,0.0,0.0,0.0,-0.008726646259971648,0.017453292519943295,0.0,0.0,0.0,0.0,0.0,0.0,0.0,0.0,0.004218779296875,-0.00843755859375,0.0,-0.00843755859375,0.02531267578125,-0.07593802734375,0.0,-0.01591412109375,0.0,0.0,0.0,0.0,0.0,0.0,0.0,0.0,0.0,0.0,0.0,0.0,0.0,0.0,0.0,0.0,0.0,0.0,0.0,0.0,0.0,0.0,0.0,0.0,0.0,0.0
0.08100262000000001,0.0,6.981317007781485e-05,0.0003141592653586045,-0.011868238913562479,0.044393322189101525,0.0,0.0007330382858379281,-6.981317007992427e-05,6.981317008047938e-05,0.0,0.0,-0.008726646259971648,0.0,0.0,0.0,-0.008726646259971648,0.07330382858376185,0.0,0.0,0.0,0.0,0.0,0.0,0.0,0.0,-0.037969013671875,-0.012656337890625,0.004218779296875,0.012656337890625,0.0,0.0168751171875,-0.0039785302734375,0.0,0.0,0.0,0.0,0.0,0.0,0.0,0.0,0.0,0.0,0.0,0.0,0.0,0.0,0.0,0.0,0.0,0.0,0.0,0.0,0.0,0.0,0.0,0.0,0.0,0.0,0.0
0.09043282700000001,0.0,6.981317007781485e-05,0.0003141592653586045,-0.011868238913562479,0.044393322189101525,0.0,0.0007330382858379281,-0.0001570796326796492,0.00045378560551911917,0.0,0.0,-0.005235987755982989,-0.017453292519943295,0.0,0.0,0.0,0.03490658503988659,0.0,0.0,0.0,0.0,0.0,0.0,0.0,0.0,-0.04218779296875,0.0,0.0,-0.012656337890625,0.0,0.00843755859375,0.0,0.0119355908203125,0.0,0.0,0.0,0.0,0.0,0.0,0.0,0.0,0.0,0.0,0.0,0.0,0.0,0.0,0.0,0.0,0.0,0.0,0.0,0.0,0.0,0.0,0.0,0.0,0.0,0.0
0.102233446,0.0,6.981317007781485e-05,0.0003141592653586045,-0.011868238913562479,0.044393322189101525,0.0,0.0007330382858379281,-6.981317007992427e-05,0.0006457718232391052,0.0,0.0,0.0,0.0,0.0,0.0,0.0,0.0,0.0,0.0,0.0,0.0,0.0,0.0,0.0,0.0,-0.037969013671875,0.0,0.0,-0.00843755859375,-0.033750234375,0.0,0.0,0.01591412109375,0.0,0.0,0.0,0.0,0.0,0.0,0.0,0.0,0.0,0.0,0.0,0.0,0.0,0.0,0.0,0.0,0.0,0.0,0.0,0.0,0.0,0.0,0.0,0.0,0.0,0.0
0.11061432600000001,0.0,6.981317007781485e-05,0.0003141592653586045,-0.011868238913562479,0.044393322189101525,0.0,0.0007330382858379281,-6.981317007992427e-05,0.00045378560551911917,0.0,0.0,0.0,0.0,0.0,0.0,0.0,-0.012217304763960306,0.0,0.0,0.0,0.0,0.0,0.0,0.0,0.0,-0.04218779296875,-0.00843755859375,0.0,-0.004218779296875,-0.00843755859375,-0.07593802734375,0.0,0.007957060546875,0.0,0.0,0.0,0.0,0.0,0.0,0.0,0.0,0.0,0.0,0.0,0.0,0.0,0.0,0.0,0.0,0.0,0.0,0.0,0.0,0.0,0.0,0.0,0.0,0.0,0.0
0.12085596700000001,0.0,6.981317007781485e-05,0.0003141592653586045,-0.01176351915844176,0.04430605572650137,0.0,0.0007330382858379281,-6.981317007992427e-05,-1.7453292519231667e-05,0.0,0.0,0.0,-0.013962634015954637,0.0,0.0,0.008726646259971648,-0.03316125578789226,0.0,0.0,0.0,0.0,0.0,0.0,0.0,0.0,-0.04218779296875,0.0,0.0,-0.004218779296875,0.033750234375,-0.06750046875,0.0039785302734375,0.007957060546875,0.0,0.0,0.0,0.0,0.0,0.0,0.0,0.0,0.0,0.0,0.0,0.0,0.0,0.0,0.0,0.0,0.0,0.0,0.0,0.0,0.0,0.0,0.0,0.0,0.0,0.0
0.13099655500000001,0.0,6.981317007781485e-05,0.0003141592653586045,-0.01176351915844176,0.044393322189101525,0.0,0.0007330382858379281,-6.981317007992427e-05,-0.00029670597283848466,0.0,0.0,0.0,0.0,0.0,0.0,0.0,-0.031415926535897934,0.0,0.0,0.0,0.0,0.0,0.0,0.0,0.0,-0.04218779296875,-0.004218779296875,0.004218779296875,-0.004218779296875,-0.02531267578125,-0.06750046875,-0.0039785302734375,-0.01591412109375,0.0,0.0,0.0,0.0,0.0,0.0,0.0,0.0,0.0,0.0,0.0,0.0,0.0,0.0,0.0,0.0,0.0,0.0,0.0,0.0,0.0,0.0,0.0,0.0,0.0,0.0
0.140917112,0.0,6.981317007781485e-05,0.0003141592653586045,-0.01176351915844176,0.044498041944221356,0.0,0.0007330382858379281,-6.981317007992427e-05,-0.00040142572795787146,0.0,0.0,0.0,0.0,0.0,0.0,0.0,0.0,0.0,0.0,0.0,0.0,0.0,0.0,0.0,0.0,-0.037969013671875,-0.00843755859375,0.004218779296875,-0.004218779296875,0.04218779296875,-0.07593802734375,0.0039785302734375,-0.01591412109375,0.0,0.0,0.0,0.0,0.0,0.0,0.0,0.0,0.0,0.0,0.0,0.0,0.0,0.0,0.0,0.0,0.0,0.0,0.0,0.0,0.0,0.0,0.0,0.0,0.0,0.0
0.15087323,0.0,6.981317007781485e-05,0.0003141592653586045,-0.011868238913562479,0.044393322189101525,0.0,0.0007330382858379281,-6.981317007992427e-05,-0.0002094395102387736,0.0,-0.017453292519943295,-0.013962634015954637,0.0,0.0,0.0,0.0,0.027925268031909273,0.0,0.0,0.0,0.0,0.0,0.0,0.0,0.0,-0.02531267578125,0.029531455078125,0.0,-0.00843755859375,-0.00843755859375,0.0168751171875,0.0039785302734375,0.0039785302734375,0.0,0.0,0.0,0.0,0.0,0.0,0.0,0.0,0.0,0.0,0.0,0.0,0.0,0.0,0.0,0.0,0.0,0.0,0.0,0.0,0.0,0.0,0.0,0.0,0.0,0.0
0.160859726,0.0,6.981317007781485e-05,0.0003141592653586045,-0.011868238913562479,0.044393322189101525,0.0,0.0007330382858379281,-6.981317007992427e-05,0.00017453292519986618,0.0,0.0,0.0,0.0,0.0,0.0,-0.0017453292519943296,0.06806784082777886,0.0,0.0,0.0,0.0,0.0,0.0,0.0,0.0,-0.021093896484375,0.0,0.004218779296875,-0.00843755859375,0.02531267578125,0.00843755859375,0.0,0.007957060546875,0.0,0.0,0.0,0.0,0.0,0.0,0.0,0.0,0.0,0.0,0.0,0.0,0.0,0.0,0.0,0.0,0.0,0.0,0.0,0.0,0.0,0.0,0.0,0.0,0.0,0.0
0.170918274,0.0,6.981317007781485e-05,0.0003141592653586045,-0.011868238913562479,0.04430605572650137,0.0,0.0007330382858379281,-6.981317007992427e-05,0.00045378560551911917,0.0,0.0,0.0,-0.008726646259971648,0.0,0.0,0.0,0.022689280275926284,0.0,0.0,0.0,0.0,0.0,0.0,0.0,0.0,-0.021093896484375,0.033750234375,0.0,-0.00843755859375,0.0,0.0168751171875,-0.0039785302734375,0.0119355908203125,0.0,0.0,0.0,0.0,0.0,0.0,0.0,0.0,0.0,0.0,0.0,0.0,0.0,0.0,0.0,0.0,0.0,0.0,0.0,0.0,0.0,0.0,0.0,0.0,0.0,0.0
0.180960049,0.0,6.981317007781485e-05,0.0003141592653586045,-0.011868238913562479,0.04420133597138243,0.0,0.0007330382858379281,-6.981317007992427e-05,0.0006457718232391052,0.0,0.0,0.0,0.0,0.0,0.0,0.0,-0.008726646259971648,0.0,0.0,0.0,0.0,0.0,0.0,0.0,0.0,-0.04218779296875,0.02531267578125,0.0,-0.00843755859375,0.0,-0.0843755859375,0.0039785302734375,0.01591412109375,0.0,0.0,0.0,0.0,0.0,0.0,0.0,0.0,0.0,0.0,0.0,0.0,0.0,0.0,0.0,0.0,0.0,0.0,0.0,0.0,0.0,0.0,0.0,0.0,0.0,0.0
0.190939823,0.0,6.981317007781485e-05,0.0003141592653586045,-0.011868238913562479,0.04420133597138243,0.0,0.0007330382858379281,-6.981317007992427e-05,0.00036651914291896404,0.0,0.015707963267948967,0.015707963267948967,0.0,0.0,0.0,0.0,-0.027925268031909273,0.0,0.0,0.0,0.0,0.0,0.0,0.0,0.0,-0.02531267578125,0.021093896484375,0.0,-0.012656337890625,0.033750234375,0.00843755859375,0.0039785302734375,0.0119355908203125,0.0,0.0,0.0,0.0,0.0,0.0,0.0,0.0,0.0,0.0,0.0,0.0,0.0,0.0,0.0,0.0,0.0,0.0,0.0,0.0,0.0,0.0,0.0,0.0,0.0,0.0
0.202556484,0.0,6.981317007781485e-05,0.0003141592653586045,-0.01176351915844176,0.04411406950878227,0.0,0.0007330382858379281,-6.981317007992427e-05,-1.7453292519231667e-05,0.0,0.0,0.005235987755982989,0.0,0.0,0.0,0.008726646259971648,-0.038397243543875255,0.0,0.0,0.0,0.0,0.0,0.0,0.0,0.0,0.012656337890625,-0.00843755859375,0.0,0.012656337890625,0.02531267578125,0.00843755859375,0.0,0.0039785302734375,0.0,0.0,0.0,0.0,0.0,0.0,0.0,0.0,0.0,0.0,0.0,0.0,0.0,0.0,0.0,0.0,0.0,0.0,0.0,0.0,0.0,0.0,0.0,0.0,0.0,0.0
0.211105797,0.0,6.981317007781485e-05,0.0003141592653586045,-0.011676252695841605,0.04411406950878227,0.0,0.0007330382858379281,-6.981317007992427e-05,-0.00040142572795787146,0.0,-0.008726646259971648,0.0,0.0,0.0,0.0,0.0,-0.03490658503988659,0.0,0.0,0.0,0.0,0.0,0.0,0.0,0.0,-0.029531455078125,0.029531455078125,0.004218779296875,0.0,0.0,-0.06750046875,0.0,0.0039785302734375,0.0,0.0,0.0,0.0,0.0,0.0,0.0,0.0,0.0,0.0,0.0,0.0,0.0,0.0,0.0,0.0,0.0,0.0,0.0,0.0,0.0,0.0,0.0,0.0,0.0,0.0
0.221237903,0.0,6.981317007781485e-05,0.0003141592653586045,-0.011676252695841605,0.04420133597138243,0.0,0.0007330382858379281,-6.981317007992427e-05,-0.00040142572795787146,0.0,0.0,0.0,0.017453292519943295,0.0,0.0,0.008726646259971648,0.0,0.0,0.0,0.0,0.0,0.0,0.0,0.0,0.0,-0.021093896484375,0.02531267578125,0.0,0.0,0.0168751171875,-0.06750046875,0.0,-0.0198926513671875,0.0,0.0,0.0,0.0,0.0,0.0,0.0,0.0,0.0,0.0,0.0,0.0,0.0,0.0,0.0,0.0,0.0,0.0,0.0,0.0,0.0,0.0,0.0,0.0,0.0,0.0
0.23123169600000001,0.0,6.981317007781485e-05,0.0003141592653586045,-0.01176351915844176,0.04420133597138243,0.0,0.0007330382858379281,-6.981317007992427e-05,-0.0002094395102387736,0.0,0.0,0.0,-0.012217304763960306,0.0,0.0,0.0,0.031415926535897934,0.0,0.0,0.0,0.0,0.0,0.0,0.0,0.0,-0.02531267578125,0.033750234375,0.0,-0.004218779296875,-0.00843755859375,0.0168751171875,-0.0039785302734375,0.007957060546875,0.0,0.0,0.0,0.0,0.0,0.0,0.0,0.0,0.0,0.0,0.0,0.0,0.0,0.0,0.0,0.0,0.0,0.0,0.0,0.0,0.0,0.0,0.0,0.0,0.0,0.0
0.241519367,0.0,6.981317007781485e-05,0.00022689280275933754,-0.011868238913562479,0.04400934975366333,0.0,0.0007330382858379281,-6.981317007992427e-05,0.00026179938779957723,0.0,0.0,0.0,0.0,0.0,0.0,0.0,0.05759586531581287,0.0,0.0,0.0,0.0,0.0,0.0,0.0,0.0,-0.021093896484375,0.029531455078125,0.0,0.0,0.0,0.0,0.0,0.007957060546875,0.0,0.0,0.0,0.0,0.0,0.0,0.0,0.0,0.0,0.0,0.0,0.0,0.0,0.0,0.0,0.0,0.0,0.0,0.0,0.0,0.0,0.0,0.0,0.0,0.0,0.0
0.25115564900000004,0.0,6.981317007781485e-05,0.00022689280275933754,-0.011868238913562479,0.043922083291062286,0.0,0.0007330382858379281,-6.981317007992427e-05,0.0005585053606389501,0.0,0.0,0.0,-0.027925268031909273,0.0,0.0,0.0,0.012217304763960306,0.0,0.0,0.0,0.0,0.0,0.0,0.0,0.0,-0.04218779296875,0.033750234375,0.0,-0.004218779296875,0.02531267578125,0.02531267578125,0.0,0.0039785302734375,0.0,0.0,0.0,0.0,0.0,0.0,0.0,0.0,0.0,0.0,0.0,0.0,0.0,0.0,0.0,0.0,0.0,0.0,0.0,0.0,0.0,0.0,0.0,0.0,0.0,0.0
0.260769013,0.0,6.981317007781485e-05,0.0003141592653586045,-0.011955505376161746,0.043817363535942455,0.0,0.0007330382858379281,-6.981317007992427e-05,0.0006457718232391052,0.0,0.0,0.0,0.0,0.0,0.0,0.0,-0.010471975511965978,0.0,0.0,0.0,0.0,0.0,0.0,0.0,0.0,0.00843755859375,-0.012656337890625,-0.004218779296875,0.0,-0.04218779296875,0.033750234375,0.0,0.0119355908203125,0.0,0.0,0.0,0.0,0.0,0.0,0.0,0.0,0.0,0.0,0.0,0.0,0.0,0.0,0.0,0.0,0.0,0.0,0.0,0.0,0.0,0.0,0.0,0.0,0.0,0.0
0.270825256,0.0,6.981317007781485e-05,0.0003141592653586045,-0.011868238913562479,0.04362537731822336,0.0,0.0007330382858379281,-6.981317007992427e-05,0.00036651914291896404,0.0,0.0,0.013962634015954637,-0.024434609527920613,0.0,0.0,0.0,-0.03490658503988659,0.0,0.0,0.0,0.0,0.0,0.0,0.0,0.0,0.021093896484375,-0.012656337890625,-0.00843755859375,-0.004218779296875,0.0,-0.06750046875,0.0,-0.0119355908203125,0.0,0.0,0.0,0.0,0.0,0.0,0.0,0.0,0.0,0.0,0.0,0.0,0.0,0.0,0.0,0.0,0.0,0.0,0.0,0.0,0.0,0.0,0.0,0.0,0.0,0.0
0.28090137800000003,0.0,6.981317007781485e-05,0.0003141592653586045,-0.01176351915844176,0.04353811085562409,0.0,0.0007330382858379281,-6.981317007992427e-05,-0.0001047197551193868,0.0,0.0,0.0,-0.008726646259971648,0.0,0.0,0.0,-0.05235987755982988,0.0,0.0,0.0,0.0,0.0,0.0,0.0,0.0,0.0168751171875,-0.012656337890625,0.0,-0.00843755859375,0.02531267578125,-0.05906291015625,0.0,-0.0119355908203125,0.0,0.0,0.0,0.0,0.0,0.0,0.0,0.0,0.0,0.0,0.0,0.0,0.0,0.0,0.0,0.0,0.0,0.0,0.0,0.0,0.0,0.0,0.0,0.0,0.0,0.0
0.290689064,0.0,6.981317007781485e-05,0.0003141592653586045,-0.01176351915844176,0.04353811085562409,0.0,0.0007330382858379281,-6.981317007992427e-05,-0.00029670597283848466,0.0,-0.017453292519943295,0.0,0.0,0.0,0.0,0.0,-0.017453292519943295,0.0,0.0,0.0,0.0,0.0,0.0,0.0,0.0,0.00843755859375,-0.012656337890625,0.004218779296875,0.0,0.0168751171875,0.033750234375,0.0,-0.0039785302734375,0.0,0.0,0.0,0.0,0.0,0.0,0.0,0.0,0.0,0.0,0.0,0.0,0.0,0.0,0.0,0.0,0.0,0.0,0.0,0.0,0.0,0.0,0.0,0.0,0.0,0.0
0.30253651200000004,0.0,6.981317007781485e-05,0.0003141592653586045,-0.01176351915844176,0.04353811085562409,0.0,0.0007330382858379281,-6.981317007992427e-05,-0.00040142572795787146,0.0,0.0,0.0,0.0,0.0,0.0,0.0,0.0,0.0,0.0,0.0,0.0,0.0,0.0,0.0,0.0,0.0168751171875,-0.012656337890625,0.0,0.0,0.00843755859375,-0.07593802734375,0.0,-0.01591412109375,0.0,0.0,0.0,0.0,0.0,0.0,0.0,0.0,0.0,0.0,0.0,0.0,0.0,0.0,0.0,0.0,0.0,0.0,0.0,0.0,0.0,0.0,0.0,0.0,0.0,0.0
0.310954363,0.0,6.981317007781485e-05,0.00022689280275933754,-0.011868238913562479,0.04343339110050426,0.0,0.0007330382858379281,-6.981317007992427e-05,-0.0002094395102387736,0.0,0.0,-0.013962634015954637,-0.027925268031909273,0.0,0.0,-0.010471975511965978,0.017453292519943295,0.0,0.0,0.0,0.0,0.0,0.0,0.0,0.0,0.0168751171875,-0.012656337890625,-0.004218779296875,0.0,0.0,0.02531267578125,0.0,-0.0198926513671875,0.0,0.0,0.0,0.0,0.0,0.0,0.0,0.0,0.0,0.0,0.0,0.0,0.0,0.0,0.0,0.0,0.0,0.0,0.0,0.0,0.0,0.0,0.0,0.0,0.0,0.0
0.320795537,0.0,6.981317007781485e-05,0.00022689280275933754,-0.011868238913562479,0.043154138420185895,0.0,0.0007330382858379281,-0.0001570796326796492,0.00026179938779957723,0.0,0.0,0.0,-0.013962634015954637,0.0,0.0,0.0,0.038397243543875255,0.0,0.0,0.0,0.0,0.0,0.0,0.0,0.0,0.0168751171875,-0.012656337890625,-0.00843755859375,-0.004218779296875,0.0,0.0506253515625,0.0,-0.01591412109375,0.0,0.0,0.0,0.0,0.0,0.0,0.0,0.0,0.0,0.0,0.0,0.0,0.0,0.0,0.0,0.0,0.0,0.0,0.0,0.0,0.0,0.0,0.0,0.0,0.0,0.0
0.331239412,0.0,6.981317007781485e-05,0.00022689280275933754,-0.011868238913562479,0.04285743244734608,0.0,0.0007330382858379281,-0.0001570796326796492,0.0005585053606389501,0.0,0.0,0.0,-0.03490658503988659,0.0,0.0,0.0,0.013962634015954637,0.0,0.0,0.0,0.0,0.0,0.0,0.0,0.0,0.021093896484375,-0.012656337890625,-0.00843755859375,-0.012656337890625,0.0168751171875,-0.05906291015625,0.0,-0.0198926513671875,0.0,0.0,0.0,0.0,0.0,0.0,0.0,0.0,0.0,0.0,0.0,0.0,0.0,0.0,0.0,0.0,0.0,0.0,0.0,0.0,0.0,0.0,0.0,0.0,0.0,0.0
0.341169027,0.0,6.981317007781485e-05,0.00022689280275933754,-0.011868238913562479,0.04268289952214577,0.0,0.0007330382858379281,-6.981317007992427e-05,0.0005585053606389501,0.0,0.003490658503988659,0.0,-0.029670597283903605,0.0,0.0,0.0,-0.015707963267948967,0.0,0.0,0.0,0.0,0.0,0.0,0.0,0.0,0.021093896484375,-0.0168751171875,0.004218779296875,-0.012656337890625,-0.00843755859375,0.033750234375,0.0,0.0039785302734375,0.0,0.0,0.0,0.0,0.0,0.0,0.0,0.0,0.0,0.0,0.0,0.0,0.0,0.0,0.0,0.0,0.0,0.0,0.0,0.0,0.0,0.0,0.0,0.0,0.0,0.0
0.350699391,0.0,6.981317007781485e-05,0.00022689280275933754,-0.01176351915844176,0.04238619354930684,0.0,0.0007330382858379281,-6.981317007992427e-05,0.00026179938779957723,0.0,0.008726646259971648,0.006981317007977318,-0.015707963267948967,0.0,0.0,0.0,-0.03316125578789226,0.0,0.0,0.0,0.0,0.0,0.0,0.0,0.0,0.021093896484375,-0.00843755859375,0.004218779296875,0.021093896484375,0.0,0.0168751171875,0.0,0.007957060546875,0.0,0.0,0.0,0.0,0.0,0.0,0.0,0.0,0.0,0.0,0.0,0.0,0.0,0.0,0.0,0.0,0.0,0.0,0.0,0.0,0.0,0.0,0.0,0.0,0.0,0.0
0.36094500100000004,0.0,6.981317007781485e-05,0.00022689280275933754,-0.011676252695841605,0.04210694086898936,0.0,0.0007330382858379281,-6.981317007992427e-05,-0.0001047197551193868,0.0,0.0,0.0,-0.027925268031909273,0.0,0.0,0.0,-0.022689280275926284,0.0,0.0,0.0,0.0,0.0,0.0,0.0,0.0,0.021093896484375,-0.0168751171875,0.0,-0.004218779296875,-0.00843755859375,0.02531267578125,0.0,0.0039785302734375,0.0,0.0,0.0,0.0,0.0,0.0,0.0,0.0,0.0,0.0,0.0,0.0,0.0,0.0,0.0,0.0,0.0,0.0,0.0,0.0,0.0,0.0,0.0,0.0,0.0,0.0
0.37088377100000003,0.0,6.981317007781485e-05,0.00022689280275933754,-0.011571532940722662,0.04200222111386864,0.0,0.0007330382858379281,-6.981317007992427e-05,-0.00040142572795787146,0.0,-0.005235987755982989,0.0,-0.013962634015954637,0.0,0.0,0.015707963267948967,-0.005235987755982989,0.0,0.0,0.0,0.0,0.0,0.0,0.0,0.0,0.021093896484375,-0.0168751171875,0.0,-0.004218779296875,-0.00843755859375,0.0506253515625,0.0039785302734375,0.0039785302734375,0.0,0.0,0.0,0.0,0.0,0.0,0.0,0.0,0.0,0.0,0.0,0.0,0.0,0.0,0.0,0.0,0.0,0.0,0.0,0.0,0.0,0.0,0.0,0.0,0.0,0.0
0.381135559,0.0,6.981317007781485e-05,0.00012217304763950665,-0.011676252695841605,0.04210694086898936,0.0,0.0007330382858379281,-6.981317007992427e-05,-0.00029670597283848466,0.0,-0.003490658503988659,-0.0017453292519943296,0.0,0.0,0.0,0.0,0.0,0.0,0.0,0.0,0.0,0.0,0.0,0.0,0.0,0.012656337890625,-0.0168751171875,0.0,-0.004218779296875,0.0,0.0168751171875,0.0039785302734375,0.007957060546875,0.0,0.0,0.0,0.0,0.0,0.0,0.0,0.0,0.0,0.0,0.0,0.0,0.0,0.0,0.0,0.0,0.0,0.0,0.0,0.0,0.0,0.0,0.0,0.0,0.0,0.0
0.39076137400000005,0.0,6.981317007781485e-05,3.490658504023969e-05,-0.01176351915844176,0.041914954651269376,0.0,0.0007330382858379281,-6.981317007992427e-05,-0.0002094395102387736,0.0,0.0,-0.006981317007977318,-0.04014257279586959,0.0,0.0,-0.008726646259971648,0.008726646259971648,0.0,0.0,0.0,0.0,0.0,0.0,0.0,0.0,0.021093896484375,-0.0168751171875,-0.004218779296875,-0.004218779296875,0.0,0.0,0.0,0.0039785302734375,0.0,0.0,0.0,0.0,0.0,0.0,0.0,0.0,0.0,0.0,0.0,0.0,0.0,0.0,0.0,0.0,0.0,0.0,0.0,0.0,0.0,0.0,0.0,0.0,0.0,0.0
0.40268132300000004,0.0,6.981317007781485e-05,3.490658504023969e-05,-0.011868238913562479,0.04161824867843045,0.0,0.0007330382858379281,-0.0001570796326796492,0.00017453292519986618,0.0,0.0,-0.0017453292519943296,0.0,0.0,0.0,0.0,0.047123889803846894,0.0,0.0,0.0,0.0,0.0,0.0,0.0,0.0,0.00843755859375,-0.012656337890625,-0.004218779296875,-0.004218779296875,-0.04218779296875,0.02531267578125,0.0039785302734375,0.0,0.0,0.0,0.0,0.0,0.0,0.0,0.0,0.0,0.0,0.0,0.0,0.0,0.0,0.0,0.0,0.0,0.0,0.0,0.0,0.0,0.0,0.0,0.0,0.0,0.0,0.0
0.411049304,0.0,6.981317007781485e-05,3.490658504023969e-05,-0.011868238913562479,0.04153098221583029,0.0,0.0007330382858379281,-0.0001570796326796492,0.00045378560551911917,0.0,0.0,0.0,-0.03490658503988659,0.0,0.0,0.0,0.0,0.0,0.0,0.0,0.0,0.0,0.0,0.0,0.0,0.021093896484375,-0.012656337890625,-0.004218779296875,-0.004218779296875,0.0,0.02531267578125,0.0,0.01591412109375,0.0,0.0,0.0,0.0,0.0,0.0,0.0,0.0,0.0,0.0,0.0,0.0,0.0,0.0,0.0,0.0,0.0,0.0,0.0,0.0,0.0,0.0,0.0,0.0,0.0,0.0
0.420772491,0.0,6.981317007781485e-05,3.490658504023969e-05,-0.011868238913562479,0.041338995998110306,0.0,0.0007330382858379281,-6.981317007992427e-05,0.00045378560551911917,0.0,0.0,0.0,-0.012217304763960306,0.0,0.0,0.0,-0.038397243543875255,0.0,0.0,0.0,0.0,0.0,0.0,0.0,0.0,0.00843755859375,-0.0168751171875,0.004218779296875,-0.004218779296875,0.0168751171875,0.033750234375,0.0,0.007957060546875,0.0,0.0,0.0,0.0,0.0,0.0,0.0,0.0,0.0,0.0,0.0,0.0,0.0,0.0,0.0,0.0,0.0,0.0,0.0,0.0,0.0,0.0,0.0,0.0,0.0,0.0
0.430737957,0.0,6.981317007781485e-05,3.490658504023969e-05,-0.011868238913562479,0.04095502356267211,0.0,0.0007330382858379281,-6.981317007992427e-05,0.00026179938779957723,0.0,0.0,0.013962634015954637,-0.03665191429188092,0.0,0.0,0.0,-0.054105206811824215,0.0,0.0,0.0,0.0,0.0,0.0,0.0,0.0,0.00843755859375,-0.00843755859375,-0.00843755859375,0.02531267578125,0.0168751171875,0.02531267578125,0.0,0.0119355908203125,0.0,0.0,0.0,0.0,0.0,0.0,0.0,0.0,0.0,0.0,0.0,0.0,0.0,0.0,0.0,0.0,0.0,0.0,0.0,0.0,0.0,0.0,0.0,0.0,0.0,0.0
0.44104752100000005,0.0,6.981317007781485e-05,3.490658504023969e-05,-0.01176351915844176,0.0407630373449539,0.0,0.0007330382858379281,-6.981317007992427e-05,-0.0001047197551193868,0.0,0.0,0.0,0.0,0.0,0.0,0.0,-0.04188790204786391,0.0,0.0,0.0,0.0,0.0,0.0,0.0,0.0,0.012656337890625,-0.0168751171875,0.0,-0.004218779296875,0.02531267578125,0.0168751171875,-0.0039785302734375,0.0039785302734375,0.0,0.0,0.0,0.0,0.0,0.0,0.0,0.0,0.0,0.0,0.0,0.0,0.0,0.0,0.0,0.0,0.0,0.0,0.0,0.0,0.0,0.0,0.0,0.0,0.0,0.0
0.45082445200000004,0.0,6.981317007781485e-05,-5.235987755902727e-05,-0.01176351915844176,0.0407630373449539,0.0,0.0007330382858379281,-6.981317007992427e-05,-0.00029670597283848466,0.0,-0.008726646259971648,0.0,0.0,0.0,0.0,0.008726646259971648,-0.017453292519943295,0.0,0.0,0.0,0.0,0.0,0.0,0.0,0.0,0.00843755859375,-0.0168751171875,-0.00843755859375,0.029531455078125,0.0,0.0168751171875,0.0,0.0039785302734375,0.0,0.0,0.0,0.0,0.0,0.0,0.0,0.0,0.0,0.0,0.0,0.0,0.0,0.0,0.0,0.0,0.0,0.0,0.0,0.0,0.0,0.0,0.0,0.0,0.0,0.0
0.460786493,0.0,6.981317007781485e-05,-5.235987755902727e-05,-0.011868238913562479,0.0407630373449539,0.0,0.0007330382858379281,-6.981317007992427e-05,-0.00029670597283848466,0.0,-0.012217304763960306,0.0,-0.008726646259971648,0.0,0.0,0.0,0.0,0.0,0.0,0.0,0.0,0.0,0.0,0.0,0.0,0.00843755859375,-0.021093896484375,0.004218779296875,-0.012656337890625,0.0,0.00843755859375,0.0039785302734375,0.0,0.0,0.0,0.0,0.0,0.0,0.0,0.0,0.0,0.0,0.0,0.0,0.0,0.0,0.0,0.0,0.0,0.0,0.0,0.0,0.0,0.0,0.0,0.0,0.0,0.0,0.0
0.47078649600000005,0.0,6.981317007781485e-05,-0.00015707963267974634,-0.011955505376161746,0.040571051127233915,0.0,0.0007330382858379281,-6.981317007992427e-05,-0.0002094395102387736,0.0,-0.0017453292519943296,-0.015707963267948967,-0.03665191429188092,0.0,0.0,-0.017453292519943295,0.02617993877991494,0.0,0.0,0.0,0.0,0.0,0.0,0.0,0.0,0.012656337890625,-0.012656337890625,-0.004218779296875,0.029531455078125,-0.00843755859375,0.02531267578125,0.0,0.0039785302734375,0.0,0.0,0.0,0.0,0.0,0.0,0.0,0.0,0.0,0.0,0.0,0.0,0.0,0.0,0.0,0.0,0.0,0.0,0.0,0.0,0.0,0.0,0.0,0.0,0.0,0.0
0.48119749800000006,0.0,6.981317007781485e-05,-0.00015707963267974634,-0.012147491593880844,0.04037906490951393,0.0,0.0007330382858379281,-0.0001570796326796492,0.00017453292519986618,0.0,0.0,-0.008726646259971648,0.0017453292519943296,0.0,0.0,0.0,0.04188790204786391,0.0,0.0,0.0,0.0,0.0,0.0,0.0,0.0,0.00843755859375,-0.021093896484375,0.0,-0.0168751171875,0.0,0.05906291015625,0.0,0.0039785302734375,0.0,0.0,0.0,0.0,0.0,0.0,0.0,0.0,0.0,0.0,0.0,0.0,0.0,0.0,0.0,0.0,0.0,0.0,0.0,0.0,0.0,0.0,0.0,0.0,0.0,0.0
0.49117263000000005,0.0,6.981317007781485e-05,-0.00015707963267974634,-0.012252211349000675,0.04037906490951393,0.0,0.0007330382858379281,-0.0001570796326796492,0.00045378560551911917,0.0,0.0,0.0,-0.022689280275926284,0.0,0.0,0.008726646259971648,0.012217304763960306,0.0,0.0,0.0,0.0,0.0,0.0,0.0,0.0,0.012656337890625,-0.0168751171875,-0.004218779296875,-0.012656337890625,0.0168751171875,-0.06750046875,0.0,0.0,0.0,0.0,0.0,0.0,0.0,0.0,0.0,0.0,0.0,0.0,0.0,0.0,0.0,0.0,0.0,0.0,0.0,0.0,0.0,0.0,0.0,0.0,0.0,0.0,0.0,0.0
0.502504857,0.0,6.981317007781485e-05,-0.00015707963267974634,-0.012252211349000675,0.04018707869179483,0.0,0.0007330382858379281,-6.981317007992427e-05,0.00036651914291896404,0.0,0.008726646259971648,0.0,-0.02617993877991494,0.0,0.0,0.0,-0.05585053606381855,0.0,0.0,0.0,0.0,0.0,0.0,0.0,0.0,0.00843755859375,-0.012656337890625,0.004218779296875,0.033750234375,0.033750234375,0.0,0.0,-0.0119355908203125,0.0,0.0,0.0,0.0,0.0,0.0,0.0,0.0,0.0,0.0,0.0,0.0,0.0,0.0,0.0,0.0,0.0,0.0,0.0,0.0,0.0,0.0,0.0,0.0,0.0,0.0
0.51121076,0.0,6.981317007781485e-05,-0.00015707963267974634,-0.012252211349000675,0.04008235893667411,0.0,0.0007330382858379281,-6.981317007992427e-05,0.00026179938779957723,0.0,0.0,0.0017453292519943296,-0.003490658503988659,0.0,0.0,0.0,-0.04014257279586959,0.0,0.0,0.0,0.0,0.0,0.0,0.0,0.0,0.012656337890625,0.0,-0.004218779296875,-0.00843755859375,-0.04218779296875,0.02531267578125,0.0,0.0,0.0,0.0,0.0,0.0,0.0,0.0,0.0,0.0,0.0,0.0,0.0,0.0,0.0,0.0,0.0,0.0,0.0,0.0,0.0,0.0,0.0,0.0,0.0,0.0,0.0,0.0
0.5211583320000001,0.0,6.981317007781485e-05,-0.00015707963267974634,-0.012147491593880844,0.0398903727189559,0.0,0.0007330382858379281,-6.981317007992427e-05,-0.0001047197551193868,0.0,0.0,0.0,0.0,0.0,0.0,0.0,-0.027925268031909273,0.0,0.0,0.0,0.0,0.0,0.0,0.0,0.0,0.004218779296875,-0.0168751171875,-0.00843755859375,0.029531455078125,-0.033750234375,0.00843755859375,0.0,0.0039785302734375,0.0,0.0,0.0,0.0,0.0,0.0,0.0,0.0,0.0,0.0,0.0,0.0,0.0,0.0,0.0,0.0,0.0,0.0,0.0,0.0,0.0,0.0,0.0,0.0,0.0,0.0
0.5312663980000001,0.0,6.981317007781485e-05,-0.0002443460952790133,-0.012147491593880844,0.0398903727189559,0.0,0.0007330382858379281,-6.981317007992427e-05,-0.00029670597283848466,0.0,-0.010471975511965978,0.0,0.0,0.0,0.0,0.006981317007977318,0.0,0.0,0.0,0.0,0.0,0.0,0.0,0.0,0.0,0.012656337890625,-0.00843755859375,-0.00843755859375,-0.0168751171875,-0.033750234375,0.0168751171875,0.0,-0.01591412109375,0.0,0.0,0.0,0.0,0.0,0.0,0.0,0.0,0.0,0.0,0.0,0.0,0.0,0.0,0.0,0.0,0.0,0.0,0.0,0.0,0.0,0.0,0.0,0.0,0.0,0.0
0.5409838880000001,0.0,6.981317007781485e-05,-0.0003490658503988442,-0.012252211349000675,0.0398903727189559,0.0,0.0007330382858379281,-6.981317007992427e-05,-0.00029670597283848466,0.0,-0.017453292519943295,-0.006981317007977318,0.0,0.0,0.0,0.0,0.0,0.0,0.0,0.0,0.0,0.0,0.0,0.0,0.0,0.004218779296875,-0.012656337890625,-0.004218779296875,-0.004218779296875,-0.04218779296875,0.02531267578125,-0.0039785302734375,-0.0039785302734375,0.0,0.0,0.0,0.0,0.0,0.0,0.0,0.0,0.0,0.0,0.0,0.0,0.0,0.0,0.0,0.0,0.0,0.0,0.0,0.0,0.0,0.0,0.0,0.0,0.0,0.0
0.5507352440000001,0.0,6.981317007781485e-05,-0.0003490658503988442,-0.012339477811599942,0.039803106256356635,0.0,0.0007330382858379281,-6.981317007992427e-05,-0.0001047197551193868,0.0,-0.017453292519943295,-0.013962634015954637,-0.04363323129985824,0.0,0.0,-0.010471975511965978,0.031415926535897934,0.0,0.0,0.0,0.0,0.0,0.0,0.0,0.0,0.012656337890625,-0.0168751171875,-0.004218779296875,0.029531455078125,-0.02531267578125,0.00843755859375,0.0,-0.01591412109375,0.0,0.0,0.0,0.0,0.0,0.0,0.0,0.0,0.0,0.0,0.0,0.0,0.0,0.0,0.0,0.0,0.0,0.0,0.0,0.0,0.0,0.0,0.0,0.0,0.0,0.0
0.5609220850000001,0.0,6.981317007781485e-05,-0.0003490658503988442,-0.012444197566719772,0.03961112003863665,0.0,0.0007330382858379281,-0.0001570796326796492,0.00036651914291896404,0.0,0.0,-0.005235987755982989,0.008726646259971648,0.0,0.0,0.0,0.061086523819801536,0.0,0.0,0.0,0.0,0.0,0.0,0.0,0.0,0.00843755859375,-0.012656337890625,0.0,-0.00843755859375,-0.04218779296875,0.0168751171875,0.0,0.007957060546875,0.0,0.0,0.0,0.0,0.0,0.0,0.0,0.0,0.0,0.0,0.0,0.0,0.0,0.0,0.0,0.0,0.0,0.0,0.0,0.0,0.0,0.0,0.0,0.0,0.0,0.0
0.571081462,0.0,6.981317007781485e-05,-0.00043633231299811115,-0.012444197566719772,0.03961112003863665,0.0,0.0007330382858379281,-0.0001570796326796492,0.0005585053606389501,0.0,0.0,0.0,0.0,0.0,0.0,0.0,0.024434609527920613,0.0,0.0,0.0,0.0,0.0,0.0,0.0,0.0,0.012656337890625,-0.021093896484375,-0.004218779296875,0.02531267578125,-0.00843755859375,-0.00843755859375,0.0,0.0119355908203125,0.0,0.0,0.0,0.0,0.0,0.0,0.0,0.0,0.0,0.0,0.0,0.0,0.0,0.0,0.0,0.0,0.0,0.0,0.0,0.0,0.0,0.0,0.0,0.0,0.0,0.0
0.580706798,0.0,6.981317007781485e-05,-0.0003490658503988442,-0.012444197566719772,0.039506400283517706,0.0,0.0007330382858379281,-6.981317007992427e-05,0.00045378560551911917,0.0,0.0,0.0,-0.027925268031909273,0.0,0.0,0.0,-0.04188790204786391,0.0,0.0,0.0,0.0,0.0,0.0,0.0,0.0,0.004218779296875,-0.021093896484375,0.0,0.029531455078125,0.033750234375,0.00843755859375,0.0,-0.007957060546875,0.0,0.0,0.0,0.0,0.0,0.0,0.0,0.0,0.0,0.0,0.0,0.0,0.0,0.0,0.0,0.0,0.0,0.0,0.0,0.0,0.0,0.0,0.0,0.0,0.0,0.0
0.5907882,0.0,6.981317007781485e-05,-0.0003490658503988442,-0.012339477811599942,0.03931441406579772,0.0,0.0007330382858379281,-6.981317007992427e-05,0.00017453292519986618,0.0,0.0,0.027925268031909273,-0.012217304763960306,0.0,0.0,0.0,-0.05585053606381855,0.0,0.0,0.0,0.0,0.0,0.0,0.0,0.0,0.012656337890625,0.0,-0.00843755859375,-0.00843755859375,0.0,0.0168751171875,0.0,0.01591412109375,0.0,0.0,0.0,0.0,0.0,0.0,0.0,0.0,0.0,0.0,0.0,0.0,0.0,0.0,0.0,0.0,0.0,0.0,0.0,0.0,0.0,0.0,0.0,0.0,0.0,0.0
0.6024928230000001,0.0,6.981317007781485e-05,-0.0003490658503988442,-0.012252211349000675,0.03912242784807862,0.0,0.0007330382858379281,-6.981317007992427e-05,-0.0002094395102387736,0.0,0.0,0.0,0.0,0.0,0.0,0.0,-0.04363323129985824,0.0,0.0,0.0,0.0,0.0,0.0,0.0,0.0,0.0168751171875,-0.00843755859375,0.0,-0.004218779296875,-0.033750234375,0.0168751171875,0.0,0.0039785302734375,0.0,0.0,0.0,0.0,0.0,0.0,0.0,0.0,0.0,0.0,0.0,0.0,0.0,0.0,0.0,0.0,0.0,0.0,0.0,0.0,0.0,0.0,0.0,0.0,0.0,0.0
0.61106243,0.0,6.981317007781485e-05,-0.0003490658503988442,-0.012147491593880844,0.03912242784807862,0.0,0.0007330382858379281,-6.981317007992427e-05,-0.00029670597283848466,0.0,0.0,0.0,0.0,0.0,0.0,0.0,-0.008726646259971648,0.0,0.0,0.0,0.0,0.0,0.0,0.0,0.0,0.00843755859375,0.0,0.0,-0.012656337890625,0.033750234375,0.0168751171875,-0.0039785302734375,0.0039785302734375,0.0,0.0,0.0,0.0,0.0,0.0,0.0,0.0,0.0,0.0,0.0,0.0,0.0,0.0,0.0,0.0,0.0,0.0,0.0,0.0,0.0,0.0,0.0,0.0,0.0,0.0
0.6209093010000001,0.0,6.981317007781485e-05,-0.00043633231299811115,-0.012147491593880844,0.03912242784807862,0.0,0.0007330382858379281,-6.981317007992427e-05,-0.00040142572795787146,0.0,0.0,0.0,-0.008726646259971648,0.0,0.0,0.0,0.008726646259971648,0.0,0.0,0.0,0.0,0.0,0.0,0.0,0.0,0.00843755859375,-0.00843755859375,-0.004218779296875,0.033750234375,0.0,0.0168751171875,0.0,0.0,0.0,0.0,0.0,0.0,0.0,0.0,0.0,0.0,0.0,0.0,0.0,0.0,0.0,0.0,0.0,0.0,0.0,0.0,0.0,0.0,0.0,0.0,0.0,0.0,0.0,0.0
0.631106065,0.0,6.981317007781485e-05,-0.00043633231299811115,-0.012147491593880844,0.03903516138547758,0.0,0.0007330382858379281,-6.981317007992427e-05,-0.0001047197551193868,0.0,-0.008726646259971648,0.0,-0.027925268031909273,0.0,0.0,-0.017453292519943295,0.04188790204786391,0.0,0.0,0.0,0.0,0.0,0.0,0.0,0.0,0.00843755859375,-0.012656337890625,0.0,0.029531455078125,-0.04218779296875,0.00843755859375,0.0039785302734375,-0.0039785302734375,0.0,0.0,0.0,0.0,0.0,0.0,0.0,0.0,0.0,0.0,0.0,0.0,0.0,0.0,0.0,0.0,0.0,0.0,0.0,0.0,0.0,0.0,0.0,0.0,0.0,0.0
0.640920959,0.0,6.981317007781485e-05,-0.00043633231299811115,-0.012147491593880844,0.038930441630358636,0.0,0.0007330382858379281,-0.0001570796326796492,0.00017453292519986618,0.0,0.008726646259971648,0.0,-0.017453292519943295,0.0,0.0,0.0,0.010471975511965978,0.0,0.0,0.0,0.0,0.0,0.0,0.0,0.0,0.004218779296875,-0.0168751171875,0.004218779296875,-0.004218779296875,0.033750234375,0.033750234375,0.0,-0.01591412109375,0.0,0.0,0.0,0.0,0.0,0.0,0.0,0.0,0.0,0.0,0.0,0.0,0.0,0.0,0.0,0.0,0.0,0.0,0.0,0.0,0.0,0.0,0.0,0.0,0.0,0.0
0.65064069,0.0,6.981317007781485e-05,-0.00043633231299811115,-0.012147491593880844,0.038930441630358636,0.0,0.0007330382858379281,-6.981317007992427e-05,0.0005585053606389501,0.0,0.006981317007977318,0.0,0.0,0.0,0.0,0.008726646259971648,0.008726646259971648,0.0,0.0,0.0,0.0,0.0,0.0,0.0,0.0,0.004218779296875,0.0,-0.004218779296875,-0.021093896484375,-0.033750234375,0.0168751171875,0.0,0.0119355908203125,0.0,0.0,0.0,0.0,0.0,0.0,0.0,0.0,0.0,0.0,0.0,0.0,0.0,0.0,0.0,0.0,0.0,0.0,0.0,0.0,0.0,0.0,0.0,0.0,0.0,0.0
0.661069777,0.0,6.981317007781485e-05,-0.0003490658503988442,-0.012252211349000675,0.03884317516775937,0.0,0.0007330382858379281,-6.981317007992427e-05,0.00036651914291896404,0.0,0.0,0.0,-0.015707963267948967,0.0,0.0,0.0,-0.024434609527920613,0.0,0.0,0.0,0.0,0.0,0.0,0.0,0.0,0.00843755859375,-0.0168751171875,-0.004218779296875,0.033750234375,-0.04218779296875,-0.06750046875,0.0039785302734375,0.0119355908203125,0.0,0.0,0.0,0.0,0.0,0.0,0.0,0.0,0.0,0.0,0.0,0.0,0.0,0.0,0.0,0.0,0.0,0.0,0.0,0.0,0.0,0.0,0.0,0.0,0.0,0.0
0.6709358860000001,0.0,6.981317007781485e-05,-0.0003490658503988442,-0.012147491593880844,0.03884317516775937,0.0,0.0007330382858379281,-6.981317007992427e-05,6.981317008047938e-05,0.0,0.0,0.012217304763960306,-0.003490658503988659,0.0,0.0,0.0,-0.07853981633974483,0.0,0.0,0.0,0.0,0.0,0.0,0.0,0.0,0.00843755859375,-0.00843755859375,0.004218779296875,-0.012656337890625,-0.00843755859375,0.00843755859375,0.0,-0.007957060546875,0.0,0.0,0.0,0.0,0.0,0.0,0.0,0.0,0.0,0.0,0.0,0.0,0.0,0.0,0.0,0.0,0.0,0.0,0.0,0.0,0.0,0.0,0.0,0.0,0.0,0.0
0.681223044,0.0,6.981317007781485e-05,-0.0003490658503988442,-0.012060225131281577,0.03873845541263865,0.0,0.0007330382858379281,-6.981317007992427e-05,-0.00029670597283848466,0.0,0.0,0.017453292519943295,0.0,0.0,0.0,0.0,-0.05934119456780721,0.0,0.0,0.0,0.0,0.0,0.0,0.0,0.0,0.00843755859375,-0.0168751171875,-0.004218779296875,0.029531455078125,-0.033750234375,0.00843755859375,0.0,-0.0198926513671875,0.0,0.0,0.0,0.0,0.0,0.0,0.0,0.0,0.0,0.0,0.0,0.0,0.0,0.0,0.0,0.0,0.0,0.0,0.0,0.0,0.0,0.0,0.0,0.0,0.0,0.0
0.690958171,0.0,6.981317007781485e-05,-0.0003490658503988442,-0.011955505376161746,0.03884317516775937,0.0,0.0007330382858379281,-6.981317007992427e-05,-0.00040142572795787146,0.0,0.0,0.0,0.029670597283903605,0.0,0.0,0.0,0.0,0.0,0.0,0.0,0.0,0.0,0.0,0.0,0.0,0.004218779296875,-0.00843755859375,0.0,0.02531267578125,0.0168751171875,0.00843755859375,0.0,0.0,0.0,0.0,0.0,0.0,0.0,0.0,0.0,0.0,0.0,0.0,0.0,0.0,0.0,0.0,0.0,0.0,0.0,0.0,0.0,0.0,0.0,0.0,0.0,0.0,0.0,0.0
0.702547496,0.0,6.981317007781485e-05,-0.0003490658503988442,-0.011955505376161746,0.038930441630358636,0.0,0.0007330382858379281,-6.981317007992427e-05,-0.00040142572795787146,0.0,0.0,0.0,0.0,0.0,0.0,0.0,0.04537856055185257,0.0,0.0,0.0,0.0,0.0,0.0,0.0,0.0,0.012656337890625,-0.0168751171875,0.004218779296875,0.0,0.033750234375,0.02531267578125,0.0,-0.01591412109375,0.0,0.0,0.0,0.0,0.0,0.0,0.0,0.0,0.0,0.0,0.0,0.0,0.0,0.0,0.0,0.0,0.0,0.0,0.0,0.0,0.0,0.0,0.0,0.0,0.0,0.0
0.71119431,0.0,6.981317007781485e-05,-0.0003490658503988442,-0.011955505376161746,0.03873845541263865,0.0,0.0007330382858379281,-6.981317007992427e-05,-0.0001047197551193868,0.0,0.0,0.0,0.0,0.0,0.0,0.0,0.038397243543875255,0.0,0.0,0.0,0.0,0.0,0.0,0.0,0.0,0.0,-0.00843755859375,0.0,0.0,-0.00843755859375,0.02531267578125,0.0,-0.0039785302734375,0.0,0.0,0.0,0.0,0.0,0.0,0.0,0.0,0.0,0.0,0.0,0.0,0.0,0.0,0.0,0.0,0.0,0.0,0.0,0.0,0.0,0.0,0.0,0.0,0.0,0.0
0.720929978,0.0,6.981317007781485e-05,-0.0003490658503988442,-0.011955505376161746,0.03873845541263865,0.0,0.0007330382858379281,-6.981317007992427e-05,0.00026179938779957723,0.0,0.008726646259971648,0.0,0.0,0.0,0.0,0.0,0.07853981633974483,0.0,0.0,0.0,0.0,0.0,0.0,0.0,0.0,0.00843755859375,-0.012656337890625,0.004218779296875,0.033750234375,-0.033750234375,0.00843755859375,0.0,0.0,0.0,0.0,0.0,0.0,0.0,0.0,0.0,0.0,0.0,0.0,0.0,0.0,0.0,0.0,0.0,0.0,0.0,0.0,0.0,0.0,0.0,0.0,0.0,0.0,0.0,0.0
0.731190913,0.0,6.981317007781485e-05,-0.0002443460952790133,-0.011955505376161746,0.03873845541263865,0.0,0.0007330382858379281,-6.981317007992427e-05,0.00045378560551911917,0.0,0.0,0.0,0.0,0.0,0.0,0.0,0.008726646259971648,0.0,0.0,0.0,0.0,0.0,0.0,0.0,0.0,0.012656337890625,0.0,0.004218779296875,0.033750234375,-0.033750234375,0.0168751171875,0.0,0.0,0.0,0.0,0.0,0.0,0.0,0.0,0.0,0.0,0.0,0.0,0.0,0.0,0.0,0.0,0.0,0.0,0.0,0.0,0.0,0.0,0.0,0.0,0.0,0.0,0.0,0.0
0.7413894940000001,0.0,6.981317007781485e-05,-0.0002443460952790133,-0.011955505376161746,0.03873845541263865,0.0,0.0007330382858379281,-6.981317007992427e-05,0.00036651914291896404,0.0,0.0,0.0,0.0,0.0,0.0,0.008726646259971648,-0.006981317007977318,0.0,0.0,0.0,0.0,0.0,0.0,0.0,0.0,-0.04218779296875,0.02531267578125,0.0,-0.012656337890625,0.0,0.033750234375,0.0039785302734375,-0.0119355908203125,0.0,0.0,0.0,0.0,0.0,0.0,0.0,0.0,0.0,0.0,0.0,0.0,0.0,0.0,0.0,0.0,0.0,0.0,0.0,0.0,0.0,0.0,0.0,0.0,0.0,0.0
0.7509308020000001,0.0,6.981317007781485e-05,-0.0002443460952790133,-0.011955505376161746,0.038651188950039383,0.0,0.0007330382858379281,-6.981317007992427e-05,-1.7453292519231667e-05,0.0,0.0,0.015707963267948967,-0.020943951023931956,0.0,0.0,0.0,-0.05585053606381855,0.0,0.0,0.0,0.0,0.0,0.0,0.0,0.0,0.00843755859375,-0.00843755859375,0.0,-0.012656337890625,0.0,-0.06750046875,0.0039785302734375,-0.01591412109375,0.0,0.0,0.0,0.0,0.0,0.0,0.0,0.0,0.0,0.0,0.0,0.0,0.0,0.0,0.0,0.0,0.0,0.0,0.0,0.0,0.0,0.0,0.0,0.0,0.0,0.0
0.760952182,0.0,6.981317007781485e-05,-0.0002443460952790133,-0.01176351915844176,0.038651188950039383,0.0,0.0007330382858379281,-6.981317007992427e-05,-0.0002094395102387736,0.0,0.0,0.017453292519943295,0.0,0.0,0.0,0.0,-0.031415926535897934,0.0,0.0,0.0,0.0,0.0,0.0,0.0,0.0,-0.021093896484375,0.037969013671875,0.004218779296875,0.0,0.0,0.04218779296875,0.0,0.007957060546875,0.0,0.0,0.0,0.0,0.0,0.0,0.0,0.0,0.0,0.0,0.0,0.0,0.0,0.0,0.0,0.0,0.0,0.0,0.0,0.0,0.0,0.0,0.0,0.0,0.0,0.0
0.7711434330000001,0.0,6.981317007781485e-05,-0.0002443460952790133,-0.01176351915844176,0.03884317516775937,0.0,0.0007330382858379281,-6.981317007992427e-05,-0.0002094395102387736,0.0,0.0,0.0,0.03665191429188092,0.0,0.006981317007977318,0.0,0.017453292519943295,0.0,0.0,0.0,0.0,0.0,0.0,0.0,0.0,0.004218779296875,0.0,0.004218779296875,0.033750234375,0.0,0.0168751171875,0.0,-0.0039785302734375,0.0,0.0,0.0,0.0,0.0,0.0,0.0,0.0,0.0,0.0,0.0,0.0,0.0,0.0,0.0,0.0,0.0,0.0,0.0,0.0,0.0,0.0,0.0,0.0,0.0,0.0
0.781043946,0.0,6.981317007781485e-05,-0.0002443460952790133,-0.01176351915844176,0.038651188950039383,0.0,0.0007330382858379281,-6.981317007992427e-05,-0.00040142572795787146,0.0,0.0,0.0,-0.010471975511965978,0.0,0.0,0.0,0.047123889803846894,0.0,0.0,0.0,0.0,0.0,0.0,0.0,0.0,0.004218779296875,0.0,0.004218779296875,0.033750234375,0.02531267578125,0.0168751171875,0.0,0.0,0.0,0.0,0.0,0.0,0.0,0.0,0.0,0.0,0.0,0.0,0.0,0.0,0.0,0.0,0.0,0.0,0.0,0.0,0.0,0.0,0.0,0.0,0.0,0.0,0.0,0.0
0.790960112,0.0,6.981317007781485e-05,-0.0002443460952790133,-0.01176351915844176,0.038651188950039383,0.0,0.0007330382858379281,-6.981317007992427e-05,-0.0002094395102387736,0.0,0.0,0.008726646259971648,0.0,0.0,0.0,0.0,0.024434609527920613,0.0,0.0,0.0,0.0,0.0,0.0,0.0,0.0,0.0,-0.00843755859375,0.004218779296875,-0.021093896484375,-0.02531267578125,0.0168751171875,0.0,0.0039785302734375,0.0,0.0,0.0,0.0,0.0,0.0,0.0,0.0,0.0,0.0,0.0,0.0,0.0,0.0,0.0,0.0,0.0,0.0,0.0,0.0,0.0,0.0,0.0,0.0,0.0,0.0
0.802474711,0.0,6.981317007781485e-05,-0.0002443460952790133,-0.011676252695841605,0.038651188950039383,0.0,0.0007330382858379281,-6.981317007992427e-05,6.981317008047938e-05,0.0,0.0,0.0,-0.038397243543875255,0.0,0.0,0.0,0.06457718232379019,0.0,0.0,0.0,0.0,0.0,0.0,0.0,0.0,0.004218779296875,-0.00843755859375,0.004218779296875,0.04218779296875,-0.033750234375,0.00843755859375,0.0,0.0,0.0,0.0,0.0,0.0,0.0,0.0,0.0,0.0,0.0,0.0,0.0,0.0,0.0,0.0,0.0,0.0,0.0,0.0,0.0,0.0,0.0,0.0,0.0,0.0,0.0,0.0
0.81104429,0.0,6.981317007781485e-05,-0.0002443460952790133,-0.011571532940722662,0.03854646919492044,0.0,0.0007330382858379281,-6.981317007992427e-05,0.00017453292519986618,0.0,0.008726646259971648,0.0,0.015707963267948967,0.0,0.0,0.0,0.0,0.0,0.0,0.0,0.0,0.0,0.0,0.0,0.0,-0.04218779296875,0.004218779296875,0.004218779296875,-0.02531267578125,0.0,-0.05906291015625,0.0039785302734375,0.0,0.0,0.0,0.0,0.0,0.0,0.0,0.0,0.0,0.0,0.0,0.0,0.0,0.0,0.0,0.0,0.0,0.0,0.0,0.0,0.0,0.0,0.0,0.0,0.0,0.0,0.0
0.82053019,0.0,6.981317007781485e-05,-0.0002443460952790133,-0.011571532940722662,0.03873845541263865,0.0,0.0007330382858379281,1.74532925197729e-05,0.00017453292519986618,0.0,0.0,0.0,0.0,0.0,0.0,0.0,0.0,0.0,0.0,0.0,0.0,0.0,0.0,0.0,0.0,-0.037969013671875,0.0,0.004218779296875,-0.012656337890625,0.02531267578125,0.0506253515625,0.0,0.0119355908203125,0.0,0.0,0.0,0.0,0.0,0.0,0.0,0.0,0.0,0.0,0.0,0.0,0.0,0.0,0.0,0.0,0.0,0.0,0.0,0.0,0.0,0.0,0.0,0.0,0.0,0.0
0.831008402,0.0,6.981317007781485e-05,-0.00015707963267974634,-0.011571532940722662,0.038651188950039383,0.0,0.0007330382858379281,1.74532925197729e-05,-1.7453292519231667e-05,0.0,0.0,0.0,0.0,0.0,0.0,0.0,0.0,0.0,0.0,0.0,0.0,0.0,0.0,0.0,0.0,-0.04218779296875,-0.012656337890625,0.0,-0.0168751171875,0.033750234375,0.00843755859375,0.0,0.007957060546875,0.0,0.0,0.0,0.0,0.0,0.0,0.0,0.0,0.0,0.0,0.0,0.0,0.0,0.0,0.0,0.0,0.0,0.0,0.0,0.0,0.0,0.0,0.0,0.0,0.0,0.0
0.841021843,0.0,6.981317007781485e-05,-0.00015707963267974634,-0.011571532940722662,0.03873845541263865,0.0,0.0007330382858379281,1.74532925197729e-05,-0.0002094395102387736,0.0,-0.010471975511965978,0.0,0.0,0.0,0.0,0.0,-0.019198621771937627,0.0,0.0,0.0,0.0,0.0,0.0,0.0,0.0,-0.04218779296875,0.0,0.004218779296875,-0.021093896484375,0.0,0.0168751171875,0.0,-0.01591412109375,0.0,0.0,0.0,0.0,0.0,0.0,0.0,0.0,0.0,0.0,0.0,0.0,0.0,0.0,0.0,0.0,0.0,0.0,0.0,0.0,0.0,0.0,0.0,0.0,0.0,0.0
0.851066749,0.0,6.981317007781485e-05,-0.00015707963267974634,-0.011571532940722662,0.03884317516775937,0.0,0.0007330382858379281,1.74532925197729e-05,-0.0002094395102387736,0.0,0.0,0.0,0.017453292519943295,0.0,0.0,0.0,0.0,0.0,0.0,0.0,0.0,0.0,0.0,0.0,0.0,-0.04218779296875,-0.00843755859375,0.004218779296875,-0.0168751171875,0.033750234375,-0.04218779296875,-0.0039785302734375,0.007957060546875,0.0,0.0,0.0,0.0,0.0,0.0,0.0,0.0,0.0,0.0,0.0,0.0,0.0,0.0,0.0,0.0,0.0,0.0,0.0,0.0,0.0,0.0,0.0,0.0,0.0,0.0
0.8609933820000001,0.0,6.981317007781485e-05,-0.0002443460952790133,-0.011571532940722662,0.03884317516775937,0.0,0.0007330382858379281,1.74532925197729e-05,-0.0002094395102387736,0.0,0.0,0.0,0.0,0.0,0.0,0.0,0.003490658503988659,0.0,0.0,0.0,0.0,0.0,0.0,0.0,0.0,-0.021093896484375,-0.012656337890625,0.0,-0.012656337890625,0.0,-0.06750046875,0.0,0.007957060546875,0.0,0.0,0.0,0.0,0.0,0.0,0.0,0.0,0.0,0.0,0.0,0.0,0.0,0.0,0.0,0.0,0.0,0.0,0.0,0.0,0.0,0.0,0.0,0.0,0.0,0.0
0.8712475310000001,0.0,6.981317007781485e-05,-0.0002443460952790133,-0.011676252695841605,0.03884317516775937,0.0,0.0007330382858379281,-6.981317007992427e-05,-1.7453292519231667e-05,0.0,0.0,0.0,0.003490658503988659,0.0,0.0,-0.017453292519943295,0.048869219055841226,0.0,0.0,0.0,0.0,0.0,0.0,0.0,0.0,0.0168751171875,-0.012656337890625,0.0,-0.004218779296875,0.0,0.0168751171875,0.0039785302734375,0.0039785302734375,0.0,0.0,0.0,0.0,0.0,0.0,0.0,0.0,0.0,0.0,0.0,0.0,0.0,0.0,0.0,0.0,0.0,0.0,0.0,0.0,0.0,0.0,0.0,0.0,0.0,0.0
0.881060979,0.0,6.981317007781485e-05,-0.0002443460952790133,-0.011676252695841605,0.03884317516775937,0.0,0.0007330382858379281,-6.981317007992427e-05,0.00017453292519986618,0.0,0.0,0.0,-0.017453292519943295,0.0,0.0,0.0,0.010471975511965978,0.0,0.0,0.0,0.0,0.0,0.0,0.0,0.0,0.0168751171875,-0.00843755859375,0.004218779296875,-0.021093896484375,0.02531267578125,0.0,-0.0039785302734375,0.0119355908203125,0.0,0.0,0.0,0.0,0.0,0.0,0.0,0.0,0.0,0.0,0.0,0.0,0.0,0.0,0.0,0.0,0.0,0.0,0.0,0.0,0.0,0.0,0.0,0.0,0.0,0.0
0.890816876,0.0,6.981317007781485e-05,-0.0002443460952790133,-0.011676252695841605,0.038930441630358636,0.0,0.0007330382858379281,-6.981317007992427e-05,0.00017453292519986618,0.0,0.0,0.0,0.017453292519943295,0.0,0.0,0.0,0.0,0.0,0.0,0.0,0.0,0.0,0.0,0.0,0.0,0.0168751171875,-0.00843755859375,0.004218779296875,-0.021093896484375,0.0,-0.06750046875,0.0,0.0119355908203125,0.0,0.0,0.0,0.0,0.0,0.0,0.0,0.0,0.0,0.0,0.0,0.0,0.0,0.0,0.0,0.0,0.0,0.0,0.0,0.0,0.0,0.0,0.0,0.0,0.0,0.0
0.9024251980000001,0.0,6.981317007781485e-05,-0.0002443460952790133,-0.011676252695841605,0.038930441630358636,0.0,0.0007330382858379281,-6.981317007992427e-05,0.00017453292519986618,0.0,0.0,0.0,0.0,0.0,0.0,0.0,0.0,0.0,0.0,0.0,0.0,0.0,0.0,0.0,0.0,0.021093896484375,0.0,0.0,-0.0168751171875,-0.00843755859375,0.04218779296875,0.0,0.0039785302734375,0.0,0.0,0.0,0.0,0.0,0.0,0.0,0.0,0.0,0.0,0.0,0.0,0.0,0.0,0.0,0.0,0.0,0.0,0.0,0.0,0.0,0.0,0.0,0.0,0.0,0.0
0.9112399330000001,0.0,6.981317007781485e-05,-0.0002443460952790133,-0.01176351915844176,0.038930441630358636,0.0,0.0007330382858379281,-6.981317007992427e-05,-1.7453292519231667e-05,0.0,0.0,-0.008726646259971648,0.0017453292519943296,0.0,0.0,0.0,0.03665191429188092,0.0,0.0,0.0,0.0,0.0,0.0,0.0,0.0,0.021093896484375,0.0,0.0,-0.012656337890625,0.033750234375,-0.0506253515625,0.0039785302734375,0.0039785302734375,0.0,0.0,0.0,0.0,0.0,0.0,0.0,0.0,0.0,0.0,0.0,0.0,0.0,0.0,0.0,0.0,0.0,0.0,0.0,0.0,0.0,0.0,0.0,0.0,0.0,0.0
0.921061576,0.0,6.981317007781485e-05,-0.0002443460952790133,-0.01176351915844176,0.03903516138547758,0.0,0.0007330382858379281,-6.981317007992427e-05,-0.0002094395102387736,0.0,0.0,-0.008726646259971648,0.0,0.0,0.0,0.0,0.0,0.0,0.0,0.0,0.0,0.0,0.0,0.0,0.0,0.02531267578125,0.037969013671875,0.0,-0.021093896484375,-0.00843755859375,-0.07593802734375,0.0,-0.0198926513671875,0.0,0.0,0.0,0.0,0.0,0.0,0.0,0.0,0.0,0.0,0.0,0.0,0.0,0.0,0.0,0.0,0.0,0.0,0.0,0.0,0.0,0.0,0.0,0.0,0.0,0.0
0.931023131,0.0,6.981317007781485e-05,-0.0002443460952790133,-0.011868238913562479,0.03903516138547758,0.0,0.0007330382858379281,-6.981317007992427e-05,-0.0002094395102387736,0.0,0.0,0.0,0.0,0.0,0.0,0.0,-0.013962634015954637,0.0,0.0,0.0,0.0,0.0,0.0,0.0,0.0,0.004218779296875,-0.0168751171875,-0.004218779296875,0.037969013671875,0.0,0.033750234375,0.0,0.0039785302734375,0.0,0.0,0.0,0.0,0.0,0.0,0.0,0.0,0.0,0.0,0.0,0.0,0.0,0.0,0.0,0.0,0.0,0.0,0.0,0.0,0.0,0.0,0.0,0.0,0.0,0.0
0.9409842370000001,0.0,6.981317007781485e-05,-0.0002443460952790133,-0.011955505376161746,0.03903516138547758,0.0,0.0007330382858379281,-6.981317007992427e-05,-0.0002094395102387736,-0.008726646259971648,0.0,0.0,0.0,0.0,0.0,0.0,0.0,0.0,0.0,0.0,0.0,0.0,0.0,0.0,0.0,0.012656337890625,0.02531267578125,-0.00843755859375,-0.012656337890625,-0.00843755859375,0.02531267578125,-0.0039785302734375,-0.0039785302734375,0.0,0.0,0.0,0.0,0.0,0.0,0.0,0.0,0.0,0.0,0.0,0.0,0.0,0.0,0.0,0.0,0.0,0.0,0.0,0.0,0.0,0.0,0.0,0.0,0.0,0.0
0.9510326320000001,0.0,6.981317007781485e-05,-0.0002443460952790133,-0.011955505376161746,0.038930441630358636,0.0,0.0007330382858379281,-6.981317007992427e-05,6.981317008047938e-05,0.0,0.0,0.0,0.0,0.0,0.0,0.0,0.006981317007977318,0.0,0.0,0.0,0.0,0.0,0.0,0.0,0.0,0.004218779296875,0.02531267578125,0.0,-0.004218779296875,0.0,0.02531267578125,0.0,0.0039785302734375,0.0,0.0,0.0,0.0,0.0,0.0,0.0,0.0,0.0,0.0,0.0,0.0,0.0,0.0,0.0,0.0,0.0,0.0,0.0,0.0,0.0,0.0,0.0,0.0,0.0,0.0
0.9609509740000001,0.0,6.981317007781485e-05,-0.0002443460952790133,-0.012060225131281577,0.038930441630358636,0.0,0.0006894050545378505,-6.981317007992427e-05,0.00017453292519986618,-0.008726646259971648,0.0,-0.020943951023931956,0.0,0.0,0.0,0.0,0.024434609527920613,0.0,0.0,0.0,0.0,0.0,0.0,0.0,0.0,0.00843755859375,0.02531267578125,-0.00843755859375,-0.004218779296875,0.0,0.02531267578125,0.0,0.0,0.0,0.0,0.0,0.0,0.0,0.0,0.0,0.0,0.0,0.0,0.0,0.0,0.0,0.0,0.0,0.0,0.0,0.0,0.0,0.0,0.0,0.0,0.0,0.0,0.0,0.0
0.971034163,0.0,6.981317007781485e-05,-0.0002443460952790133,-0.012147491593880844,0.038930441630358636,0.0,0.0006894050545378505,-6.981317007992427e-05,0.00017453292519986618,0.0,0.0,0.0,-0.013962634015954637,0.0,0.0,0.0,-0.008726646259971648,0.0,0.0,0.0,0.0,0.0,0.0,0.0,0.0,0.004218779296875,-0.021093896484375,-0.004218779296875,-0.012656337890625,0.0,-0.05906291015625,0.0039785302734375,-0.0119355908203125,0.0,0.0,0.0,0.0,0.0,0.0,0.0,0.0,0.0,0.0,0.0,0.0,0.0,0.0,0.0,0.0,0.0,0.0,0.0,0.0,0.0,0.0,0.0,0.0,0.0,0.0
0.981121385,0.0,6.981317007781485e-05,-0.0002443460952790133,-0.012147491593880844,0.038930441630358636,0.0,0.0006894050545378505,-6.981317007992427e-05,0.00017453292519986618,0.0,0.0,0.0,0.0,0.0,0.0,0.0,-0.020943951023931956,0.0,0.0,0.0,0.0,0.0,0.0,0.0,0.0,0.012656337890625,0.02531267578125,-0.004218779296875,-0.004218779296875,0.033750234375,0.0168751171875,0.0,-0.0198926513671875,0.0,0.0,0.0,0.0,0.0,0.0,0.0,0.0,0.0,0.0,0.0,0.0,0.0,0.0,0.0,0.0,0.0,0.0,0.0,0.0,0.0,0.0,0.0,0.0,0.0,0.0
0.990909899,0.0,6.981317007781485e-05,-0.00015707963267974634,-0.012339477811599942,0.03903516138547758,0.0,0.0006894050545378505,-6.981317007992427e-05,6.981317008047938e-05,-0.003490658503988659,0.0,0.0,0.008726646259971648,0.0,0.0,0.0,-0.017453292519943295,0.0,0.0,0.0,0.0,0.0,0.0,0.0,0.0,0.004218779296875,0.033750234375,-0.004218779296875,0.0,0.0168751171875,0.0168751171875,0.0,-0.0198926513671875,0.0,0.0,0.0,0.0,0.0,0.0,0.0,0.0,0.0,0.0,0.0,0.0,0.0,0.0,0.0,0.0,0.0,0.0,0.0,0.0,0.0,0.0,0.0,0.0,0.0,0.0
1.002555319,0.0,-1.7453292521452113e-05,-0.00015707963267974634,-0.012339477811599942,0.038930441630358636,0.0,0.0006894050545378505,-6.981317007992427e-05,-0.0001047197551193868,0.0,0.0,0.0,0.0,0.0,0.0,0.0,-0.017453292519943295,0.0,0.0,0.0,0.0,0.0,0.0,0.0,0.0,0.004218779296875,-0.00843755859375,0.0,-0.004218779296875,0.033750234375,-0.05906291015625,0.0039785302734375,-0.0119355908203125,0.0,0.0,0.0,0.0,0.0,0.0,0.0,0.0,0.0,0.0,0.0,0.0,0.0,0.0,0.0,0.0,0.0,0.0,0.0,0.0,0.0,0.0,0.0,0.0,0.0,0.0
1.010981017,0.0,-1.7453292521452113e-05,-0.00015707963267974634,-0.012339477811599942,0.038930441630358636,0.0,0.0006894050545378505,-6.981317007992427e-05,-0.0001047197551193868,0.0,0.0,-0.017453292519943295,0.0,0.0,0.0,0.0,0.0,0.0,0.0,0.0,0.0,0.0,0.0,0.0,0.0,-0.04218779296875,0.02531267578125,0.0,-0.0168751171875,0.02531267578125,-0.05906291015625,0.0,-0.0198926513671875,0.0,0.0,0.0,0.0,0.0,0.0,0.0,0.0,0.0,0.0,0.0,0.0,0.0,0.0,0.0,0.0,0.0,0.0,0.0,0.0,0.0,0.0,0.0,0.0,0.0,0.0
1.020966226,0.0,-1.7453292521452113e-05,-0.0002443460952790133,-0.012444197566719772,0.038930441630358636,0.0,0.0006894050545378505,-6.981317007992427e-05,-1.7453292519231667e-05,0.0,0.0,0.0,0.0,0.0,0.0,0.0,0.008726646259971648,0.0,0.0,0.0,0.0,0.0,0.0,0.0,0.0,0.00843755859375,0.02531267578125,0.0,-0.004218779296875,0.0,0.02531267578125,0.0,0.0,0.0,0.0,0.0,0.0,0.0,0.0,0.0,0.0,0.0,0.0,0.0,0.0,0.0,0.0,0.0,0.0,0.0,0.0,0.0,0.0,0.0,0.0,0.0,0.0,0.0,0.0
1.0311838850000001,0.0,-1.7453292521452113e-05,-0.0002443460952790133,-0.01263618378443887,0.038930441630358636,0.0,0.0006894050545378505,-6.981317007992427e-05,0.00017453292519986618,0.0,0.006981317007977318,-0.027925268031909273,-0.0017453292519943296,0.0,0.0,0.0,0.017453292519943295,0.0,0.0,0.0,0.0,0.0,0.0,0.0,0.0,-0.04218779296875,0.02531267578125,-0.004218779296875,-0.012656337890625,-0.00843755859375,-0.06750046875,0.0,-0.01591412109375,0.0,0.0,0.0,0.0,0.0,0.0,0.0,0.0,0.0,0.0,0.0,0.0,0.0,0.0,0.0,0.0,0.0,0.0,0.0,0.0,0.0,0.0,0.0,0.0,0.0,0.0
1.040909405,0.0,-1.7453292521452113e-05,-0.00015707963267974634,-0.013020156219877954,0.038930441630358636,0.0,0.0006894050545378505,-6.981317007992427e-05,0.00036651914291896404,0.0,0.0,-0.029670597283903605,0.0,0.0,0.0,0.0,0.0,0.0,0.0,0.0,0.0,0.0,0.0,0.0,0.0,0.0168751171875,0.037969013671875,0.004218779296875,-0.012656337890625,0.033750234375,0.0168751171875,0.0039785302734375,0.0,0.0,0.0,0.0,0.0,0.0,0.0,0.0,0.0,0.0,0.0,0.0,0.0,0.0,0.0,0.0,0.0,0.0,0.0,0.0,0.0,0.0,0.0,0.0,0.0,0.0,0.0
1.050962025,0.0,-1.7453292521452113e-05,-0.00015707963267974634,-0.01321214243759794,0.038930441630358636,0.0,0.0006894050545378505,-6.981317007992427e-05,0.00017453292519986618,0.0,0.012217304763960306,-0.015707963267948967,-0.006981317007977318,0.0,0.0,0.0,0.0,0.0,0.0,0.0,0.0,0.0,0.0,0.0,0.0,-0.021093896484375,0.029531455078125,0.0,-0.004218779296875,0.033750234375,0.0168751171875,0.0039785302734375,0.0,0.0,0.0,0.0,0.0,0.0,0.0,0.0,0.0,0.0,0.0,0.0,0.0,0.0,0.0,0.0,0.0,0.0,0.0,0.0,0.0,0.0,0.0,0.0,0.0,0.0,0.0
1.060879503,0.0,-1.7453292521452113e-05,-0.00015707963267974634,-0.013404128655317038,0.03903516138547758,0.0,0.0006894050545378505,-6.981317007992427e-05,6.981317008047938e-05,0.0,0.0,-0.006981317007977318,0.0,0.0,0.0,0.0,-0.015707963267948967,0.0,0.0,0.0,0.0,0.0,0.0,0.0,0.0,-0.04218779296875,0.033750234375,-0.004218779296875,-0.004218779296875,-0.00843755859375,0.00843755859375,0.0,0.0,0.0,0.0,0.0,0.0,0.0,0.0,0.0,0.0,0.0,0.0,0.0,0.0,0.0,0.0,0.0,0.0,0.0,0.0,0.0,0.0,0.0,0.0,0.0,0.0,0.0,0.0
1.070852933,0.0,-1.7453292521452113e-05,-0.00015707963267974634,-0.013404128655317038,0.03903516138547758,0.0,0.0006894050545378505,-6.981317007992427e-05,-1.7453292519231667e-05,0.0,0.0,0.0,0.0,0.0,0.0,0.0,-0.024434609527920613,0.0,0.0,0.0,0.0,0.0,0.0,0.0,0.0,-0.037969013671875,0.02531267578125,-0.004218779296875,-0.004218779296875,0.0,0.033750234375,0.0,-0.01591412109375,0.0,0.0,0.0,0.0,0.0,0.0,0.0,0.0,0.0,0.0,0.0,0.0,0.0,0.0,0.0,0.0,0.0,0.0,0.0,0.0,0.0,0.0,0.0,0.0,0.0,0.0
1.080872327,0.0,-1.7453292521452113e-05,-0.00015707963267974634,-0.013404128655317038,0.03903516138547758,0.0,0.0006894050545378505,-6.981317007992427e-05,-0.0001047197551193868,0.0,0.0,0.0,0.0,0.0,0.0,0.008726646259971648,0.0,0.0,0.0,0.0,0.0,0.0,0.0,0.0,0.0,-0.02531267578125,0.033750234375,0.0,-0.012656337890625,-0.00843755859375,0.0506253515625,0.0,-0.0039785302734375,0.0,0.0,0.0,0.0,0.0,0.0,0.0,0.0,0.0,0.0,0.0,0.0,0.0,0.0,0.0,0.0,0.0,0.0,0.0,0.0,0.0,0.0,0.0,0.0,0.0,0.0
1.0908849360000001,0.0,-1.7453292521452113e-05,-0.00015707963267974634,-0.013404128655317038,0.03903516138547758,0.0,0.0006894050545378505,-6.981317007992427e-05,-0.0001047197551193868,0.0,-0.003490658503988659,0.0,0.0,0.0,0.0,0.0,0.017453292519943295,0.0,0.0,0.0,0.0,0.0,0.0,0.0,0.0,0.004218779296875,0.033750234375,-0.004218779296875,-0.012656337890625,0.033750234375,0.0168751171875,0.0039785302734375,-0.0039785302734375,0.0,0.0,0.0,0.0,0.0,0.0,0.0,0.0,0.0,0.0,0.0,0.0,0.0,0.0,0.0,0.0,0.0,0.0,0.0,0.0,0.0,0.0,0.0,0.0,0.0,0.0
1.1024385540000001,0.0,6.981317007781485e-05,-0.00015707963267974634,-0.013491395117916305,0.038930441630358636,0.0,0.0006894050545378505,-6.981317007992427e-05,-1.7453292519231667e-05,0.0,0.0,0.0,-0.024434609527920613,0.0,0.0,0.0,-0.013962634015954637,0.0,0.0,0.0,0.0,0.0,0.0,0.0,0.0,-0.037969013671875,0.033750234375,0.0,0.004218779296875,0.0,0.02531267578125,0.0,0.0,0.0,0.0,0.0,0.0,0.0,0.0,0.0,0.0,0.0,0.0,0.0,0.0,0.0,0.0,0.0,0.0,0.0,0.0,0.0,0.0,0.0,0.0,0.0,0.0,0.0,0.0
1.110892805,0.0,6.981317007781485e-05,-0.0002443460952790133,-0.013491395117916305,0.03884317516775937,0.0,0.0006894050545378505,-6.981317007992427e-05,0.00017453292519986618,0.0,0.0,-0.006981317007977318,0.0,0.0,0.0,0.0,0.0,0.0,0.0,0.0,0.0,0.0,0.0,0.0,0.0,0.012656337890625,0.02531267578125,0.0,-0.012656337890625,-0.00843755859375,0.02531267578125,0.0,0.0039785302734375,0.0,0.0,0.0,0.0,0.0,0.0,0.0,0.0,0.0,0.0,0.0,0.0,0.0,0.0,0.0,0.0,0.0,0.0,0.0,0.0,0.0,0.0,0.0,0.0,0.0,0.0
1.121139271,0.0,6.981317007781485e-05,-0.0002443460952790133,-0.013683381335636291,0.038930441630358636,0.0,0.0006894050545378505,-6.981317007992427e-05,0.00036651914291896404,0.0,0.0017453292519943296,-0.005235987755982989,0.006981317007977318,0.0,0.0,0.0,0.017453292519943295,0.0,0.0,0.0,0.0,0.0,0.0,0.0,0.0,0.0168751171875,0.033750234375,0.0,-0.021093896484375,0.02531267578125,-0.05906291015625,0.0039785302734375,0.007957060546875,0.0,0.0,0.0,0.0,0.0,0.0,0.0,0.0,0.0,0.0,0.0,0.0,0.0,0.0,0.0,0.0,0.0,0.0,0.0,0.0,0.0,0.0,0.0,0.0,0.0,0.0
1.1311374120000002,0.0,6.981317007781485e-05,-0.00015707963267974634,-0.013875367553355389,0.03884317516775937,0.0,0.0006894050545378505,-6.981317007992427e-05,0.00026179938779957723,0.0,0.013962634015954637,-0.022689280275926284,0.0,0.0,0.0,0.0,0.06283185307179587,0.0,0.0,0.0,0.0,0.0,0.0,0.0,0.0,0.021093896484375,0.033750234375,0.0,-0.004218779296875,0.0,0.0,0.0,0.007957060546875,0.0,0.0,0.0,0.0,0.0,0.0,0.0,0.0,0.0,0.0,0.0,0.0,0.0,0.0,0.0,0.0,0.0,0.0,0.0,0.0,0.0,0.0,0.0,0.0,0.0,0.0
1.140949132,0.0,6.981317007781485e-05,-0.00015707963267974634,-0.014067353771073599,0.038930441630358636,0.0,0.0006894050545378505,-6.981317007992427e-05,0.00017453292519986618,0.0,0.0,-0.008726646259971648,0.0,0.0,0.0,0.0,0.0,0.0,0.0,0.0,0.0,0.0,0.0,0.0,0.0,0.012656337890625,0.037969013671875,-0.00843755859375,-0.004218779296875,0.0,0.02531267578125,0.0,0.0119355908203125,0.0,0.0,0.0,0.0,0.0,0.0,0.0,0.0,0.0,0.0,0.0,0.0,0.0,0.0,0.0,0.0,0.0,0.0,0.0,0.0,0.0,0.0,0.0,0.0,0.0,0.0
1.1509604930000001,0.0,6.981317007781485e-05,-0.00015707963267974634,-0.014067353771073599,0.038930441630358636,0.0,0.0006894050545378505,-6.981317007992427e-05,-1.7453292519231667e-05,0.0,0.0,0.008726646259971648,-0.008726646259971648,0.0,0.0,0.0,-0.031415926535897934,0.0,0.0,0.0,0.0,0.0,0.0,0.0,0.0,0.021093896484375,-0.0168751171875,0.0,-0.012656337890625,0.02531267578125,-0.07593802734375,0.0,-0.01591412109375,0.0,0.0,0.0,0.0,0.0,0.0,0.0,0.0,0.0,0.0,0.0,0.0,0.0,0.0,0.0,0.0,0.0,0.0,0.0,0.0,0.0,0.0,0.0,0.0,0.0,0.0
1.1610514600000001,0.0,6.981317007781485e-05,-0.00015707963267974634,-0.014067353771073599,0.038930441630358636,0.0,0.0006894050545378505,-6.981317007992427e-05,-0.0001047197551193868,0.0,0.0,0.0,0.008726646259971648,0.0,0.0,0.0,0.0,0.0,0.0,0.0,0.0,0.0,0.0,0.0,0.0,0.012656337890625,-0.0168751171875,0.004218779296875,-0.012656337890625,0.0,0.02531267578125,0.0,-0.0039785302734375,0.0,0.0,0.0,0.0,0.0,0.0,0.0,0.0,0.0,0.0,0.0,0.0,0.0,0.0,0.0,0.0,0.0,0.0,0.0,0.0,0.0,0.0,0.0,0.0,0.0,0.0
1.1709312310000002,0.0,6.981317007781485e-05,-0.00015707963267974634,-0.013980087308474332,0.038930441630358636,0.0,0.0006894050545378505,-6.981317007992427e-05,-0.0001047197551193868,0.0,0.0,0.010471975511965978,-0.008726646259971648,0.0,0.0,0.0,0.017453292519943295,0.0,0.0,0.0,0.0,0.0,0.0,0.0,0.0,0.021093896484375,-0.021093896484375,-0.004218779296875,-0.004218779296875,0.0,0.00843755859375,0.0,0.0039785302734375,0.0,0.0,0.0,0.0,0.0,0.0,0.0,0.0,0.0,0.0,0.0,0.0,0.0,0.0,0.0,0.0,0.0,0.0,0.0,0.0,0.0,0.0,0.0,0.0,0.0,0.0
1.181068387,0.0,6.981317007781485e-05,-0.00015707963267974634,-0.013980087308474332,0.03884317516775937,0.0,0.0006894050545378505,-6.981317007992427e-05,-1.7453292519231667e-05,0.0,0.0,0.0,-0.019198621771937627,0.0,0.0,0.0,0.0,0.0,0.0,0.0,0.0,0.0,0.0,0.0,0.0,0.021093896484375,-0.02531267578125,0.0,-0.012656337890625,0.0,0.0506253515625,0.0039785302734375,0.0,0.0,0.0,0.0,0.0,0.0,0.0,0.0,0.0,0.0,0.0,0.0,0.0,0.0,0.0,0.0,0.0,0.0,0.0,0.0,0.0,0.0,0.0,0.0,0.0,0.0,0.0
1.190785905,0.0,6.981317007781485e-05,-0.00015707963267974634,-0.013980087308474332,0.038930441630358636,0.0,0.0006894050545378505,-6.981317007992427e-05,6.981317008047938e-05,0.0,0.0,0.0,0.0,0.0,0.0,0.0,-0.013962634015954637,0.0,0.0,0.0,0.0,0.0,0.0,0.0,0.0,0.02531267578125,-0.0168751171875,0.004218779296875,0.04218779296875,-0.00843755859375,0.0168751171875,0.0,0.0119355908203125,0.0,0.0,0.0,0.0,0.0,0.0,0.0,0.0,0.0,0.0,0.0,0.0,0.0,0.0,0.0,0.0,0.0,0.0,0.0,0.0,0.0,0.0,0.0,0.0,0.0,0.0
1.2024620860000002,0.0,6.981317007781485e-05,-5.235987755902727e-05,-0.013980087308474332,0.03884317516775937,0.0,0.0006894050545378505,-6.981317007992427e-05,0.00026179938779957723,0.0,0.010471975511965978,0.017453292519943295,0.0,0.0,0.0,0.0,0.0,0.0,0.0,0.0,0.0,0.0,0.0,0.0,0.0,0.0168751171875,-0.0168751171875,0.004218779296875,-0.021093896484375,0.0,0.02531267578125,0.0039785302734375,-0.01591412109375,0.0,0.0,0.0,0.0,0.0,0.0,0.0,0.0,0.0,0.0,0.0,0.0,0.0,0.0,0.0,0.0,0.0,0.0,0.0,0.0,0.0,0.0,0.0,0.0,0.0,0.0
1.210915408,0.0,6.981317007781485e-05,-5.235987755902727e-05,-0.013980087308474332,0.03884317516775937,0.0,0.0006894050545378505,-6.981317007992427e-05,0.00026179938779957723,0.0,0.017453292519943295,0.0,0.008726646259971648,0.0,0.0,0.0017453292519943296,0.0,0.0,0.0,0.0,0.0,0.0,0.0,0.0,0.0,0.0168751171875,-0.0168751171875,0.0,-0.00843755859375,0.02531267578125,0.00843755859375,0.0,0.0119355908203125,0.0,0.0,0.0,0.0,0.0,0.0,0.0,0.0,0.0,0.0,0.0,0.0,0.0,0.0,0.0,0.0,0.0,0.0,0.0,0.0,0.0,0.0,0.0,0.0,0.0,0.0
1.221071641,0.0,6.981317007781485e-05,-5.235987755902727e-05,-0.013980087308474332,0.03884317516775937,0.0,0.0006894050545378505,-6.981317007992427e-05,6.981317008047938e-05,0.0,0.0,0.0,0.0,0.0,0.0,0.0,-0.027925268031909273,0.0,0.0,0.0,0.0,0.0,0.0,0.0,0.0,0.0168751171875,-0.0168751171875,0.0,0.033750234375,-0.02531267578125,0.0168751171875,0.0039785302734375,0.007957060546875,0.0,0.0,0.0,0.0,0.0,0.0,0.0,0.0,0.0,0.0,0.0,0.0,0.0,0.0,0.0,0.0,0.0,0.0,0.0,0.0,0.0,0.0,0.0,0.0,0.0,0.0
1.2308840330000002,0.0,6.981317007781485e-05,-5.235987755902727e-05,-0.013980087308474332,0.03884317516775937,0.0,0.0006894050545378505,-6.981317007992427e-05,-1.7453292519231667e-05,0.0,0.0,0.0,0.0,0.0,0.0,-0.008726646259971648,-0.013962634015954637,0.0,0.0,0.0,0.0,0.0,0.0,0.0,0.0,0.02531267578125,-0.012656337890625,0.0,-0.012656337890625,0.0,0.0,0.0,0.007957060546875,0.0,0.0,0.0,0.0,0.0,0.0,0.0,0.0,0.0,0.0,0.0,0.0,0.0,0.0,0.0,0.0,0.0,0.0,0.0,0.0,0.0,0.0,0.0,0.0,0.0,0.0
1.241214204,0.0,6.981317007781485e-05,3.490658504023969e-05,-0.013980087308474332,0.03884317516775937,0.0,0.0006894050545378505,-6.981317007992427e-05,-0.0001047197551193868,0.0,0.0,0.0,0.0,0.0,0.0,0.0,0.0,0.0,0.0,0.0,0.0,0.0,0.0,0.0,0.0,0.00843755859375,-0.012656337890625,0.0,-0.004218779296875,0.0,0.0506253515625,0.0,-0.0198926513671875,0.0,0.0,0.0,0.0,0.0,0.0,0.0,0.0,0.0,0.0,0.0,0.0,0.0,0.0,0.0,0.0,0.0,0.0,0.0,0.0,0.0,0.0,0.0,0.0,0.0,0.0
1.250907106,0.0,6.981317007781485e-05,3.490658504023969e-05,-0.013875367553355389,0.03884317516775937,0.0,0.0006894050545378505,-6.981317007992427e-05,-0.0001047197551193868,0.0,0.008726646259971648,0.0,0.0,0.0,0.0,0.0,0.008726646259971648,0.0,0.0,0.0,0.0,0.0,0.0,0.0,0.0,0.021093896484375,-0.00843755859375,0.004218779296875,-0.021093896484375,0.0,0.00843755859375,0.0,0.0039785302734375,0.0,0.0,0.0,0.0,0.0,0.0,0.0,0.0,0.0,0.0,0.0,0.0,0.0,0.0,0.0,0.0,0.0,0.0,0.0,0.0,0.0,0.0,0.0,0.0,0.0,0.0
1.2609362320000002,0.0,6.981317007781485e-05,3.490658504023969e-05,-0.013875367553355389,0.03884317516775937,0.0,0.0006894050545378505,-6.981317007992427e-05,-1.7453292519231667e-05,0.0,0.0,0.0,0.0,0.0,0.0,0.0,0.0,0.0,0.0,0.0,0.0,0.0,0.0,0.0,0.0,0.012656337890625,-0.00843755859375,0.004218779296875,0.0,-0.033750234375,0.0168751171875,0.0,0.007957060546875,0.0,0.0,0.0,0.0,0.0,0.0,0.0,0.0,0.0,0.0,0.0,0.0,0.0,0.0,0.0,0.0,0.0,0.0,0.0,0.0,0.0,0.0,0.0,0.0,0.0,0.0
1.271000727,0.0,6.981317007781485e-05,3.490658504023969e-05,-0.013875367553355389,0.03884317516775937,0.0,0.0006894050545378505,-6.981317007992427e-05,0.00017453292519986618,0.0,0.0,0.0,0.0,0.0,0.0,0.0,0.0,0.0,0.0,0.0,0.0,0.0,0.0,0.0,0.0,0.0168751171875,-0.00843755859375,0.004218779296875,-0.021093896484375,0.0,-0.07593802734375,0.0,0.007957060546875,0.0,0.0,0.0,0.0,0.0,0.0,0.0,0.0,0.0,0.0,0.0,0.0,0.0,0.0,0.0,0.0,0.0,0.0,0.0,0.0,0.0,0.0,0.0,0.0,0.0,0.0
1.280905626,0.0,6.981317007781485e-05,3.490658504023969e-05,-0.013875367553355389,0.038930441630358636,0.0,0.0006894050545378505,-6.981317007992427e-05,6.981317008047938e-05,0.0,0.0,0.0,0.012217304763960306,0.0,0.0,0.0,0.0,0.0,0.0,0.0,0.0,0.0,0.0,0.0,0.0,0.012656337890625,-0.012656337890625,0.004218779296875,0.033750234375,-0.033750234375,0.00843755859375,0.0,0.0119355908203125,0.0,0.0,0.0,0.0,0.0,0.0,0.0,0.0,0.0,0.0,0.0,0.0,0.0,0.0,0.0,0.0,0.0,0.0,0.0,0.0,0.0,0.0,0.0,0.0,0.0,0.0
1.291126645,0.0,6.981317007781485e-05,3.490658504023969e-05,-0.013683381335636291,0.03884317516775937,0.0,0.0006894050545378505,-6.981317007992427e-05,6.981317008047938e-05,0.0,0.0,0.0,0.0,0.0,0.0,0.0,0.04363323129985824,0.0,0.0,0.0,0.0,0.0,0.0,0.0,0.0,0.012656337890625,-0.00843755859375,0.0,0.033750234375,-0.00843755859375,0.02531267578125,0.0,0.007957060546875,0.0,0.0,0.0,0.0,0.0,0.0,0.0,0.0,0.0,0.0,0.0,0.0,0.0,0.0,0.0,0.0,0.0,0.0,0.0,0.0,0.0,0.0,0.0,0.0,0.0,0.0
1.302427744,0.0,6.981317007781485e-05,3.490658504023969e-05,-0.013683381335636291,0.03884317516775937,0.0,0.0006894050545378505,-6.981317007992427e-05,-1.7453292519231667e-05,0.0,0.0,0.0,0.0,0.0,0.0,0.0,0.02617993877991494,0.0,0.0,0.0,0.0,0.0,0.0,0.0,0.0,0.00843755859375,-0.00843755859375,0.0,-0.012656337890625,-0.00843755859375,-0.07593802734375,0.0,0.0039785302734375,0.0,0.0,0.0,0.0,0.0,0.0,0.0,0.0,0.0,0.0,0.0,0.0,0.0,0.0,0.0,0.0,0.0,0.0,0.0,0.0,0.0,0.0,0.0,0.0,0.0,0.0
1.3110135520000001,0.0,6.981317007781485e-05,3.490658504023969e-05,-0.013683381335636291,0.038930441630358636,0.0,0.0006894050545378505,-6.981317007992427e-05,-1.7453292519231667e-05,0.0,0.0,0.0,0.0,0.0,0.0,0.0,0.0,0.0,0.0,0.0,0.0,0.0,0.0,0.0,0.0,0.0168751171875,0.0,0.004218779296875,-0.021093896484375,-0.033750234375,0.0168751171875,0.0,0.0039785302734375,0.0,0.0,0.0,0.0,0.0,0.0,0.0,0.0,0.0,0.0,0.0,0.0,0.0,0.0,0.0,0.0,0.0,0.0,0.0,0.0,0.0,0.0,0.0,0.0,0.0,0.0
1.3209595820000002,0.0,6.981317007781485e-05,3.490658504023969e-05,-0.013683381335636291,0.038930441630358636,0.0,0.0006894050545378505,-6.981317007992427e-05,-1.7453292519231667e-05,0.0,0.0,0.0,0.0,0.0,0.0,0.0,0.0,0.0,0.0,0.0,0.0,0.0,0.0,0.0,0.0,0.021093896484375,0.0,0.0,-0.012656337890625,0.0,0.0506253515625,0.0,0.0,0.0,0.0,0.0,0.0,0.0,0.0,0.0,0.0,0.0,0.0,0.0,0.0,0.0,0.0,0.0,0.0,0.0,0.0,0.0,0.0,0.0,0.0,0.0,0.0,0.0,0.0
1.3308289180000001,0.0,6.981317007781485e-05,3.490658504023969e-05,-0.013683381335636291,0.038930441630358636,0.0,0.0006894050545378505,-6.981317007992427e-05,-1.7453292519231667e-05,0.0,-0.008726646259971648,0.0,0.017453292519943295,0.0,0.0,0.0,0.008726646259971648,0.0,0.0,0.0,0.0,0.0,0.0,0.0,0.0,0.021093896484375,0.0,0.0,-0.029531455078125,-0.033750234375,-0.04218779296875,0.0,0.007957060546875,0.0,0.0,0.0,0.0,0.0,0.0,0.0,0.0,0.0,0.0,0.0,0.0,0.0,0.0,0.0,0.0,0.0,0.0,0.0,0.0,0.0,0.0,0.0,0.0,0.0,0.0
1.340925839,0.0,6.981317007781485e-05,3.490658504023969e-05,-0.013683381335636291,0.038930441630358636,0.0,0.0006894050545378505,-6.981317007992427e-05,6.981317008047938e-05,0.0,0.0,0.0,0.0,0.0,0.0,0.0,0.0,0.0,0.0,0.0,0.0,0.0,0.0,0.0,0.0,0.00843755859375,-0.00843755859375,0.004218779296875,0.0,-0.033750234375,0.02531267578125,-0.0039785302734375,-0.0119355908203125,0.0,0.0,0.0,0.0,0.0,0.0,0.0,0.0,0.0,0.0,0.0,0.0,0.0,0.0,0.0,0.0,0.0,0.0,0.0,0.0,0.0,0.0,0.0,0.0,0.0,0.0
1.350931598,0.0,6.981317007781485e-05,3.490658504023969e-05,-0.013683381335636291,0.038930441630358636,0.0,0.0006894050545378505,-6.981317007992427e-05,6.981317008047938e-05,0.0,0.0,0.0,0.013962634015954637,0.0,0.0,0.0,0.017453292519943295,0.0,0.0,0.0,0.0,0.0,0.0,0.0,0.0,0.00843755859375,0.0,0.0,-0.012656337890625,0.0168751171875,0.04218779296875,0.0,0.0039785302734375,0.0,0.0,0.0,0.0,0.0,0.0,0.0,0.0,0.0,0.0,0.0,0.0,0.0,0.0,0.0,0.0,0.0,0.0,0.0,0.0,0.0,0.0,0.0,0.0,0.0,0.0
1.3615106060000002,0.0,6.981317007781485e-05,-5.235987755902727e-05,-0.013683381335636291,0.038930441630358636,0.0,0.0006894050545378505,-6.981317007992427e-05,6.981317008047938e-05,0.0,0.0,0.0,-0.0017453292519943296,0.0,0.0,0.0,0.0,0.0,0.0,0.0,0.0,0.0,0.0,0.0,0.0,0.012656337890625,-0.02531267578125,-0.004218779296875,0.037969013671875,-0.033750234375,0.00843755859375,0.0,0.0039785302734375,0.0,0.0,0.0,0.0,0.0,0.0,0.0,0.0,0.0,0.0,0.0,0.0,0.0,0.0,0.0,0.0,0.0,0.0,0.0,0.0,0.0,0.0,0.0,0.0,0.0,0.0
1.371455836,0.0,6.981317007781485e-05,-5.235987755902727e-05,-0.013683381335636291,0.038930441630358636,0.0,0.0006894050545378505,-6.981317007992427e-05,6.981317008047938e-05,0.0,0.0,0.0,0.0,0.0,0.0,0.0,-0.017453292519943295,0.0,0.0,0.0,0.0,0.0,0.0,0.0,0.0,0.012656337890625,-0.0168751171875,0.0,0.037969013671875,0.0,0.00843755859375,0.0039785302734375,0.007957060546875,0.0,0.0,0.0,0.0,0.0,0.0,0.0,0.0,0.0,0.0,0.0,0.0,0.0,0.0,0.0,0.0,0.0,0.0,0.0,0.0,0.0,0.0,0.0,0.0,0.0,0.0
1.3811000210000002,0.0,6.981317007781485e-05,-5.235987755902727e-05,-0.013683381335636291,0.038930441630358636,0.0,0.0006894050545378505,-6.981317007992427e-05,-1.7453292519231667e-05,0.0,0.0,0.008726646259971648,0.0,0.0,0.0,0.0,-0.013962634015954637,0.0,0.0,0.0,0.0,0.0,0.0,0.0,0.0,0.004218779296875,0.033750234375,0.0,-0.021093896484375,0.033750234375,-0.07593802734375,0.0,-0.01591412109375,0.0,0.0,0.0,0.0,0.0,0.0,0.0,0.0,0.0,0.0,0.0,0.0,0.0,0.0,0.0,0.0,0.0,0.0,0.0,0.0,0.0,0.0,0.0,0.0,0.0,0.0
1.391011481,0.0,6.981317007781485e-05,-5.235987755902727e-05,-0.013596114873036136,0.038930441630358636,0.0,0.0006894050545378505,-6.981317007992427e-05,-1.7453292519231667e-05,0.0,0.0,0.0,0.0,0.0,0.0,0.0,0.0,0.0,0.0,0.0,0.0,0.0,0.0,0.0,0.0,0.00843755859375,0.033750234375,0.0,-0.004218779296875,-0.033750234375,0.02531267578125,0.0,-0.01591412109375,0.0,0.0,0.0,0.0,0.0,0.0,0.0,0.0,0.0,0.0,0.0,0.0,0.0,0.0,0.0,0.0,0.0,0.0,0.0,0.0,0.0,0.0,0.0,0.0,0.0,0.0
1.4025486150000002,0.0,6.981317007781485e-05,-5.235987755902727e-05,-0.013596114873036136,0.038930441630358636,0.0,0.0006894050545378505,-6.981317007992427e-05,-1.7453292519231667e-05,0.0,0.0,0.0,0.0,0.0,0.0,0.0,0.005235987755982989,0.0,0.0,0.0,0.0,0.0,0.0,0.0,0.0,0.012656337890625,-0.0168751171875,-0.004218779296875,-0.004218779296875,0.0,0.0506253515625,0.0,-0.01591412109375,0.0,0.0,0.0,0.0,0.0,0.0,0.0,0.0,0.0,0.0,0.0,0.0,0.0,0.0,0.0,0.0,0.0,0.0,0.0,0.0,0.0,0.0,0.0,0.0,0.0,0.0
1.4111614380000002,0.0,6.981317007781485e-05,-5.235987755902727e-05,-0.013596114873036136,0.038930441630358636,0.0,0.0006894050545378505,-6.981317007992427e-05,6.981317008047938e-05,0.0,0.0,-0.008726646259971648,0.0,0.0,0.0,0.0,0.015707963267948967,0.0,0.0,0.0,0.0,0.0,0.0,0.0,0.0,0.012656337890625,0.0,0.0,-0.004218779296875,0.0,0.0,0.0,-0.01591412109375,0.0,0.0,0.0,0.0,0.0,0.0,0.0,0.0,0.0,0.0,0.0,0.0,0.0,0.0,0.0,0.0,0.0,0.0,0.0,0.0,0.0,0.0,0.0,0.0,0.0,0.0
1.4212799010000001,0.0,6.981317007781485e-05,-0.00015707963267974634,-0.013683381335636291,0.038930441630358636,0.0,0.0006894050545378505,-6.981317007992427e-05,6.981317008047938e-05,0.0,-0.008726646259971648,0.0,-0.008726646259971648,0.0,0.0,0.0,0.02617993877991494,0.0,0.0,0.0,0.0,0.0,0.0,0.0,0.0,0.004218779296875,0.0,0.0,0.037969013671875,0.033750234375,0.0168751171875,0.0,0.007957060546875,0.0,0.0,0.0,0.0,0.0,0.0,0.0,0.0,0.0,0.0,0.0,0.0,0.0,0.0,0.0,0.0,0.0,0.0,0.0,0.0,0.0,0.0,0.0,0.0,0.0,0.0
1.430913523,0.0,6.981317007781485e-05,-0.00015707963267974634,-0.013788101090755234,0.03884317516775937,0.0,0.0006894050545378505,-6.981317007992427e-05,0.00017453292519986618,0.0,0.0,-0.017453292519943295,0.0,0.0,0.0,0.0,0.0017453292519943296,0.0,0.0,0.0,0.0,0.0,0.0,0.0,0.0,0.004218779296875,-0.021093896484375,0.0,-0.004218779296875,0.0,0.00843755859375,0.0,0.0119355908203125,0.0,0.0,0.0,0.0,0.0,0.0,0.0,0.0,0.0,0.0,0.0,0.0,0.0,0.0,0.0,0.0,0.0,0.0,0.0,0.0,0.0,0.0,0.0,0.0,0.0,0.0
1.441204898,0.0,6.981317007781485e-05,-0.00015707963267974634,-0.013875367553355389,0.038930441630358636,0.0,0.0006894050545378505,-6.981317007992427e-05,0.00017453292519986618,0.0,0.0,-0.008726646259971648,0.0,0.0,0.0,0.0,-0.017453292519943295,0.0,0.0,0.0,0.0,0.0,0.0,0.0,0.0,0.004218779296875,-0.00843755859375,0.0,-0.012656337890625,-0.02531267578125,-0.05906291015625,0.0,-0.0198926513671875,0.0,0.0,0.0,0.0,0.0,0.0,0.0,0.0,0.0,0.0,0.0,0.0,0.0,0.0,0.0,0.0,0.0,0.0,0.0,0.0,0.0,0.0,0.0,0.0,0.0,0.0
1.451876764,0.0,6.981317007781485e-05,-0.00015707963267974634,-0.013980087308474332,0.03884317516775937,0.0,0.0006894050545378505,-6.981317007992427e-05,0.00017453292519986618,0.0,0.0,0.0,0.0,0.0,0.0,0.0,-0.024434609527920613,0.0,0.0,0.0,0.0,0.0,0.0,0.0,0.0,0.012656337890625,-0.00843755859375,0.004218779296875,-0.004218779296875,0.0,0.033750234375,0.0,0.0,0.0,0.0,0.0,0.0,0.0,0.0,0.0,0.0,0.0,0.0,0.0,0.0,0.0,0.0,0.0,0.0,0.0,0.0,0.0,0.0,0.0,0.0,0.0,0.0,0.0,0.0
1.461203676,0.0,6.981317007781485e-05,-0.00015707963267974634,-0.013980087308474332,0.03873845541263865,0.0,0.0006894050545378505,-6.981317007992427e-05,6.981317008047938e-05,0.0,0.0,0.0,0.0,0.0,0.0,0.0,-0.019198621771937627,0.0,0.0,0.0,0.0,0.0,0.0,0.0,0.0,-0.04218779296875,-0.0168751171875,0.0,-0.004218779296875,0.02531267578125,0.033750234375,0.0039785302734375,-0.01591412109375,0.0,0.0,0.0,0.0,0.0,0.0,0.0,0.0,0.0,0.0,0.0,0.0,0.0,0.0,0.0,0.0,0.0,0.0,0.0,0.0,0.0,0.0,0.0,0.0,0.0,0.0
1.471290226,0.0,6.981317007781485e-05,-0.00015707963267974634,-0.013875367553355389,0.038651188950039383,0.0,0.0006894050545378505,-6.981317007992427e-05,-1.7453292519231667e-05,0.0,0.0,0.005235987755982989,-0.003490658503988659,0.0,0.0,0.0,-0.010471975511965978,0.0,0.0,0.0,0.0,0.0,0.0,0.0,0.0,-0.021093896484375,-0.012656337890625,0.0,0.033750234375,-0.00843755859375,0.0168751171875,0.0,0.0039785302734375,0.0,0.0,0.0,0.0,0.0,0.0,0.0,0.0,0.0,0.0,0.0,0.0,0.0,0.0,0.0,0.0,0.0,0.0,0.0,0.0,0.0,0.0,0.0,0.0,0.0,0.0
1.480800837,0.0,6.981317007781485e-05,-0.00015707963267974634,-0.013875367553355389,0.038651188950039383,0.0,0.0006894050545378505,-6.981317007992427e-05,-1.7453292519231667e-05,0.0,0.0,0.0,0.0,0.0,0.0,0.0,0.0,0.0,0.0,0.0,0.0,0.0,0.0,0.0,0.0,0.00843755859375,-0.012656337890625,0.0,-0.021093896484375,0.033750234375,0.0168751171875,0.0039785302734375,0.0039785302734375,0.0,0.0,0.0,0.0,0.0,0.0,0.0,0.0,0.0,0.0,0.0,0.0,0.0,0.0,0.0,0.0,0.0,0.0,0.0,0.0,0.0,0.0,0.0,0.0,0.0,0.0
1.49066246,0.0,6.981317007781485e-05,-0.00015707963267974634,-0.013875367553355389,0.038651188950039383,0.0,0.0006894050545378505,-6.981317007992427e-05,-1.7453292519231667e-05,0.0,0.0,0.0,0.008726646259971648,0.0,0.0,0.0,0.0,0.0,0.0,0.0,0.0,0.0,0.0,0.0,0.0,0.004218779296875,-0.012656337890625,0.0,-0.012656337890625,0.02531267578125,0.0,0.0,0.007957060546875,0.0,0.0,0.0,0.0,0.0,0.0,0.0,0.0,0.0,0.0,0.0,0.0,0.0,0.0,0.0,0.0,0.0,0.0,0.0,0.0,0.0,0.0,0.0,0.0,0.0,0.0
1.502431595,0.0,6.981317007781485e-05,-0.00015707963267974634,-0.013875367553355389,0.038459202732321174,0.0,0.0006894050545378505,-6.981317007992427e-05,-1.7453292519231667e-05,0.0,0.0,0.0,-0.008726646259971648,0.0,0.0,0.0,0.017453292519943295,0.0,0.0,0.0,0.0,0.0,0.0,0.0,0.0,0.004218779296875,-0.00843755859375,-0.004218779296875,0.029531455078125,0.033750234375,0.0168751171875,0.0,0.007957060546875,0.0,0.0,0.0,0.0,0.0,0.0,0.0,0.0,0.0,0.0,0.0,0.0,0.0,0.0,0.0,0.0,0.0,0.0,0.0,0.0,0.0,0.0,0.0,0.0,0.0,0.0
1.5107747420000002,0.0,6.981317007781485e-05,-0.00015707963267974634,-0.013875367553355389,0.038459202732321174,0.0,0.0006894050545378505,-6.981317007992427e-05,6.981317008047938e-05,0.0,0.0,0.0,0.0,0.0,0.0,0.0,0.012217304763960306,0.0,0.0,0.0,0.0,0.0,0.0,0.0,0.0,0.004218779296875,0.0,0.0,-0.0168751171875,0.0,0.00843755859375,0.0,0.0039785302734375,0.0,0.0,0.0,0.0,0.0,0.0,0.0,0.0,0.0,0.0,0.0,0.0,0.0,0.0,0.0,0.0,0.0,0.0,0.0,0.0,0.0,0.0,0.0,0.0,0.0,0.0
1.5208135340000002,0.0,6.981317007781485e-05,-0.00015707963267974634,-0.013875367553355389,0.038354482977200455,0.0,0.0006894050545378505,-6.981317007992427e-05,0.00017453292519986618,0.0,0.0,0.0,-0.02617993877991494,0.0,0.0,0.0,0.0,0.0,0.0,0.0,0.0,0.0,0.0,0.0,0.0,0.0,0.0,0.0,0.037969013671875,0.0,0.0168751171875,0.0,0.007957060546875,0.0,0.0,0.0,0.0,0.0,0.0,0.0,0.0,0.0,0.0,0.0,0.0,0.0,0.0,0.0,0.0,0.0,0.0,0.0,0.0,0.0,0.0,0.0,0.0,0.0,0.0
1.5307322600000002,0.0,6.981317007781485e-05,-5.235987755902727e-05,-0.013875367553355389,0.038354482977200455,0.0,0.0006894050545378505,-6.981317007992427e-05,6.981317008047938e-05,0.0,0.0,0.0,-0.012217304763960306,0.0,0.0,0.0,-0.015707963267948967,0.0,0.0,0.0,0.0,0.0,0.0,0.0,0.0,0.00843755859375,-0.0168751171875,0.0,-0.021093896484375,0.02531267578125,-0.05906291015625,0.0,-0.0119355908203125,0.0,0.0,0.0,0.0,0.0,0.0,0.0,0.0,0.0,0.0,0.0,0.0,0.0,0.0,0.0,0.0,0.0,0.0,0.0,0.0,0.0,0.0,0.0,0.0,0.0,0.0
1.540509123,0.0,6.981317007781485e-05,-5.235987755902727e-05,-0.013875367553355389,0.038354482977200455,0.0,0.0006894050545378505,-6.981317007992427e-05,6.981317008047938e-05,0.0,0.015707963267948967,0.0,0.0,0.0,0.0,0.0,-0.017453292519943295,0.0,0.0,0.0,0.0,0.0,0.0,0.0,0.0,0.004218779296875,0.004218779296875,0.0,0.037969013671875,0.0,0.0168751171875,0.0,0.007957060546875,0.0,0.0,0.0,0.0,0.0,0.0,0.0,0.0,0.0,0.0,0.0,0.0,0.0,0.0,0.0,0.0,0.0,0.0,0.0,0.0,0.0,0.0,0.0,0.0,0.0,0.0
1.5505897190000002,0.0,6.981317007781485e-05,-5.235987755902727e-05,-0.013788101090755234,0.03826721651460119,0.0,0.0006894050545378505,-6.981317007992427e-05,-0.0001047197551193868,0.0,0.0,0.015707963267948967,0.0,0.0,0.0,0.0,0.0,0.0,0.0,0.0,0.0,0.0,0.0,0.0,0.0,0.00843755859375,0.0,0.0,-0.012656337890625,0.033750234375,0.04218779296875,0.0,0.0,0.0,0.0,0.0,0.0,0.0,0.0,0.0,0.0,0.0,0.0,0.0,0.0,0.0,0.0,0.0,0.0,0.0,0.0,0.0,0.0,0.0,0.0,0.0,0.0,0.0,0.0
1.5607221050000002,0.0,6.981317007781485e-05,-5.235987755902727e-05,-0.013788101090755234,0.03826721651460119,0.0,0.0006894050545378505,-6.981317007992427e-05,-0.0001047197551193868,0.0,-0.010471975511965978,0.0,0.0,0.0,0.0,0.0,0.0,0.0,0.0,0.0,0.0,0.0,0.0,0.0,0.0,0.004218779296875,-0.00843755859375,0.0,-0.021093896484375,0.033750234375,0.00843755859375,0.0,0.0039785302734375,0.0,0.0,0.0,0.0,0.0,0.0,0.0,0.0,0.0,0.0,0.0,0.0,0.0,0.0,0.0,0.0,0.0,0.0,0.0,0.0,0.0,0.0,0.0,0.0,0.0,0.0
1.5707293050000002,0.0,6.981317007781485e-05,-0.00015707963267974634,-0.013788101090755234,0.038354482977200455,0.0,0.0006894050545378505,-6.981317007992427e-05,-0.0001047197551193868,0.0,-0.015707963267948967,0.0,0.0,0.0,0.0,0.0,-0.017453292519943295,0.0,0.0,0.0,0.0,0.0,0.0,0.0,0.0,0.00843755859375,-0.00843755859375,0.0,-0.021093896484375,0.02531267578125,0.0168751171875,0.0,0.0039785302734375,0.0,0.0,0.0,0.0,0.0,0.0,0.0,0.0,0.0,0.0,0.0,0.0,0.0,0.0,0.0,0.0,0.0,0.0,0.0,0.0,0.0,0.0,0.0,0.0,0.0,0.0
1.5806500790000002,0.0,6.981317007781485e-05,-0.00015707963267974634,-0.013788101090755234,0.03826721651460119,0.0,0.0006894050545378505,-6.981317007992427e-05,6.981317008047938e-05,0.0,0.0,0.0,0.0,0.0,0.0,0.0,0.05759586531581287,0.0,0.0,0.0,0.0,0.0,0.0,0.0,0.0,0.004218779296875,-0.00843755859375,0.0,-0.021093896484375,-0.00843755859375,-0.05906291015625,-0.0039785302734375,0.0039785302734375,0.0,0.0,0.0,0.0,0.0,0.0,0.0,0.0,0.0,0.0,0.0,0.0,0.0,0.0,0.0,0.0,0.0,0.0,0.0,0.0,0.0,0.0,0.0,0.0,0.0,0.0
1.5906598710000002,0.0,6.981317007781485e-05,-0.00015707963267974634,-0.013875367553355389,0.03826721651460119,0.0,0.0006894050545378505,-6.981317007992427e-05,0.00017453292519986618,0.0,0.0,-0.008726646259971648,-0.017453292519943295,0.0,0.0,0.0,0.029670597283903605,0.0,0.0,0.0,0.0,0.0,0.0,0.0,0.0,0.004218779296875,-0.00843755859375,0.0,-0.021093896484375,0.0,0.00843755859375,0.0,0.007957060546875,0.0,0.0,0.0,0.0,0.0,0.0,0.0,0.0,0.0,0.0,0.0,0.0,0.0,0.0,0.0,0.0,0.0,0.0,0.0,0.0,0.0,0.0,0.0,0.0,0.0,0.0
1.6023985340000002,0.0,6.981317007781485e-05,-0.00015707963267974634,-0.013875367553355389,0.038354482977200455,0.0,0.0006894050545378505,-6.981317007992427e-05,0.00036651914291896404,0.0,0.0,0.0,0.0,0.0,0.0,0.005235987755982989,0.0,0.0,0.0,0.0,0.0,0.0,0.0,0.0,0.0,0.00843755859375,-0.012656337890625,0.0,-0.021093896484375,0.0,-0.07593802734375,-0.0039785302734375,-0.0119355908203125,0.0,0.0,0.0,0.0,0.0,0.0,0.0,0.0,0.0,0.0,0.0,0.0,0.0,0.0,0.0,0.0,0.0,0.0,0.0,0.0,0.0,0.0,0.0,0.0,0.0,0.0
1.6112320910000002,0.0,6.981317007781485e-05,-0.00015707963267974634,-0.013875367553355389,0.038354482977200455,0.0,0.0006894050545378505,-6.981317007992427e-05,0.00026179938779957723,0.0,0.0,0.0,0.0,0.0,0.0,0.0,-0.013962634015954637,0.0,0.0,0.0,0.0,0.0,0.0,0.0,0.0,0.004218779296875,-0.012656337890625,-0.004218779296875,-0.012656337890625,0.02531267578125,-0.07593802734375,0.0,0.0119355908203125,0.0,0.0,0.0,0.0,0.0,0.0,0.0,0.0,0.0,0.0,0.0,0.0,0.0,0.0,0.0,0.0,0.0,0.0,0.0,0.0,0.0,0.0,0.0,0.0,0.0,0.0
1.6211253380000001,0.0,6.981317007781485e-05,-5.235987755902727e-05,-0.013875367553355389,0.03826721651460119,0.0,0.0006894050545378505,-6.981317007992427e-05,6.981317008047938e-05,0.0,0.008726646259971648,0.015707963267948967,0.0,0.0,0.0,0.0,-0.015707963267948967,0.0,0.0,0.0,0.0,0.0,0.0,0.0,0.0,0.004218779296875,0.0,0.0,-0.00843755859375,0.0,0.033750234375,0.0,-0.0119355908203125,0.0,0.0,0.0,0.0,0.0,0.0,0.0,0.0,0.0,0.0,0.0,0.0,0.0,0.0,0.0,0.0,0.0,0.0,0.0,0.0,0.0,0.0,0.0,0.0,0.0,0.0
1.631489854,0.0,6.981317007781485e-05,-0.00015707963267974634,-0.013788101090755234,0.03826721651460119,0.0,0.0006894050545378505,-6.981317007992427e-05,-0.0001047197551193868,0.0,0.0,0.0,-0.008726646259971648,0.0,0.0,0.0,-0.0017453292519943296,0.0,0.0,0.0,0.0,0.0,0.0,0.0,0.0,0.00843755859375,0.0,0.0,-0.004218779296875,0.0,0.0506253515625,-0.0039785302734375,-0.0198926513671875,0.0,0.0,0.0,0.0,0.0,0.0,0.0,0.0,0.0,0.0,0.0,0.0,0.0,0.0,0.0,0.0,0.0,0.0,0.0,0.0,0.0,0.0,0.0,0.0,0.0,0.0
1.64081078,0.0,6.981317007781485e-05,-0.00015707963267974634,-0.013788101090755234,0.03826721651460119,0.0,0.0006894050545378505,-6.981317007992427e-05,-0.0001047197551193868,0.0,0.0,0.0,0.015707963267948967,0.0,0.0,0.0,0.0,0.0,0.0,0.0,0.0,0.0,0.0,0.0,0.0,0.00843755859375,-0.012656337890625,0.0,-0.012656337890625,-0.00843755859375,-0.06750046875,0.0039785302734375,-0.01591412109375,0.0,0.0,0.0,0.0,0.0,0.0,0.0,0.0,0.0,0.0,0.0,0.0,0.0,0.0,0.0,0.0,0.0,0.0,0.0,0.0,0.0,0.0,0.0,0.0,0.0,0.0
1.6505739430000002,0.0,6.981317007781485e-05,-0.0002443460952790133,-0.013788101090755234,0.038354482977200455,0.0,0.0006894050545378505,-6.981317007992427e-05,-0.0001047197551193868,0.0,-0.015707963267948967,0.0,-0.017453292519943295,0.0,0.0,0.0,0.0,0.0,0.0,0.0,0.0,0.0,0.0,0.0,0.0,0.004218779296875,-0.021093896484375,0.0,-0.0168751171875,-0.033750234375,0.0168751171875,0.0,-0.0039785302734375,0.0,0.0,0.0,0.0,0.0,0.0,0.0,0.0,0.0,0.0,0.0,0.0,0.0,0.0,0.0,0.0,0.0,0.0,0.0,0.0,0.0,0.0,0.0,0.0,0.0,0.0
1.660806902,0.0,6.981317007781485e-05,-0.0002443460952790133,-0.013788101090755234,0.03826721651460119,0.0,0.0006894050545378505,-6.981317007992427e-05,0.00017453292519986618,0.0,0.0,-0.024434609527920613,0.008726646259971648,0.0,0.0,-0.008726646259971648,0.047123889803846894,0.0,0.0,0.0,0.0,0.0,0.0,0.0,0.0,-0.04218779296875,0.0,0.004218779296875,-0.012656337890625,0.02531267578125,0.00843755859375,0.0,-0.0119355908203125,0.0,0.0,0.0,0.0,0.0,0.0,0.0,0.0,0.0,0.0,0.0,0.0,0.0,0.0,0.0,0.0,0.0,0.0,0.0,0.0,0.0,0.0,0.0,0.0,0.0,0.0
1.6705411280000002,0.0,6.981317007781485e-05,-0.0002443460952790133,-0.013875367553355389,0.03826721651460119,0.0,0.0006894050545378505,-6.981317007992427e-05,0.00036651914291896404,0.0,0.0,-0.0017453292519943296,0.0,0.0,0.0,0.0,0.08901179185171082,0.0,0.0,0.0,0.0,0.0,0.0,0.0,0.0,0.004218779296875,0.004218779296875,0.0,0.037969013671875,0.02531267578125,0.00843755859375,-0.0039785302734375,0.007957060546875,0.0,0.0,0.0,0.0,0.0,0.0,0.0,0.0,0.0,0.0,0.0,0.0,0.0,0.0,0.0,0.0,0.0,0.0,0.0,0.0,0.0,0.0,0.0,0.0,0.0,0.0
1.6807802010000001,0.0,6.981317007781485e-05,-0.0002443460952790133,-0.013875367553355389,0.03826721651460119,0.0,0.0006894050545378505,-6.981317007992427e-05,0.00036651914291896404,0.0,-0.0017453292519943296,0.0,-0.05934119456780721,0.0,0.0,0.008726646259971648,-0.050614548307835565,0.0,0.0,0.0,0.0,0.0,0.0,0.0,0.0,0.004218779296875,-0.00843755859375,0.0,-0.0168751171875,-0.04218779296875,-0.07593802734375,-0.0039785302734375,-0.01591412109375,0.0,0.0,0.0,0.0,0.0,0.0,0.0,0.0,0.0,0.0,0.0,0.0,0.0,0.0,0.0,0.0,0.0,0.0,0.0,0.0,0.0,0.0,0.0,0.0,0.0,0.0
1.6906074450000002,0.0,6.981317007781485e-05,-0.0002443460952790133,-0.013875367553355389,0.038162496759482245,0.0,0.0006894050545378505,-6.981317007992427e-05,0.00026179938779957723,0.0,-0.008726646259971648,0.0,0.010471975511965978,0.0,0.0,0.0,-0.031415926535897934,0.0,0.0,0.0,0.0,0.0,0.0,0.0,0.0,0.004218779296875,0.0,-0.004218779296875,-0.004218779296875,0.02531267578125,0.0168751171875,0.0,0.0039785302734375,0.0,0.0,0.0,0.0,0.0,0.0,0.0,0.0,0.0,0.0,0.0,0.0,0.0,0.0,0.0,0.0,0.0,0.0,0.0,0.0,0.0,0.0,0.0,0.0,0.0,0.0
1.702540594,0.0,6.981317007781485e-05,-0.00015707963267974634,-0.013788101090755234,0.0380752302968812,0.0,0.0006894050545378505,-6.981317007992427e-05,-1.7453292519231667e-05,0.0,0.0,0.017453292519943295,0.0,0.0,0.0,0.0,-0.020943951023931956,0.0,0.0,0.0,0.0,0.0,0.0,0.0,0.0,-0.04218779296875,-0.00843755859375,0.0,-0.012656337890625,-0.04218779296875,0.033750234375,0.0,0.0,0.0,0.0,0.0,0.0,0.0,0.0,0.0,0.0,0.0,0.0,0.0,0.0,0.0,0.0,0.0,0.0,0.0,0.0,0.0,0.0,0.0,0.0,0.0,0.0,0.0,0.0
1.7108406250000001,0.0,6.981317007781485e-05,-0.0002443460952790133,-0.013683381335636291,0.03797051054176137,0.0,0.0006894050545378505,-6.981317007992427e-05,-0.00029670597283848466,0.0,-0.008726646259971648,0.017453292519943295,-0.027925268031909273,0.0,0.0,0.003490658503988659,-0.02617993877991494,0.0,0.0,0.0,0.0,0.0,0.0,0.0,0.0,0.004218779296875,0.004218779296875,0.0,-0.004218779296875,0.02531267578125,0.02531267578125,-0.0039785302734375,-0.0039785302734375,0.0,0.0,0.0,0.0,0.0,0.0,0.0,0.0,0.0,0.0,0.0,0.0,0.0,0.0,0.0,0.0,0.0,0.0,0.0,0.0,0.0,0.0,0.0,0.0,0.0,0.0
1.7208226640000002,0.0,6.981317007781485e-05,-0.0002443460952790133,-0.013683381335636291,0.03797051054176137,0.0,0.0006894050545378505,-6.981317007992427e-05,-0.00029670597283848466,0.0,0.0,0.0,0.0,0.0,0.0,0.0,0.0,0.0,0.0,0.0,0.0,0.0,0.0,0.0,0.0,0.004218779296875,0.0,0.0,-0.012656337890625,0.033750234375,0.02531267578125,0.0,0.0,0.0,0.0,0.0,0.0,0.0,0.0,0.0,0.0,0.0,0.0,0.0,0.0,0.0,0.0,0.0,0.0,0.0,0.0,0.0,0.0,0.0,0.0,0.0,0.0,0.0,0.0
1.730788792,0.0,6.981317007781485e-05,-0.0002443460952790133,-0.013683381335636291,0.0380752302968812,0.0,0.0006894050545378505,-6.981317007992427e-05,-0.0002094395102387736,0.0,0.0,0.0,-0.006981317007977318,0.0,0.0,0.0,0.038397243543875255,0.0,0.0,0.0,0.0,0.0,0.0,0.0,0.0,-0.021093896484375,-0.00843755859375,0.0,-0.012656337890625,0.0,0.02531267578125,0.0,-0.01591412109375,0.0,0.0,0.0,0.0,0.0,0.0,0.0,0.0,0.0,0.0,0.0,0.0,0.0,0.0,0.0,0.0,0.0,0.0,0.0,0.0,0.0,0.0,0.0,0.0,0.0,0.0
1.740814072,0.0,6.981317007781485e-05,-0.0002443460952790133,-0.013683381335636291,0.037883244079162104,0.0,0.0006894050545378505,-6.981317007992427e-05,6.981317008047938e-05,0.0,0.0,-0.029670597283903605,0.008726646259971648,0.0,0.0,-0.008726646259971648,0.03665191429188092,0.0,0.0,0.0,0.0,0.0,0.0,0.0,0.0,-0.02531267578125,0.0,0.0,-0.012656337890625,0.02531267578125,0.02531267578125,0.0,0.007957060546875,0.0,0.0,0.0,0.0,0.0,0.0,0.0,0.0,0.0,0.0,0.0,0.0,0.0,0.0,0.0,0.0,0.0,0.0,0.0,0.0,0.0,0.0,0.0,0.0,0.0,0.0
1.750697586,0.0,6.981317007781485e-05,-0.0002443460952790133,-0.013875367553355389,0.037883244079162104,0.0,0.0006894050545378505,-6.981317007992427e-05,0.00045378560551911917,0.0,0.0,0.0,0.0,0.0,0.0,0.008726646259971648,0.09075712110370514,0.0,0.0,0.0,0.0,0.0,0.0,0.0,0.0,-0.04218779296875,0.0,0.0,0.0,0.0,0.02531267578125,0.0039785302734375,-0.01591412109375,0.0,0.0,0.0,0.0,0.0,0.0,0.0,0.0,0.0,0.0,0.0,0.0,0.0,0.0,0.0,0.0,0.0,0.0,0.0,0.0,0.0,0.0,0.0,0.0,0.0,0.0
1.7605348470000002,0.0,6.981317007781485e-05,-0.0002443460952790133,-0.013875367553355389,0.037883244079162104,0.0,0.0006894050545378505,-6.981317007992427e-05,0.0005585053606389501,0.0,0.0,0.0,-0.05585053606381855,0.0,0.0,0.0,-0.038397243543875255,0.0,0.0,0.0,0.0,0.0,0.0,0.0,0.0,-0.04218779296875,0.004218779296875,0.0,-0.021093896484375,0.00843755859375,0.0168751171875,0.0,0.01591412109375,0.0,0.0,0.0,0.0,0.0,0.0,0.0,0.0,0.0,0.0,0.0,0.0,0.0,0.0,0.0,0.0,0.0,0.0,0.0,0.0,0.0,0.0,0.0,0.0,0.0,0.0
1.7705316070000001,0.0,6.981317007781485e-05,-0.00015707963267974634,-0.013980087308474332,0.03777852432404316,0.0,0.0006894050545378505,-6.981317007992427e-05,0.00045378560551911917,0.0,0.0,0.0,0.008726646259971648,0.0,0.0,0.0,-0.04537856055185257,0.0,0.0,0.0,0.0,0.0,0.0,0.0,0.0,-0.02531267578125,0.0,0.0,-0.00843755859375,0.0,-0.04218779296875,0.0,0.01591412109375,0.0,0.0,0.0,0.0,0.0,0.0,0.0,0.0,0.0,0.0,0.0,0.0,0.0,0.0,0.0,0.0,0.0,0.0,0.0,0.0,0.0,0.0,0.0,0.0,0.0,0.0
1.7807201000000001,0.0,6.981317007781485e-05,-0.00015707963267974634,-0.013875367553355389,0.03769125786144212,0.0,0.0006894050545378505,-6.981317007992427e-05,0.00017453292519986618,0.0,0.0,0.012217304763960306,0.0,0.0,0.0,0.0,-0.008726646259971648,0.0,0.0,0.0,0.0,0.0,0.0,0.0,0.0,-0.04218779296875,-0.00843755859375,0.0,-0.012656337890625,0.0,0.0168751171875,0.0,0.007957060546875,0.0,0.0,0.0,0.0,0.0,0.0,0.0,0.0,0.0,0.0,0.0,0.0,0.0,0.0,0.0,0.0,0.0,0.0,0.0,0.0,0.0,0.0,0.0,0.0,0.0,0.0
1.7904689530000002,0.0,-1.7453292521452113e-05,-0.00015707963267974634,-0.013683381335636291,0.037586538106323175,0.0,0.0006894050545378505,-6.981317007992427e-05,-0.0002094395102387736,-0.008726646259971648,0.0,0.0,-0.020943951023931956,0.0,0.0,0.0,-0.020943951023931956,0.0,0.0,0.0,0.0,0.0,0.0,0.0,0.0,-0.037969013671875,-0.00843755859375,0.0,-0.012656337890625,-0.00843755859375,-0.05906291015625,0.0,0.0039785302734375,0.0,0.0,0.0,0.0,0.0,0.0,0.0,0.0,0.0,0.0,0.0,0.0,0.0,0.0,0.0,0.0,0.0,0.0,0.0,0.0,0.0,0.0,0.0,0.0,0.0,0.0
1.802469687,0.0,-1.7453292521452113e-05,-0.0002443460952790133,-0.013683381335636291,0.037586538106323175,0.0,0.0006894050545378505,-6.981317007992427e-05,-0.00029670597283848466,0.0,-0.008726646259971648,0.0,0.008726646259971648,0.0,0.0,0.0,-0.017453292519943295,0.0,0.0,0.0,0.0,0.0,0.0,0.0,0.0,-0.02531267578125,0.029531455078125,0.0,-0.021093896484375,0.0,-0.07593802734375,0.0,0.0,0.0,0.0,0.0,0.0,0.0,0.0,0.0,0.0,0.0,0.0,0.0,0.0,0.0,0.0,0.0,0.0,0.0,0.0,0.0,0.0,0.0,0.0,0.0,0.0,0.0,0.0
1.8106202770000002,0.0,-1.7453292521452113e-05,-0.0002443460952790133,-0.013683381335636291,0.03769125786144212,0.0,0.0006894050545378505,-6.981317007992427e-05,-0.00029670597283848466,0.0,0.0,0.0,-0.008726646259971648,0.0,0.0,0.0,0.012217304763960306,0.0,0.0,0.0,0.0,0.0,0.0,0.0,0.0,-0.021093896484375,0.02531267578125,0.0,-0.0168751171875,0.0,0.033750234375,0.0,0.0,0.0,0.0,0.0,0.0,0.0,0.0,0.0,0.0,0.0,0.0,0.0,0.0,0.0,0.0,0.0,0.0,0.0,0.0,0.0,0.0,0.0,0.0,0.0,0.0,0.0,0.0
1.8209340520000001,0.0,-1.7453292521452113e-05,-0.0002443460952790133,-0.013788101090755234,0.03749927164372391,0.0,0.0006894050545378505,-6.981317007992427e-05,-1.7453292519231667e-05,0.0,0.0,-0.019198621771937627,0.0,0.0,0.0,-0.008726646259971648,0.04188790204786391,0.0,0.0,0.0,0.0,0.0,0.0,0.0,0.0,-0.04218779296875,0.0,0.0,-0.012656337890625,0.0,-0.04218779296875,0.0,0.0039785302734375,0.0,0.0,0.0,0.0,0.0,0.0,0.0,0.0,0.0,0.0,0.0,0.0,0.0,0.0,0.0,0.0,0.0,0.0,0.0,0.0,0.0,0.0,0.0,0.0,0.0,0.0
1.830554774,0.0,-1.7453292521452113e-05,-0.0002443460952790133,-0.013875367553355389,0.03749927164372391,0.0,0.0006894050545378505,-0.0001570796326796492,0.0005585053606389501,0.0,0.0,0.0,0.0,0.0,0.0,0.0,0.09250245035569947,0.0,0.0,0.0,0.0,0.0,0.0,0.0,0.0,-0.04218779296875,0.033750234375,0.004218779296875,-0.004218779296875,0.0,-0.05906291015625,0.0039785302734375,-0.01591412109375,0.0,0.0,0.0,0.0,0.0,0.0,0.0,0.0,0.0,0.0,0.0,0.0,0.0,0.0,0.0,0.0,0.0,0.0,0.0,0.0,0.0,0.0,0.0,0.0,0.0,0.0
1.8405435,0.0,-1.7453292521452113e-05,-0.0002443460952790133,-0.013875367553355389,0.03730728542600392,0.0,0.0006894050545378505,-6.981317007992427e-05,0.0006457718232391052,0.0,0.0,0.0,-0.054105206811824215,0.0,0.0,0.0,-0.020943951023931956,0.0,0.0,0.0,0.0,0.0,0.0,0.0,0.0,-0.037969013671875,0.021093896484375,0.004218779296875,0.0,0.0,0.0168751171875,0.0,0.007957060546875,0.0,0.0,0.0,0.0,0.0,0.0,0.0,0.0,0.0,0.0,0.0,0.0,0.0,0.0,0.0,0.0,0.0,0.0,0.0,0.0,0.0,0.0,0.0,0.0,0.0,0.0
1.8505518150000002,0.0,-1.7453292521452113e-05,-0.0002443460952790133,-0.013875367553355389,0.03720256567088498,0.0,0.0006894050545378505,-6.981317007992427e-05,0.0006457718232391052,0.0,0.0,0.0,0.0,0.0,0.0,0.0,-0.008726646259971648,0.0,0.0,0.0,0.0,0.0,0.0,0.0,0.0,-0.04218779296875,0.033750234375,0.004218779296875,-0.004218779296875,-0.00843755859375,0.02531267578125,0.0039785302734375,-0.0198926513671875,0.0,0.0,0.0,0.0,0.0,0.0,0.0,0.0,0.0,0.0,0.0,0.0,0.0,0.0,0.0,0.0,0.0,0.0,0.0,0.0,0.0,0.0,0.0,0.0,0.0,0.0
1.86051183,0.0,-1.7453292521452113e-05,-0.00015707963267974634,-0.013875367553355389,0.03701057945316499,0.0,0.0006894050545378505,-6.981317007992427e-05,0.00026179938779957723,0.0,0.0,0.012217304763960306,-0.012217304763960306,0.0,0.0,0.0,-0.017453292519943295,0.0,0.0,0.0,0.0,0.0,0.0,0.0,0.0,-0.04218779296875,0.033750234375,0.004218779296875,-0.012656337890625,-0.04218779296875,0.0506253515625,0.0,-0.0039785302734375,0.0,0.0,0.0,0.0,0.0,0.0,0.0,0.0,0.0,0.0,0.0,0.0,0.0,0.0,0.0,0.0,0.0,0.0,0.0,0.0,0.0,0.0,0.0,0.0,0.0,0.0
1.870495723,0.0,-1.7453292521452113e-05,-0.0002443460952790133,-0.013683381335636291,0.036818593235445896,0.0,0.0006894050545378505,-6.981317007992427e-05,-0.0001047197551193868,0.0,0.0,0.0,-0.031415926535897934,0.0,0.0,0.0,-0.03490658503988659,0.0,0.0,0.0,0.0,0.0,0.0,0.0,0.0,-0.037969013671875,0.02531267578125,0.0,-0.00843755859375,-0.00843755859375,0.00843755859375,0.0,0.0039785302734375,0.0,0.0,0.0,0.0,0.0,0.0,0.0,0.0,0.0,0.0,0.0,0.0,0.0,0.0,0.0,0.0,0.0,0.0,0.0,0.0,0.0,0.0,0.0,0.0,0.0,0.0
1.880492547,0.0,-1.7453292521452113e-05,-0.0002443460952790133,-0.013683381335636291,0.036923312990565726,0.0,0.0006894050545378505,-6.981317007992427e-05,-0.00040142572795787146,0.0,0.0,0.0,0.0,0.0,0.0,0.012217304763960306,-0.019198621771937627,0.0,0.0,0.0,0.0,0.0,0.0,0.0,0.0,0.021093896484375,0.033750234375,0.0,-0.012656337890625,-0.02531267578125,0.0168751171875,0.0,-0.007957060546875,0.0,0.0,0.0,0.0,0.0,0.0,0.0,0.0,0.0,0.0,0.0,0.0,0.0,0.0,0.0,0.0,0.0,0.0,0.0,0.0,0.0,0.0,0.0,0.0,0.0,0.0
1.890510978,0.0,-1.7453292521452113e-05,-0.0002443460952790133,-0.013683381335636291,0.036923312990565726,0.0,0.0006894050545378505,-6.981317007992427e-05,-0.00040142572795787146,0.0,0.0,0.0,-0.005235987755982989,0.0,0.0,0.0,0.0,0.0,0.0,0.0,0.0,0.0,0.0,0.0,0.0,-0.021093896484375,0.029531455078125,0.0,-0.021093896484375,-0.033750234375,-0.06750046875,0.0,0.007957060546875,0.0,0.0,0.0,0.0,0.0,0.0,0.0,0.0,0.0,0.0,0.0,0.0,0.0,0.0,0.0,0.0,0.0,0.0,0.0,0.0,0.0,0.0,0.0,0.0,0.0,0.0
1.902401986,0.0,-1.7453292521452113e-05,-0.0002443460952790133,-0.013683381335636291,0.036818593235445896,0.0,0.0006894050545378505,-0.0001570796326796492,-0.0002094395102387736,0.0,0.0,0.0,0.0,0.0,0.0,-0.005235987755982989,0.0,0.0,0.0,0.0,0.0,0.0,0.0,0.0,0.0,0.0168751171875,0.033750234375,-0.004218779296875,0.0,-0.00843755859375,0.0168751171875,0.0039785302734375,-0.007957060546875,0.0,0.0,0.0,0.0,0.0,0.0,0.0,0.0,0.0,0.0,0.0,0.0,0.0,0.0,0.0,0.0,0.0,0.0,0.0,0.0,0.0,0.0,0.0,0.0,0.0,0.0
1.911133951,0.0,6.981317007781485e-05,-0.0002443460952790133,-0.013683381335636291,0.03673132677284574,0.0,0.0006370451769779351,-0.0001570796326796492,0.00036651914291896404,0.0,0.0,-0.008726646259971648,0.008726646259971648,0.0,0.0,0.0,0.08552113334772216,0.0,0.0,0.0,0.0,0.0,0.0,0.0,0.0,-0.04218779296875,0.02531267578125,0.0,0.037969013671875,0.0,0.00843755859375,0.0,0.007957060546875,0.0,0.0,0.0,0.0,0.0,0.0,0.0,0.0,0.0,0.0,0.0,0.0,0.0,0.0,0.0,0.0,0.0,0.0,0.0,0.0,0.0,0.0,0.0,0.0,0.0,0.0
1.921309833,0.0,6.981317007781485e-05,-0.0002443460952790133,-0.013683381335636291,0.03653934055512664,0.0,0.0006894050545378505,-6.981317007992427e-05,0.0005585053606389501,0.017453292519943295,0.0,0.0,-0.047123889803846894,0.0,0.0,0.015707963267948967,0.0,0.0,0.0,0.0,0.0,0.0,0.0,0.0,0.0,0.012656337890625,0.033750234375,0.0,0.037969013671875,-0.00843755859375,0.00843755859375,0.0039785302734375,0.01591412109375,0.0,0.0,0.0,0.0,0.0,0.0,0.0,0.0,0.0,0.0,0.0,0.0,0.0,0.0,0.0,0.0,0.0,0.0,0.0,0.0,0.0,0.0,0.0,0.0,0.0,0.0
1.9308318070000001,0.0,6.981317007781485e-05,-0.0002443460952790133,-0.013788101090755234,0.03653934055512664,0.0,0.0006894050545378505,-6.981317007992427e-05,0.0005585053606389501,0.0,0.0,0.0,0.0,0.0,0.0,0.0,-0.015707963267948967,0.0,0.0,0.0,0.0,0.0,0.0,0.0,0.0,0.012656337890625,0.037969013671875,-0.004218779296875,0.029531455078125,-0.033750234375,0.02531267578125,0.0,0.0039785302734375,0.0,0.0,0.0,0.0,0.0,0.0,0.0,0.0,0.0,0.0,0.0,0.0,0.0,0.0,0.0,0.0,0.0,0.0,0.0,0.0,0.0,0.0,0.0,0.0,0.0,0.0
1.940999463,0.0,6.981317007781485e-05,-0.00015707963267974634,-0.013683381335636291,0.0364346208000077,0.0,0.0006894050545378505,1.74532925197729e-05,0.00036651914291896404,0.0,0.0,0.0,0.0,0.0,0.006981317007977318,0.0,0.0,0.0,0.0,0.0,0.0,0.0,0.0,0.0,0.0,0.021093896484375,0.033750234375,0.0,0.033750234375,-0.02531267578125,0.00843755859375,0.0,0.007957060546875,0.0,0.0,0.0,0.0,0.0,0.0,0.0,0.0,0.0,0.0,0.0,0.0,0.0,0.0,0.0,0.0,0.0,0.0,0.0,0.0,0.0,0.0,0.0,0.0,0.0,0.0
1.9508956510000002,0.0,6.981317007781485e-05,-0.00015707963267974634,-0.013596114873036136,0.03634735433740666,0.0,0.0006894050545378505,1.74532925197729e-05,-0.0001047197551193868,0.0,0.0,0.0,-0.017453292519943295,0.0,0.0,0.0,0.0,0.0,0.0,0.0,0.0,0.0,0.0,0.0,0.0,0.012656337890625,0.037969013671875,0.0,0.037969013671875,-0.033750234375,0.00843755859375,0.0,0.0039785302734375,0.0,0.0,0.0,0.0,0.0,0.0,0.0,0.0,0.0,0.0,0.0,0.0,0.0,0.0,0.0,0.0,0.0,0.0,0.0,0.0,0.0,0.0,0.0,0.0,0.0,0.0
1.960894332,0.0,6.981317007781485e-05,-0.00015707963267974634,-0.013596114873036136,0.03634735433740666,0.0,0.0006894050545378505,1.74532925197729e-05,-0.00040142572795787146,0.0,-0.003490658503988659,0.0,0.0,0.0,0.0,0.0,0.0,0.0,0.0,0.0,0.0,0.0,0.0,0.0,0.0,0.0168751171875,0.02531267578125,-0.004218779296875,0.029531455078125,-0.033750234375,0.00843755859375,0.0,0.0,0.0,0.0,0.0,0.0,0.0,0.0,0.0,0.0,0.0,0.0,0.0,0.0,0.0,0.0,0.0,0.0,0.0,0.0,0.0,0.0,0.0,0.0,0.0,0.0,0.0,0.0
1.9710090770000002,0.0,6.981317007781485e-05,-0.0002443460952790133,-0.013596114873036136,0.0364346208000077,0.0,0.0006894050545378505,1.74532925197729e-05,-0.00040142572795787146,0.0,0.0,0.0,0.0,0.0,0.0,0.0,0.0,0.0,0.0,0.0,0.0,0.0,0.0,0.0,0.0,0.012656337890625,0.033750234375,0.0,0.037969013671875,0.033750234375,0.0168751171875,0.0,0.0039785302734375,0.0,0.0,0.0,0.0,0.0,0.0,0.0,0.0,0.0,0.0,0.0,0.0,0.0,0.0,0.0,0.0,0.0,0.0,0.0,0.0,0.0,0.0,0.0,0.0,0.0,0.0
1.980916821,0.0,6.981317007781485e-05,-0.0002443460952790133,-0.013683381335636291,0.03634735433740666,0.0,0.0006894050545378505,-0.0001570796326796492,-0.0002094395102387736,0.0,0.0,0.0,0.0,0.0,0.0,-0.02617993877991494,0.027925268031909273,0.0,0.0,0.0,0.0,0.0,0.0,0.0,0.0,0.021093896484375,-0.00843755859375,0.0,0.033750234375,0.0,0.0168751171875,-0.0039785302734375,0.007957060546875,0.0,0.0,0.0,0.0,0.0,0.0,0.0,0.0,0.0,0.0,0.0,0.0,0.0,0.0,0.0,0.0,0.0,0.0,0.0,0.0,0.0,0.0,0.0,0.0,0.0,0.0
1.9911385400000001,0.0,6.981317007781485e-05,-0.00015707963267974634,-0.013683381335636291,0.036242634582287714,0.0,0.0006894050545378505,-0.0001570796326796492,0.00026179938779957723,0.0,0.0,0.0,0.0,0.0,0.0,-0.017453292519943295,0.03490658503988659,0.0,0.0,0.0,0.0,0.0,0.0,0.0,0.0,0.021093896484375,-0.0168751171875,0.0,0.033750234375,0.0,0.0168751171875,0.0,0.0,0.0,0.0,0.0,0.0,0.0,0.0,0.0,0.0,0.0,0.0,0.0,0.0,0.0,0.0,0.0,0.0,0.0,0.0,0.0,0.0,0.0,0.0,0.0,0.0,0.0,0.0
2.002522497,0.0,6.981317007781485e-05,-0.00015707963267974634,-0.013683381335636291,0.03615536811968845,0.0,0.0006894050545378505,-0.0001570796326796492,0.00036651914291896404,0.0,0.0,0.0,-0.015707963267948967,0.0,0.0,0.008726646259971648,0.0,0.0,0.0,0.0,0.0,0.0,0.0,0.0,0.0,0.021093896484375,-0.0168751171875,0.004218779296875,0.029531455078125,0.0,0.0168751171875,0.0,0.0119355908203125,0.0,0.0,0.0,0.0,0.0,0.0,0.0,0.0,0.0,0.0,0.0,0.0,0.0,0.0,0.0,0.0,0.0,0.0,0.0,0.0,0.0,0.0,0.0,0.0,0.0,0.0
2.011011003,0.0,6.981317007781485e-05,-0.00015707963267974634,-0.013683381335636291,0.036242634582287714,0.0,0.0006894050545378505,-6.981317007992427e-05,0.00036651914291896404,0.0,0.0,-0.008726646259971648,0.0,0.0,0.0,0.008726646259971648,0.008726646259971648,0.0,0.0,0.0,0.0,0.0,0.0,0.0,0.0,0.021093896484375,0.02531267578125,0.0,0.029531455078125,0.02531267578125,0.00843755859375,0.0,0.0119355908203125,0.0,0.0,0.0,0.0,0.0,0.0,0.0,0.0,0.0,0.0,0.0,0.0,0.0,0.0,0.0,0.0,0.0,0.0,0.0,0.0,0.0,0.0,0.0,0.0,0.0,0.0
2.020853513,0.0,6.981317007781485e-05,-5.235987755902727e-05,-0.013683381335636291,0.03615536811968845,0.0,0.0006894050545378505,1.74532925197729e-05,0.00017453292519986618,0.0,0.0,0.0,0.0,0.0,0.0,0.0,-0.005235987755982989,0.0,0.0,0.0,0.0,0.0,0.0,0.0,0.0,0.021093896484375,0.033750234375,0.004218779296875,-0.004218779296875,0.0,0.033750234375,0.0039785302734375,-0.0119355908203125,0.0,0.0,0.0,0.0,0.0,0.0,0.0,0.0,0.0,0.0,0.0,0.0,0.0,0.0,0.0,0.0,0.0,0.0,0.0,0.0,0.0,0.0,0.0,0.0,0.0,0.0
2.0308401590000003,0.0,6.981317007781485e-05,-5.235987755902727e-05,-0.013596114873036136,0.036242634582287714,0.0,0.0006894050545378505,1.74532925197729e-05,-0.0002094395102387736,0.0,0.0,0.0,0.0,0.0,0.0,0.0,-0.04537856055185257,0.0,0.0,0.0,0.0,0.0,0.0,0.0,0.0,0.0168751171875,-0.012656337890625,0.0,-0.021093896484375,0.02531267578125,-0.07593802734375,0.0,-0.0119355908203125,0.0,0.0,0.0,0.0,0.0,0.0,0.0,0.0,0.0,0.0,0.0,0.0,0.0,0.0,0.0,0.0,0.0,0.0,0.0,0.0,0.0,0.0,0.0,0.0,0.0,0.0
2.040693392,0.0,6.981317007781485e-05,-5.235987755902727e-05,-0.013596114873036136,0.03634735433740666,0.0,0.0006894050545378505,1.74532925197729e-05,-0.00029670597283848466,0.0,0.0,0.0,0.0,0.0,0.0,0.0,-0.012217304763960306,0.0,0.0,0.0,0.0,0.0,0.0,0.0,0.0,0.0168751171875,0.033750234375,0.004218779296875,-0.004218779296875,0.0,-0.07593802734375,0.0,-0.01591412109375,0.0,0.0,0.0,0.0,0.0,0.0,0.0,0.0,0.0,0.0,0.0,0.0,0.0,0.0,0.0,0.0,0.0,0.0,0.0,0.0,0.0,0.0,0.0,0.0,0.0,0.0
2.050746712,0.0,6.981317007781485e-05,-5.235987755902727e-05,-0.013596114873036136,0.03634735433740666,0.0,0.0006894050545378505,1.74532925197729e-05,-0.0002094395102387736,0.0,0.0,0.0,0.008726646259971648,0.0,0.0,0.0,0.0,0.0,0.0,0.0,0.0,0.0,0.0,0.0,0.0,0.0168751171875,-0.012656337890625,0.0,-0.021093896484375,0.0,-0.05906291015625,0.0,0.007957060546875,0.0,0.0,0.0,0.0,0.0,0.0,0.0,0.0,0.0,0.0,0.0,0.0,0.0,0.0,0.0,0.0,0.0,0.0,0.0,0.0,0.0,0.0,0.0,0.0,0.0,0.0
2.061109205,0.0,6.981317007781485e-05,-0.00015707963267974634,-0.013683381335636291,0.03634735433740666,0.0,0.0006894050545378505,-6.981317007992427e-05,-1.7453292519231667e-05,0.0,0.0,0.0,0.0,0.0,0.0,0.0,0.04537856055185257,0.0,0.0,0.0,0.0,0.0,0.0,0.0,0.0,0.0168751171875,-0.012656337890625,-0.004218779296875,-0.012656337890625,-0.033750234375,0.0,0.0,0.0039785302734375,0.0,0.0,0.0,0.0,0.0,0.0,0.0,0.0,0.0,0.0,0.0,0.0,0.0,0.0,0.0,0.0,0.0,0.0,0.0,0.0,0.0,0.0,0.0,0.0,0.0,0.0
2.070856617,0.0,6.981317007781485e-05,-5.235987755902727e-05,-0.013683381335636291,0.036242634582287714,0.0,0.0006894050545378505,-0.0001570796326796492,0.00017453292519986618,0.0,0.005235987755982989,0.0,-0.008726646259971648,0.0,0.0,-0.012217304763960306,0.019198621771937627,0.0,0.0,0.0,0.0,0.0,0.0,0.0,0.0,0.00843755859375,-0.012656337890625,0.0,0.0,0.02531267578125,-0.05906291015625,0.0,0.007957060546875,0.0,0.0,0.0,0.0,0.0,0.0,0.0,0.0,0.0,0.0,0.0,0.0,0.0,0.0,0.0,0.0,0.0,0.0,0.0,0.0,0.0,0.0,0.0,0.0,0.0,0.0
2.0809057120000003,0.0,6.981317007781485e-05,-5.235987755902727e-05,-0.013596114873036136,0.036242634582287714,0.0,0.0006894050545378505,-0.0001570796326796492,0.00026179938779957723,0.0,0.019198621771937627,0.0,0.0,0.0,0.0,0.0,0.0,0.0,0.0,0.0,0.0,0.0,0.0,0.0,0.0,0.012656337890625,-0.0168751171875,0.0,-0.012656337890625,0.0168751171875,0.02531267578125,0.0,0.0039785302734375,0.0,0.0,0.0,0.0,0.0,0.0,0.0,0.0,0.0,0.0,0.0,0.0,0.0,0.0,0.0,0.0,0.0,0.0,0.0,0.0,0.0,0.0,0.0,0.0,0.0,0.0
2.090728345,0.0,6.981317007781485e-05,-5.235987755902727e-05,-0.013596114873036136,0.03634735433740666,0.0,0.0006894050545378505,-6.981317007992427e-05,0.00017453292519986618,0.0,0.0,0.0,0.0,0.0,0.0,0.015707963267948967,0.0,0.0,0.0,0.0,0.0,0.0,0.0,0.0,0.0,0.004218779296875,-0.021093896484375,0.0,-0.012656337890625,0.0,-0.04218779296875,0.0039785302734375,-0.0198926513671875,0.0,0.0,0.0,0.0,0.0,0.0,0.0,0.0,0.0,0.0,0.0,0.0,0.0,0.0,0.0,0.0,0.0,0.0,0.0,0.0,0.0,0.0,0.0,0.0,0.0,0.0
2.1025661550000003,0.0,6.981317007781485e-05,-5.235987755902727e-05,-0.013596114873036136,0.03634735433740666,0.0,0.0006894050545378505,1.74532925197729e-05,-1.7453292519231667e-05,0.0,0.0,0.0,0.017453292519943295,0.0,0.0,0.015707963267948967,-0.017453292519943295,0.0,0.0,0.0,0.0,0.0,0.0,0.0,0.0,0.00843755859375,-0.0168751171875,0.004218779296875,0.033750234375,0.0,0.02531267578125,0.0,0.0,0.0,0.0,0.0,0.0,0.0,0.0,0.0,0.0,0.0,0.0,0.0,0.0,0.0,0.0,0.0,0.0,0.0,0.0,0.0,0.0,0.0,0.0,0.0,0.0,0.0,0.0
2.11089116,0.0,6.981317007781485e-05,-5.235987755902727e-05,-0.013596114873036136,0.0364346208000077,0.0,0.0006894050545378505,1.74532925197729e-05,-0.0002094395102387736,0.0,0.0,0.0,0.008726646259971648,0.0,0.0,0.0,-0.031415926535897934,0.0,0.0,0.0,0.0,0.0,0.0,0.0,0.0,0.0168751171875,-0.0168751171875,0.004218779296875,0.037969013671875,0.0,0.0168751171875,0.0,0.007957060546875,0.0,0.0,0.0,0.0,0.0,0.0,0.0,0.0,0.0,0.0,0.0,0.0,0.0,0.0,0.0,0.0,0.0,0.0,0.0,0.0,0.0,0.0,0.0,0.0,0.0,0.0
2.1207488100000003,0.0,6.981317007781485e-05,-5.235987755902727e-05,-0.013596114873036136,0.03653934055512664,0.0,0.0006894050545378505,1.74532925197729e-05,-0.0002094395102387736,0.0,0.0,0.0,0.008726646259971648,0.0,0.0,0.0,-0.003490658503988659,0.0,0.0,0.0,0.0,0.0,0.0,0.0,0.0,0.004218779296875,-0.0168751171875,0.0,0.037969013671875,0.0,-0.0168751171875,0.0,-0.0198926513671875,0.0,0.0,0.0,0.0,0.0,0.0,0.0,0.0,0.0,0.0,0.0,0.0,0.0,0.0,0.0,0.0,0.0,0.0,0.0,0.0,0.0,0.0,0.0,0.0,0.0,0.0
2.130691476,0.0,6.981317007781485e-05,-5.235987755902727e-05,-0.013683381335636291,0.03662660701772591,0.0,0.0006894050545378505,-6.981317007992427e-05,-0.0001047197551193868,0.0,0.0,-0.005235987755982989,0.008726646259971648,0.0,0.0,-0.015707963267948967,0.005235987755982989,0.0,0.0,0.0,0.0,0.0,0.0,0.0,0.0,0.00843755859375,-0.0168751171875,0.0,0.04218779296875,0.0,0.0506253515625,-0.0039785302734375,-0.0119355908203125,0.0,0.0,0.0,0.0,0.0,0.0,0.0,0.0,0.0,0.0,0.0,0.0,0.0,0.0,0.0,0.0,0.0,0.0,0.0,0.0,0.0,0.0,0.0,0.0,0.0,0.0
2.140747101,0.0,6.981317007781485e-05,-5.235987755902727e-05,-0.013683381335636291,0.03653934055512664,0.0,0.0006894050545378505,-6.981317007992427e-05,6.981317008047938e-05,0.0,0.0,0.0,0.0,0.0,0.0,-0.008726646259971648,0.015707963267948967,0.0,0.0,0.0,0.0,0.0,0.0,0.0,0.0,0.012656337890625,-0.012656337890625,0.0,0.033750234375,0.0,0.0168751171875,0.0,0.0119355908203125,0.0,0.0,0.0,0.0,0.0,0.0,0.0,0.0,0.0,0.0,0.0,0.0,0.0,0.0,0.0,0.0,0.0,0.0,0.0,0.0,0.0,0.0,0.0,0.0,0.0,0.0
2.150781439,0.0,6.981317007781485e-05,-5.235987755902727e-05,-0.013788101090755234,0.03653934055512664,0.0,0.0006894050545378505,-6.981317007992427e-05,0.00026179938779957723,0.0,0.0,0.0,-0.013962634015954637,0.0,0.0,0.0,0.012217304763960306,0.0,0.0,0.0,0.0,0.0,0.0,0.0,0.0,0.012656337890625,-0.0168751171875,-0.004218779296875,0.037969013671875,0.0,0.0,0.0,0.0119355908203125,0.0,0.0,0.0,0.0,0.0,0.0,0.0,0.0,0.0,0.0,0.0,0.0,0.0,0.0,0.0,0.0,0.0,0.0,0.0,0.0,0.0,0.0,0.0,0.0,0.0,0.0
2.1608213480000003,0.0,6.981317007781485e-05,-5.235987755902727e-05,-0.013788101090755234,0.03653934055512664,0.0,0.0006894050545378505,-6.981317007992427e-05,0.00026179938779957723,0.0,0.0,0.0,-0.005235987755982989,0.0,0.0,0.0,-0.008726646259971648,0.0,0.0,0.0,0.0,0.0,0.0,0.0,0.0,0.00843755859375,-0.0168751171875,0.0,0.04218779296875,0.0,0.0168751171875,0.0,0.0,0.0,0.0,0.0,0.0,0.0,0.0,0.0,0.0,0.0,0.0,0.0,0.0,0.0,0.0,0.0,0.0,0.0,0.0,0.0,0.0,0.0,0.0,0.0,0.0,0.0,0.0
2.170737414,0.0,6.981317007781485e-05,-5.235987755902727e-05,-0.013788101090755234,0.03653934055512664,0.0,0.0006894050545378505,-6.981317007992427e-05,0.00017453292519986618,0.0,0.0,0.0,0.0,0.0,0.0,0.0,0.0,0.0,0.0,0.0,0.0,0.0,0.0,0.0,0.0,0.004218779296875,-0.0168751171875,0.0,0.029531455078125,-0.02531267578125,0.0168751171875,0.0,0.0039785302734375,0.0,0.0,0.0,0.0,0.0,0.0,0.0,0.0,0.0,0.0,0.0,0.0,0.0,0.0,0.0,0.0,0.0,0.0,0.0,0.0,0.0,0.0,0.0,0.0,0.0,0.0
2.180914704,0.0,6.981317007781485e-05,-5.235987755902727e-05,-0.013683381335636291,0.03653934055512664,0.0,0.0006894050545378505,-6.981317007992427e-05,-1.7453292519231667e-05,0.0,0.0,0.0,0.0,0.0,0.0,0.008726646259971648,-0.017453292519943295,0.0,0.0,0.0,0.0,0.0,0.0,0.0,0.0,0.00843755859375,-0.0168751171875,0.004218779296875,0.033750234375,0.0168751171875,-0.05906291015625,0.0,0.007957060546875,0.0,0.0,0.0,0.0,0.0,0.0,0.0,0.0,0.0,0.0,0.0,0.0,0.0,0.0,0.0,0.0,0.0,0.0,0.0,0.0,0.0,0.0,0.0,0.0,0.0,0.0
2.190647744,0.0,6.981317007781485e-05,-5.235987755902727e-05,-0.013683381335636291,0.03653934055512664,0.0,0.0006894050545378505,-6.981317007992427e-05,-0.0001047197551193868,0.0,0.0,0.0,0.017453292519943295,0.0,0.0,0.0,0.0,0.0,0.0,0.0,0.0,0.0,0.0,0.0,0.0,0.00843755859375,-0.0168751171875,0.0,0.037969013671875,-0.033750234375,0.0168751171875,0.0,0.0,0.0,0.0,0.0,0.0,0.0,0.0,0.0,0.0,0.0,0.0,0.0,0.0,0.0,0.0,0.0,0.0,0.0,0.0,0.0,0.0,0.0,0.0,0.0,0.0,0.0,0.0
2.202541761,0.0,6.981317007781485e-05,-5.235987755902727e-05,-0.013788101090755234,0.03662660701772591,0.0,0.0006894050545378505,-6.981317007992427e-05,-0.0001047197551193868,0.0,0.0,-0.013962634015954637,-0.008726646259971648,0.0,0.0,0.0,0.0,0.0,0.0,0.0,0.0,0.0,0.0,0.0,0.0,0.004218779296875,0.0,-0.004218779296875,-0.021093896484375,0.033750234375,-0.05906291015625,-0.0039785302734375,0.0039785302734375,0.0,0.0,0.0,0.0,0.0,0.0,0.0,0.0,0.0,0.0,0.0,0.0,0.0,0.0,0.0,0.0,0.0,0.0,0.0,0.0,0.0,0.0,0.0,0.0,0.0,0.0
2.2109495100000003,0.0,6.981317007781485e-05,-5.235987755902727e-05,-0.013788101090755234,0.03662660701772591,0.0,0.0006894050545378505,-6.981317007992427e-05,6.981317008047938e-05,0.0,0.0,-0.008726646259971648,0.0,0.0,0.0,-0.005235987755982989,-0.008726646259971648,0.0,0.0,0.0,0.0,0.0,0.0,0.0,0.0,0.004218779296875,-0.00843755859375,0.0,-0.021093896484375,-0.033750234375,0.00843755859375,0.0,0.0039785302734375,0.0,0.0,0.0,0.0,0.0,0.0,0.0,0.0,0.0,0.0,0.0,0.0,0.0,0.0,0.0,0.0,0.0,0.0,0.0,0.0,0.0,0.0,0.0,0.0,0.0,0.0
2.2206904240000003,0.0,6.981317007781485e-05,-5.235987755902727e-05,-0.013788101090755234,0.03653934055512664,0.0,0.0006894050545378505,-6.981317007992427e-05,6.981317008047938e-05,0.0,0.0,0.0,0.0,0.0,0.0,0.0,0.008726646259971648,0.0,0.0,0.0,0.0,0.0,0.0,0.0,0.0,0.00843755859375,-0.00843755859375,0.0,-0.012656337890625,0.02531267578125,-0.05906291015625,-0.0039785302734375,0.007957060546875,0.0,0.0,0.0,0.0,0.0,0.0,0.0,0.0,0.0,0.0,0.0,0.0,0.0,0.0,0.0,0.0,0.0,0.0,0.0,0.0,0.0,0.0,0.0,0.0,0.0,0.0
2.230690097,0.0,6.981317007781485e-05,-5.235987755902727e-05,-0.013788101090755234,0.03653934055512664,0.0,0.0006894050545378505,-6.981317007992427e-05,0.00017453292519986618,0.0,0.0,0.0,0.008726646259971648,0.0,0.0,0.0,0.0,0.0,0.0,0.0,0.0,0.0,0.0,0.0,0.0,0.00843755859375,0.012656337890625,0.0,-0.012656337890625,-0.033750234375,0.00843755859375,0.0,0.007957060546875,0.0,0.0,0.0,0.0,0.0,0.0,0.0,0.0,0.0,0.0,0.0,0.0,0.0,0.0,0.0,0.0,0.0,0.0,0.0,0.0,0.0,0.0,0.0,0.0,0.0,0.0
2.240941071,0.0,6.981317007781485e-05,-5.235987755902727e-05,-0.013788101090755234,0.0364346208000077,0.0,0.0006894050545378505,-6.981317007992427e-05,0.00017453292519986618,0.0,0.008726646259971648,0.0,0.0,0.0,0.0,0.0,-0.019198621771937627,0.0,0.0,0.0,0.0,0.0,0.0,0.0,0.0,0.00843755859375,0.00843755859375,0.0,-0.021093896484375,-0.033750234375,-0.05906291015625,0.0,-0.01591412109375,0.0,0.0,0.0,0.0,0.0,0.0,0.0,0.0,0.0,0.0,0.0,0.0,0.0,0.0,0.0,0.0,0.0,0.0,0.0,0.0,0.0,0.0,0.0,0.0,0.0,0.0
2.250716843,0.0,6.981317007781485e-05,-5.235987755902727e-05,-0.013788101090755234,0.03653934055512664,0.0,0.0006894050545378505,-6.981317007992427e-05,6.981317008047938e-05,0.0,0.0,0.0,0.0,0.0,0.0,0.0,0.0,0.0,0.0,0.0,0.0,0.0,0.0,0.0,0.0,0.00843755859375,-0.00843755859375,-0.004218779296875,-0.021093896484375,0.033750234375,-0.05906291015625,0.0,-0.0119355908203125,0.0,0.0,0.0,0.0,0.0,0.0,0.0,0.0,0.0,0.0,0.0,0.0,0.0,0.0,0.0,0.0,0.0,0.0,0.0,0.0,0.0,0.0,0.0,0.0,0.0,0.0
2.260776629,0.0,6.981317007781485e-05,-5.235987755902727e-05,-0.013788101090755234,0.03653934055512664,0.0,0.0006894050545378505,-6.981317007992427e-05,-1.7453292519231667e-05,0.0,0.0,0.0,0.0,0.0,0.0,0.0,0.0,0.0,0.0,0.0,0.0,0.0,0.0,0.0,0.0,0.012656337890625,-0.00843755859375,0.0,-0.021093896484375,0.0,-0.05906291015625,0.0,0.007957060546875,0.0,0.0,0.0,0.0,0.0,0.0,0.0,0.0,0.0,0.0,0.0,0.0,0.0,0.0,0.0,0.0,0.0,0.0,0.0,0.0,0.0,0.0,0.0,0.0,0.0,0.0
2.2707048910000003,0.0,6.981317007781485e-05,-5.235987755902727e-05,-0.013788101090755234,0.03653934055512664,0.0,0.0006894050545378505,-6.981317007992427e-05,-1.7453292519231667e-05,0.0,0.0,0.0,0.008726646259971648,0.0,0.0,0.0,0.0,0.0,0.0,0.0,0.0,0.0,0.0,0.0,0.0,0.00843755859375,0.0,0.0,-0.00843755859375,0.02531267578125,-0.05906291015625,0.0039785302734375,0.0039785302734375,0.0,0.0,0.0,0.0,0.0,0.0,0.0,0.0,0.0,0.0,0.0,0.0,0.0,0.0,0.0,0.0,0.0,0.0,0.0,0.0,0.0,0.0,0.0,0.0,0.0,0.0
2.2808999140000004,0.0,6.981317007781485e-05,-5.235987755902727e-05,-0.013788101090755234,0.03662660701772591,0.0,0.0006894050545378505,-6.981317007992427e-05,-1.7453292519231667e-05,0.0,0.0,0.0,0.0,0.0,0.0,0.0,0.012217304763960306,0.0,0.0,0.0,0.0,0.0,0.0,0.0,0.0,0.004218779296875,0.0,0.0,-0.012656337890625,-0.02531267578125,0.02531267578125,-0.0039785302734375,-0.0119355908203125,0.0,0.0,0.0,0.0,0.0,0.0,0.0,0.0,0.0,0.0,0.0,0.0,0.0,0.0,0.0,0.0,0.0,0.0,0.0,0.0,0.0,0.0,0.0,0.0,0.0,0.0
2.290687081,0.0,6.981317007781485e-05,-5.235987755902727e-05,-0.013875367553355389,0.03662660701772591,0.0,0.0006894050545378505,-6.981317007992427e-05,6.981317008047938e-05,0.0,0.0,0.0,0.0,0.0,0.0,0.0,-0.020943951023931956,0.0,0.0,0.0,0.0,0.0,0.0,0.0,0.0,0.00843755859375,-0.012656337890625,-0.004218779296875,0.0,-0.00843755859375,-0.0843755859375,0.0,-0.01591412109375,0.0,0.0,0.0,0.0,0.0,0.0,0.0,0.0,0.0,0.0,0.0,0.0,0.0,0.0,0.0,0.0,0.0,0.0,0.0,0.0,0.0,0.0,0.0,0.0,0.0,0.0
2.3024987070000003,0.0,6.981317007781485e-05,-5.235987755902727e-05,-0.013875367553355389,0.03662660701772591,0.0,0.0006894050545378505,-6.981317007992427e-05,6.981317008047938e-05,0.0,0.0,0.0,0.0,0.0,0.0,0.0,-0.04014257279586959,0.0,0.0,0.0,0.0,0.0,0.0,0.0,0.0,0.004218779296875,-0.012656337890625,-0.004218779296875,-0.00843755859375,0.02531267578125,-0.07593802734375,-0.0039785302734375,-0.0119355908203125,0.0,0.0,0.0,0.0,0.0,0.0,0.0,0.0,0.0,0.0,0.0,0.0,0.0,0.0,0.0,0.0,0.0,0.0,0.0,0.0,0.0,0.0,0.0,0.0,0.0,0.0
2.310896533,0.0,6.981317007781485e-05,-5.235987755902727e-05,-0.013875367553355389,0.03662660701772591,0.0,0.0006370451769779351,-6.981317007992427e-05,0.00026179938779957723,0.0,0.0,0.0,0.02617993877991494,0.0,0.0,0.0,0.0,0.0,0.0,0.0,0.0,0.0,0.0,0.0,0.0,0.0,-0.00843755859375,-0.004218779296875,-0.00843755859375,-0.033750234375,0.033750234375,-0.0039785302734375,-0.01591412109375,0.0,0.0,0.0,0.0,0.0,0.0,0.0,0.0,0.0,0.0,0.0,0.0,0.0,0.0,0.0,0.0,0.0,0.0,0.0,0.0,0.0,0.0,0.0,0.0,0.0,0.0
2.3208683900000002,0.0,6.981317007781485e-05,-5.235987755902727e-05,-0.013980087308474332,0.03653934055512664,0.0,0.0006370451769779351,-6.981317007992427e-05,0.00017453292519986618,0.0,0.0,-0.008726646259971648,0.0,0.0,0.0,0.0,0.017453292519943295,0.0,0.0,0.0,0.0,0.0,0.0,0.0,0.0,0.004218779296875,-0.012656337890625,-0.004218779296875,-0.004218779296875,0.02531267578125,-0.07593802734375,0.0,-0.0198926513671875,0.0,0.0,0.0,0.0,0.0,0.0,0.0,0.0,0.0,0.0,0.0,0.0,0.0,0.0,0.0,0.0,0.0,0.0,0.0,0.0,0.0,0.0,0.0,0.0,0.0,0.0
2.330712309,0.0,6.981317007781485e-05,-5.235987755902727e-05,-0.013980087308474332,0.03662660701772591,0.0,0.0006370451769779351,-6.981317007992427e-05,6.981317008047938e-05,0.0,0.0,0.0,0.0,0.0,0.0,0.0,0.0,0.0,0.0,0.0,0.0,0.0,0.0,0.0,0.0,0.004218779296875,-0.00843755859375,-0.004218779296875,-0.012656337890625,-0.033750234375,0.02531267578125,0.0,0.0,0.0,0.0,0.0,0.0,0.0,0.0,0.0,0.0,0.0,0.0,0.0,0.0,0.0,0.0,0.0,0.0,0.0,0.0,0.0,0.0,0.0,0.0,0.0,0.0,0.0,0.0
2.340779585,0.0,6.981317007781485e-05,-5.235987755902727e-05,-0.013980087308474332,0.03662660701772591,0.0,0.0006370451769779351,-6.981317007992427e-05,-1.7453292519231667e-05,0.0,0.0,0.0,0.0,0.0,0.0,0.0,-0.0017453292519943296,0.0,0.0,0.0,0.0,0.0,0.0,0.0,0.0,0.004218779296875,-0.012656337890625,0.0,0.033750234375,0.0168751171875,0.02531267578125,0.0,0.0039785302734375,0.0,0.0,0.0,0.0,0.0,0.0,0.0,0.0,0.0,0.0,0.0,0.0,0.0,0.0,0.0,0.0,0.0,0.0,0.0,0.0,0.0,0.0,0.0,0.0,0.0,0.0
2.350790141,0.0,6.981317007781485e-05,-5.235987755902727e-05,-0.013980087308474332,0.03662660701772591,0.0,0.0006370451769779351,-6.981317007992427e-05,-1.7453292519231667e-05,0.0,0.0,0.0,0.006981317007977318,0.0,0.0,0.008726646259971648,0.0017453292519943296,0.0,0.0,0.0,0.0,0.0,0.0,0.0,0.0,0.004218779296875,-0.012656337890625,0.0,-0.00843755859375,0.02531267578125,0.033750234375,0.0,0.0,0.0,0.0,0.0,0.0,0.0,0.0,0.0,0.0,0.0,0.0,0.0,0.0,0.0,0.0,0.0,0.0,0.0,0.0,0.0,0.0,0.0,0.0,0.0,0.0,0.0,0.0
2.3607872220000004,0.0,6.981317007781485e-05,-5.235987755902727e-05,-0.013980087308474332,0.03662660701772591,0.0,0.0006370451769779351,-6.981317007992427e-05,6.981317008047938e-05,0.0,0.0,0.0,0.0,0.0,0.0,0.0,0.04537856055185257,0.0,0.0,0.0,0.0,0.0,0.0,0.0,0.0,0.004218779296875,0.0,-0.004218779296875,-0.021093896484375,-0.033750234375,-0.05906291015625,0.0,0.0039785302734375,0.0,0.0,0.0,0.0,0.0,0.0,0.0,0.0,0.0,0.0,0.0,0.0,0.0,0.0,0.0,0.0,0.0,0.0,0.0,0.0,0.0,0.0,0.0,0.0,0.0,0.0
2.370834812,0.0,6.981317007781485e-05,-5.235987755902727e-05,-0.013980087308474332,0.03662660701772591,0.0,0.0006370451769779351,-6.981317007992427e-05,6.981317008047938e-05,0.0,0.0,0.0,-0.008726646259971648,0.0,0.0,0.0,0.0,0.0,0.0,0.0,0.0,0.0,0.0,0.0,0.0,0.004218779296875,0.0,0.0,0.033750234375,0.033750234375,0.00843755859375,0.0,0.007957060546875,0.0,0.0,0.0,0.0,0.0,0.0,0.0,0.0,0.0,0.0,0.0,0.0,0.0,0.0,0.0,0.0,0.0,0.0,0.0,0.0,0.0,0.0,0.0,0.0,0.0,0.0
2.3806942870000003,0.0,6.981317007781485e-05,-0.00015707963267974634,-0.013980087308474332,0.03662660701772591,0.0,0.0006370451769779351,-6.981317007992427e-05,6.981317008047938e-05,0.0,0.0,0.0,-0.03665191429188092,0.0,0.0,0.0,-0.012217304763960306,0.0,0.0,0.0,0.0,0.0,0.0,0.0,0.0,0.004218779296875,-0.012656337890625,-0.004218779296875,-0.00843755859375,-0.033750234375,0.04218779296875,0.0,-0.0039785302734375,0.0,0.0,0.0,0.0,0.0,0.0,0.0,0.0,0.0,0.0,0.0,0.0,0.0,0.0,0.0,0.0,0.0,0.0,0.0,0.0,0.0,0.0,0.0,0.0,0.0,0.0
2.391146468,0.0,6.981317007781485e-05,-0.00015707963267974634,-0.013980087308474332,0.03662660701772591,0.0,0.0006370451769779351,-6.981317007992427e-05,0.00026179938779957723,0.0,0.0,0.0,0.02617993877991494,0.0,0.0,0.0,0.020943951023931956,0.0,0.0,0.0,0.0,0.0,0.0,0.0,0.0,0.004218779296875,-0.00843755859375,-0.004218779296875,-0.012656337890625,0.033750234375,-0.05906291015625,-0.0039785302734375,0.0119355908203125,0.0,0.0,0.0,0.0,0.0,0.0,0.0,0.0,0.0,0.0,0.0,0.0,0.0,0.0,0.0,0.0,0.0,0.0,0.0,0.0,0.0,0.0,0.0,0.0,0.0,0.0
2.4026361830000003,0.0,6.981317007781485e-05,-0.00015707963267974634,-0.014067353771073599,0.03653934055512664,0.0,0.0006370451769779351,-6.981317007992427e-05,0.00017453292519986618,0.0,0.0,0.0,0.0,0.0,0.0,0.0,0.0,0.0,0.0,0.0,0.0,0.0,0.0,0.0,0.0,0.004218779296875,0.0,-0.004218779296875,-0.012656337890625,0.00843755859375,0.0168751171875,0.0,0.007957060546875,0.0,0.0,0.0,0.0,0.0,0.0,0.0,0.0,0.0,0.0,0.0,0.0,0.0,0.0,0.0,0.0,0.0,0.0,0.0,0.0,0.0,0.0,0.0,0.0,0.0,0.0
2.410972551,0.0,6.981317007781485e-05,-0.00015707963267974634,-0.014067353771073599,0.03653934055512664,0.0,0.0006370451769779351,-6.981317007992427e-05,6.981317008047938e-05,0.0,0.0,0.0,-0.008726646259971648,0.0,0.0,-0.005235987755982989,-0.008726646259971648,0.0,0.0,0.0,0.0,0.0,0.0,0.0,0.0,-0.037969013671875,-0.00843755859375,-0.004218779296875,-0.012656337890625,0.04218779296875,0.02531267578125,-0.0039785302734375,0.0,0.0,0.0,0.0,0.0,0.0,0.0,0.0,0.0,0.0,0.0,0.0,0.0,0.0,0.0,0.0,0.0,0.0,0.0,0.0,0.0,0.0,0.0,0.0,0.0,0.0,0.0
2.4208047550000003,0.0,6.981317007781485e-05,-0.00015707963267974634,-0.013980087308474332,0.03653934055512664,0.0,0.0006894050545378505,-6.981317007992427e-05,-0.0001047197551193868,0.0,0.0,0.0,0.0,0.0,0.0,0.0,-0.015707963267948967,0.0,0.0,0.0,0.0,0.0,0.0,0.0,0.0,-0.04218779296875,0.0,-0.004218779296875,-0.021093896484375,0.033750234375,0.02531267578125,0.0,0.0039785302734375,0.0,0.0,0.0,0.0,0.0,0.0,0.0,0.0,0.0,0.0,0.0,0.0,0.0,0.0,0.0,0.0,0.0,0.0,0.0,0.0,0.0,0.0,0.0,0.0,0.0,0.0
2.430659108,0.0,6.981317007781485e-05,-0.00015707963267974634,-0.013980087308474332,0.03653934055512664,0.0,0.0006894050545378505,-6.981317007992427e-05,-0.0001047197551193868,0.0,0.0,0.0,0.006981317007977318,0.0,0.0,0.0,0.008726646259971648,0.0,0.0,0.0,0.0,0.0,0.0,0.0,0.0,-0.021093896484375,-0.00843755859375,0.0,0.033750234375,-0.00843755859375,0.0168751171875,0.0,0.007957060546875,0.0,0.0,0.0,0.0,0.0,0.0,0.0,0.0,0.0,0.0,0.0,0.0,0.0,0.0,0.0,0.0,0.0,0.0,0.0,0.0,0.0,0.0,0.0,0.0,0.0,0.0
2.4407371070000003,0.0,6.981317007781485e-05,-0.00015707963267974634,-0.013980087308474332,0.03653934055512664,0.0,0.0006894050545378505,-6.981317007992427e-05,-1.7453292519231667e-05,0.0,0.0,0.0,0.0,0.0,0.0,0.0,0.027925268031909273,0.0,0.0,0.0,0.0,0.0,0.0,0.0,0.0,0.00843755859375,0.0,0.0,-0.021093896484375,-0.033750234375,0.0168751171875,0.0,0.0,0.0,0.0,0.0,0.0,0.0,0.0,0.0,0.0,0.0,0.0,0.0,0.0,0.0,0.0,0.0,0.0,0.0,0.0,0.0,0.0,0.0,0.0,0.0,0.0,0.0,0.0
2.450944869,0.0,6.981317007781485e-05,-0.00015707963267974634,-0.013980087308474332,0.03653934055512664,0.0,0.0006894050545378505,-6.981317007992427e-05,6.981317008047938e-05,0.0,0.0,0.0,-0.017453292519943295,0.0,0.0,0.0,0.0,0.0,0.0,0.0,0.0,0.0,0.0,0.0,0.0,0.004218779296875,-0.00843755859375,-0.004218779296875,-0.0168751171875,0.02531267578125,-0.05906291015625,0.0039785302734375,-0.01591412109375,0.0,0.0,0.0,0.0,0.0,0.0,0.0,0.0,0.0,0.0,0.0,0.0,0.0,0.0,0.0,0.0,0.0,0.0,0.0,0.0,0.0,0.0,0.0,0.0,0.0,0.0
2.460840514,0.0,6.981317007781485e-05,-0.00015707963267974634,-0.013980087308474332,0.0364346208000077,0.0,0.0006894050545378505,-6.981317007992427e-05,6.981317008047938e-05,0.0,0.0,0.0,-0.031415926535897934,0.0,0.0,0.0,0.0,0.0,0.0,0.0,0.0,0.0,0.0,0.0,0.0,0.004218779296875,0.0,-0.004218779296875,0.029531455078125,0.0,0.0168751171875,0.0039785302734375,0.007957060546875,0.0,0.0,0.0,0.0,0.0,0.0,0.0,0.0,0.0,0.0,0.0,0.0,0.0,0.0,0.0,0.0,0.0,0.0,0.0,0.0,0.0,0.0,0.0,0.0,0.0,0.0
2.4706603620000003,0.0,6.981317007781485e-05,-0.00015707963267974634,-0.013980087308474332,0.0364346208000077,0.0,0.0006894050545378505,-6.981317007992427e-05,0.00026179938779957723,0.0,0.0,0.0,0.008726646259971648,0.0,0.0,0.0,0.013962634015954637,0.0,0.0,0.0,0.0,0.0,0.0,0.0,0.0,-0.04218779296875,0.0,0.0,-0.012656337890625,0.0,0.02531267578125,0.0039785302734375,0.007957060546875,0.0,0.0,0.0,0.0,0.0,0.0,0.0,0.0,0.0,0.0,0.0,0.0,0.0,0.0,0.0,0.0,0.0,0.0,0.0,0.0,0.0,0.0,0.0,0.0,0.0,0.0
2.481395789,0.0,6.981317007781485e-05,-0.00015707963267974634,-0.013980087308474332,0.0364346208000077,0.0,0.0006894050545378505,-6.981317007992427e-05,6.981317008047938e-05,0.0,0.0,0.0,-0.008726646259971648,0.0,0.0,0.0,-0.03490658503988659,0.0,0.0,0.0,0.0,0.0,0.0,0.0,0.0,-0.02531267578125,-0.004218779296875,-0.004218779296875,-0.012656337890625,0.033750234375,-0.0168751171875,-0.0039785302734375,0.0,0.0,0.0,0.0,0.0,0.0,0.0,0.0,0.0,0.0,0.0,0.0,0.0,0.0,0.0,0.0,0.0,0.0,0.0,0.0,0.0,0.0,0.0,0.0,0.0,0.0,0.0
2.4909878620000003,0.0,6.981317007781485e-05,-5.235987755902727e-05,-0.013980087308474332,0.0364346208000077,0.0,0.0006894050545378505,-6.981317007992427e-05,-1.7453292519231667e-05,0.0,0.0,0.008726646259971648,0.0,0.0,0.0,0.0,-0.019198621771937627,0.0,0.0,0.0,0.0,0.0,0.0,0.0,0.0,0.004218779296875,-0.00843755859375,-0.004218779296875,-0.012656337890625,0.033750234375,0.033750234375,0.0039785302734375,0.0,0.0,0.0,0.0,0.0,0.0,0.0,0.0,0.0,0.0,0.0,0.0,0.0,0.0,0.0,0.0,0.0,0.0,0.0,0.0,0.0,0.0,0.0,0.0,0.0,0.0,0.0
2.5025343920000003,0.0,6.981317007781485e-05,-5.235987755902727e-05,-0.013875367553355389,0.0364346208000077,0.0,0.0006894050545378505,-6.981317007992427e-05,-0.0001047197551193868,0.0,0.0,0.003490658503988659,0.0,0.0,0.0,0.0,0.0,0.0,0.0,0.0,0.0,0.0,0.0,0.0,0.0,0.0168751171875,0.02531267578125,0.0,0.0,0.02531267578125,0.0168751171875,-0.0039785302734375,-0.0039785302734375,0.0,0.0,0.0,0.0,0.0,0.0,0.0,0.0,0.0,0.0,0.0,0.0,0.0,0.0,0.0,0.0,0.0,0.0,0.0,0.0,0.0,0.0,0.0,0.0,0.0,0.0
2.511079586,0.0,6.981317007781485e-05,-5.235987755902727e-05,-0.013875367553355389,0.0364346208000077,0.0,0.0006894050545378505,-6.981317007992427e-05,-0.0001047197551193868,0.0,0.0,0.0,0.006981317007977318,0.0,0.0,0.0,0.008726646259971648,0.0,0.0,0.0,0.0,0.0,0.0,0.0,0.0,-0.021093896484375,0.0,0.0,-0.012656337890625,0.02531267578125,0.02531267578125,0.0,-0.01591412109375,0.0,0.0,0.0,0.0,0.0,0.0,0.0,0.0,0.0,0.0,0.0,0.0,0.0,0.0,0.0,0.0,0.0,0.0,0.0,0.0,0.0,0.0,0.0,0.0,0.0,0.0
2.5211402680000004,0.0,6.981317007781485e-05,-5.235987755902727e-05,-0.013875367553355389,0.0364346208000077,0.0,0.0006894050545378505,-6.981317007992427e-05,-1.7453292519231667e-05,0.0,0.0,0.0,0.0,0.0,0.0,0.0,0.020943951023931956,0.0,0.0,0.0,0.0,0.0,0.0,0.0,0.0,-0.04218779296875,0.02531267578125,0.0,-0.00843755859375,-0.033750234375,0.0168751171875,0.0,0.0039785302734375,0.0,0.0,0.0,0.0,0.0,0.0,0.0,0.0,0.0,0.0,0.0,0.0,0.0,0.0,0.0,0.0,0.0,0.0,0.0,0.0,0.0,0.0,0.0,0.0,0.0,0.0
2.5311804330000003,0.0,6.981317007781485e-05,-5.235987755902727e-05,-0.013875367553355389,0.0364346208000077,0.0,0.0006894050545378505,-6.981317007992427e-05,6.981317008047938e-05,0.0,0.0,0.0,-0.015707963267948967,0.0,0.0,0.0,-0.019198621771937627,0.0,0.0,0.0,0.0,0.0,0.0,0.0,0.0,-0.037969013671875,0.0,0.0,-0.004218779296875,0.0,0.02531267578125,0.0,0.0039785302734375,0.0,0.0,0.0,0.0,0.0,0.0,0.0,0.0,0.0,0.0,0.0,0.0,0.0,0.0,0.0,0.0,0.0,0.0,0.0,0.0,0.0,0.0,0.0,0.0,0.0,0.0
2.541215412,0.0,6.981317007781485e-05,-5.235987755902727e-05,-0.013875367553355389,0.03653934055512664,0.0,0.0006894050545378505,-6.981317007992427e-05,0.00017453292519986618,0.0,0.0,0.0,0.0,0.0,0.0,0.0,-0.017453292519943295,0.0,0.0,0.0,0.0,0.0,0.0,0.0,0.0,-0.04218779296875,0.0,0.0,-0.012656337890625,0.02531267578125,-0.0843755859375,0.0,0.0039785302734375,0.0,0.0,0.0,0.0,0.0,0.0,0.0,0.0,0.0,0.0,0.0,0.0,0.0,0.0,0.0,0.0,0.0,0.0,0.0,0.0,0.0,0.0,0.0,0.0,0.0,0.0
2.5511385520000003,0.0,6.981317007781485e-05,-5.235987755902727e-05,-0.013875367553355389,0.0364346208000077,0.0,0.0006894050545378505,-6.981317007992427e-05,0.00036651914291896404,0.0,0.0,0.0017453292519943296,0.005235987755982989,0.0,0.0,0.0,0.006981317007977318,0.0,0.0,0.0,0.0,0.0,0.0,0.0,0.0,-0.02531267578125,0.033750234375,0.0,-0.012656337890625,0.0,0.033750234375,0.0,-0.0119355908203125,0.0,0.0,0.0,0.0,0.0,0.0,0.0,0.0,0.0,0.0,0.0,0.0,0.0,0.0,0.0,0.0,0.0,0.0,0.0,0.0,0.0,0.0,0.0,0.0,0.0,0.0
2.5610745280000002,0.0,6.981317007781485e-05,-5.235987755902727e-05,-0.013788101090755234,0.03634735433740666,0.0,0.0006894050545378505,-6.981317007992427e-05,0.00017453292519986618,0.0,-0.008726646259971648,0.0,0.0,0.0,0.0,0.0,-0.013962634015954637,0.0,0.0,0.0,0.0,0.0,0.0,0.0,0.0,-0.02531267578125,0.0,0.0,-0.004218779296875,0.0,0.02531267578125,0.0,0.0,0.0,0.0,0.0,0.0,0.0,0.0,0.0,0.0,0.0,0.0,0.0,0.0,0.0,0.0,0.0,0.0,0.0,0.0,0.0,0.0,0.0,0.0,0.0,0.0,0.0,0.0
2.570837496,0.0,6.981317007781485e-05,-5.235987755902727e-05,-0.013788101090755234,0.03634735433740666,0.0,0.0006894050545378505,-6.981317007992427e-05,-1.7453292519231667e-05,0.0,0.0,0.0,-0.005235987755982989,0.0,0.0,0.0,-0.024434609527920613,0.0,0.0,0.0,0.0,0.0,0.0,0.0,0.0,-0.021093896484375,0.04218779296875,0.0,-0.00843755859375,-0.00843755859375,0.04218779296875,-0.0039785302734375,-0.0198926513671875,0.0,0.0,0.0,0.0,0.0,0.0,0.0,0.0,0.0,0.0,0.0,0.0,0.0,0.0,0.0,0.0,0.0,0.0,0.0,0.0,0.0,0.0,0.0,0.0,0.0,0.0
2.581027622,0.0,6.981317007781485e-05,3.490658504023969e-05,-0.013683381335636291,0.03634735433740666,0.0,0.0006894050545378505,-6.981317007992427e-05,-0.0001047197551193868,0.0,0.0,0.015707963267948967,0.0,0.0,0.0,0.0,-0.022689280275926284,0.0,0.0,0.0,0.0,0.0,0.0,0.0,0.0,0.0168751171875,0.033750234375,0.0,-0.0168751171875,-0.00843755859375,0.0506253515625,0.0,-0.0039785302734375,0.0,0.0,0.0,0.0,0.0,0.0,0.0,0.0,0.0,0.0,0.0,0.0,0.0,0.0,0.0,0.0,0.0,0.0,0.0,0.0,0.0,0.0,0.0,0.0,0.0,0.0
2.5911093970000003,0.0,6.981317007781485e-05,3.490658504023969e-05,-0.013683381335636291,0.03634735433740666,0.0,0.0006894050545378505,-6.981317007992427e-05,-0.0002094395102387736,0.0,0.0,0.0,0.017453292519943295,0.0,0.0,0.0,0.010471975511965978,0.0,0.0,0.0,0.0,0.0,0.0,0.0,0.0,-0.021093896484375,0.033750234375,0.0,-0.004218779296875,0.0,0.00843755859375,0.0,0.007957060546875,0.0,0.0,0.0,0.0,0.0,0.0,0.0,0.0,0.0,0.0,0.0,0.0,0.0,0.0,0.0,0.0,0.0,0.0,0.0,0.0,0.0,0.0,0.0,0.0,0.0,0.0
2.602478118,0.0,6.981317007781485e-05,3.490658504023969e-05,-0.013683381335636291,0.03634735433740666,0.0,0.0006894050545378505,-6.981317007992427e-05,-0.0001047197551193868,0.0,0.0,0.0,0.010471975511965978,0.0,0.0,0.0,0.0,0.0,0.0,0.0,0.0,0.0,0.0,0.0,0.0,-0.021093896484375,0.02531267578125,0.0,-0.012656337890625,0.0,0.033750234375,0.0,-0.0119355908203125,0.0,0.0,0.0,0.0,0.0,0.0,0.0,0.0,0.0,0.0,0.0,0.0,0.0,0.0,0.0,0.0,0.0,0.0,0.0,0.0,0.0,0.0,0.0,0.0,0.0,0.0
2.611126477,0.0,6.981317007781485e-05,3.490658504023969e-05,-0.013596114873036136,0.03634735433740666,0.0,0.0006894050545378505,-6.981317007992427e-05,-1.7453292519231667e-05,0.0,0.0,0.008726646259971648,0.0,0.0,0.0,0.0,0.0,0.0,0.0,0.0,0.0,0.0,0.0,0.0,0.0,-0.0168751171875,0.037969013671875,0.0,-0.012656337890625,-0.033750234375,0.0168751171875,0.0,0.0,0.0,0.0,0.0,0.0,0.0,0.0,0.0,0.0,0.0,0.0,0.0,0.0,0.0,0.0,0.0,0.0,0.0,0.0,0.0,0.0,0.0,0.0,0.0,0.0,0.0,0.0
2.6211869990000003,0.0,6.981317007781485e-05,3.490658504023969e-05,-0.013596114873036136,0.03634735433740666,0.0,0.0006894050545378505,-6.981317007992427e-05,6.981317008047938e-05,0.0,0.0,0.0,0.0,0.0,0.0,0.0,0.0,0.0,0.0,0.0,0.0,0.0,0.0,0.0,0.0,0.021093896484375,0.02531267578125,0.004218779296875,-0.012656337890625,0.0,0.0,0.0,-0.01591412109375,0.0,0.0,0.0,0.0,0.0,0.0,0.0,0.0,0.0,0.0,0.0,0.0,0.0,0.0,0.0,0.0,0.0,0.0,0.0,0.0,0.0,0.0,0.0,0.0,0.0,0.0
2.630966035,0.0,6.981317007781485e-05,3.490658504023969e-05,-0.013596114873036136,0.03634735433740666,0.0,0.0006894050545378505,-6.981317007992427e-05,0.00017453292519986618,0.0,0.0,0.006981317007977318,0.0017453292519943296,0.0,0.0,0.0,0.006981317007977318,0.0,0.0,0.0,0.0,0.0,0.0,0.0,0.0,0.021093896484375,0.033750234375,0.0,-0.00843755859375,-0.033750234375,0.00843755859375,0.0,0.0039785302734375,0.0,0.0,0.0,0.0,0.0,0.0,0.0,0.0,0.0,0.0,0.0,0.0,0.0,0.0,0.0,0.0,0.0,0.0,0.0,0.0,0.0,0.0,0.0,0.0,0.0,0.0
2.641078732,0.0,6.981317007781485e-05,-5.235987755902727e-05,-0.013596114873036136,0.03634735433740666,0.0,0.0006894050545378505,-6.981317007992427e-05,0.00017453292519986618,0.0,0.0,0.0,-0.013962634015954637,0.0,0.0,0.0,0.0,0.0,0.0,0.0,0.0,0.0,0.0,0.0,0.0,0.02531267578125,0.02531267578125,0.004218779296875,-0.012656337890625,-0.04218779296875,0.0506253515625,-0.0039785302734375,-0.0198926513671875,0.0,0.0,0.0,0.0,0.0,0.0,0.0,0.0,0.0,0.0,0.0,0.0,0.0,0.0,0.0,0.0,0.0,0.0,0.0,0.0,0.0,0.0,0.0,0.0,0.0,0.0
2.6509617330000004,0.0,6.981317007781485e-05,-5.235987755902727e-05,-0.013596114873036136,0.03634735433740666,0.0,0.0006894050545378505,-6.981317007992427e-05,6.981317008047938e-05,0.0,0.0,0.0,0.0,0.0,0.0,0.0,-0.003490658503988659,0.0,0.0,0.0,0.0,0.0,0.0,0.0,0.0,0.012656337890625,0.033750234375,0.0,-0.004218779296875,-0.033750234375,0.00843755859375,0.0,0.007957060546875,0.0,0.0,0.0,0.0,0.0,0.0,0.0,0.0,0.0,0.0,0.0,0.0,0.0,0.0,0.0,0.0,0.0,0.0,0.0,0.0,0.0,0.0,0.0,0.0,0.0,0.0
2.6610372030000002,0.0,6.981317007781485e-05,3.490658504023969e-05,-0.013596114873036136,0.03634735433740666,0.0,0.0006894050545378505,-6.981317007992427e-05,-1.7453292519231667e-05,0.0,0.0,0.0,0.0,0.0,0.0,0.0,-0.003490658503988659,0.0,0.0,0.0,0.0,0.0,0.0,0.0,0.0,0.0168751171875,0.033750234375,0.004218779296875,-0.012656337890625,-0.033750234375,0.0168751171875,0.0,0.0,0.0,0.0,0.0,0.0,0.0,0.0,0.0,0.0,0.0,0.0,0.0,0.0,0.0,0.0,0.0,0.0,0.0,0.0,0.0,0.0,0.0,0.0,0.0,0.0,0.0,0.0
2.670994401,0.0,6.981317007781485e-05,3.490658504023969e-05,-0.013596114873036136,0.03634735433740666,0.0,0.0006894050545378505,-6.981317007992427e-05,-1.7453292519231667e-05,0.0,0.0,0.0,0.010471975511965978,0.0,0.0,0.0,0.0,0.0,0.0,0.0,0.0,0.0,0.0,0.0,0.0,0.021093896484375,0.033750234375,0.004218779296875,-0.004218779296875,0.0168751171875,0.00843755859375,0.0,0.0039785302734375,0.0,0.0,0.0,0.0,0.0,0.0,0.0,0.0,0.0,0.0,0.0,0.0,0.0,0.0,0.0,0.0,0.0,0.0,0.0,0.0,0.0,0.0,0.0,0.0,0.0,0.0
2.6810510180000002,0.0,6.981317007781485e-05,3.490658504023969e-05,-0.013596114873036136,0.03634735433740666,0.0,0.0006894050545378505,-6.981317007992427e-05,-1.7453292519231667e-05,0.0,0.0,0.0,0.0,0.0,0.0,0.0,0.008726646259971648,0.0,0.0,0.0,0.0,0.0,0.0,0.0,0.0,-0.021093896484375,0.029531455078125,0.0,-0.012656337890625,0.0168751171875,0.0168751171875,0.0,0.007957060546875,0.0,0.0,0.0,0.0,0.0,0.0,0.0,0.0,0.0,0.0,0.0,0.0,0.0,0.0,0.0,0.0,0.0,0.0,0.0,0.0,0.0,0.0,0.0,0.0,0.0,0.0
2.691147902,0.0,6.981317007781485e-05,3.490658504023969e-05,-0.013596114873036136,0.03634735433740666,0.0,0.0006894050545378505,-6.981317007992427e-05,-1.7453292519231667e-05,0.0,0.0,0.0,0.0,0.0,0.0,0.0,0.0,0.0,0.0,0.0,0.0,0.0,0.0,0.0,0.0,0.021093896484375,0.029531455078125,0.0,-0.004218779296875,0.0168751171875,0.00843755859375,-0.0039785302734375,0.0,0.0,0.0,0.0,0.0,0.0,0.0,0.0,0.0,0.0,0.0,0.0,0.0,0.0,0.0,0.0,0.0,0.0,0.0,0.0,0.0,0.0,0.0,0.0,0.0,0.0,0.0
2.702545943,0.0,6.981317007781485e-05,3.490658504023969e-05,-0.013596114873036136,0.03634735433740666,0.0,0.0006894050545378505,-6.981317007992427e-05,6.981317008047938e-05,0.0,0.0,0.0,0.0,0.0,0.0,0.0,0.0,0.0,0.0,0.0,0.0,0.0,0.0,0.0,0.0,0.0168751171875,0.02531267578125,0.004218779296875,-0.012656337890625,0.033750234375,-0.05906291015625,0.0,-0.01591412109375,0.0,0.0,0.0,0.0,0.0,0.0,0.0,0.0,0.0,0.0,0.0,0.0,0.0,0.0,0.0,0.0,0.0,0.0,0.0,0.0,0.0,0.0,0.0,0.0,0.0,0.0
2.711207137,0.0,6.981317007781485e-05,3.490658504023969e-05,-0.013596114873036136,0.03634735433740666,0.0,0.0006894050545378505,-6.981317007992427e-05,6.981317008047938e-05,0.0,0.0,0.0,0.0,0.0,0.0,0.0,0.006981317007977318,0.0,0.0,0.0,0.0,0.0,0.0,0.0,0.0,0.021093896484375,0.029531455078125,0.0,0.004218779296875,0.0,0.04218779296875,0.0,-0.0119355908203125,0.0,0.0,0.0,0.0,0.0,0.0,0.0,0.0,0.0,0.0,0.0,0.0,0.0,0.0,0.0,0.0,0.0,0.0,0.0,0.0,0.0,0.0,0.0,0.0,0.0,0.0
2.721323189,0.0,6.981317007781485e-05,3.490658504023969e-05,-0.013596114873036136,0.03634735433740666,0.0,0.0006894050545378505,-6.981317007992427e-05,6.981317008047938e-05,0.0,0.0,0.0,-0.008726646259971648,0.0,0.0,0.0,0.0,0.0,0.0,0.0,0.0,0.0,0.0,0.0,0.0,0.012656337890625,0.033750234375,0.004218779296875,-0.0168751171875,0.033750234375,-0.07593802734375,0.0,-0.0119355908203125,0.0,0.0,0.0,0.0,0.0,0.0,0.0,0.0,0.0,0.0,0.0,0.0,0.0,0.0,0.0,0.0,0.0,0.0,0.0,0.0,0.0,0.0,0.0,0.0,0.0,0.0
2.731010969,0.0,6.981317007781485e-05,3.490658504023969e-05,-0.013596114873036136,0.03634735433740666,0.0,0.0006894050545378505,-6.981317007992427e-05,6.981317008047938e-05,0.0,0.0,0.0,0.0,0.0,0.0,0.0,0.0,0.0,0.0,0.0,0.0,0.0,0.0,0.0,0.0,0.021093896484375,-0.0168751171875,0.004218779296875,-0.012656337890625,0.033750234375,0.0168751171875,0.0039785302734375,0.0039785302734375,0.0,0.0,0.0,0.0,0.0,0.0,0.0,0.0,0.0,0.0,0.0,0.0,0.0,0.0,0.0,0.0,0.0,0.0,0.0,0.0,0.0,0.0,0.0,0.0,0.0,0.0
2.7410907260000004,0.0,6.981317007781485e-05,3.490658504023969e-05,-0.013596114873036136,0.036242634582287714,0.0,0.0006894050545378505,-6.981317007992427e-05,-1.7453292519231667e-05,0.0,0.0,0.0,0.0,0.0,0.0,0.0,0.0,0.0,0.0,0.0,0.0,0.0,0.0,0.0,0.0,0.02531267578125,0.033750234375,0.0,-0.012656337890625,-0.00843755859375,0.04218779296875,0.0,-0.01591412109375,0.0,0.0,0.0,0.0,0.0,0.0,0.0,0.0,0.0,0.0,0.0,0.0,0.0,0.0,0.0,0.0,0.0,0.0,0.0,0.0,0.0,0.0,0.0,0.0,0.0,0.0
2.7510098960000002,0.0,6.981317007781485e-05,3.490658504023969e-05,-0.013596114873036136,0.036242634582287714,0.0,0.0006894050545378505,-6.981317007992427e-05,-1.7453292519231667e-05,0.0,0.0,0.0,0.0,0.0,0.0,0.0,0.0,0.0,0.0,0.0,0.0,0.0,0.0,0.0,0.0,0.021093896484375,-0.0168751171875,0.0,0.004218779296875,0.0,0.0168751171875,0.0,0.0039785302734375,0.0,0.0,0.0,0.0,0.0,0.0,0.0,0.0,0.0,0.0,0.0,0.0,0.0,0.0,0.0,0.0,0.0,0.0,0.0,0.0,0.0,0.0,0.0,0.0,0.0,0.0
2.761063022,0.0,6.981317007781485e-05,3.490658504023969e-05,-0.013683381335636291,0.036242634582287714,0.0,0.0006894050545378505,-6.981317007992427e-05,-1.7453292519231667e-05,0.0,0.0,0.0,0.0,0.0,0.0,0.0,0.0,0.0,0.0,0.0,0.0,0.0,0.0,0.0,0.0,0.021093896484375,0.029531455078125,0.0,-0.012656337890625,0.0,-0.05906291015625,0.0,-0.01591412109375,0.0,0.0,0.0,0.0,0.0,0.0,0.0,0.0,0.0,0.0,0.0,0.0,0.0,0.0,0.0,0.0,0.0,0.0,0.0,0.0,0.0,0.0,0.0,0.0,0.0,0.0
2.771110322,0.0,6.981317007781485e-05,3.490658504023969e-05,-0.013683381335636291,0.03634735433740666,0.0,0.0006894050545378505,-6.981317007992427e-05,6.981317008047938e-05,0.0,0.0,-0.003490658503988659,0.03665191429188092,0.0,0.0,0.0,0.013962634015954637,0.0,0.0,0.0,0.0,0.0,0.0,0.0,0.0,0.021093896484375,-0.0168751171875,0.0,-0.004218779296875,0.0,0.00843755859375,0.0,0.007957060546875,0.0,0.0,0.0,0.0,0.0,0.0,0.0,0.0,0.0,0.0,0.0,0.0,0.0,0.0,0.0,0.0,0.0,0.0,0.0,0.0,0.0,0.0,0.0,0.0,0.0,0.0
2.781041719,0.0,6.981317007781485e-05,3.490658504023969e-05,-0.013788101090755234,0.036242634582287714,0.0,0.0006894050545378505,-6.981317007992427e-05,6.981317008047938e-05,0.0,0.0,0.0,0.0,0.0,0.0,0.0,0.019198621771937627,0.0,0.0,0.0,0.0,0.0,0.0,0.0,0.0,0.021093896484375,-0.0168751171875,0.0,-0.0168751171875,0.0,0.0168751171875,0.0039785302734375,0.007957060546875,0.0,0.0,0.0,0.0,0.0,0.0,0.0,0.0,0.0,0.0,0.0,0.0,0.0,0.0,0.0,0.0,0.0,0.0,0.0,0.0,0.0,0.0,0.0,0.0,0.0,0.0
2.791098814,0.0,6.981317007781485e-05,3.490658504023969e-05,-0.013788101090755234,0.036242634582287714,0.0,0.0006894050545378505,-6.981317007992427e-05,6.981317008047938e-05,0.0,0.0,0.0,0.0,0.0,0.0,0.0,0.0,0.0,0.0,0.0,0.0,0.0,0.0,0.0,0.0,0.021093896484375,-0.0168751171875,0.0,-0.00843755859375,-0.04218779296875,0.0,0.0,0.007957060546875,0.0,0.0,0.0,0.0,0.0,0.0,0.0,0.0,0.0,0.0,0.0,0.0,0.0,0.0,0.0,0.0,0.0,0.0,0.0,0.0,0.0,0.0,0.0,0.0,0.0,0.0
2.802500589,0.0,6.981317007781485e-05,3.490658504023969e-05,-0.013788101090755234,0.036242634582287714,0.0,0.0006894050545378505,-6.981317007992427e-05,6.981317008047938e-05,0.0,0.0,0.0,-0.017453292519943295,0.0,0.0,0.0,-0.017453292519943295,0.0,0.0,0.0,0.0,0.0,0.0,0.0,0.0,0.021093896484375,0.033750234375,0.004218779296875,-0.004218779296875,-0.02531267578125,0.0168751171875,0.0039785302734375,0.0039785302734375,0.0,0.0,0.0,0.0,0.0,0.0,0.0,0.0,0.0,0.0,0.0,0.0,0.0,0.0,0.0,0.0,0.0,0.0,0.0,0.0,0.0,0.0,0.0,0.0,0.0,0.0
2.811163134,0.0,6.981317007781485e-05,3.490658504023969e-05,-0.013788101090755234,0.03615536811968845,0.0,0.0006894050545378505,-6.981317007992427e-05,6.981317008047938e-05,0.0,0.0,0.0,0.0,0.0,0.0,0.0,-0.008726646259971648,0.0,0.0,0.0,0.0,0.0,0.0,0.0,0.0,0.021093896484375,-0.012656337890625,0.0,0.037969013671875,-0.033750234375,0.00843755859375,-0.0039785302734375,0.007957060546875,0.0,0.0,0.0,0.0,0.0,0.0,0.0,0.0,0.0,0.0,0.0,0.0,0.0,0.0,0.0,0.0,0.0,0.0,0.0,0.0,0.0,0.0,0.0,0.0,0.0,0.0
2.821058874,0.0,6.981317007781485e-05,3.490658504023969e-05,-0.013788101090755234,0.03615536811968845,0.0,0.0006894050545378505,-6.981317007992427e-05,-1.7453292519231667e-05,0.0,0.0,0.0,0.0,0.0,0.0,0.0,0.0,0.0,0.0,0.0,0.0,0.0,0.0,0.0,0.0,0.021093896484375,-0.0168751171875,0.0,-0.012656337890625,0.033750234375,0.0168751171875,0.0,0.007957060546875,0.0,0.0,0.0,0.0,0.0,0.0,0.0,0.0,0.0,0.0,0.0,0.0,0.0,0.0,0.0,0.0,0.0,0.0,0.0,0.0,0.0,0.0,0.0,0.0,0.0,0.0
2.8308701430000003,0.0,6.981317007781485e-05,3.490658504023969e-05,-0.013788101090755234,0.03615536811968845,0.0,0.0006894050545378505,-6.981317007992427e-05,-1.7453292519231667e-05,0.0,0.0,0.0,0.0,0.0,0.0,0.0,0.0,0.0,0.0,0.0,0.0,0.0,0.0,0.0,0.0,0.00843755859375,-0.0168751171875,0.0,-0.00843755859375,-0.033750234375,0.0168751171875,0.0,0.0,0.0,0.0,0.0,0.0,0.0,0.0,0.0,0.0,0.0,0.0,0.0,0.0,0.0,0.0,0.0,0.0,0.0,0.0,0.0,0.0,0.0,0.0,0.0,0.0,0.0,0.0
2.840793698,0.0,6.981317007781485e-05,3.490658504023969e-05,-0.013788101090755234,0.03615536811968845,0.0,0.0006894050545378505,-6.981317007992427e-05,-1.7453292519231667e-05,0.0,0.0,-0.017453292519943295,0.012217304763960306,0.0,0.0,0.0,0.008726646259971648,0.0,0.0,0.0,0.0,0.0,0.0,0.0,0.0,0.0168751171875,-0.012656337890625,0.004218779296875,-0.0168751171875,-0.033750234375,0.0168751171875,0.0,0.007957060546875,0.0,0.0,0.0,0.0,0.0,0.0,0.0,0.0,0.0,0.0,0.0,0.0,0.0,0.0,0.0,0.0,0.0,0.0,0.0,0.0,0.0,0.0,0.0,0.0,0.0,0.0
2.8509596540000004,0.0,6.981317007781485e-05,3.490658504023969e-05,-0.013875367553355389,0.03615536811968845,0.0,0.0006894050545378505,-6.981317007992427e-05,6.981317008047938e-05,0.0,0.0,0.0,0.0,0.0,0.0,0.0,0.003490658503988659,0.0,0.0,0.0,0.0,0.0,0.0,0.0,0.0,0.004218779296875,-0.0168751171875,0.004218779296875,0.004218779296875,-0.02531267578125,0.02531267578125,0.0,0.0,0.0,0.0,0.0,0.0,0.0,0.0,0.0,0.0,0.0,0.0,0.0,0.0,0.0,0.0,0.0,0.0,0.0,0.0,0.0,0.0,0.0,0.0,0.0,0.0,0.0,0.0
2.86090219,0.0,6.981317007781485e-05,3.490658504023969e-05,-0.013875367553355389,0.03615536811968845,0.0,0.0006894050545378505,-6.981317007992427e-05,6.981317008047938e-05,0.0,-0.008726646259971648,0.0,0.0,0.0,0.0,0.0,0.0,0.0,0.0,0.0,0.0,0.0,0.0,0.0,0.0,0.00843755859375,-0.0168751171875,0.0,-0.00843755859375,-0.033750234375,0.0168751171875,0.0,0.0,0.0,0.0,0.0,0.0,0.0,0.0,0.0,0.0,0.0,0.0,0.0,0.0,0.0,0.0,0.0,0.0,0.0,0.0,0.0,0.0,0.0,0.0,0.0,0.0,0.0,0.0
2.870781382,0.0,6.981317007781485e-05,3.490658504023969e-05,-0.013875367553355389,0.03615536811968845,0.0,0.0006894050545378505,-6.981317007992427e-05,6.981317008047938e-05,0.0,-0.0017453292519943296,0.0,0.0017453292519943296,0.0,0.0,0.0,0.0,0.0,0.0,0.0,0.0,0.0,0.0,0.0,0.0,0.012656337890625,-0.012656337890625,0.0,0.033750234375,0.033750234375,0.0168751171875,-0.0039785302734375,0.007957060546875,0.0,0.0,0.0,0.0,0.0,0.0,0.0,0.0,0.0,0.0,0.0,0.0,0.0,0.0,0.0,0.0,0.0,0.0,0.0,0.0,0.0,0.0,0.0,0.0,0.0,0.0
2.880918978,0.0,6.981317007781485e-05,-5.235987755902727e-05,-0.013788101090755234,0.03615536811968845,0.0,0.0006894050545378505,-6.981317007992427e-05,6.981317008047938e-05,0.008726646259971648,0.0,0.0,0.0,0.0,0.0,0.0,0.0,0.0,0.0,0.0,0.0,0.0,0.0,0.0,0.0,0.00843755859375,-0.0168751171875,-0.004218779296875,-0.012656337890625,0.02531267578125,-0.05906291015625,-0.0039785302734375,-0.0119355908203125,0.0,0.0,0.0,0.0,0.0,0.0,0.0,0.0,0.0,0.0,0.0,0.0,0.0,0.0,0.0,0.0,0.0,0.0,0.0,0.0,0.0,0.0,0.0,0.0,0.0,0.0
2.8911791350000002,0.0,6.981317007781485e-05,-5.235987755902727e-05,-0.013788101090755234,0.03615536811968845,0.0,0.0006894050545378505,-6.981317007992427e-05,-1.7453292519231667e-05,0.0,0.0,0.0,0.0,0.0,0.0,0.0,0.0,0.0,0.0,0.0,0.0,0.0,0.0,0.0,0.0,0.00843755859375,-0.021093896484375,0.0,-0.00843755859375,0.033750234375,-0.06750046875,0.0039785302734375,0.0039785302734375,0.0,0.0,0.0,0.0,0.0,0.0,0.0,0.0,0.0,0.0,0.0,0.0,0.0,0.0,0.0,0.0,0.0,0.0,0.0,0.0,0.0,0.0,0.0,0.0,0.0,0.0
2.9024362320000003,0.0,6.981317007781485e-05,-5.235987755902727e-05,-0.013788101090755234,0.036242634582287714,0.0,0.0006894050545378505,-6.981317007992427e-05,6.981317008047938e-05,0.0,0.0,0.0,0.012217304763960306,0.0,0.0,0.0,0.008726646259971648,0.0,0.0,0.0,0.0,0.0,0.0,0.0,0.0,0.012656337890625,0.0,-0.004218779296875,0.037969013671875,0.02531267578125,0.0168751171875,0.0,0.0039785302734375,0.0,0.0,0.0,0.0,0.0,0.0,0.0,0.0,0.0,0.0,0.0,0.0,0.0,0.0,0.0,0.0,0.0,0.0,0.0,0.0,0.0,0.0,0.0,0.0,0.0,0.0
2.9108441170000003,0.0,6.981317007781485e-05,-5.235987755902727e-05,-0.013788101090755234,0.036242634582287714,0.0,0.0006894050545378505,-6.981317007992427e-05,6.981317008047938e-05,0.0,0.0,0.0,0.0,0.0,0.0,0.0,0.0,0.0,0.0,0.0,0.0,0.0,0.0,0.0,0.0,0.00843755859375,-0.0168751171875,0.0,0.033750234375,0.033750234375,0.0168751171875,0.0,0.007957060546875,0.0,0.0,0.0,0.0,0.0,0.0,0.0,0.0,0.0,0.0,0.0,0.0,0.0,0.0,0.0,0.0,0.0,0.0,0.0,0.0,0.0,0.0,0.0,0.0,0.0,0.0
2.920995221,0.0,6.981317007781485e-05,-5.235987755902727e-05,-0.013788101090755234,0.03634735433740666,0.0,0.0006894050545378505,-6.981317007992427e-05,6.981317008047938e-05,0.0,-0.008726646259971648,0.0,0.0,0.0,0.0,0.0,0.0,0.0,0.0,0.0,0.0,0.0,0.0,0.0,0.0,0.012656337890625,-0.021093896484375,0.0,0.037969013671875,0.033750234375,-0.07593802734375,0.0,0.007957060546875,0.0,0.0,0.0,0.0,0.0,0.0,0.0,0.0,0.0,0.0,0.0,0.0,0.0,0.0,0.0,0.0,0.0,0.0,0.0,0.0,0.0,0.0,0.0,0.0,0.0,0.0
2.9310237000000003,0.0,6.981317007781485e-05,-5.235987755902727e-05,-0.013788101090755234,0.03634735433740666,0.0,0.0006894050545378505,-6.981317007992427e-05,6.981317008047938e-05,0.0,0.0,0.0,0.0,0.0,0.0,0.0,0.0,0.0,0.0,0.0,0.0,0.0,0.0,0.0,0.0,0.00843755859375,-0.012656337890625,0.0,0.04218779296875,0.02531267578125,-0.06750046875,0.0,-0.01591412109375,0.0,0.0,0.0,0.0,0.0,0.0,0.0,0.0,0.0,0.0,0.0,0.0,0.0,0.0,0.0,0.0,0.0,0.0,0.0,0.0,0.0,0.0,0.0,0.0,0.0,0.0
2.940842875,0.0,6.981317007781485e-05,-5.235987755902727e-05,-0.013788101090755234,0.03634735433740666,0.0,0.0006894050545378505,-6.981317007992427e-05,-1.7453292519231667e-05,0.0,0.0,0.0,0.0,0.0,0.0,0.0,0.0,0.0,0.0,0.0,0.0,0.0,0.0,0.0,0.0,0.00843755859375,-0.012656337890625,0.0,0.04218779296875,0.033750234375,0.0168751171875,0.0039785302734375,0.0039785302734375,0.0,0.0,0.0,0.0,0.0,0.0,0.0,0.0,0.0,0.0,0.0,0.0,0.0,0.0,0.0,0.0,0.0,0.0,0.0,0.0,0.0,0.0,0.0,0.0,0.0,0.0
2.95092961,0.0,6.981317007781485e-05,-5.235987755902727e-05,-0.013788101090755234,0.03634735433740666,0.0,0.0006894050545378505,-6.981317007992427e-05,-1.7453292519231667e-05,0.0,0.0,0.0,0.0,0.0,0.0,0.0,0.0,0.0,0.0,0.0,0.0,0.0,0.0,0.0,0.0,0.0168751171875,-0.012656337890625,0.0,0.037969013671875,0.02531267578125,0.02531267578125,0.0,0.0039785302734375,0.0,0.0,0.0,0.0,0.0,0.0,0.0,0.0,0.0,0.0,0.0,0.0,0.0,0.0,0.0,0.0,0.0,0.0,0.0,0.0,0.0,0.0,0.0,0.0,0.0,0.0
2.96080925,0.0,6.981317007781485e-05,-5.235987755902727e-05,-0.013788101090755234,0.0364346208000077,0.0,0.0006894050545378505,-6.981317007992427e-05,6.981317008047938e-05,0.0,0.0,0.0,0.0,0.0,0.0,0.0,0.0,0.0,0.0,0.0,0.0,0.0,0.0,0.0,0.0,0.012656337890625,-0.012656337890625,0.0,-0.004218779296875,0.02531267578125,-0.07593802734375,0.0,0.007957060546875,0.0,0.0,0.0,0.0,0.0,0.0,0.0,0.0,0.0,0.0,0.0,0.0,0.0,0.0,0.0,0.0,0.0,0.0,0.0,0.0,0.0,0.0,0.0,0.0,0.0,0.0
2.9707884680000003,0.0,6.981317007781485e-05,-5.235987755902727e-05,-0.013788101090755234,0.0364346208000077,0.0,0.0006894050545378505,-6.981317007992427e-05,6.981317008047938e-05,0.0,0.0,0.0,0.008726646259971648,0.0,0.0,0.0,0.0,0.0,0.0,0.0,0.0,0.0,0.0,0.0,0.0,0.00843755859375,-0.0168751171875,0.004218779296875,0.033750234375,0.0,0.0506253515625,0.0,0.0,0.0,0.0,0.0,0.0,0.0,0.0,0.0,0.0,0.0,0.0,0.0,0.0,0.0,0.0,0.0,0.0,0.0,0.0,0.0,0.0,0.0,0.0,0.0,0.0,0.0,0.0
2.9809670350000004,0.0,6.981317007781485e-05,-5.235987755902727e-05,-0.013788101090755234,0.03653934055512664,0.0,0.0006894050545378505,-6.981317007992427e-05,6.981317008047938e-05,0.0,0.0,0.0,0.0,0.0,0.0,0.0,0.0,0.0,0.0,0.0,0.0,0.0,0.0,0.0,0.0,0.004218779296875,-0.0168751171875,0.0,0.04218779296875,0.033750234375,-0.05906291015625,0.0,-0.0119355908203125,0.0,0.0,0.0,0.0,0.0,0.0,0.0,0.0,0.0,0.0,0.0,0.0,0.0,0.0,0.0,0.0,0.0,0.0,0.0,0.0,0.0,0.0,0.0,0.0,0.0,0.0
2.99097282,0.0,6.981317007781485e-05,-5.235987755902727e-05,-0.013788101090755234,0.03653934055512664,0.0,0.0006894050545378505,-6.981317007992427e-05,6.981317008047938e-05,-0.008726646259971648,0.0,0.0,0.008726646259971648,0.0,0.0,0.0,0.0,0.0,0.0,0.0,0.0,0.0,0.0,0.0,0.0,0.00843755859375,-0.0168751171875,0.0,0.033750234375,0.0,0.02531267578125,0.0,0.0039785302734375,0.0,0.0,0.0,0.0,0.0,0.0,0.0,0.0,0.0,0.0,0.0,0.0,0.0,0.0,0.0,0.0,0.0,0.0,0.0,0.0,0.0,0.0,0.0,0.0,0.0,0.0
3.002398346,0.0,6.981317007781485e-05,-5.235987755902727e-05,-0.013788101090755234,0.03653934055512664,0.0,0.0006894050545378505,-6.981317007992427e-05,6.981317008047938e-05,0.0,0.0,0.0,0.0,0.0,0.0,0.0,0.0,0.0,0.0,0.0,0.0,0.0,0.0,0.0,0.0,0.0,0.0,0.0,0.037969013671875,0.0,0.0506253515625,0.0,-0.01591412109375,0.0,0.0,0.0,0.0,0.0,0.0,0.0,0.0,0.0,0.0,0.0,0.0,0.0,0.0,0.0,0.0,0.0,0.0,0.0,0.0,0.0,0.0,0.0,0.0,0.0,0.0
3.0109598720000004,0.0,6.981317007781485e-05,-5.235987755902727e-05,-0.013788101090755234,0.03653934055512664,0.0,0.0006894050545378505,-6.981317007992427e-05,6.981317008047938e-05,0.0,0.0,0.0,0.0,0.0,0.0,0.0,0.0,0.0,0.0,0.0,0.0,0.0,0.0,0.0,0.0,0.004218779296875,-0.00843755859375,0.0,-0.021093896484375,0.0,0.02531267578125,0.0,0.0039785302734375,0.0,0.0,0.0,0.0,0.0,0.0,0.0,0.0,0.0,0.0,0.0,0.0,0.0,0.0,0.0,0.0,0.0,0.0,0.0,0.0,0.0,0.0,0.0,0.0,0.0,0.0
3.020926735,0.0,6.981317007781485e-05,-5.235987755902727e-05,-0.013788101090755234,0.03653934055512664,0.0,0.0006894050545378505,-6.981317007992427e-05,6.981317008047938e-05,0.0,0.0,0.0,-0.012217304763960306,0.0,0.0,0.0,0.0,0.0,0.0,0.0,0.0,0.0,0.0,0.0,0.0,0.004218779296875,-0.00843755859375,0.0,-0.00843755859375,-0.00843755859375,-0.05906291015625,0.0,0.0039785302734375,0.0,0.0,0.0,0.0,0.0,0.0,0.0,0.0,0.0,0.0,0.0,0.0,0.0,0.0,0.0,0.0,0.0,0.0,0.0,0.0,0.0,0.0,0.0,0.0,0.0,0.0
3.030930535,0.0,6.981317007781485e-05,-5.235987755902727e-05,-0.013788101090755234,0.03653934055512664,0.0,0.0006894050545378505,-6.981317007992427e-05,6.981317008047938e-05,-0.008726646259971648,0.0,0.0,0.0,0.0,0.0,0.0,0.0,0.0,0.0,0.0,0.0,0.0,0.0,0.0,0.0,0.00843755859375,-0.00843755859375,0.0,-0.021093896484375,0.0,0.02531267578125,0.0,0.0,0.0,0.0,0.0,0.0,0.0,0.0,0.0,0.0,0.0,0.0,0.0,0.0,0.0,0.0,0.0,0.0,0.0,0.0,0.0,0.0,0.0,0.0,0.0,0.0,0.0,0.0
3.040932127,0.0,-1.7453292521452113e-05,-5.235987755902727e-05,-0.013788101090755234,0.03653934055512664,0.0,0.0006894050545378505,-6.981317007992427e-05,6.981317008047938e-05,0.0,0.0,0.0,0.0,0.0,0.0,0.0,0.0,0.0,0.0,0.0,0.0,0.0,0.0,0.0,0.0,0.012656337890625,-0.012656337890625,0.0,0.033750234375,0.0,0.033750234375,0.0039785302734375,-0.0119355908203125,0.0,0.0,0.0,0.0,0.0,0.0,0.0,0.0,0.0,0.0,0.0,0.0,0.0,0.0,0.0,0.0,0.0,0.0,0.0,0.0,0.0,0.0,0.0,0.0,0.0,0.0
3.050760265,0.0,-1.7453292521452113e-05,3.490658504023969e-05,-0.013788101090755234,0.03653934055512664,0.0,0.0006894050545378505,-6.981317007992427e-05,6.981317008047938e-05,0.0,0.0,0.0,0.0,0.0,0.0,0.0,0.0,0.0,0.0,0.0,0.0,0.0,0.0,0.0,0.0,0.00843755859375,-0.0168751171875,0.0,-0.012656337890625,-0.033750234375,0.04218779296875,0.0,-0.0119355908203125,0.0,0.0,0.0,0.0,0.0,0.0,0.0,0.0,0.0,0.0,0.0,0.0,0.0,0.0,0.0,0.0,0.0,0.0,0.0,0.0,0.0,0.0,0.0,0.0,0.0,0.0
3.060923276,0.0,-1.7453292521452113e-05,3.490658504023969e-05,-0.013788101090755234,0.03653934055512664,0.0,0.0006894050545378505,-6.981317007992427e-05,6.981317008047938e-05,0.0,0.0,0.0,0.0,0.0,0.0,0.0,0.0,0.0,0.0,0.0,0.0,0.0,0.0,0.0,0.0,0.00843755859375,-0.00843755859375,0.004218779296875,-0.004218779296875,-0.00843755859375,0.0168751171875,0.0,0.0039785302734375,0.0,0.0,0.0,0.0,0.0,0.0,0.0,0.0,0.0,0.0,0.0,0.0,0.0,0.0,0.0,0.0,0.0,0.0,0.0,0.0,0.0,0.0,0.0,0.0,0.0,0.0
3.070925668,0.0,-1.7453292521452113e-05,3.490658504023969e-05,-0.013788101090755234,0.03653934055512664,0.0,0.0006894050545378505,-6.981317007992427e-05,6.981317008047938e-05,0.0,0.0,0.0,0.0,0.0,0.0,0.0,0.0,0.0,0.0,0.0,0.0,0.0,0.0,0.0,0.0,0.004218779296875,-0.0168751171875,0.0,-0.021093896484375,-0.00843755859375,0.02531267578125,0.0,0.0039785302734375,0.0,0.0,0.0,0.0,0.0,0.0,0.0,0.0,0.0,0.0,0.0,0.0,0.0,0.0,0.0,0.0,0.0,0.0,0.0,0.0,0.0,0.0,0.0,0.0,0.0,0.0
3.0808584100000003,0.0,-1.7453292521452113e-05,3.490658504023969e-05,-0.013788101090755234,0.03653934055512664,0.0,0.0006894050545378505,-6.981317007992427e-05,6.981317008047938e-05,0.0,0.0,0.0,0.0,0.0,0.0,0.0,0.0,0.0,0.0,0.0,0.0,0.0,0.0,0.0,0.0,0.004218779296875,-0.00843755859375,0.004218779296875,0.033750234375,-0.00843755859375,0.0168751171875,0.0039785302734375,0.0039785302734375,0.0,0.0,0.0,0.0,0.0,0.0,0.0,0.0,0.0,0.0,0.0,0.0,0.0,0.0,0.0,0.0,0.0,0.0,0.0,0.0,0.0,0.0,0.0,0.0,0.0,0.0
3.0906839230000003,0.0,-1.7453292521452113e-05,3.490658504023969e-05,-0.013788101090755234,0.0364346208000077,0.0,0.0006894050545378505,-6.981317007992427e-05,6.981317008047938e-05,0.0,0.0,-0.008726646259971648,-0.008726646259971648,0.0,0.0,0.0,-0.008726646259971648,0.0,0.0,0.0,0.0,0.0,0.0,0.0,0.0,0.00843755859375,-0.012656337890625,0.0,-0.00843755859375,-0.02531267578125,0.02531267578125,0.0,0.0,0.0,0.0,0.0,0.0,0.0,0.0,0.0,0.0,0.0,0.0,0.0,0.0,0.0,0.0,0.0,0.0,0.0,0.0,0.0,0.0,0.0,0.0,0.0,0.0,0.0,0.0
3.1026037570000002,0.0,6.981317007781485e-05,3.490658504023969e-05,-0.013788101090755234,0.0364346208000077,0.0,0.0006894050545378505,-6.981317007992427e-05,6.981317008047938e-05,0.0,0.0,-0.008726646259971648,0.0,0.0,0.0,0.0,0.0,0.0,0.0,0.0,0.0,0.0,0.0,0.0,0.0,0.004218779296875,-0.012656337890625,0.0,0.029531455078125,0.02531267578125,0.0168751171875,-0.0039785302734375,0.0,0.0,0.0,0.0,0.0,0.0,0.0,0.0,0.0,0.0,0.0,0.0,0.0,0.0,0.0,0.0,0.0,0.0,0.0,0.0,0.0,0.0,0.0,0.0,0.0,0.0,0.0
3.11078038,0.0,6.981317007781485e-05,3.490658504023969e-05,-0.013875367553355389,0.0364346208000077,0.0,0.0006894050545378505,-6.981317007992427e-05,6.981317008047938e-05,0.0,0.0,0.0,0.0,0.0,0.0,0.0,0.0,0.0,0.0,0.0,0.0,0.0,0.0,0.0,0.0,0.004218779296875,0.0,0.004218779296875,0.029531455078125,0.0,0.00843755859375,0.0,0.0039785302734375,0.0,0.0,0.0,0.0,0.0,0.0,0.0,0.0,0.0,0.0,0.0,0.0,0.0,0.0,0.0,0.0,0.0,0.0,0.0,0.0,0.0,0.0,0.0,0.0,0.0,0.0
3.120819934,0.0,6.981317007781485e-05,3.490658504023969e-05,-0.013875367553355389,0.0364346208000077,0.0,0.0006894050545378505,-6.981317007992427e-05,6.981317008047938e-05,0.0,0.0,-0.006981317007977318,0.0,0.0,0.0,0.0,0.0,0.0,0.0,0.0,0.0,0.0,0.0,0.0,0.0,0.012656337890625,-0.0168751171875,0.0,-0.021093896484375,0.02531267578125,0.0168751171875,0.0039785302734375,0.0039785302734375,0.0,0.0,0.0,0.0,0.0,0.0,0.0,0.0,0.0,0.0,0.0,0.0,0.0,0.0,0.0,0.0,0.0,0.0,0.0,0.0,0.0,0.0,0.0,0.0,0.0,0.0
3.1306862260000003,0.0,6.981317007781485e-05,3.490658504023969e-05,-0.013875367553355389,0.0364346208000077,0.0,0.0006894050545378505,-6.981317007992427e-05,6.981317008047938e-05,0.0,0.0,0.0,0.0,0.0,0.0,0.0,0.0,0.0,0.0,0.0,0.0,0.0,0.0,0.0,0.0,0.004218779296875,0.0,0.0,0.029531455078125,-0.033750234375,0.0168751171875,0.0,0.0039785302734375,0.0,0.0,0.0,0.0,0.0,0.0,0.0,0.0,0.0,0.0,0.0,0.0,0.0,0.0,0.0,0.0,0.0,0.0,0.0,0.0,0.0,0.0,0.0,0.0,0.0,0.0
3.14078602,0.0,6.981317007781485e-05,-5.235987755902727e-05,-0.013875367553355389,0.0364346208000077,0.0,0.0006894050545378505,-6.981317007992427e-05,6.981317008047938e-05,0.008726646259971648,0.0,0.0,0.0,0.0,0.0,0.0,0.0,0.0,0.0,0.0,0.0,0.0,0.0,0.0,0.0,0.004218779296875,0.0,0.0,0.037969013671875,0.0,0.00843755859375,0.0,0.0119355908203125,0.0,0.0,0.0,0.0,0.0,0.0,0.0,0.0,0.0,0.0,0.0,0.0,0.0,0.0,0.0,0.0,0.0,0.0,0.0,0.0,0.0,0.0,0.0,0.0,0.0,0.0
3.1506393480000003,0.0,6.981317007781485e-05,-5.235987755902727e-05,-0.013875367553355389,0.0364346208000077,0.0,0.0006894050545378505,-6.981317007992427e-05,6.981317008047938e-05,0.0,0.0,0.0,-0.013962634015954637,0.0,0.0,0.0,0.0,0.0,0.0,0.0,0.0,0.0,0.0,0.0,0.0,0.004218779296875,0.0,0.0,-0.021093896484375,-0.02531267578125,0.04218779296875,0.0,-0.01591412109375,0.0,0.0,0.0,0.0,0.0,0.0,0.0,0.0,0.0,0.0,0.0,0.0,0.0,0.0,0.0,0.0,0.0,0.0,0.0,0.0,0.0,0.0,0.0,0.0,0.0,0.0
