time_sec,source_time_sec,hip_L_Joint_pos_rad,hip_R_Joint_pos_rad,thigh_L_Joint_pos_rad,thigh_R_Joint_pos_rad,knee_L_Joint_pos_rad,knee_R_Joint_pos_rad,wheel_L_Joint_pos_rad,wheel_R_Joint_pos_rad,hip_L_Joint_vel_rad/s,hip_R_Joint_vel_rad/s,thigh_L_Joint_vel_rad/s,thigh_R_Joint_vel_rad/s,knee_L_Joint_vel_rad/s,knee_R_Joint_vel_rad/s,wheel_L_Joint_vel_rad/s,wheel_R_Joint_vel_rad/s,hip_L_Joint_torque,hip_R_Joint_torque,thigh_L_Joint_torque,thigh_R_Joint_torque,knee_L_Joint_torque,knee_R_Joint_torque,wheel_L_Joint_torque,wheel_R_Joint_torque,hip_L_Joint_actual_torque,hip_R_Joint_actual_torque,thigh_L_Joint_actual_torque,thigh_R_Joint_actual_torque,knee_L_Joint_actual_torque,knee_R_Joint_actual_torque,wheel_L_Joint_actual_torque,wheel_R_Joint_actual_torque,obs_0,obs_1,obs_2,obs_3,obs_4,obs_5,obs_6,obs_7,obs_8,obs_9,obs_10,obs_11,obs_12,obs_13,obs_14,obs_15,obs_16,obs_17,obs_18,obs_19,obs_20,obs_21,obs_22,obs_23,obs_24,obs_25,obs_26,obs_27,obs_28,obs_29,obs_30,obs_31
0.0,0.0,0.02260550447183185,-0.010583676584098534,0.11816053568926854,-0.16340732388259926,1.6398847489027772,-1.6500430014816998,62.20987794024426,-71.74411946104021,0.0,0.0,0.017453292519943295,0.0,0.0,0.0,-0.008726646259971648,0.022689280275926284,0.0,0.0,0.0,0.0,0.0,0.0,0.0,0.0,0.004218779296875,-0.004218779296875,-0.012656337890625,-0.012656337890625,-0.0168751171875,0.02531267578125,0.007957060546875,0.023871181640625,0.0,0.0,0.0,0.0,0.0,0.0,0.0,0.0,0.0,0.0,0.0,0.0,0.0,0.0,0.0,0.0,0.0,0.0,0.0,0.0,0.0,0.0,0.0,0.0,0.0,0.0
0.007655729000000001,0.0,0.02260550447183185,-0.010583676584098534,0.11835252190698764,-0.16398328253575656,1.6398847489027772,-1.6500430014816998,62.20921471512852,-71.74249630483587,0.0,0.0,0.0,0.0,0.0,0.0,0.0,0.0,0.0,0.0,0.0,0.0,0.0,0.0,0.0,0.0,0.004218779296875,0.0168751171875,0.021093896484375,-0.004218779296875,-0.04218779296875,-0.05906291015625,-0.0278497119140625,0.023871181640625,0.0,0.0,0.0,0.0,0.0,0.0,0.0,0.0,0.0,0.0,0.0,0.0,0.0,0.0,0.0,0.0,0.0,0.0,0.0,0.0,0.0,0.0,0.0,0.0,0.0,0.0
0.018031305,0.0,0.02260550447183185,-0.010583676584098534,0.11835252190698764,-0.16398328253575656,1.6398847489027772,-1.6500430014816998,62.20921471512852,-71.74249630483587,0.0,0.0,0.0,0.0,0.0,0.0,0.0,0.0,0.0,0.0,0.0,0.0,0.0,0.0,0.0,0.0,0.0168751171875,-0.00843755859375,0.0168751171875,-0.012656337890625,-0.0168751171875,-0.06750046875,0.0119355908203125,0.007957060546875,0.0,0.0,0.0,0.0,0.0,0.0,0.0,0.0,0.0,0.0,0.0,0.0,0.0,0.0,0.0,0.0,0.0,0.0,0.0,0.0,0.0,0.0,0.0,0.0,0.0,0.0
0.028723335000000003,0.0,0.02260550447183185,-0.010583676584098534,0.11835252190698764,-0.16398328253575656,1.6398847489027772,-1.6500430014816998,62.20930198159112,-71.74249630483587,0.0,0.0,0.0,0.0,0.0,0.0,0.0,0.0,0.0,0.0,0.0,0.0,0.0,0.0,0.0,0.0,0.021093896484375,0.0,-0.004218779296875,-0.00843755859375,0.0506253515625,0.04218779296875,0.0119355908203125,0.01591412109375,0.0,0.0,0.0,0.0,0.0,0.0,0.0,0.0,0.0,0.0,0.0,0.0,0.0,0.0,0.0,0.0,0.0,0.0,0.0,0.0,0.0,0.0,0.0,0.0,0.0,0.0
0.038536535000000004,0.0,0.02260550447183185,-0.010583676584098534,0.11835252190698764,-0.16398328253575656,1.6398847489027772,-1.6500430014816998,62.209406701346246,-71.74249630483587,0.0,0.0,0.0,0.0,0.0,0.0,0.005235987755982989,0.0,0.0,0.0,0.0,0.0,0.0,0.0,0.0,0.0,0.00843755859375,0.0168751171875,0.0168751171875,0.0,-0.033750234375,0.04218779296875,-0.0318282421875,0.01591412109375,0.0,0.0,0.0,0.0,0.0,0.0,0.0,0.0,0.0,0.0,0.0,0.0,0.0,0.0,0.0,0.0,0.0,0.0,0.0,0.0,0.0,0.0,0.0,0.0,0.0,0.0
0.048575306000000006,0.0,0.02260550447183185,-0.010583676584098534,0.11835252190698764,-0.16398328253575656,1.6398847489027772,-1.6500430014816998,62.20949396780882,-71.74249630483587,0.0,0.0,0.0,0.0,0.0,0.0,0.015707963267948967,0.0,0.0,0.0,0.0,0.0,0.0,0.0,0.0,0.0,0.004218779296875,-0.004218779296875,0.021093896484375,-0.00843755859375,0.05906291015625,0.033750234375,0.007957060546875,0.023871181640625,0.0,0.0,0.0,0.0,0.0,0.0,0.0,0.0,0.0,0.0,0.0,0.0,0.0,0.0,0.0,0.0,0.0,0.0,0.0,0.0,0.0,0.0,0.0,0.0,0.0,0.0
0.058790305,0.0,0.02260550447183185,-0.010583676584098534,0.1182478021518687,-0.16387856278063762,1.6398847489027772,-1.6500430014816998,62.20968595402656,-71.74249630483587,0.0,0.0,0.0,0.008726646259971648,0.0,0.0,0.017453292519943295,0.0,0.0,0.0,0.0,0.0,0.0,0.0,0.0,0.0,0.004218779296875,-0.00843755859375,-0.004218779296875,-0.004218779296875,-0.02531267578125,0.0168751171875,0.0119355908203125,0.023871181640625,0.0,0.0,0.0,0.0,0.0,0.0,0.0,0.0,0.0,0.0,0.0,0.0,0.0,0.0,0.0,0.0,0.0,0.0,0.0,0.0,0.0,0.0,0.0,0.0,0.0,0.0
0.068782995,0.0,0.02260550447183185,-0.010583676584098534,0.1182478021518687,-0.16387856278063762,1.6398847489027772,-1.6500430014816998,62.209790673781676,-71.74249630483587,0.0,0.0,0.0,0.0,0.0,0.0,0.017453292519943295,0.0,0.0,0.0,0.0,0.0,0.0,0.0,0.0,0.0,0.021093896484375,0.0,-0.00843755859375,0.021093896484375,-0.0168751171875,0.02531267578125,0.01591412109375,0.023871181640625,0.0,0.0,0.0,0.0,0.0,0.0,0.0,0.0,0.0,0.0,0.0,0.0,0.0,0.0,0.0,0.0,0.0,0.0,0.0,0.0,0.0,0.0,0.0,0.0,0.0,0.0
0.07930369400000001,0.0,0.02260550447183185,-0.010583676584098534,0.1182478021518687,-0.16387856278063762,1.6398847489027772,-1.6500866347129999,62.209965206706876,-71.74249630483587,0.0,0.0,0.0,0.0,0.0,0.0,0.010471975511965978,0.0,0.0,0.0,0.0,0.0,0.0,0.0,0.0,0.0,0.021093896484375,0.0,-0.00843755859375,-0.00843755859375,0.05906291015625,0.04218779296875,0.01591412109375,0.0278497119140625,0.0,0.0,0.0,0.0,0.0,0.0,0.0,0.0,0.0,0.0,0.0,0.0,0.0,0.0,0.0,0.0,0.0,0.0,0.0,0.0,0.0,0.0,0.0,0.0,0.0,0.0
0.088786553,0.0,0.02260550447183185,-0.010583676584098534,0.1182478021518687,-0.16387856278063762,1.6398847489027772,-1.6500866347129999,62.210069926462005,-71.74249630483587,0.0,0.0,0.0,0.0,0.0,0.0,0.017453292519943295,0.0,0.0,0.0,0.0,0.0,0.0,0.0,0.0,0.0,0.021093896484375,0.0,-0.00843755859375,0.021093896484375,0.0506253515625,0.04218779296875,0.01591412109375,0.023871181640625,0.0,0.0,0.0,0.0,0.0,0.0,0.0,0.0,0.0,0.0,0.0,0.0,0.0,0.0,0.0,0.0,0.0,0.0,0.0,0.0,0.0,0.0,0.0,0.0,0.0,0.0
0.098809741,0.0,0.02260550447183185,-0.010583676584098534,0.1182478021518687,-0.16387856278063762,1.6398847489027772,-1.6500866347129999,62.21015719292459,-71.74258357129848,0.0,0.0,0.0,0.0,0.0,0.0,0.015707963267948967,-0.008726646259971648,0.0,0.0,0.0,0.0,0.0,0.0,0.0,0.0,-0.037969013671875,-0.004218779296875,-0.00843755859375,0.0168751171875,0.0506253515625,0.0506253515625,0.0119355908203125,0.023871181640625,0.0,0.0,0.0,0.0,0.0,0.0,0.0,0.0,0.0,0.0,0.0,0.0,0.0,0.0,0.0,0.0,0.0,0.0,0.0,0.0,0.0,0.0,0.0,0.0,0.0,0.0
0.10861462100000001,0.0,0.02260550447183185,-0.010583676584098534,0.1182478021518687,-0.16379129631803746,1.6398847489027772,-1.6500866347129999,62.21026191267972,-71.74268829105358,0.0,0.0,0.0,0.0,0.0,-0.0008726646259971648,0.0,-0.017453292519943295,0.0,0.0,0.0,0.0,0.0,0.0,0.0,0.0,0.00843755859375,0.0,-0.00843755859375,0.0168751171875,0.05906291015625,0.04218779296875,0.0039785302734375,0.023871181640625,0.0,0.0,0.0,0.0,0.0,0.0,0.0,0.0,0.0,0.0,0.0,0.0,0.0,0.0,0.0,0.0,0.0,0.0,0.0,0.0,0.0,0.0,0.0,0.0,0.0,0.0
0.118567951,0.0,0.02260550447183185,-0.010583676584098534,0.1182478021518687,-0.16379129631803746,1.6398847489027772,-1.6500866347129999,62.21034917914232,-71.7427755575162,0.0,0.0,0.0,0.0,0.0,0.0,0.012217304763960306,-0.015707963267948967,0.0,0.0,0.0,0.0,0.0,0.0,0.0,0.0,0.0168751171875,0.0168751171875,0.029531455078125,-0.00843755859375,-0.02531267578125,0.02531267578125,0.007957060546875,0.0318282421875,0.0,0.0,0.0,0.0,0.0,0.0,0.0,0.0,0.0,0.0,0.0,0.0,0.0,0.0,0.0,0.0,0.0,0.0,0.0,0.0,0.0,0.0,0.0,0.0,0.0,0.0
0.12851062500000002,0.0,0.02260550447183185,-0.010583676584098534,0.1182478021518687,-0.16379129631803746,1.6398847489027772,-1.6500866347129999,62.210541165360034,-71.74288027727131,0.0,0.0,-0.006981317007977318,0.003490658503988659,0.0,0.0,0.003490658503988659,-0.008726646259971648,0.0,0.0,0.0,0.0,0.0,0.0,0.0,0.0,0.0168751171875,-0.004218779296875,0.0,-0.012656337890625,0.04218779296875,0.033750234375,0.0198926513671875,0.0198926513671875,0.0,0.0,0.0,0.0,0.0,0.0,0.0,0.0,0.0,0.0,0.0,0.0,0.0,0.0,0.0,0.0,0.0,0.0,0.0,0.0,0.0,0.0,0.0,0.0,0.0,0.0
0.138545621,0.0,0.02260550447183185,-0.010583676584098534,0.11816053568926854,-0.16379129631803746,1.6398847489027772,-1.6500866347129999,62.21064588511516,-71.74296754373391,0.0,0.0,-0.015707963267948967,0.0,0.0,0.0,0.0,0.0,0.0,0.0,0.0,0.0,0.0,0.0,0.0,0.0,0.021093896484375,-0.004218779296875,-0.00843755859375,0.021093896484375,0.05906291015625,0.02531267578125,0.0119355908203125,-0.063656484375,0.0,0.0,0.0,0.0,0.0,0.0,0.0,0.0,0.0,0.0,0.0,0.0,0.0,0.0,0.0,0.0,0.0,0.0,0.0,0.0,0.0,0.0,0.0,0.0,0.0,0.0
0.148635017,0.0,0.02260550447183185,-0.010583676584098534,0.11816053568926854,-0.16379129631803746,1.6398847489027772,-1.6500866347129999,62.21073315157775,-71.74296754373391,0.0,0.0,-0.0017453292519943296,0.0,0.004363323129985824,0.0,0.0,0.0,0.0,0.0,0.0,0.0,0.0,0.0,0.0,0.0,0.012656337890625,0.0,-0.00843755859375,-0.00843755859375,-0.0506253515625,0.00843755859375,0.0119355908203125,0.0318282421875,0.0,0.0,0.0,0.0,0.0,0.0,0.0,0.0,0.0,0.0,0.0,0.0,0.0,0.0,0.0,0.0,0.0,0.0,0.0,0.0,0.0,0.0,0.0,0.0,0.0,0.0
0.158516922,0.0,0.02260550447183185,-0.010583676584098534,0.11807326922666839,-0.16379129631803746,1.6398847489027772,-1.6500866347129999,62.21073315157775,-71.74296754373391,0.0,0.0,-0.013962634015954637,0.0,0.0,0.0,0.0,0.0,0.0,0.0,0.0,0.0,0.0,0.0,0.0,0.0,0.021093896484375,-0.00843755859375,-0.004218779296875,-0.012656337890625,-0.033750234375,0.033750234375,-0.0358067724609375,0.023871181640625,0.0,0.0,0.0,0.0,0.0,0.0,0.0,0.0,0.0,0.0,0.0,0.0,0.0,0.0,0.0,0.0,0.0,0.0,0.0,0.0,0.0,0.0,0.0,0.0,0.0,0.0
0.168484653,0.0,0.02260550447183185,-0.010583676584098534,0.11807326922666839,-0.16379129631803746,1.6398847489027772,-1.6500866347129999,62.21083787133286,-71.74296754373391,0.0,0.0,-0.012217304763960306,0.0,0.0,0.0,0.0,0.0,0.0,0.0,0.0,0.0,0.0,0.0,0.0,0.0,0.021093896484375,-0.004218779296875,-0.00843755859375,-0.012656337890625,-0.0168751171875,0.0168751171875,0.0198926513671875,0.0318282421875,0.0,0.0,0.0,0.0,0.0,0.0,0.0,0.0,0.0,0.0,0.0,0.0,0.0,0.0,0.0,0.0,0.0,0.0,0.0,0.0,0.0,0.0,0.0,0.0,0.0,0.0
0.17874614800000002,0.0,0.02260550447183185,-0.010583676584098534,0.11796854947154856,-0.16379129631803746,1.6398847489027772,-1.6500866347129999,62.21083787133286,-71.74296754373391,0.0,0.0,-0.008726646259971648,0.0,0.0,0.0,0.0,0.0,0.0,0.0,0.0,0.0,0.0,0.0,0.0,0.0,0.021093896484375,0.0,0.021093896484375,-0.00843755859375,-0.033750234375,0.00843755859375,0.0119355908203125,0.0198926513671875,0.0,0.0,0.0,0.0,0.0,0.0,0.0,0.0,0.0,0.0,0.0,0.0,0.0,0.0,0.0,0.0,0.0,0.0,0.0,0.0,0.0,0.0,0.0,0.0,0.0,0.0
0.18862283700000002,0.0,0.02260550447183185,-0.010583676584098534,0.11796854947154856,-0.16379129631803746,1.6398847489027772,-1.6500866347129999,62.21083787133286,-71.74296754373391,0.0,0.0,0.0,0.0,0.0,0.0,0.0,0.0,0.0,0.0,0.0,0.0,0.0,0.0,0.0,0.0,0.021093896484375,-0.004218779296875,-0.00843755859375,0.0168751171875,-0.0168751171875,0.02531267578125,0.0119355908203125,0.023871181640625,0.0,0.0,0.0,0.0,0.0,0.0,0.0,0.0,0.0,0.0,0.0,0.0,0.0,0.0,0.0,0.0,0.0,0.0,0.0,0.0,0.0,0.0,0.0,0.0,0.0,0.0
0.19853853500000002,0.0,0.02260550447183185,-0.010583676584098534,0.11796854947154856,-0.16387856278063762,1.6399283821340769,-1.6500866347129999,62.21073315157775,-71.74296754373391,0.0,0.0,0.0,-0.008726646259971648,0.0,0.0,-0.006981317007977318,0.0,0.0,0.0,0.0,0.0,0.0,0.0,0.0,0.0,0.00843755859375,-0.00843755859375,0.021093896484375,-0.004218779296875,-0.02531267578125,0.033750234375,-0.0358067724609375,0.0318282421875,0.0,0.0,0.0,0.0,0.0,0.0,0.0,0.0,0.0,0.0,0.0,0.0,0.0,0.0,0.0,0.0,0.0,0.0,0.0,0.0,0.0,0.0,0.0,0.0,0.0,0.0
0.20842949600000002,0.0,0.02260550447183185,-0.010583676584098534,0.11796854947154856,-0.16387856278063762,1.6399283821340769,-1.6500866347129999,62.21073315157775,-71.74296754373391,0.0,0.0,0.0,-0.008726646259971648,0.0,0.0,0.0,0.0,0.0,0.0,0.0,0.0,0.0,0.0,0.0,0.0,0.0168751171875,-0.004218779296875,-0.004218779296875,0.0168751171875,-0.0168751171875,0.02531267578125,0.0039785302734375,-0.0596779541015625,0.0,0.0,0.0,0.0,0.0,0.0,0.0,0.0,0.0,0.0,0.0,0.0,0.0,0.0,0.0,0.0,0.0,0.0,0.0,0.0,0.0,0.0,0.0,0.0,0.0,0.0
0.218880018,0.0,0.02260550447183185,-0.010583676584098534,0.11796854947154856,-0.16398328253575656,1.6399283821340769,-1.6500866347129999,62.21064588511516,-71.74307226348903,0.0,0.0,0.0,0.0,0.0,0.0,-0.017453292519943295,-0.013962634015954637,0.0,0.0,0.0,0.0,0.0,0.0,0.0,0.0,0.021093896484375,-0.00843755859375,-0.00843755859375,0.021093896484375,0.0168751171875,-0.09281314453125,-0.0318282421875,0.0198926513671875,0.0,0.0,0.0,0.0,0.0,0.0,0.0,0.0,0.0,0.0,0.0,0.0,0.0,0.0,0.0,0.0,0.0,0.0,0.0,0.0,0.0,0.0,0.0,0.0,0.0,0.0
0.228559744,0.0,0.02260550447183185,-0.010583676584098534,0.11796854947154856,-0.16407054899835583,1.6399283821340769,-1.6500866347129999,62.210541165360034,-71.74326424970674,0.0,0.0,0.0,-0.017453292519943295,0.0,0.0,-0.015707963267948967,-0.013962634015954637,0.0,0.0,0.0,0.0,0.0,0.0,0.0,0.0,0.021093896484375,0.0,-0.00843755859375,-0.004218779296875,-0.0168751171875,0.04218779296875,0.01591412109375,0.023871181640625,0.0,0.0,0.0,0.0,0.0,0.0,0.0,0.0,0.0,0.0,0.0,0.0,0.0,0.0,0.0,0.0,0.0,0.0,0.0,0.0,0.0,0.0,0.0,0.0,0.0,0.0
0.238509202,0.0,0.02260550447183185,-0.010583676584098534,0.11796854947154856,-0.16417526875347566,1.6399283821340769,-1.6500866347129999,62.21045389889742,-71.74345623592447,0.0,0.0,0.0,-0.010471975511965978,0.0,0.0,-0.005235987755982989,-0.022689280275926284,0.0,0.0,0.0,0.0,0.0,0.0,0.0,0.0,0.00843755859375,0.0168751171875,0.021093896484375,-0.00843755859375,-0.033750234375,0.0168751171875,-0.0358067724609375,0.0,0.0,0.0,0.0,0.0,0.0,0.0,0.0,0.0,0.0,0.0,0.0,0.0,0.0,0.0,0.0,0.0,0.0,0.0,0.0,0.0,0.0,0.0,0.0,0.0,0.0,0.0
0.248718408,0.0,0.02260550447183185,-0.010583676584098534,0.11796854947154856,-0.1642625352160758,1.6399283821340769,-1.6500866347129999,62.21034917914232,-71.74373548860477,0.0,0.0,0.006981317007977318,0.0,0.0,0.0,-0.005235987755982989,-0.03665191429188092,0.0,0.0,0.0,0.0,0.0,0.0,0.0,0.0,0.012656337890625,0.0168751171875,-0.00843755859375,-0.012656337890625,-0.02531267578125,0.0,0.01591412109375,0.023871181640625,0.0,0.0,0.0,0.0,0.0,0.0,0.0,0.0,0.0,0.0,0.0,0.0,0.0,0.0,0.0,0.0,0.0,0.0,0.0,0.0,0.0,0.0,0.0,0.0,0.0,0.0
0.258955007,0.0,0.02260550447183185,-0.010583676584098534,0.11796854947154856,-0.16436725497119564,1.6398847489027772,-1.6500866347129999,62.21015719292459,-71.74411946104021,0.0,0.0,0.0,-0.010471975511965978,0.0,0.0,-0.015707963267948967,-0.03490658503988659,0.0,0.0,0.0,0.0,0.0,0.0,0.0,0.0,0.0168751171875,0.0168751171875,-0.00843755859375,-0.012656337890625,0.04218779296875,0.00843755859375,0.0039785302734375,0.0119355908203125,0.0,0.0,0.0,0.0,0.0,0.0,0.0,0.0,0.0,0.0,0.0,0.0,0.0,0.0,0.0,0.0,0.0,0.0,0.0,0.0,0.0,0.0,0.0,0.0,0.0,0.0
0.26884155200000004,0.0,0.02260550447183185,-0.010583676584098534,0.11807326922666839,-0.16455924118891563,1.6398847489027772,-1.6500866347129999,62.209965206706876,-71.74450343347566,0.0,0.0,0.0,-0.017453292519943295,0.0,0.0,-0.012217304763960306,-0.04188790204786391,0.0,0.0,0.0,0.0,0.0,0.0,0.0,0.0,0.00843755859375,0.0168751171875,0.021093896484375,-0.00843755859375,0.0506253515625,0.0168751171875,0.01591412109375,0.0,0.0,0.0,0.0,0.0,0.0,0.0,0.0,0.0,0.0,0.0,0.0,0.0,0.0,0.0,0.0,0.0,0.0,0.0,0.0,0.0,0.0,0.0,0.0,0.0,0.0,0.0
0.278708577,0.0,0.02260550447183185,-0.010583676584098534,0.11816053568926854,-0.1646465076515149,1.6398847489027772,-1.6500866347129999,62.20987794024426,-71.7449746723737,0.0,0.0,0.017453292519943295,-0.017453292519943295,0.0,0.0,0.0,-0.047123889803846894,0.0,0.0,0.0,0.0,0.0,0.0,0.0,0.0,0.00843755859375,-0.012656337890625,0.0168751171875,-0.00843755859375,0.00843755859375,-0.05906291015625,-0.0318282421875,0.0119355908203125,0.0,0.0,0.0,0.0,0.0,0.0,0.0,0.0,0.0,0.0,0.0,0.0,0.0,0.0,0.0,0.0,0.0,0.0,0.0,0.0,0.0,0.0,0.0,0.0,0.0,0.0
0.288813078,0.0,0.02260550447183185,-0.010583676584098534,0.1182478021518687,-0.16483849386923488,1.6398847489027772,-1.6500866347129999,62.209790673781676,-71.74546336456424,0.0,0.0,0.005235987755982989,-0.006981317007977318,0.0,0.0,0.0,-0.047123889803846894,0.0,0.0,0.0,0.0,0.0,0.0,0.0,0.0,0.012656337890625,0.0168751171875,-0.004218779296875,-0.012656337890625,0.06750046875,0.02531267578125,0.0198926513671875,0.0119355908203125,0.0,0.0,0.0,0.0,0.0,0.0,0.0,0.0,0.0,0.0,0.0,0.0,0.0,0.0,0.0,0.0,0.0,0.0,0.0,0.0,0.0,0.0,0.0,0.0,0.0,0.0
0.29891937,0.0,0.02260550447183185,-0.010583676584098534,0.11835252190698764,-0.16494321362435382,1.6398847489027772,-1.6500866347129999,62.209790673781676,-71.7459346034623,0.0,0.0,0.0,0.0,0.0,0.0,0.0,-0.048869219055841226,0.0,0.0,0.0,0.0,0.0,0.0,0.0,0.0,0.004218779296875,-0.00843755859375,-0.00843755859375,-0.00843755859375,0.00843755859375,-0.05906291015625,0.01591412109375,0.01591412109375,0.0,0.0,0.0,0.0,0.0,0.0,0.0,0.0,0.0,0.0,0.0,0.0,0.0,0.0,0.0,0.0,0.0,0.0,0.0,0.0,0.0,0.0,0.0,0.0,0.0,0.0
0.30888207700000003,0.0,0.02260550447183185,-0.010583676584098534,0.1184397883695878,-0.16494321362435382,1.6398847489027772,-1.6500866347129999,62.20987794024426,-71.74651056211546,0.0,0.0,0.017453292519943295,0.0,0.0,0.0,0.008726646259971648,-0.054105206811824215,0.0,0.0,0.0,0.0,0.0,0.0,0.0,0.0,0.00843755859375,-0.00843755859375,-0.0168751171875,-0.012656337890625,-0.0168751171875,0.02531267578125,0.0,0.007957060546875,0.0,0.0,0.0,0.0,0.0,0.0,0.0,0.0,0.0,0.0,0.0,0.0,0.0,0.0,0.0,0.0,0.0,0.0,0.0,0.0,0.0,0.0,0.0,0.0,0.0,0.0
0.318778542,0.0,0.02260550447183185,-0.010583676584098534,0.11854450812470674,-0.16494321362435382,1.6398847489027772,-1.6500866347129999,62.210069926462005,-71.74708652076862,0.0,0.0,0.008726646259971648,0.0,0.0,0.0,0.019198621771937627,-0.05759586531581287,0.0,0.0,0.0,0.0,0.0,0.0,0.0,0.0,0.004218779296875,-0.00843755859375,-0.0168751171875,0.02531267578125,-0.0168751171875,0.0168751171875,-0.0318282421875,0.007957060546875,0.0,0.0,0.0,0.0,0.0,0.0,0.0,0.0,0.0,0.0,0.0,0.0,0.0,0.0,0.0,0.0,0.0,0.0,0.0,0.0,0.0,0.0,0.0,0.0,0.0,0.0
0.328885955,0.0,0.02260550447183185,-0.010583676584098534,0.11863177458730689,-0.16494321362435382,1.6398847489027772,-1.6500866347129999,62.21026191267972,-71.74766247942178,0.0,0.0,0.013962634015954637,0.0,0.0,0.0,0.017453292519943295,-0.05759586531581287,0.0,0.0,0.0,0.0,0.0,0.0,0.0,0.0,0.004218779296875,-0.004218779296875,-0.004218779296875,-0.012656337890625,0.0,-0.05906291015625,-0.0318282421875,0.0,0.0,0.0,0.0,0.0,0.0,0.0,0.0,0.0,0.0,0.0,0.0,0.0,0.0,0.0,0.0,0.0,0.0,0.0,0.0,0.0,0.0,0.0,0.0,0.0,0.0,0.0
0.3387525,0.0,0.02260550447183185,-0.010583676584098534,0.11882376080502599,-0.16494321362435382,1.6398847489027772,-1.6500866347129999,62.21045389889742,-71.74823843807494,0.0,0.0,0.019198621771937627,0.0,0.0,0.0,0.024434609527920613,-0.05934119456780721,0.0,0.0,0.0,0.0,0.0,0.0,0.0,0.0,0.00843755859375,-0.00843755859375,-0.00843755859375,-0.004218779296875,0.00843755859375,0.033750234375,0.0119355908203125,0.0039785302734375,0.0,0.0,0.0,0.0,0.0,0.0,0.0,0.0,0.0,0.0,0.0,0.0,0.0,0.0,0.0,0.0,0.0,0.0,0.0,0.0,0.0,0.0,0.0,0.0,0.0,0.0
0.348844904,0.0,0.02260550447183185,-0.010583676584098534,0.11912046677786492,-0.16494321362435382,1.6398847489027772,-1.6500866347129999,62.21073315157775,-71.7488143967281,0.0,0.0,0.024434609527920613,0.0,0.0,0.0,0.027925268031909273,-0.05759586531581287,0.0,0.0,0.0,0.0,0.0,0.0,0.0,0.0,-0.04218779296875,-0.012656337890625,-0.00843755859375,0.02531267578125,0.00843755859375,0.02531267578125,0.007957060546875,0.0,0.0,0.0,0.0,0.0,0.0,0.0,0.0,0.0,0.0,0.0,0.0,0.0,0.0,0.0,0.0,0.0,0.0,0.0,0.0,0.0,0.0,0.0,0.0,0.0,0.0,0.0
0.35872565700000003,0.0,0.02260550447183185,-0.010583676584098534,0.11939971945818506,-0.16494321362435382,1.6398847489027772,-1.6500866347129999,62.211029857550606,-71.74939035538125,0.0,0.0,0.03316125578789226,0.0,0.0,0.0,0.02617993877991494,-0.048869219055841226,0.0,0.0,0.0,0.0,0.0,0.0,0.0,0.0,-0.04218779296875,-0.00843755859375,-0.00843755859375,-0.021093896484375,0.0506253515625,0.04218779296875,0.023871181640625,0.0,0.0,0.0,0.0,0.0,0.0,0.0,0.0,0.0,0.0,0.0,0.0,0.0,0.0,0.0,0.0,0.0,0.0,0.0,0.0,0.0,0.0,0.0,0.0,0.0,0.0,0.0
0.36883463800000005,0.0,0.02260550447183185,-0.010583676584098534,0.11978369189362326,-0.16494321362435382,1.6398847489027772,-1.6500866347129999,62.21130911023091,-71.7497743278167,0.0,0.0,0.04188790204786391,0.0,0.0,0.0,0.027925268031909273,-0.03490658503988659,0.0,0.0,0.0,0.0,0.0,0.0,0.0,0.0,-0.04218779296875,-0.004218779296875,-0.021093896484375,0.02531267578125,0.0,0.0,-0.043763833007812496,-0.0039785302734375,0.0,0.0,0.0,0.0,0.0,0.0,0.0,0.0,0.0,0.0,0.0,0.0,0.0,0.0,0.0,0.0,0.0,0.0,0.0,0.0,0.0,0.0,0.0,0.0,0.0,0.0
0.37885107300000004,0.0,0.02260550447183185,-0.010583676584098534,0.12027238408418128,-0.16494321362435382,1.6398847489027772,-1.6500866347129999,62.211605816203736,-71.75007103378952,0.0,0.0,0.038397243543875255,0.0,0.0,0.0,0.03490658503988659,-0.019198621771937627,0.0,0.0,0.0,0.0,0.0,0.0,0.0,0.0,-0.04218779296875,-0.00843755859375,-0.00843755859375,0.02531267578125,0.0506253515625,0.0506253515625,0.0039785302734375,0.0,0.0,0.0,0.0,0.0,0.0,0.0,0.0,0.0,0.0,0.0,0.0,0.0,0.0,0.0,0.0,0.0,0.0,0.0,0.0,0.0,0.0,0.0,0.0,0.0,0.0,0.0
0.38872606600000004,0.0,0.02260550447183185,-0.010583676584098534,0.12065635651962037,-0.1650304800869531,1.6398847489027772,-1.6500866347129999,62.21198978863918,-71.75026302000724,0.0,0.0,0.04188790204786391,-0.017453292519943295,0.0,0.0,0.03490658503988659,-0.017453292519943295,0.0,0.0,0.0,0.0,0.0,0.0,0.0,0.0,-0.029531455078125,0.0,-0.00843755859375,0.029531455078125,-0.033750234375,0.04218779296875,-0.039785302734375,-0.0039785302734375,0.0,0.0,0.0,0.0,0.0,0.0,0.0,0.0,0.0,0.0,0.0,0.0,0.0,0.0,0.0,0.0,0.0,0.0,0.0,0.0,0.0,0.0,0.0,0.0,0.0,0.0
0.39872950900000004,0.0,0.02260550447183185,-0.010583676584098534,0.12112759541765872,-0.16522246630467308,1.6398847489027772,-1.6500866347129999,62.21237376107462,-71.75035028646984,0.0,0.0,0.04188790204786391,-0.020943951023931956,0.0,0.0,0.03665191429188092,0.0,0.0,0.0,0.0,0.0,0.0,0.0,0.0,0.0,-0.04218779296875,-0.00843755859375,-0.00843755859375,0.021093896484375,0.0506253515625,0.02531267578125,0.0119355908203125,-0.0039785302734375,0.0,0.0,0.0,0.0,0.0,0.0,0.0,0.0,0.0,0.0,0.0,0.0,0.0,0.0,0.0,0.0,0.0,0.0,0.0,0.0,0.0,0.0,0.0,0.0,0.0,0.0
0.408813721,0.0,0.02260550447183185,-0.010583676584098534,0.12161628760821674,-0.16551917227751112,1.6398847489027772,-1.6500866347129999,62.21265301375495,-71.75035028646984,0.0,0.0,0.047123889803846894,-0.020943951023931956,0.0,0.0,0.03490658503988659,0.0,0.0,0.0,0.0,0.0,0.0,0.0,0.0,0.0,-0.037969013671875,-0.00843755859375,-0.0168751171875,-0.012656337890625,0.06750046875,0.02531267578125,0.007957060546875,-0.0039785302734375,0.0,0.0,0.0,0.0,0.0,0.0,0.0,0.0,0.0,0.0,0.0,0.0,0.0,0.0,0.0,0.0,0.0,0.0,0.0,0.0,0.0,0.0,0.0,0.0,0.0,0.0
0.418559049,0.0,0.02260550447183185,-0.010583676584098534,0.12208752650625598,-0.16579842495783215,1.6398847489027772,-1.6500866347129999,62.213036986190396,-71.75035028646984,0.0,0.0,0.050614548307835565,-0.024434609527920613,0.0,0.0,0.02617993877991494,0.0,0.0,0.0,0.0,0.0,0.0,0.0,0.0,0.0,-0.04218779296875,-0.00843755859375,-0.0168751171875,-0.004218779296875,-0.0168751171875,0.033750234375,-0.043763833007812496,-0.007957060546875,0.0,0.0,0.0,0.0,0.0,0.0,0.0,0.0,0.0,0.0,0.0,0.0,0.0,0.0,0.0,0.0,0.0,0.0,0.0,0.0,0.0,0.0,0.0,0.0,0.0,0.0
0.42878121500000005,0.0,0.02260550447183185,-0.010583676584098534,0.12257621869681401,-0.16599041117555036,1.6398847489027772,-1.6500866347129999,62.21322897240808,-71.75035028646984,0.0,0.0,0.048869219055841226,-0.024434609527920613,0.0,0.0,0.015707963267948967,0.005235987755982989,0.0,0.0,0.0,0.0,0.0,0.0,0.0,0.0,0.012656337890625,0.0168751171875,0.033750234375,-0.021093896484375,-0.02531267578125,0.0506253515625,0.0119355908203125,0.0,0.0,0.0,0.0,0.0,0.0,0.0,0.0,0.0,0.0,0.0,0.0,0.0,0.0,0.0,0.0,0.0,0.0,0.0,0.0,0.0,0.0,0.0,0.0,0.0,0.0,0.0
0.438753202,0.0,0.02260550447183185,-0.010583676584098534,0.12304745759485236,-0.16628711714838929,1.6398847489027772,-1.6500866347129999,62.21322897240808,-71.75026302000724,0.0,0.0,0.047123889803846894,-0.02617993877991494,0.0,0.0,0.0017453292519943296,0.0,0.0,0.0,0.0,0.0,0.0,0.0,0.0,0.0,0.0168751171875,0.0,-0.012656337890625,-0.012656337890625,0.0168751171875,0.033750234375,0.0278497119140625,0.0,0.0,0.0,0.0,0.0,0.0,0.0,0.0,0.0,0.0,0.0,0.0,0.0,0.0,0.0,0.0,0.0,0.0,0.0,0.0,0.0,0.0,0.0,0.0,0.0,0.0,0.0
0.44868406800000005,0.0,0.02260550447183185,-0.010583676584098534,0.12353614978541128,-0.16647910336610838,1.6398847489027772,-1.6500866347129999,62.21322897240808,-71.75026302000724,0.0,0.0,0.047123889803846894,-0.017453292519943295,0.0,0.0,-0.010471975511965978,0.0,0.0,0.0,0.0,0.0,0.0,0.0,0.0,0.0,0.012656337890625,-0.004218779296875,0.033750234375,-0.02531267578125,-0.02531267578125,0.0,0.01591412109375,0.0,0.0,0.0,0.0,0.0,0.0,0.0,0.0,0.0,0.0,0.0,0.0,0.0,0.0,0.0,0.0,0.0,0.0,0.0,0.0,0.0,0.0,0.0,0.0,0.0,0.0,0.0
0.45882325700000004,0.0,0.02260550447183185,-0.010583676584098534,0.12392012222084947,-0.16656636982870854,1.6398847489027772,-1.6500866347129999,62.213141705945525,-71.75026302000724,0.0,0.0,0.03490658503988659,-0.0017453292519943296,0.0,0.0,-0.019198621771937627,0.017453292519943295,0.0,0.0,0.0,0.0,0.0,0.0,0.0,0.0,0.0168751171875,0.0,-0.00843755859375,0.021093896484375,-0.04218779296875,0.00843755859375,0.007957060546875,0.0039785302734375,0.0,0.0,0.0,0.0,0.0,0.0,0.0,0.0,0.0,0.0,0.0,0.0,0.0,0.0,0.0,0.0,0.0,0.0,0.0,0.0,0.0,0.0,0.0,0.0,0.0,0.0
0.468663977,0.0,0.02260550447183185,-0.010583676584098534,0.12411210843856946,-0.16667108958382748,1.6398847489027772,-1.6500866347129999,62.21294971972778,-71.75015830025214,0.0,0.0,0.017453292519943295,0.0,0.0,0.0,-0.017453292519943295,0.0,0.0,0.0,0.0,0.0,0.0,0.0,0.0,0.0,0.0168751171875,0.0,-0.00843755859375,-0.0168751171875,-0.033750234375,0.0168751171875,-0.007957060546875,-0.0039785302734375,0.0,0.0,0.0,0.0,0.0,0.0,0.0,0.0,0.0,0.0,0.0,0.0,0.0,0.0,0.0,0.0,0.0,0.0,0.0,0.0,0.0,0.0,0.0,0.0,0.0,0.0
0.47909465900000003,0.0,0.02260550447183185,-0.010583676584098534,0.12419937490116872,-0.16667108958382748,1.6398847489027772,-1.6500866347129999,62.21284499997265,-71.75015830025214,0.0,0.0,0.0,0.0,0.0,0.0,-0.013962634015954637,0.008726646259971648,0.0,0.0,0.0,0.0,0.0,0.0,0.0,0.0,0.021093896484375,-0.00843755859375,0.0,0.02531267578125,-0.0168751171875,0.02531267578125,-0.039785302734375,0.0,0.0,0.0,0.0,0.0,0.0,0.0,0.0,0.0,0.0,0.0,0.0,0.0,0.0,0.0,0.0,0.0,0.0,0.0,0.0,0.0,0.0,0.0,0.0,0.0,0.0,0.0
0.48892552300000003,0.0,0.02260550447183185,-0.010583676584098534,0.12430409465628856,-0.16667108958382748,1.6398847489027772,-1.6500430014816998,62.21284499997265,-71.7499663140344,0.0,0.0,0.0,0.0,0.0,0.0,0.0,0.010471975511965978,0.0,0.0,0.0,0.0,0.0,0.0,0.0,0.0,0.0168751171875,-0.004218779296875,0.0,-0.012656337890625,-0.033750234375,-0.00843755859375,0.0039785302734375,-0.0039785302734375,0.0,0.0,0.0,0.0,0.0,0.0,0.0,0.0,0.0,0.0,0.0,0.0,0.0,0.0,0.0,0.0,0.0,0.0,0.0,0.0,0.0,0.0,0.0,0.0,0.0,0.0
0.49884902900000005,0.0,0.02260550447183185,-0.010583676584098534,0.12430409465628856,-0.16656636982870854,1.6398847489027772,-1.6500430014816998,62.21284499997265,-71.7497743278167,0.0,0.0,0.0,0.013962634015954637,0.0,0.0,0.0,0.017453292519943295,0.0,0.0,0.0,0.0,0.0,0.0,0.0,0.0,0.004218779296875,0.0168751171875,-0.00843755859375,0.004218779296875,-0.033750234375,0.0168751171875,0.007957060546875,0.0,0.0,0.0,0.0,0.0,0.0,0.0,0.0,0.0,0.0,0.0,0.0,0.0,0.0,0.0,0.0,0.0,0.0,0.0,0.0,0.0,0.0,0.0,0.0,0.0,0.0,0.0
0.508920377,0.0,0.02260550447183185,-0.010583676584098534,0.12430409465628856,-0.16656636982870854,1.6398847489027772,-1.6500430014816998,62.21284499997265,-71.74958234159895,0.0,0.0,0.0,0.0,0.0,0.0,0.0,0.020943951023931956,0.0,0.0,0.0,0.0,0.0,0.0,0.0,0.0,0.021093896484375,-0.004218779296875,-0.00843755859375,0.029531455078125,-0.0168751171875,-0.00843755859375,-0.039785302734375,0.007957060546875,0.0,0.0,0.0,0.0,0.0,0.0,0.0,0.0,0.0,0.0,0.0,0.0,0.0,0.0,0.0,0.0,0.0,0.0,0.0,0.0,0.0,0.0,0.0,0.0,0.0,0.0
0.518767082,0.0,0.02260550447183185,-0.010583676584098534,0.12419937490116872,-0.16656636982870854,1.6398847489027772,-1.6500430014816998,62.21284499997265,-71.74939035538125,0.0,0.0,0.0,0.0,0.0,0.0,0.0,0.017453292519943295,0.0,0.0,0.0,0.0,0.0,0.0,0.0,0.0,0.00843755859375,0.012656337890625,0.037969013671875,-0.012656337890625,-0.02531267578125,0.0,-0.043763833007812496,-0.0039785302734375,0.0,0.0,0.0,0.0,0.0,0.0,0.0,0.0,0.0,0.0,0.0,0.0,0.0,0.0,0.0,0.0,0.0,0.0,0.0,0.0,0.0,0.0,0.0,0.0,0.0,0.0
0.528786461,0.0,0.02260550447183185,-0.010583676584098534,0.12419937490116872,-0.16656636982870854,1.6398847489027772,-1.6500430014816998,62.21284499997265,-71.74930308891865,0.0,0.0,0.0,0.0,0.0,0.0,0.0,0.0,0.0,0.0,0.0,0.0,0.0,0.0,0.0,0.0,0.004218779296875,-0.00843755859375,-0.012656337890625,-0.004218779296875,-0.033750234375,0.00843755859375,-0.039785302734375,0.007957060546875,0.0,0.0,0.0,0.0,0.0,0.0,0.0,0.0,0.0,0.0,0.0,0.0,0.0,0.0,0.0,0.0,0.0,0.0,0.0,0.0,0.0,0.0,0.0,0.0,0.0,0.0
0.5388077600000001,0.0,0.02260550447183185,-0.010583676584098534,0.12419937490116872,-0.16647910336610838,1.6398847489027772,-1.6500430014816998,62.21284499997265,-71.74930308891865,0.0,0.0,0.0,0.0017453292519943296,0.0,0.0,0.0,0.0,0.0,0.0,0.0,0.0,0.0,0.0,0.0,0.0,0.00843755859375,-0.00843755859375,-0.012656337890625,-0.012656337890625,-0.0168751171875,-0.09281314453125,0.007957060546875,0.0039785302734375,0.0,0.0,0.0,0.0,0.0,0.0,0.0,0.0,0.0,0.0,0.0,0.0,0.0,0.0,0.0,0.0,0.0,0.0,0.0,0.0,0.0,0.0,0.0,0.0,0.0,0.0
0.5487011540000001,0.0,0.02260550447183185,-0.010583676584098534,0.12411210843856946,-0.16647910336610838,1.6398847489027772,-1.6500430014816998,62.21294971972778,-71.74930308891865,0.0,0.0,0.0,0.008726646259971648,0.0,0.0,0.0,0.0,0.0,0.0,0.0,0.0,0.0,0.0,0.0,0.0,0.004218779296875,-0.00843755859375,0.033750234375,-0.012656337890625,-0.033750234375,-0.06750046875,0.023871181640625,0.0039785302734375,0.0,0.0,0.0,0.0,0.0,0.0,0.0,0.0,0.0,0.0,0.0,0.0,0.0,0.0,0.0,0.0,0.0,0.0,0.0,0.0,0.0,0.0,0.0,0.0,0.0,0.0
0.558744149,0.0,0.02260550447183185,-0.010583676584098534,0.12411210843856946,-0.16637438361098855,1.6399283821340769,-1.6500430014816998,62.21294971972778,-71.74930308891865,0.0,0.0,0.0,0.008726646259971648,0.0,0.0,0.0,0.0,0.0,0.0,0.0,0.0,0.0,0.0,0.0,0.0,0.004218779296875,0.0168751171875,-0.00843755859375,-0.012656337890625,0.0168751171875,-0.06750046875,0.01591412109375,0.0,0.0,0.0,0.0,0.0,0.0,0.0,0.0,0.0,0.0,0.0,0.0,0.0,0.0,0.0,0.0,0.0,0.0,0.0,0.0,0.0,0.0,0.0,0.0,0.0,0.0,0.0
0.569651382,0.0,0.02260550447183185,-0.010583676584098534,0.12400738868344874,-0.16637438361098855,1.6399283821340769,-1.6500430014816998,62.21284499997265,-71.74930308891865,0.0,0.0,0.0,0.0,0.0,0.0,0.0,0.0,0.0,0.0,0.0,0.0,0.0,0.0,0.0,0.0,0.012656337890625,0.0168751171875,0.037969013671875,-0.004218779296875,-0.033750234375,-0.00843755859375,0.0,0.0,0.0,0.0,0.0,0.0,0.0,0.0,0.0,0.0,0.0,0.0,0.0,0.0,0.0,0.0,0.0,0.0,0.0,0.0,0.0,0.0,0.0,0.0,0.0,0.0,0.0,0.0
0.582566035,1787890192.0797207,0.02260550447183185,-0.010583676584098534,0.12400738868344874,-0.16628711714838929,1.6399283821340769,-1.6500430014816998,62.21256574729234,-71.74939035538125,0.0,0.0,0.0,0.0,0.0,0.0,-0.012217304763960306,0.0,0.0,0.0,0.0,0.0,0.0,0.0,0.0007853981633974484,0.0,0.012656337890625,-0.00843755859375,-0.012656337890625,-0.012656337890625,-0.02531267578125,0.04218779296875,0.0,0.0,0.0,0.0,0.0,0.0,0.0,0.0,0.0,0.0,0.0,0.0,0.0,0.0,0.0,0.0,0.0,0.0,0.0,0.0,0.0,0.0,0.0,0.0,0.0,0.0,0.0,0.0
0.593400243,1787890192.0905795,0.02260550447183185,-0.010583676584098534,0.12392012222084947,-0.16628711714838929,1.6399283821340769,-1.6500430014816998,62.21246102753722,-71.74939035538125,0.0,0.0,0.0,0.008726646259971648,0.0,0.0,-0.015707963267948967,0.0,-0.0003407864995753525,0.00015955291332812004,0.012838079567586175,-0.012461180539390937,0.006851330922601706,-0.006698849223894188,0.0006108652381980154,0.0,0.00843755859375,-0.004218779296875,0.0,-0.0168751171875,-0.0168751171875,-0.06750046875,0.0119355908203125,0.0039785302734375,0.0,0.0,0.0,0.0,0.0,0.0,0.0,0.0,0.0,0.0,0.0,0.0,0.0,0.0,0.0,0.0,0.0,0.0,0.0,0.0,0.0,0.0,0.0,0.0,0.0,0.0
0.6027125720000001,1787890192.1000068,0.02260550447183185,-0.010583676584098534,0.12392012222084947,-0.16618239739327034,1.6399283821340769,-1.6500866347129999,62.212181774856894,-71.74939035538125,0.0,0.0,0.0,0.0,0.0,0.0,-0.019198621771937627,0.0,-0.000681572999150705,0.00031910582665623487,0.025937958522970234,-0.02553322631698124,0.013702661845203412,-0.01339769844778771,0.0007853981633974484,0.0,0.0,0.0168751171875,0.0,-0.02531267578125,0.00843755859375,0.02531267578125,0.0119355908203125,0.0,0.0,0.0,0.0,0.0,0.0,0.0,0.0,0.0,0.0,0.0,0.0,0.0,0.0,0.0,0.0,0.0,0.0,0.0,0.0,0.0,0.0,0.0,0.0,0.0,0.0,0.0
0.6120622130000001,1787890192.1093562,0.02260550447183185,-0.010583676584098534,0.12392012222084947,-0.1660951309306702,1.6399283821340769,-1.6500866347129999,62.21198978863918,-71.74939035538125,0.0,0.0,0.0,0.017453292519943295,0.0,0.0,-0.017453292519943295,0.0,-0.0010223594987260679,0.0004786587399843549,0.03877603809055641,-0.03717410210793404,0.020553992767805784,-0.019965647977781664,0.0009599310885968814,0.0,0.004218779296875,-0.00843755859375,-0.004218779296875,0.021093896484375,-0.033750234375,0.04218779296875,0.0039785302734375,-0.0119355908203125,0.0,0.0,0.0,0.0,0.0,0.0,0.0,0.0,0.0,0.0,0.0,0.0,0.0,0.0,0.0,0.0,0.0,0.0,0.0,0.0,0.0,0.0,0.0,0.0,0.0,0.0
0.621892917,1787890192.119168,0.02260550447183185,-0.010583676584098534,0.12392012222084947,-0.1660951309306702,1.6399283821340769,-1.6500866347129999,62.21169308266635,-71.74939035538125,0.0,0.0,0.0,0.008726646259971648,0.0,0.0,-0.029670597283903605,0.0,-0.0013631459983014203,0.0006382116533124749,0.05161411765814258,-0.05138061189932197,0.02740532369040749,-0.026664497201675852,0.0008726646259971648,0.0,0.004218779296875,-0.00843755859375,0.0506253515625,-0.0168751171875,0.0168751171875,0.02531267578125,-0.0358067724609375,0.007957060546875,0.0,0.0,0.0,0.0,0.0,0.0,0.0,0.0,0.0,0.0,0.0,0.0,0.0,0.0,0.0,0.0,0.0,0.0,0.0,0.0,0.0,0.0,0.0,0.0,0.0,0.0
0.632132172,1787890192.1294417,0.02260550447183185,-0.010583676584098534,0.12400738868344874,-0.16599041117555036,1.6399283821340769,-1.6500866347129999,62.211501096448636,-71.74930308891865,0.0,0.0,0.0,0.010471975511965978,0.0,0.0,-0.022689280275926284,0.017453292519943295,-0.0017039324978767728,0.000797764566640595,0.06445219722572876,-0.06270732842491794,0.034256654613009196,-0.03336334642556937,0.0014835298641951804,0.0,0.0168751171875,0.0168751171875,0.06750046875,-0.029531455078125,0.07593802734375,0.00843755859375,-0.0358067724609375,0.0,0.0,0.0,0.0,0.0,0.0,0.0,0.0,0.0,0.0,0.0,0.0,0.0,0.0,0.0,0.0,0.0,0.0,0.0,0.0,0.0,0.0,0.0,0.0,0.0,0.0,0.0
0.641982621,1787890192.13924,0.02260550447183185,-0.010583676584098534,0.12400738868344874,-0.16599041117555036,1.6399283821340769,-1.6500866347129999,62.21111712401319,-71.74919836916352,0.0,0.0,0.010471975511965978,0.0,0.0,0.0,-0.029670597283903605,0.017453292519943295,-0.0020447189974521253,0.0009573174799687098,0.07702847740551722,-0.07539540176707,0.0411079855356109,-0.04006219564946356,0.0011344640137963143,-0.0008726646259971648,0.00843755859375,0.021093896484375,0.046406572265625,-0.037969013671875,0.00843755859375,0.0,0.0039785302734375,-0.0119355908203125,0.0,0.0,0.0,0.0,0.0,0.0,0.0,0.0,0.0,0.0,0.0,0.0,0.0,0.0,0.0,0.0,0.0,0.0,0.0,0.0,0.0,0.0,0.0,0.0,0.0,0.0
0.651919695,1787890192.1491723,0.02260550447183185,-0.010583676584098534,0.12411210843856946,-0.16599041117555036,1.6399283821340769,-1.6500866347129999,62.21092513779548,-71.74919836916352,0.0,0.0,0.006981317007977318,0.0,0.004363323129985824,0.0,-0.027925268031909273,0.017453292519943295,-0.0023855054970274778,0.0011168703932968298,0.08881935942190679,-0.08654758536746654,0.047959316458213275,-0.04676104487335775,0.0014835298641951804,-0.0008726646259971648,0.004218779296875,0.0,0.10968826171875,-0.046406572265625,0.00843755859375,0.00843755859375,0.0,0.0039785302734375,0.0,0.0,0.0,0.0,0.0,0.0,0.0,0.0,0.0,0.0,0.0,0.0,0.0,0.0,0.0,0.0,0.0,0.0,0.0,0.0,0.0,0.0,0.0,0.0,0.0,0.0
0.6613897860000001,1787890192.1586454,0.02260550447183185,-0.010583676584098534,0.12430409465628856,-0.16599041117555036,1.6399283821340769,-1.6501389945905598,62.21064588511516,-71.74911110270092,0.0,0.0,0.017453292519943295,0.0,0.0,-0.006981317007977318,-0.020943951023931956,0.017453292519943295,-0.0027262919966028407,0.0012764233066249499,0.10169234557452968,-0.09874696651905968,0.0543743150678164,-0.05345989409725127,0.0013962634015954637,-0.0008726646259971648,-0.029531455078125,0.0,0.1181258203125,-0.063281689453125,0.0843755859375,-0.0168751171875,-0.0318282421875,0.0,0.0,0.0,0.0,0.0,0.0,0.0,0.0,0.0,0.0,0.0,0.0,0.0,0.0,0.0,0.0,0.0,0.0,0.0,0.0,0.0,0.0,0.0,0.0,0.0,0.0,0.0
0.670978759,1787890192.1682832,0.02260550447183185,-0.010583676584098534,0.12449608087400765,-0.1660951309306702,1.6399283821340769,-1.6501389945905598,62.210541165360034,-71.74911110270092,0.0,0.0,0.022689280275926284,-0.0017453292519943296,0.0,0.0,-0.012217304763960306,0.0,-0.003067078496178193,0.0014359762199530647,0.11290726893776204,-0.11094634767065281,0.06166197830341669,-0.05930353198766798,0.0010471975511965978,-0.0008726646259971648,0.004218779296875,-0.004218779296875,0.080156806640625,-0.06750046875,0.09281314453125,0.0168751171875,0.01591412109375,0.0039785302734375,0.0,0.0,0.0,0.0,0.0,0.0,0.0,0.0,0.0,0.0,0.0,0.0,0.0,0.0,0.0,0.0,0.0,0.0,0.0,0.0,0.0,0.0,0.0,0.0,0.0,0.0
0.681251582,1787890192.1785579,0.02260550447183185,-0.010583676584098534,0.12488005330944674,-0.16618239739327034,1.6399283821340769,-1.6501389945905598,62.21045389889742,-71.74911110270092,0.0,0.0,0.04188790204786391,-0.017453292519943295,0.004363323129985824,0.0,0.0,0.0,-0.0034078649957535456,0.0015955291332811847,0.12464579107659263,-0.12265703663168702,0.06851330922601839,-0.0667005129123599,0.0006108652381980154,0.0,-0.02531267578125,-0.004218779296875,0.097031923828125,-0.071719248046875,0.02531267578125,-0.02531267578125,0.0039785302734375,-0.007957060546875,0.0,0.0,0.0,0.0,0.0,0.0,0.0,0.0,0.0,0.0,0.0,0.0,0.0,0.0,0.0,0.0,0.0,0.0,0.0,0.0,0.0,0.0,0.0,0.0,0.0,0.0
0.6911638560000001,1787890192.1884181,0.02260550447183185,-0.010583676584098534,0.12524657245236526,-0.16628711714838929,1.6399283821340769,-1.6501389945905598,62.21034917914232,-71.74919836916352,0.0,0.0,0.04537856055185257,-0.020943951023931956,0.0,0.0,-0.006981317007977318,-0.017453292519943295,-0.003748651495328898,0.0017550820466093048,0.1344120911606678,-0.1330238220686848,0.07492830783562152,-0.07339936213625342,0.0,0.0,0.012656337890625,-0.004218779296875,0.1518760546875,-0.05906291015625,0.02531267578125,-0.101250703125,0.007957060546875,0.0039785302734375,0.0,0.0,0.0,0.0,0.0,0.0,0.0,0.0,0.0,0.0,0.0,0.0,0.0,0.0,0.0,0.0,0.0,0.0,0.0,0.0,0.0,0.0,0.0,0.0,0.0,0.0
0.7002877980000001,1787890192.1977592,0.02260550447183185,-0.010583676584098534,0.12582253110552344,-0.16656636982870854,1.6399807420116368,-1.6501389945905598,62.21026191267972,-71.74930308891865,0.0,0.0,0.05759586531581287,-0.031415926535897934,0.0,-0.008726646259971648,0.0,0.0,-0.004089437994904251,0.0019146349599374248,0.14580154744909962,-0.14455997810452223,0.08221597107122247,-0.08009821136014761,0.00034906585039886593,0.0008726646259971648,0.00843755859375,0.0168751171875,0.168751171875,-0.105469482421875,0.1181258203125,0.00843755859375,0.01591412109375,0.0039785302734375,0.0,0.0,0.0,0.0,0.0,0.0,0.0,0.0,0.0,0.0,0.0,0.0,0.0,0.0,0.0,0.0,0.0,0.0,0.0,0.0,0.0,0.0,0.0,0.0,0.0,0.0
0.7112969840000001,1787890192.2086878,0.02260550447183185,-0.010583676584098534,0.12639848975868162,-0.1671423284818676,1.6400243752429369,-1.6501389945905598,62.21026191267972,-71.74949507513637,0.0,0.0,0.06632251157578452,-0.061086523819801536,0.007853981633974483,0.0,0.0,-0.017453292519943295,-0.0044302244944796135,0.0020741878732655396,0.1556900205808152,-0.15487440366396102,0.08891022236114443,-0.08592439595804463,0.0,0.0,-0.04218779296875,0.021093896484375,0.12656337890625,-0.130782158203125,0.06750046875,-0.033750234375,0.0119355908203125,-0.0119355908203125,0.0,0.0,0.0,0.0,0.0,0.0,0.0,0.0,0.0,0.0,0.0,0.0,0.0,0.0,0.0,0.0,0.0,0.0,0.0,0.0,0.0,0.0,0.0,0.0,0.0,0.0
0.720867268,1787890192.2183337,0.02260550447183185,-0.010583676584098534,0.12735842084727889,-0.167910273352744,1.6400767351204968,-1.6501826278218599,62.21034917914232,-71.74958234159895,0.0,0.0,0.09250245035569947,-0.07853981633974483,0.007853981633974483,-0.007853981633974483,0.0,0.0,-0.004771010994054966,0.0022337407865936597,0.16592755956292968,-0.16237884912768658,0.09484525542644845,-0.09349590980793532,0.0,0.0008726646259971648,0.0168751171875,-0.00843755859375,0.1350009375,-0.10968826171875,0.06750046875,-0.10968826171875,0.0119355908203125,0.0039785302734375,0.0,0.0,0.0,0.0,0.0,0.0,0.0,0.0,0.0,0.0,0.0,0.0,0.0,0.0,0.0,0.0,0.0,0.0,0.0,0.0,0.0,0.0,0.0,0.0,0.0,0.0
0.730510866,1787890192.227941,0.02260550447183185,-0.010583676584098534,0.12831835193587615,-0.1687829379787411,1.6401203683517964,-1.6502349876994198,62.21034917914232,-71.74958234159895,0.0,0.0,0.09250245035569947,-0.08552113334772216,0.004363323129985824,-0.006108652381980153,0.0,0.0,-0.0051117974936303184,0.0023932936999217797,0.17326785198673264,-0.1705290664146562,0.10153950671637041,-0.09927846117453182,0.0,0.0,0.00843755859375,-0.00843755859375,0.168751171875,-0.168751171875,0.168751171875,-0.05906291015625,0.023871181640625,-0.0039785302734375,0.0,0.0,0.0,0.0,0.0,0.0,0.0,0.0,0.0,0.0,0.0,0.0,0.0,0.0,0.0,0.0,0.0,0.0,0.0,0.0,0.0,0.0,0.0,0.0,0.0,0.0
0.740976556,1787890192.2384384,0.02260550447183185,-0.010583676584098534,0.12927828302447164,-0.16963814931221854,1.640216361460656,-1.650278620930719,62.21034917914232,-71.74949507513637,0.0,0.0,0.10471975511965977,-0.08901179185171082,0.008726646259971648,0.0,0.0,0.013962634015954637,-0.005452583993205671,0.0025528466132498998,0.18322613828852702,-0.1794123219874603,0.10860900379547275,-0.1059947636909457,0.0,0.0,0.012656337890625,-0.00843755859375,0.16031361328125,-0.122344599609375,0.06750046875,-0.07593802734375,0.007957060546875,0.0039785302734375,0.0,0.0,0.0,0.0,0.0,0.0,0.0,0.0,0.0,0.0,0.0,0.0,0.0,0.0,0.0,0.0,0.0,0.0,0.0,0.0,0.0,0.0,0.0,0.0,0.0,0.0
0.750773852,1787890192.2482328,0.02260550447183185,-0.010583676584098534,0.130430200330788,-0.1705980804008158,1.6403123545695155,-1.650330980808279,62.21045389889742,-71.74939035538125,0.0,0.0,0.11868238913561442,-0.09599310885968812,0.010471975511965978,0.0,0.0,0.015707963267948967,-0.005793370492781023,0.0027123995265780146,0.1919626941139307,-0.18869700328822225,0.11473602307849723,-0.11317357845913967,0.0,-0.0006981317007977319,0.00843755859375,-0.012656337890625,0.17718873046875,-0.1856262890625,0.10968826171875,-0.04218779296875,0.007957060546875,0.0,0.0,0.0,0.0,0.0,0.0,0.0,0.0,0.0,0.0,0.0,0.0,0.0,0.0,0.0,0.0,0.0,0.0,0.0,0.0,0.0,0.0,0.0,0.0,0.0,0.0,0.0
0.76124879,1787890192.2586935,0.02260550447183185,-0.010583676584098534,0.13158211763710437,-0.17164527795201145,1.6404607075559354,-1.650330980808279,62.210541165360034,-71.74939035538125,0.0,0.0,0.10122909661567113,-0.11344640137963143,0.01832595714594046,0.0,0.0,0.0,-0.006134156992356386,0.0028719524399061346,0.1999487583609724,-0.19731845947322585,0.12112484174932085,-0.11971534805035411,0.0,-0.0007853981633974484,0.021093896484375,-0.004218779296875,0.181407509765625,-0.1856262890625,0.101250703125,-0.07593802734375,0.0119355908203125,0.0,0.0,0.0,0.0,0.0,0.0,0.0,0.0,0.0,0.0,0.0,0.0,0.0,0.0,0.0,0.0,0.0,0.0,0.0,0.0,0.0,0.0,0.0,0.0,0.0,0.0,0.0
0.7714831480000001,1787890192.2689593,0.02260550447183185,-0.010583676584098534,0.13254204872570163,-0.17279719525832782,1.6406003338960946,-1.650330980808279,62.210541165360034,-71.74939035538125,0.0,0.0,0.09773843811168245,-0.10297442586766545,0.012217304763960306,-0.004363323129985824,0.008726646259971648,0.0,-0.006474943491931739,0.0030315053532342547,0.2110764152616038,-0.20463091871923772,0.1267457155492654,-0.1264141972742483,0.0,0.0,0.0168751171875,-0.00843755859375,0.21093896484375,-0.206720185546875,0.1856262890625,-0.1856262890625,0.0198926513671875,0.007957060546875,0.0,0.0,0.0,0.0,0.0,0.0,0.0,0.0,0.0,0.0,0.0,0.0,0.0,0.0,0.0,0.0,0.0,0.0,0.0,0.0,0.0,0.0,0.0,0.0,0.0,0.0
0.7814108780000001,1787890192.2787044,0.02260550447183185,-0.010583676584098534,0.1335019798142989,-0.17394911256464418,1.6406963270049546,-1.650330980808279,62.21064588511516,-71.74919836916352,0.0,0.0,0.10646508437165411,-0.10646508437165411,0.006981317007977318,0.0,0.010471975511965978,0.020943951023931956,-0.006815729991507091,0.0031910582665623695,0.22138376741379706,-0.21442174550307838,0.13378903268958756,-0.13267671418514324,-0.0004363323129985824,0.0,0.0168751171875,0.0168751171875,0.20250140625,-0.2193765234375,0.17718873046875,-0.1856262890625,0.0119355908203125,0.007957060546875,0.0,0.0,0.0,0.0,0.0,0.0,0.0,0.0,0.0,0.0,0.0,0.0,0.0,0.0,0.0,0.0,0.0,0.0,0.0,0.0,0.0,0.0,0.0,0.0,0.0,0.0
0.790744871,1787890192.2881825,0.02260550447183185,-0.010583676584098534,0.13454917736549543,-0.1752057496260795,1.6407923201138142,-1.650374614039579,62.21073315157775,-71.74900638294582,0.0,0.0,0.10995574287564278,-0.1343903524035634,0.009599310885968814,0.0,0.017453292519943295,0.020943951023931956,-0.007156516491082444,0.0033506111798904895,0.23046938908959436,-0.22281630888532356,0.14087598306120824,-0.139811895722036,-0.0005235987755982989,-0.0010471975511965978,0.004218779296875,-0.012656337890625,0.215157744140625,-0.181407509765625,0.101250703125,-0.1856262890625,0.0198926513671875,0.0039785302734375,0.0,0.0,0.0,0.0,0.0,0.0,0.0,0.0,0.0,0.0,0.0,0.0,0.0,0.0,0.0,0.0,0.0,0.0,0.0,0.0,0.0,0.0,0.0,0.0,0.0,0.0
0.8017056720000001,1787890192.299124,0.02260550447183185,-0.010583676584098534,0.1357010946718118,-0.176636919612716,1.6409406731002336,-1.6504269739171389,62.21092513779548,-71.74862241051038,0.0,0.0,0.11693705988362009,-0.1343903524035634,0.01308996938995747,-0.0017453292519943296,0.017453292519943295,0.04363323129985824,-0.007497302990657796,0.0035101640932186096,0.2398168101531921,-0.22845325204941985,0.14717753526943217,-0.14637984525202996,-0.0008726646259971648,-0.0010471975511965978,-0.02531267578125,0.0168751171875,0.236251640625,-0.1856262890625,0.20250140625,-0.10968826171875,0.0119355908203125,0.0039785302734375,0.0,0.0,0.0,0.0,0.0,0.0,0.0,0.0,0.0,0.0,0.0,0.0,0.0,0.0,0.0,0.0,0.0,0.0,0.0,0.0,0.0,0.0,0.0,0.0,0.0,0.0
0.81162665,1787890192.3089635,0.02260550447183185,-0.010583676584098534,0.136957731733248,-0.17798082313675145,1.6410802994403932,-1.650470607148438,62.21092513779548,-71.74815117161235,0.0,0.0,0.1117010721276371,-0.14835298641951802,0.012217304763960306,-0.003490658503988659,0.0,0.04537856055185257,-0.007838089490233159,0.0036697170065467296,0.24850100610103143,-0.23635912324110347,0.1532347413823766,-0.15274708191804498,-0.0008726646259971648,-0.002181661564992912,0.004218779296875,-0.00843755859375,0.24468919921875,-0.215157744140625,0.1181258203125,-0.0843755859375,0.0119355908203125,0.0039785302734375,0.0,0.0,0.0,0.0,0.0,0.0,0.0,0.0,0.0,0.0,0.0,0.0,0.0,0.0,0.0,0.0,0.0,0.0,0.0,0.0,0.0,0.0,0.0,0.0,0.0,0.0
0.820769281,1787890192.3181891,0.02260550447183185,-0.010583676584098534,0.13830163525728345,-0.1797086990962251,1.6412286524268127,-1.6505229670259989,62.211029857550606,-71.7477671991769,0.0,0.0,0.14486232791552936,-0.18849555921538758,0.011344640137963142,-0.006108652381980153,0.008726646259971648,0.04014257279586959,-0.008178875989808512,0.0038292699198748444,0.25809277325990737,-0.24313053041899477,0.15975445974709915,-0.15914049852284148,0.0,-0.0022689280275926286,0.012656337890625,-0.012656337890625,0.2531267578125,-0.232032861328125,0.1181258203125,-0.22781408203125,0.0119355908203125,0.007957060546875,0.0,0.0,0.0,0.0,0.0,0.0,0.0,0.0,0.0,0.0,0.0,0.0,0.0,0.0,0.0,0.0,0.0,0.0,0.0,0.0,0.0,0.0,0.0,0.0,0.0,0.0
0.830759635,1787890192.3281975,0.02260550447183185,-0.010583676584098534,0.13962808548879835,-0.18162856127341964,1.6413682787669723,-1.650662593366158,62.211029857550606,-71.74719124052373,0.0,0.0,0.12915436464758037,-0.19024088846738194,0.01658062789394613,-0.019198621771937627,-0.008726646259971648,0.05759586531581287,-0.008519662489383864,0.0039888228332029645,0.263583016676598,-0.24613202641257997,0.16624799817304284,-0.16542046872625413,-0.0004363323129985824,-0.0020071286397934794,0.021093896484375,0.0168751171875,0.257345537109375,-0.248907978515625,0.1518760546875,-0.22781408203125,0.01591412109375,0.0039785302734375,0.0,0.0,0.0,0.0,0.0,0.0,0.0,0.0,0.0,0.0,0.0,0.0,0.0,0.0,0.0,0.0,0.0,0.0,0.0,0.0,0.0,0.0,0.0,0.0,0.0,0.0
0.84074247,1787890192.3382437,0.02260550447183185,-0.010583676584098534,0.14088472255023543,-0.18344370369549257,1.6415166317533914,-1.650906939461437,62.21092513779548,-71.74651056211546,0.0,0.0,0.13788101090755203,-0.1867502299633933,0.003490658503988659,-0.027052603405912107,0.0,0.08203047484373349,-0.008860448988959217,0.0041483757465310845,0.27401254187643437,-0.2523972881073901,0.17215685129956737,-0.17039144199067502,0.0004363323129985824,-0.0028797932657906437,0.004218779296875,0.0168751171875,0.26578309570312497,-0.22781408203125,0.1518760546875,-0.1350009375,0.007957060546875,0.007957060546875,0.0,0.0,0.0,0.0,0.0,0.0,0.0,0.0,0.0,0.0,0.0,0.0,0.0,0.0,0.0,0.0,0.0,0.0,0.0,0.0,0.0,0.0,0.0,0.0,0.0,0.0
0.8508189700000001,1787890192.3482904,0.02260550447183185,-0.010583676584098534,0.14250787875458926,-0.18564281855300635,1.6415602649846914,-1.6511949187880162,62.21092513779548,-71.74555063102686,0.0,0.0,0.158824961931484,-0.2234021442552742,0.008726646259971648,-0.031415926535897934,0.0,0.09773843811168245,-0.009201235488534569,0.0043079286598592045,0.2822080456337122,-0.2595003078431633,0.17987212020190776,-0.17557185476533405,0.0,-0.004101523742186675,0.012656337890625,-0.00843755859375,0.282658212890625,-0.223595302734375,0.1518760546875,-0.14343849609375,0.01591412109375,0.023871181640625,0.0,0.0,0.0,0.0,0.0,0.0,0.0,0.0,0.0,0.0,0.0,0.0,0.0,0.0,0.0,0.0,0.0,0.0,0.0,0.0,0.0,0.0,0.0,0.0,0.0,0.0
0.860331398,1787890192.357755,0.02260550447183185,-0.010583676584098534,0.14404376849634382,-0.18813863938335817,1.6417086179711113,-1.6515265313458953,62.21092513779548,-71.74478268615599,0.0,0.0,0.1518436449235067,-0.29670597283903605,0.014835298641951803,-0.047123889803846894,0.0,0.09424777960769379,-0.009542021988109932,0.004467481573187319,0.2880822614858437,-0.261437152993027,0.18606895265501094,-0.18097043369649238,0.0,-0.004886921905584123,0.0168751171875,-0.00843755859375,0.29531455078125,-0.248907978515625,0.168751171875,-0.12656337890625,0.0198926513671875,0.0318282421875,0.0,0.0,0.0,0.0,0.0,0.0,0.0,0.0,0.0,0.0,0.0,0.0,0.0,0.0,0.0,0.0,0.0,0.0,0.0,0.0,0.0,0.0,0.0,0.0,0.0,0.0
0.870542876,1787890192.367978,0.02260550447183185,-0.010583676584098534,0.1458763642109382,-0.19101843264914997,1.641848244311271,-1.6521548498766125,62.21092513779548,-71.74345623592447,0.0,0.0,0.1867502299633933,-0.2775073510670984,0.013962634015954637,-0.0619591884457987,0.0,0.1518436449235067,-0.009882808487685284,0.004627034486515439,0.2970108035289639,-0.2588186887951885,0.19186435938015492,-0.18510364891995415,0.0,-0.00471238898038469,0.012656337890625,-0.00843755859375,0.2868769921875,-0.24047041992187498,0.168751171875,-0.1518760546875,0.0119355908203125,0.023871181640625,0.0,0.0,0.0,0.0,0.0,0.0,0.0,0.0,0.0,0.0,0.0,0.0,0.0,0.0,0.0,0.0,0.0,0.0,0.0,0.0,0.0,0.0,0.0,0.0,0.0,0.0
0.881586335,1787890192.3788593,0.02260550447183185,-0.010583676584098534,0.1474995204152929,-0.1937062396972209,1.64199659729769,-1.6528704348699308,62.21083787133286,-71.74162364020988,0.0,0.0,0.13788101090755203,-0.27227136331111546,0.02181661564992912,-0.07155849933176751,-0.008726646259971648,0.1518436449235067,-0.010223594987260637,0.0047865873998435594,0.3008604374487784,-0.2642985523266,0.19838407774487812,-0.18843401268750087,0.0,-0.007592182246175335,0.012656337890625,-0.004218779296875,0.291095771484375,-0.223595302734375,0.17718873046875,-0.1350009375,0.0,0.01591412109375,0.0,0.0,0.0,0.0,0.0,0.0,0.0,0.0,0.0,0.0,0.0,0.0,0.0,0.0,0.0,0.0,0.0,0.0,0.0,0.0,0.0,0.0,0.0,0.0,0.0,0.0
0.8914377750000001,1787890192.38873,0.02260550447183185,-0.010583676584098534,0.14912267661964762,-0.19686528564333017,1.642188583515409,-1.653638379740809,62.21083787133286,-71.7400004840055,0.0,0.0,0.19198621771937624,-0.29670597283903605,0.015707963267948967,-0.08639379797371932,0.008726646259971648,0.158824961931484,-0.01056438148683599,0.004946140313171674,0.3137159703088845,-0.2689581111095786,0.2040049515448253,-0.19202617584284343,0.0004363323129985824,-0.007592182246175335,0.00843755859375,-0.004218779296875,0.299533330078125,-0.26156431640625,0.17718873046875,-0.14343849609375,0.0119355908203125,0.023871181640625,0.0,0.0,0.0,0.0,0.0,0.0,0.0,0.0,0.0,0.0,0.0,0.0,0.0,0.0,0.0,0.0,0.0,0.0,0.0,0.0,0.0,0.0,0.0,0.0,0.0,0.0
0.900326418,1787890192.3976822,0.02260550447183185,-0.010670943046698689,0.1511472585519611,-0.19983234537172034,1.6424242029644287,-1.6543103315028262,62.211029857550606,-71.73865658048148,0.0,0.0,0.20071286397934787,-0.29670597283903605,0.03665191429188092,-0.04799655442984406,0.0,0.15707963267948966,-0.010905167986411342,0.005105693226499794,0.3162740605822242,-0.2692368934700519,0.21089118905246773,-0.19493766058990794,-0.0004363323129985824,-0.0079412480965742,0.0,-0.00843755859375,0.32906478515625,-0.274220654296875,0.17718873046875,-0.19406384765625,0.0,0.023871181640625,0.0,0.0,0.0,0.0,0.0,0.0,0.0,0.0,0.0,0.0,0.0,0.0,0.0,0.0,0.0,0.0,0.0,0.0,0.0,0.0,0.0,0.0,0.0,0.0,0.0,0.0
0.9105272400000001,1787890192.4078345,0.02260550447183185,-0.010670943046698689,0.1529624009740349,-0.2026248721749102,1.6430001616175873,-1.6547902970471253,62.211029857550606,-71.73720795720233,0.0,0.0,0.1762782544514273,-0.28274333882308134,0.07155849933176751,-0.058468529941810045,-0.008726646259971648,0.13264502315156904,-0.011245954485986705,0.00552704552762838,0.32216572972687285,-0.27253509543647453,0.2149412665256174,-0.2034603788821371,0.0,-0.007853981633974483,-0.04218779296875,-0.00843755859375,0.316408447265625,-0.274220654296875,0.27843943359375,-0.21093896484375,0.0119355908203125,0.01591412109375,0.0,0.0,0.0,0.0,0.0,0.0,0.0,0.0,0.0,0.0,0.0,0.0,0.0,0.0,0.0,0.0,0.0,0.0,0.0,0.0,0.0,0.0,0.0,0.0,0.0,0.0
0.9208600960000001,1787890192.418209,0.02260550447183185,-0.010670943046698689,0.1549695296138287,-0.20539994568558306,1.643672113379605,-1.6556018751493018,62.21083787133286,-71.73596877343341,0.0,0.0,0.19722220547535924,-0.2687807048071268,0.05934119456780721,-0.08464846872172499,-0.019198621771937627,0.0994837673636768,-0.011586740985562057,0.0056865984409565,0.3320018429810295,-0.2777531595800935,0.21657406298475457,-0.20767213392193748,0.0004363323129985824,-0.0066322511575784525,0.00843755859375,-0.00843755859375,0.31218966796875,-0.29531455078125,0.27843943359375,-0.2193765234375,0.0119355908203125,0.0198926513671875,0.0,0.0,0.0,0.0,0.0,0.0,0.0,0.0,0.0,0.0,0.0,0.0,0.0,0.0,0.0,0.0,0.0,0.0,0.0,0.0,0.0,0.0,0.0,0.0,0.0,0.0
0.930557998,1787890192.4278905,0.02260550447183185,-0.010670943046698689,0.15718609776386216,-0.20779104676081595,1.6442480720327628,-1.65627382691132,62.210541165360034,-71.73520082856254,0.0,0.0,0.22514747350726852,-0.1954768762233649,0.058468529941810045,-0.061086523819801536,-0.03665191429188092,0.07155849933176751,-0.01192752748513741,0.005846151354284615,0.3367241415268412,-0.28302358360126356,0.22263126909769979,-0.20931825496131076,0.0009599310885968814,-0.00497418836818384,0.00843755859375,-0.00843755859375,0.32906478515625,-0.282658212890625,0.19406384765625,-0.24468919921875,-0.0358067724609375,0.01591412109375,0.0,0.0,0.0,0.0,0.0,0.0,0.0,0.0,0.0,0.0,0.0,0.0,0.0,0.0,0.0,0.0,0.0,0.0,0.0,0.0,0.0,0.0,0.0,0.0,0.0,0.0
0.941220331,1787890192.4385087,0.02260550447183185,-0.010670943046698689,0.15929794615877402,-0.21000761491084763,1.6449200237947805,-1.656806152333178,62.210069926462005,-71.7348168561271,0.0,0.0,0.2111848394913139,-0.23561944901923448,0.07243116395776468,-0.051487212933832724,-0.05934119456780721,0.005235987755982989,-0.012268313984712762,0.006005704267612735,0.34011998984113617,-0.2953800443855342,0.227841990523428,-0.2163574433893421,0.0018325957145940463,-0.003577924966588376,0.004218779296875,0.0,0.33750234375,-0.299533330078125,0.2193765234375,-0.24468919921875,-0.0318282421875,-0.0596779541015625,0.0,0.0,0.0,0.0,0.0,0.0,0.0,0.0,0.0,0.0,0.0,0.0,0.0,0.0,0.0,0.0,0.0,0.0,0.0,0.0,0.0,0.0,0.0,0.0,0.0,0.0
0.950629653,1787890192.44794,0.02260550447183185,-0.010670943046698689,0.16158432747888707,-0.21220672976835964,1.6455396156792388,-1.6574693774489364,62.209406701346246,-71.7348168561271,0.0,0.0,0.22514747350726852,-0.20420352248333656,0.051487212933832724,-0.053232542185827056,-0.06806784082777886,0.0,-0.012609100484288115,0.006165257180940855,0.34801878762558214,-0.2969154638074454,0.23128120275838104,-0.22241924743625885,0.002967059728390361,-0.00026179938779914946,0.004218779296875,0.0,0.333283564453125,-0.324846005859375,0.2193765234375,-0.168751171875,0.0119355908203125,0.0039785302734375,0.0,0.0,0.0,0.0,0.0,0.0,0.0,0.0,0.0,0.0,0.0,0.0,0.0,0.0,0.0,0.0,0.0,0.0,0.0,0.0,0.0,0.0,0.0,0.0,0.0,0.0
0.9615626780000001,1787890192.4585924,0.02260550447183185,-0.010670943046698689,0.16380089562892053,-0.21412659194555417,1.6461155743323965,-1.6578097166530754,62.20863875647536,-71.73492157588221,0.0,0.0,0.2059488517353309,-0.1466076571675237,0.061086523819801536,-0.02617993877991494,-0.07504915783575616,-0.008726646259971648,-0.012949886983863478,0.006324810094268975,0.3526014598312338,-0.30565909304009226,0.23836815313000115,-0.2269538883876786,0.0034033920413889434,0.0,0.0,-0.00843755859375,0.333283564453125,-0.26156431640625,0.21093896484375,-0.22781408203125,0.0119355908203125,0.01591412109375,0.0,0.0,0.0,0.0,0.0,0.0,0.0,0.0,0.0,0.0,0.0,0.0,0.0,0.0,0.0,0.0,0.0,0.0,0.0,0.0,0.0,0.0,0.0,0.0,0.0,0.0
0.970893471,1787890192.4681878,0.02260550447183185,-0.010670943046698689,0.16600001048643254,-0.2153657757144698,1.6470231455434339,-1.6580976959796536,62.20795807806709,-71.73520082856254,0.0,0.0,0.23387411976724018,-0.1343903524035634,0.12217304763960307,-0.027925268031909273,-0.07155849933176751,-0.04363323129985824,-0.01329067348343882,0.0064843630075970896,0.36070969712591344,-0.3178584741916831,0.24253167700453343,-0.23533698033974632,0.0037524578917878084,0.0004363323129985824,-0.037969013671875,0.012656337890625,0.383908916015625,-0.248907978515625,0.21093896484375,-0.24468919921875,0.007957060546875,0.0198926513671875,0.0,0.0,0.0,0.0,0.0,0.0,0.0,0.0,0.0,0.0,0.0,0.0,0.0,0.0,0.0,0.0,0.0,0.0,0.0,0.0,0.0,0.0,0.0,0.0,0.0,0.0
0.980964979,1787890192.4782875,0.02260550447183185,-0.010670943046698689,0.16868781753450435,-0.21709365167394346,1.6485590352851889,-1.6583333154286728,62.207190133196214,-71.7357767872157,0.0,0.0,0.2635447170511438,-0.16929693744344998,0.16057029118347835,-0.03228859116189509,-0.08377580409572782,-0.07853981633974483,-0.013631459983014182,0.00664391592092521,0.3641579053177726,-0.32756203451292537,0.24055164191204295,-0.24099735865870647,0.003577924966588376,0.002181661564992912,0.0,-0.00843755859375,0.33750234375,-0.32906478515625,0.24468919921875,-0.270001875,0.0,0.0318282421875,0.0,0.0,0.0,0.0,0.0,0.0,0.0,0.0,0.0,0.0,0.0,0.0,0.0,0.0,0.0,0.0,0.0,0.0,0.0,0.0,0.0,0.0,0.0,0.0,0.0,0.0
0.990644226,1787890192.4878082,0.02260550447183185,-0.010670943046698689,0.17107891860973634,-0.21854227495310052,1.6495713262513456,-1.658769647741671,62.206142935645,-71.7367367183043,0.0,0.0,0.24958208303518914,-0.11693705988362009,0.05497787143782139,-0.05235987755982988,-0.11693705988362009,-0.07679448708775051,-0.013972246482589535,0.00680346883425333,0.365965504012753,-0.33108712928210887,0.2389555792549921,-0.24655301722254455,0.004188790204786391,0.003926990816987242,0.00843755859375,-0.004218779296875,0.383908916015625,-0.367033798828125,0.236251640625,-0.17718873046875,0.0039785302734375,0.01591412109375,0.0,0.0,0.0,0.0,0.0,0.0,0.0,0.0,0.0,0.0,0.0,0.0,0.0,0.0,0.0,0.0,0.0,0.0,0.0,0.0,0.0,0.0,0.0,0.0,0.0,0.0
1.00050021,1787890192.497766,0.02260550447183185,-0.010670943046698689,0.1734874729774889,-0.21958947250429617,1.6500949250269443,-1.65924961328597,62.20479903212098,-71.73750466317517,0.0,0.0,0.22863813201125718,-0.10821041362364843,0.06894050545377602,-0.047123889803846894,-0.14311699866353503,-0.08377580409572782,-0.014313032982164887,0.0069630217475814445,0.3730265437562388,-0.3441766283522138,0.2533292792536893,-0.24993574086765025,0.0058468529941810045,0.0038397243543875255,0.00843755859375,-0.00843755859375,0.36281501953125,-0.303752109375,0.24468919921875,-0.270001875,-0.0039785302734375,0.0278497119140625,0.0,0.0,0.0,0.0,0.0,0.0,0.0,0.0,0.0,0.0,0.0,0.0,0.0,0.0,0.0,0.0,0.0,0.0,0.0,0.0,0.0,0.0,0.0,0.0,0.0,0.0
1.011307793,1787890192.508361,0.02260550447183185,-0.010670943046698689,0.1758785740527209,-0.22074138981061164,1.6513428354421202,-1.6595812258438492,62.20335040884181,-71.73846459426377,0.0,0.0,0.23387411976724018,-0.09424777960769379,0.14835298641951802,-0.027925268031909273,-0.12915436464758037,-0.06981317007977318,-0.01465381948174025,0.0071225746609095645,0.3807333553229604,-0.35410708147621717,0.25721355044790006,-0.2557182922342455,0.007155849933176752,0.004188790204786391,0.00843755859375,-0.00843755859375,0.36281501953125,-0.358596240234375,0.2531267578125,-0.270001875,-0.007957060546875,0.023871181640625,0.0,0.0,0.0,0.0,0.0,0.0,0.0,0.0,0.0,0.0,0.0,0.0,0.0,0.0,0.0,0.0,0.0,0.0,0.0,0.0,0.0,0.0,0.0,0.0,0.0,0.0
1.0212109790000001,1787890192.518362,0.02260550447183185,-0.010670943046698689,0.1778857026925147,-0.22140461492636998,1.652974718292734,-1.6597732120615682,62.20230321129062,-71.73904055291693,0.0,0.0,0.19722220547535924,-0.03665191429188092,0.1457349925415265,-0.006108652381980153,-0.08901179185171082,-0.04537856055185257,-0.014994605981315592,0.0072821275742376845,0.3858745328892524,-0.3642469741104593,0.2523799020283998,-0.26334216596169596,0.006457718232379019,0.003490658503988659,0.00843755859375,0.0168751171875,0.375471357421875,-0.36281501953125,0.1856262890625,-0.27843943359375,0.007957060546875,0.0318282421875,0.0,0.0,0.0,0.0,0.0,0.0,0.0,0.0,0.0,0.0,0.0,0.0,0.0,0.0,0.0,0.0,0.0,0.0,0.0,0.0,0.0,0.0,0.0,0.0,0.0,0.0
1.030921522,1787890192.5281749,0.02260550447183185,-0.010670943046698689,0.17980556486970745,-0.22159660114408997,1.6537862963949121,-1.6598255719391282,62.20144799995716,-71.73961651157006,0.0,0.0,0.17802358370342164,-0.017453292519943295,0.061086523819801536,0.0,-0.09424777960769379,-0.05235987755982988,-0.015335392480890955,0.007441680487565799,0.39635641796664534,-0.38021626644635875,0.25459738378695973,-0.2716467180974251,0.004450589592585541,0.0022689280275926286,0.00843755859375,0.0168751171875,0.3881276953125,-0.333283564453125,0.29531455078125,-0.1856262890625,0.01591412109375,0.01591412109375,0.0,0.0,0.0,0.0,0.0,0.0,0.0,0.0,0.0,0.0,0.0,0.0,0.0,0.0,0.0,0.0,0.0,0.0,0.0,0.0,0.0,0.0,0.0,0.0,0.0,0.0
1.0405167990000002,1787890192.5378964,0.02260550447183185,-0.010670943046698689,0.18125418814886363,-0.2217013208992089,1.6547462274835085,-1.6598692051704282,62.20038334911343,-71.7400004840055,0.0,0.0,0.10995574287564278,0.0,0.11257373675363426,-0.011344640137963142,-0.10297442586766545,-0.03665191429188092,-0.015676178980466308,0.007601233400893919,0.4053547731798469,-0.3937595511219857,0.26747882727519917,-0.27879935292683755,0.00471238898038469,0.0026179938779914945,0.012656337890625,0.0168751171875,0.409221591796875,-0.358596240234375,0.270001875,-0.27843943359375,-0.0119355908203125,0.0198926513671875,0.0,0.0,0.0,0.0,0.0,0.0,0.0,0.0,0.0,0.0,0.0,0.0,0.0,0.0,0.0,0.0,0.0,0.0,0.0,0.0,0.0,0.0,0.0,0.0,0.0,0.0
1.051062874,1787890192.5477617,0.02260550447183185,-0.010670943046698689,0.18230138570006016,-0.2217013208992089,1.6561337642388445,-1.6600611913881473,62.19942341802483,-71.74027973668584,0.0,0.0,0.09773843811168245,0.0,0.16493361431346415,-0.02181661564992912,-0.08377580409572782,-0.017453292519943295,-0.01601696548004166,0.0077607863142220394,0.42065376699274254,-0.4073901022602163,0.26630164363862846,-0.2842328384430352,0.005148721293383273,0.0018325957145940463,0.012656337890625,-0.00843755859375,0.41344037109375,-0.36281501953125,0.1856262890625,-0.27843943359375,0.0278497119140625,-0.055699423828125,0.0,0.0,0.0,0.0,0.0,0.0,0.0,0.0,0.0,0.0,0.0,0.0,0.0,0.0,0.0,0.0,0.0,0.0,0.0,0.0,0.0,0.0,0.0,0.0,0.0,0.0
1.061066029,1787890192.5582075,0.02260550447183185,-0.010670943046698689,0.1833485832512567,-0.22159660114408997,1.6573380414227203,-1.6603491707147264,62.198655473153956,-71.74038445644095,0.0,0.0,0.10122909661567113,0.0,0.09599310885968812,-0.03403392041388943,-0.08028514559173917,0.0,-0.016357751979617023,0.00792033922755016,0.4315719843831352,-0.4195894834118096,0.26375437653923994,-0.28930853146257485,0.004188790204786391,0.0008726646259971648,-0.04218779296875,-0.004218779296875,0.426096708984375,-0.4218779296875,0.2868769921875,-0.303752109375,0.0278497119140625,0.023871181640625,0.0,0.0,0.0,0.0,0.0,0.0,0.0,0.0,0.0,0.0,0.0,0.0,0.0,0.0,0.0,0.0,0.0,0.0,0.0,0.0,0.0,0.0,0.0,0.0,0.0,0.0
1.070022896,1787890192.5672586,0.02260550447183185,-0.010670943046698689,0.18411652812213486,-0.22159660114408997,1.6583852389739164,-1.6607331431501646,62.197695542065354,-71.74027973668584,0.0,0.0,0.07155849933176751,0.0,0.11344640137963143,-0.04188790204786391,-0.10995574287564278,0.031415926535897934,-0.016698538479192365,0.00807989214087828,0.44091940544673286,-0.4321030238287596,0.2738869264555917,-0.2939217122303357,0.004014257279586959,0.0,0.012656337890625,0.012656337890625,0.417659150390625,-0.4218779296875,0.26156431640625,-0.19406384765625,-0.0119355908203125,0.023871181640625,0.0,0.0,0.0,0.0,0.0,0.0,0.0,0.0,0.0,0.0,0.0,0.0,0.0,0.0,0.0,0.0,0.0,0.0,0.0,0.0,0.0,0.0,0.0,0.0,0.0,0.0
1.08047633,1787890192.5778158,0.02260550447183185,-0.010670943046698689,0.18498919274813108,-0.22159660114408997,1.6595371562802328,-1.661256741925763,62.196648344514166,-71.7398084977878,0.0,0.0,0.07679448708775051,0.0,0.11693705988362009,-0.05497787143782139,-0.10646508437165411,0.050614548307835565,-0.017039324978767728,0.008239445054206394,0.45442071013007496,-0.4443024049803527,0.2758513354726108,-0.29868324598451784,0.0054977871437821395,-0.0015707963267948969,0.012656337890625,-0.00843755859375,0.44719060546875,-0.438753046875,0.2531267578125,-0.20250140625,-0.01591412109375,-0.071613544921875,0.0,0.0,0.0,0.0,0.0,0.0,0.0,0.0,0.0,0.0,0.0,0.0,0.0,0.0,0.0,0.0,0.0,0.0,0.0,0.0,0.0,0.0,0.0,0.0,0.0,0.0
1.0904236120000002,1787890192.5877109,0.02260550447183185,-0.010670943046698689,0.18565241786388942,-0.22159660114408997,1.6607414334641095,-1.661832700578922,62.19560114696298,-71.73912781937952,0.0,0.0,0.07155849933176751,-0.010471975511965978,0.11868238913561442,-0.06457718232379019,-0.0994837673636768,0.06981317007977318,-0.01738011147834308,0.008398997967534514,0.4641171970440742,-0.45650178613194586,0.2788978486258646,-0.30250230194262084,0.005323254218582706,-0.0025307274153917782,-0.04218779296875,-0.004218779296875,0.459846943359375,-0.417659150390625,0.303752109375,-0.34593990234375,-0.0119355908203125,0.0318282421875,0.0,0.0,0.0,0.0,0.0,0.0,0.0,0.0,0.0,0.0,0.0,0.0,0.0,0.0,0.0,0.0,0.0,0.0,0.0,0.0,0.0,0.0,0.0,0.0,0.0,0.0
1.099752037,1787890192.5971217,0.02260550447183185,-0.010670943046698689,0.1864203627347667,-0.22178858736180818,1.6620329771105855,-1.6626966385586592,62.19472848233696,-71.73846459426377,0.0,0.0,0.07679448708775051,-0.012217304763960306,0.13264502315156904,-0.09512044423369097,-0.09424777960769379,0.06632251157578452,-0.017720897977918433,0.008558550880862634,0.47548920003998363,-0.4676539697323424,0.2819618150716367,-0.30651334411844094,0.00497418836818384,-0.003490658503988659,0.012656337890625,0.0168751171875,0.46406572265625,-0.459846943359375,0.33750234375,-0.33750234375,-0.007957060546875,-0.071613544921875,0.0,0.0,0.0,0.0,0.0,0.0,0.0,0.0,0.0,0.0,0.0,0.0,0.0,0.0,0.0,0.0,0.0,0.0,0.0,0.0,0.0,0.0,0.0,0.0,0.0,0.0
1.1105137630000002,1787890192.6078744,0.02260550447183185,-0.010670943046698689,0.18718830760564398,-0.222085293334648,1.6632285276482015,-1.6635605765383956,62.19368128478576,-71.73778391585549,0.0,0.0,0.08203047484373349,-0.03316125578789226,0.12740903539558607,-0.06283185307179587,-0.10471975511965977,0.06632251157578452,-0.018061684477493786,0.00871810379419075,0.4854998462193397,-0.4791028593055815,0.2835422516532156,-0.3075660532121332,0.00471238898038469,-0.0033161255787892262,0.012656337890625,-0.012656337890625,0.485159619140625,-0.434534267578125,0.236251640625,-0.32906478515625,-0.007957060546875,-0.06763501464843749,0.0,0.0,0.0,0.0,0.0,0.0,0.0,0.0,0.0,0.0,0.0,0.0,0.0,0.0,0.0,0.0,0.0,0.0,0.0,0.0,0.0,0.0,0.0,0.0,0.0,0.0
1.120491318,1787890192.6178918,0.02260550447183185,-0.010670943046698689,0.1880609722316411,-0.22236454601496725,1.664668424281097,-1.6641365351915538,62.192616633942045,-71.73712069073973,0.0,0.0,0.07155849933176751,-0.024434609527920613,0.14486232791552936,-0.07330382858376185,-0.11868238913561442,0.07504915783575616,-0.018402470977069138,0.00887765670751887,0.4955104923986959,-0.48831772743626195,0.28733052973856765,-0.3149019476130071,0.005235987755982989,-0.0033161255787892262,0.012656337890625,-0.004218779296875,0.493597177734375,-0.485159619140625,0.2531267578125,-0.27843943359375,0.0517208935546875,0.0198926513671875,0.0,0.0,0.0,0.0,0.0,0.0,0.0,0.0,0.0,0.0,0.0,0.0,0.0,0.0,0.0,0.0,0.0,0.0,0.0,0.0,0.0,0.0,0.0,0.0,0.0,0.0
1.1304496080000002,1787890192.6278012,0.02260550447183185,-0.010670943046698689,0.1888114638099987,-0.22255653223268634,1.666300307131712,-1.6652884524978702,62.19137745017314,-71.73654473208657,0.0,0.0,0.09424777960769379,-0.03316125578789226,0.16667894356545848,-0.15271630954950383,-0.14137166941154067,0.04014257279586959,-0.0187432574766445,0.00903720962084699,0.5067777756394872,-0.5005520151728945,0.28811684151048866,-0.31882572332623016,0.005934119456780722,-0.0037524578917878084,0.012656337890625,0.0168751171875,0.46406572265625,-0.4893783984375,0.33750234375,-0.303752109375,-0.0039785302734375,0.0039785302734375,0.0,0.0,0.0,0.0,0.0,0.0,0.0,0.0,0.0,0.0,0.0,0.0,0.0,0.0,0.0,0.0,0.0,0.0,0.0,0.0,0.0,0.0,0.0,0.0,0.0,0.0
1.1411672700000002,1787890192.6380293,0.02260550447183185,-0.010670943046698689,0.19015536733403415,-0.2233244771035645,1.6677838369959062,-1.6672519479063639,62.189736840676254,-71.73626547940624,0.0,0.0,0.15533430342749532,-0.12042771838760874,0.1117010721276371,-0.2111848394913139,-0.1762782544514273,0.020943951023931956,-0.019084043976219853,0.009196762534175108,0.5150954524444081,-0.5113027730453332,0.28789086231625244,-0.31412757253460105,0.007068583470577034,-0.0020071286397934794,-0.04218779296875,-0.004218779296875,0.493597177734375,-0.493597177734375,0.303752109375,-0.26156431640625,-0.01591412109375,0.007957060546875,0.0,0.0,0.0,0.0,0.0,0.0,0.0,0.0,0.0,0.0,0.0,0.0,0.0,0.0,0.0,0.0,0.0,0.0,0.0,0.0,0.0,0.0,0.0,0.0,0.0,0.0
1.1499467270000001,1787890192.6473134,0.02260550447183185,-0.010670943046698689,0.1916912570757896,-0.22486036684531907,1.668883394424663,-1.6689798238658384,62.18764244557388,-71.7358815069708,0.0,0.0,0.14486232791552936,-0.16755160819145565,0.1492256510455152,-0.15271630954950383,-0.24085543677521748,0.061086523819801536,-0.019424830475795206,0.009356315447503224,0.5177931690579077,-0.5124716733243201,0.29578939079005434,-0.3090890825388324,0.008813912722571366,-0.0010471975511965978,0.00843755859375,-0.004218779296875,0.49781595703125,-0.510472294921875,0.26156431640625,-0.2868769921875,0.0,0.0198926513671875,0.0,0.0,0.0,0.0,0.0,0.0,0.0,0.0,0.0,0.0,0.0,0.0,0.0,0.0,0.0,0.0,0.0,0.0,0.0,0.0,0.0,0.0,0.0,0.0,0.0,0.0
1.160321792,1787890192.657747,0.02260550447183185,-0.010670943046698689,0.19341913303526415,-0.22650097634219435,1.6709516095882757,-1.670751333056613,62.18542587742383,-71.73472958966451,0.0,0.0,0.20420352248333656,-0.1658062789394613,0.22602013813326569,-0.20245819323134226,-0.1832595714594046,0.13962634015954636,-0.01976561697537056,0.009515868360831344,0.5270707769514241,-0.515350996270265,0.2955895915345976,-0.31645115687848396,0.012042771838760874,-0.003054326190990077,0.0168751171875,-0.004218779296875,0.518909853515625,-0.518909853515625,0.2868769921875,-0.36281501953125,0.0119355908203125,0.0119355908203125,0.0,0.0,0.0,0.0,0.0,0.0,0.0,0.0,0.0,0.0,0.0,0.0,0.0,0.0,0.0,0.0,0.0,0.0,0.0,0.0,0.0,0.0,0.0,0.0,0.0,0.0
1.173283902,1787890192.670617,0.02260550447183185,-0.010670943046698689,0.19591495386561597,-0.22870009119970636,1.6727231187790503,-1.6729591745603858,62.183314029028914,-71.73300171370502,0.0,0.0,0.2635447170511438,-0.24958208303518914,0.15009831567151233,-0.1858775653373961,-0.23911010752322315,0.1832595714594046,-0.02010640347494591,0.009675421274159464,0.5287911091838061,-0.5228030818564317,0.2885568282575863,-0.3128612901618704,0.00916297857297023,-0.006981317007977318,-0.04218779296875,-0.004218779296875,0.4893783984375,-0.49781595703125,0.32906478515625,-0.31218966796875,0.0318282421875,-0.007957060546875,0.0,0.0,0.0,0.0,0.0,0.0,0.0,0.0,0.0,0.0,0.0,0.0,0.0,0.0,0.0,0.0,0.0,0.0,0.0,0.0,0.0,0.0,0.0,0.0,0.0,0.0
1.182714185,1787890192.6799662,0.02260550447183185,-0.010670943046698689,0.19907399981172524,-0.23185913714581652,1.6750705866229827,-1.6749663032001796,62.18025970283794,-71.73020918690182,0.0,0.0,0.23387411976724018,-0.27401669256310973,0.2181661564992912,-0.1832595714594046,-0.29670597283903605,0.24609142453120048,-0.020447189974521274,0.009834974187487579,0.5282076068035558,-0.5200275380259161,0.2976858138540394,-0.31459467766384036,0.011955505376161158,-0.00916297857297023,-0.04218779296875,0.0168751171875,0.49781595703125,-0.49781595703125,0.303752109375,-0.2868769921875,0.039785302734375,-0.01591412109375,0.0,0.0,0.0,0.0,0.0,0.0,0.0,0.0,0.0,0.0,0.0,0.0,0.0,0.0,0.0,0.0,0.0,0.0,0.0,0.0,0.0,0.0,0.0,0.0,0.0,0.0
1.1931071690000001,1787890192.6903377,0.02260550447183185,-0.010670943046698689,0.20156982064207796,-0.23473893041160743,1.6767984625824572,-1.6767465390372132,62.17727518981703,-71.72762609960888,0.0,0.0,0.30019663134302466,-0.3141592653589793,0.16667894356545848,-0.16057029118347835,-0.28099800957108706,0.31590459461097364,-0.020787976474096626,0.009994527100815699,0.5345356082612047,-0.5203063203863866,0.29068795716206686,-0.3155339403561523,0.014835298641951803,-0.012304571226560024,0.012656337890625,0.0,0.518909853515625,-0.5231286328125,0.2531267578125,-0.3543774609375,-0.0039785302734375,-0.0318282421875,0.0,0.0,0.0,0.0,0.0,0.0,0.0,0.0,0.0,0.0,0.0,0.0,0.0,0.0,0.0,0.0,0.0,0.0,0.0,0.0,0.0,0.0,0.0,0.0,0.0,0.0
1.202315145,1787890192.6995442,0.02260550447183185,-0.010670943046698689,0.20483358634330617,-0.23770599013999671,1.6788579510998105,-1.6783696952415679,62.174308130088626,-71.72474630634308,0.0,0.0,0.3420845333908886,-0.3211405823669567,0.24958208303518914,-0.21903882112528836,-0.35430183815484895,0.3368485456349056,-0.02112876297367198,0.01015408001414382,0.5332539741801544,-0.5198520644610201,0.29750438149962816,-0.3191610100965384,0.014049900478554353,-0.01579522973054868,-0.04218779296875,0.0168751171875,0.5315661914062499,-0.493597177734375,0.26156431640625,-0.3206272265625,-0.007957060546875,-0.043763833007812496,0.0,0.0,0.0,0.0,0.0,0.0,0.0,0.0,0.0,0.0,0.0,0.0,0.0,0.0,0.0,0.0,0.0,0.0,0.0,0.0,0.0,0.0,0.0,0.0,0.0,0.0
1.212975941,1787890192.7100706,0.02260550447183185,-0.010670943046698689,0.20780064607169724,-0.2415457144943849,1.6808214465083042,-1.6807695229630597,62.17076511170708,-71.72130800771666,0.0,0.0,0.3351032163829113,-0.445058959258554,0.19285888234537343,-0.233001455141243,-0.39444441095071847,0.3351032163829113,-0.02146954947324733,0.010313632927471936,0.5321119664392694,-0.5224521347266475,0.289886932923197,-0.31514353771318676,0.01771509190774245,-0.016842427281745283,0.004218779296875,-0.004218779296875,0.51469107421875,-0.552660087890625,0.29531455078125,-0.36281501953125,0.0517208935546875,-0.0517208935546875,0.0,0.0,0.0,0.0,0.0,0.0,0.0,0.0,0.0,0.0,0.0,0.0,0.0,0.0,0.0,0.0,0.0,0.0,0.0,0.0,0.0,0.0,0.0,0.0,0.0,0.0
1.2226996680000002,1787890192.7199366,0.02260550447183185,-0.010670943046698689,0.2124083152969618,-0.24634536993736855,1.6831689143522366,-1.6828290114804134,62.16654141491727,-71.71612437983823,0.0,0.0,0.48345620280242935,-0.44156830075456543,0.24696408915719764,-0.17715091907742447,-0.4206243497306334,0.5358160803622591,-0.02181033597282269,0.010473185840800054,0.5367469985224802,-0.5107405051259165,0.2965200976892991,-0.31324664037101,0.019722220547535925,-0.016755160819145565,0.021093896484375,0.0168751171875,0.54844130859375,-0.527347412109375,0.2531267578125,-0.34593990234375,0.0278497119140625,-0.07957060546875,0.0,0.0,0.0,0.0,0.0,0.0,0.0,0.0,0.0,0.0,0.0,0.0,0.0,0.0,0.0,0.0,0.0,0.0,0.0,0.0,0.0,0.0,0.0,0.0,0.0,0.0
1.232874186,1787890192.7299864,0.02260550447183185,-0.010670943046698689,0.21652729233166923,-0.25112757208783343,1.6859003546316076,-1.684652880548747,62.1618464792294,-71.71104547171493,0.0,0.0,0.4363323129985824,-0.5305800926062761,0.2897246558310587,-0.1911135530933791,-0.5096361415823443,0.5724679946541401,-0.022151122472398047,0.010632738754128174,0.520926771772321,-0.5088899857989574,0.2909185043989213,-0.3193520776492249,0.02103121748653167,-0.026790804018112957,-0.02531267578125,-0.004218779296875,0.510472294921875,-0.502034736328125,0.2193765234375,-0.34593990234375,0.01591412109375,-0.04774236328125,0.0,0.0,0.0,0.0,0.0,0.0,0.0,0.0,0.0,0.0,0.0,0.0,0.0,0.0,0.0,0.0,0.0,0.0,0.0,0.0,0.0,0.0,0.0,0.0,0.0,0.0
1.242352437,1787890192.7396088,0.02260550447183185,-0.010670943046698689,0.22160620045497215,-0.25592722753081887,1.688588161679679,-1.6866163759572417,62.15657558488838,-71.70451794031248,0.0,0.0,0.5340707511102648,-0.5427973973702365,0.2644173816771409,-0.17191493132144148,-0.5585053606381855,0.5794493116621174,-0.0224919089719734,0.010792291667456294,0.5261203092161695,-0.4978415813139849,0.2852994578160246,-0.319183056266522,0.025481807079117215,-0.028623399732707007,0.004218779296875,-0.004218779296875,0.506253515625,-0.527347412109375,0.270001875,-0.26156431640625,-0.007957060546875,-0.023871181640625,0.0,0.0,0.0,0.0,0.0,0.0,0.0,0.0,0.0,0.0,0.0,0.0,0.0,0.0,0.0,0.0,0.0,0.0,0.0,0.0,0.0,0.0,0.0,0.0,0.0,0.0
1.252146341,1787890192.7493927,0.02260550447183185,-0.010670943046698689,0.2265978421156758,-0.2613028416269607,1.6912236088501904,-1.6885885980119952,62.150240039703625,-71.69847910110057,0.0,0.0,0.5218534463463046,-0.4799655442984406,0.2452187599052033,-0.22078415037728272,-0.6422811647339134,0.6544984694978736,-0.02283269547154875,0.010951844580784412,0.5139478206026787,-0.4944202656602256,0.28661809500980395,-0.32191128144212616,0.027925268031909273,-0.028972465583105872,0.004218779296875,0.0168751171875,0.54000375,-0.459846943359375,0.3206272265625,-0.31218966796875,-0.007957060546875,-0.039785302734375,0.0,0.0,0.0,0.0,0.0,0.0,0.0,0.0,0.0,0.0,0.0,0.0,0.0,0.0,0.0,0.0,0.0,0.0,0.0,0.0,0.0,0.0,0.0,0.0,0.0,0.0
1.261868436,1787890192.7591066,0.02260550447183185,-0.010670943046698689,0.2314847640212605,-0.2665737359679845,1.6934314503539631,-1.6907877128695081,62.14343325562084,-71.69224827567096,0.0,0.0,0.48171087355043496,-0.5934119456780721,0.21205750411731106,-0.2111848394913139,-0.7539822368615503,0.6475171524898963,-0.023173481971124104,0.011111397494112529,0.5130327056645502,-0.4967759898305729,0.28748294659806506,-0.3178065425961755,0.03211405823669567,-0.03272492347489368,0.0168751171875,-0.00843755859375,0.535784970703125,-0.48094083984374997,0.3206272265625,-0.270001875,0.055699423828125,-0.0596779541015625,0.0,0.0,0.0,0.0,0.0,0.0,0.0,0.0,0.0,0.0,0.0,0.0,0.0,0.0,0.0,0.0,0.0,0.0,0.0,0.0,0.0,0.0,0.0,0.0,0.0,0.0
1.2718065980000002,1787890192.7690969,0.02260550447183185,-0.010670943046698689,0.23656367214456342,-0.2720366165267256,1.6951593263134377,-1.693475519917579,62.13634721885776,-71.68535422512558,0.0,0.0,0.5096361415823443,-0.582939970166106,0.1832595714594046,-0.31066860685499065,-0.8011061266653973,0.6597344572538566,-0.023514268470699463,0.011270950407440649,0.515224276794969,-0.4818180478211314,0.2910268785881378,-0.31886797833612723,0.03769911184307752,-0.03237585762449482,0.00843755859375,0.0,0.5231286328125,-0.506253515625,0.32906478515625,-0.32906478515625,0.055699423828125,-0.039785302734375,0.0,0.0,0.0,0.0,0.0,0.0,0.0,0.0,0.0,0.0,0.0,0.0,0.0,0.0,0.0,0.0,0.0,0.0,0.0,0.0,0.0,0.0,0.0,0.0,0.0,0.0
1.281060206,1787890192.778299,0.02260550447183185,-0.010670943046698689,0.24117134136982887,-0.2774994970854685,1.69731480793965,-1.695822987761511,62.12915646233953,-71.67901867994084,0.0,0.0,0.4799655442984406,-0.5288347633542818,0.23736477827122884,-0.22427480888127138,-0.7382742735936015,0.7749261878854824,-0.023855054970274812,0.011430503320768767,0.5100331051894555,-0.47867598484769797,0.2955743748981065,-0.307555029679441,0.04005530633326987,-0.03298672286269283,0.00843755859375,-0.00843755859375,0.485159619140625,-0.49781595703125,0.31218966796875,-0.34593990234375,0.06763501464843749,-0.07957060546875,0.0,0.0,0.0,0.0,0.0,0.0,0.0,0.0,0.0,0.0,0.0,0.0,0.0,0.0,0.0,0.0,0.0,0.0,0.0,0.0,0.0,0.0,0.0,0.0,0.0,0.0
1.290837598,1787890192.7882044,0.02260550447183185,-0.010670943046698689,0.24595354352029286,-0.2827703914264914,1.6991823102392842,-1.6978824762788647,62.12128502741303,-71.67105997855174,0.0,0.0,0.4939281783143953,-0.5288347633542818,0.1989675347273536,-0.2033308578573394,-0.7836528341454541,0.8168140899333463,-0.024195841469850172,0.011590056234096884,0.5120152368096359,-0.47989724500424474,0.29054874026088934,-0.31585085516891137,0.03691371367968008,-0.03874630939427412,0.0168751171875,0.0168751171875,0.506253515625,-0.502034736328125,0.32906478515625,-0.29531455078125,0.007957060546875,-0.0755920751953125,0.0,0.0,0.0,0.0,0.0,0.0,0.0,0.0,0.0,0.0,0.0,0.0,0.0,0.0,0.0,0.0,0.0,0.0,0.0,0.0,0.0,0.0,0.0,0.0,0.0,0.0
1.3014277380000001,1787890192.798617,0.02260550447183185,-0.010670943046698689,0.2512418911538363,-0.2882332719852334,1.7016257711920766,-1.6998459716873584,62.11400700443223,-71.66224606582917,0.0,0.0,0.5253441048502933,-0.6021385919380436,0.22427480888127138,-0.17802358370342164,-0.6702064327658226,0.9040805525330627,-0.024536627969425524,0.011749609147425004,0.5091104465242344,-0.4762839431327693,0.2956372886389761,-0.3184656339431369,0.0391826417072727,-0.04084070449666732,0.00843755859375,0.0168751171875,0.493597177734375,-0.468284501953125,0.24468919921875,-0.36281501953125,0.01591412109375,-0.039785302734375,0.0,0.0,0.0,0.0,0.0,0.0,0.0,0.0,0.0,0.0,0.0,0.0,0.0,0.0,0.0,0.0,0.0,0.0,0.0,0.0,0.0,0.0,0.0,0.0,0.0,0.0
1.3115338380000001,1787890192.8085895,0.02260550447183185,-0.010670943046698689,0.2564080657397394,-0.2938881387616945,1.7036416264781302,-1.7020538131911311,62.10575159707029,-71.65390339200464,0.0,0.0,0.5323254218582705,-0.5707226654021458,0.21380283336930536,-0.233001455141243,-0.8080874436733746,0.9389871375729494,-0.02487741446900088,0.011909162060753124,0.5029418905376006,-0.4647642997497601,0.29262750928780895,-0.32180472435694174,0.03351032163829113,-0.04520402762665314,0.00843755859375,-0.004218779296875,0.510472294921875,-0.49781595703125,0.27843943359375,-0.24468919921875,0.0,0.023871181640625,0.0,0.0,0.0,0.0,0.0,0.0,0.0,0.0,0.0,0.0,0.0,0.0,0.0,0.0,0.0,0.0,0.0,0.0,0.0,0.0,0.0,0.0,0.0,0.0,0.0,0.0
1.3212513570000002,1787890192.818309,0.02260550447183185,-0.010670943046698689,0.2614869738630432,-0.29926375285783813,1.7059890943220626,-1.7041133017084849,62.098665560307204,-71.64556071818009,0.0,0.0,0.5061454830783556,-0.4939281783143953,0.222529479629277,-0.20158552860534507,-0.815068760681352,0.8569566627292158,-0.025218200968576236,0.01206871497408124,0.49958331464667993,-0.46314067322555985,0.29447847190344634,-0.3163822619257356,0.040404372183668734,-0.04694935687864747,-0.04218779296875,0.0168751171875,0.4893783984375,-0.4556281640625,0.270001875,-0.2868769921875,0.007957060546875,-0.0119355908203125,0.0,0.0,0.0,0.0,0.0,0.0,0.0,0.0,0.0,0.0,0.0,0.0,0.0,0.0,0.0,0.0,0.0,0.0,0.0,0.0,0.0,0.0,0.0,0.0,0.0,0.0
1.331194959,1787890192.8283522,0.02260550447183185,-0.010670943046698689,0.26628662930602776,-0.30415067476342106,1.7080485828394159,-1.7063647764435568,62.09117809781615,-71.63683407192013,0.0,0.0,0.486946861306418,-0.5288347633542818,0.23474678439323735,-0.2556907354171693,-0.8168140899333463,0.9180431865490173,-0.025558987468151585,0.012228267887409359,0.499802663722346,-0.46689266079749703,0.2934147346682538,-0.32004423825115774,0.040753438034067606,-0.04284783313646079,0.00843755859375,0.0,0.4893783984375,-0.476722060546875,0.2531267578125,-0.27843943359375,0.0596779541015625,-0.0596779541015625,0.0,0.0,0.0,0.0,0.0,0.0,0.0,0.0,0.0,0.0,0.0,0.0,0.0,0.0,0.0,0.0,0.0,0.0,0.0,0.0,0.0,0.0,0.0,0.0,0.0,0.0
1.3403835100000001,1787890192.8377185,0.02260550447183185,-0.010670943046698689,0.2710862847490114,-0.3091423164241247,1.7105880369010673,-1.7086686110561895,62.08246890484869,-71.62906735674875,0.0,0.0,0.4956735075663896,-0.5096361415823443,0.2556907354171693,-0.18849555921538758,-0.8813912722571364,0.8726646259971648,-0.025899773967726945,0.012387820800737479,0.5001616391381725,-0.4609406177283529,0.29286586956240035,-0.31457814258865374,0.04084070449666732,-0.04590215932745087,0.012656337890625,-0.004218779296875,0.510472294921875,-0.51469107421875,0.26156431640625,-0.3543774609375,0.08752766601562499,-0.0915061962890625,0.0,0.0,0.0,0.0,0.0,0.0,0.0,0.0,0.0,0.0,0.0,0.0,0.0,0.0,0.0,0.0,0.0,0.0,0.0,0.0,0.0,0.0,0.0,0.0,0.0,0.0
1.351041715,1787890192.8482616,0.02260550447183185,-0.010670943046698689,0.27606047311719584,-0.3140292383297094,1.7134241969355581,-1.7106321064646832,62.073742258588716,-71.61986947159075,0.0,0.0,0.460766922526503,-0.4380776422505767,0.2853613327010729,-0.22951079663725432,-0.8604473212332044,0.8761552845011534,-0.026240560467302297,0.012547373714065595,0.49772808775081057,-0.4600849360750287,0.29000444319765445,-0.32108500559482794,0.04406956361285683,-0.043633231299858244,0.004218779296875,0.0,0.51469107421875,-0.46406572265625,0.26156431640625,-0.3206272265625,0.0119355908203125,-0.06763501464843749,0.0,0.0,0.0,0.0,0.0,0.0,0.0,0.0,0.0,0.0,0.0,0.0,0.0,0.0,0.0,0.0,0.0,0.0,0.0,0.0,0.0,0.0,0.0,0.0,0.0,0.0
1.361471244,1787890192.8586843,0.02260550447183185,-0.010670943046698689,0.2807554088050601,-0.3188114404801743,1.7162516303237891,-1.7133199135127541,62.06529486500907,-71.61037488045991,0.0,0.0,0.5253441048502933,-0.47123889803846897,0.24434609527920614,-0.24085543677521748,-0.8325220532012952,0.932005820564972,-0.02658134696687765,0.012706926627393717,0.49913426071783196,-0.4647794014430446,0.2853802342883933,-0.3177918448510536,0.043022366061660225,-0.04380776422505767,0.00843755859375,-0.00843755859375,0.4556281640625,-0.434534267578125,0.2868769921875,-0.3206272265625,0.0119355908203125,-0.0039785302734375,0.0,0.0,0.0,0.0,0.0,0.0,0.0,0.0,0.0,0.0,0.0,0.0,0.0,0.0,0.0,0.0,0.0,0.0,0.0,0.0,0.0,0.0,0.0,0.0,0.0,0.0
1.371450303,1787890192.8686767,0.02260550447183185,-0.010670943046698689,0.28574705046576376,-0.32380308214087794,1.7188347176167407,-1.716051353792126,62.056760204966814,-71.60145624798221,0.0,0.0,0.43458698374658805,-0.4991641660703783,0.2556907354171693,-0.28274333882308134,-0.8360127117052839,0.932005820564972,-0.02692213346645301,0.012866479540721834,0.49142981498944643,-0.45931605056445374,0.28785078878848874,-0.3152928089169387,0.041626102660064765,-0.04660029102824861,0.004218779296875,-0.00843755859375,0.518909853515625,-0.459846943359375,0.236251640625,-0.26156431640625,0.07957060546875,-0.007957060546875,0.0,0.0,0.0,0.0,0.0,0.0,0.0,0.0,0.0,0.0,0.0,0.0,0.0,0.0,0.0,0.0,0.0,0.0,0.0,0.0,0.0,0.0,0.0,0.0,0.0,0.0
1.380428899,1787890192.8777733,0.02260550447183185,-0.010670943046698689,0.28997074725559013,-0.3277300729578645,1.7210425591205134,-1.718494814744918,62.04909820955056,-71.59379425256596,0.0,0.0,0.42586033748661645,-0.37699111843077515,0.2635447170511438,-0.2958333082130388,-0.8569566627292158,0.8848819307611251,-0.027262919966028358,0.013026032454049954,0.4983686816852921,-0.4537479799307451,0.28581839381844015,-0.30960854709793084,0.0418006355852642,-0.04660029102824861,0.02531267578125,0.0168751171875,0.46406572265625,-0.44297182617187497,0.31218966796875,-0.2868769921875,0.0596779541015625,-0.055699423828125,0.0,0.0,0.0,0.0,0.0,0.0,0.0,0.0,0.0,0.0,0.0,0.0,0.0,0.0,0.0,0.0,0.0,0.0,0.0,0.0,0.0,0.0,0.0,0.0,0.0,0.0
1.391190657,1787890192.88825,0.022518238009232583,-0.010670943046698689,0.29620157268520986,-0.3312905446319334,1.7250655430463608,-1.7217062205685871,62.034716696514145,-71.58361898302682,-0.015707963267948967,0.0,0.7766715171374767,-0.3647738136668149,0.4773475504204492,-0.28623399732707006,-1.5899949485668343,0.9285151620609834,-0.027603706465603717,0.013185585367378072,0.49940833550939634,-0.4663836933953388,0.2852608020663262,-0.3076680165244536,0.04284783313646079,-0.044244096538056256,0.012656337890625,0.0,0.44719060546875,-0.468284501953125,0.17718873046875,-0.3543774609375,0.12731296875,-0.0954847265625,0.0,0.0,0.0,0.0,0.0,0.0,0.0,0.0,0.0,0.0,0.0,0.0,0.0,0.0,0.0,0.0,0.0,0.0,0.0,0.0,0.0,0.0,0.0,0.0,0.0,0.0
1.400712685,1787890192.8980043,0.022518238009232583,-0.010670943046698689,0.304823499190062,-0.335112815693801,1.7308251295779418,-1.7245336539568181,62.01832805483789,-71.5751017762771,-0.010471975511965978,0.0,0.9372418083209549,-0.3351032163829113,0.6789330790257944,-0.31328660073298215,-2.0525072003453317,0.9756390518648302,-0.026111897250586373,0.01334513828070619,0.4584728208230375,-0.4691233900011213,0.25866289787445507,-0.3056925793659364,0.07949974742834172,-0.04642575810304917,0.012656337890625,-0.004218779296875,0.438753046875,-0.46406572265625,0.10968826171875,-0.2868769921875,0.063656484375,-0.0755920751953125,0.0,0.0,0.0,0.0,0.0,0.0,0.0,0.0,0.0,0.0,0.0,0.0,0.0,0.0,0.0,0.0,0.0,0.0,0.0,0.0,0.0,0.0,0.0,0.0,0.0,0.0
1.4110921650000001,1787890192.9083025,0.022518238009232583,-0.010670943046698689,0.3155572740898269,-0.33809732871471,1.7381555124363175,-1.7278934127669072,61.99206084959538,-71.56588643782658,0.0,0.0,0.9616764178488756,-0.2635447170511438,0.7129669994396837,-0.31066860685499065,-2.5743606466916362,0.8726646259971648,-0.026976282525760023,0.013504691194034309,0.42938809175771925,-0.47282301769550206,0.22807691634177948,-0.3012038680845464,0.10262536001726659,-0.048781952593241515,0.004218779296875,-0.00843755859375,0.468284501953125,-0.493597177734375,0.21093896484375,-0.31218966796875,0.13527002929687498,-0.0119355908203125,0.0,0.0,0.0,0.0,0.0,0.0,0.0,0.0,0.0,0.0,0.0,0.0,0.0,0.0,0.0,0.0,0.0,0.0,0.0,0.0,0.0,0.0,0.0,0.0,0.0,0.0
1.420666322,1787890192.917963,0.022518238009232583,-0.010670943046698689,0.3249645987580765,-0.34048842978994287,1.745101922859255,-1.730485226706119,61.969039956761556,-71.55668855266856,0.0,0.0,1.0471975511965976,-0.21642082724729686,0.6911503837897546,-0.25394540616517497,-2.494075501099897,0.9232791743050004,-0.02836426657653198,0.013664244107362427,0.40758138567321867,-0.4832247097175447,0.20953370664786575,-0.29808524026597244,0.12871803233458182,-0.043633231299858244,0.012656337890625,0.0,0.438753046875,-0.4893783984375,0.236251640625,-0.2868769921875,0.0755920751953125,-0.063656484375,0.0,0.0,0.0,0.0,0.0,0.0,0.0,0.0,0.0,0.0,0.0,0.0,0.0,0.0,0.0,0.0,0.0,0.0,0.0,0.0,0.0,0.0,0.0,0.0,0.0,0.0
1.430809191,1787890192.9281147,0.022518238009232583,-0.010670943046698689,0.3344591898889253,-0.34202431953169743,1.7522490461461724,-1.73340865320321,61.94420392150568,-71.54804917287117,0.0,0.0,0.890117918517108,-0.1239183768915974,0.7269296334556383,-0.3150319299849765,-2.38237442897226,0.9616764178488756,-0.02870505307610733,0.013823797020690545,0.3836453779012841,-0.4929631766238243,0.19772746786664774,-0.3026809677412121,0.12470377505499486,-0.046163958715250024,-0.04218779296875,-0.004218779296875,0.43031548828125,-0.493597177734375,0.21093896484375,-0.29531455078125,0.1591412109375,-0.0596779541015625,0.0,0.0,0.0,0.0,0.0,0.0,0.0,0.0,0.0,0.0,0.0,0.0,0.0,0.0,0.0,0.0,0.0,0.0,0.0,0.0,0.0,0.0,0.0,0.0,0.0,0.0
1.441410467,1787890192.9385788,0.022518238009232583,-0.010670943046698689,0.34288913017605793,-0.34307151708289485,1.7598237750998271,-1.7364717060404593,61.9212004819644,-71.53885128771317,0.0,0.0,0.7801621756414654,-0.08901179185171082,0.7810348402674625,-0.291469985083053,-2.1310470166850766,0.9442231253289323,-0.02904583957568269,0.013983349934018664,0.38370764734427265,-0.5098051335857233,0.179559503961909,-0.2945008850918532,0.119118721448613,-0.048083820892443785,0.02531267578125,0.0168751171875,0.417659150390625,-0.476722060546875,0.19406384765625,-0.270001875,0.0755920751953125,-0.103441787109375,0.0,0.0,0.0,0.0,0.0,0.0,0.0,0.0,0.0,0.0,0.0,0.0,0.0,0.0,0.0,0.0,0.0,0.0,0.0,0.0,0.0,0.0,0.0,0.0,0.0,0.0
1.451382454,1787890192.9485435,0.022518238009232583,-0.010670943046698689,0.35027187291199446,-0.34413616792661106,1.7675904902712019,-1.7394474924151093,61.90069286325349,-71.52888545768428,0.0,0.0,0.6702064327658226,-0.10297442586766545,0.7949974742834172,-0.2801253449450899,-2.0315632493213998,0.8499753457212385,-0.029386626075258042,0.014142902847346784,0.3822514803380253,-0.5223535805877132,0.15827612734236407,-0.29436677029419184,0.10655235083425384,-0.04721115626644662,-0.02531267578125,0.004218779296875,0.43031548828125,-0.518909853515625,0.10968826171875,-0.3543774609375,0.13527002929687498,-0.055699423828125,0.0,0.0,0.0,0.0,0.0,0.0,0.0,0.0,0.0,0.0,0.0,0.0,0.0,0.0,0.0,0.0,0.0,0.0,0.0,0.0,0.0,0.0,0.0,0.0,0.0,0.0
1.46217986,1787890192.9593992,0.022518238009232583,-0.010670943046698689,0.35631071212389465,-0.3453753516955276,1.7759331640957348,-1.7424669120210594,61.88140697501894,-71.52054278385975,0.0,0.0,0.5550147021341968,-0.12217304763960307,0.9005898940290741,-0.3307398932529254,-1.7976891295541593,0.9965830028887622,-0.029727412574833394,0.0143024557606749,0.3839369059853663,-0.5299627458065619,0.14043104934924616,-0.2932727244079317,0.10157816246606999,-0.042498767286061924,0.021093896484375,-0.004218779296875,0.426096708984375,-0.54844130859375,0.05906291015625,-0.2531267578125,0.11139884765625,-0.06763501464843749,0.0,0.0,0.0,0.0,0.0,0.0,0.0,0.0,0.0,0.0,0.0,0.0,0.0,0.0,0.0,0.0,0.0,0.0,0.0,0.0,0.0,0.0,0.0,0.0,0.0,0.0
1.471338395,1787890192.9685612,0.022518238009232583,-0.010670943046698689,0.36196557890035663,-0.34671925521956304,1.785994987233482,-1.7463939028380469,61.862330526294635,-71.51057695383086,0.0,0.0,0.5131268000863329,-0.12740903539558607,0.8499753457212385,-0.44156830075456543,-1.699950691442477,0.9494591130849154,-0.030068199074408754,0.014462008674003022,0.3901776409804144,-0.536524713474212,0.1116951168236841,-0.285851859983192,0.08988445647770797,-0.04982915014443812,0.012656337890625,-0.012656337890625,0.4050028125,-0.510472294921875,0.21093896484375,-0.270001875,0.1312914990234375,-0.007957060546875,0.0,0.0,0.0,0.0,0.0,0.0,0.0,0.0,0.0,0.0,0.0,0.0,0.0,0.0,0.0,0.0,0.0,0.0,0.0,0.0,0.0,0.0,0.0,0.0,0.0,0.0
1.480173949,1787890192.9775257,0.022518238009232583,-0.010670943046698689,0.36618927569018256,-0.34834241142391864,1.7927581380849602,-1.750181267314875,61.84679709595188,-71.50165832135316,0.0,0.0,0.38571776469074687,-0.20071286397934787,0.7007496946757235,-0.4354596483725853,-1.7034413499464658,0.890117918517108,-0.030408985573984103,0.014621561587331139,0.3902399104234012,-0.5441687852781002,0.09342243316382785,-0.26968689600595985,0.08499753457212385,-0.04747295565424577,0.004218779296875,-0.00843755859375,0.417659150390625,-0.535784970703125,0.17718873046875,-0.27843943359375,0.08752766601562499,-0.0358067724609375,0.0,0.0,0.0,0.0,0.0,0.0,0.0,0.0,0.0,0.0,0.0,0.0,0.0,0.0,0.0,0.0,0.0,0.0,0.0,0.0,0.0,0.0,0.0,0.0,0.0,0.0
1.490709496,1787890192.9879627,0.022518238009232583,-0.010670943046698689,0.36964502760913165,-0.35017500713851124,1.7998529014943172,-1.7545009572135606,61.82983249562252,-71.49101181291601,0.0,0.0,0.31590459461097364,-0.15533430342749532,0.6946410422937432,-0.3822271061867582,-1.5690509975429023,1.0838494654884787,-0.030749772073559462,0.014781114500659259,0.4031478031610682,-0.5441683149582507,0.09490687663654625,-0.26563451703756663,0.0851720674973233,-0.0445058959258554,0.00843755859375,-0.004218779296875,0.426096708984375,-0.54844130859375,0.101250703125,-0.24468919921875,0.11139884765625,-0.0954847265625,0.0,0.0,0.0,0.0,0.0,0.0,0.0,0.0,0.0,0.0,0.0,0.0,0.0,0.0,0.0,0.0,0.0,0.0,0.0,0.0,0.0,0.0,0.0,0.0,0.0,0.0
1.5008228600000002,1787890192.998171,0.022518238009232583,-0.010670943046698689,0.3724201011198027,-0.3519028830979858,1.8067033188083956,-1.758672294125827,61.814787757470306,-71.4808539966694,0.0,0.0,0.23911010752322315,-0.2111848394913139,0.6466444878638992,-0.4904375198104066,-1.5132004614790837,1.0419615634406147,-0.031090558573134815,0.014940667413987377,0.41259994397978433,-0.5554077650212509,0.08108478256927498,-0.2646975507839871,0.07845254987714512,-0.05419247327442394,0.00843755859375,-0.004218779296875,0.4218779296875,-0.502034736328125,0.17718873046875,-0.17718873046875,0.039785302734375,-0.043763833007812496,0.0,0.0,0.0,0.0,0.0,0.0,0.0,0.0,0.0,0.0,0.0,0.0,0.0,0.0,0.0,0.0,0.0,0.0,0.0,0.0,0.0,0.0,0.0,0.0,0.0,0.0
1.5123085330000001,1787890193.00938,0.022518238009232583,-0.010670943046698689,0.37529989438559275,-0.3541892644180997,1.8122621924759972,-1.7642748010247291,61.80030152467875,-71.4709754331031,0.003490658503988659,0.0,0.30543261909900765,-0.24958208303518914,0.4773475504204492,-0.5331980864842676,-1.3386675362796507,0.9634217471008699,-0.03143134507271017,0.015100220327315493,0.42479225172413254,-0.5568384646880389,0.0721845169926258,-0.2480613479087171,0.0756600230739542,-0.05209807817203074,-0.04218779296875,-0.004218779296875,0.43031548828125,-0.5695352050781249,0.1350009375,-0.29531455078125,0.0596779541015625,-0.0119355908203125,0.0,0.0,0.0,0.0,0.0,0.0,0.0,0.0,0.0,0.0,0.0,0.0,0.0,0.0,0.0,0.0,0.0,0.0,0.0,0.0,0.0,0.0,0.0,0.0,0.0,0.0
1.52200906,1787890193.0192325,0.022518238009232583,-0.010670943046698689,0.37826695411398337,-0.3573657636567287,1.8174894535857204,-1.769502062134452,61.78487281409112,-71.45947371333249,0.0,0.0,0.24434609527920614,-0.2897246558310587,0.5096361415823443,-0.44244096538056255,-1.3264502315156903,1.048942880448592,-0.03212119742268439,0.015259773240643613,0.42235870033677014,-0.5583389775249024,0.07928892065676854,-0.2336766197685183,0.06693337681398254,-0.048171087355043496,0.012656337890625,0.0,0.4218779296875,-0.544222529296875,0.10968826171875,-0.21093896484375,0.055699423828125,-0.0517208935546875,0.0,0.0,0.0,0.0,0.0,0.0,0.0,0.0,0.0,0.0,0.0,0.0,0.0,0.0,0.0,0.0,0.0,0.0,0.0,0.0,0.0,0.0,0.0,0.0,0.0,0.0
1.531724083,1787890193.0287106,0.022518238009232583,-0.010670943046698689,0.3800820965360572,-0.3599488509496789,1.8222367491511446,-1.7736733990467184,61.77307438834766,-71.44959514976618,0.0,0.0,0.1658062789394613,-0.27227136331111546,0.45029494701453704,-0.5026548245743669,-1.3107422682477416,1.0995574287564276,-0.032112918071860876,0.015419326153971732,0.43240425310116454,-0.556994603681022,0.06722960913401092,-0.23376939777361452,0.06632251157578452,-0.05244714402242961,0.00843755859375,-0.00843755859375,0.43031548828125,-0.561097646484375,0.09281314453125,-0.22781408203125,0.0994632568359375,-0.0198926513671875,0.0,0.0,0.0,0.0,0.0,0.0,0.0,0.0,0.0,0.0,0.0,0.0,0.0,0.0,0.0,0.0,0.0,0.0,0.0,0.0,0.0,0.0,0.0,0.0,0.0,0.0
1.542905207,1787890193.0401318,0.022518238009232583,-0.010670943046698689,0.3821939449309708,-0.36291591067807083,1.8262160998456916,-1.7786126808298621,61.75706971910687,-71.43626083428096,0.0,0.0,0.2635447170511438,-0.32637657012293964,0.36826447217080355,-0.45727626402251437,-1.244419756671957,1.1711159280881953,-0.03245370457143623,0.01557887906729985,0.44765088703650396,-0.5631900522057589,0.06577317281712078,-0.2219328503413289,0.06553711341238709,-0.05497787143782138,0.0168751171875,0.0168751171875,0.43031548828125,-0.54000375,0.14343849609375,-0.26156431640625,0.055699423828125,-0.0517208935546875,0.0,0.0,0.0,0.0,0.0,0.0,0.0,0.0,0.0,0.0,0.0,0.0,0.0,0.0,0.0,0.0,0.0,0.0,0.0,0.0,0.0,0.0,0.0,0.0,0.0,0.0
1.5527370950000001,1787890193.0500307,0.022518238009232583,-0.010670943046698689,0.3853529908770805,-0.36666836856985796,1.8303874367579585,-1.783735222184466,61.74595197177167,-71.4246718480477,0.0,0.0,0.25830872929516074,-0.35430183815484895,0.35168384427685745,-0.45902159327450864,-1.0663961729685352,1.1833332328521553,-0.03279449107101159,0.01573843198062797,0.4443795776081809,-0.5610777334909938,0.06888949914045508,-0.21835171027097647,0.062220987833597856,-0.05855579640440977,0.004218779296875,0.0168751171875,0.438753046875,-0.535784970703125,0.16031361328125,-0.168751171875,0.007957060546875,0.0,0.0,0.0,0.0,0.0,0.0,0.0,0.0,0.0,0.0,0.0,0.0,0.0,0.0,0.0,0.0,0.0,0.0,0.0,0.0,0.0,0.0,0.0,0.0,0.0,0.0,0.0
1.562549368,1787890193.059754,0.022518238009232583,-0.010670943046698689,0.3876568254897128,-0.3704033731691254,1.834218434466086,-1.7882468983008715,61.73530546333449,-71.41374608693022,0.0,0.0,0.25656340004316647,-0.3665191429188092,0.3577924966588375,-0.4223696789826278,-1.1205013797803596,1.2740903539558606,-0.03313527757058694,0.015897984893956087,0.4482641181130362,-0.5592272141640345,0.06488488211565138,-0.2095084025058596,0.05331980864842676,-0.05916666164260777,-0.029531455078125,-0.004218779296875,0.43031548828125,-0.535784970703125,0.12656337890625,-0.21093896484375,0.063656484375,-0.0755920751953125,0.0,0.0,0.0,0.0,0.0,0.0,0.0,0.0,0.0,0.0,0.0,0.0,0.0,0.0,0.0,0.0,0.0,0.0,0.0,0.0,0.0,0.0,0.0,0.0,0.0,0.0
1.5723177670000001,1787890193.0695827,0.022518238009232583,-0.010670943046698689,0.3905366187555037,-0.37394639155067466,1.8377178196163342,-1.792034262777698,61.72523491355047,-71.401755674969,0.0,0.0,0.25830872929516074,-0.3612831551628263,0.3490658503988659,-0.3787364476827696,-1.0873401239924674,1.3386675362796507,-0.0334760640701623,0.016057537807284205,0.4543652267679252,-0.5589998510414292,0.05963235467567274,-0.20633741480972548,0.05602506898901798,-0.06370451769779303,0.021093896484375,0.0,0.44719060546875,-0.54000375,0.06750046875,-0.20250140625,0.0954847265625,-0.11139884765625,0.0,0.0,0.0,0.0,0.0,0.0,0.0,0.0,0.0,0.0,0.0,0.0,0.0,0.0,0.0,0.0,0.0,0.0,0.0,0.0,0.0,0.0,0.0,0.0,0.0,0.0
1.581870804,1787890193.0790684,0.022518238009232583,-0.010670943046698689,0.39264846715041646,-0.37778611590506106,1.841217204766583,-1.7955772811592472,61.714972377548754,-71.38957327679012,-0.013962634015954637,0.0,0.21642082724729686,-0.4084070449666731,0.37088246604879505,-0.3490658503988659,-1.0559241974565694,1.3229595730117016,-0.03381685056973765,0.016217090720612327,0.4583893936129391,-0.561093775823973,0.056858194773526764,-0.20603749373312538,0.05436700619962337,-0.06693337681398254,0.012656337890625,-0.004218779296875,0.438753046875,-0.58219154296875,-0.00843755859375,-0.236251640625,0.023871181640625,-0.055699423828125,0.0,0.0,0.0,0.0,0.0,0.0,0.0,0.0,0.0,0.0,0.0,0.0,0.0,0.0,0.0,0.0,0.0,0.0,0.0,0.0,0.0,0.0,0.0,0.0,0.0,0.0
1.591500321,1787890193.0886207,0.022413518254111864,-0.010670943046698689,0.3945683293276101,-0.38103242831377226,1.8450045692434107,-1.7994170055136345,61.70605374507108,-71.37615169484226,0.0,0.0,0.1762782544514273,-0.32288591161895097,0.41800635585264195,-0.4284783313646079,-0.8656833089891874,1.3508848410436112,-0.03276137366771754,0.016376643633940445,0.4690807182005734,-0.5570615949320222,0.051029708680389384,-0.2050743475407622,0.05279620987282847,-0.06614797865058508,0.0168751171875,0.021093896484375,0.459846943359375,-0.5568788671875,0.0843755859375,-0.1856262890625,0.0198926513671875,-0.0915061962890625,0.0,0.0,0.0,0.0,0.0,0.0,0.0,0.0,0.0,0.0,0.0,0.0,0.0,0.0,0.0,0.0,0.0,0.0,0.0,0.0,0.0,0.0,0.0,0.0,0.0,0.0
1.600895275,1787890193.0981796,0.022413518254111864,-0.010670943046698689,0.39591223285164645,-0.38429619401500226,1.8489839199379576,-1.8038239618749201,61.69743181856621,-71.36349805776528,0.0,0.0,0.14486232791552936,-0.3822271061867582,0.3473205211468716,-0.4633849164044945,-0.7574728953655392,1.3194689145077132,-0.0341842643035262,0.01653619654726856,0.4801734685161658,-0.568074152192254,0.04180655719212362,-0.19231277560492033,0.04328416544945937,-0.06754424205218056,0.004218779296875,-0.004218779296875,0.4556281640625,-0.573753984375,0.0843755859375,-0.20250140625,0.0198926513671875,-0.11139884765625,0.0,0.0,0.0,0.0,0.0,0.0,0.0,0.0,0.0,0.0,0.0,0.0,0.0,0.0,0.0,0.0,0.0,0.0,0.0,0.0,0.0,0.0,0.0,0.0,0.0,0.0
1.6110059200000002,1787890193.1084092,0.022413518254111864,-0.010670943046698689,0.3975353890560003,-0.38813591836938865,1.851671726986029,-1.8078993056783275,61.69024106204801,-71.34941325070172,0.0,0.0,0.1343903524035634,-0.3490658503988659,0.26616271092913524,-0.4118977034706618,-0.7749261878854824,1.3578661580515887,-0.03452505080310156,0.01669574946059668,0.4921214301652327,-0.5645481167833764,0.043788419501661624,-0.1823000972409683,0.03787364476827696,-0.06597344572538566,0.004218779296875,-0.004218779296875,0.476722060546875,-0.544222529296875,0.12656337890625,-0.19406384765625,0.043763833007812496,-0.0835491357421875,0.0,0.0,0.0,0.0,0.0,0.0,0.0,0.0,0.0,0.0,0.0,0.0,0.0,0.0,0.0,0.0,0.0,0.0,0.0,0.0,0.0,0.0,0.0,0.0,0.0,0.0
1.6206078210000001,1787890193.1180346,0.022413518254111864,-0.010670943046698689,0.3982160674642783,-0.3918709229686561,1.8549791259185582,-1.811878656372874,61.682858319312054,-71.33684688008735,0.0,0.008726646259971648,0.050614548307835565,-0.39444441095071847,0.35430183815484895,-0.4066617157146788,-0.7103490055616922,1.356120828799594,-0.034865837302676915,0.016855302373924796,0.5011372386709538,-0.5685444504505995,0.05069211030182287,-0.18192163634802372,0.03874630939427412,-0.06789330790257944,0.004218779296875,-0.004218779296875,0.502034736328125,-0.603285439453125,0.101250703125,-0.2193765234375,0.08752766601562499,-0.0198926513671875,0.0,0.0,0.0,0.0,0.0,0.0,0.0,0.0,0.0,0.0,0.0,0.0,0.0,0.0,0.0,0.0,0.0,0.0,0.0,0.0,0.0,0.0,0.0,0.0,0.0,0.0
1.630709025,1787890193.1280944,0.022413518254111864,-0.010670943046698689,0.39935053147807453,-0.3959026335407625,1.8583825179599474,-1.8159976334075814,61.67624352144701,-71.32380927057496,0.0,0.0,0.16755160819145565,-0.40317105721069013,0.3551745027808461,-0.4162610266006476,-0.6841690667817772,1.3945180723434694,-0.035206623802252264,0.016142190661255752,0.520310863423279,-0.5650009617492051,0.03880733170426565,-0.1772060322638768,0.03551745027808461,-0.0678060414399797,0.0168751171875,0.012656337890625,0.485159619140625,-0.518909853515625,0.07593802734375,-0.270001875,0.07957060546875,-0.0954847265625,0.0,0.0,0.0,0.0,0.0,0.0,0.0,0.0,0.0,0.0,0.0,0.0,0.0,0.0,0.0,0.0,0.0,0.0,0.0,0.0,0.0,0.0,0.0,0.0,0.0,0.0
1.640018986,1787890193.1376555,0.022413518254111864,-0.010670943046698689,0.4011831271926689,-0.40051030276602795,1.8609219720215988,-1.8196890047755487,61.669628723581944,-71.31105091374287,0.0,0.0,0.16929693744344998,-0.5288347633542818,0.21293016874330822,-0.3551745027808461,-0.6510078109938849,1.3927727430914751,-0.03554741030182762,0.017174408200581037,0.5180518449611144,-0.5642325465584819,0.03536122004010012,-0.17058801929505113,0.03420845333908886,-0.06972590361717347,-0.02531267578125,0.0,0.502034736328125,-0.552660087890625,0.0506253515625,-0.26156431640625,0.0039785302734375,-0.11139884765625,0.0,0.0,0.0,0.0,0.0,0.0,0.0,0.0,0.0,0.0,0.0,0.0,0.0,0.0,0.0,0.0,0.0,0.0,0.0,0.0,0.0,0.0,0.0,0.0,0.0,0.0
1.649995005,1787890193.1473832,0.022413518254111864,-0.010670943046698689,0.4031902558324627,-0.40520523845389267,1.8631298135253715,-1.823284383034657,61.662245980846016,-71.29658213424383,0.0,0.0,0.2303834612632515,-0.466002910282486,0.2033308578573394,-0.38833575856873837,-0.7312929565856242,1.4433872913993104,-0.035888196801402976,0.017333961113909155,0.5252176044597179,-0.5500425494199195,0.0488186221815019,-0.17232140679702335,0.03255039054969425,-0.06963863715457376,-0.04218779296875,-0.00843755859375,0.510472294921875,-0.573753984375,0.0168751171875,-0.168751171875,0.007957060546875,-0.0517208935546875,0.0,0.0,0.0,0.0,0.0,0.0,0.0,0.0,0.0,0.0,0.0,0.0,0.0,0.0,0.0,0.0,0.0,0.0,0.0,0.0,0.0,0.0,0.0,0.0,0.0,0.0
1.6604438620000002,1787890193.1578774,0.022413518254111864,-0.010670943046698689,0.4057733431254138,-0.4105633992575166,1.8649973158250062,-1.8280316786000816,61.6549679578652,-71.28171192901685,0.0,0.0,0.27052603405912107,-0.5707226654021458,0.19198621771937624,-0.445058959258554,-0.7208209810736581,1.4364059743913336,-0.03622898330097833,0.017493514027237273,0.5259256457259428,-0.5544403088150981,0.0500063596813823,-0.1649179956648035,0.03656464782928121,-0.07216936456996552,0.0168751171875,-0.00843755859375,0.5315661914062499,-0.535784970703125,0.0168751171875,-0.20250140625,0.063656484375,-0.071613544921875,0.0,0.0,0.0,0.0,0.0,0.0,0.0,0.0,0.0,0.0,0.0,0.0,0.0,0.0,0.0,0.0,0.0,0.0,0.0,0.0,0.0,0.0,0.0,0.0,0.0,0.0
1.670552107,1787890193.1679313,0.022413518254111864,-0.010670943046698689,0.40894984236404364,-0.416986210904855,1.8672051573287785,-1.831915036185769,61.64816117378242,-71.26752240219813,0.0,0.0,0.3473205211468716,-0.6719517620178169,0.22689280275926285,-0.3743731245527837,-0.7016223593017205,1.4590952546672595,-0.03656976980055369,0.01765306694056539,0.5270002061350887,-0.5400932320438534,0.05238964771887647,-0.1517026381234422,0.036041049053682904,-0.07182029871956667,-0.037969013671875,-0.004218779296875,0.51469107421875,-0.552660087890625,0.00843755859375,-0.168751171875,0.023871181640625,-0.11139884765625,0.0,0.0,0.0,0.0,0.0,0.0,0.0,0.0,0.0,0.0,0.0,0.0,0.0,0.0,0.0,0.0,0.0,0.0,0.0,0.0,0.0,0.0,0.0,0.0,0.0,0.0
1.6811041340000001,1787890193.1783109,0.022413518254111864,-0.010670943046698689,0.41268484696331154,-0.42398498120535244,1.8692646458461317,-1.8357983937714564,61.640865697509064,-71.25132574673962,0.0,0.0,0.38571776469074687,-0.7068583470577035,0.18413223608540177,-0.3560471674068433,-0.7103490055616922,1.520181778487061,-0.03691055630012904,0.01781261985389351,0.5226293392780101,-0.5229012685918643,0.04912679562617264,-0.15381999806085067,0.03508111796508603,-0.07295476273336297,-0.04218779296875,-0.004218779296875,0.535784970703125,-0.510472294921875,0.05906291015625,-0.168751171875,0.06763501464843749,-0.0915061962890625,0.0,0.0,0.0,0.0,0.0,0.0,0.0,0.0,0.0,0.0,0.0,0.0,0.0,0.0,0.0,0.0,0.0,0.0,0.0,0.0,0.0,0.0,0.0,0.0,0.0,0.0
1.6907246280000001,1787890193.1879528,0.022413518254111864,-0.010670943046698689,0.4168038239980181,-0.43070449882552975,1.8708965286967467,-1.8395333983707247,61.63444288586175,-71.2369442337032,0.0,0.0,0.3961897402027128,-0.6998770300497261,0.16231562043547265,-0.36041049053682905,-0.6335545184739417,1.4974924982111348,-0.03725134279970439,0.017972172767221628,0.5204226806934054,-0.5106136803379764,0.054075717664100645,-0.1507013702422768,0.03551745027808461,-0.07600908892435305,-0.04218779296875,0.0168751171875,0.535784970703125,-0.5315661914062499,0.0843755859375,-0.1181258203125,0.0755920751953125,-0.06763501464843749,0.0,0.0,0.0,0.0,0.0,0.0,0.0,0.0,0.0,0.0,0.0,0.0,0.0,0.0,0.0,0.0,0.0,0.0,0.0,0.0,0.0,0.0,0.0,0.0,0.0,0.0
1.700588229,1787890193.1979914,0.022413518254111864,-0.010670943046698689,0.42102752078784444,-0.43759854937090736,1.8722840654520823,-1.8425091847453747,61.62829932689474,-71.22025888605413,0.0,0.0,0.41887902047863906,-0.6719517620178169,0.10995574287564278,-0.2775073510670984,-0.603883921190038,1.6214108751027323,-0.03759212929927975,0.01813172568054975,0.5198566316056753,-0.5033526403298354,0.05821306159985094,-0.14575887335536739,0.03167772592369709,-0.07487462491055674,0.00843755859375,0.0,0.5231286328125,-0.535784970703125,0.101250703125,-0.236251640625,0.0,-0.119355908203125,0.0,0.0,0.0,0.0,0.0,0.0,0.0,0.0,0.0,0.0,0.0,0.0,0.0,0.0,0.0,0.0,0.0,0.0,0.0,0.0,0.0,0.0,0.0,0.0,0.0,0.0
1.7104197650000001,1787890193.2077901,0.022413518254111864,-0.010670943046698689,0.42505923135995083,-0.4440213610182475,1.8734359827583986,-1.8448566525893066,61.62255719365566,-71.20636606520826,0.0,0.0,0.36302848441482055,-0.6387905062299246,0.11344640137963143,-0.222529479629277,-0.582939970166106,1.5114551322270895,-0.037932915798855105,0.018291278593877865,0.5177546927761896,-0.49766239664848655,0.06613777001242901,-0.15182067740228394,0.0301941960595019,-0.08107054375513661,-0.04218779296875,0.021093896484375,0.502034736328125,-0.535784970703125,0.10968826171875,-0.1856262890625,0.0198926513671875,-0.0358067724609375,0.0,0.0,0.0,0.0,0.0,0.0,0.0,0.0,0.0,0.0,0.0,0.0,0.0,0.0,0.0,0.0,0.0,0.0,0.0,0.0,0.0,0.0,0.0,0.0,0.0,0.0
1.720386728,1787890193.2177973,0.022413518254111864,-0.010670943046698689,0.4290734886395384,-0.45026963974038736,1.874779886282434,-1.8475444596373785,61.61698959334182,-71.19102462108322,0.0,0.0,0.41887902047863906,-0.609119908946021,0.14137166941154067,-0.2853613327010729,-0.5026548245743669,1.551597705022959,-0.03827370229843046,0.018450831507205986,0.5240826942338388,-0.49390946843684846,0.06918428316568277,-0.1569749102381645,0.0291469985083053,-0.07557275661135449,0.00843755859375,-0.004218779296875,0.51469107421875,-0.51469107421875,0.12656337890625,-0.10968826171875,0.0039785302734375,-0.07957060546875,0.0,0.0,0.0,0.0,0.0,0.0,0.0,0.0,0.0,0.0,0.0,0.0,0.0,0.0,0.0,0.0,0.0,0.0,0.0,0.0,0.0,0.0,0.0,0.0,0.0,0.0
1.730337242,1787890193.227719,0.022413518254111864,-0.010670943046698689,0.4327212267762066,-0.456779717850325,1.8758270838336306,-1.8507558654610476,61.61133472656534,-71.17615441585623,0.0,0.0,0.3298672286269283,-0.6335545184739417,0.06981317007977318,-0.36302848441482055,-0.5375614096142536,1.5254177662430441,-0.03861448879800581,0.0186103844205341,0.5192929483562798,-0.49033107315041247,0.06921137671298784,-0.14932715301066368,0.02513274122871835,-0.07757988525114795,0.0,-0.004218779296875,0.51469107421875,-0.485159619140625,0.12656337890625,-0.0506253515625,0.055699423828125,-0.103441787109375,0.0,0.0,0.0,0.0,0.0,0.0,0.0,0.0,0.0,0.0,0.0,0.0,0.0,0.0,0.0,0.0,0.0,0.0,0.0,0.0,0.0,0.0,0.0,0.0,0.0,0.0
1.740662898,1787890193.2380621,0.022413518254111864,-0.010670943046698689,0.43617697869515526,-0.4628185570622252,1.8762634161466296,-1.8538712781758577,61.60636053819716,-71.16006248015283,0.0,0.0,0.33859387488689996,-0.5602506898901798,0.04363323129985824,-0.27052603405912107,-0.4747295565424577,1.4084807063594238,-0.038955275297581166,0.018769937333862223,0.5300889926990329,-0.4805567590194006,0.08007696491517603,-0.13862506959217485,0.026878070480712682,-0.07627088831215222,-0.04218779296875,-0.00843755859375,0.51469107421875,-0.48094083984374997,0.1181258203125,-0.16031361328125,0.055699423828125,-0.0358067724609375,0.0,0.0,0.0,0.0,0.0,0.0,0.0,0.0,0.0,0.0,0.0,0.0,0.0,0.0,0.0,0.0,0.0,0.0,0.0,0.0,0.0,0.0,0.0,0.0,0.0,0.0
1.7504200650000001,1787890193.2478523,0.022413518254111864,-0.010583676584098534,0.439336024641265,-0.46904938249184536,1.8767870149222274,-1.8564107322375096,61.60241609408765,-71.146640898205,0.0,0.0,0.3036872898470134,-0.6719517620178169,0.05235987755982988,-0.2504547476611863,-0.38048177693476387,1.3788101090755203,-0.03929606179715652,0.01892949024719034,0.5316871518837758,-0.48197000539366935,0.08823729277677289,-0.14522792570720874,0.023736477827122886,-0.07042403531797119,0.0168751171875,0.012656337890625,0.56531642578125,-0.468284501953125,0.04218779296875,-0.1856262890625,0.0198926513671875,-0.0755920751953125,0.0,0.0,0.0,0.0,0.0,0.0,0.0,0.0,0.0,0.0,0.0,0.0,0.0,0.0,0.0,0.0,0.0,0.0,0.0,0.0,0.0,0.0,0.0,0.0,0.0,0.0
1.760361587,1787890193.2577755,0.022413518254111864,-0.010583676584098534,0.44221581790705544,-0.47489623548602644,1.8772233472352255,-1.8593341587345997,61.59859382302577,-71.13215466541344,0.0,0.0,0.24609142453120048,-0.5585053606381855,0.03752457891787808,-0.3193952531149623,-0.30543261909900765,1.3596114873035827,-0.03963684829673188,0.018827243772717994,0.5385387521170217,-0.46430680304363825,0.09264516274658396,-0.14631554138594072,0.019024088846738195,-0.06894050545377602,0.00843755859375,0.0168751171875,0.544222529296875,-0.502034736328125,0.0506253515625,-0.14343849609375,0.0278497119140625,-0.1153773779296875,0.0,0.0,0.0,0.0,0.0,0.0,0.0,0.0,0.0,0.0,0.0,0.0,0.0,0.0,0.0,0.0,0.0,0.0,0.0,0.0,0.0,0.0,0.0,0.0,0.0,0.0
1.7709262220000002,1787890193.2683206,0.022413518254111864,-0.010583676584098534,0.44490362495512636,-0.48084780823532736,1.8777033127795242,-1.8621615921228307,61.5958012962226,-71.11941376187389,0.0,0.0,0.25132741228718347,-0.5969026041820608,0.06283185307179587,-0.2792526803190927,-0.25481807079117214,1.3683381335635545,-0.039977634796307226,0.018986796686046113,0.5484970384188177,-0.4703102653506513,0.09967102659438652,-0.13735006057318633,0.015271630954950384,-0.06798057436517914,0.021093896484375,-0.004218779296875,0.535784970703125,-0.506253515625,0.1181258203125,-0.0843755859375,0.0119355908203125,-0.06763501464843749,0.0,0.0,0.0,0.0,0.0,0.0,0.0,0.0,0.0,0.0,0.0,0.0,0.0,0.0,0.0,0.0,0.0,0.0,0.0,0.0,0.0,0.0,0.0,0.0,0.0,0.0
1.7801778780000002,1787890193.2775202,0.022413518254111864,-0.010583676584098534,0.4471027398126397,-0.48669466122950755,1.8785585241130012,-1.8651373784974807,61.59341019514735,-71.10627143260638,0.0,0.0,0.20420352248333656,-0.5550147021341968,0.09773843811168245,-0.2801253449450899,-0.22689280275926285,1.239183768915974,-0.04031842129588258,0.01914634959937423,0.5527480980665928,-0.4608152038999542,0.10255173346870122,-0.1395808669119745,0.012740903539558607,-0.06841690667817772,0.0168751171875,0.0168751171875,0.5695352050781249,-0.476722060546875,0.02531267578125,-0.168751171875,0.043763833007812496,-0.043763833007812496,0.0,0.0,0.0,0.0,0.0,0.0,0.0,0.0,0.0,0.0,0.0,0.0,0.0,0.0,0.0,0.0,0.0,0.0,0.0,0.0,0.0,0.0,0.0,0.0,0.0,0.0
1.7913158980000001,1787890193.2884762,0.022518238009232583,-0.010670943046698689,0.44910986845243306,-0.49264623397880847,1.8792304758750198,-1.8678688187768526,61.59140306650756,-71.09216917225027,0.0,0.0,0.22165681500327988,-0.5899212871740834,0.025307274153917782,-0.26267205242514663,-0.16929693744344998,1.270599695451872,-0.04065920779545794,0.01930590251270235,0.5637012220420239,-0.45966281627379313,0.10334677188688329,-0.13726509054931893,0.011344640137963144,-0.0619591884457987,-0.021093896484375,0.0,0.54844130859375,-0.434534267578125,0.12656337890625,-0.1518760546875,-0.01591412109375,-0.1153773779296875,0.0,0.0,0.0,0.0,0.0,0.0,0.0,0.0,0.0,0.0,0.0,0.0,0.0,0.0,0.0,0.0,0.0,0.0,0.0,0.0,0.0,0.0,0.0,0.0,0.0,0.0
1.8010902180000001,1787890193.2983773,0.022518238009232583,-0.010670943046698689,0.4516056892827849,-0.4989643258710288,1.8792828357525797,-1.8706962521650827,61.589762457010686,-71.07913156273787,0.0,0.0,0.22514747350726852,-0.6318091892219473,0.004363323129985824,-0.29408797896104455,-0.16231562043547265,1.153662635568252,-0.04131415356039545,0.019727254813830933,0.5687725864382356,-0.45051682067349486,0.11542536391920562,-0.13751494818709112,0.008464846872172499,-0.0635299847725936,0.004218779296875,-0.004218779296875,0.573753984375,-0.43031548828125,0.12656337890625,-0.0843755859375,0.023871181640625,-0.06763501464843749,0.0,0.0,0.0,0.0,0.0,0.0,0.0,0.0,0.0,0.0,0.0,0.0,0.0,0.0,0.0,0.0,0.0,0.0,0.0,0.0,0.0,0.0,0.0,0.0,0.0,0.0
1.810890842,1787890193.308213,0.022518238009232583,-0.010670943046698689,0.4537175376776985,-0.5053871375183681,1.8794748219702988,-1.8735236855533137,61.58833128702407,-71.06801381540267,0.0,0.0,0.19024088846738194,-0.6754424205218056,0.03228859116189509,-0.2670353755551324,-0.13613568165555773,1.1763519158441782,-0.04165494005997081,0.019886807727159055,0.5737741376643672,-0.4395731359436406,0.12421401031152077,-0.1325899045927052,0.008115781021773632,-0.057683131778412604,0.00843755859375,0.0168751171875,0.5568788671875,-0.438753046875,0.10968826171875,-0.1856262890625,0.0119355908203125,-0.023871181640625,0.0,0.0,0.0,0.0,0.0,0.0,0.0,0.0,0.0,0.0,0.0,0.0,0.0,0.0,0.0,0.0,0.0,0.0,0.0,0.0,0.0,0.0,0.0,0.0,0.0,0.0
1.820731914,1787890193.3180802,0.022518238009232583,-0.010670943046698689,0.4560213722903308,-0.5119146689208254,1.8799024276370375,-1.8757751602883865,61.586882663744895,-71.05661681538714,0.0,0.0,0.24260076602721178,-0.6440264939859076,0.04799655442984406,-0.2504547476611863,-0.15707963267948966,1.18507856210415,-0.041995726559546157,0.02004636064048717,0.5837673305512014,-0.4281407590232301,0.12769685577777426,-0.13351171399249762,0.006806784082777887,-0.05881759579220891,0.00843755859375,-0.00843755859375,0.577972763671875,-0.48094083984374997,0.05906291015625,-0.1181258203125,0.023871181640625,-0.063656484375,0.0,0.0,0.0,0.0,0.0,0.0,0.0,0.0,0.0,0.0,0.0,0.0,0.0,0.0,0.0,0.0,0.0,0.0,0.0,0.0,0.0,0.0,0.0,0.0,0.0,0.0
1.831083395,1787890193.328347,0.022518238009232583,-0.010670943046698689,0.4587091793384013,-0.5186167332484848,1.8802864000724757,-1.8786025936766175,61.585172241077935,-71.04309051368419,0.0,0.0,0.24958208303518914,-0.6841690667817772,0.024434609527920613,-0.22078415037728272,-0.1518436449235067,1.1676252695842064,-0.04233651305912151,0.02020591355381529,0.5844579185249077,-0.4238991386210411,0.13169457337336557,-0.13511420180056732,0.007853981633974483,-0.0592539281052075,0.021093896484375,-0.00843755859375,0.603285439453125,-0.451409384765625,0.1350009375,-0.16031361328125,0.01591412109375,-0.023871181640625,0.0,0.0,0.0,0.0,0.0,0.0,0.0,0.0,0.0,0.0,0.0,0.0,0.0,0.0,0.0,0.0,0.0,0.0,0.0,0.0,0.0,0.0,0.0,0.0,0.0,0.0
1.8409002110000001,1787890193.3382418,0.022518238009232583,-0.010670943046698689,0.461205000168754,-0.5251442646509439,1.8804783862901953,-1.880382829513652,61.5838283375539,-71.0322520190293,0.0,0.0,0.22514747350726852,-0.6265732014659643,0.020071286397934793,-0.19984019935335076,-0.14311699866353503,1.1693705988362006,-0.04267729955869687,0.020365466467143406,0.5885344452474847,-0.41197806951006904,0.13975018147984505,-0.13629781058815887,0.007592182246175335,-0.05838126347921033,-0.037969013671875,0.0,0.603285439453125,-0.459846943359375,0.1350009375,-0.17718873046875,0.0039785302734375,-0.055699423828125,0.0,0.0,0.0,0.0,0.0,0.0,0.0,0.0,0.0,0.0,0.0,0.0,0.0,0.0,0.0,0.0,0.0,0.0,0.0,0.0,0.0,0.0,0.0,0.0,0.0,0.0
1.851199242,1787890193.3484297,0.022518238009232583,-0.010670943046698689,0.46302014259082824,-0.5309911176451241,1.8806267392766152,-1.8825383111398648,61.58210046159444,-71.02085501901378,0.0,0.0,0.20071286397934787,-0.5742133239061344,0.008726646259971648,-0.1832595714594046,-0.16755160819145565,1.106538745764405,-0.043018086058272224,0.020525019380471528,0.596328523276805,-0.4103544429858662,0.1464618860622867,-0.13975034740334288,0.007155849933176752,-0.05846852994181004,-0.04218779296875,0.0168751171875,0.544222529296875,-0.4218779296875,0.1518760546875,-0.17718873046875,-0.0278497119140625,-0.0755920751953125,0.0,0.0,0.0,0.0,0.0,0.0,0.0,0.0,0.0,0.0,0.0,0.0,0.0,0.0,0.0,0.0,0.0,0.0,0.0,0.0,0.0,0.0,0.0,0.0,0.0,0.0
1.8611208600000002,1787890193.3583407,0.022518238009232583,-0.010670943046698689,0.4650272712306216,-0.536453998203867,1.8807227323854747,-1.8837338616774812,61.580843824533,-71.01087173569236,0.0,0.0,0.1867502299633933,-0.5462880558742251,0.008726646259971648,-0.12740903539558607,-0.11344640137963143,1.0262536001726659,-0.04335887255784758,0.020684572293799646,0.6061646365309604,-0.41024925291090175,0.154002622039425,-0.14164081453799257,0.008377580409572783,-0.055326937288220246,0.02531267578125,0.012656337890625,0.56531642578125,-0.41344037109375,0.12656337890625,-0.1181258203125,0.01591412109375,-0.055699423828125,0.0,0.0,0.0,0.0,0.0,0.0,0.0,0.0,0.0,0.0,0.0,0.0,0.0,0.0,0.0,0.0,0.0,0.0,0.0,0.0,0.0,0.0,0.0,0.0,0.0,0.0
1.8725662760000001,1787890193.3698144,0.022518238009232583,-0.010670943046698689,0.46675514719009614,-0.5417248925448899,1.880862358725634,-1.885557730745815,61.57960464076408,-71.00118515834379,0.0,0.0,0.1308996938995747,-0.5235987755982988,0.013962634015954637,-0.1980948701013564,-0.13264502315156904,0.8813912722571364,-0.04369965905742293,0.020844125207127764,0.6143775935807618,-0.40885251918945714,0.16056597363544806,-0.15033806575541928,0.005672320068981572,-0.051312680008633295,0.00843755859375,-0.00843755859375,0.620160556640625,-0.4218779296875,0.14343849609375,-0.0506253515625,0.0039785302734375,-0.0994632568359375,0.0,0.0,0.0,0.0,0.0,0.0,0.0,0.0,0.0,0.0,0.0,0.0,0.0,0.0,0.0,0.0,0.0,0.0,0.0,0.0,0.0,0.0,0.0,0.0,0.0,0.0
1.8816457700000002,1787890193.378786,0.022518238009232583,-0.010670943046698689,0.4682910369318507,-0.5467165342055935,1.8810543449433539,-1.8871896135964294,61.57817347077745,-70.99198727318577,0.0,0.0,0.1239183768915974,-0.4380776422505767,0.01308996938995747,-0.11606439525762292,-0.13264502315156904,0.8237954069413236,-0.044040445556998285,0.021003678120455883,0.6276170988763066,-0.40750814534557417,0.1664748267619746,-0.1444967243037355,0.0066322511575784525,-0.04406956361285683,0.00843755859375,0.0168751171875,0.6243793359375,-0.438753046875,0.16031361328125,-0.10968826171875,-0.01591412109375,-0.071613544921875,0.0,0.0,0.0,0.0,0.0,0.0,0.0,0.0,0.0,0.0,0.0,0.0,0.0,0.0,0.0,0.0,0.0,0.0,0.0,0.0,0.0,0.0,0.0,0.0,0.0,0.0
1.891141941,1787890193.3883884,0.022518238009232583,-0.010583676584098534,0.46914624826532814,-0.5503468190497411,1.881246331161073,-1.888620783583065,61.576916833716005,-70.98374931911637,0.0,0.0,0.08726646259971647,-0.3560471674068433,0.014835298641951803,-0.1867502299633933,-0.13264502315156904,0.8482300164692442,-0.04438123205657364,0.021163231033784,0.6365456409194267,-0.4132847148498286,0.17283746549401605,-0.1545029724601587,0.0066322511575784525,-0.04118977034706618,0.00843755859375,0.0168751171875,0.59906666015625,-0.409221591796875,0.12656337890625,-0.12656337890625,0.0039785302734375,-0.0517208935546875,0.0,0.0,0.0,0.0,0.0,0.0,0.0,0.0,0.0,0.0,0.0,0.0,0.0,0.0,0.0,0.0,0.0,0.0,0.0,0.0,0.0,0.0,0.0,0.0,0.0,0.0
1.901277002,1787890193.3985806,0.022518238009232583,-0.010583676584098534,0.47001891289132525,-0.5538025709686902,1.881394684147492,-1.8907849918555377,61.5756776499471,-70.97626185662531,0.0,0.0,0.09075712110370514,-0.40317105721069013,0.014835298641951803,-0.20682151636132806,-0.12217304763960307,0.7400196028455958,-0.044722018556149,0.021060984559311654,0.6504832779157685,-0.4227962889533522,0.17893830483826104,-0.149839728253569,0.0066322511575784525,-0.04241150082346221,0.004218779296875,-0.00843755859375,0.641254453125,-0.44297182617187497,0.168751171875,-0.12656337890625,-0.0039785302734375,-0.0039785302734375,0.0,0.0,0.0,0.0,0.0,0.0,0.0,0.0,0.0,0.0,0.0,0.0,0.0,0.0,0.0,0.0,0.0,0.0,0.0,0.0,0.0,0.0,0.0,0.0,0.0,0.0
1.911496064,1787890193.4088204,0.022518238009232583,-0.010670943046698689,0.4711708301976416,-0.5577295617856768,1.8816303035965116,-1.8924605079374532,61.57442101288566,-70.96926308632482,0.0,0.0,0.1239183768915974,-0.3665191429188092,0.03228859116189509,-0.15795229730548682,-0.12217304763960307,0.6963863715457376,-0.04506280505572435,0.021220537472639772,0.6603542977549648,-0.4199160253677134,0.18534457680160568,-0.14803882402025176,0.006108652381980154,-0.03700098014227979,0.004218779296875,-0.004218779296875,0.64969201171875,-0.44297182617187497,0.1350009375,-0.101250703125,-0.007957060546875,-0.0318282421875,0.0,0.0,0.0,0.0,0.0,0.0,0.0,0.0,0.0,0.0,0.0,0.0,0.0,0.0,0.0,0.0,0.0,0.0,0.0,0.0,0.0,0.0,0.0,0.0,0.0,0.0
1.920652135,1787890193.4180975,0.022518238009232583,-0.010670943046698689,0.4724100139665577,-0.5607140748065875,1.8822498954809699,-1.8946159895636652,61.57318182911674,-70.96226431602432,0.0,0.0,0.09424777960769379,-0.2879793265790644,0.08726646259971647,-0.22951079663725432,-0.1308996938995747,0.7068583470577035,-0.0454035915552997,0.02164188977376836,0.6664204998248126,-0.42399962549753495,0.1897437201251542,-0.15459804690398285,0.006108652381980154,-0.03481931857728688,0.0168751171875,-0.012656337890625,0.66656712890625,-0.426096708984375,0.16031361328125,-0.1856262890625,0.0,-0.0318282421875,0.0,0.0,0.0,0.0,0.0,0.0,0.0,0.0,0.0,0.0,0.0,0.0,0.0,0.0,0.0,0.0,0.0,0.0,0.0,0.0,0.0,0.0,0.0,0.0,0.0,0.0
1.9306844740000002,1787890193.4279754,0.022518238009232583,-0.010670943046698689,0.47356193127287405,-0.563960387215297,1.8833581795559857,-1.8965358517408588,61.57183792559271,-70.95526554572383,0.0,0.0,0.15533430342749532,-0.3525565089028546,0.12217304763960307,-0.13962634015954636,-0.11868238913561442,0.6283185307179586,-0.04574437805487506,0.021801442687096474,0.6785080878140408,-0.43509944922037036,0.18923848825059963,-0.14767460131606447,0.006544984694978735,-0.035342917352885174,0.012656337890625,-0.00843755859375,0.653910791015625,-0.451409384765625,0.14343849609375,-0.09281314453125,0.0198926513671875,-0.0915061962890625,0.0,0.0,0.0,0.0,0.0,0.0,0.0,0.0,0.0,0.0,0.0,0.0,0.0,0.0,0.0,0.0,0.0,0.0,0.0,0.0,0.0,0.0,0.0,0.0,0.0,0.0
1.939811393,1787890193.437284,0.022518238009232583,-0.010670943046698689,0.47528980723234815,-0.567224152916527,1.884606089971162,-1.8979233884961944,61.57087799450411,-70.94952341248477,0.0,0.0,0.17278759594743864,-0.31066860685499065,0.11519173063162574,-0.1684242728174528,-0.11868238913561442,0.6510078109938849,-0.046085164554450414,0.021960995600424596,0.6817817630806979,-0.43110217491345615,0.18927430844416518,-0.15760230965614855,0.005934119456780722,-0.031415926535897934,0.004218779296875,-0.00843755859375,0.6623483496093749,-0.426096708984375,0.168751171875,-0.24468919921875,-0.007957060546875,-0.06763501464843749,0.0,0.0,0.0,0.0,0.0,0.0,0.0,0.0,0.0,0.0,0.0,0.0,0.0,0.0,0.0,0.0,0.0,0.0,0.0,0.0,0.0,0.0,0.0,0.0,0.0,0.0
1.950170809,1787890193.4475403,0.022518238009232583,-0.010670943046698689,0.47682569697410315,-0.570295932400037,1.885557294413499,-1.899790890795829,61.569150118544634,-70.94337985351774,0.0,0.0,0.14137166941154067,-0.2949606435870417,0.10821041362364843,-0.15795229730548682,-0.1762782544514273,0.5393067388662479,-0.04642595105402577,0.02212054851375271,0.6876908855178674,-0.4376990491661457,0.19308003982203553,-0.1572587553482448,0.005934119456780722,-0.03255039054969425,0.021093896484375,-0.00843755859375,0.6750046875,-0.47250328125,0.16031361328125,-0.1518760546875,0.043763833007812496,-0.023871181640625,0.0,0.0,0.0,0.0,0.0,0.0,0.0,0.0,0.0,0.0,0.0,0.0,0.0,0.0,0.0,0.0,0.0,0.0,0.0,0.0,0.0,0.0,0.0,0.0,0.0,0.0
1.9607422600000002,1787890193.4580164,0.022518238009232583,-0.010670943046698689,0.4783615867158577,-0.5730710059107071,1.8870495509239544,-1.9012831473062834,61.567142989904845,-70.93734101430586,0.0,0.0,0.17802358370342164,-0.25656340004316647,0.17191493132144148,-0.15533430342749532,-0.17802358370342164,0.5881759579220891,-0.046766737553601126,0.02228010142708083,0.6990628885137783,-0.44225388819400374,0.1977758891184247,-0.15940229522443175,0.008813912722571366,-0.026965336943312396,-0.02531267578125,0.0,0.66656712890625,-0.4556281640625,0.101250703125,-0.19406384765625,-0.007957060546875,0.0198926513671875,0.0,0.0,0.0,0.0,0.0,0.0,0.0,0.0,0.0,0.0,0.0,0.0,0.0,0.0,0.0,0.0,0.0,0.0,0.0,0.0,0.0,0.0,0.0,0.0,0.0,0.0
1.96998822,1787890193.467359,0.022518238009232583,-0.010670943046698689,0.4803687153556515,-0.5757588129587781,1.888777426883428,-1.903054656497058,61.56541511394537,-70.93245409240025,0.0,0.0,0.2059488517353309,-0.31066860685499065,0.1317723585255719,-0.2303834612632515,-0.1937315469713706,0.5532693728822025,-0.047107524053176475,0.02243965434040895,0.703628107426913,-0.4499677731679738,0.19377999873988097,-0.16188617430476163,0.008901179185171082,-0.029408797896104455,0.021093896484375,-0.004218779296875,0.696098583984375,-0.44297182617187497,0.26156431640625,-0.17718873046875,0.043763833007812496,0.0278497119140625,0.0,0.0,0.0,0.0,0.0,0.0,0.0,0.0,0.0,0.0,0.0,0.0,0.0,0.0,0.0,0.0,0.0,0.0,0.0,0.0,0.0,0.0,0.0,0.0,0.0,0.0
1.9804427420000001,1787890193.477754,0.022518238009232583,-0.010670943046698689,0.4827772697234036,-0.5791098451226082,1.8899206175434846,-1.9049221587966918,61.562727306897294,-70.92727046452184,0.0,0.0,0.22514747350726852,-0.3525565089028546,0.12217304763960307,-0.12566370614359174,-0.2897246558310587,0.4380776422505767,-0.047448310552751824,0.02259920725373707,0.7076522742719267,-0.44869321249417177,0.19946195906364866,-0.15576558017275566,0.00968657734856853,-0.027663468644110123,-0.04218779296875,-0.004218779296875,0.6918798046875,-0.47250328125,0.20250140625,-0.236251640625,-0.01591412109375,0.01591412109375,0.0,0.0,0.0,0.0,0.0,0.0,0.0,0.0,0.0,0.0,0.0,0.0,0.0,0.0,0.0,0.0,0.0,0.0,0.0,0.0,0.0,0.0,0.0,0.0,0.0,0.0
1.990801422,1787890193.487918,0.022518238009232583,-0.010670943046698689,0.484784398363197,-0.5819896383883982,1.891604860271659,-1.9058820898852882,61.55965552741379,-70.92219155639853,0.0,0.0,0.2076941809873252,-0.21991148575128555,0.21642082724729686,-0.1117010721276371,-0.3351032163829113,0.47647488579445196,-0.04778909705232719,0.022758760167065187,0.7113448285590627,-0.44665070694948805,0.2038436490946777,-0.16733389800971465,0.014486232791552936,-0.021903882112528836,0.00843755859375,-0.004218779296875,0.7003173632812499,-0.451409384765625,0.21093896484375,-0.1181258203125,0.0,-0.039785302734375,0.0,0.0,0.0,0.0,0.0,0.0,0.0,0.0,0.0,0.0,0.0,0.0,0.0,0.0,0.0,0.0,0.0,0.0,0.0,0.0,0.0,0.0,0.0,0.0,0.0,0.0
2.001275016,1787890193.4984767,0.022518238009232583,-0.010583676584098534,0.4872802191935488,-0.5843807394636311,1.893420002693733,-1.9076099658447636,61.556217228787354,-70.91749662071066,0.0,0.0,0.2879793265790644,-0.2478367537831948,0.14049900478554353,-0.18151424220741028,-0.33859387488689996,0.4206243497306334,-0.04812988355190254,0.022918313080393306,0.7199068514592634,-0.46347521061886804,0.19621747387198663,-0.17254921736941517,0.016755160819145565,-0.0238237442897226,0.0168751171875,0.0168751171875,0.73406759765625,-0.4556281640625,0.2193765234375,-0.17718873046875,0.043763833007812496,-0.055699423828125,0.0,0.0,0.0,0.0,0.0,0.0,0.0,0.0,0.0,0.0,0.0,0.0,0.0,0.0,0.0,0.0,0.0,0.0,0.0,0.0,0.0,0.0,0.0,0.0,0.0,0.0
2.012077095,1787890193.509292,0.022518238009232583,-0.010583676584098534,0.4906312513573785,-0.5875572387022601,1.8949122592041892,-1.9091458555865182,61.552569490650704,-70.9136568963563,0.0,0.0,0.28623399732707006,-0.2844886680750757,0.15795229730548682,-0.10122909661567113,-0.4066617157146788,0.3612831551628263,-0.0484706700514779,0.02281606660592096,0.7172289539766201,-0.4657087617415716,0.20521555977454287,-0.16708312170690506,0.016929693744344998,-0.02103121748653167,0.012656337890625,0.0168751171875,0.746723935546875,-0.451409384765625,0.22781408203125,-0.236251640625,0.0278497119140625,-0.071613544921875,0.0,0.0,0.0,0.0,0.0,0.0,0.0,0.0,0.0,0.0,0.0,0.0,0.0,0.0,0.0,0.0,0.0,0.0,0.0,0.0,0.0,0.0,0.0,0.0,0.0,0.0
2.0227294110000003,1787890193.5199175,0.022518238009232583,-0.010670943046698689,0.49312707218773033,-0.5895643673420539,1.8969193878439816,-1.9102890462465747,61.547682568745095,-70.90906668042354,0.0,0.0,0.22689280275926285,-0.13613568165555773,0.16318828506146982,-0.11257373675363426,-0.4729842272904633,0.4223696789826278,-0.04881145655105325,0.022975619519249077,0.7201884699779165,-0.4647134537480898,0.2058447919137815,-0.1772028162647095,0.02033308578573394,-0.018064157758141314,0.00843755859375,-0.012656337890625,0.73406759765625,-0.4556281640625,0.22781408203125,-0.168751171875,0.06763501464843749,-0.063656484375,0.0,0.0,0.0,0.0,0.0,0.0,0.0,0.0,0.0,0.0,0.0,0.0,0.0,0.0,0.0,0.0,0.0,0.0,0.0,0.0,0.0,0.0,0.0,0.0,0.0,0.0
2.033252734,1787890193.5305347,0.022518238009232583,-0.010583676584098534,0.4957101594806814,-0.5911002570838093,1.8980276719189983,-1.91139733032159,61.54317961927496,-70.90550620874946,0.0,0.0,0.26005405854715513,-0.20245819323134226,0.08988445647770799,-0.12304571226560024,-0.4886921905584123,0.36302848441482055,-0.0491522430506286,0.023396971820377664,0.7314732065112282,-0.4857267476222534,0.20615113814140748,-0.1793376294946378,0.023649211364523165,-0.021118483949131392,0.00843755859375,0.0168751171875,0.73406759765625,-0.451409384765625,0.2531267578125,-0.168751171875,0.0596779541015625,-0.04774236328125,0.0,0.0,0.0,0.0,0.0,0.0,0.0,0.0,0.0,0.0,0.0,0.0,0.0,0.0,0.0,0.0,0.0,0.0,0.0,0.0,0.0,0.0,0.0,0.0,0.0,0.0
2.0428902840000003,1787890193.5400486,0.022518238009232583,-0.010670943046698689,0.49820598031103325,-0.593404091696442,1.8992755823341747,-1.9127412338456264,61.53750729920598,-70.90138723171475,0.0,-0.003490658503988659,0.2076941809873252,-0.2059488517353309,0.14748032179352086,-0.09512044423369097,-0.5480333851262195,0.37699111843077515,-0.04949302955020396,0.023294725345905314,0.7332458986211717,-0.4866862083910017,0.2170079996973352,-0.18166442894228851,0.024434609527920616,-0.01815142422074103,0.004218779296875,-0.00843755859375,0.738286376953125,-0.5231286328125,0.1350009375,-0.20250140625,-0.0119355908203125,-0.0318282421875,0.0,0.0,0.0,0.0,0.0,0.0,0.0,0.0,0.0,0.0,0.0,0.0,0.0,0.0,0.0,0.0,0.0,0.0,0.0,0.0,0.0,0.0,0.0,0.0,0.0,0.0
2.053401734,1787890193.5506828,0.022518238009232583,-0.010670943046698689,0.5001258424882273,-0.5948352616830768,1.9006631190895098,-1.9134568188389438,61.53234112462008,-70.89746024089779,0.0,0.0,0.1989675347273536,-0.10821041362364843,0.15795229730548682,-0.08028514559173917,-0.5532693728822025,0.4694935687864747,-0.049833816049779316,0.024065143497432762,0.7438325034536853,-0.4916250198542978,0.21435601284282654,-0.1871240943972646,0.027401669256310976,-0.01884955592153876,-0.02531267578125,-0.004218779296875,0.712973701171875,-0.48094083984374997,0.1350009375,-0.1856262890625,0.01591412109375,-0.01591412109375,0.0,0.0,0.0,0.0,0.0,0.0,0.0,0.0,0.0,0.0,0.0,0.0,0.0,0.0,0.0,0.0,0.0,0.0,0.0,0.0,0.0,0.0,0.0,0.0,0.0,0.0
2.063135093,1787890193.5602434,0.022518238009232583,-0.010670943046698689,0.5023249573457407,-0.596091898744513,1.9021030157224053,-1.9144603831588403,61.5264942716259,-70.8927653052099,0.0,0.0,0.22514747350726852,-0.14311699866353503,0.1090830782496456,-0.10210176124166828,-0.5724679946541401,0.4398229715025711,-0.05017460254935467,0.023875630560362016,0.7517836611156867,-0.509304734857155,0.21599753594822704,-0.19315971850540187,0.027663468644110123,-0.023474678439323736,0.00843755859375,-0.00843755859375,0.755161494140625,-0.51469107421875,0.2531267578125,-0.17718873046875,-0.0119355908203125,0.023871181640625,0.0,0.0,0.0,0.0,0.0,0.0,0.0,0.0,0.0,0.0,0.0,0.0,0.0,0.0,0.0,0.0,0.0,0.0,0.0,0.0,0.0,0.0,0.0,0.0,0.0,0.0
2.077821357,1787890193.5727491,0.022518238009232583,-0.010670943046698689,0.5046287919583725,-0.5978197747039875,1.9031065800423017,-1.9155686672338574,61.52092667131205,-70.88862887488268,0.0,0.0,0.23561944901923448,-0.2059488517353309,0.10035643198967394,-0.1387536755335492,-0.6021385919380436,0.4694935687864747,-0.05051538904893002,0.024035183473690137,0.7554064022327412,-0.5142435463204509,0.2234160988777265,-0.1946662132046131,0.028623399732707007,-0.021991148575128558,0.021093896484375,0.012656337890625,0.704536142578125,-0.476722060546875,0.236251640625,-0.16031361328125,-0.007957060546875,0.0119355908203125,0.0,0.0,0.0,0.0,0.0,0.0,0.0,0.0,0.0,0.0,0.0,0.0,0.0,0.0,0.0,0.0,0.0,0.0,0.0,0.0,0.0,0.0,0.0,0.0,0.0,0.0
2.084920725,1787890193.5822544,0.022518238009232583,-0.010670943046698689,0.5074038654690436,-0.6005948482146586,1.9044504835663376,-1.916903844111633,61.51268871724262,-70.88250276920819,0.0,0.0,0.24609142453120048,-0.24085543677521748,0.14137166941154067,-0.05497787143782139,-0.5864306286700948,0.48345620280242935,-0.05085617554850537,0.024194736387018252,0.7602857804112353,-0.5149761142864407,0.22812940146663602,-0.1943750187742677,0.030106929596902185,-0.023474678439323736,0.00843755859375,-0.012656337890625,0.755161494140625,-0.5568788671875,0.19406384765625,-0.2868769921875,0.0198926513671875,0.0,0.0,0.0,0.0,0.0,0.0,0.0,0.0,0.0,0.0,0.0,0.0,0.0,0.0,0.0,0.0,0.0,0.0,0.0,0.0,0.0,0.0,0.0,0.0,0.0,0.0,0.0
2.0946520680000003,1787890193.591966,0.022518238009232583,-0.010670943046698689,0.5105803647076734,-0.6030906690450104,1.9063616190972714,-1.917340176424632,61.505881933159834,-70.8776158473026,0.0,0.0,0.4118977034706618,-0.24260076602721178,0.22602013813326569,-0.05672320068981571,-0.9564404300928926,0.5602506898901798,-0.051196962048080726,0.024354289300346374,0.7637514418956118,-0.515359616402032,0.2268474980749433,-0.2054459177744078,0.02932153143350474,-0.02417281014012147,-0.04218779296875,-0.00843755859375,0.746723935546875,-0.4893783984375,0.14343849609375,-0.26156431640625,0.0835491357421875,-0.0198926513671875,0.0,0.0,0.0,0.0,0.0,0.0,0.0,0.0,0.0,0.0,0.0,0.0,0.0,0.0,0.0,0.0,0.0,0.0,0.0,0.0,0.0,0.0,0.0,0.0,0.0,0.0
2.1040313420000003,1787890193.601394,0.022413518254111864,-0.010670943046698689,0.515554553075857,-0.6056737563379615,1.909049426145342,-1.9181081212955093,61.49485145228723,-70.87224023320645,-0.019198621771937627,0.0,0.5846852994181003,-0.2932153143350474,0.34382986264288296,-0.08203047484373349,-1.239183768915974,0.6108652381980153,-0.05153774854765609,0.024513842213674492,0.7504793958533623,-0.5198970021373702,0.2195005755325711,-0.21066123713410487,0.04782202150464463,-0.02801253449450899,-0.04218779296875,-0.00843755859375,0.721411259765625,-0.510472294921875,0.19406384765625,-0.14343849609375,0.0755920751953125,-0.0596779541015625,0.0,0.0,0.0,0.0,0.0,0.0,0.0,0.0,0.0,0.0,0.0,0.0,0.0,0.0,0.0,0.0,0.0,0.0,0.0,0.0,0.0,0.0,0.0,0.0,0.0,0.0
2.113839807,1787890193.6111472,0.022326251791512597,-0.010583676584098534,0.5225533233763549,-0.6083615633860333,1.9137007286019074,-1.9190680523841057,61.4795100081622,-70.86620139399456,0.0,0.0,0.7714355293814937,-0.3193952531149623,0.5445427266222309,-0.10733774899765128,-1.6441001553786583,0.5532693728822025,-0.049644513604675526,0.02467339512700261,0.7311161507216539,-0.5192856665793266,0.20650751286000033,-0.21252552432997546,0.0619591884457987,-0.030543261909900768,0.00843755859375,0.0168751171875,0.712973701171875,-0.54000375,0.1518760546875,-0.24468919921875,0.043763833007812496,0.0039785302734375,0.0,0.0,0.0,0.0,0.0,0.0,0.0,0.0,0.0,0.0,0.0,0.0,0.0,0.0,0.0,0.0,0.0,0.0,0.0,0.0,0.0,0.0,0.0,0.0,0.0,0.0
2.1239656190000002,1787890193.621303,0.022326251791512597,-0.010583676584098534,0.5303200385477296,-0.6115206093321417,1.9185876505074912,-1.9204032292618813,61.46301664673087,-70.86120975233386,-0.005235987755982989,0.008726646259971648,0.8447393579652556,-0.30543261909900765,0.5044001538263613,-0.16493361431346415,-1.879719604397893,0.5462880558742251,-0.051643362893646835,0.02457114865253026,0.7042828963914074,-0.5208036327087128,0.17933365001497065,-0.21381385287268873,0.08220500776893291,-0.027663468644110123,0.004218779296875,-0.004218779296875,0.7003173632812499,-0.510472294921875,0.16031361328125,-0.2193765234375,0.10742031738281249,-0.0755920751953125,0.0,0.0,0.0,0.0,0.0,0.0,0.0,0.0,0.0,0.0,0.0,0.0,0.0,0.0,0.0,0.0,0.0,0.0,0.0,0.0,0.0,0.0,0.0,0.0,0.0,0.0
2.1344604940000003,1787890193.6317503,0.022326251791512597,-0.010583676584098534,0.5397099099234586,-0.6151683474688099,1.9231429598551968,-1.9219914788811967,61.441165124495875,-70.85412371557076,0.017453292519943295,0.0,0.8272860654453122,-0.3752457891787808,0.3787364476827696,-0.08115781021773633,-1.9495327744776663,0.6475171524898963,-0.05146055061762388,0.023858036939861216,0.686490447586493,-0.5249221394235762,0.17553847250040785,-0.2107475849316741,0.09398598021989465,-0.027314402793711258,0.004218779296875,0.0168751171875,0.712973701171875,-0.5315661914062499,0.2531267578125,-0.270001875,0.07957060546875,-0.0318282421875,0.0,0.0,0.0,0.0,0.0,0.0,0.0,0.0,0.0,0.0,0.0,0.0,0.0,0.0,0.0,0.0,0.0,0.0,0.0,0.0,0.0,0.0,0.0,0.0,0.0,0.0
2.144306174,1787890193.6416411,0.02260550447183185,-0.010583676584098534,0.548052583747991,-0.6188160856054781,1.9269303243320246,-1.9223754513166358,61.423135873322785,-70.84798015660374,0.017453292519943295,-0.008726646259971648,0.7766715171374767,-0.3316125578789226,0.37960911230876665,-0.024434609527920613,-1.970476725501598,0.6597344572538566,-0.05407026514479187,0.024890254479186504,0.6729042422788865,-0.5191969891571875,0.18129024599425278,-0.22105926570719497,0.09747663872388332,-0.03237585762449482,0.0168751171875,-0.00843755859375,0.71719248046875,-0.48094083984374997,0.19406384765625,-0.27843943359375,0.119355908203125,0.0,0.0,0.0,0.0,0.0,0.0,0.0,0.0,0.0,0.0,0.0,0.0,0.0,0.0,0.0,0.0,0.0,0.0,0.0,0.0,0.0,0.0,0.0,0.0,0.0,0.0,0.0
2.153860843,1787890193.6511655,0.022692770934432005,-0.010670943046698689,0.5549640875858892,-0.62178314533387,1.9309533082578716,-1.922759423752074,61.40433867727881,-70.84070213362293,0.017453292519943295,-0.005235987755982989,0.7487462491055674,-0.2897246558310587,0.3909537524467298,-0.04188790204786391,-1.7627825445142729,0.7592182246175333,-0.055248809685324994,0.025922472018511784,0.6657757552036591,-0.5248164790287618,0.17669221702377133,-0.2322785176937535,0.0985238362750799,-0.03298672286269283,0.021093896484375,0.021093896484375,0.704536142578125,-0.544222529296875,0.2193765234375,-0.2531267578125,0.12731296875,0.023871181640625,0.0,0.0,0.0,0.0,0.0,0.0,0.0,0.0,0.0,0.0,0.0,0.0,0.0,0.0,0.0,0.0,0.0,0.0,0.0,0.0,0.0,0.0,0.0,0.0,0.0,0.0
2.164340933,1787890193.6615608,0.022692770934432005,-0.010670943046698689,0.5620501243489868,-0.624366232626822,1.934932658952418,-1.923143396187513,61.38920667266401,-70.83504726684647,0.0,0.0,0.778416846389471,-0.31590459461097364,0.47560222116845474,-0.04799655442984406,-1.6685347649065794,0.6370451769779303,-0.055851395572700815,0.0259947584692415,0.6606718500607416,-0.5323034711999656,0.17034013215503574,-0.2360801203593381,0.08813912722571365,-0.037960911230876665,-0.04218779296875,0.0168751171875,0.6623483496093749,-0.527347412109375,0.20250140625,-0.2193765234375,0.04774236328125,-0.04774236328125,0.0,0.0,0.0,0.0,0.0,0.0,0.0,0.0,0.0,0.0,0.0,0.0,0.0,0.0,0.0,0.0,0.0,0.0,0.0,0.0,0.0,0.0,0.0,0.0,0.0,0.0
2.177129409,1787890193.672124,0.02260550447183185,-0.010670943046698689,0.5702008119557993,-0.6277172647906504,1.9403519062798609,-1.9239026144121296,61.37164866038896,-70.8284324689814,0.0,0.0,0.7470009198535732,-0.33859387488689996,0.5131268000863329,-0.09512044423369097,-1.6824973989225336,0.6021385919380436,-0.05444685282028183,0.02563071260697132,0.6492847596106445,-0.5341355965947112,0.1567885641218249,-0.24101618703871766,0.08342673824532898,-0.03185225884889652,-0.021093896484375,-0.004218779296875,0.66656712890625,-0.5231286328125,0.168751171875,-0.236251640625,0.08752766601562499,-0.023871181640625,0.0,0.0,0.0,0.0,0.0,0.0,0.0,0.0,0.0,0.0,0.0,0.0,0.0,0.0,0.0,0.0,0.0,0.0,0.0,0.0,0.0,0.0,0.0,0.0,0.0,0.0
2.184932083,1787890193.6822538,0.022518238009232583,-0.010583676584098534,0.5767283433582584,-0.6317489753627576,1.9450468419677251,-1.925342511045026,61.355347285175334,-70.82258561598722,0.0,0.008726646259971648,0.6265732014659643,-0.3839724354387525,0.3979350694547072,-0.1754055898254301,-1.52367243699105,0.4939281783143953,-0.054525839932056716,0.025790265520299442,0.6408123690113829,-0.5340129532272266,0.14362969517031102,-0.24072499260837685,0.08412486994612668,-0.030106929596902185,0.00843755859375,-0.00843755859375,0.645473232421875,-0.5315661914062499,0.24468919921875,-0.24468919921875,0.0835491357421875,-0.071613544921875,0.0,0.0,0.0,0.0,0.0,0.0,0.0,0.0,0.0,0.0,0.0,0.0,0.0,0.0,0.0,0.0,0.0,0.0,0.0,0.0,0.0,0.0,0.0,0.0,0.0,0.0
2.194648226,1787890193.6919332,0.022518238009232583,-0.010583676584098534,0.5827671825701586,-0.6358679523974633,1.9485985869955342,-1.9269743938956405,61.34021528056055,-70.81558684568672,0.0,0.0,0.5358160803622591,-0.4380776422505767,0.3298672286269283,-0.14835298641951802,-1.4329153158873447,0.6126105674500096,-0.05460482704383427,0.024815354419829926,0.646110626210353,-0.5295793466073127,0.1479153920924831,-0.23507563737440743,0.0761836218495525,-0.024696408915719767,-0.04218779296875,0.021093896484375,0.6581295703125,-0.510472294921875,0.1350009375,-0.17718873046875,0.039785302734375,-0.07957060546875,0.0,0.0,0.0,0.0,0.0,0.0,0.0,0.0,0.0,0.0,0.0,0.0,0.0,0.0,0.0,0.0,0.0,0.0,0.0,0.0,0.0,0.0,0.0,0.0,0.0,0.0
2.204541044,1787890193.7018778,0.022518238009232583,-0.010583676584098534,0.5880380769111819,-0.6397076767518515,1.9514783802613247,-1.928265937542116,61.326392272884725,-70.80954800647483,0.0,0.0,0.4991641660703783,-0.39444441095071847,0.2775073510670984,-0.13788101090755203,-1.2950343049797925,0.7382742735936015,-0.054945613543409634,0.025847571959155213,0.649907900252609,-0.5240112759736064,0.1509182720144348,-0.23958409838704983,0.07164576579436724,-0.030630528372500482,0.004218779296875,0.021093896484375,0.66656712890625,-0.51469107421875,0.16031361328125,-0.26156431640625,0.0954847265625,-0.0198926513671875,0.0,0.0,0.0,0.0,0.0,0.0,0.0,0.0,0.0,0.0,0.0,0.0,0.0,0.0,0.0,0.0,0.0,0.0,0.0,0.0,0.0,0.0,0.0,0.0,0.0,0.0
2.21423885,1787890193.711527,0.022518238009232583,-0.010583676584098534,0.5923490401636076,-0.6433554148885197,1.9541138274318361,-1.9296622009437114,61.312778704719186,-70.80197327752116,0.0,0.0,0.445058959258554,-0.36302848441482055,0.2635447170511438,-0.079412480965742,-1.2950343049797925,0.8063421144213803,-0.05528640004298499,0.02600712487248333,0.6505984882263132,-0.5290548071920209,0.15436621089564878,-0.2434555142227133,0.06475171524898964,-0.03691371367968008,-0.04218779296875,-0.004218779296875,0.6750046875,-0.49781595703125,0.2193765234375,-0.2868769921875,0.0954847265625,0.0119355908203125,0.0,0.0,0.0,0.0,0.0,0.0,0.0,0.0,0.0,0.0,0.0,0.0,0.0,0.0,0.0,0.0,0.0,0.0,0.0,0.0,0.0,0.0,0.0,0.0,0.0,0.0
2.224027378,1787890193.7213807,0.022518238009232583,-0.010670943046698689,0.596276030980595,-0.6474743919232253,1.956269309058049,-1.9299501802702905,61.30127698494855,-70.7943985485675,0.0,-0.003490658503988659,0.35430183815484895,-0.43109632524259944,0.2076941809873252,-0.022689280275926284,-1.1257373675363425,0.6667157742618339,-0.05562718654256034,0.02616667778581145,0.6559141987178051,-0.5334525665871993,0.15470746370831226,-0.2518124262360017,0.06475171524898964,-0.040317105721069016,0.012656337890625,-0.004218779296875,0.679223466796875,-0.510472294921875,0.1350009375,-0.27843943359375,0.0198926513671875,0.023871181640625,0.0,0.0,0.0,0.0,0.0,0.0,0.0,0.0,0.0,0.0,0.0,0.0,0.0,0.0,0.0,0.0,0.0,0.0,0.0,0.0,0.0,0.0,0.0,0.0,0.0,0.0
2.234333674,1787890193.7315905,0.022518238009232583,-0.010670943046698689,0.6000284888723826,-0.6514013827402128,1.9588611229972603,-1.930665765263608,61.29139842138225,-70.78806300338277,0.0,0.0,0.32288591161895097,-0.3839724354387525,0.2984513020910304,-0.11780972450961724,-1.010545636904717,0.7696902001294993,-0.05596797304213569,0.026937095937338895,0.6660470179447994,-0.5264882325518976,0.1606774033586567,-0.26331965754914083,0.05628686837681712,-0.033335788713091695,0.021093896484375,0.0,0.679223466796875,-0.54000375,0.168751171875,-0.24468919921875,0.0278497119140625,-0.023871181640625,0.0,0.0,0.0,0.0,0.0,0.0,0.0,0.0,0.0,0.0,0.0,0.0,0.0,0.0,0.0,0.0,0.0,0.0,0.0,0.0,0.0,0.0,0.0,0.0,0.0,0.0
2.2444332780000003,1787890193.7417712,0.022518238009232583,-0.010670943046698689,0.6031875348184927,-0.6555203597749202,1.9616885563854918,-1.9323412813455225,61.280664646482485,-70.78106423308228,0.0,0.0,0.2635447170511438,-0.4241150082346221,0.24696408915719764,-0.17715091907742447,-0.9704030641088471,0.6702064327658226,-0.056308759541711044,0.026747583000268152,0.6707693164906126,-0.5316190302329131,0.15067758035325443,-0.2583597073697132,0.050527281845235854,-0.038484510006474966,0.012656337890625,-0.00843755859375,0.679223466796875,-0.5231286328125,0.19406384765625,-0.16031361328125,0.043763833007812496,-0.06763501464843749,0.0,0.0,0.0,0.0,0.0,0.0,0.0,0.0,0.0,0.0,0.0,0.0,0.0,0.0,0.0,0.0,0.0,0.0,0.0,0.0,0.0,0.0,0.0,0.0,0.0,0.0
2.2536298610000003,1787890193.7509494,0.022518238009232583,-0.010670943046698689,0.6053866496760056,-0.6590808314489882,1.9637480449028446,-1.9343047767540162,61.27212998644024,-70.77483340765265,-0.008726646259971648,0.008726646259971648,0.22863813201125718,-0.3420845333908886,0.16493361431346415,-0.20245819323134226,-0.9093165402890457,0.6457718232379019,-0.05664954604128641,0.026907135913596274,0.6800643776766492,-0.5274472230007969,0.15419533240454442,-0.2540978888910821,0.04852015320544236,-0.03351032163829113,0.0168751171875,-0.00843755859375,0.6581295703125,-0.552660087890625,0.236251640625,-0.236251640625,0.08752766601562499,-0.0835491357421875,0.0,0.0,0.0,0.0,0.0,0.0,0.0,0.0,0.0,0.0,0.0,0.0,0.0,0.0,0.0,0.0,0.0,0.0,0.0,0.0,0.0,0.0,0.0,0.0,0.0,0.0
2.26296715,1787890193.7602975,0.022518238009232583,-0.010670943046698689,0.6074112316083187,-0.6624318636128184,1.964655616113882,-1.9358406664957717,61.26446799102397,-70.76898655465847,0.0,0.0,0.19722220547535924,-0.3700098014227979,0.08464846872172499,-0.14835298641951802,-0.7661995416255108,0.5916666164260777,-0.0561176679148646,0.026194024200927223,0.6897957711756852,-0.5371682366145594,0.16307124525946168,-0.252375524474104,0.04546582701445229,-0.0322885911618951,0.004218779296875,-0.012656337890625,0.6918798046875,-0.4893783984375,0.2193765234375,-0.26156431640625,0.0119355908203125,-0.063656484375,0.0,0.0,0.0,0.0,0.0,0.0,0.0,0.0,0.0,0.0,0.0,0.0,0.0,0.0,0.0,0.0,0.0,0.0,0.0,0.0,0.0,0.0,0.0,0.0,0.0,0.0
2.272612956,1787890193.7698808,0.022518238009232583,-0.010670943046698689,0.6091216542752735,-0.6653116568786084,1.9658075334201983,-1.9373329230062262,61.25717251475064,-70.76228449033081,0.0,0.0,0.158824961931484,-0.2687807048071268,0.16406094968746698,-0.15271630954950383,-0.7347836150896127,0.7033676885537149,-0.05733111904043711,0.027226241740252507,0.6997016975999221,-0.5365219944714711,0.17522837710812592,-0.2598772251539136,0.038309977081275544,-0.029583330821303884,0.00843755859375,-0.00843755859375,0.6918798046875,-0.561097646484375,0.17718873046875,-0.19406384765625,0.0039785302734375,-0.0318282421875,0.0,0.0,0.0,0.0,0.0,0.0,0.0,0.0,0.0,0.0,0.0,0.0,0.0,0.0,0.0,0.0,0.0,0.0,0.0,0.0,0.0,0.0,0.0,0.0,0.0,0.0
2.28198343,1787890193.7791924,0.022518238009232583,-0.010670943046698689,0.610465557799309,-0.6679994639266793,1.967727395597392,-1.9387204597615626,61.24998175823243,-70.75518100027521,0.0,0.0,0.158824961931484,-0.28623399732707006,0.16755160819145565,-0.11257373675363426,-0.6213372137099813,0.6963863715457376,-0.05767190554001246,0.027385794653580625,0.7112482335210314,-0.5502049054872613,0.17068270801520366,-0.2616629725334451,0.036739180754480634,-0.035168384427685745,0.0168751171875,0.0168751171875,0.708754921875,-0.5695352050781249,0.17718873046875,-0.270001875,0.063656484375,0.01591412109375,0.0,0.0,0.0,0.0,0.0,0.0,0.0,0.0,0.0,0.0,0.0,0.0,0.0,0.0,0.0,0.0,0.0,0.0,0.0,0.0,0.0,0.0,0.0,0.0,0.0,0.0
2.2917966300000003,1787890193.78904,0.022518238009232583,-0.010670943046698689,0.6122981535139025,-0.6706698176822306,1.9688269530261484,-1.939584397741299,61.24355894658509,-70.74903744130818,0.006981317007977318,0.0,0.20071286397934787,-0.24958208303518914,0.09773843811168245,-0.09424777960769379,-0.6510078109938849,0.6824237375297828,-0.05801269203958782,0.027545347566908747,0.7200546025165111,-0.5525955362426473,0.17142538655582623,-0.2682134687709176,0.031066860685499065,-0.03481931857728688,0.012656337890625,-0.004218779296875,0.7003173632812499,-0.544222529296875,0.20250140625,-0.29531455078125,0.063656484375,0.01591412109375,0.0,0.0,0.0,0.0,0.0,0.0,0.0,0.0,0.0,0.0,0.0,0.0,0.0,0.0,0.0,0.0,0.0,0.0,0.0,0.0,0.0,0.0,0.0,0.0,0.0,0.0
2.302434194,1787890193.7996647,0.022518238009232583,-0.010670943046698689,0.6142180156910966,-0.6729736522948633,1.9700225035637644,-1.9408323081564745,61.23704886847515,-70.74261462966084,0.0,0.0,0.17278759594743864,-0.23736477827122884,0.158824961931484,-0.15533430342749532,-0.6963863715457376,0.6213372137099813,-0.05905161023996091,0.027704900480236862,0.7232061047355304,-0.5604490475567748,0.1819593622001366,-0.27415309977019603,0.03255039054969425,-0.03412118687648914,0.012656337890625,0.0,0.712973701171875,-0.5315661914062499,0.1518760546875,-0.2868769921875,0.0358067724609375,-0.0278497119140625,0.0,0.0,0.0,0.0,0.0,0.0,0.0,0.0,0.0,0.0,0.0,0.0,0.0,0.0,0.0,0.0,0.0,0.0,0.0,0.0,0.0,0.0,0.0,0.0,0.0,0.0
2.3125843280000002,1787890193.809892,0.022518238009232583,-0.010670943046698689,0.616609116766329,-0.6757487258055335,1.9718027394007989,-1.9427434436874091,61.23024208439238,-70.73610455155088,0.0,0.0,0.27401669256310973,-0.28274333882308134,0.16057029118347835,-0.19024088846738194,-0.6562437987498679,0.6213372137099813,-0.058694265038738536,0.027864453393564984,0.7330771245747254,-0.5669586553468658,0.17911538912790947,-0.27099956536658304,0.03481931857728688,-0.031066860685499065,0.021093896484375,-0.004218779296875,0.696098583984375,-0.573753984375,0.17718873046875,-0.2868769921875,-0.007957060546875,-0.01591412109375,0.0,0.0,0.0,0.0,0.0,0.0,0.0,0.0,0.0,0.0,0.0,0.0,0.0,0.0,0.0,0.0,0.0,0.0,0.0,0.0,0.0,0.0,0.0,0.0,0.0,0.0
2.322139796,1787890193.819376,0.022518238009232583,-0.010670943046698689,0.6193841902770001,-0.6786285190713244,1.9734782554827135,-1.9444276864155836,61.223714552989925,-70.72957702014844,0.0,0.0,0.27576202181510406,-0.2530727415391778,0.17278759594743864,-0.13264502315156904,-0.6440264939859076,0.6702064327658226,-0.059035051538313885,0.028024006306893102,0.7286189912550471,-0.5662949599112631,0.18045147961420904,-0.26847434949368515,0.0328121899374934,-0.031066860685499065,0.004218779296875,-0.004218779296875,0.704536142578125,-0.54000375,0.14343849609375,-0.32906478515625,-0.0039785302734375,-0.0835491357421875,0.0,0.0,0.0,0.0,0.0,0.0,0.0,0.0,0.0,0.0,0.0,0.0,0.0,0.0,0.0,0.0,0.0,0.0,0.0,0.0,0.0,0.0,0.0,0.0,0.0,0.0
2.331860963,1787890193.829094,0.022518238009232583,-0.010670943046698689,0.6222639835427906,-0.6809323536839571,1.9754941107687667,-1.9456232369531992,61.2173964610977,-70.72315420850111,0.0,0.003490658503988659,0.3246312408709453,-0.25481807079117214,0.233001455141243,-0.14137166941154067,-0.6632251157578452,0.6824237375297828,-0.059375838037889234,0.028183559220221217,0.7329573173654206,-0.5728220209938739,0.18105453181467016,-0.27588005706463653,0.03220132469929538,-0.03351032163829113,0.012656337890625,-0.012656337890625,0.708754921875,-0.586410322265625,0.1181258203125,-0.2531267578125,0.01591412109375,-0.055699423828125,0.0,0.0,0.0,0.0,0.0,0.0,0.0,0.0,0.0,0.0,0.0,0.0,0.0,0.0,0.0,0.0,0.0,0.0,0.0,0.0,0.0,0.0,0.0,0.0,0.0,0.0
2.341650579,1787890193.838892,0.022518238009232583,-0.010670943046698689,0.625998988142058,-0.6838121469497489,1.9778852118439991,-1.9472027599262547,61.21058967701493,-70.71615543820062,0.0,0.0,0.3892084231947355,-0.3193952531149623,0.2504547476611863,-0.16929693744344998,-0.7539822368615503,0.5934119456780721,-0.05971662453746459,0.02799404628315047,0.7322690952300515,-0.5779353653823694,0.17583691095973253,-0.2781195900496862,0.03316125578789226,-0.03412118687648914,0.0168751171875,-0.00843755859375,0.721411259765625,-0.59906666015625,0.21093896484375,-0.29531455078125,0.043763833007812496,-0.007957060546875,0.0,0.0,0.0,0.0,0.0,0.0,0.0,0.0,0.0,0.0,0.0,0.0,0.0,0.0,0.0,0.0,0.0,0.0,0.0,0.0,0.0,0.0,0.0,0.0,0.0,0.0
2.351307809,1787890193.8485477,0.022518238009232583,-0.010670943046698689,0.6302226849318848,-0.6866919402155389,1.9806690120009305,-1.9488346427768692,61.20186303075496,-70.70915666790009,0.0,-0.005235987755982989,0.4799655442984406,-0.2530727415391778,0.3063052837250048,-0.12740903539558607,-0.9424777960769379,0.773180858633488,-0.06005741103703995,0.028502665046877457,0.7274444427674561,-0.5750376485042081,0.17376960940464325,-0.2772873435512236,0.03769911184307752,-0.029670597283903605,0.004218779296875,-0.004218779296875,0.73406759765625,-0.561097646484375,0.1350009375,-0.29531455078125,0.071613544921875,0.0198926513671875,0.0,0.0,0.0,0.0,0.0,0.0,0.0,0.0,0.0,0.0,0.0,0.0,0.0,0.0,0.0,0.0,0.0,0.0,0.0,0.0,0.0,0.0,0.0,0.0,0.0,0.0
2.361264787,1787890193.8585296,0.022518238009232583,-0.010670943046698689,0.6345336481843105,-0.6890830412907709,1.9834528121578605,-1.9498905669743256,61.19275241205954,-70.70215789759962,0.0,0.0,0.4241150082346221,-0.27227136331111546,0.2792526803190927,-0.11693705988362009,-1.0838494654884787,0.7435102613495844,-0.06039819753661531,0.029185816735803876,0.7185357198551913,-0.5852299010160097,0.16668448625006835,-0.28327933442805986,0.0471238898038469,-0.0386590429316744,-0.04218779296875,0.0,0.7256300390625,-0.5695352050781249,0.19406384765625,-0.22781408203125,0.0755920751953125,0.007957060546875,0.0,0.0,0.0,0.0,0.0,0.0,0.0,0.0,0.0,0.0,0.0,0.0,0.0,0.0,0.0,0.0,0.0,0.0,0.0,0.0,0.0,0.0,0.0,0.0,0.0,0.0
2.371093476,1787890193.8682358,0.022518238009232583,-0.010670943046698689,0.6399092622804528,-0.6916661285837229,1.986227885668532,-1.9514264567160802,61.18240260959521,-70.6948798746188,0.0,0.0,0.5934119456780721,-0.2478367537831948,0.222529479629277,-0.17889624832941875,-1.1449359893082802,0.7801621756414654,-0.06073898403619066,0.028821770873533693,0.7240259632718826,-0.5883361167647131,0.16788967704247185,-0.28785760861078086,0.05419247327442394,-0.037175513067479224,-0.02531267578125,-0.004218779296875,0.71719248046875,-0.586410322265625,0.22781408203125,-0.22781408203125,0.063656484375,-0.0517208935546875,0.0,0.0,0.0,0.0,0.0,0.0,0.0,0.0,0.0,0.0,0.0,0.0,0.0,0.0,0.0,0.0,0.0,0.0,0.0,0.0,0.0,0.0,0.0,0.0,0.0,0.0
2.381240697,1787890193.8784597,0.022518238009232583,-0.010670943046698689,0.6456513955195144,-0.6942666691691946,1.9881913810770253,-1.9529536198115758,61.17090088982457,-70.68624049482142,0.0,0.0,0.5689773361501514,-0.21642082724729686,0.19285888234537343,-0.1466076571675237,-1.1344640137963142,0.8272860654453122,-0.061079770535766006,0.02898132378686181,0.7038075068066969,-0.5952296969902423,0.1720881075020399,-0.28375286976483216,0.057246799465414014,-0.039008108782073274,0.004218779296875,0.0168751171875,0.73406759765625,-0.577972763671875,0.2531267578125,-0.2868769921875,0.0318282421875,-0.0915061962890625,0.0,0.0,0.0,0.0,0.0,0.0,0.0,0.0,0.0,0.0,0.0,0.0,0.0,0.0,0.0,0.0,0.0,0.0,0.0,0.0,0.0,0.0,0.0,0.0,0.0,0.0
2.3913584780000003,1787890193.8885267,0.022518238009232583,-0.010670943046698689,0.6507477569353379,-0.6964657840267066,1.9896312777099212,-1.9548734819887703,61.15822979945511,-70.678002540752,0.0,0.0,0.47647488579445196,-0.21293016874330822,0.07417649320975901,-0.22427480888127138,-1.0733774899765127,0.7347836150896127,-0.06142055703534136,0.02914087670018993,0.7018626476098899,-0.6027690490390103,0.1760160119275528,-0.2890990888184284,0.05672320068981571,-0.04136430327226562,0.0168751171875,-0.012656337890625,0.704536142578125,-0.611722998046875,0.26156431640625,-0.303752109375,0.0318282421875,-0.0596779541015625,0.0,0.0,0.0,0.0,0.0,0.0,0.0,0.0,0.0,0.0,0.0,0.0,0.0,0.0,0.0,0.0,0.0,0.0,0.0,0.0,0.0,0.0,0.0,0.0,0.0,0.0
2.401298368,1787890193.8984966,0.022518238009232583,-0.010670943046698689,0.6556346788409226,-0.6989616048570593,1.9899716169140593,-1.956889337274823,61.14836868918133,-70.67053253155348,0.0,0.0,0.4363323129985824,-0.301941960595019,0.029670597283903605,-0.1754055898254301,-1.02799892942466,0.8168140899333463,-0.061761343534916725,0.02930042961351805,0.7086618879655758,-0.6087201514684663,0.1904158918650289,-0.28227163633936353,0.05366887449882564,-0.036739180754480634,0.012656337890625,0.021093896484375,0.721411259765625,-0.620160556640625,0.2531267578125,-0.29531455078125,0.071613544921875,-0.023871181640625,0.0,0.0,0.0,0.0,0.0,0.0,0.0,0.0,0.0,0.0,0.0,0.0,0.0,0.0,0.0,0.0,0.0,0.0,0.0,0.0,0.0,0.0,0.0,0.0,0.0,0.0
2.4111741610000004,1787890193.908263,0.022413518254111864,-0.010670943046698689,0.6596489361205089,-0.7014574256874102,1.990495215689658,-1.9587568395744568,61.13857739207764,-70.66266109662696,0.0,0.005235987755982989,0.4293509959906051,-0.21293016874330822,0.07243116395776468,-0.22427480888127138,-1.0018189906447452,0.7871434926494426,-0.06210213003449208,0.029459982526846167,0.7108534590959947,-0.6045308909438302,0.20069679476780114,-0.28780984161068424,0.051399946471233006,-0.04084070449666732,0.012656337890625,0.021093896484375,0.74250515625,-0.60750421875,0.2193765234375,-0.22781408203125,0.071613544921875,0.01591412109375,0.0,0.0,0.0,0.0,0.0,0.0,0.0,0.0,0.0,0.0,0.0,0.0,0.0,0.0,0.0,0.0,0.0,0.0,0.0,0.0,0.0,0.0,0.0,0.0,0.0,0.0
2.4211168670000003,1787890193.9183226,0.022326251791512597,-0.010583676584098534,0.6634013940122969,-0.7042324991980813,1.9912108006829754,-1.9612526604048086,61.1291875207019,-70.6538471839044,0.0,0.0,0.33859387488689996,-0.301941960595019,0.053232542185827056,-0.2504547476611863,-0.9616764178488756,0.809832772925369,-0.06212875726870527,0.02909593666457599,0.7123468985256198,-0.6181439887895416,0.2017012726962213,-0.2840192620300925,0.050090949532237264,-0.03935717463247213,-0.04218779296875,-0.00843755859375,0.712973701171875,-0.61594177734375,0.21093896484375,-0.26156431640625,0.023871181640625,-0.0517208935546875,0.0,0.0,0.0,0.0,0.0,0.0,0.0,0.0,0.0,0.0,0.0,0.0,0.0,0.0,0.0,0.0,0.0,0.0,0.0,0.0,0.0,0.0,0.0,0.0,0.0,0.0
2.431037909,1787890193.9282968,0.022326251791512597,-0.010583676584098534,0.6674156512918841,-0.7074962648993104,1.9913591536693953,-1.9635041351398814,61.120373607979325,-70.64608046873305,0.0,0.008726646259971648,0.4118977034706618,-0.3368485456349056,-0.004363323129985824,-0.22951079663725432,-0.8813912722571364,0.8621926504851989,-0.06220774438048282,0.02951728896570194,0.7230033165282127,-0.6131169702239504,0.208325710816064,-0.28061265488493903,0.048083820892443785,-0.04049163864626845,-0.04218779296875,0.0168751171875,0.708754921875,-0.61594177734375,0.24468919921875,-0.2193765234375,0.007957060546875,-0.071613544921875,0.0,0.0,0.0,0.0,0.0,0.0,0.0,0.0,0.0,0.0,0.0,0.0,0.0,0.0,0.0,0.0,0.0,0.0,0.0,0.0,0.0,0.0,0.0,0.0,0.0,0.0
2.441204682,1787890193.9384983,0.022221532036392766,-0.010583676584098534,0.6713600954013916,-0.7109345635257398,1.9913067937918354,-1.9656596167660951,61.110774297093364,-70.63648115784706,-0.008726646259971648,0.008726646259971648,0.3787364476827696,-0.3700098014227979,-0.008726646259971648,-0.21467549799530256,-0.8395033702092726,0.8412486994612668,-0.06254853088005818,0.02880417725303289,0.7164682413986612,-0.6120343957678676,0.22049156931098793,-0.2826514750060086,0.04406956361285683,-0.04310963252425995,0.021093896484375,-0.00843755859375,0.71719248046875,-0.611722998046875,0.24468919921875,-0.27843943359375,0.071613544921875,-0.07957060546875,0.0,0.0,0.0,0.0,0.0,0.0,0.0,0.0,0.0,0.0,0.0,0.0,0.0,0.0,0.0,0.0,0.0,0.0,0.0,0.0,0.0,0.0,0.0,0.0,0.0,0.0
2.450404433,1787890193.9476845,0.0221342655737935,-0.010583676584098534,0.6753743526809783,-0.7148790076352469,1.9910188144652563,-1.9681990708277461,61.10311230167711,-70.62766724512448,-0.017453292519943295,0.008726646259971648,0.48520153205442357,-0.43458698374658805,-0.048869219055841226,-0.30019663134302466,-0.8482300164692442,0.9302604913129777,-0.06170249348827689,0.02896373016636101,0.7207891142165138,-0.6106027554613832,0.22793631217926863,-0.2843674092154562,0.04197516851046363,-0.04206243497306334,0.0168751171875,-0.00843755859375,0.721411259765625,-0.561097646484375,0.2531267578125,-0.26156431640625,0.043763833007812496,-0.039785302734375,0.0,0.0,0.0,0.0,0.0,0.0,0.0,0.0,0.0,0.0,0.0,0.0,0.0,0.0,0.0,0.0,0.0,0.0,0.0,0.0,0.0,0.0,0.0,0.0,0.0,0.0
2.4603510760000002,1787890193.9577625,0.0219422793560744,-0.010496410121498378,0.6806452470220008,-0.7196612097857109,1.9901636031317793,-1.9713144835425562,61.09400168298169,-70.61798066777592,-0.017453292519943295,0.008726646259971648,0.5218534463463046,-0.5113814708343386,-0.11257373675363426,-0.31066860685499065,-0.8237954069413236,0.9512044423369095,-0.06090881597405727,0.02912328307968913,0.7109379135081747,-0.604511086052076,0.2396658383611939,-0.27489578291962447,0.04241150082346221,-0.04651302456564889,0.021093896484375,0.021093896484375,0.6918798046875,-0.61594177734375,0.29531455078125,-0.21093896484375,0.0039785302734375,0.007957060546875,0.0,0.0,0.0,0.0,0.0,0.0,0.0,0.0,0.0,0.0,0.0,0.0,0.0,0.0,0.0,0.0,0.0,0.0,0.0,0.0,0.0,0.0,0.0,0.0,0.0,0.0
2.471086081,1787890193.9684823,0.021645573383235472,-0.010496410121498378,0.6861255808732634,-0.7247401179090147,1.988671346621324,-1.9744822561349262,61.08633968756545,-70.60935874127107,-0.022689280275926284,0.015707963267948967,0.5480333851262195,-0.5113814708343386,-0.15620696805349252,-0.3307398932529254,-0.8185594191853407,0.8936085770210968,-0.060673643820475326,0.029021036605216786,0.7042981186235053,-0.5946844120435021,0.25545325505400657,-0.2712011964478925,0.04118977034706618,-0.04756022211684548,0.02531267578125,0.0168751171875,0.6750046875,-0.5906291015625,0.19406384765625,-0.29531455078125,0.043763833007812496,-0.0517208935546875,0.0,0.0,0.0,0.0,0.0,0.0,0.0,0.0,0.0,0.0,0.0,0.0,0.0,0.0,0.0,0.0,0.0,0.0,0.0,0.0,0.0,0.0,0.0,0.0,0.0,0.0
2.480461515,1787890193.9777896,0.02126160094779639,-0.01019970414865945,0.6923564063028826,-0.7301157320051574,1.9878074086415871,-1.9780776343940336,61.077700307768076,-70.59939291124218,-0.031415926535897934,0.027925268031909273,0.7120943348136866,-0.5096361415823443,-0.053232542185827056,-0.3490658503988659,-0.7190756518216639,0.9040805525330627,-0.059600713625935595,0.02848245781774717,0.6980772027593122,-0.5916470688251838,0.27114467863795955,-0.26638959925488254,0.040927970959267035,-0.04468042885105484,0.012656337890625,0.012656337890625,0.679223466796875,-0.5695352050781249,0.16031361328125,-0.20250140625,0.0039785302734375,-0.0835491357421875,0.0,0.0,0.0,0.0,0.0,0.0,0.0,0.0,0.0,0.0,0.0,0.0,0.0,0.0,0.0,0.0,0.0,0.0,0.0,0.0,0.0,0.0,0.0,0.0,0.0,0.0
2.491217609,1787890193.9878554,0.021069614730076403,-0.010007717930939464,0.6993551766033805,-0.7352993598835802,1.9873274430972885,-1.981812638993302,61.069933592596705,-70.59028229254677,-0.012217304763960306,0.017453292519943295,0.7347836150896127,-0.5061454830783556,-0.03403392041388943,-0.46687557490848314,-0.7033676885537149,0.958185759344887,-0.05791691819319653,0.026530162336162472,0.6758167110692941,-0.5878941406135482,0.27029038091300583,-0.26046971798685986,0.03595378259108319,-0.04520402762665314,0.0168751171875,-0.004218779296875,0.68344224609375,-0.5906291015625,0.270001875,-0.19406384765625,0.007957060546875,-0.07957060546875,0.0,0.0,0.0,0.0,0.0,0.0,0.0,0.0,0.0,0.0,0.0,0.0,0.0,0.0,0.0,0.0,0.0,0.0,0.0,0.0,0.0,0.0,0.0,0.0,0.0,0.0
2.5005549620000003,1787890193.997962,0.020877628512357305,-0.009920451468340197,0.7066331995841968,-0.7408495069049224,1.9872838098659888,-1.9864639414498666,61.06216687742532,-70.58106695409623,-0.015707963267948967,0.006981317007977318,0.7592182246175333,-0.5358160803622591,0.013962634015954637,-0.45029494701453704,-0.799360797413403,0.9861110273767961,-0.0596016082168057,0.02716095414752723,0.6653895517077939,-0.5848917039802723,0.27666174629131035,-0.24418258096198794,0.035168384427685745,-0.047909287967244356,0.012656337890625,-0.004218779296875,0.637035673828125,-0.586410322265625,0.2531267578125,-0.27843943359375,0.043763833007812496,-0.055699423828125,0.0,0.0,0.0,0.0,0.0,0.0,0.0,0.0,0.0,0.0,0.0,0.0,0.0,0.0,0.0,0.0,0.0,0.0,0.0,0.0,0.0,0.0,0.0,0.0,0.0,0.0
2.5115302280000003,1787890194.0088673,0.020790362049758038,-0.009728465250621099,0.7137366896398132,-0.7459284150282262,1.9874234362061485,-1.990390932266854,61.0528642725122,-70.57052516541421,-0.017453292519943295,0.005235987755982989,0.7435102613495844,-0.4729842272904633,0.027925268031909273,-0.33335788713091696,-0.9389871375729494,1.038470904936626,-0.059017370212824896,0.02810590522425414,0.6539501013801392,-0.5774735843394486,0.27884432146482585,-0.23858558560558216,0.03996803987067016,-0.04930555136883981,0.021093896484375,0.012656337890625,0.6581295703125,-0.59906666015625,0.27843943359375,-0.270001875,0.0835491357421875,-0.01591412109375,0.0,0.0,0.0,0.0,0.0,0.0,0.0,0.0,0.0,0.0,0.0,0.0,0.0,0.0,0.0,0.0,0.0,0.0,0.0,0.0,0.0,0.0,0.0,0.0,0.0,0.0
2.521696425,1787890194.0189955,0.02068564229463732,-0.009536479032902001,0.7213986850560685,-0.7501521118180525,1.9881913810770253,-1.993366718641505,61.042043231149826,-70.55836022052779,0.0,0.0,0.6492624817418906,-0.3665191429188092,0.10471975511965977,-0.2879793265790644,-1.1152653920243767,0.9546951008408984,-0.05892182439940301,0.027864032409624404,0.6470485071076713,-0.58071942642831,0.2838805099653539,-0.24519716836687536,0.04694935687864747,-0.05192354524683131,0.00843755859375,0.0,0.6750046875,-0.6243793359375,0.236251640625,-0.236251640625,0.06763501464843749,-0.06763501464843749,0.0,0.0,0.0,0.0,0.0,0.0,0.0,0.0,0.0,0.0,0.0,0.0,0.0,0.0,0.0,0.0,0.0,0.0,0.0,0.0,0.0,0.0,0.0,0.0,0.0,0.0
2.5324775120000003,1787890194.0295107,0.02068564229463732,-0.009536479032902001,0.7274375242679687,-0.7535031439818818,1.9894392914922012,-1.996002165812016,61.03024480540633,-70.54933686829499,0.0,0.0,0.6021385919380436,-0.2635447170511438,0.11519173063162574,-0.24958208303518914,-1.1972958668681102,1.064650843716541,-0.06069378088561053,0.02797122544539353,0.6463253783872608,-0.5908942256475893,0.2807485575665494,-0.24750651452200276,0.055763269601218836,-0.04773475504204492,0.00843755859375,0.0,0.63281689453125,-0.552660087890625,0.27843943359375,-0.32906478515625,0.0596779541015625,-0.11139884765625,0.0,0.0,0.0,0.0,0.0,0.0,0.0,0.0,0.0,0.0,0.0,0.0,0.0,0.0,0.0,0.0,0.0,0.0,0.0,0.0,0.0,0.0,0.0,0.0,0.0,0.0
2.542157142,1787890194.039426,0.02068564229463732,-0.009536479032902001,0.7331971107995501,-0.7556149923767945,1.9908791881250967,-1.9979656612205097,61.01490336128132,-70.53668323121802,0.0,0.008726646259971648,0.4293509959906051,-0.15358897417550102,0.19984019935335076,-0.1387536755335492,-1.2322024519079968,1.0873401239924674,-0.06103456738518589,0.028130778358721648,0.645759329299531,-0.6033379528944612,0.2828089596924274,-0.2501387465887508,0.05986479334340551,-0.05323254218582705,0.0168751171875,-0.004218779296875,0.6750046875,-0.6243793359375,0.270001875,-0.31218966796875,0.06763501464843749,-0.0318282421875,0.0,0.0,0.0,0.0,0.0,0.0,0.0,0.0,0.0,0.0,0.0,0.0,0.0,0.0,0.0,0.0,0.0,0.0,0.0,0.0,0.0,0.0,0.0,0.0,0.0,0.0
2.5519792380000004,1787890194.0493262,0.02068564229463732,-0.009536479032902001,0.7380840327051339,-0.7568716294382307,1.9933750089554485,-1.999073945295526,61.00369834748353,-70.52699665386945,0.012217304763960306,0.006981317007977318,0.5026548245743669,-0.12217304763960307,0.22427480888127138,-0.09250245035569947,-1.2496557444279401,1.0925761117484503,-0.061375353884761244,0.027417666646052597,0.6585974088671172,-0.6201973631488804,0.27687575384417096,-0.2620299503373271,0.061610122595399844,-0.05436700619962337,0.00843755859375,-0.004218779296875,0.611722998046875,-0.628598115234375,0.27843943359375,-0.3206272265625,0.0915061962890625,-0.023871181640625,0.0,0.0,0.0,0.0,0.0,0.0,0.0,0.0,0.0,0.0,0.0,0.0,0.0,0.0,0.0,0.0,0.0,0.0,0.0,0.0,0.0,0.0,0.0,0.0,0.0,0.0
2.561855415,1787890194.0591433,0.020790362049758038,-0.009536479032902001,0.7429709546107182,-0.7579188269894273,1.9944745663842054,-1.9997895302888442,60.99102725711405,-70.51607089275197,0.0,0.008726646259971648,0.5811946409141118,-0.09773843811168245,0.06894050545377602,-0.054105206811824215,-1.1554079648202462,1.0838494654884787,-0.06293787086073263,0.027751752484580148,0.6494443398595756,-0.6317684257697548,0.27379616132292445,-0.27002906985395814,0.06248278722139701,-0.054628805587422516,0.0168751171875,0.0,0.645473232421875,-0.64969201171875,0.31218966796875,-0.3206272265625,0.0318282421875,-0.06763501464843749,0.0,0.0,0.0,0.0,0.0,0.0,0.0,0.0,0.0,0.0,0.0,0.0,0.0,0.0,0.0,0.0,0.0,0.0,0.0,0.0,0.0,0.0,0.0,0.0,0.0,0.0
2.57139146,1787890194.0686934,0.020790362049758038,-0.00943175927778217,0.7479625962714223,-0.7590707442957427,1.9951465181462231,-1.9999815165065633,60.98106142708513,-70.50629704894082,0.0,0.0,0.45029494701453704,-0.10297442586766545,0.09512044423369097,0.0,-1.153662635568252,1.096066770252439,-0.06237108614927411,0.027736772472708837,0.6397676720764344,-0.6432696752205501,0.29288225030200565,-0.2784208884522844,0.057770398241012315,-0.05419247327442394,0.012656337890625,-0.00843755859375,0.641254453125,-0.628598115234375,0.270001875,-0.2531267578125,0.0835491357421875,-0.11139884765625,0.0,0.0,0.0,0.0,0.0,0.0,0.0,0.0,0.0,0.0,0.0,0.0,0.0,0.0,0.0,0.0,0.0,0.0,0.0,0.0,0.0,0.0,0.0,0.0,0.0,0.0
2.581068498,1787890194.0784688,0.020790362049758038,-0.00943175927778217,0.7532334906124447,-0.76022266160206,1.9967784009968377,-1.9999378832752632,60.96898374866134,-70.49325943942841,0.0,0.008726646259971648,0.5899212871740834,-0.158824961931484,0.20682151636132806,0.0,-1.1676252695842064,1.1833332328521553,-0.06237108614927411,0.02829527783334651,0.6378827164842796,-0.6392903245260053,0.28824840113796096,-0.28325545048030953,0.057683131778412604,-0.05480333851262195,0.00843755859375,-0.004218779296875,0.6623483496093749,-0.628598115234375,0.20250140625,-0.22781408203125,0.0835491357421875,-0.0517208935546875,0.0,0.0,0.0,0.0,0.0,0.0,0.0,0.0,0.0,0.0,0.0,0.0,0.0,0.0,0.0,0.0,0.0,0.0,0.0,0.0,0.0,0.0,0.0,0.0,0.0,0.0
2.591703662,1787890194.0888762,0.020790362049758038,-0.00943175927778217,0.7592723298243449,-0.762421776459572,1.998881522745491,-1.9999378832752632,60.955457446958384,-70.48088505503176,0.0,0.0,0.6492624817418906,-0.23561944901923448,0.2033308578573394,0.0,-1.2897983172238097,1.1990411961201044,-0.06237108614927411,0.027422613207349344,0.6081073994452576,-0.6302495190006717,0.2721826453733536,-0.28338635017420977,0.05838126347921033,-0.05916666164260777,0.02531267578125,0.0,0.620160556640625,-0.620160556640625,0.3206272265625,-0.29531455078125,0.0318282421875,-0.07957060546875,0.0,0.0,0.0,0.0,0.0,0.0,0.0,0.0,0.0,0.0,0.0,0.0,0.0,0.0,0.0,0.0,0.0,0.0,0.0,0.0,0.0,0.0,0.0,0.0,0.0,0.0
2.6010614640000003,1787890194.0983665,0.020790362049758038,-0.00943175927778217,0.7650144630634066,-0.7657902619159209,2.000757751691385,-1.9998855233977042,60.94540435046691,-70.47043053281233,0.0,0.0,0.5969026041820608,-0.34382986264288296,0.18413223608540177,0.0,-1.2147491593880535,1.275835683207855,-0.06237108614927411,0.02829527783334651,0.5840567623527764,-0.6159727257193607,0.26622234597779243,-0.28338635017420977,0.06448991586119049,-0.05995205980600522,-0.046406572265625,-0.004218779296875,0.620160556640625,-0.628598115234375,0.3206272265625,-0.31218966796875,0.0318282421875,-0.07957060546875,0.0,0.0,0.0,0.0,0.0,0.0,0.0,0.0,0.0,0.0,0.0,0.0,0.0,0.0,0.0,0.0,0.0,0.0,0.0,0.0,0.0,0.0,0.0,0.0,0.0,0.0
2.61073447,1787890194.1080918,0.020790362049758038,-0.00943175927778217,0.7712452884930263,-0.7694205467600694,2.0025292608821594,-1.9999815165065633,60.93407716362146,-70.45768962927278,0.0,0.0,0.5951572749300664,-0.37699111843077515,0.17889624832941875,-0.01308996938995747,-1.1484266478122689,1.3578661580515887,-0.06237108614927411,0.02829527783334651,0.5720663503915742,-0.595046227987949,0.2625135213173048,-0.28354342980688685,0.06073745796940268,-0.06379178416039276,0.021093896484375,-0.00843755859375,0.5695352050781249,-0.60750421875,0.24468919921875,-0.2868769921875,0.039785302734375,-0.1153773779296875,0.0,0.0,0.0,0.0,0.0,0.0,0.0,0.0,0.0,0.0,0.0,0.0,0.0,0.0,0.0,0.0,0.0,0.0,0.0,0.0,0.0,0.0,0.0,0.0,0.0,0.0
2.6210175010000003,1787890194.118446,0.020790362049758038,-0.00943175927778217,0.776812888806889,-0.7739234962302151,2.004353129950493,-2.0002694958331424,60.921912218735066,-70.44397134135208,0.0,0.0,0.47123889803846897,-0.5253441048502933,0.1684242728174528,-0.048869219055841226,-1.1885692206081386,1.3334315485236679,-0.06237108614927411,0.02829527783334651,0.5535484070279145,-0.5808392478767143,0.2577225925205793,-0.2819464535413138,0.05742133239061345,-0.06789330790257944,0.012656337890625,-0.004218779296875,0.603285439453125,-0.561097646484375,0.303752109375,-0.27843943359375,0.0994632568359375,-0.0318282421875,0.0,0.0,0.0,0.0,0.0,0.0,0.0,0.0,0.0,0.0,0.0,0.0,0.0,0.0,0.0,0.0,0.0,0.0,0.0,0.0,0.0,0.0,0.0,0.0,0.0,0.0
2.631202643,1787890194.1283524,0.02068564229463732,-0.00943175927778217,0.7818045304675918,-0.7785311654554805,2.0058366598146877,-2.001177067044179,60.911073724080175,-70.4319983826834,0.0,0.0,0.5288347633542818,-0.4956735075663896,0.158824961931484,-0.12740903539558607,-1.08035880698449,1.2897983172238097,-0.06237108614927411,0.02829527783334651,0.5492374437754861,-0.5524951008243255,0.2532981828667749,-0.27750459059498817,0.059428461030406936,-0.06667157742618339,-0.046406572265625,0.0,0.5568788671875,-0.60750421875,0.2868769921875,-0.19406384765625,0.07957060546875,-0.039785302734375,0.0,0.0,0.0,0.0,0.0,0.0,0.0,0.0,0.0,0.0,0.0,0.0,0.0,0.0,0.0,0.0,0.0,0.0,0.0,0.0,0.0,0.0,0.0,0.0,0.0,0.0
2.6418437590000003,1787890194.1391976,0.02068564229463732,-0.00943175927778217,0.786499466155457,-0.7843780184496616,2.0074685426653023,-2.0031492890989324,60.899763990527255,-70.41904803963362,0.0,0.0,0.4241150082346221,-0.5148721293383272,0.14835298641951802,-0.24085543677521748,-0.9913470151327792,1.2950343049797925,-0.062056926883911956,0.02829527783334651,0.5285029322617965,-0.5416391528769195,0.24980752436278786,-0.2669278953279043,0.054017940349224504,-0.06448991586119049,0.0168751171875,0.0,0.5568788671875,-0.54000375,0.270001875,-0.21093896484375,0.01591412109375,-0.11139884765625,0.0,0.0,0.0,0.0,0.0,0.0,0.0,0.0,0.0,0.0,0.0,0.0,0.0,0.0,0.0,0.0,0.0,0.0,0.0,0.0,0.0,0.0,0.0,0.0,0.0,0.0
2.6513060420000003,1787890194.148657,0.02068564229463732,-0.00943175927778217,0.790426456972444,-0.7902248714438418,2.0087600863117787,-2.005496756942865,60.889885426960966,-70.4067783749921,0.0,0.0,0.34033920413889424,-0.5811946409141118,0.1317723585255719,-0.24085543677521748,-0.9616764178488756,1.2688543661998775,-0.062056926883911956,0.02829527783334651,0.524890100710167,-0.5221787317171825,0.24595907336214082,-0.24966658902568045,0.04956735075663896,-0.06475171524898964,0.00843755859375,0.0,0.535784970703125,-0.54000375,0.270001875,-0.21093896484375,0.01591412109375,-0.0755920751953125,0.0,0.0,0.0,0.0,0.0,0.0,0.0,0.0,0.0,0.0,0.0,0.0,0.0,0.0,0.0,0.0,0.0,0.0,0.0,0.0,0.0,0.0,0.0,0.0,0.0,0.0
2.6611505390000003,1787890194.1585135,0.02068564229463732,-0.00943175927778217,0.793498236455954,-0.7960717244380229,2.0105839553801124,-2.008324190331096,60.88107151423841,-70.39459597681316,0.0,0.0,0.30543261909900765,-0.603883921190038,0.2059488517353309,-0.2958333082130388,-0.8429940287132612,1.2217304763960306,-0.062056926883911956,0.02829527783334651,0.5214867086687788,-0.4980059215770635,0.2437425052121061,-0.24262418549388204,0.048083820892443785,-0.06344271830999387,-0.046406572265625,0.0,0.5231286328125,-0.510472294921875,0.2531267578125,-0.2531267578125,0.055699423828125,-0.023871181640625,0.0,0.0,0.0,0.0,0.0,0.0,0.0,0.0,0.0,0.0,0.0,0.0,0.0,0.0,0.0,0.0,0.0,0.0,0.0,0.0,0.0,0.0,0.0,0.0,0.0,0.0
2.671767655,1787890194.1691892,0.02068564229463732,-0.00943175927778217,0.7966572824020646,-0.8014473385341656,2.012547450788606,-2.010863644392748,60.87243213444102,-70.38271028460709,0.0,0.0,0.3193952531149623,-0.5724679946541401,0.1762782544514273,-0.2478367537831948,-0.7888888219014369,1.213003830136059,-0.062056926883911956,0.02829527783334651,0.5157620287222374,-0.4781964345669276,0.23085324868612928,-0.22864409818540693,0.042149701435663066,-0.061086523819801536,0.012656337890625,-0.004218779296875,0.5231286328125,-0.527347412109375,0.26156431640625,-0.2531267578125,0.007957060546875,-0.071613544921875,0.0,0.0,0.0,0.0,0.0,0.0,0.0,0.0,0.0,0.0,0.0,0.0,0.0,0.0,0.0,0.0,0.0,0.0,0.0,0.0,0.0,0.0,0.0,0.0,0.0,0.0
2.682356291,1787890194.1791458,0.02068564229463732,-0.00943175927778217,0.7991531032324155,-0.8077828837189047,2.0145633060746597,-2.013551451440819,60.86370548818106,-70.37071987264589,0.0,0.0,0.2059488517353309,-0.5026548245743669,0.20245819323134226,-0.2303834612632515,-0.815068760681352,1.0838494654884787,-0.062056926883911956,0.02829527783334651,0.5048886274823101,-0.46521118493208924,0.22792982218903846,-0.2258253914434356,0.03944444109507185,-0.06065019150680295,0.021093896484375,-0.004218779296875,0.561097646484375,-0.46406572265625,0.2531267578125,-0.27843943359375,0.04774236328125,-0.103441787109375,0.0,0.0,0.0,0.0,0.0,0.0,0.0,0.0,0.0,0.0,0.0,0.0,0.0,0.0,0.0,0.0,0.0,0.0,0.0,0.0,0.0,0.0,0.0,0.0,0.0,0.0
2.6920904820000002,1787890194.188898,0.02068564229463732,-0.00943175927778217,0.8014569378450482,-0.8128617918422085,2.0159508428299953,-2.015802926175891,60.856706717880535,-70.35960212531069,0.0,0.0,0.27576202181510406,-0.4991641660703783,0.08464846872172499,-0.2609267231731523,-0.6998770300497261,1.0541788682045752,-0.062056926883911956,0.02829527783334651,0.5087458051292204,-0.45318586638584923,0.21926426245288605,-0.21950729955121717,0.040753438034067606,-0.05419247327442394,0.0,0.0,0.502034736328125,-0.46406572265625,0.236251640625,-0.236251640625,0.0198926513671875,-0.0517208935546875,0.0,0.0,0.0,0.0,0.0,0.0,0.0,0.0,0.0,0.0,0.0,0.0,0.0,0.0,0.0,0.0,0.0,0.0,0.0,0.0,0.0,0.0,0.0,0.0,0.0,0.0
2.7025259950000002,1787890194.199303,0.02068564229463732,-0.00943175927778217,0.8038480389202807,-0.8181326861832314,2.0168584140410326,-2.0181067607885237,60.84923670868201,-70.35029952039754,0.0,0.0,0.19198621771937624,-0.5934119456780721,0.13002702927357757,-0.20245819323134226,-0.7312929565856242,0.9878563566287906,-0.062056926883911956,0.02829527783334651,0.49485298428334495,-0.43829820786633666,0.22688262463784117,-0.20969854915501132,0.03499385150248631,-0.05270894341022876,0.021093896484375,-0.004218779296875,0.510472294921875,-0.459846943359375,0.22781408203125,-0.29531455078125,0.0,-0.0835491357421875,0.0,0.0,0.0,0.0,0.0,0.0,0.0,0.0,0.0,0.0,0.0,0.0,0.0,0.0,0.0,0.0,0.0,0.0,0.0,0.0,0.0,0.0,0.0,0.0,0.0,0.0
2.712518622,1787890194.2098916,0.02068564229463732,-0.009536479032902001,0.8057679010974748,-0.8229148883336963,2.0186299232318063,-2.0204542286324565,60.84166197972835,-70.3394784790352,0.0,0.0,0.17453292519943295,-0.41713369122664484,0.1867502299633933,-0.2530727415391778,-0.7033676885537149,1.0821041362364843,-0.062056926883911956,0.02829527783334651,0.4960572614672204,-0.41306074688249855,0.21962205494954387,-0.20863389831129414,0.03656464782928121,-0.049392817831439534,0.00843755859375,-0.00843755859375,0.493597177734375,-0.438753046875,0.20250140625,-0.20250140625,0.007957060546875,-0.0596779541015625,0.0,0.0,0.0,0.0,0.0,0.0,0.0,0.0,0.0,0.0,0.0,0.0,0.0,0.0,0.0,0.0,0.0,0.0,0.0,0.0,0.0,0.0,0.0,0.0,0.0,0.0
2.721783718,1787890194.219113,0.02068564229463732,-0.009536479032902001,0.807687763274668,-0.8270513186609225,2.0198778336469827,-2.02251371714981,60.83457594296525,-70.32930320949605,0.0,0.0,0.18849555921538758,-0.3735004599267866,0.07592182246175334,-0.14835298641951802,-0.6527531402458793,1.0053096491487339,-0.062056926883911956,0.028609437098706003,0.49204300418763247,-0.41634196587624667,0.2086352073082411,-0.19653003994871218,0.035168384427685745,-0.054105206811824215,0.0168751171875,-0.00843755859375,0.49781595703125,-0.4556281640625,0.24468919921875,-0.270001875,0.039785302734375,-0.07957060546875,0.0,0.0,0.0,0.0,0.0,0.0,0.0,0.0,0.0,0.0,0.0,0.0,0.0,0.0,0.0,0.0,0.0,0.0,0.0,0.0,0.0,0.0,0.0,0.0,0.0,0.0
2.7308686840000003,1787890194.2282715,0.02068564229463732,-0.009536479032902001,0.8090316667987034,-0.8300183783893127,2.020741771626719,-2.0237616275649866,60.82862437021597,-70.32106525542663,0.0,0.0,0.12217304763960307,-0.28274333882308134,0.11257373675363426,-0.14137166941154067,-0.6527531402458793,0.8185594191853407,-0.062056926883911956,0.028609437098706003,0.48488715425445744,-0.40829599802455385,0.21597431681287602,-0.20082354990861703,0.032637657012293965,-0.0502654824574367,0.0168751171875,0.012656337890625,0.51469107421875,-0.434534267578125,0.27843943359375,-0.16031361328125,0.07957060546875,-0.0755920751953125,0.0,0.0,0.0,0.0,0.0,0.0,0.0,0.0,0.0,0.0,0.0,0.0,0.0,0.0,0.0,0.0,0.0,0.0,0.0,0.0,0.0,0.0,0.0,0.0,0.0,0.0
2.740672188,1787890194.2380958,0.02059837583203805,-0.009536479032902001,0.8096948919144613,-0.8322174932468256,2.0222253014909155,-2.0254371436469003,60.82267279746666,-70.31233860916667,-0.005235987755982989,0.0,0.05585053606381855,-0.19198621771937624,0.17889624832941875,-0.20071286397934787,-0.5654866776461627,0.8080874436733746,-0.062056926883911956,0.028609437098706003,0.4874876948399295,-0.40847053094975383,0.20971731144447878,-0.19777795036388568,0.032637657012293965,-0.040927970959267035,0.00843755859375,-0.00843755859375,0.49781595703125,-0.44719060546875,0.17718873046875,-0.19406384765625,0.06763501464843749,-0.023871181640625,0.0,0.0,0.0,0.0,0.0,0.0,0.0,0.0,0.0,0.0,0.0,0.0,0.0,0.0,0.0,0.0,0.0,0.0,0.0,0.0,0.0,0.0,0.0,0.0,0.0,0.0
2.750503628,1787890194.2478964,0.02059837583203805,-0.009536479032902001,0.8104628367853395,-0.8339453692063001,2.02371755800137,-2.027208652837674,60.816633958254776,-70.30418792155986,0.0,0.0,0.05585053606381855,-0.13788101090755203,0.13264502315156904,-0.14224433403753786,-0.5462880558742251,0.8307767239493008,-0.061271528720515854,0.028609437098706003,0.4921302706502343,-0.41094889848758565,0.19863447069431106,-0.18681728266136374,0.028274333882308135,-0.040404372183668734,0.012656337890625,-0.004218779296875,0.502034736328125,-0.438753046875,0.1856262890625,-0.2193765234375,0.0039785302734375,0.007957060546875,0.0,0.0,0.0,0.0,0.0,0.0,0.0,0.0,0.0,0.0,0.0,0.0,0.0,0.0,0.0,0.0,0.0,0.0,0.0,0.0,0.0,0.0,0.0,0.0,0.0,0.0
2.760335517,1787890194.2577384,0.02059837583203805,-0.009536479032902001,0.8106548230030586,-0.8346260476145773,2.0252970809744246,-2.0286485494705704,60.81146778366887,-70.29729387101449,0.0,0.0,0.0,-0.03665191429188092,0.16929693744344998,-0.14835298641951802,-0.5358160803622591,0.6335545184739417,-0.061795127496114155,0.028609437098706003,0.4898264360375998,-0.4111757912903445,0.19878282368073258,-0.18734960808322354,0.027314402793711258,-0.04153883619746504,0.012656337890625,-0.004218779296875,0.506253515625,-0.409221591796875,0.270001875,-0.26156431640625,0.0039785302734375,0.0,0.0,0.0,0.0,0.0,0.0,0.0,0.0,0.0,0.0,0.0,0.0,0.0,0.0,0.0,0.0,0.0,0.0,0.0,0.0,0.0,0.0,0.0,0.0,0.0,0.0,0.0
2.7703597600000003,1787890194.2677476,0.02059837583203805,-0.009536479032902001,0.8105675565404593,-0.8347133140771774,2.027216943151619,-2.030184439212325,60.80638887554556,-70.29019038095886,0.0,0.0,0.0,0.005235987755982989,0.1989675347273536,-0.1457349925415265,-0.466002910282486,0.6562437987498679,-0.061795127496114155,0.028609437098706003,0.49483553099082433,-0.4192566657270802,0.19037906333238058,-0.1824190529463365,0.026790804018112957,-0.03167772592369709,0.021093896484375,-0.004218779296875,0.493597177734375,-0.4050028125,0.168751171875,-0.14343849609375,-0.0119355908203125,-0.0318282421875,0.0,0.0,0.0,0.0,0.0,0.0,0.0,0.0,0.0,0.0,0.0,0.0,0.0,0.0,0.0,0.0,0.0,0.0,0.0,0.0,0.0,0.0,0.0,0.0,0.0,0.0
2.7807048080000003,1787890194.2776768,0.02059837583203805,-0.009536479032902001,0.8104628367853395,-0.8345213278594583,2.028988452342393,-2.0314323496275004,60.801589220102564,-70.28444824771981,0.0,0.0,-0.017453292519943295,0.03316125578789226,0.15969762655748115,-0.14049900478554353,-0.4939281783143953,0.5619960191421741,-0.061795127496114155,0.028609437098706003,0.49509733037862214,-0.42318365654406614,0.18165241707240662,-0.17807318310887196,0.023300145514124303,-0.0328121899374934,0.012656337890625,-0.004218779296875,0.49781595703125,-0.426096708984375,0.22781408203125,-0.1518760546875,0.007957060546875,-0.08752766601562499,0.0,0.0,0.0,0.0,0.0,0.0,0.0,0.0,0.0,0.0,0.0,0.0,0.0,0.0,0.0,0.0,0.0,0.0,0.0,0.0,0.0,0.0,0.0,0.0,0.0,0.0
2.790580057,1787890194.2880092,0.02059837583203805,-0.009536479032902001,0.810270850567619,-0.8341373554240201,2.0306203351930074,-2.033683824362574,60.79640559222414,-70.2783046887528,0.0,0.0,-0.006981317007977318,0.04188790204786391,0.14835298641951802,-0.27139869868511823,-0.4904375198104066,0.5707226654021458,-0.061795127496114155,0.028609437098706003,0.49715681889597596,-0.42655214200041436,0.18026488031707266,-0.17485305063894385,0.024696408915719767,-0.028099800957108706,-0.046406572265625,-0.004218779296875,0.4893783984375,-0.43031548828125,0.21093896484375,-0.10968826171875,0.01591412109375,-0.0755920751953125,0.0,0.0,0.0,0.0,0.0,0.0,0.0,0.0,0.0,0.0,0.0,0.0,0.0,0.0,0.0,0.0,0.0,0.0,0.0,0.0,0.0,0.0,0.0,0.0,0.0,0.0
2.801283734,1787890194.29835,0.02059837583203805,-0.009536479032902001,0.810270850567619,-0.8340500889614191,2.032252218043623,-2.036074925437806,60.791518670318574,-70.27303379441177,0.0,-0.013962634015954637,0.008726646259971648,0.0,0.1658062789394613,-0.1954768762233649,-0.4974188368183839,0.5201081170943103,-0.061795127496114155,0.028609437098706003,0.49668557999794066,-0.4285767239327261,0.17650369577902533,-0.1550086570437653,0.02452187599052033,-0.02853613327010729,0.012656337890625,0.012656337890625,0.4893783984375,-0.426096708984375,0.2193765234375,-0.2193765234375,0.039785302734375,-0.0039785302734375,0.0,0.0,0.0,0.0,0.0,0.0,0.0,0.0,0.0,0.0,0.0,0.0,0.0,0.0,0.0,0.0,0.0,0.0,0.0,0.0,0.0,0.0,0.0,0.0,0.0,0.0
2.811477228,1787890194.3087747,0.02059837583203805,-0.009536479032902001,0.8104628367853395,-0.8340500889614191,2.0335437616900984,-2.0378028013972798,60.78671901487558,-70.26757091385304,0.0,0.0,0.017453292519943295,0.0,0.1265363707695889,-0.20420352248333656,-0.4939281783143953,0.5846852994181003,-0.061795127496114155,0.030005700500301467,0.49511478367114575,-0.42464973311574283,0.16986271797518468,-0.15542753606424464,0.024870941840919196,-0.026005405854715516,0.0168751171875,-0.004218779296875,0.502034736328125,-0.434534267578125,0.2193765234375,-0.19406384765625,0.063656484375,-0.0039785302734375,0.0,0.0,0.0,0.0,0.0,0.0,0.0,0.0,0.0,0.0,0.0,0.0,0.0,0.0,0.0,0.0,0.0,0.0,0.0,0.0,0.0,0.0,0.0,0.0,0.0,0.0
2.8209400230000004,1787890194.3182917,0.02059837583203805,-0.009536479032902001,0.8105675565404593,-0.8339453692063001,2.034547326009995,-2.0399582830234935,60.78164010675227,-70.26181132732144,0.0,0.0,0.020943951023931956,0.0,0.08028514559173917,-0.16057029118347835,-0.47647488579445196,0.5288347633542818,-0.061795127496114155,0.028609437098706003,0.4936661603919873,-0.42464973311574283,0.1699150778527453,-0.1493712435598265,0.024696408915719767,-0.02923426497090502,0.012656337890625,-0.00843755859375,0.48094083984374997,-0.426096708984375,0.2193765234375,-0.21093896484375,-0.0119355908203125,0.01591412109375,0.0,0.0,0.0,0.0,0.0,0.0,0.0,0.0,0.0,0.0,0.0,0.0,0.0,0.0,0.0,0.0,0.0,0.0,0.0,0.0,0.0,0.0,0.0,0.0,0.0,0.0
2.830818089,1787890194.3282092,0.02059837583203805,-0.009536479032902001,0.8108468092207777,-0.8339453692063001,2.035847596302731,-2.041258553316229,60.776561198628976,-70.25577248810954,0.0,0.0,0.029670597283903605,0.013962634015954637,0.15446163880149816,-0.12479104151759457,-0.5462880558742251,0.5969026041820608,-0.061795127496114155,0.028609437098706003,0.49300293527622896,-0.42496389238109966,0.1715295074108409,-0.14726812181117122,0.0238237442897226,-0.026441738167714092,0.012656337890625,0.0,0.493597177734375,-0.434534267578125,0.17718873046875,-0.2193765234375,-0.01591412109375,0.0278497119140625,0.0,0.0,0.0,0.0,0.0,0.0,0.0,0.0,0.0,0.0,0.0,0.0,0.0,0.0,0.0,0.0,0.0,0.0,0.0,0.0,0.0,0.0,0.0,0.0,0.0,0.0
2.8408965090000002,1787890194.3383079,0.02059837583203805,-0.009536479032902001,0.8110387954384977,-0.8337533829885801,2.037235133058066,-2.0424541038538453,60.77167427672338,-70.24934967646222,0.0,0.0,0.027925268031909273,0.017453292519943295,0.13526301702956053,-0.12479104151759457,-0.4398229715025711,0.6544984694978736,-0.061795127496114155,0.028609437098706003,0.4912925126092767,-0.42636015578269515,0.16021104721165616,-0.14694523589955344,0.027314402793711258,-0.029845130209103038,0.004218779296875,-0.004218779296875,0.485159619140625,-0.417659150390625,0.168751171875,-0.19406384765625,0.0198926513671875,-0.04774236328125,0.0,0.0,0.0,0.0,0.0,0.0,0.0,0.0,0.0,0.0,0.0,0.0,0.0,0.0,0.0,0.0,0.0,0.0,0.0,0.0,0.0,0.0,0.0,0.0,0.0,0.0
2.8502460860000003,1787890194.3475866,0.02059837583203805,-0.009536479032902001,0.8114227678739354,-0.8336661165259809,2.037950718051383,-2.0432656819560218,60.76725859371583,-70.24446275455661,0.0,0.0,0.020943951023931956,0.015707963267948967,0.03228859116189509,-0.03752457891787808,-0.4799655442984406,0.5724679946541401,-0.061795127496114155,0.028609437098706003,0.49089108688131616,-0.42728518028625395,0.157968299122846,-0.14335858428670412,0.021991148575128558,-0.03272492347489368,0.012656337890625,0.0,0.493597177734375,-0.43031548828125,0.1518760546875,-0.21093896484375,0.0039785302734375,-0.055699423828125,0.0,0.0,0.0,0.0,0.0,0.0,0.0,0.0,0.0,0.0,0.0,0.0,0.0,0.0,0.0,0.0,0.0,0.0,0.0,0.0,0.0,0.0,0.0,0.0,0.0,0.0
2.860431676,1787890194.3578253,0.02059837583203805,-0.009536479032902001,0.8114227678739354,-0.833369410553142,2.038334690486823,-2.0434140349424417,60.76256365802799,-70.23803994290927,0.0,0.0,0.0,0.050614548307835565,0.051487212933832724,-0.012217304763960306,-0.4886921905584123,0.609119908946021,-0.061795127496114155,0.028609437098706003,0.49043730127580065,-0.42737244674885233,0.16611898672966044,-0.14965049624014637,0.023998277214922033,-0.028623399732707007,-0.04218779296875,0.0,0.493597177734375,-0.438753046875,0.1350009375,-0.20250140625,-0.0119355908203125,-0.07957060546875,0.0,0.0,0.0,0.0,0.0,0.0,0.0,0.0,0.0,0.0,0.0,0.0,0.0,0.0,0.0,0.0,0.0,0.0,0.0,0.0,0.0,0.0,0.0,0.0,0.0,0.0
2.8729031230000004,1787890194.370291,0.02059837583203805,-0.009536479032902001,0.8114227678739354,-0.8327934518999847,2.0392509883441194,-2.0437020142690208,60.757100777469255,-70.23142514504423,0.0,0.0,0.0,0.03490658503988659,0.12217304763960307,-0.03403392041388943,-0.4747295565424577,0.6021385919380436,-0.061795127496114155,0.028609437098706003,0.49253169637819383,-0.4317532231713578,0.16304720724614674,-0.1517361646962784,0.024434609527920616,-0.03045599544730105,0.0168751171875,0.012656337890625,0.493597177734375,-0.426096708984375,0.1350009375,-0.17718873046875,0.055699423828125,0.0039785302734375,0.0,0.0,0.0,0.0,0.0,0.0,0.0,0.0,0.0,0.0,0.0,0.0,0.0,0.0,0.0,0.0,0.0,0.0,0.0,0.0,0.0,0.0,0.0,0.0,0.0,0.0
2.881970072,1787890194.379308,0.02059837583203805,-0.009536479032902001,0.8115274876290557,-0.8326014656822647,2.040778151439615,-2.04408598670446,60.752213855563646,-70.22412966877089,0.0,0.0,0.0,0.024434609527920613,0.1317723585255719,-0.031415926535897934,-0.4398229715025711,0.6056292504420324,-0.061795127496114155,0.028609437098706003,0.49253169637819383,-0.43191030280403475,0.15322973020368083,-0.14869056515154822,0.023736477827122886,-0.030106929596902185,0.00843755859375,-0.004218779296875,0.4893783984375,-0.43031548828125,0.1350009375,-0.168751171875,0.04774236328125,-0.01591412109375,0.0,0.0,0.0,0.0,0.0,0.0,0.0,0.0,0.0,0.0,0.0,0.0,0.0,0.0,0.0,0.0,0.0,0.0,0.0,0.0,0.0,0.0,0.0,0.0,0.0,0.0
2.891220256,1787890194.3886435,0.02059837583203805,-0.009536479032902001,0.8115274876290557,-0.8323222130019445,2.0416420894193514,-2.044417599262338,60.748182144991524,-70.21905076064758,0.0,0.0,-0.015707963267948967,0.024434609527920613,0.054105206811824215,-0.03752457891787808,-0.42586033748661645,0.6126105674500096,-0.061795127496114155,0.028609437098706003,0.492217537112833,-0.4314390639059981,0.1476883098285971,-0.14780044723303012,0.021991148575128558,-0.03028146252210162,0.0,0.012656337890625,0.502034736328125,-0.426096708984375,0.17718873046875,-0.168751171875,0.0278497119140625,0.01591412109375,0.0,0.0,0.0,0.0,0.0,0.0,0.0,0.0,0.0,0.0,0.0,0.0,0.0,0.0,0.0,0.0,0.0,0.0,0.0,0.0,0.0,0.0,0.0,0.0,0.0,0.0
2.900216357,1787890194.3977127,0.02059837583203805,-0.009536479032902001,0.8113355014113361,-0.8321302267842263,2.0420784217323504,-2.044897564806637,60.74397590149423,-70.21281993521796,0.0,0.0,-0.031415926535897934,0.017453292519943295,0.06981317007977318,-0.0619591884457987,-0.44156830075456543,0.6283185307179586,-0.061795127496114155,0.028609437098706003,0.4937883334396279,-0.43227682194695854,0.15286321106076273,-0.14619474432119728,0.021293016874330824,-0.030630528372500482,-0.046406572265625,0.0,0.49781595703125,-0.426096708984375,0.1856262890625,-0.16031361328125,0.0517208935546875,0.023871181640625,0.0,0.0,0.0,0.0,0.0,0.0,0.0,0.0,0.0,0.0,0.0,0.0,0.0,0.0,0.0,0.0,0.0,0.0,0.0,0.0,0.0,0.0,0.0,0.0,0.0,0.0
2.910722847,1787890194.4081545,0.02059837583203805,-0.009536479032902001,0.8110387954384977,-0.8319382405665063,2.043465958487686,-2.0457615027863736,60.73945549873158,-70.20726978819663,0.0,0.0,-0.017453292519943295,0.0,0.17976891295541597,-0.09773843811168245,-0.45204027626653137,0.5532693728822025,-0.061795127496114155,0.028609437098706003,0.49593508841958145,-0.43215464889931543,0.14998341779497082,-0.14231138673550797,0.022078415037728272,-0.031415926535897934,-0.04218779296875,-0.004218779296875,0.49781595703125,-0.4218779296875,0.06750046875,-0.1350009375,0.06763501464843749,-0.01591412109375,0.0,0.0,0.0,0.0,0.0,0.0,0.0,0.0,0.0,0.0,0.0,0.0,0.0,0.0,0.0,0.0,0.0,0.0,0.0,0.0,0.0,0.0,0.0,0.0,0.0,0.0
2.920260427,1787890194.4177516,0.02059837583203805,-0.009536479032902001,0.8110387954384977,-0.8319382405665063,2.045525447005039,-2.04705304643285,60.73524925523426,-70.20170218788276,0.0,0.0,0.0,0.0,0.20420352248333656,-0.14835298641951802,-0.4625122517784973,0.5445427266222309,-0.061795127496114155,0.028609437098706003,0.4954289429365014,-0.43098527830048106,0.13482523324139994,-0.13614164782971044,0.02260201381332657,-0.027663468644110123,0.021093896484375,0.0,0.485159619140625,-0.4218779296875,0.17718873046875,-0.09281314453125,0.06763501464843749,-0.0318282421875,0.0,0.0,0.0,0.0,0.0,0.0,0.0,0.0,0.0,0.0,0.0,0.0,0.0,0.0,0.0,0.0,0.0,0.0,0.0,0.0,0.0,0.0,0.0,0.0,0.0,0.0
2.9325722560000003,1787890194.43007,0.02059837583203805,-0.009536479032902001,0.8110387954384977,-0.8320255070291065,2.0470613367467942,-2.0480653373990063,60.73006562735585,-70.19547136245313,0.0,0.0,0.0,0.0,0.12740903539558607,-0.07504915783575616,-0.4886921905584123,0.5427973973702365,-0.061795127496114155,0.028609437098706003,0.4936836136845071,-0.43098527830048106,0.1262033067365494,-0.1272055620594976,0.023125612588924867,-0.027227136331111547,-0.046406572265625,0.012656337890625,0.485159619140625,-0.43031548828125,0.1518760546875,-0.12656337890625,0.04774236328125,-0.0755920751953125,0.0,0.0,0.0,0.0,0.0,0.0,0.0,0.0,0.0,0.0,0.0,0.0,0.0,0.0,0.0,0.0,0.0,0.0,0.0,0.0,0.0,0.0,0.0,0.0,0.0,0.0
2.941724519,1787890194.4391954,0.02059837583203805,-0.009536479032902001,0.8110387954384977,-0.8321302267842263,2.048789212706269,-2.0491648948277636,60.72441076057938,-70.18924053702351,0.0,0.0,0.008726646259971648,-0.015707963267948967,0.2059488517353309,-0.12304571226560024,-0.5742133239061344,0.619591884457987,-0.061795127496114155,0.028609437098706003,0.4936836136845071,-0.4307234789126806,0.1292750862200581,-0.1314990720194049,0.024434609527920616,-0.027139869868511825,0.00843755859375,0.012656337890625,0.493597177734375,-0.43031548828125,0.09281314453125,-0.09281314453125,0.01591412109375,0.0,0.0,0.0,0.0,0.0,0.0,0.0,0.0,0.0,0.0,0.0,0.0,0.0,0.0,0.0,0.0,0.0,0.0,0.0,0.0,0.0,0.0,0.0,0.0,0.0,0.0,0.0
2.9510879840000004,1787890194.448532,0.02059837583203805,-0.009536479032902001,0.811143515193617,-0.8323222130019445,2.0504123689106235,-2.050796777678378,60.71933185245609,-70.18396964268251,0.0,0.0,0.017453292519943295,-0.027925268031909273,0.15009831567151233,-0.20158552860534507,-0.5218534463463046,0.5724679946541401,-0.061795127496114155,0.028609437098706003,0.4928109490585099,-0.4288385233205262,0.11623747670765999,-0.12340074429014848,0.028710666195306725,-0.03097959422289935,0.02531267578125,-0.00843755859375,0.49781595703125,-0.43031548828125,0.1518760546875,-0.1518760546875,-0.0039785302734375,-0.0517208935546875,0.0,0.0,0.0,0.0,0.0,0.0,0.0,0.0,0.0,0.0,0.0,0.0,0.0,0.0,0.0,0.0,0.0,0.0,0.0,0.0,0.0,0.0,0.0,0.0,0.0,0.0
2.960773407,1787890194.4582148,0.02059837583203805,-0.009536479032902001,0.8113355014113361,-0.8327061854373836,2.05142465987678,-2.0523326674201328,60.713380279706776,-70.17821005615092,0.0,0.0,0.0,-0.04537856055185257,0.07068583470577033,-0.12304571226560024,-0.6056292504420324,0.5707226654021458,-0.061795127496114155,0.028609437098706003,0.4916241251671546,-0.42704083419097555,0.1169530617009777,-0.11065111410433034,0.02609267231731523,-0.028623399732707007,0.004218779296875,-0.004218779296875,0.49781595703125,-0.43031548828125,0.17718873046875,-0.10968826171875,0.0,-0.0318282421875,0.0,0.0,0.0,0.0,0.0,0.0,0.0,0.0,0.0,0.0,0.0,0.0,0.0,0.0,0.0,0.0,0.0,0.0,0.0,0.0,0.0,0.0,0.0,0.0,0.0,0.0
2.9704717890000003,1787890194.4679046,0.02059837583203805,-0.009536479032902001,0.8113355014113361,-0.8329854381177029,2.052192604747657,-2.053004619182151,60.70802211890315,-70.17304388156501,0.0,0.0,0.0,0.0,0.10297442586766545,-0.04188790204786391,-0.6213372137099813,0.5986479334340551,-0.061795127496114155,0.028609437098706003,0.49279349576599163,-0.42414358763266397,0.12185743689908302,-0.11389742651304115,0.03028146252210162,-0.02853613327010729,0.012656337890625,-0.004218779296875,0.49781595703125,-0.434534267578125,0.1350009375,-0.07593802734375,0.0039785302734375,0.01591412109375,0.0,0.0,0.0,0.0,0.0,0.0,0.0,0.0,0.0,0.0,0.0,0.0,0.0,0.0,0.0,0.0,0.0,0.0,0.0,0.0,0.0,0.0,0.0,0.0,0.0,0.0
2.980951943,1787890194.4783525,0.02059837583203805,-0.009536479032902001,0.8113355014113361,-0.8329854381177029,2.0533445220539734,-2.0536242110666083,60.70217526590897,-70.16728429503343,0.0,0.0,0.0,-0.003490658503988659,0.11519173063162574,-0.08290313946973064,-0.5619960191421741,0.5637413483941686,-0.061795127496114155,0.028609437098706003,0.49279349576599163,-0.42784368564689146,0.11632474317026167,-0.11999735224876025,0.031066860685499065,-0.029932396671702756,0.02531267578125,0.012656337890625,0.485159619140625,-0.43031548828125,0.1518760546875,-0.0843755859375,0.043763833007812496,-0.063656484375,0.0,0.0,0.0,0.0,0.0,0.0,0.0,0.0,0.0,0.0,0.0,0.0,0.0,0.0,0.0,0.0,0.0,0.0,0.0,0.0,0.0,0.0,0.0,0.0,0.0,0.0
2.990667894,1787890194.4881086,0.02059837583203805,-0.009536479032902001,0.8114227678739354,-0.8331774243354229,2.05454007259159,-2.0546277753865057,60.6955430147514,-70.16152470850186,0.0,0.0,0.0,0.0,0.09512044423369097,-0.07766715171374766,-0.6021385919380436,0.5550147021341968,-0.061795127496114155,0.028609437098706003,0.49279349576599163,-0.4274946197964926,0.11164726077491655,-0.11403705285320147,0.028099800957108706,-0.02818706741970843,0.012656337890625,0.0,0.502034736328125,-0.426096708984375,0.16031361328125,-0.12656337890625,0.0835491357421875,-0.01591412109375,0.0,0.0,0.0,0.0,0.0,0.0,0.0,0.0,0.0,0.0,0.0,0.0,0.0,0.0,0.0,0.0,0.0,0.0,0.0,0.0,0.0,0.0,0.0,0.0,0.0,0.0
3.000971213,1787890194.4983766,0.02059837583203805,-0.009536479032902001,0.8114227678739354,-0.8330901578728227,2.055159664476048,-2.0551601008083638,60.68969616175722,-70.15635853391595,0.0,0.0,0.0,0.031415926535897934,0.06021385919380437,-0.04363323129985824,-0.6126105674500096,0.44156830075456543,-0.061795127496114155,0.028609437098706003,0.49253169637819383,-0.4272677269937315,0.1100677378018607,-0.11154995866910773,0.030106929596902185,-0.02775073510670984,0.021093896484375,0.012656337890625,0.485159619140625,-0.43031548828125,0.17718873046875,-0.12656337890625,0.071613544921875,-0.039785302734375,0.0,0.0,0.0,0.0,0.0,0.0,0.0,0.0,0.0,0.0,0.0,0.0,0.0,0.0,0.0,0.0,0.0,0.0,0.0,0.0,0.0,0.0,0.0,0.0,0.0,0.0
3.0114935120000004,1787890194.5085602,0.02059837583203805,-0.009536479032902001,0.8114227678739354,-0.8327061854373836,2.0562155886735045,-2.055544073243803,60.68384930876304,-70.15166359822808,0.0,0.0,0.0,0.03490658503988659,0.14486232791552936,-0.03752457891787808,-0.6126105674500096,0.5148721293383272,-0.061795127496114155,0.028609437098706003,0.49253169637819383,-0.4306711190351218,0.11169962065247459,-0.11335637444492236,0.030630528372500482,-0.022078415037728272,0.012656337890625,-0.00843755859375,0.485159619140625,-0.4218779296875,0.16031361328125,-0.101250703125,0.0039785302734375,-0.071613544921875,0.0,0.0,0.0,0.0,0.0,0.0,0.0,0.0,0.0,0.0,0.0,0.0,0.0,0.0,0.0,0.0,0.0,0.0,0.0,0.0,0.0,0.0,0.0,0.0,0.0,0.0
3.0206549910000002,1787890194.5179617,0.02059837583203805,-0.009536479032902001,0.8115274876290557,-0.8324094794645447,2.057795111646559,-2.055928045679241,60.67819444198657,-70.1470559290028,0.0,0.0,0.022689280275926284,0.031415926535897934,0.1876228945893904,-0.04014257279586959,-0.5654866776461627,0.5061454830783556,-0.061795127496114155,0.028609437098706003,0.49253169637819383,-0.4321721021918379,0.10006700118793298,-0.11281532237680313,0.030630528372500482,-0.02574360646691636,-0.04218779296875,-0.004218779296875,0.4893783984375,-0.426096708984375,0.1181258203125,-0.101250703125,0.0119355908203125,-0.0915061962890625,0.0,0.0,0.0,0.0,0.0,0.0,0.0,0.0,0.0,0.0,0.0,0.0,0.0,0.0,0.0,0.0,0.0,0.0,0.0,0.0,0.0,0.0,0.0,0.0,0.0,0.0
3.030603873,1787890194.527852,0.02059837583203805,-0.009536479032902001,0.8119114600644948,-0.8321302267842263,2.0595753474835936,-2.0563556513459793,60.67283628118293,-70.14216900709722,0.0,0.0,0.03665191429188092,0.031415926535897934,0.15795229730548682,-0.03316125578789226,-0.5497787143782138,0.41015237421866746,-0.061795127496114155,0.028609437098706003,0.48994860908524035,-0.4327131542599558,0.09105237560138296,-0.11140160568268939,0.028274333882308135,-0.025307274153917782,0.00843755859375,-0.00843755859375,0.493597177734375,-0.4218779296875,0.10968826171875,-0.16031361328125,-0.007957060546875,0.01591412109375,0.0,0.0,0.0,0.0,0.0,0.0,0.0,0.0,0.0,0.0,0.0,0.0,0.0,0.0,0.0,0.0,0.0,0.0,0.0,0.0,0.0,0.0,0.0,0.0,0.0,0.0
3.0415942740000004,1787890194.5389082,0.02059837583203805,-0.009536479032902001,0.811998726527094,-0.8319382405665063,2.060962884238929,-2.0567832570127185,60.66735594733169,-70.13766605762709,0.0,0.0,0.0,0.020943951023931956,0.1308996938995747,-0.06021385919380437,-0.486946861306418,0.5061454830783556,-0.061795127496114155,0.028609437098706003,0.48740042837732767,-0.4335509123009109,0.08867872781866994,-0.1108169203832723,0.02748893571891069,-0.020507618710933373,0.012656337890625,-0.004218779296875,0.502034736328125,-0.434534267578125,0.09281314453125,-0.07593802734375,0.0,-0.007957060546875,0.0,0.0,0.0,0.0,0.0,0.0,0.0,0.0,0.0,0.0,0.0,0.0,0.0,0.0,0.0,0.0,0.0,0.0,0.0,0.0,0.0,0.0,0.0,0.0,0.0,0.0
3.051200816,1787890194.5485706,0.02059837583203805,-0.009536479032902001,0.8121034462822139,-0.8315542681310681,2.062978739524983,-2.0576995548700157,60.662085052990655,-70.13237770999355,0.0,0.0,0.017453292519943295,0.029670597283903605,0.24870941840919195,-0.11780972450961724,-0.5218534463463046,0.4991641660703783,-0.061795127496114155,0.028609437098706003,0.49080382041871795,-0.43307967340287423,0.08722137789325453,-0.10682884304246361,0.024347343065320902,-0.025307274153917782,0.00843755859375,-0.004218779296875,0.493597177734375,-0.426096708984375,0.033750234375,-0.12656337890625,0.055699423828125,-0.0278497119140625,0.0,0.0,0.0,0.0,0.0,0.0,0.0,0.0,0.0,0.0,0.0,0.0,0.0,0.0,0.0,0.0,0.0,0.0,0.0,0.0,0.0,0.0,0.0,0.0,0.0,0.0
3.060859294,1787890194.5582871,0.02059837583203805,-0.009536479032902001,0.8122954324999334,-0.8314495483759474,2.0652302142600556,-2.059043458394051,60.65768682327563,-70.12836345271394,0.0,0.0,0.03490658503988659,0.0,0.18500490071139894,-0.1439896632895322,-0.47123889803846897,0.45204027626653137,-0.061795127496114155,0.028609437098706003,0.4887443319013641,-0.435104255335186,0.0693928395841319,-0.09832036293899075,0.02609267231731523,-0.024958208303518914,-0.04218779296875,-0.004218779296875,0.493597177734375,-0.426096708984375,0.0168751171875,-0.10968826171875,0.0358067724609375,0.0318282421875,0.0,0.0,0.0,0.0,0.0,0.0,0.0,0.0,0.0,0.0,0.0,0.0,0.0,0.0,0.0,0.0,0.0,0.0,0.0,0.0,0.0,0.0,0.0,0.0,0.0,0.0
3.0709512820000002,1787890194.568343,0.02059837583203805,-0.009536479032902001,0.8124699654251324,-0.8315542681310681,2.0671937096685484,-2.060910960693685,60.65250319539721,-70.12328454459066,0.0,0.0,0.0,0.0,0.19634954084936207,-0.158824961931484,-0.45727626402251437,0.45204027626653137,-0.061795127496114155,0.028609437098706003,0.48642304399621117,-0.4324513548721578,0.06900886714869277,-0.09167065848889287,0.02356194490192345,-0.02260201381332657,0.021093896484375,0.012656337890625,0.476722060546875,-0.434534267578125,-0.00843755859375,-0.1350009375,0.063656484375,0.023871181640625,0.0,0.0,0.0,0.0,0.0,0.0,0.0,0.0,0.0,0.0,0.0,0.0,0.0,0.0,0.0,0.0,0.0,0.0,0.0,0.0,0.0,0.0,0.0,0.0,0.0,0.0
3.0820972060000003,1787890194.5793626,0.02059837583203805,-0.009536479032902001,0.8125746851802518,-0.8315542681310681,2.068729599410304,-2.062158871108861,60.64789552617196,-70.1186768753654,0.0,0.0,0.017453292519943295,0.0,0.11955505376161157,-0.0994837673636768,-0.45204027626653137,0.47647488579445196,-0.061795127496114155,0.028609437098706003,0.4893901037246029,-0.43213719560679564,0.06198391690941796,-0.08458462172579652,0.02286381320112572,-0.02260201381332657,0.012656337890625,-0.004218779296875,0.493597177734375,-0.43031548828125,0.02531267578125,-0.09281314453125,-0.007957060546875,0.0,0.0,0.0,0.0,0.0,0.0,0.0,0.0,0.0,0.0,0.0,0.0,0.0,0.0,0.0,0.0,0.0,0.0,0.0,0.0,0.0,0.0,0.0,0.0,0.0,0.0,0.0
3.0912547160000003,1787890194.5886588,0.02059837583203805,-0.009536479032902001,0.8125746851802518,-0.8315542681310681,2.0702654891520593,-2.0632584285376177,60.64292133780376,-70.11378995345979,0.0,0.0,0.0,0.0,0.18151424220741028,-0.1466076571675237,-0.45902159327450864,0.44331363000655977,-0.061795127496114155,0.028609437098706003,0.4873306152072504,-0.43213719560679564,0.06505569639292666,-0.08677500993704816,0.02260201381332657,-0.0238237442897226,0.0168751171875,0.012656337890625,0.476722060546875,-0.434534267578125,0.0168751171875,-0.0506253515625,0.063656484375,-0.023871181640625,0.0,0.0,0.0,0.0,0.0,0.0,0.0,0.0,0.0,0.0,0.0,0.0,0.0,0.0,0.0,0.0,0.0,0.0,0.0,0.0,0.0,0.0,0.0,0.0,0.0,0.0
3.1004318430000004,1787890194.597898,0.02059837583203805,-0.009536479032902001,0.8127666713979718,-0.8315542681310681,2.072132991451693,-2.0650822976059513,60.63888962723167,-70.10967097642508,0.0,0.0,0.03665191429188092,-0.012217304763960306,0.15969762655748115,-0.22689280275926285,-0.47123889803846897,0.48345620280242935,-0.061795127496114155,0.028609437098706003,0.48907594445924474,-0.43213719560679564,0.05425210832308045,-0.07876394867039413,0.022951079663725435,-0.02216568150032799,0.012656337890625,-0.004218779296875,0.493597177734375,-0.4218779296875,0.07593802734375,-0.1350009375,-0.007957060546875,-0.04774236328125,0.0,0.0,0.0,0.0,0.0,0.0,0.0,0.0,0.0,0.0,0.0,0.0,0.0,0.0,0.0,0.0,0.0,0.0,0.0,0.0,0.0,0.0,0.0,0.0,0.0,0.0
3.1105683440000003,1787890194.6080396,0.02059837583203805,-0.009536479032902001,0.8131506438334104,-0.8316415345936674,2.0730405626627304,-2.0666181873477067,60.63408997178869,-70.10506330719983,0.0,0.0,0.024434609527920613,-0.015707963267948967,0.06544984694978735,-0.06457718232379019,-0.460766922526503,0.40142572795869574,-0.061795127496114155,0.028609437098706003,0.4848347943768967,-0.43091546513039963,0.05083126298917218,-0.06526382690621926,0.02356194490192345,-0.02417281014012147,0.00843755859375,-0.004218779296875,0.493597177734375,-0.438753046875,0.101250703125,-0.0506253515625,0.0039785302734375,-0.0755920751953125,0.0,0.0,0.0,0.0,0.0,0.0,0.0,0.0,0.0,0.0,0.0,0.0,0.0,0.0,0.0,0.0,0.0,0.0,0.0,0.0,0.0,0.0,0.0,0.0,0.0,0.0
3.1206984770000004,1787890194.6181874,0.02059837583203805,-0.009536479032902001,0.8131506438334104,-0.8314495483759474,2.0739568605200267,-2.067194146000865,60.62949975585591,-70.10007166553912,0.0,0.0,0.0,0.031415926535897934,0.11955505376161157,-0.08377580409572782,-0.4276056667386107,0.4956735075663896,-0.061795127496114155,0.028609437098706003,0.4849046075469768,-0.43030459989220293,0.05753332731682951,-0.07688771972450019,0.02303834612632515,-0.02007128639793479,-0.046406572265625,-0.004218779296875,0.476722060546875,-0.43031548828125,0.07593802734375,-0.04218779296875,-0.007957060546875,-0.0835491357421875,0.0,0.0,0.0,0.0,0.0,0.0,0.0,0.0,0.0,0.0,0.0,0.0,0.0,0.0,0.0,0.0,0.0,0.0,0.0,0.0,0.0,0.0,0.0,0.0,0.0,0.0
3.131150023,1787890194.628647,0.02059837583203805,-0.009536479032902001,0.8132379102960101,-0.8312575621582283,2.0756760098332414,-2.0685816827561996,60.6252760590661,-70.0956734358241,0.0,0.0,0.024434609527920613,0.0,0.18151424220741028,-0.17191493132144148,-0.35430183815484895,0.48345620280242935,-0.061795127496114155,0.028609437098706003,0.48734806849976886,-0.4355929475257476,0.04937391306375819,-0.07323998158783188,0.02138028333693054,-0.02478367537831948,0.021093896484375,-0.00843755859375,0.4893783984375,-0.4218779296875,0.101250703125,-0.101250703125,-0.0119355908203125,-0.0517208935546875,0.0,0.0,0.0,0.0,0.0,0.0,0.0,0.0,0.0,0.0,0.0,0.0,0.0,0.0,0.0,0.0,0.0,0.0,0.0,0.0,0.0,0.0,0.0,0.0,0.0,0.0
3.1404645280000003,1787890194.6379802,0.02059837583203805,-0.009536479032902001,0.8136218827314488,-0.8314495483759474,2.077072273234837,-2.069925586280236,60.62220427958258,-70.090769060626,0.0,0.0,0.012217304763960306,-0.027925268031909273,0.12479104151759457,-0.06981317007977318,-0.3141592653589793,0.4974188368183839,-0.061795127496114155,0.028609437098706003,0.48464280815917765,-0.4330273135253151,0.0380205462795342,-0.06026345859925657,0.01771509190774245,-0.02417281014012147,0.02531267578125,0.012656337890625,0.47250328125,-0.43031548828125,0.12656337890625,-0.07593802734375,-0.0039785302734375,-0.01591412109375,0.0,0.0,0.0,0.0,0.0,0.0,0.0,0.0,0.0,0.0,0.0,0.0,0.0,0.0,0.0,0.0,0.0,0.0,0.0,0.0,0.0,0.0,0.0,0.0,0.0,0.0
3.1510937400000003,1787890194.648423,0.02059837583203805,-0.009536479032902001,0.813534616268849,-0.8315542681310681,2.0784598099901723,-2.070161205729255,60.61913250009908,-70.08607412493814,0.0,0.0,-0.027925268031909273,0.0,0.1509709802975095,-0.03228859116189509,-0.23736477827122884,0.5358160803622591,-0.061795127496114155,0.028609437098706003,0.4847126213292578,-0.4296588280689669,0.03950407614372964,-0.06644192415131435,0.015707963267948967,-0.024870941840919196,0.012656337890625,0.0,0.49781595703125,-0.438753046875,0.0168751171875,-0.05906291015625,-0.0039785302734375,0.0,0.0,0.0,0.0,0.0,0.0,0.0,0.0,0.0,0.0,0.0,0.0,0.0,0.0,0.0,0.0,0.0,0.0,0.0,0.0,0.0,0.0,0.0,0.0,0.0,0.0,0.0
3.160852507,1787890194.6582747,0.02059837583203805,-0.009536479032902001,0.8133426300511295,-0.8315542681310681,2.080187685949647,-2.0712171299267115,60.61703810499669,-70.08129192278768,0.0,0.0,0.0,0.0,0.17889624832941875,-0.1710422666954443,-0.20245819323134226,0.45553093477052004,-0.061795127496114155,0.028609437098706003,0.48898867799664386,-0.43213719560679564,0.03272347199973153,-0.06948752369604463,0.011868238913561443,-0.026790804018112957,0.012656337890625,-0.004218779296875,0.4893783984375,-0.426096708984375,0.06750046875,-0.0506253515625,0.043763833007812496,0.0358067724609375,0.0,0.0,0.0,0.0,0.0,0.0,0.0,0.0,0.0,0.0,0.0,0.0,0.0,0.0,0.0,0.0,0.0,0.0,0.0,0.0,0.0,0.0,0.0,0.0,0.0,0.0
3.170864814,1787890194.6682506,0.02059837583203805,-0.009536479032902001,0.8133426300511295,-0.8318335208113874,2.0814355963648223,-2.073616957648204,60.61531022903721,-70.0766842535624,0.0,0.0,-0.017453292519943295,-0.04014257279586959,0.08901179185171082,-0.23736477827122884,-0.1518436449235067,0.42586033748661645,-0.061795127496114155,0.028609437098706003,0.48677210984661157,-0.43213719560679564,0.024747317318116968,-0.05244438355032059,0.010122909661567113,-0.022776546738526002,0.00843755859375,-0.004218779296875,0.493597177734375,-0.43031548828125,0.0843755859375,0.0,0.039785302734375,0.023871181640625,0.0,0.0,0.0,0.0,0.0,0.0,0.0,0.0,0.0,0.0,0.0,0.0,0.0,0.0,0.0,0.0,0.0,0.0,0.0,0.0,0.0,0.0,0.0,0.0,0.0,0.0
3.180777824,1787890194.6781535,0.02059837583203805,-0.009536479032902001,0.813045924078291,-0.8322174932468256,2.082482793916019,-2.0747601483082607,60.61405359197578,-70.07284452920801,0.0,0.0,-0.03665191429188092,-0.010471975511965978,0.1308996938995747,-0.04363323129985824,-0.11693705988362009,0.4066617157146788,-0.061795127496114155,0.028609437098706003,0.4885174390986059,-0.4272851802862509,0.029992031720361356,-0.038612649228263976,0.007592182246175335,-0.021293016874330824,0.012656337890625,-0.004218779296875,0.502034736328125,-0.44719060546875,0.0506253515625,-0.04218779296875,0.0119355908203125,-0.007957060546875,0.0,0.0,0.0,0.0,0.0,0.0,0.0,0.0,0.0,0.0,0.0,0.0,0.0,0.0,0.0,0.0,0.0,0.0,0.0,0.0,0.0,0.0,0.0,0.0,0.0,0.0
3.19054552,1787890194.687995,0.02059837583203805,-0.009536479032902001,0.8126619516428515,-0.8320255070291065,2.0841146767666334,-2.075292473730119,60.613093660887195,-70.06910952460875,0.0,0.0,-0.024434609527920613,0.027925268031909273,0.19024088846738194,-0.09337511498169665,-0.08028514559173917,0.4066617157146788,-0.061795127496114155,0.028609437098706003,0.4913274191943151,-0.4291003227083267,0.02266164886198537,-0.054556231945231466,0.0058468529941810045,-0.02033308578573394,0.012656337890625,0.0,0.468284501953125,-0.43031548828125,0.00843755859375,-0.02531267578125,0.01591412109375,-0.0318282421875,0.0,0.0,0.0,0.0,0.0,0.0,0.0,0.0,0.0,0.0,0.0,0.0,0.0,0.0,0.0,0.0,0.0,0.0,0.0,0.0,0.0,0.0,0.0,0.0,0.0,0.0
3.200105852,1787890194.6975706,0.02059837583203805,-0.00943175927778217,0.8125746851802518,-0.8320255070291065,2.085842552726108,-2.0769679898120326,60.61232571601631,-70.06556650622719,0.0,0.0,0.0,-0.006981317007977318,0.15009831567151233,-0.22602013813326569,-0.05934119456780721,0.37699111843077515,-0.061795127496114155,0.028609437098706003,0.4912576060242377,-0.4335160057158715,0.011831880853360989,-0.04798506731147331,0.004014257279586959,-0.02033308578573394,0.00843755859375,-0.004218779296875,0.47250328125,-0.426096708984375,0.02531267578125,0.033750234375,0.023871181640625,-0.043763833007812496,0.0,0.0,0.0,0.0,0.0,0.0,0.0,0.0,0.0,0.0,0.0,0.0,0.0,0.0,0.0,0.0,0.0,0.0,0.0,0.0,0.0,0.0,0.0,0.0,0.0,0.0
3.210008846,1787890194.707426,0.02059837583203805,-0.00943175927778217,0.8125746851802518,-0.8321302267842263,2.0868024838147052,-2.078791858880367,60.61174975736315,-70.06239000698857,0.0,0.0,0.0,0.0,0.06283185307179587,-0.13002702927357757,-0.050614548307835565,0.31241393610698504,-0.061795127496114155,0.02829527783334651,0.48907594445924474,-0.43002534721188285,0.010662510254524315,-0.029694016750575182,0.002967059728390361,-0.01884955592153876,0.02531267578125,-0.004218779296875,0.4893783984375,-0.438753046875,0.00843755859375,-0.09281314453125,0.01591412109375,-0.063656484375,0.0,0.0,0.0,0.0,0.0,0.0,0.0,0.0,0.0,0.0,0.0,0.0,0.0,0.0,0.0,0.0,0.0,0.0,0.0,0.0,0.0,0.0,0.0,0.0,0.0,0.0
3.2202688050000003,1787890194.7177384,0.02059837583203805,-0.00943175927778217,0.8123826989625327,-0.8320255070291065,2.0878060481346017,-2.0795598037512453,60.611278518465106,-70.05895170836214,0.0,0.0,-0.027925268031909273,0.02617993877991494,0.1457349925415265,-0.06632251157578452,-0.048869219055841226,0.3368485456349056,-0.061795127496114155,0.02829527783334651,0.48907594445924474,-0.4304093196473211,0.016509363248704164,-0.03382172043154038,0.0025307274153917782,-0.015620696805349252,-0.046406572265625,-0.004218779296875,0.493597177734375,-0.434534267578125,-0.04218779296875,-0.04218779296875,0.0119355908203125,-0.06763501464843749,0.0,0.0,0.0,0.0,0.0,0.0,0.0,0.0,0.0,0.0,0.0,0.0,0.0,0.0,0.0,0.0,0.0,0.0,0.0,0.0,0.0,0.0,0.0,0.0,0.0,0.0
3.2311499890000004,1787890194.7285938,0.02059837583203805,-0.00943175927778217,0.8123826989625327,-0.8318335208113874,2.0896299172029362,-2.0807117210575607,60.61089454602966,-70.05568794266091,0.0,0.0,0.0,0.0,0.1989675347273536,-0.14835298641951802,-0.012217304763960306,0.3525565089028546,-0.061795127496114155,0.02829527783334651,0.49244442991559295,-0.4333414727906721,0.005208356342041736,-0.03788833758868518,0.0024434609527920616,-0.016842427281745283,0.02531267578125,0.012656337890625,0.4893783984375,-0.4218779296875,-0.07593802734375,-0.0506253515625,0.007957060546875,-0.055699423828125,0.0,0.0,0.0,0.0,0.0,0.0,0.0,0.0,0.0,0.0,0.0,0.0,0.0,0.0,0.0,0.0,0.0,0.0,0.0,0.0,0.0,0.0,0.0,0.0,0.0,0.0
3.2407746100000003,1787890194.7382553,0.02059837583203805,-0.00943175927778217,0.8125746851802518,-0.8319382405665063,2.09140142639371,-2.0821428910441955,60.61089454602966,-70.05242417695968,0.0,0.0,0.015707963267948967,0.0,0.1317723585255719,-0.11082840750163994,0.0,0.31590459461097364,-0.061795127496114155,0.02829527783334651,0.48965190311240203,-0.4312994375658379,-0.005586505081544589,-0.026229538185365407,0.0006108652381980154,-0.01762782544514273,0.0168751171875,0.0,0.506253515625,-0.43031548828125,-0.033750234375,-0.0843755859375,0.0039785302734375,-0.039785302734375,0.0,0.0,0.0,0.0,0.0,0.0,0.0,0.0,0.0,0.0,0.0,0.0,0.0,0.0,0.0,0.0,0.0,0.0,0.0,0.0,0.0,0.0,0.0,0.0,0.0,0.0
3.251201323,1787890194.7486901,0.02059837583203805,-0.00943175927778217,0.8125746851802518,-0.8318335208113874,2.0929809493667655,-2.0828672026837745,60.61089454602966,-70.04896842504071,0.0,0.0,0.0,0.017453292519943295,0.1893682238413848,-0.047123889803846894,0.0,0.3508111796508602,-0.061795127496114155,0.02829527783334651,0.48750514813244983,-0.43098527830048106,-0.004181515033687622,-0.025688486117249026,0.0,-0.01579522973054868,0.012656337890625,0.012656337890625,0.4893783984375,-0.43031548828125,-0.04218779296875,-0.0843755859375,0.0,-0.0198926513671875,0.0,0.0,0.0,0.0,0.0,0.0,0.0,0.0,0.0,0.0,0.0,0.0,0.0,0.0,0.0,0.0,0.0,0.0,0.0,0.0,0.0,0.0,0.0,0.0,0.0,0.0
3.2623779030000004,1787890194.7596583,0.02059837583203805,-0.00943175927778217,0.8125746851802518,-0.8317462543487872,2.094804818435099,-2.083635147554651,60.611086532247406,-70.04523342044145,0.0,0.0,0.0,0.0,0.14835298641951802,-0.11257373675363426,0.02617993877991494,0.3420845333908886,-0.061795127496114155,0.02829527783334651,0.48907594445924474,-0.4330447668178322,-0.014679670484435487,-0.0298860029682914,0.0,-0.017540558982543013,0.012656337890625,-0.00843755859375,0.49781595703125,-0.434534267578125,0.0168751171875,-0.101250703125,-0.0039785302734375,0.0,0.0,0.0,0.0,0.0,0.0,0.0,0.0,0.0,0.0,0.0,0.0,0.0,0.0,0.0,0.0,0.0,0.0,0.0,0.0,0.0,0.0,0.0,0.0,0.0,0.0,0.0
3.272302593,1787890194.769683,0.02059837583203805,-0.00943175927778217,0.8124699654251324,-0.8317462543487872,2.0961487219591346,-2.0854066567454255,60.611278518465106,-70.04053848475361,0.0,0.0,0.0,0.0,0.12304571226560024,-0.16144295580947549,0.008726646259971648,0.3892084231947355,-0.061795127496114155,0.02829527783334651,0.48907594445924474,-0.43156123695363835,-0.016049753947249758,-0.021037183660683488,-0.0013089969389957472,-0.01710422666954443,0.012656337890625,0.0,0.493597177734375,-0.434534267578125,0.02531267578125,0.0,0.007957060546875,0.0198926513671875,0.0,0.0,0.0,0.0,0.0,0.0,0.0,0.0,0.0,0.0,0.0,0.0,0.0,0.0,0.0,0.0,0.0,0.0,0.0,0.0,0.0,0.0,0.0,0.0,0.0,0.0
3.283331907,1787890194.7806845,0.02059837583203805,-0.00943175927778217,0.8124699654251324,-0.8319382405665063,2.09772824493219,-2.08684655337832,60.611278518465106,-70.03765869148782,0.008726646259971648,0.0,0.0,-0.019198621771937627,0.19285888234537343,-0.13264502315156904,0.0,0.3525565089028546,-0.061795127496114155,0.02829527783334651,0.4893901037246029,-0.43156123695363835,-0.017550737103964365,-0.010835734182775496,-0.0004363323129985824,-0.019460421159736774,0.021093896484375,0.0168751171875,0.4893783984375,-0.43031548828125,0.033750234375,-0.09281314453125,0.0039785302734375,-0.0517208935546875,0.0,0.0,0.0,0.0,0.0,0.0,0.0,0.0,0.0,0.0,0.0,0.0,0.0,0.0,0.0,0.0,0.0,0.0,0.0,0.0,0.0,0.0,0.0,0.0,0.0,0.0
3.2932780700000004,1787890194.790678,0.02068564229463732,-0.00943175927778217,0.8124699654251324,-0.8320255070291065,2.099307767905244,-2.0880944637934964,60.611278518465106,-70.03306847555505,0.012217304763960306,0.0,0.0,0.006981317007977318,0.10471975511965977,-0.10035643198967394,-0.017453292519943295,0.38048177693476387,-0.06266779212211132,0.02829527783334651,0.4893901037246029,-0.4290654161232873,-0.02927062303110826,-0.009395837549882442,0.0,-0.01762782544514273,-0.046406572265625,0.012656337890625,0.493597177734375,-0.438753046875,-0.0506253515625,-0.0843755859375,0.0039785302734375,0.039785302734375,0.0,0.0,0.0,0.0,0.0,0.0,0.0,0.0,0.0,0.0,0.0,0.0,0.0,0.0,0.0,0.0,0.0,0.0,0.0,0.0,0.0,0.0,0.0,0.0,0.0,0.0
3.302587838,1787890194.8000782,0.02068564229463732,-0.00943175927778217,0.812190712744814,-0.8318335208113874,2.100224065762542,-2.089141661344694,60.611086532247406,-70.02989197631643,0.0,0.0,-0.027925268031909273,0.022689280275926284,0.09599310885968812,-0.13962634015954636,-0.029670597283903605,0.33859387488689996,-0.06327865736030798,0.02829527783334651,0.4893901037246029,-0.43142161061347833,-0.02519527922769814,-0.008880965420542883,0.0008726646259971648,-0.019024088846738195,0.00843755859375,0.00843755859375,0.4893783984375,-0.434534267578125,0.04218779296875,0.0168751171875,0.0039785302734375,-0.055699423828125,0.0,0.0,0.0,0.0,0.0,0.0,0.0,0.0,0.0,0.0,0.0,0.0,0.0,0.0,0.0,0.0,0.0,0.0,0.0,0.0,0.0,0.0,0.0,0.0,0.0,0.0
3.3122534210000003,1787890194.8097394,0.02068564229463732,-0.00943175927778217,0.811998726527094,-0.8316415345936674,2.1015156094090166,-2.0909655304130275,60.61070255981196,-70.0266282106152,0.0,0.0,-0.006981317007977318,0.017453292519943295,0.17715091907742447,-0.20943951023931953,-0.038397243543875255,0.30717794835100204,-0.062056926883911956,0.02829527783334651,0.4930203885687489,-0.43356836559343054,-0.027071508173595202,-0.0018123819499633789,0.0014835298641951804,-0.016929693744344998,0.00843755859375,0.012656337890625,0.493597177734375,-0.426096708984375,0.0506253515625,-0.02531267578125,0.0,-0.0039785302734375,0.0,0.0,0.0,0.0,0.0,0.0,0.0,0.0,0.0,0.0,0.0,0.0,0.0,0.0,0.0,0.0,0.0,0.0,0.0,0.0,0.0,0.0,0.0,0.0,0.0,0.0
3.3221410220000003,1787890194.8196037,0.02068564229463732,-0.00943175927778217,0.8119114600644948,-0.8316415345936674,2.102955506041912,-2.092545053386082,60.61042330713163,-70.02376587064194,0.0,0.0,-0.017453292519943295,0.0,0.12042771838760874,-0.10646508437165411,-0.03665191429188092,0.3211405823669567,-0.062056926883911956,0.02829527783334651,0.4915019521195157,-0.4336207254709922,-0.039061920134792816,0.01064054226301489,0.0019198621771937627,-0.015358897417550102,0.012656337890625,0.00843755859375,0.493597177734375,-0.426096708984375,-0.05906291015625,-0.0168751171875,0.0039785302734375,-0.0278497119140625,0.0,0.0,0.0,0.0,0.0,0.0,0.0,0.0,0.0,0.0,0.0,0.0,0.0,0.0,0.0,0.0,0.0,0.0,0.0,0.0,0.0,0.0,0.0,0.0,0.0,0.0
3.3316139930000004,1787890194.829117,0.02068564229463732,-0.00943175927778217,0.8116147540916558,-0.8315542681310681,2.1038194440216493,-2.0934089913658203,60.609847348478475,-70.02039738518557,0.0,0.0,-0.04014257279586959,0.017453292519943295,0.061086523819801536,-0.1117010721276371,-0.06981317007977318,0.3473205211468716,-0.062056926883911956,0.02829527783334651,0.4928109490585101,-0.43187539621899784,-0.0377092899644976,0.005081668595412257,0.0018325957145940463,-0.016057029118347835,0.02531267578125,0.012656337890625,0.502034736328125,-0.434534267578125,0.0,0.0,0.0,-0.01591412109375,0.0,0.0,0.0,0.0,0.0,0.0,0.0,0.0,0.0,0.0,0.0,0.0,0.0,0.0,0.0,0.0,0.0,0.0,0.0,0.0,0.0,0.0,0.0,0.0,0.0,0.0
3.3414638020000003,1787890194.8389623,0.02068564229463732,-0.00943175927778217,0.8112307816562163,-0.8314495483759474,2.1045350290149676,-2.094944881107575,60.60907940360759,-70.016383127906,0.0,0.0,-0.03490658503988659,-0.008726646259971648,0.09512044423369097,-0.18238690683340744,-0.08377580409572782,0.4049163864626845,-0.062056926883911956,0.02829527783334651,0.4959699950046195,-0.43388252485879,-0.0343669844469287,0.008197081310225037,0.003490658503988659,-0.01736602605734358,0.02531267578125,0.012656337890625,0.49781595703125,-0.426096708984375,-0.07593802734375,0.033750234375,0.007957060546875,-0.063656484375,0.0,0.0,0.0,0.0,0.0,0.0,0.0,0.0,0.0,0.0,0.0,0.0,0.0,0.0,0.0,0.0,0.0,0.0,0.0,0.0,0.0,0.0,0.0,0.0,0.0,0.0
3.3509082290000003,1787890194.8484302,0.02068564229463732,-0.00943175927778217,0.8110387954384977,-0.8317462543487872,2.105878932539003,-2.096000805305031,60.6082067389816,-70.01243868379647,0.0,0.0,-0.013962634015954637,-0.03490658503988659,0.1457349925415265,-0.03228859116189509,-0.08377580409572782,0.4084070449666731,-0.062056926883911956,0.02829527783334651,0.4965983135353398,-0.43157869024616063,-0.0399171314682724,0.019873334006065748,0.004188790204786391,-0.020245819323134226,0.012656337890625,-0.00843755859375,0.49781595703125,-0.43031548828125,-0.033750234375,0.033750234375,-0.007957060546875,0.01591412109375,0.0,0.0,0.0,0.0,0.0,0.0,0.0,0.0,0.0,0.0,0.0,0.0,0.0,0.0,0.0,0.0,0.0,0.0,0.0,0.0,0.0,0.0,0.0,0.0,0.0,0.0
3.3601743490000002,1787890194.8577068,0.02068564229463732,-0.00943175927778217,0.8107595427581784,-0.8319382405665063,2.1070744830766186,-2.096000805305031,60.60724680789301,-70.00842442651691,0.0,0.0,-0.048869219055841226,0.0,0.10471975511965977,-0.006981317007977318,-0.1117010721276371,0.4241150082346221,-0.062056926883911956,0.02829527783334651,0.49507987708610257,-0.4280705784496497,-0.04901029687116233,0.008031275031283626,0.004188790204786391,-0.02042035224833366,0.012656337890625,-0.004218779296875,0.506253515625,-0.43031548828125,-0.05906291015625,0.00843755859375,0.007957060546875,-0.063656484375,0.0,0.0,0.0,0.0,0.0,0.0,0.0,0.0,0.0,0.0,0.0,0.0,0.0,0.0,0.0,0.0,0.0,0.0,0.0,0.0,0.0,0.0,0.0,0.0,0.0,0.0
3.3704491240000003,1787890194.867977,0.02068564229463732,-0.00943175927778217,0.8100788643499,-0.8319382405665063,2.1077028016073367,-2.0964284109717704,60.60590290436897,-70.0033455183936,0.0,0.0,-0.06806784082777886,0.012217304763960306,0.04188790204786391,-0.05934119456780721,-0.1466076571675237,0.45902159327450864,-0.062056926883911956,0.02829527783334651,0.49940829363104894,-0.43098527830048106,-0.04849542474182232,0.005500547615891848,0.005585053606381855,-0.021205750411731106,0.0168751171875,-0.004218779296875,0.502034736328125,-0.426096708984375,-0.05906291015625,0.04218779296875,0.0278497119140625,0.0039785302734375,0.0,0.0,0.0,0.0,0.0,0.0,0.0,0.0,0.0,0.0,0.0,0.0,0.0,0.0,0.0,0.0,0.0,0.0,0.0,0.0,0.0,0.0,0.0,0.0,0.0,0.0
3.380077265,1787890194.8774807,0.02068564229463732,-0.00943175927778217,0.8092236530164238,-0.8319382405665063,2.108374753369355,-2.0970567295024884,60.60436701462721,-69.99920908806638,0.0,0.0,-0.08901179185171082,0.0,0.09861110273767962,-0.053232542185827056,-0.1710422666954443,0.4625122517784973,-0.062056926883911956,0.02829527783334651,0.5033701910330781,-0.43220700877687707,-0.04409719502679703,0.012019352372092323,0.007330382858376185,-0.022951079663725435,0.00843755859375,-0.004218779296875,0.49781595703125,-0.43031548828125,-0.0506253515625,-0.0506253515625,0.0358067724609375,-0.007957060546875,0.0,0.0,0.0,0.0,0.0,0.0,0.0,0.0,0.0,0.0,0.0,0.0,0.0,0.0,0.0,0.0,0.0,0.0,0.0,0.0,0.0,0.0,0.0,0.0,0.0,0.0
3.3906902850000002,1787890194.8881805,0.02068564229463732,-0.00943175927778217,0.8084557081455457,-0.8319382405665063,2.1095266706756712,-2.0974407019379258,60.60246460574253,-69.99413017994307,0.0,0.0,-0.06806784082777886,0.008726646259971648,0.07504915783575616,-0.020071286397934793,-0.19722220547535924,0.4276056667386107,-0.062056926883911956,0.02829527783334651,0.5080302201358996,-0.43098527830048106,-0.05178537038183312,0.013293442726048599,0.008552113334772215,-0.023125612588924867,-0.046406572265625,-0.004218779296875,0.49781595703125,-0.43031548828125,-0.06750046875,0.05906291015625,0.0119355908203125,0.0198926513671875,0.0,0.0,0.0,0.0,0.0,0.0,0.0,0.0,0.0,0.0,0.0,0.0,0.0,0.0,0.0,0.0,0.0,0.0,0.0,0.0,0.0,0.0,0.0,0.0,0.0,0.0
3.4003800600000003,1787890194.8978965,0.02068564229463732,-0.00943175927778217,0.8077750297372672,-0.8319382405665063,2.1099542763424104,-2.0976326881556466,60.600248037592515,-69.98973195022806,0.0,0.0,-0.06283185307179587,0.013962634015954637,0.04537856055185257,-0.023561944901923447,-0.23736477827122884,0.4799655442984406,-0.062056926883911956,0.02829527783334651,0.5082396596461409,-0.4318579429264782,-0.052884927810589864,0.011129234453571293,0.009861110273767962,-0.02138028333693054,0.021093896484375,0.012656337890625,0.493597177734375,-0.43031548828125,-0.06750046875,0.02531267578125,-0.0318282421875,-0.06763501464843749,0.0,0.0,0.0,0.0,0.0,0.0,0.0,0.0,0.0,0.0,0.0,0.0,0.0,0.0,0.0,0.0,0.0,0.0,0.0,0.0,0.0,0.0,0.0,0.0,0.0,0.0
3.4102723970000004,1787890194.907737,0.02068564229463732,-0.00943175927778217,0.8071990710841095,-0.8319382405665063,2.1106698613357278,-2.098060293822384,60.59766495029957,-69.98550825343823,0.0,0.0,-0.04363323129985824,0.0,0.08726646259971647,-0.050614548307835565,-0.27401669256310973,0.38048177693476387,-0.062056926883911956,0.02829527783334651,0.509758096095378,-0.43238154170207654,-0.05120068508241699,0.012054258957132781,0.011868238913561443,-0.023998277214922033,0.00843755859375,0.0,0.49781595703125,-0.426096708984375,-0.06750046875,0.033750234375,0.0318282421875,0.01591412109375,0.0,0.0,0.0,0.0,0.0,0.0,0.0,0.0,0.0,0.0,0.0,0.0,0.0,0.0,0.0,0.0,0.0,0.0,0.0,0.0,0.0,0.0,0.0,0.0,0.0,0.0
3.4201609270000004,1787890194.9176555,0.02068564229463732,-0.00943175927778217,0.8070070848663904,-0.8319382405665063,2.111341813097745,-2.098784605461962,60.59508186300659,-69.98158126262122,0.0,0.0,-0.017453292519943295,0.0,0.046251225177849735,-0.0916297857297023,-0.28623399732707006,0.4206243497306334,-0.062056926883911956,0.02829527783334651,0.5095661098776574,-0.43098527830048106,-0.05753623026715547,0.01604233629793615,0.013700834628155488,-0.019024088846738195,0.004218779296875,-0.00843755859375,0.49781595703125,-0.43031548828125,-0.0843755859375,-0.05906291015625,0.01591412109375,-0.0119355908203125,0.0,0.0,0.0,0.0,0.0,0.0,0.0,0.0,0.0,0.0,0.0,0.0,0.0,0.0,0.0,0.0,0.0,0.0,0.0,0.0,0.0,0.0,0.0,0.0,0.0,0.0
3.4298701250000003,1787890194.927391,0.02068564229463732,-0.00943175927778217,0.8068150986486713,-0.8319382405665063,2.111778145410744,-2.0993082042375604,60.591818097305385,-69.97754955204913,0.0,0.0,-0.010471975511965978,0.0,0.04276056667386108,-0.009599310885968814,-0.32812189937493397,0.38048177693476387,-0.062056926883911956,0.02829527783334651,0.5075240746528232,-0.43098527830048106,-0.05545056181102066,0.022316794958857092,0.014311699866353503,-0.02103121748653167,-0.04218779296875,0.004218779296875,0.502034736328125,-0.43031548828125,-0.0843755859375,0.00843755859375,0.007957060546875,-0.0278497119140625,0.0,0.0,0.0,0.0,0.0,0.0,0.0,0.0,0.0,0.0,0.0,0.0,0.0,0.0,0.0,0.0,0.0,0.0,0.0,0.0,0.0,0.0,0.0,0.0,0.0,0.0
3.4405796270000004,1787890194.9381468,0.02068564229463732,-0.00943175927778217,0.8067278321860711,-0.8318335208113874,2.1123017441863423,-2.0994041973464204,60.58797837295098,-69.97351784147702,0.0,0.0,0.0,0.006981317007977318,0.05934119456780721,-0.023561944901923447,-0.3577924966588375,0.37699111843077515,-0.062056926883911956,0.02829527783334651,0.5074019016051828,-0.43098527830048106,-0.05641049289961879,0.015684543801278542,0.0164060949687467,-0.019024088846738195,0.0168751171875,0.00843755859375,0.49781595703125,-0.434534267578125,0.0,0.0506253515625,0.0039785302734375,-0.055699423828125,0.0,0.0,0.0,0.0,0.0,0.0,0.0,0.0,0.0,0.0,0.0,0.0,0.0,0.0,0.0,0.0,0.0,0.0,0.0,0.0,0.0,0.0,0.0,0.0,0.0,0.0
3.4503115780000004,1787890194.947833,0.02068564229463732,-0.00943175927778217,0.8068150986486713,-0.8319382405665063,2.1127817097306405,-2.0997881697818586,60.584330634814314,-69.96969557041515,0.008726646259971648,0.0,0.015707963267948967,-0.006981317007977318,0.030543261909900768,-0.0497418836818384,-0.36302848441482055,0.4136430327226561,-0.062056926883911956,0.02829527783334651,0.5066165034417867,-0.43199756926663563,-0.0596393520158082,0.017368786529453985,0.017889624832941875,-0.01884955592153876,0.02531267578125,0.00843755859375,0.49781595703125,-0.43031548828125,-0.06750046875,0.00843755859375,-0.0119355908203125,0.0039785302734375,0.0,0.0,0.0,0.0,0.0,0.0,0.0,0.0,0.0,0.0,0.0,0.0,0.0,0.0,0.0,0.0,0.0,0.0,0.0,0.0,0.0,0.0,0.0,0.0,0.0,0.0
3.4598331260000004,1787890194.957394,0.02068564229463732,-0.00943175927778217,0.8069198184037911,-0.8320255070291065,2.1129300627170604,-2.1001197823397377,60.58097960265048,-69.96613509874108,0.0,0.0,0.008726646259971648,-0.013962634015954637,0.014835298641951803,-0.02181661564992912,-0.37699111843077515,0.4066617157146788,-0.06292959150990912,0.02829527783334651,0.5047839077271913,-0.4302871465996833,-0.05819945538291212,0.02113869771376007,0.01815142422074103,-0.02068215163613281,0.021093896484375,-0.004218779296875,0.51469107421875,-0.43031548828125,0.0168751171875,0.06750046875,0.039785302734375,-0.071613544921875,0.0,0.0,0.0,0.0,0.0,0.0,0.0,0.0,0.0,0.0,0.0,0.0,0.0,0.0,0.0,0.0,0.0,0.0,0.0,0.0,0.0,0.0,0.0,0.0,0.0,0.0
3.4704522900000003,1787890194.9679434,0.02068564229463732,-0.00943175927778217,0.8069198184037911,-0.8322174932468256,2.1131656821660796,-2.1002681353261567,60.57694789207839,-69.96163214927093,0.0,0.0,0.0,-0.02617993877991494,0.023561944901923447,-0.014835298641951803,-0.3577924966588375,0.4328416544945937,-0.062056926883911956,0.02829527783334651,0.5051678801626296,-0.4293272155110851,-0.05707371801537695,0.019341008584206645,0.01884955592153876,-0.02033308578573394,-0.04218779296875,-0.004218779296875,0.502034736328125,-0.434534267578125,-0.06750046875,0.033750234375,-0.0039785302734375,0.0119355908203125,0.0,0.0,0.0,0.0,0.0,0.0,0.0,0.0,0.0,0.0,0.0,0.0,0.0,0.0,0.0,0.0,0.0,0.0,0.0,0.0,0.0,0.0,0.0,0.0,0.0,0.0
3.4800657750000004,1787890194.9775233,0.02068564229463732,-0.00943175927778217,0.8069198184037911,-0.8326014656822647,2.1134013016150988,-2.1003641284350167,60.57350959345195,-69.95798441113428,0.0,0.0,0.0,-0.054105206811824215,0.03316125578789226,-0.003490658503988659,-0.36302848441482055,0.4136430327226561,-0.062056926883911956,0.02829527783334651,0.5060405447886267,-0.4275295263815318,-0.058653240988431644,0.019087935842665976,0.017889624832941875,-0.021642082724729686,0.004218779296875,-0.004218779296875,0.502034736328125,-0.43031548828125,-0.09281314453125,0.033750234375,0.01591412109375,-0.023871181640625,0.0,0.0,0.0,0.0,0.0,0.0,0.0,0.0,0.0,0.0,0.0,0.0,0.0,0.0,0.0,0.0,0.0,0.0,0.0,0.0,0.0,0.0,0.0,0.0,0.0,0.0
3.490321798,1787890194.9877856,0.02068564229463732,-0.00943175927778217,0.8068150986486713,-0.8330901578728227,2.113785274050538,-2.1003641284350167,60.56994912177789,-69.95358618141924,0.0,0.0,-0.017453292519943295,-0.047123889803846894,0.04188790204786391,0.0,-0.34382986264288296,0.4363323129985824,-0.062056926883911956,0.02829527783334651,0.5060405447886267,-0.4235850822720236,-0.060320030424086055,0.018241451155449638,0.01815142422074103,-0.02068215163613281,-0.029531455078125,-0.004218779296875,0.502034736328125,-0.438753046875,-0.0843755859375,0.02531267578125,0.01591412109375,-0.0198926513671875,0.0,0.0,0.0,0.0,0.0,0.0,0.0,0.0,0.0,0.0,0.0,0.0,0.0,0.0,0.0,0.0,0.0,0.0,0.0,0.0,0.0,0.0,0.0,0.0,0.0,0.0
3.5007330550000004,1787890194.9982438,0.02068564229463732,-0.00943175927778217,0.8067278321860711,-0.8334741303082618,2.114317599472396,-2.1003641284350167,60.56631883693374,-69.94917049841169,0.0,0.0,-0.017453292519943295,-0.03665191429188092,0.058468529941810045,0.0,-0.3665191429188092,0.3665191429188092,-0.062056926883911956,0.02829527783334651,0.5081000333059805,-0.4228171374011473,-0.06234461235640047,0.017892385305050773,0.01719149313214415,-0.021816615649929122,0.00843755859375,0.00843755859375,0.502034736328125,-0.4218779296875,0.0,0.04218779296875,0.0318282421875,0.01591412109375,0.0,0.0,0.0,0.0,0.0,0.0,0.0,0.0,0.0,0.0,0.0,0.0,0.0,0.0,0.0,0.0,0.0,0.0,0.0,0.0,0.0,0.0,0.0,0.0,0.0,0.0
3.511339291,1787890195.008727,0.02068564229463732,-0.00943175927778217,0.8065358459683516,-0.8337533829885801,2.114745205139134,-2.1003641284350167,60.56237439282423,-69.94552276027504,0.0,0.0,-0.017453292519943295,-0.022689280275926284,0.01658062789394613,0.0,-0.3490658503988659,0.33859387488689996,-0.062056926883911956,0.02829527783334651,0.508361832693781,-0.42271241764602663,-0.06559965141136939,0.017892385305050773,0.01832595714594046,-0.01832595714594046,0.012656337890625,0.004218779296875,0.518909853515625,-0.4218779296875,-0.06750046875,0.02531267578125,0.007957060546875,0.0358067724609375,0.0,0.0,0.0,0.0,0.0,0.0,0.0,0.0,0.0,0.0,0.0,0.0,0.0,0.0,0.0,0.0,0.0,0.0,0.0,0.0,0.0,0.0,0.0,0.0,0.0,0.0
3.520715236,1787890195.018246,0.02068564229463732,-0.00943175927778217,0.8065358459683516,-0.8339453692063001,2.114797565016694,-2.1003641284350167,60.558552121762354,-69.94236371432892,0.0,0.0,-0.012217304763960306,-0.008726646259971648,0.0008726646259971648,0.0,-0.3961897402027128,0.2670353755551324,-0.062056926883911956,0.02829527783334651,0.5089377913469396,-0.42327092300666697,-0.06269367820679782,0.017892385305050773,0.017453292519943295,-0.016929693744344998,0.021093896484375,-0.00843755859375,0.502034736328125,-0.426096708984375,-0.0843755859375,-0.04218779296875,0.063656484375,-0.055699423828125,0.0,0.0,0.0,0.0,0.0,0.0,0.0,0.0,0.0,0.0,0.0,0.0,0.0,0.0,0.0,0.0,0.0,0.0,0.0,0.0,0.0,0.0,0.0,0.0,0.0,0.0
3.530330354,1787890195.0278618,0.02068564229463732,-0.00943175927778217,0.8064311262132322,-0.8339453692063001,2.1148935581255532,-2.1003641284350167,60.554904383625704,-69.93997261325367,0.0,0.0,0.0,0.003490658503988659,0.013962634015954637,0.0,-0.4136430327226561,0.28274333882308134,-0.062056926883911956,0.02829527783334651,0.5084141925713414,-0.4240912277551025,-0.061279961512682675,0.017892385305050773,0.019809487010135643,-0.013351768777756621,0.021093896484375,0.012656337890625,0.518909853515625,-0.426096708984375,-0.0843755859375,0.033750234375,0.063656484375,0.01591412109375,0.0,0.0,0.0,0.0,0.0,0.0,0.0,0.0,0.0,0.0,0.0,0.0,0.0,0.0,0.0,0.0,0.0,0.0,0.0,0.0,0.0,0.0,0.0,0.0,0.0,0.0
3.540335493,1787890195.0378191,0.02068564229463732,-0.00943175927778217,0.8065358459683516,-0.8337533829885801,2.1150855443432732,-2.1003641284350167,60.550209447937824,-69.93756405888594,0.0,0.0,0.008726646259971648,0.017453292519943295,0.017453292519943295,0.0,-0.460766922526503,0.22165681500327988,-0.062056926883911956,0.02829527783334651,0.5075066213603034,-0.4253129582314985,-0.06287693777825573,0.017892385305050773,0.02068215163613281,-0.014137166941154067,0.004218779296875,0.012656337890625,0.506253515625,-0.43031548828125,-0.07593802734375,0.04218779296875,0.039785302734375,-0.04774236328125,0.0,0.0,0.0,0.0,0.0,0.0,0.0,0.0,0.0,0.0,0.0,0.0,0.0,0.0,0.0,0.0,0.0,0.0,0.0,0.0,0.0,0.0,0.0,0.0,0.0,0.0
3.5510296340000003,1787890195.048581,0.02068564229463732,-0.00943175927778217,0.8067278321860711,-0.8334741303082618,2.1153211637922924,-2.100407761666317,60.54551451224996,-69.93536494402841,0.0,0.0,0.03316125578789226,0.03316125578789226,0.027925268031909273,-0.006981317007977318,-0.47123889803846897,0.1954768762233649,-0.062056926883911956,0.02829527783334651,0.5063197974689482,-0.42728518028625395,-0.06380196228181456,0.017892385305050773,0.02303834612632515,-0.011082840750163995,-0.04218779296875,-0.004218779296875,0.502034736328125,-0.426096708984375,-0.07593802734375,-0.033750234375,0.007957060546875,-0.007957060546875,0.0,0.0,0.0,0.0,0.0,0.0,0.0,0.0,0.0,0.0,0.0,0.0,0.0,0.0,0.0,0.0,0.0,0.0,0.0,0.0,0.0,0.0,0.0,0.0,0.0,0.0
3.5604789570000004,1787890195.0580122,0.02068564229463732,-0.00943175927778217,0.8071118046215102,-0.8331774243354229,2.1157574961052905,-2.100407761666317,60.540522870589264,-69.93344508185123,0.0,0.0,0.03665191429188092,0.031415926535897934,0.0497418836818384,0.0,-0.5096361415823443,0.1867502299633933,-0.062056926883911956,0.02829527783334651,0.5033003778629974,-0.42969373465400396,-0.06555601818006869,0.01872141669974874,0.02356194490192345,-0.009773843811168246,0.0168751171875,-0.004218779296875,0.502034736328125,-0.426096708984375,-0.05906291015625,-0.04218779296875,0.0198926513671875,-0.023871181640625,0.0,0.0,0.0,0.0,0.0,0.0,0.0,0.0,0.0,0.0,0.0,0.0,0.0,0.0,0.0,0.0,0.0,0.0,0.0,0.0,0.0,0.0,0.0,0.0,0.0,0.0
3.5706787550000003,1787890195.0682244,0.02068564229463732,-0.00943175927778217,0.8073037908392293,-0.8327061854373836,2.1163334547584496,-2.100407761666317,60.53601992111911,-69.93152521967403,0.0,0.0,0.02617993877991494,0.05934119456780721,0.04276056667386108,0.0,-0.4694935687864747,0.17802358370342164,-0.062056926883911956,0.02829527783334651,0.5017993947062813,-0.4304093196473213,-0.06904667668405592,0.018023284998951006,0.025481807079117215,-0.009337511498169665,0.00843755859375,0.00843755859375,0.502034736328125,-0.43031548828125,-0.0843755859375,0.02531267578125,-0.007957060546875,-0.0119355908203125,0.0,0.0,0.0,0.0,0.0,0.0,0.0,0.0,0.0,0.0,0.0,0.0,0.0,0.0,0.0,0.0,0.0,0.0,0.0,0.0,0.0,0.0,0.0,0.0,0.0,0.0
3.5807912230000003,1787890195.078201,0.02068564229463732,-0.00943175927778217,0.8074957770569489,-0.8319382405665063,2.116621434085028,-2.1003641284350167,60.53132498543123,-69.92951809103423,0.0,0.0,0.0,0.08203047484373349,0.019198621771937627,0.008726646259971648,-0.45204027626653137,0.2076941809873252,-0.062056926883911956,0.02829527783334651,0.5022706336043207,-0.43461556314462996,-0.0700764209427354,0.018023284998951006,0.023474678439323736,-0.008901179185171082,0.02531267578125,-0.00843755859375,0.502034736328125,-0.4218779296875,-0.0168751171875,0.0506253515625,0.0039785302734375,0.0,0.0,0.0,0.0,0.0,0.0,0.0,0.0,0.0,0.0,0.0,0.0,0.0,0.0,0.0,0.0,0.0,0.0,0.0,0.0,0.0,0.0,0.0,0.0,0.0,0.0,0.0
3.5910358220000003,1787890195.088255,0.02068564229463732,-0.00943175927778217,0.8073910573018295,-0.8310655759405092,2.116900686765348,-2.100311768557457,60.526822035961096,-69.92759822885705,0.0,0.0,0.0,0.07679448708775051,0.03403392041388943,0.006108652381980153,-0.45204027626653137,0.1954768762233649,-0.062056926883911956,0.02829527783334651,0.5043126688291535,-0.4391883257848544,-0.06858416443227768,0.017019720679053607,0.02260201381332657,-0.01038470904936626,0.004218779296875,-0.004218779296875,0.502034736328125,-0.417659150390625,-0.07593802734375,0.04218779296875,0.007957060546875,0.0198926513671875,0.0,0.0,0.0,0.0,0.0,0.0,0.0,0.0,0.0,0.0,0.0,0.0,0.0,0.0,0.0,0.0,0.0,0.0,0.0,0.0,0.0,0.0,0.0,0.0,0.0,0.0
3.6005648580000003,1787890195.0979285,0.02068564229463732,-0.00943175927778217,0.8073037908392293,-0.8304023508247518,2.1173806523096452,-2.100311768557457,60.52230163319843,-69.92520712778182,0.0,0.0,-0.017453292519943295,0.06632251157578452,0.05759586531581287,0.0,-0.4694935687864747,0.24958208303518914,-0.062056926883911956,0.02829527783334651,0.5046268280945116,-0.44128272088724746,-0.07090545233743327,0.01712444043417301,0.02260201381332657,-0.009773843811168246,0.00843755859375,-0.004218779296875,0.502034736328125,-0.41344037109375,-0.05906291015625,0.05906291015625,0.0358067724609375,0.039785302734375,0.0,0.0,0.0,0.0,0.0,0.0,0.0,0.0,0.0,0.0,0.0,0.0,0.0,0.0,0.0,0.0,0.0,0.0,0.0,0.0,0.0,0.0,0.0,0.0,0.0,0.0
3.6107178710000003,1787890195.1081767,0.02068564229463732,-0.00943175927778217,0.8071118046215102,-0.8298263921715936,2.1182009570580833,-2.100311768557457,60.517711417265694,-69.92260658719634,0.0,0.0,-0.017453292519943295,0.048869219055841226,0.09599310885968812,0.0017453292519943296,-0.4276056667386107,0.28623399732707006,-0.062056926883911956,0.02829527783334651,0.5066339567343064,-0.44222519868332316,-0.07470154346051752,0.017735305672371027,0.023474678439323736,-0.012479104151759457,0.0168751171875,-0.004218779296875,0.506253515625,-0.426096708984375,-0.07593802734375,0.02531267578125,0.04774236328125,-0.043763833007812496,0.0,0.0,0.0,0.0,0.0,0.0,0.0,0.0,0.0,0.0,0.0,0.0,0.0,0.0,0.0,0.0,0.0,0.0,0.0,0.0,0.0,0.0,0.0,0.0,0.0,0.0
3.6203727010000004,1787890195.1178718,0.02068564229463732,-0.00943175927778217,0.8070070848663904,-0.8295471394912743,2.1192568812555397,-2.1002681353261567,60.512999028285314,-69.91936027478764,0.0,0.0,-0.017453292519943295,0.017453292519943295,0.11257373675363426,0.0,-0.460766922526503,0.3246312408709453,-0.062056926883911956,0.02829527783334651,0.5072099153874637,-0.4422077453908034,-0.0810021820602193,0.017560772747171594,0.02138028333693054,-0.014311699866353503,0.021093896484375,-0.004218779296875,0.518909853515625,-0.434534267578125,-0.06750046875,0.0168751171875,-0.007957060546875,-0.0358067724609375,0.0,0.0,0.0,0.0,0.0,0.0,0.0,0.0,0.0,0.0,0.0,0.0,0.0,0.0,0.0,0.0,0.0,0.0,0.0,0.0,0.0,0.0,0.0,0.0,0.0,0.0
3.630558707,1787890195.1280625,0.02068564229463732,-0.00943175927778217,0.8069198184037911,-0.8294424197361545,2.120164452466576,-2.1002681353261567,60.50849607881515,-69.91532856421553,0.0,0.0,0.0,0.012217304763960306,0.05585053606381855,0.0,-0.47123889803846897,0.39444441095071847,-0.062056926883911956,0.02829527783334651,0.5075240746528232,-0.43990391077817137,-0.08582801744198301,0.017604405978470794,0.02303834612632515,-0.016231562043547264,0.021093896484375,-0.004218779296875,0.49781595703125,-0.4556281640625,-0.02531267578125,0.02531267578125,0.0596779541015625,-0.0318282421875,0.0,0.0,0.0,0.0,0.0,0.0,0.0,0.0,0.0,0.0,0.0,0.0,0.0,0.0,0.0,0.0,0.0,0.0,0.0,0.0,0.0,0.0,0.0,0.0,0.0,0.0
3.6405896060000003,1787890195.138117,0.02068564229463732,-0.00943175927778217,0.8068150986486713,-0.8294424197361545,2.120400071915596,-2.100311768557457,60.50332990422927,-69.9112968536434,0.0,0.0,-0.024434609527920613,-0.003490658503988659,0.01832595714594046,0.0,-0.5305800926062761,0.45902159327450864,-0.062056926883911956,0.02829527783334651,0.5060405447886267,-0.43969447126793254,-0.08287841100611083,0.017604405978470794,0.02356194490192345,-0.019722220547535925,0.004218779296875,-0.004218779296875,0.502034736328125,-0.426096708984375,-0.04218779296875,0.033750234375,-0.0039785302734375,-0.0039785302734375,0.0,0.0,0.0,0.0,0.0,0.0,0.0,0.0,0.0,0.0,0.0,0.0,0.0,0.0,0.0,0.0,0.0,0.0,0.0,0.0,0.0,0.0,0.0,0.0,0.0,0.0
3.650884478,1787890195.1483748,0.02068564229463732,-0.00943175927778217,0.8065358459683516,-0.8296344059538736,2.120740411119735,-2.100311768557457,60.4977623039154,-69.90632266527524,0.0,0.0,-0.022689280275926284,-0.017453292519943295,0.04537856055185257,0.0,-0.5602506898901798,0.47647488579445196,-0.062056926883911956,0.02829527783334651,0.5087981650067782,-0.4381236749411377,-0.07983281146138321,0.017735305672371027,0.02652900463031381,-0.022951079663725435,-0.046406572265625,-0.004218779296875,0.518909853515625,-0.438753046875,-0.0506253515625,-0.04218779296875,0.007957060546875,0.023871181640625,0.0,0.0,0.0,0.0,0.0,0.0,0.0,0.0,0.0,0.0,0.0,0.0,0.0,0.0,0.0,0.0,0.0,0.0,0.0,0.0,0.0,0.0,0.0,0.0,0.0,0.0
3.6606284610000004,1787890195.1581504,0.02068564229463732,-0.00943175927778217,0.8063438597506325,-0.8298263921715936,2.1213163697728925,-2.100311768557457,60.491723464703504,-69.9010343176417,0.0,0.0,-0.017453292519943295,-0.003490658503988659,0.06283185307179587,0.0,-0.5846852994181003,0.5131268000863329,-0.062056926883911956,0.02829527783334651,0.5094613901225379,-0.4361514528863849,-0.08355908941439144,0.017735305672371027,0.02801253449450899,-0.0238237442897226,0.021093896484375,0.0,0.49781595703125,-0.438753046875,-0.1181258203125,0.0168751171875,-0.007957060546875,0.039785302734375,0.0,0.0,0.0,0.0,0.0,0.0,0.0,0.0,0.0,0.0,0.0,0.0,0.0,0.0,0.0,0.0,0.0,0.0,0.0,0.0,0.0,0.0,0.0,0.0,0.0,0.0
3.6702829710000002,1787890195.1677914,0.02068564229463732,-0.00943175927778217,0.8061518735329134,-0.8298263921715936,2.12203195476621,-2.100311768557457,60.48606859792704,-69.89633938195384,0.0,0.0,-0.029670597283903605,0.0,0.06283185307179587,0.0,-0.6213372137099813,0.45902159327450864,-0.062056926883911956,0.02829527783334651,0.5095137500000969,-0.43697175763482043,-0.08703229462585765,0.017735305672371027,0.02923426497090502,-0.025656340004316647,-0.04218779296875,-0.004218779296875,0.527347412109375,-0.434534267578125,-0.12656337890625,0.033750234375,0.0119355908203125,-0.0596779541015625,0.0,0.0,0.0,0.0,0.0,0.0,0.0,0.0,0.0,0.0,0.0,0.0,0.0,0.0,0.0,0.0,0.0,0.0,0.0,0.0,0.0,0.0,0.0,0.0,0.0,0.0
3.6815816010000004,1787890195.1789942,0.02068564229463732,-0.00943175927778217,0.805855167560074,-0.8297216724164738,2.122703906528228,-2.100311768557457,60.47915709408915,-69.89078923493248,0.0,0.0,-0.008726646259971648,0.019198621771937627,0.05672320068981571,0.0,-0.6073745796940268,0.47123889803846897,-0.062056926883911956,0.02829527783334651,0.5113114391296503,-0.4373208234852193,-0.08917904960580975,0.017735305672371027,0.031066860685499065,-0.022951079663725435,0.02531267578125,-0.004218779296875,0.506253515625,-0.434534267578125,-0.033750234375,0.033750234375,0.0278497119140625,-0.0198926513671875,0.0,0.0,0.0,0.0,0.0,0.0,0.0,0.0,0.0,0.0,0.0,0.0,0.0,0.0,0.0,0.0,0.0,0.0,0.0,0.0,0.0,0.0,0.0,0.0,0.0,0.0
3.6914988670000004,1787890195.1889493,0.02068564229463732,-0.00943175927778217,0.8056631813423549,-0.8296344059538736,2.123375858290246,-2.100311768557457,60.47311825487723,-69.88637355192495,0.0,0.0,-0.017453292519943295,0.013962634015954637,0.08290313946973064,0.0,-0.6510078109938849,0.5375614096142536,-0.062056926883911956,0.02829527783334651,0.5101071619457751,-0.4395548449277725,-0.09058403965366627,0.017735305672371027,0.03036872898470134,-0.02356194490192345,0.004218779296875,0.0,0.5231286328125,-0.4556281640625,-0.04218779296875,0.0506253515625,0.055699423828125,-0.039785302734375,0.0,0.0,0.0,0.0,0.0,0.0,0.0,0.0,0.0,0.0,0.0,0.0,0.0,0.0,0.0,0.0,0.0,0.0,0.0,0.0,0.0,0.0,0.0,0.0,0.0,0.0
3.7011435520000004,1787890195.1982749,0.02068564229463732,-0.00943175927778217,0.8056631813423549,-0.8295471394912743,2.1239954501747045,-2.100311768557457,60.467079415665346,-69.88148663001937,0.0,0.0,0.0,0.0,0.04014257279586959,0.0,-0.6370451769779303,0.47123889803846897,-0.062056926883911956,0.02829527783334651,0.5115557852249296,-0.4392930455399747,-0.09521788881771227,0.017735305672371027,0.03255039054969425,-0.026878070480712682,0.004218779296875,-0.004218779296875,0.527347412109375,-0.434534267578125,-0.0506253515625,0.05906291015625,0.06763501464843749,0.0,0.0,0.0,0.0,0.0,0.0,0.0,0.0,0.0,0.0,0.0,0.0,0.0,0.0,0.0,0.0,0.0,0.0,0.0,0.0,0.0,0.0,0.0,0.0,0.0,0.0,0.0
3.71025719,1787890195.2078764,0.02068564229463732,-0.00943175927778217,0.8056631813423549,-0.8295471394912743,2.1241874363924236,-2.100311768557457,60.46056933755542,-69.87649498835864,0.0,0.0,0.0,-0.008726646259971648,0.013962634015954637,0.0,-0.6876597252857659,0.5410520681182421,-0.062056926883911956,0.02829527783334651,0.5098104559729353,-0.43815858152617704,-0.09280060780370095,0.017735305672371027,0.03185225884889652,-0.02356194490192345,0.00843755859375,0.00843755859375,0.506253515625,-0.438753046875,-0.1350009375,0.06750046875,0.0,-0.0755920751953125,0.0,0.0,0.0,0.0,0.0,0.0,0.0,0.0,0.0,0.0,0.0,0.0,0.0,0.0,0.0,0.0,0.0,0.0,0.0,0.0,0.0,0.0,0.0,0.0,0.0,0.0
3.719929812,1787890195.2176733,0.02068564229463732,-0.00943175927778217,0.8055759148797548,-0.8296344059538736,2.1244754157190027,-2.100311768557457,60.45404180615294,-69.87113682755503,0.0,0.0,0.0,-0.010471975511965978,0.029670597283903605,0.0,-0.6963863715457376,0.5672320068981571,-0.062056926883911956,0.02829527783334651,0.5098104559729353,-0.43728591690017987,-0.09075857257886674,0.017735305672371027,0.0343829862642883,-0.027052603405912107,0.021093896484375,0.0,0.5231286328125,-0.43031548828125,-0.05906291015625,0.033750234375,0.01591412109375,-0.039785302734375,0.0,0.0,0.0,0.0,0.0,0.0,0.0,0.0,0.0,0.0,0.0,0.0,0.0,0.0,0.0,0.0,0.0,0.0,0.0,0.0,0.0,0.0,0.0,0.0,0.0,0.0
3.7300836900000003,1787890195.2278137,0.02068564229463732,-0.00943175927778217,0.8055759148797548,-0.8296344059538736,2.1248593881544418,-2.100311768557457,60.44695576938984,-69.86546450748605,0.0,0.0,0.0,0.0,0.04276056667386108,0.0,-0.6946410422937432,0.5340707511102648,-0.062056926883911956,0.02829527783334651,0.5100722553607357,-0.43684958458718265,-0.09319330688539891,0.017735305672371027,0.03481931857728688,-0.028361600344907856,0.021093896484375,-0.004218779296875,0.5231286328125,-0.459846943359375,-0.09281314453125,-0.04218779296875,-0.0039785302734375,-0.0119355908203125,0.0,0.0,0.0,0.0,0.0,0.0,0.0,0.0,0.0,0.0,0.0,0.0,0.0,0.0,0.0,0.0,0.0,0.0,0.0,0.0,0.0,0.0,0.0,0.0,0.0,0.0
3.740327616,1787890195.238086,0.02068564229463732,-0.00943175927778217,0.8055759148797548,-0.8297216724164738,2.12533935369874,-2.100311768557457,60.44053295774251,-69.86000162692731,0.0,0.0,-0.015707963267948967,0.0,0.054105206811824215,0.0,-0.635299847725936,0.5899212871740834,-0.062056926883911956,0.02829527783334651,0.5100722553607357,-0.43789678213837924,-0.09565422113071191,0.017735305672371027,0.03473205211468716,-0.026703537555513242,-0.046406572265625,0.0,0.510472294921875,-0.4556281640625,-0.06750046875,0.04218779296875,-0.01591412109375,0.0119355908203125,0.0,0.0,0.0,0.0,0.0,0.0,0.0,0.0,0.0,0.0,0.0,0.0,0.0,0.0,0.0,0.0,0.0,0.0,0.0,0.0,0.0,0.0,0.0,0.0,0.0,0.0
3.750101872,1787890195.2478476,0.02068564229463732,-0.00943175927778217,0.8052966621994355,-0.8297216724164738,2.125915312351898,-2.100311768557457,60.43372617365973,-69.8538755212528,0.0,0.0,-0.04188790204786391,-0.003490658503988659,0.051487212933832724,0.0,-0.6283185307179586,0.5427973973702365,-0.062056926883911956,0.02829527783334651,0.5116430516875307,-0.43763498275057877,-0.09822858177740279,0.017735305672371027,0.0317649923862968,-0.029496064358704173,0.012656337890625,-0.004218779296875,0.51469107421875,-0.438753046875,-0.07593802734375,0.0168751171875,0.039785302734375,0.0278497119140625,0.0,0.0,0.0,0.0,0.0,0.0,0.0,0.0,0.0,0.0,0.0,0.0,0.0,0.0,0.0,0.0,0.0,0.0,0.0,0.0,0.0,0.0,0.0,0.0,0.0,0.0
3.7597371490000002,1787890195.2574131,0.02068564229463732,-0.00943175927778217,0.8048079700088775,-0.8298263921715936,2.1264476377737562,-2.100311768557457,60.4274953482301,-69.84860462691178,0.0,0.0,-0.047123889803846894,0.0,0.05759586531581287,0.0,-0.6492624817418906,0.6003932626860493,-0.062056926883911956,0.02829527783334651,0.5150988036064799,-0.4372859169001799,-0.09969465834907819,0.017735305672371027,0.031415926535897934,-0.027139869868511825,0.012656337890625,-0.004218779296875,0.5315661914062499,-0.438753046875,-0.0843755859375,0.04218779296875,0.0755920751953125,-0.0039785302734375,0.0,0.0,0.0,0.0,0.0,0.0,0.0,0.0,0.0,0.0,0.0,0.0,0.0,0.0,0.0,0.0,0.0,0.0,0.0,0.0,0.0,0.0,0.0,0.0,0.0,0.0
3.769827186,1787890195.2674298,0.02068564229463732,-0.00943175927778217,0.8043367311108391,-0.8297216724164738,2.1273028491072337,-2.1003641284350167,60.42077583060992,-69.84294976013531,0.0,0.008726646259971648,-0.03665191429188092,0.008726646259971648,0.10122909661567113,-0.008726646259971648,-0.6422811647339134,0.5166174585903215,-0.062056926883911956,0.02829527783334651,0.5170884789537523,-0.4373208234852193,-0.10190249985285052,0.017735305672371027,0.03246312408709453,-0.030019663134302467,0.0168751171875,-0.004218779296875,0.502034736328125,-0.438753046875,-0.168751171875,0.0506253515625,0.071613544921875,-0.0318282421875,0.0,0.0,0.0,0.0,0.0,0.0,0.0,0.0,0.0,0.0,0.0,0.0,0.0,0.0,0.0,0.0,0.0,0.0,0.0,0.0,0.0,0.0,0.0,0.0,0.0,0.0
3.7805455190000004,1787890195.278248,0.02068564229463732,-0.00943175927778217,0.8041447448931192,-0.8296344059538736,2.12826278019583,-2.1003641284350167,60.414161032744865,-69.8368934676309,0.0,0.0,-0.015707963267948967,0.0,0.07766715171374766,-0.008726646259971648,-0.6213372137099813,0.5550147021341968,-0.062056926883911956,0.027422613207349344,0.5174549980966707,-0.43850764737657594,-0.10883145698326865,0.01876504993104794,0.03211405823669567,-0.025830872929516076,0.012656337890625,-0.004218779296875,0.506253515625,-0.43031548828125,-0.1181258203125,0.06750046875,0.043763833007812496,-0.071613544921875,0.0,0.0,0.0,0.0,0.0,0.0,0.0,0.0,0.0,0.0,0.0,0.0,0.0,0.0,0.0,0.0,0.0,0.0,0.0,0.0,0.0,0.0,0.0,0.0,0.0,0.0
3.7908045820000003,1787890195.2877471,0.02068564229463732,-0.00943175927778217,0.8041447448931192,-0.8297216724164738,2.128987091835408,-2.100407761666317,60.40831417975068,-69.83162257328988,0.0,0.0,-0.008726646259971648,-0.010471975511965978,0.09075712110370514,-0.005235987755982989,-0.6736970912698113,0.6230825429619757,-0.062056926883911956,0.02829527783334651,0.5159365616474375,-0.43789678213837924,-0.10935505575886544,0.01876504993104794,0.031066860685499065,-0.02775073510670984,-0.046406572265625,-0.00843755859375,0.510472294921875,-0.43031548828125,-0.1181258203125,0.05906291015625,0.0119355908203125,-0.07957060546875,0.0,0.0,0.0,0.0,0.0,0.0,0.0,0.0,0.0,0.0,0.0,0.0,0.0,0.0,0.0,0.0,0.0,0.0,0.0,0.0,0.0,0.0,0.0,0.0,0.0,0.0
3.8003518580000004,1787890195.2973678,0.02068564229463732,-0.00943175927778217,0.8040400251379998,-0.8300183783893127,2.1300866492641646,-2.100503754775177,60.40189136810336,-69.82607242626854,0.0,0.008726646259971648,0.0,-0.048869219055841226,0.11257373675363426,-0.008726646259971648,-0.6736970912698113,0.5654866776461627,-0.062056926883911956,0.02829527783334651,0.5152384299466397,-0.4365877851993822,-0.11283698761659545,0.018546883774549303,0.03368485456349057,-0.031154127148098787,0.00843755859375,-0.004218779296875,0.502034736328125,-0.44719060546875,-0.14343849609375,-0.04218779296875,0.0,0.0,0.0,0.0,0.0,0.0,0.0,0.0,0.0,0.0,0.0,0.0,0.0,0.0,0.0,0.0,0.0,0.0,0.0,0.0,0.0,0.0,0.0,0.0,0.0,0.0,0.0,0.0
3.8097761570000004,1787890195.307281,0.02068564229463732,-0.00943175927778217,0.8041447448931192,-0.8304023508247518,2.1314741860195,-2.1006521077615967,60.39566054267373,-69.82031283973694,0.0,0.0,0.012217304763960306,-0.027925268031909273,0.16057029118347835,-0.01832595714594046,-0.6213372137099813,0.5131268000863329,-0.062056926883911956,0.027422613207349344,0.5146799245860008,-0.4318579429264779,-0.1183173214678577,0.01918392895152815,0.03368485456349057,-0.028274333882308135,-0.046406572265625,0.00843755859375,0.502034736328125,-0.43031548828125,-0.16031361328125,-0.04218779296875,-0.0039785302734375,-0.0119355908203125,0.0,0.0,0.0,0.0,0.0,0.0,0.0,0.0,0.0,0.0,0.0,0.0,0.0,0.0,0.0,0.0,0.0,0.0,0.0,0.0,0.0,0.0,0.0,0.0,0.0,0.0
3.8199994750000004,1787890195.3175604,0.02068564229463732,-0.00943175927778217,0.8042320113557193,-0.830681603505071,2.1331584287476746,-2.100887727210615,60.389516983706706,-69.81495467893333,0.0,0.008726646259971648,0.013962634015954637,-0.031415926535897934,0.16144295580947549,-0.023561944901923447,-0.5585053606381855,0.5253441048502933,-0.062056926883911956,0.02829527783334651,0.5131440348442465,-0.4328004207225538,-0.12727958717684873,0.020588918999384757,0.031066860685499065,-0.025656340004316647,0.012656337890625,0.00843755859375,0.535784970703125,-0.434534267578125,-0.101250703125,0.02531267578125,0.023871181640625,-0.039785302734375,0.0,0.0,0.0,0.0,0.0,0.0,0.0,0.0,0.0,0.0,0.0,0.0,0.0,0.0,0.0,0.0,0.0,0.0,0.0,0.0,0.0,0.0,0.0,0.0,0.0,0.0
3.829844612,1787890195.3273623,0.02068564229463732,-0.009344492815182015,0.8043367311108391,-0.8310655759405092,2.13439761251659,-2.101175706537194,60.384158822903096,-69.80996303727264,0.0,0.0,0.0,-0.020943951023931956,0.11780972450961724,-0.031415926535897934,-0.5654866776461627,0.48520153205442357,-0.062056926883911956,0.027422613207349344,0.5127077025312466,-0.43161359683119715,-0.13241958182397184,0.021819376122037916,0.027925268031909273,-0.026267205242514663,-0.046406572265625,-0.004218779296875,0.506253515625,-0.438753046875,-0.1856262890625,0.033750234375,0.055699423828125,0.0358067724609375,0.0,0.0,0.0,0.0,0.0,0.0,0.0,0.0,0.0,0.0,0.0,0.0,0.0,0.0,0.0,0.0,0.0,0.0,0.0,0.0,0.0,0.0,0.0,0.0,0.0,0.0
3.840958343,1787890195.3385358,0.02068564229463732,-0.009344492815182015,0.8042320113557193,-0.8310655759405092,2.1358898690270456,-2.1016556720814923,60.37859122258924,-69.80497139561193,0.0,0.0,-0.012217304763960306,0.0,0.158824961931484,-0.05672320068981571,-0.5061454830783556,0.4363323129985824,-0.062056926883911956,0.028033478445546045,0.5137898066674826,-0.4315088770760792,-0.1317738100007329,0.023468712265172637,0.028274333882308135,-0.02426007660272118,0.012656337890625,-0.004218779296875,0.502034736328125,-0.43031548828125,-0.19406384765625,0.033750234375,0.063656484375,0.0,0.0,0.0,0.0,0.0,0.0,0.0,0.0,0.0,0.0,0.0,0.0,0.0,0.0,0.0,0.0,0.0,0.0,0.0,0.0,0.0,0.0,0.0,0.0,0.0,0.0,0.0
3.8501200140000003,1787890195.3476293,0.02068564229463732,-0.009344492815182015,0.8042320113557193,-0.8312575621582283,2.13775737132668,-2.1024672501836705,60.37379156714625,-69.80114912455005,0.0,0.0,0.0,-0.027925268031909273,0.1832595714594046,-0.10471975511965977,-0.5113814708343386,0.38571776469074687,-0.062056926883911956,0.028033478445546045,0.5153256964092382,-0.4336032721784724,-0.1403521032742857,0.027439336313458983,0.025307274153917782,-0.021816615649929122,0.012656337890625,0.012656337890625,0.502034736328125,-0.426096708984375,-0.16031361328125,-0.0168751171875,-0.0119355908203125,-0.023871181640625,0.0,0.0,0.0,0.0,0.0,0.0,0.0,0.0,0.0,0.0,0.0,0.0,0.0,0.0,0.0,0.0,0.0,0.0,0.0,0.0,0.0,0.0,0.0,0.0,0.0,0.0
3.860094816,1787890195.3577204,0.02068564229463732,-0.009344492815182015,0.8043367311108391,-0.8314495483759474,2.1390052817418557,-2.1033835480409677,60.368625392560354,-69.79730940019566,0.0,0.0,0.010471975511965978,-0.005235987755982989,0.06632251157578452,-0.06370451769779303,-0.4939281783143953,0.35953782591083194,-0.062056926883911956,0.028033478445546045,0.5141039659328421,-0.4302347867221242,-0.1483980711259816,0.034673726062978125,0.025569073541716933,-0.019285888234537345,0.00843755859375,0.0,0.502034736328125,-0.44297182617187497,-0.1181258203125,0.00843755859375,0.0278497119140625,-0.023871181640625,0.0,0.0,0.0,0.0,0.0,0.0,0.0,0.0,0.0,0.0,0.0,0.0,0.0,0.0,0.0,0.0,0.0,0.0,0.0,0.0,0.0,0.0,0.0,0.0,0.0,0.0
3.8701301000000004,1787890195.3676994,0.02068564229463732,-0.009344492815182015,0.8043367311108391,-0.8313622819133482,2.139581240395014,-2.103863513585265,60.363633750899645,-69.79415035424957,0.0,0.0,0.0,0.017453292519943295,0.08552113334772216,-0.053232542185827056,-0.4904375198104066,0.33335788713091696,-0.062056926883911956,0.028033478445546045,0.512742609116286,-0.4319277560965595,-0.140448096383146,0.03332109589268301,0.024696408915719767,-0.017976891295541596,-0.046406572265625,0.0,0.506253515625,-0.434534267578125,-0.12656337890625,-0.00843755859375,0.0119355908203125,-0.04774236328125,0.0,0.0,0.0,0.0,0.0,0.0,0.0,0.0,0.0,0.0,0.0,0.0,0.0,0.0,0.0,0.0,0.0,0.0,0.0,0.0,0.0,0.0,0.0,0.0,0.0,0.0
3.8805954380000003,1787890195.3780344,0.02068564229463732,-0.009344492815182015,0.8044239975734393,-0.8312575621582283,2.1411607633680685,-2.1046750916874424,60.35893881521178,-69.79088658854833,0.0,0.0,0.017453292519943295,0.0,0.21205750411731106,-0.10035643198967394,-0.4974188368183839,0.3089232776029963,-0.062056926883911956,0.028033478445546045,0.5137898066674826,-0.43445848351194993,-0.1440958345198143,0.03371379497437832,0.02452187599052033,-0.016667894356545847,0.00843755859375,-0.004218779296875,0.502034736328125,-0.426096708984375,-0.16031361328125,0.00843755859375,-0.0039785302734375,-0.063656484375,0.0,0.0,0.0,0.0,0.0,0.0,0.0,0.0,0.0,0.0,0.0,0.0,0.0,0.0,0.0,0.0,0.0,0.0,0.0,0.0,0.0,0.0,0.0,0.0,0.0,0.0
3.8906399050000005,1787890195.388155,0.02068564229463732,-0.009344492815182015,0.8047207035462778,-0.8312575621582283,2.143176618654122,-2.1055390296671805,60.354243879523885,-69.7876228228471,0.0,0.0,0.027925268031909273,0.0,0.14137166941154067,-0.07155849933176751,-0.4223696789826278,0.30019663134302466,-0.062056926883911956,0.028033478445546045,0.5117826780276878,-0.4330273135253151,-0.16148804051593713,0.04086091826129508,0.024870941840919196,-0.015446163880149816,-0.029531455078125,-0.004218779296875,0.502034736328125,-0.434534267578125,-0.0843755859375,-0.02531267578125,-0.007957060546875,-0.0596779541015625,0.0,0.0,0.0,0.0,0.0,0.0,0.0,0.0,0.0,0.0,0.0,0.0,0.0,0.0,0.0,0.0,0.0,0.0,0.0,0.0,0.0,0.0,0.0,0.0,0.0,0.0
3.899865193,1787890195.3974307,0.02068564229463732,-0.009344492815182015,0.8048079700088775,-0.8313622819133482,2.1439881967562995,-2.106350607769357,60.35021216895179,-69.78455104336359,0.0,0.0,0.0,0.0,0.07330382858376185,-0.09250245035569947,-0.4223696789826278,0.2949606435870417,-0.062056926883911956,0.028033478445546045,0.5098453625579757,-0.4330273135253151,-0.160467022903521,0.040572938934718916,0.021118483949131392,-0.015009831567151233,0.00843755859375,0.00843755859375,0.535784970703125,-0.434534267578125,-0.168751171875,0.04218779296875,-0.0119355908203125,-0.04774236328125,0.0,0.0,0.0,0.0,0.0,0.0,0.0,0.0,0.0,0.0,0.0,0.0,0.0,0.0,0.0,0.0,0.0,0.0,0.0,0.0,0.0,0.0,0.0,0.0,0.0,0.0
3.9102607060000003,1787890195.4077804,0.02068564229463732,-0.009344492815182015,0.8047207035462778,-0.8313622819133482,2.145044120953756,-2.107170912517795,60.3461804583797,-69.78120001119976,0.0,0.0,0.0,0.0,0.1265363707695889,-0.0671951762017817,-0.36826447217080355,0.3560471674068433,-0.062056926883911956,0.028033478445546045,0.5123760899733676,-0.4327131542599556,-0.15609497312727516,0.04510206834364152,0.021118483949131392,-0.014748032179352086,0.00843755859375,-0.004218779296875,0.535784970703125,-0.43031548828125,-0.12656337890625,-0.02531267578125,0.04774236328125,-0.0318282421875,0.0,0.0,0.0,0.0,0.0,0.0,0.0,0.0,0.0,0.0,0.0,0.0,0.0,0.0,0.0,0.0,0.0,0.0,0.0,0.0,0.0,0.0,0.0,0.0,0.0,0.0
3.919574347,1787890195.4171681,0.02068564229463732,-0.009344492815182015,0.8047207035462778,-0.8315542681310681,2.1464840175866513,-2.1078428642798133,60.342166201100106,-69.7774650066005,0.0,0.008726646259971648,-0.017453292519943295,-0.015707963267948967,0.1308996938995747,-0.06981317007977318,-0.36826447217080355,0.3665191429188092,-0.062056926883911956,0.028033478445546045,0.5126378893611667,-0.4327131542599556,-0.16458599993822698,0.04503225517356399,0.01841322360854018,-0.017802358370342164,0.021093896484375,0.0,0.502034736328125,-0.438753046875,-0.10968826171875,0.07593802734375,0.0358067724609375,-0.007957060546875,0.0,0.0,0.0,0.0,0.0,0.0,0.0,0.0,0.0,0.0,0.0,0.0,0.0,0.0,0.0,0.0,0.0,0.0,0.0,0.0,0.0,0.0,0.0,0.0,0.0,0.0
3.9297600640000003,1787890195.4272788,0.02068564229463732,-0.009344492815182015,0.8046159837911584,-0.8318335208113874,2.1471036094711096,-2.1085584492731306,60.33860572942604,-69.77400925468154,0.0,0.0,-0.013962634015954637,-0.027925268031909273,0.039269908169872414,-0.054105206811824215,-0.35430183815484895,0.3700098014227979,-0.062056926883911956,0.02716081381954888,0.514383218613161,-0.43056639928000073,-0.16934202214991192,0.04730990984741767,0.01841322360854018,-0.01832595714594046,0.02531267578125,-0.004218779296875,0.510472294921875,-0.44297182617187497,-0.10968826171875,-0.0168751171875,0.055699423828125,0.0119355908203125,0.0,0.0,0.0,0.0,0.0,0.0,0.0,0.0,0.0,0.0,0.0,0.0,0.0,0.0,0.0,0.0,0.0,0.0,0.0,0.0,0.0,0.0,0.0,0.0,0.0,0.0
3.9396722420000003,1787890195.4372764,0.02068564229463732,-0.009344492815182015,0.8045287173285587,-0.8319382405665063,2.1477319280018277,-2.1088987884772696,60.33516743079961,-69.77065822251771,0.0,0.0,-0.017453292519943295,0.0,0.09424777960769379,-0.03403392041388943,-0.3490658503988659,0.3473205211468716,-0.062056926883911956,0.028033478445546045,0.5143483120281204,-0.42850691076264696,-0.1620378192303165,0.04788586850057486,0.01771509190774245,-0.018500490071139894,0.012656337890625,-0.004218779296875,0.502034736328125,-0.434534267578125,-0.16031361328125,0.0,-0.0039785302734375,0.0198926513671875,0.0,0.0,0.0,0.0,0.0,0.0,0.0,0.0,0.0,0.0,0.0,0.0,0.0,0.0,0.0,0.0,0.0,0.0,0.0,0.0,0.0,0.0,0.0,0.0,0.0,0.0
3.950151308,1787890195.4476748,0.02068564229463732,-0.009344492815182015,0.8044239975734393,-0.8318335208113874,2.1490234716483023,-2.109422387252868,60.331031000472386,-69.76709775084365,0.008726646259971648,0.0,0.0,0.0,0.14049900478554353,-0.05759586531581287,-0.3490658503988659,0.3351032163829113,-0.062056926883911956,0.028033478445546045,0.5149591772663183,-0.43098527830048106,-0.1694205619662529,0.046899757473198404,0.017453292519943295,-0.01736602605734358,0.012656337890625,-0.004218779296875,0.535784970703125,-0.43031548828125,-0.2531267578125,0.09281314453125,0.055699423828125,0.0278497119140625,0.0,0.0,0.0,0.0,0.0,0.0,0.0,0.0,0.0,0.0,0.0,0.0,0.0,0.0,0.0,0.0,0.0,0.0,0.0,0.0,0.0,0.0,0.0,0.0,0.0,0.0
3.960094782,1787890195.4576933,0.020790362049758038,-0.009344492815182015,0.8045287173285587,-0.8318335208113874,2.1503150152947788,-2.1100419791373253,60.32748798209084,-69.76451466355068,0.0,0.0,0.013962634015954637,0.0,0.09250245035569947,-0.07068583470577033,-0.3996803987067015,0.2792526803190927,-0.06292959150990912,0.028033478445546045,0.5135280072796822,-0.4312994375658379,-0.17792031542346187,0.05082674829018555,0.017453292519943295,-0.016755160819145565,0.012656337890625,0.00843755859375,0.535784970703125,-0.43031548828125,-0.19406384765625,0.0843755859375,0.039785302734375,-0.0596779541015625,0.0,0.0,0.0,0.0,0.0,0.0,0.0,0.0,0.0,0.0,0.0,0.0,0.0,0.0,0.0,0.0,0.0,0.0,0.0,0.0,0.0,0.0,0.0,0.0,0.0,0.0
3.969957711,1787890195.4675214,0.020790362049758038,-0.009344492815182015,0.8047207035462778,-0.8317462543487872,2.1505593613900578,-2.1104783114503243,60.323473724811244,-69.76193157625774,0.0,0.0,0.017453292519943295,0.017453292519943295,0.0,-0.020071286397934793,-0.41713369122664484,0.22514747350726852,-0.06237108614927411,0.028033478445546045,0.5118175846127285,-0.4312994375658379,-0.17699529091990676,0.0539945208825534,0.01998401993533508,-0.013962634015954637,0.004218779296875,-0.004218779296875,0.535784970703125,-0.43031548828125,-0.12656337890625,-0.02531267578125,-0.0119355908203125,-0.063656484375,0.0,0.0,0.0,0.0,0.0,0.0,0.0,0.0,0.0,0.0,0.0,0.0,0.0,0.0,0.0,0.0,0.0,0.0,0.0,0.0,0.0,0.0,0.0,0.0,0.0,0.0
3.97997133,1787890195.4774518,0.020790362049758038,-0.009344492815182015,0.8048079700088775,-0.8314495483759474,2.150698987730218,-2.1105743045591834,60.31914530826631,-69.75943575542739,0.0,0.0,0.015707963267948967,0.03665191429188092,0.023561944901923447,-0.013962634015954637,-0.4223696789826278,0.21991148575128555,-0.06237108614927411,0.028033478445546045,0.5108925601091724,-0.4333065662056327,-0.16847808417017385,0.05024206299076685,0.020856684561332245,-0.011257373675363426,-0.046406572265625,-0.004218779296875,0.506253515625,-0.426096708984375,-0.16031361328125,-0.02531267578125,0.0039785302734375,0.007957060546875,0.0,0.0,0.0,0.0,0.0,0.0,0.0,0.0,0.0,0.0,0.0,0.0,0.0,0.0,0.0,0.0,0.0,0.0,0.0,0.0,0.0,0.0,0.0,0.0,0.0,0.0
3.989924949,1787890195.4874496,0.020790362049758038,-0.009344492815182015,0.8051046759817164,-0.8311702956956291,2.150986967056796,-2.1107662907769034,60.31502633123157,-69.7574286267876,0.0,0.0,0.02617993877991494,0.022689280275926284,0.02181661564992912,-0.019198621771937627,-0.3961897402027128,0.2303834612632515,-0.06237108614927411,0.028033478445546045,0.5108052936465727,-0.4361165463013459,-0.1712531576808464,0.04991917707914615,0.021118483949131392,-0.010995574287564279,0.021093896484375,0.00843755859375,0.502034736328125,-0.43031548828125,-0.1518760546875,0.00843755859375,-0.0119355908203125,0.0,0.0,0.0,0.0,0.0,0.0,0.0,0.0,0.0,0.0,0.0,0.0,0.0,0.0,0.0,0.0,0.0,0.0,0.0,0.0,0.0,0.0,0.0,0.0,0.0,0.0,0.0
3.999844742,1787890195.4973981,0.020790362049758038,-0.009344492815182015,0.8053839286620357,-0.8309783094779091,2.151135320043216,-2.1108622838857634,60.31099462065948,-69.75502007241985,0.0,0.0,0.020943951023931956,0.005235987755982989,0.0,-0.004363323129985824,-0.3752457891787808,0.20943951023931953,-0.06237108614927411,0.028033478445546045,0.5088679781768594,-0.43555804094070555,-0.17194256273538158,0.0510187345079044,0.019809487010135643,-0.011519173063162575,0.012656337890625,-0.004218779296875,0.502034736328125,-0.438753046875,-0.1518760546875,0.0168751171875,0.039785302734375,-0.0318282421875,0.0,0.0,0.0,0.0,0.0,0.0,0.0,0.0,0.0,0.0,0.0,0.0,0.0,0.0,0.0,0.0,0.0,0.0,0.0,0.0,0.0,0.0,0.0,0.0,0.0,0.0
4.010293792000001,1787890195.507543,0.020790362049758038,-0.009344492815182015,0.8056631813423549,-0.8309783094779091,2.151135320043216,-2.1108622838857634,60.3070676298425,-69.7524369851269,0.0,-0.0017453292519943296,0.027925268031909273,0.0,0.0,0.0,-0.3717551306747922,0.27576202181510406,-0.06237108614927411,0.028033478445546045,0.5085538189114999,-0.4343886703418712,-0.1702059601296484,0.0498231839702892,0.01876228945893904,-0.010471975511965978,0.00843755859375,0.0,0.506253515625,-0.434534267578125,-0.14343849609375,0.00843755859375,0.04774236328125,-0.0318282421875,0.0,0.0,0.0,0.0,0.0,0.0,0.0,0.0,0.0,0.0,0.0,0.0,0.0,0.0,0.0,0.0,0.0,0.0,0.0,0.0,0.0,0.0,0.0,0.0,0.0,0.0
4.020163665,1787890195.517589,0.020790362049758038,-0.009344492815182015,0.805855167560074,-0.8310655759405092,2.151135320043216,-2.1108622838857634,60.30361187792355,-69.75004588405167,0.0,0.0,0.013962634015954637,-0.017453292519943295,0.0,0.0,-0.31066860685499065,0.2635447170511438,-0.06237108614927411,0.028208011370745478,0.5070179291697443,-0.43386507156627285,-0.1702059601296484,0.04938685165729062,0.018587756533739612,-0.013788101090755204,0.012656337890625,-0.004218779296875,0.510472294921875,-0.43031548828125,-0.168751171875,0.1181258203125,0.0039785302734375,-0.04774236328125,0.0,0.0,0.0,0.0,0.0,0.0,0.0,0.0,0.0,0.0,0.0,0.0,0.0,0.0,0.0,0.0,0.0,0.0,0.0,0.0,0.0,0.0,0.0,0.0,0.0,0.0
4.030546474,1787890195.5276384,0.020790362049758038,-0.009344492815182015,0.8059598873151939,-0.8312575621582283,2.151082960165656,-2.1108099240082034,60.300365565514845,-69.74735807700358,0.0,0.0,0.008726646259971648,-0.020943951023931956,-0.007853981633974483,0.0,-0.30543261909900765,0.23387411976724018,-0.06237108614927411,0.028033478445546045,0.5078382339181825,-0.43185794292647806,-0.1702059601296484,0.04938685165729062,0.015533430342749533,-0.01317723585255719,0.012656337890625,0.0,0.506253515625,-0.426096708984375,-0.16031361328125,0.0,0.0198926513671875,-0.04774236328125,0.0,0.0,0.0,0.0,0.0,0.0,0.0,0.0,0.0,0.0,0.0,0.0,0.0,0.0,0.0,0.0,0.0,0.0,0.0,0.0,0.0,0.0,0.0,0.0,0.0,0.0
4.040748864,1787890195.5381205,0.020790362049758038,-0.009344492815182015,0.8059598873151939,-0.8313622819133482,2.151082960165656,-2.1108099240082034,60.297485772249054,-69.74477498971063,0.0,0.0,0.0,0.0,0.0,0.0,-0.2775073510670984,0.2617993877991494,-0.06237108614927411,0.028033478445546045,0.5080476734284214,-0.4309329184229219,-0.1692634823335712,0.049229772024610874,0.015271630954950384,-0.011693705988362009,0.012656337890625,0.00843755859375,0.506253515625,-0.43031548828125,-0.16031361328125,0.02531267578125,0.0358067724609375,0.0318282421875,0.0,0.0,0.0,0.0,0.0,0.0,0.0,0.0,0.0,0.0,0.0,0.0,0.0,0.0,0.0,0.0,0.0,0.0,0.0,0.0,0.0,0.0,0.0,0.0,0.0,0.0
4.050387309,1787890195.5477798,0.020790362049758038,-0.009344492815182015,0.8059598873151939,-0.8313622819133482,2.151082960165656,-2.1108099240082034,60.29451871252066,-69.74227916888027,0.0,0.0,-0.012217304763960306,-0.0017453292519943296,0.0,0.0,-0.26529004630313807,0.2670353755551324,-0.06237108614927411,0.028033478445546045,0.5089203380544185,-0.4327131542599556,-0.17004888049696865,0.049229772024610874,0.01387536755335492,-0.01308996938995747,0.012656337890625,-0.004218779296875,0.502034736328125,-0.426096708984375,-0.19406384765625,0.02531267578125,0.0119355908203125,-0.043763833007812496,0.0,0.0,0.0,0.0,0.0,0.0,0.0,0.0,0.0,0.0,0.0,0.0,0.0,0.0,0.0,0.0,0.0,0.0,0.0,0.0,0.0,0.0,0.0,0.0,0.0,0.0
4.060566403,1787890195.5580328,0.020790362049758038,-0.009344492815182015,0.8059598873151939,-0.8313622819133482,2.151082960165656,-2.1108099240082034,60.29183090547259,-69.73978334804994,0.0,0.0,0.0,-0.003490658503988659,0.0,0.0,-0.30019663134302466,0.24260076602721178,-0.06237108614927411,0.028033478445546045,0.5101420685308146,-0.4325386213347562,-0.17004888049696865,0.049229772024610874,0.013264502315156905,-0.013351768777756621,-0.046406572265625,-0.004218779296875,0.49781595703125,-0.434534267578125,-0.16031361328125,0.00843755859375,0.043763833007812496,0.039785302734375,0.0,0.0,0.0,0.0,0.0,0.0,0.0,0.0,0.0,0.0,0.0,0.0,0.0,0.0,0.0,0.0,0.0,0.0,0.0,0.0,0.0,0.0,0.0,0.0,0.0,0.0
4.070527957,1787890195.5679533,0.020790362049758038,-0.009344492815182015,0.8059598873151939,-0.8314495483759474,2.151082960165656,-2.1108099240082034,60.28884639245167,-69.73681628832155,0.0,0.0,0.0,0.0,0.0,0.0,-0.30019663134302466,0.2949606435870417,-0.06237108614927411,0.028033478445546045,0.5089203380544185,-0.43236408840955676,-0.17004888049696865,0.049229772024610874,0.015009831567151233,-0.01213003830136059,0.012656337890625,0.00843755859375,0.502034736328125,-0.434534267578125,-0.19406384765625,0.033750234375,0.0596779541015625,-0.0358067724609375,0.0,0.0,0.0,0.0,0.0,0.0,0.0,0.0,0.0,0.0,0.0,0.0,0.0,0.0,0.0,0.0,0.0,0.0,0.0,0.0,0.0,0.0,0.0,0.0,0.0,0.0
4.080375942,1787890195.5778117,0.020790362049758038,-0.009344492815182015,0.8059598873151939,-0.8314495483759474,2.151082960165656,-2.1108099240082034,60.28568734650556,-69.73383177530063,0.0,0.0,0.017453292519943295,0.0,0.0,0.0,-0.31590459461097364,0.3141592653589793,-0.06237108614927411,0.028033478445546045,0.5089203380544185,-0.4324513548721578,-0.17004888049696865,0.049229772024610874,0.015009831567151233,-0.014748032179352086,0.012656337890625,-0.004218779296875,0.506253515625,-0.43031548828125,-0.16031361328125,0.033750234375,0.043763833007812496,-0.0119355908203125,0.0,0.0,0.0,0.0,0.0,0.0,0.0,0.0,0.0,0.0,0.0,0.0,0.0,0.0,0.0,0.0,0.0,0.0,0.0,0.0,0.0,0.0,0.0,0.0,0.0,0.0
4.090048052,1787890195.5875354,0.020790362049758038,-0.009344492815182015,0.8060471537777931,-0.8315542681310681,2.151082960165656,-2.1108099240082034,60.28233631434173,-69.73058546289194,0.0,0.0,0.015707963267948967,-0.013962634015954637,0.0,0.0,-0.3089232776029963,0.3351032163829113,-0.06237108614927411,0.028033478445546045,0.5071750088024242,-0.4324513548721578,-0.17004888049696865,0.049229772024610874,0.01579522973054868,-0.015707963267948967,0.021093896484375,0.00843755859375,0.510472294921875,-0.434534267578125,-0.16031361328125,0.101250703125,-0.0278497119140625,-0.007957060546875,0.0,0.0,0.0,0.0,0.0,0.0,0.0,0.0,0.0,0.0,0.0,0.0,0.0,0.0,0.0,0.0,0.0,0.0,0.0,0.0,0.0,0.0,0.0,0.0,0.0,0.0
4.1003442670000005,1787890195.5978892,0.020790362049758038,-0.009344492815182015,0.8062391399955131,-0.8315542681310681,2.151082960165656,-2.1108099240082034,60.27907254864052,-69.72740896365329,0.0,0.0,0.008726646259971648,0.0,0.0,0.0,-0.3211405823669567,0.3316125578789226,-0.06237108614927411,0.028033478445546045,0.5070877423398258,-0.43074093220520016,-0.17004888049696865,0.049229772024610874,0.015446163880149816,-0.016755160819145565,0.021093896484375,0.0,0.502034736328125,-0.434534267578125,-0.16031361328125,0.0168751171875,-0.01591412109375,0.0198926513671875,0.0,0.0,0.0,0.0,0.0,0.0,0.0,0.0,0.0,0.0,0.0,0.0,0.0,0.0,0.0,0.0,0.0,0.0,0.0,0.0,0.0,0.0,0.0,0.0,0.0,0.0
4.110038746,1787890195.6075838,0.020790362049758038,-0.009344492815182015,0.8063438597506325,-0.8316415345936674,2.151082960165656,-2.1108099240082034,60.27591350269439,-69.7241626512446,0.0,0.0,0.0,-0.017453292519943295,0.0,0.0,-0.3368485456349056,0.3089232776029963,-0.06237108614927411,0.028033478445546045,0.5072099153874636,-0.43213719560679564,-0.17004888049696865,0.049229772024610874,0.016057029118347835,-0.01658062789394613,0.00843755859375,-0.004218779296875,0.502034736328125,-0.434534267578125,-0.16031361328125,0.0506253515625,0.007957060546875,0.0318282421875,0.0,0.0,0.0,0.0,0.0,0.0,0.0,0.0,0.0,0.0,0.0,0.0,0.0,0.0,0.0,0.0,0.0,0.0,0.0,0.0,0.0,0.0,0.0,0.0,0.0,0.0
4.119996396,1787890195.6175776,0.020790362049758038,-0.009344492815182015,0.8063438597506325,-0.8316415345936674,2.151082960165656,-2.1108099240082034,60.27264973699315,-69.72089888554336,0.0,0.0,0.0,0.0,0.0,0.0,-0.3141592653589793,0.2949606435870417,-0.06237108614927411,0.028033478445546045,0.5077684207481026,-0.4301300669670035,-0.17004888049696865,0.049229772024610874,0.016842427281745283,-0.015446163880149816,-0.04218779296875,-0.004218779296875,0.49781595703125,-0.438753046875,-0.16031361328125,0.14343849609375,0.007957060546875,0.0358067724609375,0.0,0.0,0.0,0.0,0.0,0.0,0.0,0.0,0.0,0.0,0.0,0.0,0.0,0.0,0.0,0.0,0.0,0.0,0.0,0.0,0.0,0.0,0.0,0.0,0.0,0.0
4.130342692,1787890195.6278572,0.020790362049758038,-0.009344492815182015,0.8063438597506325,-0.8315542681310681,2.151082960165656,-2.1108099240082034,60.269682677264775,-69.71782710605984,0.0,0.0,0.0,0.017453292519943295,0.0,0.0,-0.31590459461097364,0.26529004630313807,-0.06237108614927411,0.028033478445546045,0.5077684207481026,-0.43187539621899784,-0.17004888049696865,0.049229772024610874,0.015707963267948967,-0.014748032179352086,0.0168751171875,-0.004218779296875,0.49781595703125,-0.434534267578125,-0.16031361328125,0.05906291015625,-0.0119355908203125,0.0278497119140625,0.0,0.0,0.0,0.0,0.0,0.0,0.0,0.0,0.0,0.0,0.0,0.0,0.0,0.0,0.0,0.0,0.0,0.0,0.0,0.0,0.0,0.0,0.0,0.0,0.0,0.0
4.140198037,1787890195.6377697,0.020790362049758038,-0.009344492815182015,0.8063438597506325,-0.8313622819133482,2.151082960165656,-2.1108099240082034,60.2667156175364,-69.71513929901178,0.0,0.0,0.0,0.020943951023931956,0.0,0.0,-0.28274333882308134,0.2792526803190927,-0.06237108614927411,0.028033478445546045,0.5077684207481026,-0.43388252485879,-0.17004888049696865,0.049229772024610874,0.01579522973054868,-0.013264502315156905,-0.046406572265625,-0.004218779296875,0.502034736328125,-0.426096708984375,-0.16031361328125,0.04218779296875,-0.0119355908203125,0.007957060546875,0.0,0.0,0.0,0.0,0.0,0.0,0.0,0.0,0.0,0.0,0.0,0.0,0.0,0.0,0.0,0.0,0.0,0.0,0.0,0.0,0.0,0.0,0.0,0.0,0.0,0.0
4.150439628,1787890195.647999,0.020790362049758038,-0.009344492815182015,0.8063438597506325,-0.8312575621582283,2.151082960165656,-2.1108622838857634,60.26383582427059,-69.71283546439915,0.0,0.0,-0.012217304763960306,0.0,0.0,0.0,-0.27401669256310973,0.2635447170511438,-0.06237108614927411,0.028033478445546045,0.5077684207481026,-0.4348075493623488,-0.17004888049696865,0.049229772024610874,0.014137166941154067,-0.013962634015954637,-0.04218779296875,-0.004218779296875,0.502034736328125,-0.438753046875,-0.16031361328125,0.14343849609375,-0.007957060546875,0.0,0.0,0.0,0.0,0.0,0.0,0.0,0.0,0.0,0.0,0.0,0.0,0.0,0.0,0.0,0.0,0.0,0.0,0.0,0.0,0.0,0.0,0.0,0.0,0.0,0.0,0.0
4.160274844,1787890195.6578586,0.020790362049758038,-0.009344492815182015,0.8063438597506325,-0.8311702956956291,2.151082960165656,-2.1109059171170625,60.26095603100479,-69.71035709686132,0.0,0.0,0.0,0.0,0.0,-0.010471975511965978,-0.28099800957108706,0.20943951023931953,-0.06237108614927411,0.028033478445546045,0.5089901512244986,-0.4330273135253151,-0.17004888049696865,0.04938685165729062,0.013700834628155488,-0.01317723585255719,0.012656337890625,0.00843755859375,0.51469107421875,-0.43031548828125,-0.16031361328125,0.10968826171875,0.007957060546875,-0.01591412109375,0.0,0.0,0.0,0.0,0.0,0.0,0.0,0.0,0.0,0.0,0.0,0.0,0.0,0.0,0.0,0.0,0.0,0.0,0.0,0.0,0.0,0.0,0.0,0.0,0.0,0.0
4.170249551,1787890195.6678076,0.020790362049758038,-0.009344492815182015,0.8063438597506325,-0.8311702956956291,2.151082960165656,-2.1111502632123424,60.258180957494126,-69.70805326224867,0.0,0.0,0.0,0.0,0.0,-0.03752457891787808,-0.2775073510670984,0.22863813201125718,-0.06237108614927411,0.028033478445546045,0.5077684207481026,-0.4332891129131129,-0.17004888049696865,0.05056494890238478,0.014049900478554353,-0.010471975511965978,0.0168751171875,0.012656337890625,0.518909853515625,-0.434534267578125,-0.19406384765625,0.0506253515625,-0.0039785302734375,-0.0198926513671875,0.0,0.0,0.0,0.0,0.0,0.0,0.0,0.0,0.0,0.0,0.0,0.0,0.0,0.0,0.0,0.0,0.0,0.0,0.0,0.0,0.0,0.0,0.0,0.0,0.0,0.0
4.180048799000001,1787890195.677513,0.020790362049758038,-0.009344492815182015,0.8063438597506325,-0.8311702956956291,2.151082960165656,-2.11167386198794,60.25577240312638,-69.70602868031636,0.0,0.0,0.0,0.0,0.0,-0.061086523819801536,-0.24085543677521748,0.21293016874330822,-0.06237108614927411,0.028033478445546045,0.5077684207481026,-0.4332891129131129,-0.17004888049696865,0.054003247528815704,0.01387536755335492,-0.01143190660056286,-0.046406572265625,-0.004218779296875,0.502034736328125,-0.44297182617187497,-0.16031361328125,0.12656337890625,0.01591412109375,-0.039785302734375,0.0,0.0,0.0,0.0,0.0,0.0,0.0,0.0,0.0,0.0,0.0,0.0,0.0,0.0,0.0,0.0,0.0,0.0,0.0,0.0,0.0,0.0,0.0,0.0,0.0,0.0
4.189862543,1787890195.687405,0.020790362049758038,-0.009344492815182015,0.8063438597506325,-0.8312575621582283,2.151135320043216,-2.112206187409799,60.25346856851376,-69.70372484570373,0.0,0.0,0.0,-0.0017453292519943296,0.004363323129985824,-0.03316125578789226,-0.2111848394913139,0.22514747350726852,-0.06237108614927411,0.028033478445546045,0.5077684207481026,-0.4332891129131129,-0.17004888049696865,0.05793023834580018,0.012042771838760874,-0.010646508437165412,0.004218779296875,-0.004218779296875,0.49781595703125,-0.44297182617187497,-0.16031361328125,0.04218779296875,0.0318282421875,0.01591412109375,0.0,0.0,0.0,0.0,0.0,0.0,0.0,0.0,0.0,0.0,0.0,0.0,0.0,0.0,0.0,0.0,0.0,0.0,0.0,0.0,0.0,0.0,0.0,0.0,0.0,0.0
4.200337833,1787890195.697966,0.020790362049758038,-0.009344492815182015,0.8062391399955131,-0.8314495483759474,2.151178953274516,-2.112494166736377,60.25126945365624,-69.70143846438363,0.0,0.0,0.0,-0.017453292519943295,0.006981317007977318,-0.027925268031909273,-0.20943951023931953,0.24958208303518914,-0.06237108614927411,0.028033478445546045,0.5077684207481026,-0.43285278060011567,-0.17064229244264698,0.05673468780818623,0.010559241974565696,-0.011257373675363426,0.021093896484375,0.00843755859375,0.502034736328125,-0.434534267578125,-0.19406384765625,0.101250703125,0.0358067724609375,0.0198926513671875,0.0,0.0,0.0,0.0,0.0,0.0,0.0,0.0,0.0,0.0,0.0,0.0,0.0,0.0,0.0,0.0,0.0,0.0,0.0,0.0,0.0,0.0,0.0,0.0,0.0,0.0
4.210258779,1787890195.7078495,0.020790362049758038,-0.009344492815182015,0.8062391399955131,-0.8315542681310681,2.151231313152076,-2.1128694125255563,60.249157605261324,-69.69894264355328,0.0,0.0,0.0,-0.017453292519943295,0.007853981633974483,-0.04276056667386108,-0.20245819323134226,0.22514747350726852,-0.06237108614927411,0.028033478445546045,0.5080825800134607,-0.43070602562016347,-0.17103499152434637,0.05707502701232254,0.010471975511965978,-0.012479104151759457,-0.046406572265625,0.00843755859375,0.506253515625,-0.438753046875,-0.1856262890625,0.10968826171875,0.039785302734375,-0.0517208935546875,0.0,0.0,0.0,0.0,0.0,0.0,0.0,0.0,0.0,0.0,0.0,0.0,0.0,0.0,0.0,0.0,0.0,0.0,0.0,0.0,0.0,0.0,0.0,0.0,0.0,0.0
4.2213465900000005,1787890195.7188306,0.020790362049758038,-0.009344492815182015,0.8062391399955131,-0.8316415345936674,2.151327306260935,-2.1133493780698545,60.246958490403806,-69.69635955626033,0.0,0.0,0.0,0.0,0.011344640137963142,-0.047123889803846894,-0.21991148575128555,0.2635447170511438,-0.06237108614927411,0.028033478445546045,0.5080825800134607,-0.4303918663548013,-0.17127933761962583,0.059684294244055455,0.010122909661567113,-0.011257373675363426,-0.046406572265625,-0.004218779296875,0.502034736328125,-0.438753046875,-0.1856262890625,0.0506253515625,0.0517208935546875,0.0358067724609375,0.0,0.0,0.0,0.0,0.0,0.0,0.0,0.0,0.0,0.0,0.0,0.0,0.0,0.0,0.0,0.0,0.0,0.0,0.0,0.0,0.0,0.0,0.0,0.0,0.0,0.0
4.2306437180000005,1787890195.7281928,0.020790362049758038,-0.009344492815182015,0.8062391399955131,-0.8316415345936674,2.151466932601095,-2.1137333505052935,60.24465465579117,-69.69405572164767,0.0,0.0,0.0,0.003490658503988659,0.014835298641951803,-0.028797932657906436,-0.22689280275926285,0.25481807079117214,-0.06237108614927411,0.028033478445546045,0.5080825800134607,-0.43187539621899784,-0.171916382796602,0.061560523189948604,0.010995574287564279,-0.01317723585255719,-0.046406572265625,-0.004218779296875,0.493597177734375,-0.43031548828125,-0.17718873046875,0.09281314453125,-0.023871181640625,-0.0358067724609375,0.0,0.0,0.0,0.0,0.0,0.0,0.0,0.0,0.0,0.0,0.0,0.0,0.0,0.0,0.0,0.0,0.0,0.0,0.0,0.0,0.0,0.0,0.0,0.0,0.0,0.0
4.2436975100000005,1787890195.7413878,0.020790362049758038,-0.009344492815182015,0.8062391399955131,-0.8314495483759474,2.151658918818815,-2.1138817034917134,60.242263554715954,-69.69155990081732,0.0,0.0,0.005235987755982989,0.017453292519943295,0.020071286397934793,-0.012217304763960306,-0.24609142453120048,0.24085543677521748,-0.06237108614927411,0.028033478445546045,0.5080825800134607,-0.4322244620693967,-0.17268432766748107,0.06087984478167181,0.011344640137963144,-0.012740903539558607,0.021093896484375,-0.004218779296875,0.506253515625,-0.426096708984375,-0.168751171875,0.0506253515625,-0.0278497119140625,-0.0198926513671875,0.0,0.0,0.0,0.0,0.0,0.0,0.0,0.0,0.0,0.0,0.0,0.0,0.0,0.0,0.0,0.0,0.0,0.0,0.0,0.0,0.0,0.0,0.0,0.0,0.0,0.0
4.252624138,1787890195.7501557,0.020790362049758038,-0.009344492815182015,0.8064311262132322,-0.8311702956956291,2.1518945382678334,-2.1140736897094317,60.239191775232435,-69.68801688243579,0.0,0.0,0.017453292519943295,0.02617993877991494,0.022689280275926284,-0.010471975511965978,-0.2775073510670984,0.29670597283903605,-0.06237108614927411,0.028033478445546045,0.5075589812378625,-0.43419668412415213,-0.17378388509623935,0.059666840951536924,0.012304571226560024,-0.012042771838760874,0.012656337890625,-0.004218779296875,0.493597177734375,-0.4218779296875,-0.168751171875,0.06750046875,0.01591412109375,-0.007957060546875,0.0,0.0,0.0,0.0,0.0,0.0,0.0,0.0,0.0,0.0,0.0,0.0,0.0,0.0,0.0,0.0,0.0,0.0,0.0,0.0,0.0,0.0,0.0,0.0,0.0,0.0
4.262406169,1787890195.759891,0.020790362049758038,-0.009344492815182015,0.8066231124309517,-0.8310655759405092,2.1520865244855525,-2.1140736897094317,60.23660868793949,-69.68494510295228,0.0,0.0,0.04014257279586959,0.008726646259971648,0.023561944901923447,0.0,-0.27401669256310973,0.3700098014227979,-0.06237108614927411,0.028033478445546045,0.5057612921083091,-0.4359071067911044,-0.17475254283109334,0.06006826667949212,0.01387536755335492,-0.014835298641951803,0.0168751171875,0.00843755859375,0.51469107421875,-0.43031548828125,-0.1856262890625,0.0843755859375,-0.0318282421875,-0.007957060546875,0.0,0.0,0.0,0.0,0.0,0.0,0.0,0.0,0.0,0.0,0.0,0.0,0.0,0.0,0.0,0.0,0.0,0.0,0.0,0.0,0.0,0.0,0.0,0.0,0.0,0.0
4.271443454,1787890195.769055,0.020790362049758038,-0.009344492815182015,0.8071990710841095,-0.8310655759405092,2.1523308705808324,-2.1140736897094317,60.233816161136296,-69.68159407078844,0.0,0.0,0.05585053606381855,0.0,0.03577924966588376,0.0,-0.28274333882308134,0.37699111843077515,-0.06237108614927411,0.028033478445546045,0.5029164054275579,-0.43447593680446955,-0.17541576794685035,0.05902106912829552,0.013700834628155488,-0.018500490071139894,0.012656337890625,0.00843755859375,0.502034736328125,-0.43031548828125,-0.1856262890625,0.05906291015625,0.0119355908203125,0.0278497119140625,0.0,0.0,0.0,0.0,0.0,0.0,0.0,0.0,0.0,0.0,0.0,0.0,0.0,0.0,0.0,0.0,0.0,0.0,0.0,0.0,0.0,0.0,0.0,0.0,0.0,0.0
4.280241855,1787890195.7777307,0.020790362049758038,-0.009344492815182015,0.8077750297372672,-0.8311702956956291,2.1527148430162706,-2.1140736897094317,60.23123307384335,-69.67803359911437,0.0,0.0,0.07679448708775051,-0.017453292519943295,0.05235987755982988,0.0,-0.29670597283903605,0.4328416544945937,-0.06237108614927411,0.028033478445546045,0.49961773314128977,-0.4336032721784724,-0.1773705367090861,0.05902106912829552,0.014137166941154067,-0.01884955592153876,0.004218779296875,-0.004218779296875,0.502034736328125,-0.426096708984375,-0.20250140625,0.0506253515625,-0.007957060546875,-0.055699423828125,0.0,0.0,0.0,0.0,0.0,0.0,0.0,0.0,0.0,0.0,0.0,0.0,0.0,0.0,0.0,0.0,0.0,0.0,0.0,0.0,0.0,0.0,0.0,0.0,0.0,0.0
4.290271155,1787890195.7878406,0.020790362049758038,-0.009344492815182015,0.8086476943632652,-0.8313622819133482,2.1534827878871488,-2.1140736897094317,60.22835328057756,-69.67382735561708,0.0,0.0,0.08203047484373349,-0.027925268031909273,0.08203047484373349,0.0,-0.291469985083053,0.4084070449666731,-0.06237108614927411,0.028033478445546045,0.4957954620794233,-0.43154378366111856,-0.1801805168047953,0.05902106912829552,0.014835298641951803,-0.021642082724729686,0.00843755859375,-0.004218779296875,0.49781595703125,-0.44297182617187497,-0.21093896484375,0.0843755859375,-0.0039785302734375,0.039785302734375,0.0,0.0,0.0,0.0,0.0,0.0,0.0,0.0,0.0,0.0,0.0,0.0,0.0,0.0,0.0,0.0,0.0,0.0,0.0,0.0,0.0,0.0,0.0,0.0,0.0,0.0
4.30085339,1787890195.7984076,0.020790362049758038,-0.009344492815182015,0.8093109194790231,-0.8316415345936674,2.154058746540307,-2.1140736897094317,60.225770193284596,-69.66988291150757,0.0,0.0,0.06981317007977318,-0.03316125578789226,0.031415926535897934,0.0,-0.25830872929516074,0.3909537524467298,-0.06237108614927411,0.028033478445546045,0.49265386942583106,-0.4299206274567647,-0.18545141114582014,0.05902106912829552,0.01457349925415265,-0.02042035224833366,0.02531267578125,0.0,0.502034736328125,-0.44297182617187497,-0.168751171875,0.0843755859375,-0.007957060546875,0.0119355908203125,0.0,0.0,0.0,0.0,0.0,0.0,0.0,0.0,0.0,0.0,0.0,0.0,0.0,0.0,0.0,0.0,0.0,0.0,0.0,0.0,0.0,0.0,0.0,0.0,0.0,0.0
4.310583613,1787890195.808136,0.020790362049758038,-0.009344492815182015,0.8099915978873007,-0.8318335208113874,2.154198372880466,-2.1140736897094317,60.22289040001882,-69.66595592069058,0.0,0.0,0.054105206811824215,0.0,0.019198621771937627,0.0,-0.25132741228718347,0.35953782591083194,-0.06237108614927411,0.028033478445546045,0.4918859245549534,-0.4285592706402086,-0.18211783227451114,0.05902106912829552,0.012915436464758038,-0.019547687622336492,0.00843755859375,-0.004218779296875,0.502034736328125,-0.438753046875,-0.168751171875,0.0506253515625,-0.01591412109375,-0.0119355908203125,0.0,0.0,0.0,0.0,0.0,0.0,0.0,0.0,0.0,0.0,0.0,0.0,0.0,0.0,0.0,0.0,0.0,0.0,0.0,0.0,0.0,0.0,0.0,0.0,0.0,0.0
4.320275948,1787890195.8177924,0.020790362049758038,-0.009344492815182015,0.8104628367853395,-0.8317462543487872,2.154538712084605,-2.1140736897094317,60.22049929894359,-69.66269215498934,0.0,0.0,0.04188790204786391,0.0,0.039269908169872414,0.0,-0.25656340004316647,0.3647738136668149,-0.06237108614927411,0.028033478445546045,0.4914146856569156,-0.4312994375658379,-0.18131498081859265,0.05902106912829552,0.012566370614359175,-0.017976891295541596,0.02531267578125,0.0,0.49781595703125,-0.43031548828125,-0.1518760546875,0.0506253515625,-0.007957060546875,-0.023871181640625,0.0,0.0,0.0,0.0,0.0,0.0,0.0,0.0,0.0,0.0,0.0,0.0,0.0,0.0,0.0,0.0,0.0,0.0,0.0,0.0,0.0,0.0,0.0,0.0,0.0,0.0
4.330147005000001,1787890195.8276737,0.020790362049758038,-0.009344492815182015,0.810951528975898,-0.8317462543487872,2.1549226845200433,-2.1140736897094317,60.21800347811324,-69.65944584258065,0.0,0.0,0.05585053606381855,0.0,0.04363323129985824,0.004363323129985824,-0.23561944901923448,0.33859387488689996,-0.06237108614927411,0.028033478445546045,0.4912226994391952,-0.43156123695363835,-0.18434312707080316,0.05902106912829552,0.012828170002158324,-0.018238690683340743,0.0168751171875,0.0,0.493597177734375,-0.43031548828125,-0.1856262890625,0.04218779296875,0.04774236328125,-0.055699423828125,0.0,0.0,0.0,0.0,0.0,0.0,0.0,0.0,0.0,0.0,0.0,0.0,0.0,0.0,0.0,0.0,0.0,0.0,0.0,0.0,0.0,0.0,0.0,0.0,0.0,0.0
4.3407063280000004,1787890195.8382761,0.020790362049758038,-0.009344492815182015,0.8115274876290557,-0.8316415345936674,2.1552979303092226,-2.1140213298318726,60.21569964350059,-69.6559900906617,0.0,0.0,0.054105206811824215,0.0,0.023561944901923447,0.0008726646259971648,-0.21642082724729686,0.3420845333908886,-0.06237108614927411,0.028033478445546045,0.4883603594659244,-0.43156123695363835,-0.18593137669011633,0.05858473681529694,0.011780972450961725,-0.016929693744344998,-0.046406572265625,-0.004218779296875,0.4893783984375,-0.434534267578125,-0.19406384765625,0.0843755859375,0.04774236328125,0.0119355908203125,0.0,0.0,0.0,0.0,0.0,0.0,0.0,0.0,0.0,0.0,0.0,0.0,0.0,0.0,0.0,0.0,0.0,0.0,0.0,0.0,0.0,0.0,0.0,0.0,0.0,0.0
4.350309957,1787890195.8478458,0.020790362049758038,-0.009344492815182015,0.811998726527094,-0.8316415345936674,2.1553939234180826,-2.1139776966005726,60.2136925148608,-69.65253433874274,0.0,0.0,0.048869219055841226,0.0,0.007853981633974483,0.004363323129985824,-0.19722220547535924,0.3490658503988659,-0.06237108614927411,0.028033478445546045,0.4868070164316506,-0.43187539621899784,-0.18504998541786058,0.05877672303301872,0.010821041362364843,-0.01710422666954443,0.021093896484375,0.0,0.4893783984375,-0.43031548828125,-0.12656337890625,0.05906291015625,-0.007957060546875,-0.06763501464843749,0.0,0.0,0.0,0.0,0.0,0.0,0.0,0.0,0.0,0.0,0.0,0.0,0.0,0.0,0.0,0.0,0.0,0.0,0.0,0.0,0.0,0.0,0.0,0.0,0.0,0.0
4.360011028000001,1787890195.8576133,0.020790362049758038,-0.009344492815182015,0.8123826989625327,-0.8318335208113874,2.1554899165269417,-2.1139253367230126,60.21185991914623,-69.64888660060606,0.0,0.0,0.04188790204786391,-0.019198621771937627,0.006108652381980153,0.008726646259971648,-0.17976891295541597,0.3839724354387525,-0.06237108614927411,0.028033478445546045,0.48591689851313385,-0.43187539621899784,-0.18376716841764568,0.058296757488719625,0.009861110273767962,-0.017453292519943295,0.004218779296875,-0.004218779296875,0.47250328125,-0.43031548828125,-0.21093896484375,0.04218779296875,0.043763833007812496,-0.0517208935546875,0.0,0.0,0.0,0.0,0.0,0.0,0.0,0.0,0.0,0.0,0.0,0.0,0.0,0.0,0.0,0.0,0.0,0.0,0.0,0.0,0.0,0.0,0.0,0.0,0.0,0.0
4.370068616,1787890195.8676178,0.020790362049758038,-0.009344492815182015,0.8127666713979718,-0.8321302267842263,2.1554899165269417,-2.1138817034917134,60.21004477672414,-69.64476762357137,0.0,0.0,0.03490658503988659,-0.048869219055841226,0.0,0.0017453292519943296,-0.18151424220741028,0.3752457891787808,-0.06237108614927411,0.028033478445546045,0.4854631129076156,-0.42937957538864413,-0.18388061481902354,0.057703345543041296,0.008988445647770798,-0.019198621771937624,0.021093896484375,-0.004218779296875,0.493597177734375,-0.434534267578125,-0.1856262890625,0.05906291015625,0.0039785302734375,0.01591412109375,0.0,0.0,0.0,0.0,0.0,0.0,0.0,0.0,0.0,0.0,0.0,0.0,0.0,0.0,0.0,0.0,0.0,0.0,0.0,0.0,0.0,0.0,0.0,0.0,0.0,0.0
4.384108598,1787890195.8813937,0.020790362049758038,-0.009344492815182015,0.8131506438334104,-0.8327934518999847,2.1554899165269417,-2.1138817034917134,60.20803764808435,-69.64073591299928,0.0,0.0,0.04014257279586959,-0.07155849933176751,0.0,0.0,-0.17802358370342164,0.44331363000655977,-0.06237108614927411,0.028033478445546045,0.4850093273020961,-0.425522397741737,-0.18326974958082554,0.05827057754994146,0.009075712110370514,-0.01876228945893904,0.012656337890625,-0.004218779296875,0.4893783984375,-0.434534267578125,-0.19406384765625,0.0506253515625,0.01591412109375,-0.0039785302734375,0.0,0.0,0.0,0.0,0.0,0.0,0.0,0.0,0.0,0.0,0.0,0.0,0.0,0.0,0.0,0.0,0.0,0.0,0.0,0.0,0.0,0.0,0.0,0.0,0.0,0.0
4.393865541,1787890195.891423,0.020790362049758038,-0.009344492815182015,0.8137266024865681,-0.833561396770861,2.1554899165269417,-2.1138817034917134,60.2056290937166,-69.63518576597792,0.0,0.0,0.031415926535897934,-0.05759586531581287,0.0,0.0,-0.18500490071139894,0.3892084231947355,-0.06237108614927411,0.028033478445546045,0.4833338112201819,-0.42126379436686934,-0.18326974958082554,0.05844511047514089,0.008901179185171082,-0.02216568150032799,0.00843755859375,-0.004218779296875,0.493597177734375,-0.434534267578125,-0.21093896484375,0.0506253515625,0.0318282421875,0.0198926513671875,0.0,0.0,0.0,0.0,0.0,0.0,0.0,0.0,0.0,0.0,0.0,0.0,0.0,0.0,0.0,0.0,0.0,0.0,0.0,0.0,0.0,0.0,0.0,0.0,0.0,0.0
4.402563077,1787890195.8999796,0.020790362049758038,-0.009344492815182015,0.8140058551668883,-0.8340500889614191,2.1555422764045016,-2.1138817034917134,60.20419792372996,-69.63192200027669,0.0,0.0,0.03665191429188092,-0.06283185307179587,0.005235987755982989,0.0,-0.16231562043547265,0.38571776469074687,-0.06237108614927411,0.028033478445546045,0.48247859988670583,-0.42035622315583565,-0.18326974958082554,0.05844511047514089,0.009250245035569947,-0.019460421159736774,0.021093896484375,0.012656337890625,0.493597177734375,-0.43031548828125,-0.1856262890625,0.033750234375,-0.0039785302734375,0.0278497119140625,0.0,0.0,0.0,0.0,0.0,0.0,0.0,0.0,0.0,0.0,0.0,0.0,0.0,0.0,0.0,0.0,0.0,0.0,0.0,0.0,0.0,0.0,0.0,0.0,0.0,0.0
4.4114298640000005,1787890195.9090142,0.020790362049758038,-0.009344492815182015,0.8143898276023265,-0.8346260476145773,2.1555422764045016,-2.1138817034917134,60.2027667537433,-69.62846624835773,0.0,0.0,0.04188790204786391,-0.05934119456780721,0.0,0.0,-0.13264502315156904,0.3368485456349056,-0.06237108614927411,0.028033478445546045,0.48111724307014714,-0.41836654780856325,-0.18395042798910358,0.05844511047514089,0.008115781021773632,-0.019285888234537345,0.012656337890625,-0.004218779296875,0.493597177734375,-0.4050028125,-0.21093896484375,0.05906291015625,-0.01591412109375,0.0318282421875,0.0,0.0,0.0,0.0,0.0,0.0,0.0,0.0,0.0,0.0,0.0,0.0,0.0,0.0,0.0,0.0,0.0,0.0,0.0,0.0,0.0,0.0,0.0,0.0,0.0,0.0
4.420790449,1787890195.918406,0.020790362049758038,-0.009344492815182015,0.8147738000377651,-0.8352020062677363,2.1555859096358017,-2.1138817034917134,60.201806822654724,-69.62549918862933,0.0,0.0,0.03665191429188092,-0.054105206811824215,0.003490658503988659,0.0,-0.10471975511965977,0.3420845333908886,-0.06237108614927411,0.028033478445546045,0.47944172698823423,-0.41698773769948755,-0.18342682921350528,0.05844511047514089,0.0066322511575784525,-0.016842427281745283,0.012656337890625,-0.004218779296875,0.485159619140625,-0.400784033203125,-0.20250140625,0.0506253515625,0.039785302734375,-0.055699423828125,0.0,0.0,0.0,0.0,0.0,0.0,0.0,0.0,0.0,0.0,0.0,0.0,0.0,0.0,0.0,0.0,0.0,0.0,0.0,0.0,0.0,0.0,0.0,0.0,0.0,0.0
4.430600225,1787890195.9279876,0.020790362049758038,-0.009344492815182015,0.8151577724732038,-0.8357779649208945,2.1556382695133607,-2.1139253367230126,60.20084689156612,-69.62261939536354,0.0,0.0,0.04363323129985824,-0.06806784082777886,0.004363323129985824,0.0,-0.07504915783575616,0.2775073510670984,-0.06237108614927411,0.028033478445546045,0.47881340845751663,-0.41578346051560866,-0.1839067947578044,0.05844511047514089,0.005235987755982989,-0.01710422666954443,-0.046406572265625,-0.004218779296875,0.49781595703125,-0.392346474609375,-0.21093896484375,0.0506253515625,0.0278497119140625,0.0,0.0,0.0,0.0,0.0,0.0,0.0,0.0,0.0,0.0,0.0,0.0,0.0,0.0,0.0,0.0,0.0,0.0,0.0,0.0,0.0,0.0,0.0,0.0,0.0,0.0,0.0
4.441566146,1787890195.9389682,0.020790362049758038,-0.009344492815182015,0.8155417449086428,-0.8366331762543711,2.1557342626222207,-2.1139253367230126,60.200166213157864,-69.62022829428832,0.0,0.0,0.048869219055841226,-0.0994837673636768,0.010471975511965978,0.0,-0.06806784082777886,0.21293016874330822,-0.06237108614927411,0.028033478445546045,0.47696335945040297,-0.4126593211545386,-0.18415114085308118,0.05857601016903846,0.0037524578917878084,-0.01387536755335492,0.021093896484375,-0.004218779296875,0.451409384765625,-0.4218779296875,-0.21093896484375,0.0506253515625,0.007957060546875,-0.0318282421875,0.0,0.0,0.0,0.0,0.0,0.0,0.0,0.0,0.0,0.0,0.0,0.0,0.0,0.0,0.0,0.0,0.0,0.0,0.0,0.0,0.0,0.0,0.0,0.0,0.0,0.0
4.451375507,1787890195.9488208,0.020790362049758038,-0.009344492815182015,0.8161177035618006,-0.8376803738055676,2.1557778958535216,-2.1139253367230126,60.19950298804209,-69.61792445967568,0.0,0.0,0.05934119456780721,-0.10297442586766545,0.003490658503988659,0.0,-0.06457718232379019,0.21293016874330822,-0.06237108614927411,0.028033478445546045,0.47528784336848745,-0.4069520945005192,-0.18504998541785916,0.05857601016903846,0.0034033920413889434,-0.010646508437165412,0.012656337890625,-0.004218779296875,0.49781595703125,-0.4218779296875,-0.21093896484375,0.04218779296875,0.0119355908203125,-0.0278497119140625,0.0,0.0,0.0,0.0,0.0,0.0,0.0,0.0,0.0,0.0,0.0,0.0,0.0,0.0,0.0,0.0,0.0,0.0,0.0,0.0,0.0,0.0,0.0,0.0,0.0,0.0
4.460925567,1787890195.9584055,0.020790362049758038,-0.009344492815182015,0.8167983819700786,-0.8387450246492838,2.1558302557310816,-2.1139253367230126,60.19882230963382,-69.61591733103589,0.0,0.0,0.06806784082777886,-0.10471975511965977,0.004363323129985824,0.0,-0.06632251157578452,0.1867502299633933,-0.06237108614927411,0.028033478445546045,0.4725127698578176,-0.4034614359965307,-0.18448275341096435,0.05857601016903846,0.0032288591161895096,-0.010646508437165412,0.00843755859375,-0.004218779296875,0.485159619140625,-0.3881276953125,-0.12656337890625,0.09281314453125,0.0119355908203125,-0.0318282421875,0.0,0.0,0.0,0.0,0.0,0.0,0.0,0.0,0.0,0.0,0.0,0.0,0.0,0.0,0.0,0.0,0.0,0.0,0.0,0.0,0.0,0.0,0.0,0.0,0.0,0.0
4.470746959,1787890195.9681923,0.020790362049758038,-0.009344492815182015,0.8175663268409563,-0.839896941955601,2.1558738889623807,-2.1139253367230126,60.198054364762946,-69.61418945507641,0.0,0.0,0.09599310885968812,-0.12915436464758037,0.008726646259971648,0.0,-0.06981317007977318,0.1466076571675237,-0.06237108614927411,0.028033478445546045,0.4695980700069864,-0.4000929505401827,-0.1847270995062438,0.05857601016903846,0.0033161255787892262,-0.009337511498169665,0.012656337890625,0.00843755859375,0.485159619140625,-0.43031548828125,-0.2193765234375,0.05906291015625,0.0119355908203125,-0.039785302734375,0.0,0.0,0.0,0.0,0.0,0.0,0.0,0.0,0.0,0.0,0.0,0.0,0.0,0.0,0.0,0.0,0.0,0.0,0.0,0.0,0.0,0.0,0.0,0.0,0.0,0.0
4.480781187000001,1787890195.978238,0.020790362049758038,-0.009344492815182015,0.8186135243921524,-0.8414328316973556,2.1559698820712407,-2.1139253367230126,60.19728641989206,-69.61293281801498,0.0,0.0,0.11344640137963143,-0.15707963267948966,0.008726646259971648,0.0,-0.07853981633974483,0.12740903539558607,-0.06237108614927411,0.028033478445546045,0.4645017085911623,-0.3941937376684389,-0.18529433151313995,0.05857601016903846,0.003490658503988659,-0.007330382858376185,0.02531267578125,-0.004218779296875,0.47250328125,-0.371252578125,-0.2193765234375,0.0843755859375,-0.039785302734375,-0.043763833007812496,0.0,0.0,0.0,0.0,0.0,0.0,0.0,0.0,0.0,0.0,0.0,0.0,0.0,0.0,0.0,0.0,0.0,0.0,0.0,0.0,0.0,0.0,0.0,0.0,0.0,0.0
4.489786855,1787890195.9873195,0.020790362049758038,-0.009344492815182015,0.8196607219433494,-0.8427767352213911,2.1560658751801,-2.1139253367230126,60.196623194776286,-69.6117983540012,0.0,0.0,0.10122909661567113,-0.11868238913561442,0.009599310885968814,0.0,-0.08028514559173917,0.11519173063162574,-0.06237108614927411,0.028033478445546045,0.4596147866855797,-0.38679354163998425,-0.18558231083971993,0.05857601016903846,0.003926990816987242,-0.006370451769779304,-0.04218779296875,0.012656337890625,0.476722060546875,-0.392346474609375,-0.20250140625,0.0506253515625,0.0278497119140625,0.0278497119140625,0.0,0.0,0.0,0.0,0.0,0.0,0.0,0.0,0.0,0.0,0.0,0.0,0.0,0.0,0.0,0.0,0.0,0.0,0.0,0.0,0.0,0.0,0.0,0.0,0.0,0.0
4.500232705,1787890195.9977782,0.020790362049758038,-0.009344492815182015,0.8206206530319466,-0.8439111992351878,2.1562142281665198,-2.1139253367230126,60.195855249905414,-69.61073370315748,0.0,0.0,0.08726646259971647,-0.12566370614359174,0.010471975511965978,0.0,-0.061086523819801536,0.08726646259971647,-0.06237108614927411,0.028033478445546045,0.45769492450838484,-0.38660155542226543,-0.18595755662889696,0.05857601016903846,0.004014257279586959,-0.005759586531581287,-0.04218779296875,-0.004218779296875,0.46406572265625,-0.39656525390624997,-0.2193765234375,0.09281314453125,-0.0358067724609375,-0.0318282421875,0.0,0.0,0.0,0.0,0.0,0.0,0.0,0.0,0.0,0.0,0.0,0.0,0.0,0.0,0.0,0.0,0.0,0.0,0.0,0.0,0.0,0.0,0.0,0.0,0.0,0.0
4.511006975,1787890196.0084448,0.020790362049758038,-0.009344492815182015,0.8216853038756629,-0.8454470889769423,2.1563102212753797,-2.1139253367230126,60.195384011007384,-69.6100704780417,0.0,0.0,0.11868238913561442,-0.15358897417550102,0.008726646259971648,0.0,-0.031415926535897934,0.05934119456780721,-0.06237108614927411,0.028033478445546045,0.4562113946441885,-0.3825000316800776,-0.1864898820507564,0.05857601016903846,0.003054326190990077,-0.004363323129985824,0.0,-0.004218779296875,0.468284501953125,-0.35015868164062497,-0.21093896484375,0.04218779296875,0.01591412109375,-0.039785302734375,0.0,0.0,0.0,0.0,0.0,0.0,0.0,0.0,0.0,0.0,0.0,0.0,0.0,0.0,0.0,0.0,0.0,0.0,0.0,0.0,0.0,0.0,0.0,0.0,0.0,0.0
4.520027972,1787890196.0176275,0.020790362049758038,-0.009344492815182015,0.8229244876445785,-0.8468957122560985,2.156502207493099,-2.1139776966005726,60.19519202478964,-69.60949451938858,0.0,0.0,0.11868238913561442,-0.14835298641951802,0.025307274153917782,-0.0008726646259971648,-0.017453292519943295,0.05759586531581287,-0.06237108614927411,0.028033478445546045,0.4498758494594501,-0.375099835651623,-0.18660332845213695,0.05857601016903846,0.0015707963267948969,-0.002967059728390361,0.012656337890625,-0.004218779296875,0.4218779296875,-0.4050028125,-0.21093896484375,0.033750234375,-0.039785302734375,-0.023871181640625,0.0,0.0,0.0,0.0,0.0,0.0,0.0,0.0,0.0,0.0,0.0,0.0,0.0,0.0,0.0,0.0,0.0,0.0,0.0,0.0,0.0,0.0,0.0,0.0,0.0,0.0
4.530529374,1787890196.028081,0.020790362049758038,-0.009344492815182015,0.8239891384882947,-0.8484316019978531,2.156929813159837,-2.1140736897094317,60.19500003857194,-69.609005827198,0.0,0.0,0.10646508437165411,-0.14311699866353503,0.053232542185827056,-0.008726646259971648,-0.005235987755982989,0.04363323129985824,-0.06237108614927411,0.028033478445546045,0.4461582981527032,-0.37127756458975275,-0.18883734989468887,0.058820356264317926,0.0008726646259971648,-0.0028797932657906437,0.012656337890625,0.0,0.48094083984374997,-0.3543774609375,-0.1350009375,0.0843755859375,0.0198926513671875,-0.0318282421875,0.0,0.0,0.0,0.0,0.0,0.0,0.0,0.0,0.0,0.0,0.0,0.0,0.0,0.0,0.0,0.0,0.0,0.0,0.0,0.0,0.0,0.0,0.0,0.0,0.0,0.0
4.539965769,1787890196.0375843,0.020790362049758038,-0.009344492815182015,0.8252283222572108,-0.8495835193041694,2.1575057718129953,-2.1142133160495917,60.19489531881681,-69.60853458829996,0.0,0.0,0.12566370614359174,-0.10995574287564278,0.05497787143782139,-0.02181661564992912,0.0,0.03665191429188092,-0.06237108614927411,0.028033478445546045,0.4441860760979506,-0.3671934941400874,-0.1929126936980946,0.05989373375429269,0.00026179938779914946,-0.002181661564992912,0.012656337890625,0.012656337890625,0.451409384765625,-0.367033798828125,-0.12656337890625,0.05906291015625,0.0198926513671875,-0.0318282421875,0.0,0.0,0.0,0.0,0.0,0.0,0.0,0.0,0.0,0.0,0.0,0.0,0.0,0.0,0.0,0.0,0.0,0.0,0.0,0.0,0.0,0.0,0.0,0.0,0.0,0.0
4.550494659,1787890196.0480003,0.020790362049758038,-0.009344492815182015,0.826188253345808,-0.8506307168553668,2.1579421041259934,-2.1145536552537307,60.19489531881681,-69.60842986854485,0.0,0.0,0.08552113334772216,-0.10122909661567113,0.03752457891787808,-0.04450589592585541,0.0,-0.022689280275926284,-0.06237108614927411,0.028033478445546045,0.4385486626140086,-0.36705386779992755,-0.19481510258276857,0.06162160971376865,0.0,-0.0018325957145940463,0.021093896484375,0.0,0.4218779296875,-0.367033798828125,-0.20250140625,0.06750046875,-0.043763833007812496,-0.01591412109375,0.0,0.0,0.0,0.0,0.0,0.0,0.0,0.0,0.0,0.0,0.0,0.0,0.0,0.0,0.0,0.0,0.0,0.0,0.0,0.0,0.0,0.0,0.0,0.0,0.0,0.0
4.56017877,1787890196.057803,0.020790362049758038,-0.009344492815182015,0.827043464679285,-0.8514859281888425,2.1583697097927326,-2.115225607015749,60.19489531881681,-69.60862185476256,0.0,0.0,0.08377580409572782,-0.08028514559173917,0.04188790204786391,-0.08988445647770799,0.0,-0.019198621771937627,-0.06237108614927411,0.028033478445546045,0.43968312662780373,-0.36478493977233245,-0.19437877026976857,0.0649115553537783,0.0,0.0011344640137963143,0.021093896484375,0.012656337890625,0.438753046875,-0.371252578125,-0.21093896484375,0.0843755859375,0.01591412109375,-0.0198926513671875,0.0,0.0,0.0,0.0,0.0,0.0,0.0,0.0,0.0,0.0,0.0,0.0,0.0,0.0,0.0,0.0,0.0,0.0,0.0,0.0,0.0,0.0,0.0,0.0,0.0,0.0
4.57097096,1787890196.0685523,0.020790362049758038,-0.009344492815182015,0.827916129305283,-0.8523585928148405,2.1588060421057316,-2.1163251644445054,60.19489531881681,-69.60881384098029,0.0,0.0,0.09424777960769379,-0.1117010721276371,0.04363323129985824,-0.11431906600562859,0.008726646259971648,-0.012217304763960306,-0.06237108614927411,0.028033478445546045,0.43729202555257224,-0.36431370087429865,-0.19609791958298464,0.07146526669501807,0.0,0.0009599310885968814,0.021093896484375,0.00843755859375,0.41344037109375,-0.358596240234375,-0.21093896484375,0.101250703125,0.0198926513671875,-0.0278497119140625,0.0,0.0,0.0,0.0,0.0,0.0,0.0,0.0,0.0,0.0,0.0,0.0,0.0,0.0,0.0,0.0,0.0,0.0,0.0,0.0,0.0,0.0,0.0,0.0,0.0,0.0
4.5802461370000005,1787890196.0777147,0.020790362049758038,-0.009344492815182015,0.8291553130741987,-0.8535977765837561,2.15913765466361,-2.117424721873261,60.19500003857194,-69.60891856073539,0.0,0.0,0.1518436449235067,-0.13613568165555773,0.02617993877991494,-0.09861110273767962,0.006981317007977318,-0.008726646259971648,-0.06237108614927411,0.028033478445546045,0.4336268341233816,-0.35855411434271484,-0.1975814494471811,0.07720739993407948,-0.0004363323129985824,0.0006108652381980154,-0.04218779296875,0.012656337890625,0.43031548828125,-0.375471357421875,-0.21093896484375,0.1181258203125,-0.04774236328125,-0.0318282421875,0.0,0.0,0.0,0.0,0.0,0.0,0.0,0.0,0.0,0.0,0.0,0.0,0.0,0.0,0.0,0.0,0.0,0.0,0.0,0.0,0.0,0.0,0.0,0.0,0.0,0.0
4.590236139,1787890196.087736,0.020790362049758038,-0.009344492815182015,0.8310751752513919,-0.8551336663255107,2.159469267221489,-2.118096673635279,60.19508730503454,-69.60891856073539,0.0,0.0,0.1954768762233649,-0.1658062789394613,0.041015237421866746,-0.053232542185827056,0.0,0.013962634015954637,-0.06237108614927411,0.028033478445546045,0.42414969628505345,-0.3523931020831759,-0.1968309578688216,0.07893527589355126,-0.00034906585039886593,0.0004363323129985824,0.012656337890625,0.0,0.434534267578125,-0.371252578125,-0.2193765234375,0.12656337890625,0.0119355908203125,-0.0318282421875,0.0,0.0,0.0,0.0,0.0,0.0,0.0,0.0,0.0,0.0,0.0,0.0,0.0,0.0,0.0,0.0,0.0,0.0,0.0,0.0,0.0,0.0,0.0,0.0,0.0,0.0
4.59968031,1787890196.097256,0.020790362049758038,-0.009344492815182015,0.8333790098640246,-0.8569662620401051,2.160001592643347,-2.1188646185061573,60.19489531881681,-69.60872657451769,0.0,0.0,0.25656340004316647,-0.17802358370342164,0.06806784082777886,-0.11606439525762292,-0.017453292519943295,0.019198621771937627,-0.06237108614927411,0.028033478445546045,0.414026786623488,-0.34481837312952185,-0.19930932540665428,0.07641327512442053,0.0,-0.0006981317007977319,0.021093896484375,0.0,0.41344037109375,-0.34593990234375,-0.2193765234375,0.1350009375,0.01591412109375,-0.0278497119140625,0.0,0.0,0.0,0.0,0.0,0.0,0.0,0.0,0.0,0.0,0.0,0.0,0.0,0.0,0.0,0.0,0.0,0.0,0.0,0.0,0.0,0.0,0.0,0.0,0.0,0.0
4.610814138,1787890196.1081889,0.020790362049758038,-0.009344492815182015,0.8358748306943764,-0.8587814044621789,2.1609091638543845,-2.120540134588072,60.19470333259911,-69.60842986854485,-0.003490658503988659,0.0,0.23911010752322315,-0.1937315469713706,0.09861110273767962,-0.1832595714594046,-0.024434609527920613,0.006981317007977318,-0.06237108614927411,0.028033478445546045,0.4010066304036097,-0.3380988555093427,-0.2036115620128198,0.08500029504423462,0.0008726646259971648,-0.0009599310885968814,-0.04218779296875,0.012656337890625,0.39656525390624997,-0.324846005859375,-0.22781408203125,0.12656337890625,0.023871181640625,-0.0318282421875,0.0,0.0,0.0,0.0,0.0,0.0,0.0,0.0,0.0,0.0,0.0,0.0,0.0,0.0,0.0,0.0,0.0,0.0,0.0,0.0,0.0,0.0,0.0,0.0,0.0,0.0
4.620484520000001,1787890196.118059,0.020790362049758038,-0.009344492815182015,0.8387546239601673,-0.8608932528570925,2.1617731018341217,-2.1217880450032474,60.19470333259911,-69.60842986854485,0.0,-0.006981317007977318,0.31590459461097364,-0.2076941809873252,0.07592182246175334,-0.041015237421866746,0.0,0.0,-0.06202202029887525,0.028033478445546045,0.39526449716454853,-0.33108263191632636,-0.20938860183692193,0.09674636091015668,0.0012217304763960308,-0.00034906585039886593,0.00843755859375,0.0,0.4218779296875,-0.33750234375,-0.2193765234375,0.1181258203125,0.007957060546875,-0.0278497119140625,0.0,0.0,0.0,0.0,0.0,0.0,0.0,0.0,0.0,0.0,0.0,0.0,0.0,0.0,0.0,0.0,0.0,0.0,0.0,0.0,0.0,0.0,0.0,0.0,0.0,0.0
4.630075765,1787890196.127592,0.02068564229463732,-0.009344492815182015,0.8417216836885579,-0.8627083952791672,2.162733032922718,-2.1219800312209665,60.19470333259911,-69.60842986854485,0.0,0.0,0.27401669256310973,-0.17976891295541597,0.11780972450961724,-0.046251225177849735,0.0,0.0,-0.06237108614927411,0.02873161014634378,0.3789456686584008,-0.32335082332999004,-0.20971148774854112,0.08626565875192929,0.0,0.0,0.012656337890625,-0.004218779296875,0.4218779296875,-0.34593990234375,-0.21093896484375,0.101250703125,0.01591412109375,-0.007957060546875,0.0,0.0,0.0,0.0,0.0,0.0,0.0,0.0,0.0,0.0,0.0,0.0,0.0,0.0,0.0,0.0,0.0,0.0,0.0,0.0,0.0,0.0,0.0,0.0,0.0,0.0
4.640218058,1787890196.137845,0.02068564229463732,-0.009344492815182015,0.8440255183011907,-0.8643490047760416,2.1635969709024563,-2.123227941636143,60.19470333259911,-69.60834260208223,0.0,0.0,0.24434609527920614,-0.14486232791552936,0.050614548307835565,-0.17976891295541597,0.005235987755982989,0.020943951023931956,-0.062056926883911956,0.028033478445546045,0.3742332796780153,-0.32069792286695686,-0.21678007121911663,0.0873652161806849,0.0,0.0,0.021093896484375,-0.004218779296875,0.409221591796875,-0.316408447265625,-0.17718873046875,0.10968826171875,-0.043763833007812496,-0.0119355908203125,0.0,0.0,0.0,0.0,0.0,0.0,0.0,0.0,0.0,0.0,0.0,0.0,0.0,0.0,0.0,0.0,0.0,0.0,0.0,0.0,0.0,0.0,0.0,0.0,0.0,0.0
4.650516353,1787890196.1479886,0.02068564229463732,-0.009344492815182015,0.8467133253492616,-0.8661641471981154,2.1639285834603346,-2.1254357831399147,60.19500003857194,-69.60834260208223,0.0,0.0,0.27576202181510406,-0.21642082724729686,0.03490658503988659,-0.2076941809873252,0.019198621771937627,-0.017453292519943295,-0.062056926883911956,0.028033478445546045,0.3702888355685075,-0.31926675288032236,-0.21265236753815295,0.10446071620397059,-0.00026179938779914946,-0.0010471975511965978,0.02531267578125,-0.004218779296875,0.37969013671875,-0.2868769921875,-0.20250140625,0.0843755859375,0.007957060546875,-0.01591412109375,0.0,0.0,0.0,0.0,0.0,0.0,0.0,0.0,0.0,0.0,0.0,0.0,0.0,0.0,0.0,0.0,0.0,0.0,0.0,0.0,0.0,0.0,0.0,0.0,0.0,0.0
4.660978395,1787890196.1585495,0.02068564229463732,-0.009344492815182015,0.8494883988599327,-0.8687472344910665,2.1645569019910527,-2.126439347459812,60.19500003857194,-69.60862185476256,0.0,0.0,0.24609142453120048,-0.2530727415391778,0.07330382858376185,-0.051487212933832724,0.0,-0.019198621771937627,-0.062056926883911956,0.028033478445546045,0.3590838217707049,-0.30666547568092417,-0.2120764088849929,0.11387676751847704,-0.0009599310885968814,0.0008726646259971648,0.012656337890625,-0.004218779296875,0.367033798828125,-0.36281501953125,-0.20250140625,0.04218779296875,-0.043763833007812496,0.0517208935546875,0.0,0.0,0.0,0.0,0.0,0.0,0.0,0.0,0.0,0.0,0.0,0.0,0.0,0.0,0.0,0.0,0.0,0.0,0.0,0.0,0.0,0.0,0.0,0.0,0.0,0.0
4.670630761,1787890196.1681995,0.02068564229463732,-0.009344492815182015,0.8518794999351647,-0.8708590828859801,2.165080500766651,-2.1272509255619902,60.19500003857194,-69.60853458829996,-0.008726646259971648,0.0,0.24609142453120048,-0.19024088846738194,0.03228859116189509,-0.11693705988362009,0.0,0.003490658503988659,-0.062056926883911956,0.028033478445546045,0.353725660967082,-0.2952510223728828,-0.2178010888315347,0.10126676367281982,0.0,0.0009599310885968814,-0.046406572265625,0.0,0.3543774609375,-0.3543774609375,-0.22781408203125,0.0506253515625,-0.043763833007812496,0.0039785302734375,0.0,0.0,0.0,0.0,0.0,0.0,0.0,0.0,0.0,0.0,0.0,0.0,0.0,0.0,0.0,0.0,0.0,0.0,0.0,0.0,0.0,0.0,0.0,0.0,0.0,0.0
4.680577467,1787890196.1780477,0.02068564229463732,-0.009344492815182015,0.8543753207655165,-0.8727789450631747,2.16532484686193,-2.128978801521464,60.19519202478964,-69.60823788232713,0.0,0.0,0.24260076602721178,-0.20245819323134226,0.023561944901923447,-0.20682151636132806,0.017453292519943295,0.013962634015954637,-0.06118426225791479,0.028033478445546045,0.34655235774138604,-0.2951986624953215,-0.21527036141614284,0.11024648267433329,0.0,-0.00017453292519943296,0.021093896484375,-0.004218779296875,0.371252578125,-0.316408447265625,-0.19406384765625,0.0506253515625,0.01591412109375,-0.0278497119140625,0.0,0.0,0.0,0.0,0.0,0.0,0.0,0.0,0.0,0.0,0.0,0.0,0.0,0.0,0.0,0.0,0.0,0.0,0.0,0.0,0.0,0.0,0.0,0.0,0.0,0.0
4.691007156,1787890196.1883967,0.02068564229463732,-0.009344492815182015,0.8566791553781492,-0.8746988072403674,2.165708819297368,-2.1305583244945185,60.195384011007384,-69.60834260208223,0.0,0.0,0.1867502299633933,-0.17278759594743864,0.053232542185827056,-0.11606439525762292,0.006981317007977318,-0.008726646259971648,-0.062056926883911956,0.028033478445546045,0.33941396110072947,-0.28821734548734185,-0.2151307350759827,0.12441855620052507,-0.0008726646259971648,-0.0006981317007977319,0.021093896484375,0.00843755859375,0.34593990234375,-0.291095771484375,-0.20250140625,0.06750046875,0.007957060546875,-0.0318282421875,0.0,0.0,0.0,0.0,0.0,0.0,0.0,0.0,0.0,0.0,0.0,0.0,0.0,0.0,0.0,0.0,0.0,0.0,0.0,0.0,0.0,0.0,0.0,0.0,0.0,0.0
4.700540673,1787890196.1981013,0.02068564229463732,-0.009344492815182015,0.8581103253647844,-0.8758507245466847,2.1663720444131265,-2.1313262693653967,60.1955759972251,-69.60842986854485,0.0,0.0,0.12566370614359174,-0.061086523819801536,0.06806784082777886,-0.06283185307179587,0.04014257279586959,-0.006981317007977318,-0.062056926883911956,0.028033478445546045,0.3380875108692131,-0.285424818684154,-0.21924971211068767,0.12008141300931846,-0.00034906585039886593,0.0004363323129985824,0.00843755859375,0.004218779296875,0.35015868164062497,-0.31218966796875,-0.21093896484375,0.033750234375,-0.043763833007812496,-0.023871181640625,0.0,0.0,0.0,0.0,0.0,0.0,0.0,0.0,0.0,0.0,0.0,0.0,0.0,0.0,0.0,0.0,0.0,0.0,0.0,0.0,0.0,0.0,0.0,0.0,0.0,0.0
4.711150461,1787890196.208681,0.02068564229463732,-0.009344492815182015,0.8592622426711007,-0.8761299772270021,2.1667560168485656,-2.132146574113833,60.19615195587826,-69.60842986854485,0.0,0.0,0.10646508437165411,-0.022689280275926284,0.01658062789394613,-0.09599310885968812,0.06283185307179587,0.0,-0.062056926883911956,0.028033478445546045,0.33990265329128777,-0.2931391739779659,-0.22272291732215785,0.11706199340337026,-0.0020071286397934794,0.00034906585039886593,-0.046406572265625,-0.004218779296875,0.34593990234375,-0.29531455078125,-0.17718873046875,0.0843755859375,0.007957060546875,-0.0119355908203125,0.0,0.0,0.0,0.0,0.0,0.0,0.0,0.0,0.0,0.0,0.0,0.0,0.0,0.0,0.0,0.0,0.0,0.0,0.0,0.0,0.0,0.0,0.0,0.0,0.0,0.0
4.7218014010000005,1787890196.2192554,0.02068564229463732,-0.009344492815182015,0.8601349072970979,-0.8766186694175611,2.1668520099574247,-2.1329581522160113,60.196919900749116,-69.60853458829996,0.0,0.0,0.07155849933176751,-0.03665191429188092,0.013962634015954637,-0.0497418836818384,0.06283185307179587,-0.008726646259971648,-0.062056926883911956,0.028033478445546045,0.33836676354953243,-0.296141140291401,-0.21872611333509184,0.1228390332274684,-0.0031415926535897937,0.0,-0.046406572265625,0.0,0.36281501953125,-0.29531455078125,-0.17718873046875,0.07593802734375,0.0278497119140625,-0.0119355908203125,0.0,0.0,0.0,0.0,0.0,0.0,0.0,0.0,0.0,0.0,0.0,0.0,0.0,0.0,0.0,0.0,0.0,0.0,0.0,0.0,0.0,0.0,0.0,0.0,0.0,0.0
4.730681436,1787890196.2282398,0.02059837583203805,-0.009344492815182015,0.8609028521679756,-0.876810655635281,2.1670003629438446,-2.1332984914201503,60.19747840610976,-69.60853458829996,-0.008726646259971648,0.0,0.06981317007977318,-0.017453292519943295,0.013962634015954637,-0.027925268031909273,0.06806784082777886,0.0,-0.062056926883911956,0.028033478445546045,0.33923942817552977,-0.2932788003181288,-0.21875229327387,0.12064864501621816,-0.0031415926535897937,0.0004363323129985824,0.00843755859375,-0.004218779296875,0.358596240234375,-0.303752109375,-0.27843943359375,0.0843755859375,0.023871181640625,-0.007957060546875,0.0,0.0,0.0,0.0,0.0,0.0,0.0,0.0,0.0,0.0,0.0,0.0,0.0,0.0,0.0,0.0,0.0,0.0,0.0,0.0,0.0,0.0,0.0,0.0,0.0,0.0
4.740374922,1787890196.2378047,0.02059837583203805,-0.009344492815182015,0.8615660772837335,-0.8770026418530001,2.1671923491615637,-2.1336824638555894,60.198054364762946,-69.60853458829996,0.0,0.0,0.08028514559173917,-0.027925268031909273,0.019198621771937627,-0.047123889803846894,0.061086523819801536,0.0,-0.06092246287011699,0.028033478445546045,0.337110126488096,-0.2946227038421626,-0.21919735223312972,0.11948800106364228,-0.0034033920413889434,0.0,-0.046406572265625,-0.004218779296875,0.35015868164062497,-0.29531455078125,-0.21093896484375,0.19406384765625,0.01591412109375,-0.023871181640625,0.0,0.0,0.0,0.0,0.0,0.0,0.0,0.0,0.0,0.0,0.0,0.0,0.0,0.0,0.0,0.0,0.0,0.0,0.0,0.0,0.0,0.0,0.0,0.0,0.0,0.0
4.750278300000001,1787890196.2476854,0.02059837583203805,-0.009344492815182015,0.86261327483493,-0.8774738807510385,2.167427968610583,-2.1341537027536277,60.198630323416076,-69.60862185476256,0.0,0.0,0.12217304763960307,-0.06806784082777886,0.03403392041388943,-0.046251225177849735,0.054105206811824215,0.0,-0.061795127496114155,0.028033478445546045,0.33407325358962575,-0.2929995476378087,-0.2202969096618853,0.12255978054715329,-0.003054326190990077,0.0,0.00843755859375,-0.004218779296875,0.35015868164062497,-0.299533330078125,-0.20250140625,0.17718873046875,0.01591412109375,-0.0318282421875,0.0,0.0,0.0,0.0,0.0,0.0,0.0,0.0,0.0,0.0,0.0,0.0,0.0,0.0,0.0,0.0,0.0,0.0,0.0,0.0,0.0,0.0,0.0,0.0,0.0,0.0
4.760779606000001,1787890196.2582822,0.02059837583203805,-0.009344492815182015,0.8640618981140853,-0.8784338118396349,2.167960294032442,-2.134590035066626,60.199206282069234,-69.60872657451769,-0.008726646259971648,0.0,0.14137166941154067,-0.10297442586766545,0.06457718232379019,-0.03577924966588376,0.05235987755982988,-0.0017453292519943296,-0.061795127496114155,0.028033478445546045,0.32674287073124975,-0.2875715736641067,-0.22248729787313803,0.12388623077866863,-0.0027052603405912107,0.0,-0.04218779296875,-0.004218779296875,0.299533330078125,-0.303752109375,-0.1856262890625,0.09281314453125,0.0,-0.023871181640625,0.0,0.0,0.0,0.0,0.0,0.0,0.0,0.0,0.0,0.0,0.0,0.0,0.0,0.0,0.0,0.0,0.0,0.0,0.0,0.0,0.0,0.0,0.0,0.0,0.0,0.0
4.770404931000001,1787890196.2679734,0.02059837583203805,-0.009344492815182015,0.8654058016381208,-0.8792890231731132,2.168675879025759,-2.135070000610924,60.19978224072242,-69.60881384098029,0.0,0.0,0.13962634015954636,-0.08552113334772216,0.07330382858376185,-0.06632251157578452,0.06283185307179587,-0.003490658503988659,-0.06092246287011699,0.028033478445546045,0.3204771387165901,-0.2812011218943289,-0.22713860032970506,0.12414803016646636,-0.0026179938779914945,8.726646259971648e-05,-0.046406572265625,0.012656337890625,0.324846005859375,-0.303752109375,-0.20250140625,0.1856262890625,-0.0358067724609375,-0.0198926513671875,0.0,0.0,0.0,0.0,0.0,0.0,0.0,0.0,0.0,0.0,0.0,0.0,0.0,0.0,0.0,0.0,0.0,0.0,0.0,0.0,0.0,0.0,0.0,0.0,0.0,0.0
4.780643002000001,1787890196.27806,0.02059837583203805,-0.009344492815182015,0.8668369716247564,-0.8800569680439905,2.1692082044476173,-2.1360735649308213,60.20055018559328,-69.60891856073539,0.0,0.0,0.16406094968746698,-0.08552113334772216,0.04450589592585541,-0.1335176877775662,0.09075712110370514,-0.020943951023931956,-0.061795127496114155,0.028033478445546045,0.31661996106968315,-0.28038081714588825,-0.23015801993565432,0.128642252990351,-0.0031415926535897937,0.00017453292519943296,0.00843755859375,0.004218779296875,0.32906478515625,-0.26578309570312497,-0.1856262890625,0.19406384765625,-0.007957060546875,-0.01591412109375,0.0,0.0,0.0,0.0,0.0,0.0,0.0,0.0,0.0,0.0,0.0,0.0,0.0,0.0,0.0,0.0,0.0,0.0,0.0,0.0,0.0,0.0,0.0,0.0,0.0,0.0
4.791214357,1787890196.2884614,0.02059837583203805,-0.009344492815182015,0.8684775811216303,-0.8811216188877067,2.1698714295633756,-2.137513461563716,60.20161483643701,-69.60930253317083,0.0,0.0,0.14835298641951802,-0.1117010721276371,0.08813912722571365,-0.1492256510455152,0.11693705988362009,-0.04363323129985824,-0.061795127496114155,0.028033478445546045,0.3098829901569843,-0.2780769825332564,-0.228875202935438,0.1383724635702212,-0.004537856055185257,0.0010471975511965978,0.012656337890625,-0.004218779296875,0.35015868164062497,-0.26156431640625,-0.2531267578125,0.17718873046875,-0.0119355908203125,-0.007957060546875,0.0,0.0,0.0,0.0,0.0,0.0,0.0,0.0,0.0,0.0,0.0,0.0,0.0,0.0,0.0,0.0,0.0,0.0,0.0,0.0,0.0,0.0,0.0,0.0,0.0,0.0
4.800893795,1787890196.2983947,0.02059837583203805,-0.009344492815182015,0.8699960175708661,-0.8824655224117421,2.171119339978551,-2.1392413375231905,60.20315072617874,-69.609878491824,0.0,0.0,0.1466076571675237,-0.1308996938995747,0.1317723585255719,-0.15533430342749532,0.1658062789394613,-0.054105206811824215,-0.061795127496114155,0.028033478445546045,0.3065319579931573,-0.2722650361241163,-0.23522820141269885,0.1442629497956998,-0.0058468529941810045,0.002181661564992912,0.0,-0.004218779296875,0.307970888671875,-0.24468919921875,-0.24468919921875,0.16031361328125,-0.039785302734375,0.055699423828125,0.0,0.0,0.0,0.0,0.0,0.0,0.0,0.0,0.0,0.0,0.0,0.0,0.0,0.0,0.0,0.0,0.0,0.0,0.0,0.0,0.0,0.0,0.0,0.0,0.0,0.0
4.810567378,1787890196.3080552,0.02059837583203805,-0.009344492815182015,0.8712526546323014,-0.8837047061806587,2.1723672503937275,-2.140628874278526,60.2048611488457,-69.61026246425943,0.0,0.0,0.10122909661567113,-0.12915436464758037,0.11519173063162574,-0.1239183768915974,0.18500490071139894,-0.027925268031909273,-0.061795127496114155,0.028033478445546045,0.30215118157064946,-0.26631346337481615,-0.24333525578821108,0.15005744291232145,-0.008290313946973065,0.0027052603405912107,0.012656337890625,-0.004218779296875,0.2868769921875,-0.2531267578125,-0.2193765234375,0.101250703125,-0.0119355908203125,-0.0198926513671875,0.0,0.0,0.0,0.0,0.0,0.0,0.0,0.0,0.0,0.0,0.0,0.0,0.0,0.0,0.0,0.0,0.0,0.0,0.0,0.0,0.0,0.0,0.0,0.0,0.0,0.0
4.820299809000001,1787890196.3178294,0.02059837583203805,-0.009344492815182015,0.87182861328546,-0.8845773708066558,2.1729432090468848,-2.1420164110338615,60.206781011022905,-69.61045445047715,0.0,0.0,0.013962634015954637,-0.05759586531581287,0.027052603405912107,-0.16144295580947549,0.20245819323134226,-0.003490658503988659,-0.061795127496114155,0.028033478445546045,0.3029191264415288,-0.2627704449932661,-0.24542092424434553,0.15107846052473828,-0.009250245035569947,0.0013962634015954637,-0.046406572265625,0.004218779296875,0.32906478515625,-0.299533330078125,-0.19406384765625,0.21093896484375,-0.01591412109375,-0.0198926513671875,0.0,0.0,0.0,0.0,0.0,0.0,0.0,0.0,0.0,0.0,0.0,0.0,0.0,0.0,0.0,0.0,0.0,0.0,0.0,0.0,0.0,0.0,0.0,0.0,0.0,0.0
4.830377589,1787890196.327828,0.02059837583203805,-0.009344492815182015,0.8717238935303402,-0.8849613432420949,2.1732311883734647,-2.143840280102196,60.20880559295522,-69.61045445047715,0.0,0.0,-0.017453292519943295,-0.03665191429188092,0.04014257279586959,-0.1858775653373961,0.20943951023931953,0.0,-0.061795127496114155,0.028033478445546045,0.3099178967420245,-0.2673083010484515,-0.23833488748124604,0.1589935286825327,-0.010122909661567113,0.00017453292519943296,0.00843755859375,0.0,0.3206272265625,-0.248907978515625,-0.236251640625,0.0843755859375,-0.023871181640625,-0.023871181640625,0.0,0.0,0.0,0.0,0.0,0.0,0.0,0.0,0.0,0.0,0.0,0.0,0.0,0.0,0.0,0.0,0.0,0.0,0.0,0.0,0.0,0.0,0.0,0.0,0.0,0.0
4.840421352,1787890196.337953,0.02059837583203805,-0.009344492815182015,0.8713399210949015,-0.8854325821401323,2.173946773366782,-2.1448438444220925,60.2107254551324,-69.61045445047715,0.0,0.0,-0.047123889803846894,-0.020943951023931956,0.08988445647770799,-0.05672320068981571,0.20245819323134226,0.008726646259971648,-0.061795127496114155,0.028033478445546045,0.31337364866097384,-0.2682507788445274,-0.24050782239998172,0.16690859684032838,-0.010471975511965978,0.0,0.00843755859375,0.012656337890625,0.291095771484375,-0.291095771484375,-0.2531267578125,0.17718873046875,0.0,0.0517208935546875,0.0,0.0,0.0,0.0,0.0,0.0,0.0,0.0,0.0,0.0,0.0,0.0,0.0,0.0,0.0,0.0,0.0,0.0,0.0,0.0,0.0,0.0,0.0,0.0,0.0,0.0
4.850932579,1787890196.348426,0.02059837583203805,-0.009344492815182015,0.8706766959791437,-0.8854325821401323,2.1749590643329384,-2.14580377551069,60.21262786401709,-69.61015774450432,0.0,0.0,-0.07504915783575616,0.008726646259971648,0.09512044423369097,-0.12042771838760874,0.1518436449235067,0.029670597283903605,-0.061795127496114155,0.028033478445546045,0.3174926256956801,-0.26840785847720994,-0.24762876574811765,0.1570038533352597,-0.010122909661567113,-0.0004363323129985824,0.02531267578125,0.0,0.324846005859375,-0.291095771484375,-0.27843943359375,0.10968826171875,-0.0358067724609375,-0.007957060546875,0.0,0.0,0.0,0.0,0.0,0.0,0.0,0.0,0.0,0.0,0.0,0.0,0.0,0.0,0.0,0.0,0.0,0.0,0.0,0.0,0.0,0.0,0.0,0.0,0.0,0.0
4.860378382,1787890196.3579133,0.02059837583203805,-0.009344492815182015,0.8699960175708661,-0.885345315677533,2.175962628652835,-2.147104045803425,60.21397176754112,-69.609878491824,0.0,0.0,-0.061086523819801536,0.0,0.10646508437165411,-0.1308996938995747,0.12740903539558607,0.02617993877991494,-0.061795127496114155,0.028033478445546045,0.3222748278461447,-0.2713749182056003,-0.25118923742218485,0.1662540983708308,-0.007592182246175335,-0.0014835298641951804,-0.046406572265625,0.00843755859375,0.32906478515625,-0.27843943359375,-0.26156431640625,0.16031361328125,0.023871181640625,-0.0119355908203125,0.0,0.0,0.0,0.0,0.0,0.0,0.0,0.0,0.0,0.0,0.0,0.0,0.0,0.0,0.0,0.0,0.0,0.0,0.0,0.0,0.0,0.0,0.0,0.0,0.0,0.0
4.870288095,1787890196.3678021,0.02059837583203805,-0.009344492815182015,0.8694200589177075,-0.8854325821401323,2.176678213646152,-2.1478719906743025,60.21503641838485,-69.60977377206888,0.0,0.0,-0.05934119456780721,0.0,0.054105206811824215,-0.03228859116189509,0.10297442586766545,0.0,-0.061795127496114155,0.028033478445546045,0.32292059966938197,-0.2707640529674009,-0.2553343943956705,0.17120210680023354,-0.006370451769779304,-0.0013089969389957472,-0.046406572265625,-0.004218779296875,0.299533330078125,-0.291095771484375,-0.19406384765625,0.10968826171875,-0.0278497119140625,-0.0119355908203125,0.0,0.0,0.0,0.0,0.0,0.0,0.0,0.0,0.0,0.0,0.0,0.0,0.0,0.0,0.0,0.0,0.0,0.0,0.0,0.0,0.0,0.0,0.0,0.0,0.0,0.0
4.880562006,1787890196.3779624,0.02059837583203805,-0.009344492815182015,0.8686521140468306,-0.885345315677533,2.1774461585170304,-2.1482036032321816,60.21599634947342,-69.609878491824,0.0,0.0,-0.08726646259971647,0.008726646259971648,0.09337511498169665,-0.05585053606381855,0.08203047484373349,-0.005235987755982989,-0.061795127496114155,0.028033478445546045,0.3244739427036584,-0.2705022535796031,-0.2522451616196396,0.16364483113909742,-0.005148721293383273,0.0,-0.04218779296875,-0.004218779296875,0.341721123046875,-0.236251640625,-0.26156431640625,0.16031361328125,-0.0358067724609375,-0.0318282421875,0.0,0.0,0.0,0.0,0.0,0.0,0.0,0.0,0.0,0.0,0.0,0.0,0.0,0.0,0.0,0.0,0.0,0.0,0.0,0.0,0.0,0.0,0.0,0.0,0.0,0.0
4.890410599,1787890196.3878627,0.02059837583203805,-0.009344492815182015,0.8679888889310727,-0.885345315677533,2.1785980758233467,-2.149303160660938,60.216851560806894,-69.609878491824,0.0,0.0,-0.04188790204786391,-0.017453292519943295,0.11693705988362009,-0.15795229730548682,0.08726646259971647,0.0,-0.061795127496114155,0.028033478445546045,0.32957030411947985,-0.2716367175933981,-0.25847598704926134,0.1669958633029273,-0.004101523742186675,0.00026179938779914946,0.00843755859375,-0.004218779296875,0.333283564453125,-0.26578309570312497,-0.31218966796875,0.17718873046875,-0.0278497119140625,0.06763501464843749,0.0,0.0,0.0,0.0,0.0,0.0,0.0,0.0,0.0,0.0,0.0,0.0,0.0,0.0,0.0,0.0,0.0,0.0,0.0,0.0,0.0,0.0,0.0,0.0,0.0,0.0
4.900037621,1787890196.3975534,0.02059837583203805,-0.009344492815182015,0.8677969027133527,-0.8859038210381707,2.1801339655651013,-2.151415009055851,60.217724225432896,-69.6100704780417,0.008726646259971648,0.0,-0.017453292519943295,-0.08377580409572782,0.17889624832941875,-0.22514747350726852,0.09075712110370514,-0.020943951023931956,-0.061795127496114155,0.028033478445546045,0.3270221234115683,-0.2690187237154066,-0.2642879334584028,0.18050471171336344,-0.004363323129985824,0.0,0.012656337890625,-0.004218779296875,0.341721123046875,-0.270001875,-0.2868769921875,0.1856262890625,-0.0318282421875,0.0755920751953125,0.0,0.0,0.0,0.0,0.0,0.0,0.0,0.0,0.0,0.0,0.0,0.0,0.0,0.0,0.0,0.0,0.0,0.0,0.0,0.0,0.0,0.0,0.0,0.0,0.0,0.0
4.910569295,1787890196.4080842,0.02068564229463732,-0.009344492815182015,0.8677969027133527,-0.887055738344487,2.181905474755876,-2.152662919471027,60.21877142298411,-69.61045445047715,0.0,0.0,0.0,-0.11868238913561442,0.16318828506146982,-0.08464846872172499,0.09424777960769379,-0.03316125578789226,-0.06266779212211132,0.028033478445546045,0.32515462111193616,-0.2607109564759153,-0.27509152152824634,0.19355977451827983,-0.004537856055185257,0.0010471975511965978,0.00843755859375,0.004218779296875,0.33750234375,-0.2193765234375,-0.29531455078125,0.12656337890625,0.0358067724609375,-0.0198926513671875,0.0,0.0,0.0,0.0,0.0,0.0,0.0,0.0,0.0,0.0,0.0,0.0,0.0,0.0,0.0,0.0,0.0,0.0,0.0,0.0,0.0,0.0,0.0,0.0,0.0,0.0
4.9204004800000005,1787890196.4179325,0.02068564229463732,-0.009344492815182015,0.8677969027133527,-0.8880156694330843,2.1833453713887714,-2.1539108298862035,60.219923340290414,-69.6108384229126,0.0,0.0,0.0,-0.08901179185171082,0.14835298641951802,-0.16406094968746698,0.12042771838760874,-0.03665191429188092,-0.062056926883911956,0.028033478445546045,0.3234092918599418,-0.25376454605297755,-0.2788352527737753,0.18325360528525456,-0.00471238898038469,0.0016580627893946131,0.02531267578125,-0.004218779296875,0.33750234375,-0.2193765234375,-0.29531455078125,0.16031361328125,-0.0198926513671875,0.0517208935546875,0.0,0.0,0.0,0.0,0.0,0.0,0.0,0.0,0.0,0.0,0.0,0.0,0.0,0.0,0.0,0.0,0.0,0.0,0.0,0.0,0.0,0.0,0.0,0.0,0.0,0.0
4.930197104,1787890196.4277248,0.02068564229463732,-0.009344492815182015,0.8677096362507535,-0.8892723064945205,2.184924894361827,-2.1559703184035564,60.22107525759673,-69.61111767559292,0.0,0.0,0.0,-0.17802358370342164,0.16493361431346415,-0.22078415037728272,0.12915436464758037,-0.050614548307835565,-0.062056926883911956,0.028033478445546045,0.3234092918599418,-0.2538518125155761,-0.2816714128082665,0.19493858462735783,-0.006021385919380437,0.0018325957145940463,0.012656337890625,-0.004218779296875,0.32906478515625,-0.19828262695312499,-0.27843943359375,0.303752109375,-0.01591412109375,-0.01591412109375,0.0,0.0,0.0,0.0,0.0,0.0,0.0,0.0,0.0,0.0,0.0,0.0,0.0,0.0,0.0,0.0,0.0,0.0,0.0,0.0,0.0,0.0,0.0,0.0,0.0,0.0
4.940611081,1787890196.4381514,0.02068564229463732,-0.009344492815182015,0.8679016224684726,-0.8914714213520334,2.1863211577634214,-2.158029806920909,60.222611147338505,-69.6118856204638,0.0,0.0,0.017453292519943295,-0.21642082724729686,0.1117010721276371,-0.2076941809873252,0.14311699866353503,-0.05759586531581287,-0.062056926883911956,0.028033478445546045,0.32367109124773963,-0.24118072214609643,-0.28806804451682766,0.20678937024839789,-0.006457718232379019,0.0025307274153917782,0.012656337890625,-0.004218779296875,0.341721123046875,-0.236251640625,-0.26156431640625,0.16031361328125,-0.0198926513671875,-0.01591412109375,0.0,0.0,0.0,0.0,0.0,0.0,0.0,0.0,0.0,0.0,0.0,0.0,0.0,0.0,0.0,0.0,0.0,0.0,0.0,0.0,0.0,0.0,0.0,0.0,0.0,0.0
4.950190678,1787890196.4476883,0.02068564229463732,-0.009344492815182015,0.8679016224684726,-0.8932865637741072,2.187612701409898,-2.160333641533542,60.22404231732512,-69.61235685936182,0.0,0.0,0.0,-0.18500490071139894,0.1343903524035634,-0.22514747350726852,0.158824961931484,-0.05235987755982988,-0.062056926883911956,0.028033478445546045,0.321349803342588,-0.23074365321917023,-0.2869335805030285,0.21165883886146059,-0.007155849933176752,0.0028797932657906437,-0.029531455078125,-0.004218779296875,0.341721123046875,-0.270001875,-0.26156431640625,0.24468919921875,-0.01591412109375,-0.01591412109375,0.0,0.0,0.0,0.0,0.0,0.0,0.0,0.0,0.0,0.0,0.0,0.0,0.0,0.0,0.0,0.0,0.0,0.0,0.0,0.0,0.0,0.0,0.0,0.0,0.0,0.0
4.960758993000001,1787890196.458302,0.02068564229463732,-0.009344492815182015,0.8679016224684726,-0.8952064259513008,2.1890002381652334,-2.1626811093774747,60.225770193284596,-69.6128455515524,0.0,0.0,0.0,-0.1954768762233649,0.15271630954950383,-0.2687807048071268,0.17278759594743864,-0.04188790204786391,-0.062056926883911956,0.028033478445546045,0.32309513259458233,-0.22843981860653856,-0.2930771394700504,0.2203156719513531,-0.0079412480965742,0.0026179938779914945,0.012656337890625,0.00843755859375,0.282658212890625,-0.223595302734375,-0.36281501953125,0.2531267578125,-0.0119355908203125,-0.007957060546875,0.0,0.0,0.0,0.0,0.0,0.0,0.0,0.0,0.0,0.0,0.0,0.0,0.0,0.0,0.0,0.0,0.0,0.0,0.0,0.0,0.0,0.0,0.0,0.0,0.0,0.0
4.970664931,1787890196.4682164,0.02068564229463732,-0.009344492815182015,0.8679016224684726,-0.8974229941013343,2.190344141689269,-2.165796522092284,60.227882041679514,-69.61342151020554,0.0,0.0,0.0,-0.2234021442552742,0.10646508437165411,-0.27663468644110123,0.19722220547535924,-0.07155849933176751,-0.062056926883911956,0.028033478445546045,0.32309513259458233,-0.22163303452376104,-0.29907234545065103,0.23172139861313734,-0.008639379797371933,0.0020943951023931957,-0.046406572265625,0.012656337890625,0.333283564453125,-0.22781408203125,-0.2531267578125,0.2531267578125,-0.007957060546875,-0.007957060546875,0.0,0.0,0.0,0.0,0.0,0.0,0.0,0.0,0.0,0.0,0.0,0.0,0.0,0.0,0.0,0.0,0.0,0.0,0.0,0.0,0.0,0.0,0.0,0.0,0.0,0.0
4.980721206,1787890196.4781196,0.02068564229463732,-0.009344492815182015,0.8679016224684726,-0.8997093754214465,2.191400065886725,-2.1680043635960575,60.229889170319304,-69.61418945507641,0.0,0.0,0.0,-0.21467549799530256,0.11868238913561442,-0.2033308578573394,0.22863813201125718,-0.05934119456780721,-0.062056926883911956,0.028033478445546045,0.32309513259458233,-0.21219080327046974,-0.29847893350497245,0.24185303492096238,-0.009861110273767962,0.003577924966588376,0.021093896484375,0.00843755859375,0.33750234375,-0.24047041992187498,-0.26156431640625,0.236251640625,0.0,0.04774236328125,0.0,0.0,0.0,0.0,0.0,0.0,0.0,0.0,0.0,0.0,0.0,0.0,0.0,0.0,0.0,0.0,0.0,0.0,0.0,0.0,0.0,0.0,0.0,0.0,0.0,0.0
4.990559655,1787890196.4880538,0.02068564229463732,-0.009344492815182015,0.8677969027133527,-0.9013499849183217,2.1928399625196207,-2.1703518314399894,60.232105738469336,-69.61466069397447,0.0,0.0,-0.031415926535897934,-0.14137166941154067,0.1736602605734358,-0.2478367537831948,0.21991148575128555,-0.061086523819801536,-0.062056926883911956,0.028033478445546045,0.32309513259458233,-0.20620432393613042,-0.3028684365737376,0.24114617657390708,-0.01143190660056286,0.002967059728390361,0.00843755859375,-0.004218779296875,0.35015868164062497,-0.206720185546875,-0.303752109375,0.22781408203125,0.0,-0.0039785302734375,0.0,0.0,0.0,0.0,0.0,0.0,0.0,0.0,0.0,0.0,0.0,0.0,0.0,0.0,0.0,0.0,0.0,0.0,0.0,0.0,0.0,0.0,0.0,0.0,0.0,0.0
5.001003552,1787890196.4985216,0.02068564229463732,-0.009344492815182015,0.8674129302779141,-0.9026938884423572,2.1945591118328354,-2.172271693617184,60.234304853326854,-69.61542863884534,0.0,0.0,-0.027925268031909273,-0.12740903539558607,0.17802358370342164,-0.19285888234537343,0.21467549799530256,-0.08552113334772216,-0.062056926883911956,0.028033478445546045,0.32655088451353165,-0.20861287830388076,-0.3126859136162061,0.25263916969828837,-0.010995574287564279,0.003054326190990077,0.0,-0.004218779296875,0.32906478515625,-0.189845068359375,-0.29531455078125,0.19406384765625,0.01591412109375,0.0,0.0,0.0,0.0,0.0,0.0,0.0,0.0,0.0,0.0,0.0,0.0,0.0,0.0,0.0,0.0,0.0,0.0,0.0,0.0,0.0,0.0,0.0,0.0,0.0,0.0,0.0
5.01074232,1787890196.5082827,0.02068564229463732,-0.009344492815182015,0.8671336775975949,-0.9036538195309527,2.1959553752344307,-2.174523168352256,60.23650396818436,-69.61668527590678,0.0,0.0,-0.03316125578789226,-0.07853981633974483,0.12217304763960307,-0.18238690683340744,0.2076941809873252,-0.1466076571675237,-0.062056926883911956,0.028033478445546045,0.32735373596944867,-0.20597743113336983,-0.3182796938688488,0.25290096908608983,-0.010733774899765128,0.004276056667386108,0.00843755859375,0.012656337890625,0.333283564453125,-0.19828262695312499,-0.29531455078125,0.19406384765625,0.023871181640625,0.0039785302734375,0.0,0.0,0.0,0.0,0.0,0.0,0.0,0.0,0.0,0.0,0.0,0.0,0.0,0.0,0.0,0.0,0.0,0.0,0.0,0.0,0.0,0.0,0.0,0.0,0.0,0.0
5.020592416,1787890196.5180898,0.02068564229463732,-0.009344492815182015,0.8666449854070364,-0.9041250584289928,2.197203285649607,-2.1759107051075905,60.23823184414383,-69.6180291794308,0.0,0.0,-0.05235987755982988,-0.013962634015954637,0.1317723585255719,-0.16231562043547265,0.17453292519943295,-0.15358897417550102,-0.062056926883911956,0.028033478445546045,0.32871509278600475,-0.2079845597731675,-0.3168834304672531,0.25860819574010896,-0.01038470904936626,0.007330382858376185,-0.046406572265625,0.0,0.34593990234375,-0.21093896484375,-0.34593990234375,0.20250140625,0.0198926513671875,0.0198926513671875,0.0,0.0,0.0,0.0,0.0,0.0,0.0,0.0,0.0,0.0,0.0,0.0,0.0,0.0,0.0,0.0,0.0,0.0,0.0,0.0,0.0,0.0,0.0,0.0,0.0,0.0
5.03066114,1787890196.5281866,0.02068564229463732,-0.009344492815182015,0.8659817602912785,-0.9039330722112728,2.198782808622661,-2.178310532829084,60.23995972010331,-69.6198443218529,0.0,0.0,-0.06457718232379019,0.017453292519943295,0.17016960206944712,-0.23823744289722598,0.15358897417550102,-0.16406094968746698,-0.062056926883911956,0.028033478445546045,0.3321010315348739,-0.21302856131142614,-0.32158709280137904,0.26076367736631945,-0.008726646259971648,0.007679448708775051,-0.04218779296875,0.0,0.33750234375,-0.206720185546875,-0.34593990234375,0.27843943359375,0.0119355908203125,0.0318282421875,0.0,0.0,0.0,0.0,0.0,0.0,0.0,0.0,0.0,0.0,0.0,0.0,0.0,0.0,0.0,0.0,0.0,0.0,0.0,0.0,0.0,0.0,0.0,0.0,0.0,0.0
5.04068932,1787890196.5382295,0.02068564229463732,-0.009344492815182015,0.86549306810072,-0.9037410859935537,2.2005106845821354,-2.179794062693279,60.24149560984507,-69.62146747805724,0.0,0.0,-0.038397243543875255,0.03665191429188092,0.17889624832941875,-0.11693705988362009,0.13264502315156904,-0.15358897417550102,-0.062056926883911956,0.028033478445546045,0.3353124373585436,-0.2167461126181759,-0.3301653860749278,0.27555534277697563,-0.007679448708775051,0.00820304748437335,0.00843755859375,-0.004218779296875,0.333283564453125,-0.236251640625,-0.303752109375,0.270001875,0.01591412109375,0.0278497119140625,0.0,0.0,0.0,0.0,0.0,0.0,0.0,0.0,0.0,0.0,0.0,0.0,0.0,0.0,0.0,0.0,0.0,0.0,0.0,0.0,0.0,0.0,0.0,0.0,0.0,0.0
5.050640538000001,1787890196.5481868,0.02068564229463732,-0.009344492815182015,0.8650218292026817,-0.9030778608777954,2.202570173099489,-2.1812775925574734,60.242734793613984,-69.6229161013364,0.0,0.0,-0.047123889803846894,0.06457718232379019,0.23561944901923448,-0.19285888234537343,0.10821041362364843,-0.13264502315156904,-0.062056926883911956,0.028033478445546045,0.3341605200522275,-0.21924193344852694,-0.3362216785793486,0.26787589406819895,-0.0066322511575784525,0.007679448708775051,-0.046406572265625,-0.004218779296875,0.341721123046875,-0.215157744140625,-0.36281501953125,0.27843943359375,-0.0517208935546875,-0.0119355908203125,0.0,0.0,0.0,0.0,0.0,0.0,0.0,0.0,0.0,0.0,0.0,0.0,0.0,0.0,0.0,0.0,0.0,0.0,0.0,0.0,0.0,0.0,0.0,0.0,0.0,0.0
5.0634035740000005,1787890196.5604837,0.02068564229463732,-0.009344492815182015,0.8648298429849621,-0.9025019022246372,2.204725654725702,-2.183337081074827,60.24369472470257,-69.62434727132302,0.0,-0.008726646259971648,0.0,0.04537856055185257,0.1518436449235067,-0.16318828506146982,0.054105206811824215,-0.1117010721276371,-0.062056926883911956,0.028033478445546045,0.33644690137233974,-0.22402413559899287,-0.3480724642003913,0.27991866590695824,-0.0054105206811824215,0.0066322511575784525,0.012656337890625,-0.004218779296875,0.303752109375,-0.236251640625,-0.26156431640625,0.270001875,0.0198926513671875,0.0278497119140625,0.0,0.0,0.0,0.0,0.0,0.0,0.0,0.0,0.0,0.0,0.0,0.0,0.0,0.0,0.0,0.0,0.0,0.0,0.0,0.0,0.0,0.0,0.0,0.0,0.0,0.0
5.085969537,1787890196.5831144,0.02068564229463732,-0.009344492815182015,0.8649171094475623,-0.9013499849183217,2.2090889778556875,-2.1872727985380744,60.2437994444577,-69.6259878808199,0.0,0.0,0.0,0.048869219055841226,0.14224433403753786,-0.12828170002158323,-0.024434609527920613,-0.05585053606381855,-0.062056926883911956,0.02890614307154321,0.3323104710451137,-0.22383214938127366,-0.346161328669457,0.283130071730629,-0.0027052603405912107,0.005585053606381855,0.012656337890625,-0.004218779296875,0.35015868164062497,-0.22781408203125,-0.3206272265625,0.303752109375,-0.043763833007812496,-0.0358067724609375,0.0,0.0,0.0,0.0,0.0,0.0,0.0,0.0,0.0,0.0,0.0,0.0,0.0,0.0,0.0,0.0,0.0,0.0,0.0,0.0,0.0,0.0,0.0,0.0,0.0,0.0
5.095487693,1787890196.5928175,0.02068564229463732,-0.009344492815182015,0.8649171094475623,-0.9005820400474436,2.210432881379723,-2.188468349075691,60.24341547202227,-69.62645911971794,0.0,0.0,0.0,0.08377580409572782,0.15533430342749532,-0.15620696805349252,-0.047123889803846894,-0.038397243543875255,-0.062056926883911956,0.028033478445546045,0.3320486716573132,-0.22763696715061896,-0.35829136697081676,0.29144656561638216,0.0012217304763960308,0.0027925268031909274,0.004218779296875,-0.004218779296875,0.303752109375,-0.236251640625,-0.303752109375,0.29531455078125,0.0198926513671875,0.0278497119140625,0.0,0.0,0.0,0.0,0.0,0.0,0.0,0.0,0.0,0.0,0.0,0.0,0.0,0.0,0.0,0.0,0.0,0.0,0.0,0.0,0.0,0.0,0.0,0.0,0.0,0.0
5.104512786,1787890196.6019251,0.02068564229463732,-0.009344492815182015,0.8649171094475623,-0.8998140951765663,2.2117244250261994,-2.1900478720487455,60.24283951336911,-69.62673837239825,0.0,0.0,0.0,0.06632251157578452,0.09424777960769379,-0.15271630954950383,-0.05934119456780721,-0.04188790204786391,-0.062056926883911956,0.028033478445546045,0.3320486716573132,-0.23343146026724212,-0.36363207448191887,0.29782574403242246,0.002356194490192345,0.0019198621771937627,0.021093896484375,-0.004218779296875,0.29531455078125,-0.236251640625,-0.371252578125,0.34593990234375,0.01591412109375,-0.039785302734375,0.0,0.0,0.0,0.0,0.0,0.0,0.0,0.0,0.0,0.0,0.0,0.0,0.0,0.0,0.0,0.0,0.0,0.0,0.0,0.0,0.0,0.0,0.0,0.0,0.0,0.0
5.114053086,1787890196.6113765,0.02068564229463732,-0.009344492815182015,0.8648298429849621,-0.899150870060808,2.2122043905704976,-2.191487768681641,60.242263554715954,-69.62722706458882,0.0,0.0,-0.017453292519943295,0.09075712110370514,0.03403392041388943,-0.15533430342749532,-0.07504915783575616,-0.07504915783575616,-0.062056926883911956,0.028033478445546045,0.3320486716573132,-0.23398996562787963,-0.36139805303936806,0.30221524710118747,0.002967059728390361,0.0020943951023931957,0.012656337890625,0.012656337890625,0.303752109375,-0.24468919921875,-0.371252578125,0.26156431640625,0.0119355908203125,0.023871181640625,0.0,0.0,0.0,0.0,0.0,0.0,0.0,0.0,0.0,0.0,0.0,0.0,0.0,0.0,0.0,0.0,0.0,0.0,0.0,0.0,0.0,0.0,0.0,0.0,0.0,0.0
5.12314282,1787890196.6204748,0.02068564229463732,-0.009344492815182015,0.8645331370121236,-0.8982782054348109,2.2125883630059358,-2.1926920458655164,60.24149560984507,-69.62780302324198,0.0,0.0,-0.04537856055185257,0.0994837673636768,0.05585053606381855,-0.08290313946973064,-0.09250245035569947,0.0,-0.062056926883911956,0.028033478445546045,0.334055800297108,-0.2384231019279467,-0.3568165637528822,0.30679673638767296,0.0037524578917878084,0.0037524578917878084,0.0,-0.00843755859375,0.3543774609375,-0.24047041992187498,-0.32906478515625,0.27843943359375,0.01591412109375,0.0198926513671875,0.0,0.0,0.0,0.0,0.0,0.0,0.0,0.0,0.0,0.0,0.0,0.0,0.0,0.0,0.0,0.0,0.0,0.0,0.0,0.0,0.0,0.0,0.0,0.0,0.0,0.0
5.132384235,1787890196.6298192,0.02068564229463732,-0.009344492815182015,0.8641491645766846,-0.8971262881284945,2.213260314767954,-2.1930236584233955,60.240622945219066,-69.62808227592231,0.0,0.0,-0.03316125578789226,0.1308996938995747,0.07504915783575616,-0.014835298641951803,-0.08377580409572782,-0.024434609527920613,-0.062056926883911956,0.028033478445546045,0.3377384450188144,-0.2419137604319352,-0.36015014262418965,0.3031664515435227,0.0046251225177849735,0.0,-0.046406572265625,-0.004218779296875,0.36281501953125,-0.22781408203125,-0.41344037109375,0.27843943359375,0.01591412109375,0.023871181640625,0.0,0.0,0.0,0.0,0.0,0.0,0.0,0.0,0.0,0.0,0.0,0.0,0.0,0.0,0.0,0.0,0.0,0.0,0.0,0.0,0.0,0.0,0.0,0.0,0.0,0.0
5.141579346,1787890196.6389458,0.02068564229463732,-0.009344492815182015,0.8638699118963662,-0.8956951181418598,2.213687920434693,-2.1932680045186745,60.23985500034818,-69.62808227592231,0.0,0.0,-0.027925268031909273,0.15358897417550102,0.025307274153917782,-0.03228859116189509,-0.08377580409572782,-0.008726646259971648,-0.062056926883911956,0.028033478445546045,0.33766863184873563,-0.24851110500447407,-0.36408586008743793,0.29735450513438233,0.004188790204786391,0.0012217304763960308,-0.046406572265625,-0.004218779296875,0.341721123046875,-0.232032861328125,-0.31218966796875,0.303752109375,0.0198926513671875,0.01591412109375,0.0,0.0,0.0,0.0,0.0,0.0,0.0,0.0,0.0,0.0,0.0,0.0,0.0,0.0,0.0,0.0,0.0,0.0,0.0,0.0,0.0,0.0,0.0,0.0,0.0,0.0
5.151100478,1787890196.6485004,0.02068564229463732,-0.009344492815182015,0.8634859394609267,-0.8945432008355425,2.213740280312252,-2.193643250307854,60.23910450876985,-69.62837898189514,0.0,0.0,-0.027925268031909273,0.10646508437165411,0.0,-0.04537856055185257,-0.09250245035569947,-0.027925268031909273,-0.062056926883911956,0.028033478445546045,0.3379827911140924,-0.2550735429919709,-0.3603944887194716,0.2998328726722137,0.004188790204786391,0.0004363323129985824,-0.046406572265625,-0.004218779296875,0.3543774609375,-0.248907978515625,-0.303752109375,0.29531455078125,0.0198926513671875,0.0198926513671875,0.0,0.0,0.0,0.0,0.0,0.0,0.0,0.0,0.0,0.0,0.0,0.0,0.0,0.0,0.0,0.0,0.0,0.0,0.0,0.0,0.0,0.0,0.0,0.0,0.0,0.0
5.160247909000001,1787890196.657673,0.02068564229463732,-0.009344492815182015,0.8633812197058073,-0.8936705362095463,2.213740280312252,-2.194079582620852,60.23814457768125,-69.62865823457547,0.0,0.0,0.0,0.08028514559173917,0.0,-0.04014257279586959,-0.09424777960769379,-0.017453292519943295,-0.062056926883911956,0.028033478445546045,0.339134708420411,-0.25381690593053796,-0.3580208409367569,0.30226760697874716,0.0046251225177849735,0.0013962634015954637,0.021093896484375,0.00843755859375,0.33750234375,-0.27843943359375,-0.33750234375,0.2868769921875,-0.039785302734375,0.0278497119140625,0.0,0.0,0.0,0.0,0.0,0.0,0.0,0.0,0.0,0.0,0.0,0.0,0.0,0.0,0.0,0.0,0.0,0.0,0.0,0.0,0.0,0.0,0.0,0.0,0.0,0.0
5.170402074,1787890196.667805,0.02068564229463732,-0.009344492815182015,0.8633812197058073,-0.893007311093788,2.213740280312252,-2.194411195178731,60.23727191305523,-69.62885022079317,0.0,0.0,0.0,0.05585053606381855,0.0,-0.025307274153917782,-0.09075712110370514,-0.017453292519943295,-0.062056926883911956,0.028033478445546045,0.33665634088257823,-0.25381690593053513,-0.3580208409367569,0.30305300514214323,0.00471238898038469,0.0008726646259971648,0.00843755859375,-0.004218779296875,0.34593990234375,-0.270001875,-0.3206272265625,0.270001875,0.0119355908203125,0.023871181640625,0.0,0.0,0.0,0.0,0.0,0.0,0.0,0.0,0.0,0.0,0.0,0.0,0.0,0.0,0.0,0.0,0.0,0.0,0.0,0.0,0.0,0.0,0.0,0.0,0.0,0.0
5.180656305,1787890196.6780782,0.02068564229463732,-0.009344492815182015,0.8634859394609267,-0.8926233386583498,2.213740280312252,-2.194463555056292,60.23631198196666,-69.6289549405483,0.0,0.0,0.020943951023931956,0.029670597283903605,0.0,0.0,-0.07330382858376185,-0.008726646259971648,-0.062056926883911956,0.028033478445546045,0.33665634088257823,-0.25336312032501807,-0.3580208409367569,0.30256431295158553,0.004537856055185257,0.0008726646259971648,0.0168751171875,0.012656337890625,0.33750234375,-0.26578309570312497,-0.32906478515625,0.270001875,-0.0318282421875,0.023871181640625,0.0,0.0,0.0,0.0,0.0,0.0,0.0,0.0,0.0,0.0,0.0,0.0,0.0,0.0,0.0,0.0,0.0,0.0,0.0,0.0,0.0,0.0,0.0,0.0,0.0,0.0
5.190590243,1787890196.6880803,0.02068564229463732,-0.009344492815182015,0.8637651921412459,-0.8925360721957496,2.213740280312252,-2.194463555056292,60.235736023313486,-69.62904220701091,0.0,0.0,0.02617993877991494,0.0,0.0,0.0,-0.054105206811824215,-0.013962634015954637,-0.062056926883911956,0.028033478445546045,0.3342477865148269,-0.25189704375334115,-0.3580208409367569,0.30019066516887616,0.0036651914291880926,0.0004363323129985824,0.021093896484375,0.0,0.29531455078125,-0.257345537109375,-0.3206272265625,0.2868769921875,0.0119355908203125,0.023871181640625,0.0,0.0,0.0,0.0,0.0,0.0,0.0,0.0,0.0,0.0,0.0,0.0,0.0,0.0,0.0,0.0,0.0,0.0,0.0,0.0,0.0,0.0,0.0,0.0,0.0,0.0
5.200387891,1787890196.697895,0.02068564229463732,-0.009344492815182015,0.8641491645766846,-0.8925360721957496,2.213740280312252,-2.194463555056292,60.235352050878056,-69.62914692676601,0.0,0.0,0.02617993877991494,0.0,0.0,0.0,-0.019198621771937627,-0.008726646259971648,-0.062056926883911956,0.028033478445546045,0.3328864296982708,-0.24919178341275128,-0.3580208409367569,0.30019066516887616,0.0027052603405912107,0.0006981317007977319,0.00843755859375,-0.004218779296875,0.34593990234375,-0.257345537109375,-0.33750234375,0.3206272265625,0.01591412109375,0.0198926513671875,0.0,0.0,0.0,0.0,0.0,0.0,0.0,0.0,0.0,0.0,0.0,0.0,0.0,0.0,0.0,0.0,0.0,0.0,0.0,0.0,0.0,0.0,0.0,0.0,0.0,0.0
5.210479719,1787890196.7079787,0.02068564229463732,-0.009344492815182015,0.8643411507944045,-0.8926233386583498,2.213687920434693,-2.194463555056292,60.23526478441544,-69.62933891298374,0.0,0.0,0.017453292519943295,0.0,0.0,0.008726646259971648,0.0,-0.02617993877991494,-0.062056926883911956,0.028033478445546045,0.3317345123919549,-0.24919178341275128,-0.3580208409367569,0.30019066516887616,0.0009599310885968814,0.0004363323129985824,0.0168751171875,-0.004218779296875,0.34593990234375,-0.257345537109375,-0.33750234375,0.31218966796875,0.0,0.039785302734375,0.0,0.0,0.0,0.0,0.0,0.0,0.0,0.0,0.0,0.0,0.0,0.0,0.0,0.0,0.0,0.0,0.0,0.0,0.0,0.0,0.0,0.0,0.0,0.0,0.0,0.0
5.220302807,1787890196.717828,0.02068564229463732,-0.009344492815182015,0.8645331370121236,-0.8927106051209499,2.213687920434693,-2.194411195178731,60.23545677063317,-69.62972288541917,0.0,0.0,0.017453292519943295,-0.017453292519943295,0.0,0.003490658503988659,0.03665191429188092,-0.029670597283903605,-0.062056926883911956,0.028033478445546045,0.3320312183647921,-0.2489299840249508,-0.3578637613040798,0.299318000542879,0.0,0.0013089969389957472,0.004218779296875,-0.004218779296875,0.303752109375,-0.257345537109375,-0.33750234375,0.303752109375,0.01591412109375,0.0278497119140625,0.0,0.0,0.0,0.0,0.0,0.0,0.0,0.0,0.0,0.0,0.0,0.0,0.0,0.0,0.0,0.0,0.0,0.0,0.0,0.0,0.0,0.0,0.0,0.0,0.0,0.0
5.230459885,1787890196.7279375,0.02068564229463732,-0.009344492815182015,0.8645331370121236,-0.8929025913386681,2.213687920434693,-2.194367561947431,60.235928009531214,-69.63010685785461,0.0,0.0,0.003490658503988659,-0.017453292519943295,0.0,0.006981317007977318,0.048869219055841226,-0.04363323129985824,-0.062056926883911956,0.028033478445546045,0.3314552597116348,-0.24692285538515601,-0.3578637613040798,0.2996845196857949,-0.0018325957145940463,0.0014835298641951804,-0.04218779296875,-0.004218779296875,0.34593990234375,-0.257345537109375,-0.34593990234375,0.303752109375,0.0198926513671875,-0.04774236328125,0.0,0.0,0.0,0.0,0.0,0.0,0.0,0.0,0.0,0.0,0.0,0.0,0.0,0.0,0.0,0.0,0.0,0.0,0.0,0.0,0.0,0.0,0.0,0.0,0.0,0.0
5.24034115,1787890196.7379146,0.02068564229463732,-0.009344492815182015,0.864637856767243,-0.8930945775563881,2.213644287203393,-2.194271568838572,60.23641670172177,-69.63068281650777,0.0,0.0,0.0,-0.02617993877991494,0.0,0.010471975511965978,0.05235987755982988,-0.07155849933176751,-0.062056926883911956,0.028033478445546045,0.3328515231132303,-0.24634689673200139,-0.3578637613040798,0.29920455414149577,-0.0024434609527920616,0.002181661564992912,0.0168751171875,-0.004218779296875,0.35015868164062497,-0.248907978515625,-0.43031548828125,0.31218966796875,-0.0358067724609375,-0.07957060546875,0.0,0.0,0.0,0.0,0.0,0.0,0.0,0.0,0.0,0.0,0.0,0.0,0.0,0.0,0.0,0.0,0.0,0.0,0.0,0.0,0.0,0.0,0.0,0.0,0.0,0.0
5.250903193,1787890196.748431,0.02068564229463732,-0.009344492815182015,0.864637856767243,-0.8932865637741072,2.213644287203393,-2.194219208961013,60.23699266037493,-69.63153802784126,0.0,0.0,0.0,-0.017453292519943295,-0.003490658503988659,0.0008726646259971648,0.05585053606381855,-0.0994837673636768,-0.062056926883911956,0.028033478445546045,0.332886429698271,-0.24489827345284426,-0.3577328616101796,0.2985675089645196,-0.0026179938779914945,0.003577924966588376,0.021093896484375,-0.004218779296875,0.34593990234375,-0.257345537109375,-0.4218779296875,0.29531455078125,0.01591412109375,-0.07957060546875,0.0,0.0,0.0,0.0,0.0,0.0,0.0,0.0,0.0,0.0,0.0,0.0,0.0,0.0,0.0,0.0,0.0,0.0,0.0,0.0,0.0,0.0,0.0,0.0,0.0,0.0
5.260081120000001,1787890196.7576272,0.02068564229463732,-0.009344492815182015,0.864637856767243,-0.8934785499918263,2.213644287203393,-2.194123215852152,60.23756861902809,-69.63279466490269,0.0,0.0,0.0,-0.010471975511965978,0.0,0.007853981633974483,0.05934119456780721,-0.13962634015954636,-0.062056926883911956,0.028033478445546045,0.332886429698271,-0.24519497942568413,-0.35738379575978074,0.2993703604204394,-0.0027925268031909274,0.00497418836818384,-0.04218779296875,0.0,0.35015868164062497,-0.257345537109375,-0.33750234375,0.303752109375,0.0119355908203125,0.01591412109375,0.0,0.0,0.0,0.0,0.0,0.0,0.0,0.0,0.0,0.0,0.0,0.0,0.0,0.0,0.0,0.0,0.0,0.0,0.0,0.0,0.0,0.0,0.0,0.0,0.0,0.0
5.270323543,1787890196.767844,0.02068564229463732,-0.009344492815182015,0.864637856767243,-0.8935832697469461,2.213591927325833,-2.194123215852152,60.23814457768125,-69.63441782110704,0.0,0.0,0.0,0.0,0.0,0.0,0.05235987755982988,-0.16929693744344998,-0.062056926883911956,0.028033478445546045,0.332886429698271,-0.24531715247332458,-0.3577328616101796,0.298384249393059,-0.002967059728390361,0.006981317007977318,-0.046406572265625,0.004218779296875,0.341721123046875,-0.26156431640625,-0.43031548828125,0.29531455078125,-0.04774236328125,0.007957060546875,0.0,0.0,0.0,0.0,0.0,0.0,0.0,0.0,0.0,0.0,0.0,0.0,0.0,0.0,0.0,0.0,0.0,0.0,0.0,0.0,0.0,0.0,0.0,0.0,0.0,0.0
5.280436907,1787890196.777861,0.02068564229463732,-0.009344492815182015,0.864637856767243,-0.8935832697469461,2.213591927325833,-2.194079582620852,60.23852855011669,-69.63614569706651,0.0,0.0,0.0,0.0,0.0,0.008726646259971648,0.03490658503988659,-0.1867502299633933,-0.062056926883911956,0.028033478445546045,0.332886429698271,-0.24605019075916168,-0.35757578197749984,0.2991696475564565,-0.0026179938779914945,0.008464846872172499,0.00843755859375,-0.004218779296875,0.303752109375,-0.248907978515625,-0.43031548828125,0.303752109375,0.0119355908203125,0.007957060546875,0.0,0.0,0.0,0.0,0.0,0.0,0.0,0.0,0.0,0.0,0.0,0.0,0.0,0.0,0.0,0.0,0.0,0.0,0.0,0.0,0.0,0.0,0.0,0.0,0.0,0.0
5.2907149780000005,1787890196.7882097,0.02068564229463732,-0.009344492815182015,0.8645331370121236,-0.8935832697469461,2.213548294094533,-2.194079582620852,60.23880780279699,-69.63825754546143,0.0,0.0,0.0,0.0,-0.006981317007977318,0.0,0.010471975511965978,-0.20245819323134226,-0.062056926883911956,0.028033478445546045,0.332886429698271,-0.24605019075916168,-0.35757578197749984,0.2981660832365591,-0.0017453292519943296,0.009337511498169665,0.00843755859375,-0.00843755859375,0.3543774609375,-0.215157744140625,-0.3206272265625,0.303752109375,0.0119355908203125,-0.0318282421875,0.0,0.0,0.0,0.0,0.0,0.0,0.0,0.0,0.0,0.0,0.0,0.0,0.0,0.0,0.0,0.0,0.0,0.0,0.0,0.0,0.0,0.0,0.0,0.0,0.0,0.0
5.300215438,1787890196.7977722,0.02068564229463732,-0.009344492815182015,0.8645331370121236,-0.8935832697469461,2.213548294094533,-2.194027222743292,60.23880780279699,-69.64045666031895,0.0,0.0,-0.008726646259971648,0.0,-0.005235987755982989,0.004363323129985824,0.0,-0.2303834612632515,-0.062056926883911956,0.028033478445546045,0.33320058896362914,-0.24605019075916168,-0.35674675058280186,0.29903874786255624,-0.0005235987755982989,0.010122909661567113,0.0168751171875,0.012656337890625,0.341721123046875,-0.248907978515625,-0.3206272265625,0.303752109375,0.01591412109375,-0.007957060546875,0.0,0.0,0.0,0.0,0.0,0.0,0.0,0.0,0.0,0.0,0.0,0.0,0.0,0.0,0.0,0.0,0.0,0.0,0.0,0.0,0.0,0.0,0.0,0.0,0.0,0.0
5.310298722000001,1787890196.8077614,0.02068564229463732,-0.009344492815182015,0.8645331370121236,-0.8935832697469461,2.213495934216973,-2.194027222743292,60.23880780279699,-69.64265577517645,0.0,0.0,0.0,0.0,-0.006108652381980153,0.0,-0.012217304763960306,-0.24958208303518914,-0.062056926883911956,0.028033478445546045,0.3340732535896263,-0.24605019075916168,-0.3569212835080013,0.29844533591687794,0.0,0.011519173063162575,-0.02531267578125,0.0,0.34593990234375,-0.26156431640625,-0.371252578125,0.303752109375,0.0198926513671875,0.0,0.0,0.0,0.0,0.0,0.0,0.0,0.0,0.0,0.0,0.0,0.0,0.0,0.0,0.0,0.0,0.0,0.0,0.0,0.0,0.0,0.0,0.0,0.0,0.0,0.0,0.0
5.320777468,1787890196.818313,0.02068564229463732,-0.009344492815182015,0.8644458705495239,-0.8935832697469461,2.213452300985674,-2.194027222743292,60.238615816579276,-69.64495960978908,0.0,0.0,-0.008726646259971648,0.0,-0.007853981633974483,0.0,-0.017453292519943295,-0.1867502299633933,-0.062056926883911956,0.028033478445546045,0.33320058896362914,-0.24605019075916168,-0.35667693741272183,0.2988816682298765,0.0006108652381980154,0.012479104151759457,0.004218779296875,-0.004218779296875,0.29531455078125,-0.26156431640625,-0.43031548828125,0.303752109375,0.01591412109375,-0.0278497119140625,0.0,0.0,0.0,0.0,0.0,0.0,0.0,0.0,0.0,0.0,0.0,0.0,0.0,0.0,0.0,0.0,0.0,0.0,0.0,0.0,0.0,0.0,0.0,0.0,0.0,0.0
5.330508651000001,1787890196.828052,0.02068564229463732,-0.009344492815182015,0.8643411507944045,-0.8935832697469461,2.213399941108114,-2.194027222743292,60.238423830361576,-69.647071458184,0.0,0.0,0.0,0.0,-0.007853981633974483,0.0,-0.024434609527920613,-0.1954768762233649,-0.062056926883911956,0.028033478445546045,0.33433505297742544,-0.24605019075916168,-0.35637150479362484,0.2988816682298765,0.0008726646259971648,0.009337511498169665,-0.04218779296875,0.0,0.341721123046875,-0.257345537109375,-0.33750234375,0.29531455078125,-0.0358067724609375,-0.0318282421875,0.0,0.0,0.0,0.0,0.0,0.0,0.0,0.0,0.0,0.0,0.0,0.0,0.0,0.0,0.0,0.0,0.0,0.0,0.0,0.0,0.0,0.0,0.0,0.0,0.0,0.0
5.340256538,1787890196.8377776,0.02068564229463732,-0.009344492815182015,0.8642538843318044,-0.8936705362095463,2.213399941108114,-2.194027222743292,60.23814457768125,-69.64860734792576,0.0,0.0,-0.017453292519943295,-0.017453292519943295,-0.004363323129985824,0.0,-0.03490658503988659,-0.13264502315156904,-0.062056926883911956,0.028033478445546045,0.33377654761678643,-0.24605019075916168,-0.3562144251609451,0.2988816682298765,0.0012217304763960308,0.009773843811168246,0.00843755859375,0.012656337890625,0.33750234375,-0.2531267578125,-0.4218779296875,0.2868769921875,-0.039785302734375,-0.0278497119140625,0.0,0.0,0.0,0.0,0.0,0.0,0.0,0.0,0.0,0.0,0.0,0.0,0.0,0.0,0.0,0.0,0.0,0.0,0.0,0.0,0.0,0.0,0.0,0.0,0.0,0.0
5.350498065,1787890196.8479962,0.02068564229463732,-0.009344492815182015,0.8641491645766846,-0.8940545086449854,2.213399941108114,-2.193983589511993,60.2377606052458,-69.64984653169466,0.0,0.0,-0.006981317007977318,-0.04537856055185257,0.0,0.0008726646259971648,-0.04014257279586959,-0.09075712110370514,-0.062056926883911956,0.028033478445546045,0.33578367625658123,-0.24404306211936688,-0.356563491011344,0.2988816682298765,0.0017453292519943296,0.0066322511575784525,0.0168751171875,0.00843755859375,0.299533330078125,-0.21093896484375,-0.31218966796875,0.2868769921875,0.0198926513671875,-0.01591412109375,0.0,0.0,0.0,0.0,0.0,0.0,0.0,0.0,0.0,0.0,0.0,0.0,0.0,0.0,0.0,0.0,0.0,0.0,0.0,0.0,0.0,0.0,0.0,0.0,0.0,0.0
5.3601564150000005,1787890196.857703,0.02068564229463732,-0.009344492815182015,0.8641491645766846,-0.8946304672981427,2.213399941108114,-2.193931229634433,60.23727191305523,-69.65042249034782,0.0,0.0,0.0,-0.06981317007977318,0.0,0.0026179938779914945,-0.04363323129985824,-0.04537856055185257,-0.062056926883911956,0.028033478445546045,0.33505063797074414,-0.2400986180098587,-0.35699982332434255,0.2986635020733792,0.0020071286397934794,0.004537856055185257,-0.021093896484375,-0.004218779296875,0.35015868164062497,-0.24468919921875,-0.32906478515625,0.303752109375,-0.043763833007812496,-0.0318282421875,0.0,0.0,0.0,0.0,0.0,0.0,0.0,0.0,0.0,0.0,0.0,0.0,0.0,0.0,0.0,0.0,0.0,0.0,0.0,0.0,0.0,0.0,0.0,0.0,0.0,0.0
5.370020688,1787890196.8675346,0.02068564229463732,-0.009344492815182015,0.8641491645766846,-0.8953984121690208,2.213399941108114,-2.193887596403133,60.2368006741572,-69.65061447656555,0.0,0.0,0.0,-0.08377580409572782,0.0,0.004363323129985824,-0.04537856055185257,-0.008726646259971648,-0.062056926883911956,0.028033478445546045,0.3343525062699464,-0.23592728109759475,-0.35699982332434255,0.29833188951550005,0.002181661564992912,0.0022689280275926286,0.004218779296875,0.012656337890625,0.358596240234375,-0.236251640625,-0.4218779296875,0.303752109375,0.01591412109375,-0.0318282421875,0.0,0.0,0.0,0.0,0.0,0.0,0.0,0.0,0.0,0.0,0.0,0.0,0.0,0.0,0.0,0.0,0.0,0.0,0.0,0.0,0.0,0.0,0.0,0.0,0.0,0.0
5.380622732,1787890196.8780394,0.02068564229463732,-0.009344492815182015,0.8642538843318044,-0.8963583432576181,2.213399941108114,-2.1938352365255738,60.23641670172177,-69.65061447656555,0.0,0.0,0.015707963267948967,-0.10646508437165411,0.0,0.0,-0.04014257279586959,0.010471975511965978,-0.062056926883911956,0.028033478445546045,0.3343525062699464,-0.2322271830833648,-0.35699982332434255,0.2980264568964004,0.0022689280275926286,0.0004363323129985824,0.021093896484375,0.012656337890625,0.341721123046875,-0.24047041992187498,-0.33750234375,0.29531455078125,0.0119355908203125,-0.0119355908203125,0.0,0.0,0.0,0.0,0.0,0.0,0.0,0.0,0.0,0.0,0.0,0.0,0.0,0.0,0.0,0.0,0.0,0.0,0.0,0.0,0.0,0.0,0.0,0.0,0.0,0.0
5.39054691,1787890196.8880026,0.02068564229463732,-0.009344492815182015,0.8643411507944045,-0.8975102605639336,2.213399941108114,-2.1938352365255738,60.23603272928633,-69.65042249034782,0.0,0.0,0.017453292519943295,-0.11693705988362009,0.0,0.0017453292519943296,-0.015707963267948967,0.031415926535897934,-0.062056926883911956,0.028033478445546045,0.332467550677792,-0.22707846178998037,-0.35699982332434255,0.29830570957672187,0.0020071286397934794,-0.0005235987755982989,0.02531267578125,-0.004218779296875,0.29531455078125,-0.24468919921875,-0.4218779296875,0.303752109375,0.007957060546875,-0.0278497119140625,0.0,0.0,0.0,0.0,0.0,0.0,0.0,0.0,0.0,0.0,0.0,0.0,0.0,0.0,0.0,0.0,0.0,0.0,0.0,0.0,0.0,0.0,0.0,0.0,0.0,0.0
5.400284845000001,1787890196.897823,0.02068564229463732,-0.009344492815182015,0.8644458705495239,-0.89847019165253,2.213399941108114,-2.1938352365255738,60.23603272928633,-69.65014323766752,0.0,0.0,0.008726646259971648,-0.08901179185171082,0.0,0.0,0.0,0.027925268031909273,-0.062056926883911956,0.028033478445546045,0.3320312183647921,-0.22257551231983735,-0.35699982332434255,0.29813117665152244,0.0007853981633974484,-0.0015707963267948969,-0.046406572265625,0.0,0.341721123046875,-0.232032861328125,-0.33750234375,0.303752109375,0.01591412109375,-0.0198926513671875,0.0,0.0,0.0,0.0,0.0,0.0,0.0,0.0,0.0,0.0,0.0,0.0,0.0,0.0,0.0,0.0,0.0,0.0,0.0,0.0,0.0,0.0,0.0,0.0,0.0,0.0
5.410134141,1787890196.907647,0.02068564229463732,-0.009344492815182015,0.8644458705495239,-0.8992381365234081,2.213399941108114,-2.1938352365255738,60.236119995748915,-69.65003851791239,0.0,0.0,0.0,-0.05759586531581287,0.0,0.0,0.012217304763960306,0.006981317007977318,-0.062056926883911956,0.028033478445546045,0.3325897237254311,-0.22248824585723914,-0.35699982332434255,0.29830570957672187,0.0,-0.0013962634015954637,0.012656337890625,0.00843755859375,0.34593990234375,-0.24047041992187498,-0.4218779296875,0.29531455078125,0.0,0.04774236328125,0.0,0.0,0.0,0.0,0.0,0.0,0.0,0.0,0.0,0.0,0.0,0.0,0.0,0.0,0.0,0.0,0.0,0.0,0.0,0.0,0.0,0.0,0.0,0.0,0.0,0.0
5.420292915,1787890196.9176006,0.02068564229463732,-0.009344492815182015,0.8644458705495239,-0.8996221089588463,2.213399941108114,-2.1938352365255738,60.23631198196666,-69.64995125144978,0.0,0.0,0.0,-0.03316125578789226,0.0,0.0,0.027925268031909273,0.0,-0.062056926883911956,0.028033478445546045,0.3334623883514283,-0.22332600389819443,-0.35699982332434255,0.29830570957672187,-0.0006108652381980154,-0.00034906585039886593,-0.04218779296875,-0.004218779296875,0.3543774609375,-0.232032861328125,-0.33750234375,0.29531455078125,0.0119355908203125,-0.0198926513671875,0.0,0.0,0.0,0.0,0.0,0.0,0.0,0.0,0.0,0.0,0.0,0.0,0.0,0.0,0.0,0.0,0.0,0.0,0.0,0.0,0.0,0.0,0.0,0.0,0.0,0.0
5.430625163,1787890196.9279258,0.02068564229463732,-0.009344492815182015,0.8644458705495239,-0.8997093754214465,2.213399941108114,-2.193887596403133,60.23660868793949,-69.65014323766752,0.0,0.0,-0.005235987755982989,0.0,0.0,0.0,0.017453292519943295,-0.015707963267948967,-0.062056926883911956,0.028033478445546045,0.3334623883514283,-0.22461754754467192,-0.35699982332434255,0.29830570957672187,-0.0013962634015954637,0.0,0.004218779296875,0.012656337890625,0.29531455078125,-0.232032861328125,-0.3543774609375,0.29531455078125,0.0119355908203125,-0.0278497119140625,0.0,0.0,0.0,0.0,0.0,0.0,0.0,0.0,0.0,0.0,0.0,0.0,0.0,0.0,0.0,0.0,0.0,0.0,0.0,0.0,0.0,0.0,0.0,0.0,0.0,0.0
5.440643550000001,1787890196.9380493,0.02068564229463732,-0.009344492815182015,0.8642538843318044,-0.8997093754214465,2.213399941108114,-2.193887596403133,60.2366959544021,-69.65014323766752,0.0,0.0,-0.015707963267948967,0.012217304763960306,0.0,-0.008726646259971648,0.0,0.0,-0.062056926883911956,0.028033478445546045,0.3339859871270266,-0.22767187373566067,-0.35699982332434255,0.29846278920939895,-0.0008726646259971648,0.0007853981633974484,-0.046406572265625,-0.004218779296875,0.35015868164062497,-0.22781408203125,-0.33750234375,0.303752109375,0.0198926513671875,-0.023871181640625,0.0,0.0,0.0,0.0,0.0,0.0,0.0,0.0,0.0,0.0,0.0,0.0,0.0,0.0,0.0,0.0,0.0,0.0,0.0,0.0,0.0,0.0,0.0,0.0,0.0,0.0
5.450668945,1787890196.9480426,0.02068564229463732,-0.009344492815182015,0.8641491645766846,-0.8996221089588463,2.213399941108114,-2.193931229634433,60.23660868793949,-69.65014323766752,0.0,0.0,-0.008726646259971648,0.015707963267948967,0.0,0.0,-0.020943951023931956,0.013962634015954637,-0.062056926883911956,0.028033478445546045,0.3356091433313818,-0.2288936042120567,-0.35699982332434255,0.2993354538353961,0.0,0.0,0.0168751171875,-0.00843755859375,0.3543774609375,-0.22781408203125,-0.33750234375,0.29531455078125,0.01591412109375,-0.01591412109375,0.0,0.0,0.0,0.0,0.0,0.0,0.0,0.0,0.0,0.0,0.0,0.0,0.0,0.0,0.0,0.0,0.0,0.0,0.0,0.0,0.0,0.0,0.0,0.0,0.0,0.0
5.460801638,1787890196.9582422,0.02068564229463732,-0.009344492815182015,0.8641491645766846,-0.8994301227411272,2.213399941108114,-2.193931229634433,60.236224715504044,-69.64984653169466,0.0,0.0,0.0,0.010471975511965978,0.0,-0.004363323129985824,-0.038397243543875255,0.03665191429188092,-0.062056926883911956,0.028033478445546045,0.33522517089594356,-0.22950446945025604,-0.35699982332434255,0.2985936889032992,0.0010471975511965978,-0.0006981317007977319,0.021093896484375,0.012656337890625,0.33750234375,-0.22781408203125,-0.4218779296875,0.2868769921875,0.0198926513671875,-0.0318282421875,0.0,0.0,0.0,0.0,0.0,0.0,0.0,0.0,0.0,0.0,0.0,0.0,0.0,0.0,0.0,0.0,0.0,0.0,0.0,0.0,0.0,0.0,0.0,0.0,0.0,0.0
5.470802521,1787890196.968168,0.02068564229463732,-0.009344492815182015,0.8641491645766846,-0.8992381365234081,2.213452300985674,-2.193931229634433,60.235840743068614,-69.64937529279663,0.0,0.0,0.0,0.02617993877991494,0.0,0.0,-0.038397243543875255,0.050614548307835565,-0.062056926883911956,0.028033478445546045,0.3343525062699464,-0.22955682932781502,-0.35699982332434255,0.29903002121629774,0.0019198621771937627,-0.0018325957145940463,0.00843755859375,0.0,0.34593990234375,-0.232032861328125,-0.41344037109375,0.29531455078125,0.0119355908203125,-0.023871181640625,0.0,0.0,0.0,0.0,0.0,0.0,0.0,0.0,0.0,0.0,0.0,0.0,0.0,0.0,0.0,0.0,0.0,0.0,0.0,0.0,0.0,0.0,0.0,0.0,0.0,0.0
5.480941006,1787890196.978331,0.02068564229463732,-0.009344492815182015,0.8641491645766846,-0.899150870060808,2.213452300985674,-2.193931229634433,60.23545677063317,-69.64860734792576,0.0,0.0,0.0,0.0,0.005235987755982989,0.0,-0.03316125578789226,0.07679448708775051,-0.062056926883911956,0.028033478445546045,0.3343525062699464,-0.23170358430776722,-0.3571569029570223,0.2985936889032992,0.0019198621771937627,-0.0025307274153917782,0.021093896484375,0.0,0.33750234375,-0.22781408203125,-0.33750234375,0.29531455078125,0.0039785302734375,-0.0198926513671875,0.0,0.0,0.0,0.0,0.0,0.0,0.0,0.0,0.0,0.0,0.0,0.0,0.0,0.0,0.0,0.0,0.0,0.0,0.0,0.0,0.0,0.0,0.0,0.0,0.0,0.0
5.490467322000001,1787890196.9878979,0.02068564229463732,-0.009344492815182015,0.8641491645766846,-0.899046150305689,2.213452300985674,-2.193887596403133,60.23516006466031,-69.64783940305487,0.0,0.0,0.010471975511965978,0.0,0.0017453292519943296,0.008726646259971648,-0.019198621771937627,0.09250245035569947,-0.062056926883911956,0.028033478445546045,0.3343525062699464,-0.22934738981757619,-0.3576805017326206,0.2985936889032992,0.0016580627893946131,-0.0038397243543875255,0.004218779296875,-0.004218779296875,0.35015868164062497,-0.232032861328125,-0.4218779296875,0.29531455078125,0.01591412109375,-0.0198926513671875,0.0,0.0,0.0,0.0,0.0,0.0,0.0,0.0,0.0,0.0,0.0,0.0,0.0,0.0,0.0,0.0,0.0,0.0,0.0,0.0,0.0,0.0,0.0,0.0,0.0,0.0
5.500751537,1787890196.998282,0.02068564229463732,-0.009344492815182015,0.8642538843318044,-0.899046150305689,2.213495934216973,-2.193739243416713,60.23507279819773,-69.64687947196629,0.0,0.0,0.0,0.0,0.0,0.019198621771937627,0.0,0.09599310885968812,-0.062056926883911956,0.028033478445546045,0.3333053087187498,-0.22966154908293301,-0.3573314358822217,0.2975901245834018,0.0009599310885968814,-0.0046251225177849735,-0.04218779296875,-0.004218779296875,0.35015868164062497,-0.223595302734375,-0.33750234375,0.29531455078125,0.0039785302734375,-0.007957060546875,0.0,0.0,0.0,0.0,0.0,0.0,0.0,0.0,0.0,0.0,0.0,0.0,0.0,0.0,0.0,0.0,0.0,0.0,0.0,0.0,0.0,0.0,0.0,0.0,0.0,0.0
5.5107619240000005,1787890197.0081625,0.02068564229463732,-0.009344492815182015,0.8643411507944045,-0.899046150305689,2.213495934216973,-2.1933639976275345,60.23516006466031,-69.64591954087768,0.0,0.0,0.015707963267948967,0.0,0.0,0.05585053606381855,0.019198621771937627,0.09599310885968812,-0.062056926883911956,0.028033478445546045,0.3340383470045869,-0.22966154908293301,-0.35728780265091986,0.29609786807294547,0.0,-0.004799655442984406,0.0,-0.004218779296875,0.358596240234375,-0.22781408203125,-0.33750234375,0.29531455078125,0.01591412109375,-0.0119355908203125,0.0,0.0,0.0,0.0,0.0,0.0,0.0,0.0,0.0,0.0,0.0,0.0,0.0,0.0,0.0,0.0,0.0,0.0,0.0,0.0,0.0,0.0,0.0,0.0,0.0,0.0
5.521005691,1787890197.0184755,0.02068564229463732,-0.009344492815182015,0.8643411507944045,-0.8989588838430889,2.213495934216973,-2.1927356790968164,60.23545677063317,-69.64495960978908,0.0,0.0,0.0,0.0017453292519943296,0.0,0.05235987755982988,0.027925268031909273,0.10122909661567113,-0.062056926883911956,0.028033478445546045,0.3322057512899915,-0.22966154908293301,-0.35728780265091986,0.2913069392762223,-0.0009599310885968814,-0.004799655442984406,0.00843755859375,0.012656337890625,0.34593990234375,-0.232032861328125,-0.33750234375,0.2868769921875,0.0039785302734375,-0.0119355908203125,0.0,0.0,0.0,0.0,0.0,0.0,0.0,0.0,0.0,0.0,0.0,0.0,0.0,0.0,0.0,0.0,0.0,0.0,0.0,0.0,0.0,0.0,0.0,0.0,0.0,0.0
5.529996767,1787890197.027523,0.02068564229463732,-0.009344492815182015,0.8643411507944045,-0.898854164087969,2.213495934216973,-2.192500059647798,60.235736023313486,-69.6441043984556,0.0,0.0,0.0,0.005235987755982989,0.0,0.014835298641951803,0.027925268031909273,0.08203047484373349,-0.062056926883911956,0.028033478445546045,0.33377654761678643,-0.2300978813959329,-0.35728780265091986,0.28977104953446686,-0.0013962634015954637,-0.0050614548307835565,0.0168751171875,-0.004218779296875,0.3543774609375,-0.215157744140625,-0.34593990234375,0.27843943359375,-0.039785302734375,-0.0039785302734375,0.0,0.0,0.0,0.0,0.0,0.0,0.0,0.0,0.0,0.0,0.0,0.0,0.0,0.0,0.0,0.0,0.0,0.0,0.0,0.0,0.0,0.0,0.0,0.0,0.0,0.0
5.539801903000001,1787890197.0373354,0.02068564229463732,-0.009344492815182015,0.8643411507944045,-0.8987668976253698,2.213495934216973,-2.192308073430078,60.23603272928633,-69.64361570626505,0.0,0.0,0.0,0.015707963267948967,0.0,0.02617993877991494,0.017453292519943295,0.03665191429188092,-0.062056926883911956,0.028033478445546045,0.33377654761678643,-0.23076110651169127,-0.35728780265091986,0.2928166490791998,-0.0013962634015954637,-0.004101523742186675,-0.04218779296875,-0.004218779296875,0.3543774609375,-0.223595302734375,-0.33750234375,0.29531455078125,0.0198926513671875,-0.0039785302734375,0.0,0.0,0.0,0.0,0.0,0.0,0.0,0.0,0.0,0.0,0.0,0.0,0.0,0.0,0.0,0.0,0.0,0.0,0.0,0.0,0.0,0.0,0.0,0.0,0.0,0.0
5.550350986000001,1787890197.0478377,0.02068564229463732,-0.009344492815182015,0.8643411507944045,-0.8985749114076498,2.213495934216973,-2.191924100994639,60.236119995748915,-69.6428477613942,0.0,0.0,0.0,0.027925268031909273,0.0,0.03403392041388943,0.0,0.050614548307835565,-0.062056926883911956,0.028033478445546045,0.33377654761678643,-0.23207010345068568,-0.35728780265091986,0.29110622641224354,-0.0008726646259971648,-0.0018325957145940463,-0.04218779296875,-0.004218779296875,0.29531455078125,-0.236251640625,-0.33750234375,0.2193765234375,-0.0358067724609375,0.0,0.0,0.0,0.0,0.0,0.0,0.0,0.0,0.0,0.0,0.0,0.0,0.0,0.0,0.0,0.0,0.0,0.0,0.0,0.0,0.0,0.0,0.0,0.0,0.0,0.0,0.0
5.560217403,1787890197.0577745,0.02068564229463732,-0.009344492815182015,0.8642538843318044,-0.8982782054348109,2.213495934216973,-2.191487768681641,60.23603272928633,-69.64218453627842,0.0,0.0,-0.008726646259971648,0.038397243543875255,0.0,0.04363323129985824,-0.02617993877991494,0.06457718232379019,-0.062056926883911956,0.028033478445546045,0.33377654761678643,-0.23386779258024165,-0.35728780265091986,0.28916891094252883,0.0,-0.0025307274153917782,0.0168751171875,0.00843755859375,0.333283564453125,-0.236251640625,-0.4218779296875,0.270001875,0.0119355908203125,0.0,0.0,0.0,0.0,0.0,0.0,0.0,0.0,0.0,0.0,0.0,0.0,0.0,0.0,0.0,0.0,0.0,0.0,0.0,0.0,0.0,0.0,0.0,0.0,0.0,0.0,0.0
5.57020187,1787890197.0677497,0.02068564229463732,-0.009344492815182015,0.8642538843318044,-0.8978069665367725,2.213495934216973,-2.190964169906042,60.235648756850885,-69.64160857762526,0.0,0.0,0.0,0.038397243543875255,0.0,0.05934119456780721,-0.03665191429188092,0.06981317007977318,-0.062056926883911956,0.028033478445546045,0.33491101163058407,-0.23580510804995505,-0.35728780265091986,0.2868999829149376,0.0013089969389957472,-0.0032288591161895096,0.012656337890625,-0.004218779296875,0.32906478515625,-0.22781408203125,-0.33750234375,0.21093896484375,0.0119355908203125,0.0119355908203125,0.0,0.0,0.0,0.0,0.0,0.0,0.0,0.0,0.0,0.0,0.0,0.0,0.0,0.0,0.0,0.0,0.0,0.0,0.0,0.0,0.0,0.0,0.0,0.0,0.0,0.0
5.581448659,1787890197.0783725,0.02068564229463732,-0.009344492815182015,0.8641491645766846,-0.8974229941013343,2.213495934216973,-2.1903882112528845,60.23516006466031,-69.64084063275438,0.005235987755982989,0.0,0.0,0.038397243543875255,0.0,0.05585053606381855,-0.05585053606381855,0.07504915783575616,-0.062056926883911956,0.028033478445546045,0.3340383470045869,-0.2372188247440701,-0.35728780265091986,0.28375839026134525,0.0018325957145940463,-0.003490658503988659,0.012656337890625,-0.004218779296875,0.3543774609375,-0.22781408203125,-0.33750234375,0.236251640625,0.007957060546875,0.0039785302734375,0.0,0.0,0.0,0.0,0.0,0.0,0.0,0.0,0.0,0.0,0.0,0.0,0.0,0.0,0.0,0.0,0.0,0.0,0.0,0.0,0.0,0.0,0.0,0.0,0.0,0.0
5.590974591,1787890197.087967,0.02068564229463732,-0.009344492815182015,0.8641491645766846,-0.8970390216658952,2.213495934216973,-2.1897162594908663,60.234688825762284,-69.64017740763863,0.0,0.0,0.0,0.03665191429188092,0.0,0.07853981633974483,-0.05585053606381855,0.06981317007977318,-0.06258052565951025,0.028033478445546045,0.3343525062699464,-0.2383707420503847,-0.35728780265091986,0.28237958015227227,0.0027925268031909274,-0.0037524578917878084,0.012656337890625,-0.004218779296875,0.358596240234375,-0.232032861328125,-0.31218966796875,0.2868769921875,0.0119355908203125,0.007957060546875,0.0,0.0,0.0,0.0,0.0,0.0,0.0,0.0,0.0,0.0,0.0,0.0,0.0,0.0,0.0,0.0,0.0,0.0,0.0,0.0,0.0,0.0,0.0,0.0,0.0,0.0
5.6006925260000004,1787890197.097688,0.02068564229463732,-0.009344492815182015,0.8641491645766846,-0.8967423156930563,2.213495934216973,-2.18875632840227,60.23420013357174,-69.63940946276774,0.0,0.0,0.0,0.022689280275926284,0.0,0.09599310885968812,-0.038397243543875255,0.06981317007977318,-0.062056926883911956,0.028033478445546045,0.3343525062699464,-0.2393481264315025,-0.35728780265091986,0.2780947968386251,0.0027925268031909274,-0.003490658503988659,0.012656337890625,-0.004218779296875,0.299533330078125,-0.236251640625,-0.41344037109375,0.21093896484375,0.007957060546875,-0.0119355908203125,0.0,0.0,0.0,0.0,0.0,0.0,0.0,0.0,0.0,0.0,0.0,0.0,0.0,0.0,0.0,0.0,0.0,0.0,0.0,0.0,0.0,0.0,0.0,0.0,0.0,0.0
5.610219642000001,1787890197.1076865,0.02068564229463732,-0.009344492815182015,0.8642538843318044,-0.896463063012737,2.213452300985674,-2.188084376640252,60.23392088089141,-69.63872878435946,0.0,0.0,0.0,0.017453292519943295,0.0,0.0497418836818384,-0.010471975511965978,0.07330382858376185,-0.062056926883911956,0.028033478445546045,0.3343525062699464,-0.23884198094842382,-0.35728780265091986,0.2734696743208416,0.0019198621771937627,-0.003490658503988659,0.012656337890625,-0.004218779296875,0.299533330078125,-0.24047041992187498,-0.33750234375,0.2868769921875,0.007957060546875,-0.01591412109375,0.0,0.0,0.0,0.0,0.0,0.0,0.0,0.0,0.0,0.0,0.0,0.0,0.0,0.0,0.0,0.0,0.0,0.0,0.0,0.0,0.0,0.0,0.0,0.0,0.0,0.0
5.619852264,1787890197.1173794,0.02068564229463732,-0.009344492815182015,0.8643411507944045,-0.896463063012737,2.213452300985674,-2.1874124248782336,60.23392088089141,-69.63806555924371,0.0,0.0,0.012217304763960306,0.0,0.0,0.09075712110370514,0.0,0.06283185307179587,-0.062056926883911956,0.028033478445546045,0.3340383470045869,-0.23915614021378329,-0.3571569029570223,0.27607894155257207,0.0005235987755982989,-0.0036651914291880926,0.02531267578125,0.0,0.35015868164062497,-0.2193765234375,-0.33750234375,0.19406384765625,0.007957060546875,0.01591412109375,0.0,0.0,0.0,0.0,0.0,0.0,0.0,0.0,0.0,0.0,0.0,0.0,0.0,0.0,0.0,0.0,0.0,0.0,0.0,0.0,0.0,0.0,0.0,0.0,0.0,0.0
5.630124447,1787890197.1276119,0.02068564229463732,-0.009344492815182015,0.8644458705495239,-0.896463063012737,2.213452300985674,-2.186312867449478,60.234112867109125,-69.63738488083543,0.0,0.0,0.0,0.0,0.0,0.10122909661567113,0.02617993877991494,0.05585053606381855,-0.062056926883911956,0.028033478445546045,0.3325548171403904,-0.23741081096178895,-0.3571569029570223,0.2699615625243309,0.0,-0.0031415926535897937,0.02531267578125,-0.004218779296875,0.341721123046875,-0.24047041992187498,-0.3206272265625,0.33750234375,0.007957060546875,0.01591412109375,0.0,0.0,0.0,0.0,0.0,0.0,0.0,0.0,0.0,0.0,0.0,0.0,0.0,0.0,0.0,0.0,0.0,0.0,0.0,0.0,0.0,0.0,0.0,0.0,0.0,0.0
5.6398502850000005,1787890197.1373973,0.02068564229463732,-0.009344492815182015,0.8645331370121236,-0.8965503294753363,2.213452300985674,-2.1855012893473007,60.23449683954457,-69.6369136419374,0.0,0.0,0.013962634015954637,-0.015707963267948967,0.0,0.07504915783575616,0.04188790204786391,0.048869219055841226,-0.062056926883911956,0.028033478445546045,0.3334623883514283,-0.23741081096178895,-0.3571569029570223,0.26561569268686763,-0.0013089969389957472,-0.0027925268031909274,0.0168751171875,-0.004218779296875,0.33750234375,-0.24468919921875,-0.34593990234375,0.2868769921875,0.0119355908203125,0.0119355908203125,0.0,0.0,0.0,0.0,0.0,0.0,0.0,0.0,0.0,0.0,0.0,0.0,0.0,0.0,0.0,0.0,0.0,0.0,0.0,0.0,0.0,0.0,0.0,0.0,0.0,0.0
5.652016000000001,1787890197.1493142,0.020790362049758038,-0.009344492815182015,0.8647251232298427,-0.8966550492304561,2.213452300985674,-2.1847333444764234,60.23507279819773,-69.63652966950195,0.0,0.0,0.020943951023931956,-0.0017453292519943296,0.0,0.06283185307179587,0.05585053606381855,0.017453292519943295,-0.062056926883911956,0.028033478445546045,0.33180432556203365,-0.23557821524719624,-0.3571569029570223,0.26579895225832706,-0.0020943951023931957,-0.0024434609527920616,0.0168751171875,-0.004218779296875,0.34593990234375,-0.24047041992187498,-0.33750234375,0.24468919921875,0.0119355908203125,0.01591412109375,0.0,0.0,0.0,0.0,0.0,0.0,0.0,0.0,0.0,0.0,0.0,0.0,0.0,0.0,0.0,0.0,0.0,0.0,0.0,0.0,0.0,0.0,0.0,0.0,0.0,0.0
5.667937194,1787890197.1651502,0.020790362049758038,-0.009344492815182015,0.8651090956652818,-0.8966550492304561,2.213452300985674,-2.183005468516948,60.235928009531214,-69.63661693596457,0.0,0.0,0.022689280275926284,0.0,0.0,0.1684242728174528,0.054105206811824215,-0.008726646259971648,-0.06237108614927411,0.028033478445546045,0.33053023520807867,-0.23666031938343224,-0.3571569029570223,0.26471684812209123,-0.0027925268031909274,-0.0008726646259971648,0.012656337890625,-0.004218779296875,0.29531455078125,-0.248907978515625,-0.4218779296875,0.26156431640625,-0.0358067724609375,0.007957060546875,0.0,0.0,0.0,0.0,0.0,0.0,0.0,0.0,0.0,0.0,0.0,0.0,0.0,0.0,0.0,0.0,0.0,0.0,0.0,0.0,0.0,0.0,0.0,0.0,0.0,0.0
5.678742025,1787890197.1758363,0.020790362049758038,-0.009344492815182015,0.8652138154204017,-0.8965503294753363,2.213452300985674,-2.1814259455438934,60.23650396818436,-69.63672165571967,0.0,0.0,0.0017453292519943296,0.017453292519943295,-0.004363323129985824,0.12828170002158323,0.050614548307835565,-0.012217304763960306,-0.06237108614927411,0.028033478445546045,0.32920378497656194,-0.23683485230863166,-0.3571569029570223,0.24897397826909923,-0.0027052603405912107,0.0004363323129985824,0.021093896484375,-0.004218779296875,0.358596240234375,-0.22781408203125,-0.31218966796875,0.2193765234375,0.0119355908203125,0.0119355908203125,0.0,0.0,0.0,0.0,0.0,0.0,0.0,0.0,0.0,0.0,0.0,0.0,0.0,0.0,0.0,0.0,0.0,0.0,0.0,0.0,0.0,0.0,0.0,0.0,0.0,0.0
5.687818862,1787890197.185285,0.020790362049758038,-0.009344492815182015,0.8654058016381208,-0.8966550492304561,2.213452300985674,-2.180466014455297,60.23707992683752,-69.63672165571967,0.0,0.0,0.027925268031909273,-0.012217304763960306,0.0,0.08726646259971647,0.05585053606381855,0.0,-0.06237108614927411,0.028033478445546045,0.3309840208135957,-0.23889434082598549,-0.35672057064402374,0.24824966662952228,-0.0025307274153917782,0.0006108652381980154,-0.037969013671875,-0.004218779296875,0.341721123046875,-0.215157744140625,-0.33750234375,0.236251640625,0.0119355908203125,-0.0358067724609375,0.0,0.0,0.0,0.0,0.0,0.0,0.0,0.0,0.0,0.0,0.0,0.0,0.0,0.0,0.0,0.0,0.0,0.0,0.0,0.0,0.0,0.0,0.0,0.0,0.0,0.0
5.696693585,1787890197.1941993,0.020790362049758038,-0.009344492815182015,0.8655977878558403,-0.8968470354481752,2.213452300985674,-2.1791744708088205,60.23756861902809,-69.63672165571967,0.0,0.0,0.003490658503988659,-0.019198621771937627,-0.004363323129985824,0.1858775653373961,0.05235987755982988,0.0,-0.06237108614927411,0.028033478445546045,0.3277900682824469,-0.23561312183223562,-0.3571569029570223,0.2494713971059198,-0.0027925268031909274,0.0,0.00843755859375,0.0,0.299533330078125,-0.2531267578125,-0.32906478515625,0.20250140625,0.0119355908203125,-0.039785302734375,0.0,0.0,0.0,0.0,0.0,0.0,0.0,0.0,0.0,0.0,0.0,0.0,0.0,0.0,0.0,0.0,0.0,0.0,0.0,0.0,0.0,0.0,0.0,0.0,0.0,0.0
5.706232445,1787890197.2037516,0.020790362049758038,-0.009344492815182015,0.8655977878558403,-0.8968470354481752,2.213399941108114,-2.177638581067066,60.23814457768125,-69.63672165571967,0.0,0.0,0.0,0.0,0.0,0.14486232791552936,0.05934119456780721,0.0,-0.06237108614927411,0.028033478445546045,0.32965757058208034,-0.2343390314782806,-0.35672057064402374,0.23573565589272255,-0.0026179938779914945,0.0,0.00843755859375,-0.004218779296875,0.34593990234375,-0.2193765234375,-0.41344037109375,0.21093896484375,0.023871181640625,-0.0318282421875,0.0,0.0,0.0,0.0,0.0,0.0,0.0,0.0,0.0,0.0,0.0,0.0,0.0,0.0,0.0,0.0,0.0,0.0,0.0,0.0,0.0,0.0,0.0,0.0,0.0,0.0
5.715623367,1787890197.2132149,0.020790362049758038,-0.009344492815182015,0.86549306810072,-0.8970390216658952,2.213399941108114,-2.1770102625363488,60.238615816579276,-69.63672165571967,0.0,0.0,0.0,-0.03665191429188092,0.0,0.028797932657906436,0.047123889803846894,-0.013962634015954637,-0.06237108614927411,0.028033478445546045,0.3300066364324792,-0.23625889365547437,-0.35699982332434255,0.23522951040964557,-0.002967059728390361,0.0,0.0168751171875,-0.004218779296875,0.333283564453125,-0.24047041992187498,-0.31218966796875,0.2193765234375,0.01591412109375,0.023871181640625,0.0,0.0,0.0,0.0,0.0,0.0,0.0,0.0,0.0,0.0,0.0,0.0,0.0,0.0,0.0,0.0,0.0,0.0,0.0,0.0,0.0,0.0,0.0,0.0,0.0,0.0
5.725102354000001,1787890197.2224739,0.020790362049758038,-0.009344492815182015,0.86549306810072,-0.8976149803190534,2.213399941108114,-2.1764866637607496,60.23899978901472,-69.6369136419374,0.0,0.0,0.0,-0.06981317007977318,0.0,0.09512044423369097,0.04363323129985824,-0.024434609527920613,-0.06237108614927411,0.028033478445546045,0.33032079569784,-0.23201774357312632,-0.35699982332434255,0.24495099434325623,-0.002356194490192345,0.0006981317007977319,-0.029531455078125,-0.004218779296875,0.333283564453125,-0.223595302734375,-0.33750234375,0.17718873046875,-0.043763833007812496,-0.039785302734375,0.0,0.0,0.0,0.0,0.0,0.0,0.0,0.0,0.0,0.0,0.0,0.0,0.0,0.0,0.0,0.0,0.0,0.0,0.0,0.0,0.0,0.0,0.0,0.0,0.0,0.0
5.734400539,1787890197.231805,0.020790362049758038,-0.009344492815182015,0.86549306810072,-0.8980862192170918,2.213399941108114,-2.174950774018994,60.23938376145015,-69.6371928946177,0.0,0.0,0.0,-0.03665191429188092,0.0,0.20507618710933373,0.04537856055185257,-0.027925268031909273,-0.06237108614927411,0.028033478445546045,0.33032079569784,-0.22697374203486254,-0.35699982332434255,0.23674794685888031,-0.002181661564992912,0.0012217304763960308,0.0168751171875,-0.004218779296875,0.303752109375,-0.24047041992187498,-0.34593990234375,0.270001875,0.0278497119140625,0.01591412109375,0.0,0.0,0.0,0.0,0.0,0.0,0.0,0.0,0.0,0.0,0.0,0.0,0.0,0.0,0.0,0.0,0.0,0.0,0.0,0.0,0.0,0.0,0.0,0.0,0.0,0.0
5.743605218000001,1787890197.2410545,0.020790362049758038,-0.009344492815182015,0.86549306810072,-0.8983829251899307,2.213452300985674,-2.1733188911683805,60.23985500034818,-69.63729761437283,0.0,0.0,0.0,-0.027925268031909273,0.0,0.10995574287564278,0.04188790204786391,0.0,-0.06237108614927411,0.028033478445546045,0.33032079569784,-0.22887615091953672,-0.35699982332434255,0.2211447033460497,-0.0022689280275926286,0.0013962634015954637,0.021093896484375,0.0,0.291095771484375,-0.24047041992187498,-0.438753046875,0.24468919921875,0.01591412109375,-0.007957060546875,0.0,0.0,0.0,0.0,0.0,0.0,0.0,0.0,0.0,0.0,0.0,0.0,0.0,0.0,0.0,0.0,0.0,0.0,0.0,0.0,0.0,0.0,0.0,0.0,0.0,0.0
5.7532414560000005,1787890197.2506342,0.020790362049758038,-0.009344492815182015,0.86549306810072,-0.8989588838430889,2.213452300985674,-2.1731269049506605,60.240151706321036,-69.63738488083543,0.0,0.0,0.0,-0.07504915783575616,0.0,-0.003490658503988659,0.03665191429188092,-0.017453292519943295,-0.06237108614927411,0.028033478445546045,0.33032079569784,-0.2288586976270171,-0.3571569029570223,0.22576109921757778,-0.0020943951023931957,0.0,0.02531267578125,-0.004218779296875,0.33750234375,-0.2193765234375,-0.34593990234375,0.29531455078125,-0.04774236328125,0.0,0.0,0.0,0.0,0.0,0.0,0.0,0.0,0.0,0.0,0.0,0.0,0.0,0.0,0.0,0.0,0.0,0.0,0.0,0.0,0.0,0.0,0.0,0.0,0.0,0.0,0.0
5.762330101000001,1787890197.2597215,0.020790362049758038,-0.009344492815182015,0.86549306810072,-0.8998140951765663,2.213452300985674,-2.1727429325152223,60.240622945219066,-69.63776885327087,0.0,0.0,0.005235987755982989,-0.09424777960769379,0.0,0.07155849933176751,0.03665191429188092,-0.04363323129985824,-0.06237108614927411,0.028033478445546045,0.33032079569784,-0.22241843268715786,-0.3571569029570223,0.23652978070238098,-0.0018325957145940463,0.0008726646259971648,-0.046406572265625,0.0,0.333283564453125,-0.22781408203125,-0.34593990234375,0.24468919921875,-0.04774236328125,0.0039785302734375,0.0,0.0,0.0,0.0,0.0,0.0,0.0,0.0,0.0,0.0,0.0,0.0,0.0,0.0,0.0,0.0,0.0,0.0,0.0,0.0,0.0,0.0,0.0,0.0,0.0,0.0
5.771894178,1787890197.2693472,0.020790362049758038,-0.009344492815182015,0.86549306810072,-0.9003900538297245,2.213452300985674,-2.171791728072884,60.241006917654495,-69.6381528257063,0.0,0.0,0.0,-0.047123889803846894,0.0,0.13526301702956053,0.047123889803846894,-0.04363323129985824,-0.06237108614927411,0.028033478445546045,0.3297971969222417,-0.2179329365095318,-0.3571569029570223,0.22787294761249077,-0.0018325957145940463,0.002181661564992912,0.02531267578125,0.00843755859375,0.341721123046875,-0.223595302734375,-0.33750234375,0.236251640625,0.0119355908203125,0.0119355908203125,0.0,0.0,0.0,0.0,0.0,0.0,0.0,0.0,0.0,0.0,0.0,0.0,0.0,0.0,0.0,0.0,0.0,0.0,0.0,0.0,0.0,0.0,0.0,0.0,0.0,0.0
5.7814936470000005,1787890197.2788558,0.020790362049758038,-0.009344492815182015,0.86549306810072,-0.9007740262651627,2.213495934216973,-2.1703518314399894,60.24158287630767,-69.63864151789687,0.0,0.0,0.0,-0.04537856055185257,0.0,0.13962634015954636,0.05934119456780721,-0.054105206811824215,-0.06237108614927411,0.028033478445546045,0.33032079569784,-0.22091744953044193,-0.3571569029570223,0.21864888251569653,-0.002356194490192345,0.002181661564992912,0.0168751171875,0.012656337890625,0.2868769921875,-0.215157744140625,-0.3206272265625,0.26156431640625,-0.0517208935546875,0.0039785302734375,0.0,0.0,0.0,0.0,0.0,0.0,0.0,0.0,0.0,0.0,0.0,0.0,0.0,0.0,0.0,0.0,0.0,0.0,0.0,0.0,0.0,0.0,0.0,0.0,0.0,0.0
5.790448339,1787890197.287827,0.020790362049758038,-0.009344492815182015,0.86549306810072,-0.901245265163201,2.213548294094533,-2.1696275198004122,60.2419668487431,-69.63921747655003,0.0,0.0,0.0,-0.05235987755982988,0.007853981633974483,0.022689280275926284,0.047123889803846894,-0.06457718232379019,-0.06237108614927411,0.028033478445546045,0.33032079569784,-0.2199400651493268,-0.35728780265091986,0.21389286030401425,-0.002967059728390361,0.0027052603405912107,-0.046406572265625,-0.004218779296875,0.34593990234375,-0.21093896484375,-0.34593990234375,0.270001875,-0.043763833007812496,-0.0198926513671875,0.0,0.0,0.0,0.0,0.0,0.0,0.0,0.0,0.0,0.0,0.0,0.0,0.0,0.0,0.0,0.0,0.0,0.0,0.0,0.0,0.0,0.0,0.0,0.0,0.0,0.0
5.800137857,1787890197.2975578,0.020790362049758038,-0.009344492815182015,0.86549306810072,-0.9018212238163601,2.213548294094533,-2.1695315266915522,60.24245554093367,-69.63998542142089,0.0,0.0,0.017453292519943295,-0.06806784082777886,0.006108652381980153,0.027925268031909273,0.04014257279586959,-0.09250245035569947,-0.06237108614927411,0.028033478445546045,0.33032079569784,-0.217828216754414,-0.35823028044699706,0.22341363137364464,-0.002356194490192345,0.0032288591161895096,0.02531267578125,0.012656337890625,0.32906478515625,-0.206720185546875,-0.34593990234375,0.236251640625,-0.0039785302734375,0.0039785302734375,0.0,0.0,0.0,0.0,0.0,0.0,0.0,0.0,0.0,0.0,0.0,0.0,0.0,0.0,0.0,0.0,0.0,0.0,0.0,0.0,0.0,0.0,0.0,0.0,0.0,0.0
5.810160884,1787890197.3075492,0.020790362049758038,-0.009344492815182015,0.8655977878558403,-0.9023971824695183,2.213591927325833,-2.168911934807095,60.2429267798317,-69.6410326189721,0.0,0.0,0.015707963267948967,-0.04014257279586959,0.0,0.07766715171374766,0.04537856055185257,-0.1117010721276371,-0.06237108614927411,0.028033478445546045,0.3285754664458457,-0.2145295444681419,-0.35805574752179764,0.22260205327146637,-0.0020071286397934794,0.0046251225177849735,-0.046406572265625,0.0,0.32906478515625,-0.21093896484375,-0.3206272265625,0.22781408203125,0.01591412109375,0.0,0.0,0.0,0.0,0.0,0.0,0.0,0.0,0.0,0.0,0.0,0.0,0.0,0.0,0.0,0.0,0.0,0.0,0.0,0.0,0.0,0.0,0.0,0.0,0.0,0.0,0.0
5.819746497000001,1787890197.3172157,0.020790362049758038,-0.009344492815182015,0.86568505431844,-0.9025891686872365,2.213644287203393,-2.1679520037184976,60.24341547202227,-69.642271802741,0.0,0.0,0.008726646259971648,-0.017453292519943295,0.007853981633974483,0.09861110273767962,0.054105206811824215,-0.12915436464758037,-0.06237108614927411,0.028033478445546045,0.3284358401056843,-0.21559419531185828,-0.35757578197749984,0.21576908924991042,-0.0022689280275926286,0.005585053606381855,0.02531267578125,0.0,0.341721123046875,-0.206720185546875,-0.32906478515625,0.2193765234375,0.0119355908203125,-0.0039785302734375,0.0,0.0,0.0,0.0,0.0,0.0,0.0,0.0,0.0,0.0,0.0,0.0,0.0,0.0,0.0,0.0,0.0,0.0,0.0,0.0,0.0,0.0,0.0,0.0,0.0,0.0
5.830148250000001,1787890197.3275456,0.020790362049758038,-0.009344492815182015,0.8657897740735594,-0.9027811549049574,2.213687920434693,-2.1670444325074603,60.24399143067543,-69.64352843980245,0.0,0.0,0.013962634015954637,-0.017453292519943295,0.0,0.08726646259971647,0.05934119456780721,-0.1239183768915974,-0.06237108614927411,0.028033478445546045,0.3288721724186829,-0.21728716468629627,-0.35851825977357704,0.21079490088172542,-0.0027052603405912107,0.006457718232379019,-0.046406572265625,-0.004218779296875,0.341721123046875,-0.206720185546875,-0.32906478515625,0.2531267578125,0.0119355908203125,-0.01591412109375,0.0,0.0,0.0,0.0,0.0,0.0,0.0,0.0,0.0,0.0,0.0,0.0,0.0,0.0,0.0,0.0,0.0,0.0,0.0,0.0,0.0,0.0,0.0,0.0,0.0,0.0
5.840082188,1787890197.3375206,0.020790362049758038,-0.009344492815182015,0.8658770405361591,-0.9027811549049574,2.213783913543552,-2.166224127759022,60.24465465579117,-69.64476762357137,0.0,0.0,0.012217304763960306,-0.012217304763960306,0.008726646259971648,0.06370451769779303,0.07330382858376185,-0.1239183768915974,-0.06237108614927411,0.028033478445546045,0.3280344143777264,-0.21671120603313365,-0.3578637613040798,0.20920665126240967,-0.002967059728390361,0.00619591884457987,0.021093896484375,-0.004218779296875,0.341721123046875,-0.21093896484375,-0.371252578125,0.2531267578125,0.007957060546875,-0.0119355908203125,0.0,0.0,0.0,0.0,0.0,0.0,0.0,0.0,0.0,0.0,0.0,0.0,0.0,0.0,0.0,0.0,0.0,0.0,0.0,0.0,0.0,0.0,0.0,0.0,0.0,0.0
5.850301314,1787890197.3477042,0.020790362049758038,-0.009344492815182015,0.8659817602912785,-0.9028858746600763,2.213879906652412,-2.165936148432444,60.24542260066206,-69.64602426063281,0.0,0.0,0.0,-0.022689280275926284,0.013962634015954637,0.019198621771937627,0.08203047484373349,-0.10471975511965977,-0.06237108614927411,0.028033478445546045,0.32794714791512675,-0.21723480480873195,-0.3590244052566543,0.20910193150728779,-0.0036651914291880926,0.00619591884457987,0.021093896484375,-0.004218779296875,0.341721123046875,-0.21093896484375,-0.32906478515625,0.1518760546875,0.007957060546875,0.0278497119140625,0.0,0.0,0.0,0.0,0.0,0.0,0.0,0.0,0.0,0.0,0.0,0.0,0.0,0.0,0.0,0.0,0.0,0.0,0.0,0.0,0.0,0.0,0.0,0.0,0.0,0.0
5.861390629000001,1787890197.3587508,0.020790362049758038,-0.009344492815182015,0.8659817602912785,-0.9033571135581147,2.214028259638832,-2.1656045358745657,60.24638253175065,-69.64687947196629,0.0,0.0,0.015707963267948967,-0.054105206811824215,0.01832595714594046,0.04014257279586959,0.10297442586766545,-0.08377580409572782,-0.06237108614927411,0.028033478445546045,0.3288547191261646,-0.21587344799217853,-0.3598359833588326,0.21268858312013872,-0.004101523742186675,0.005235987755982989,-0.04218779296875,0.0,0.341721123046875,-0.20250140625,-0.33750234375,0.12656337890625,-0.0358067724609375,-0.0198926513671875,0.0,0.0,0.0,0.0,0.0,0.0,0.0,0.0,0.0,0.0,0.0,0.0,0.0,0.0,0.0,0.0,0.0,0.0,0.0,0.0,0.0,0.0,0.0,0.0,0.0,0.0
5.8708793130000005,1787890197.3682866,0.020790362049758038,-0.009344492815182015,0.8660690267538782,-0.9039330722112728,2.214316238965411,-2.1651245703302657,60.24762171551958,-69.64754269708203,0.0,0.0,0.0,-0.08028514559173917,0.031415926535897934,0.04450589592585541,0.13962634015954636,-0.04188790204786391,-0.06237108614927411,0.028033478445546045,0.3272839227993697,-0.21131813864447369,-0.3607173746310909,0.20959935034411067,-0.005148721293383273,0.004188790204786391,0.00843755859375,-0.004218779296875,0.33750234375,-0.22781408203125,-0.3543774609375,0.1350009375,-0.043763833007812496,-0.023871181640625,0.0,0.0,0.0,0.0,0.0,0.0,0.0,0.0,0.0,0.0,0.0,0.0,0.0,0.0,0.0,0.0,0.0,0.0,0.0,0.0,0.0,0.0,0.0,0.0,0.0,0.0
5.880581695,1787890197.3780248,0.020790362049758038,-0.009344492815182015,0.866173746508998,-0.9048930032998692,2.2147962045097094,-2.1647405978948275,60.249157605261324,-69.64764741683716,0.0,0.0,0.012217304763960306,-0.1117010721276371,0.06283185307179587,0.03577924966588376,0.16231562043547265,-0.003490658503988659,-0.06237108614927411,0.028033478445546045,0.32859291973836546,-0.20697226880700764,-0.36289030954982393,0.2077231213982122,-0.006981317007977318,0.0020943951023931957,0.012656337890625,0.00843755859375,0.29531455078125,-0.19406384765625,-0.3543774609375,0.2193765234375,-0.0039785302734375,-0.0198926513671875,0.0,0.0,0.0,0.0,0.0,0.0,0.0,0.0,0.0,0.0,0.0,0.0,0.0,0.0,0.0,0.0,0.0,0.0,0.0,0.0,0.0,0.0,0.0,0.0,0.0,0.0
5.890331055000001,1787890197.3878214,0.020790362049758038,-0.009344492815182015,0.866365732726718,-0.9061496403613054,2.2154157963941676,-2.1645049784458075,60.2508854812208,-69.64764741683716,0.0,0.0,0.024434609527920613,-0.13613568165555773,0.053232542185827056,0.010471975511965978,0.1762782544514273,0.017453292519943295,-0.06237108614927411,0.028033478445546045,0.32705702999660996,-0.20095088288762872,-0.36747179883630826,0.20744386871789477,-0.008115781021773632,0.00017453292519943296,0.012656337890625,0.00843755859375,0.29531455078125,-0.20250140625,-0.33750234375,0.236251640625,-0.01591412109375,-0.01591412109375,0.0,0.0,0.0,0.0,0.0,0.0,0.0,0.0,0.0,0.0,0.0,0.0,0.0,0.0,0.0,0.0,0.0,0.0,0.0,0.0,0.0,0.0,0.0,0.0,0.0,0.0
5.900329986,1787890197.3978887,0.020790362049758038,-0.009344492815182015,0.8665577189444371,-0.9074760905928212,2.215747408952046,-2.1644526185682484,60.25299732961572,-69.64726344440172,0.0,0.0,0.015707963267948967,-0.1343903524035634,0.025307274153917782,0.0,0.20943951023931953,0.03316125578789226,-0.06237108614927411,0.028033478445546045,0.32525934086705394,-0.19473751075052806,-0.36837064340108616,0.20926773778622637,-0.008813912722571366,-0.0008726646259971648,0.021093896484375,-0.004218779296875,0.33750234375,-0.206720185546875,-0.3543774609375,0.236251640625,-0.01591412109375,0.0358067724609375,0.0,0.0,0.0,0.0,0.0,0.0,0.0,0.0,0.0,0.0,0.0,0.0,0.0,0.0,0.0,0.0,0.0,0.0,0.0,0.0,0.0,0.0,0.0,0.0,0.0,0.0
5.910670746,1787890197.408189,0.020790362049758038,-0.009344492815182015,0.8666449854070364,-0.9087327276542574,2.216131381387485,-2.1644526185682484,60.25530116422835,-69.64698419172142,0.0,0.0,0.0,-0.10995574287564278,0.046251225177849735,0.0,0.2617993877991494,0.029670597283903605,-0.06237108614927411,0.028033478445546045,0.3255560468398938,-0.19093269298118015,-0.3665729542715301,0.21015785570474588,-0.010471975511965978,-0.0016580627893946131,0.021093896484375,-0.004218779296875,0.29531455078125,-0.19406384765625,-0.44719060546875,0.26156431640625,0.0,-0.0198926513671875,0.0,0.0,0.0,0.0,0.0,0.0,0.0,0.0,0.0,0.0,0.0,0.0,0.0,0.0,0.0,0.0,0.0,0.0,0.0,0.0,0.0,0.0,0.0,0.0,0.0,0.0
5.9207739020000005,1787890197.4183152,0.020790362049758038,-0.009344492815182015,0.8665577189444371,-0.9096926587428538,2.2168033331495023,-2.1644526185682484,60.25807623773901,-69.64679220550367,0.0,0.0,-0.020943951023931956,-0.08028514559173917,0.07853981633974483,0.0,0.2879793265790644,0.012217304763960306,-0.06237108614927411,0.028033478445546045,0.3268650437788909,-0.18960624274966362,-0.3698192666802405,0.21015785570474588,-0.01308996938995747,-0.0014835298641951804,0.004218779296875,-0.004218779296875,0.299533330078125,-0.181407509765625,-0.3543774609375,0.21093896484375,0.007957060546875,-0.0198926513671875,0.0,0.0,0.0,0.0,0.0,0.0,0.0,0.0,0.0,0.0,0.0,0.0,0.0,0.0,0.0,0.0,0.0,0.0,0.0,0.0,0.0,0.0,0.0,0.0,0.0,0.0
5.93039846,1787890197.4279034,0.020790362049758038,-0.009344492815182015,0.8662610129715982,-0.9103558838586112,2.2175276447890804,-2.1644526185682484,60.26114801722253,-69.64679220550367,0.0,0.0,-0.03316125578789226,-0.050614548307835565,0.0671951762017817,0.0,0.31590459461097364,-0.008726646259971648,-0.06237108614927411,0.028033478445546045,0.3292212382690819,-0.18969350921226485,-0.3750639810824819,0.21015785570474588,-0.01439896632895322,-0.0006108652381980154,0.00843755859375,-0.004218779296875,0.341721123046875,-0.17718873046875,-0.3543774609375,0.1518760546875,-0.04774236328125,-0.01591412109375,0.0,0.0,0.0,0.0,0.0,0.0,0.0,0.0,0.0,0.0,0.0,0.0,0.0,0.0,0.0,0.0,0.0,0.0,0.0,0.0,0.0,0.0,0.0,0.0,0.0,0.0
5.940176843000001,1787890197.437751,0.020790362049758038,-0.009344492815182015,0.8658770405361591,-0.9107398562940503,2.2181995965510986,-2.1644526185682484,60.26441178292375,-69.64698419172142,0.0,0.0,-0.04014257279586959,-0.029670597283903605,0.07330382858376185,0.0,0.3420845333908886,-0.013962634015954637,-0.06237108614927411,0.028033478445546045,0.33133308666399475,-0.19067089359338288,-0.3761024519874199,0.21015785570474588,-0.01579522973054868,0.0004363323129985824,0.021093896484375,0.0,0.341721123046875,-0.172969951171875,-0.371252578125,0.14343849609375,-0.0318282421875,-0.0198926513671875,0.0,0.0,0.0,0.0,0.0,0.0,0.0,0.0,0.0,0.0,0.0,0.0,0.0,0.0,0.0,0.0,0.0,0.0,0.0,0.0,0.0,0.0,0.0,0.0,0.0,0.0
5.950043900000001,1787890197.4475787,0.020790362049758038,-0.009344492815182015,0.8654058016381208,-0.9110365622668892,2.219150800993435,-2.1644526185682484,60.267850081550186,-69.647071458184,0.0,0.0,-0.04014257279586959,-0.024434609527920613,0.11257373675363426,0.0,0.3490658503988659,0.0,-0.06237108614927411,0.028033478445546045,0.33318313567110974,-0.1916133713894588,-0.3787291725116724,0.21015785570474588,-0.01710422666954443,0.0006981317007977319,-0.046406572265625,0.00843755859375,0.3543774609375,-0.1856262890625,-0.41344037109375,0.24468919921875,0.0119355908203125,-0.023871181640625,0.0,0.0,0.0,0.0,0.0,0.0,0.0,0.0,0.0,0.0,0.0,0.0,0.0,0.0,0.0,0.0,0.0,0.0,0.0,0.0,0.0,0.0,0.0,0.0,0.0,0.0
5.960299635,1787890197.457847,0.020790362049758038,-0.009344492815182015,0.8650218292026817,-0.9112285484846092,2.2200670988507323,-2.1644526185682484,60.27111384725142,-69.647071458184,0.0,0.0,-0.04188790204786391,-0.017453292519943295,0.07853981633974483,0.0,0.3717551306747922,0.0,-0.06237108614927411,0.028033478445546045,0.3345968523652248,-0.19124685224654034,-0.38550977665566927,0.21015785570474588,-0.017453292519943295,0.0,0.00843755859375,-0.00843755859375,0.303752109375,-0.181407509765625,-0.39656525390624997,0.236251640625,-0.0318282421875,0.055699423828125,0.0,0.0,0.0,0.0,0.0,0.0,0.0,0.0,0.0,0.0,0.0,0.0,0.0,0.0,0.0,0.0,0.0,0.0,0.0,0.0,0.0,0.0,0.0,0.0,0.0,0.0
5.971282132000001,1787890197.4687026,0.020790362049758038,-0.009344492815182015,0.8645331370121236,-0.9113158149472085,2.2210270299393287,-2.1644526185682484,60.2750408380684,-69.64698419172142,0.0,0.0,-0.038397243543875255,0.0,0.09250245035569947,0.0,0.3612831551628263,0.0,-0.06237108614927411,0.028033478445546045,0.33592330259674147,-0.1913690252941781,-0.3848552781861719,0.21015785570474588,-0.018587756533739612,0.0,-0.04218779296875,-0.004218779296875,0.35015868164062497,-0.181407509765625,-0.39656525390624997,0.26156431640625,-0.0119355908203125,-0.0198926513671875,0.0,0.0,0.0,0.0,0.0,0.0,0.0,0.0,0.0,0.0,0.0,0.0,0.0,0.0,0.0,0.0,0.0,0.0,0.0,0.0,0.0,0.0,0.0,0.0,0.0,0.0
5.980767360000001,1787890197.4781766,0.020790362049758038,-0.009344492815182015,0.8642538843318044,-0.9113158149472085,2.221698981701347,-2.1644526185682484,60.278304603769634,-69.64698419172142,0.008726646259971648,0.0,-0.024434609527920613,0.0,0.06370451769779303,0.0,0.34382986264288296,0.0,-0.06237108614927411,0.028033478445546045,0.33704031331801665,-0.19285255515837463,-0.38913133485355644,0.21015785570474588,-0.018064157758141314,0.0,0.00843755859375,-0.004218779296875,0.35015868164062497,-0.17718873046875,-0.37969013671875,0.24468919921875,0.007957060546875,-0.0198926513671875,0.0,0.0,0.0,0.0,0.0,0.0,0.0,0.0,0.0,0.0,0.0,0.0,0.0,0.0,0.0,0.0,0.0,0.0,0.0,0.0,0.0,0.0,0.0,0.0,0.0,0.0
5.990388205,1787890197.4878411,0.020790362049758038,-0.009344492815182015,0.8639571783589655,-0.9112285484846092,2.2224581999259643,-2.1644526185682484,60.28165563593347,-69.64698419172142,0.0,0.0,-0.024434609527920613,0.012217304763960306,0.09512044423369097,-0.0008726646259971648,0.32288591161895097,0.0,-0.06324375077527128,0.028033478445546045,0.336481807957379,-0.19285255515837463,-0.38826739687382034,0.21015785570474588,-0.01719149313214415,0.0,0.00843755859375,0.00843755859375,0.341721123046875,-0.1856262890625,-0.3543774609375,0.2193765234375,0.0119355908203125,-0.01591412109375,0.0,0.0,0.0,0.0,0.0,0.0,0.0,0.0,0.0,0.0,0.0,0.0,0.0,0.0,0.0,0.0,0.0,0.0,0.0,0.0,0.0,0.0,0.0,0.0,0.0,0.0
5.999935321000001,1787890197.497474,0.020790362049758038,-0.009344492815182015,0.8638699118963662,-0.9110365622668892,2.2236101172322806,-2.1644526185682484,60.2849194016347,-69.64698419172142,0.0,0.0,0.0,0.017453292519943295,0.1239183768915974,0.0,0.2932153143350474,0.0,-0.06237108614927411,0.028033478445546045,0.33737192587589576,-0.19433608502256847,-0.3936866442012625,0.2102451221673456,-0.01614429558094755,0.0,-0.046406572265625,-0.004218779296875,0.358596240234375,-0.232032861328125,-0.44719060546875,0.16031361328125,-0.04774236328125,-0.0198926513671875,0.0,0.0,0.0,0.0,0.0,0.0,0.0,0.0,0.0,0.0,0.0,0.0,0.0,0.0,0.0,0.0,0.0,0.0,0.0,0.0,0.0,0.0,0.0,0.0,0.0,0.0
6.0102123370000005,1787890197.5077207,0.020790362049758038,-0.009344492815182015,0.8638699118963662,-0.9109318425117703,2.224814394416157,-2.1645049784458075,60.28779919490048,-69.64687947196629,0.0,0.0,0.0,0.017453292519943295,0.10995574287564278,-0.0017453292519943296,0.27576202181510406,0.005235987755982989,-0.06237108614927411,0.028033478445546045,0.3351902643109015,-0.19543564245132672,-0.4000221893860022,0.21015785570474588,-0.01466076571675237,0.0,0.0168751171875,0.00843755859375,0.341721123046875,-0.19406384765625,-0.39656525390624997,0.236251640625,0.007957060546875,0.055699423828125,0.0,0.0,0.0,0.0,0.0,0.0,0.0,0.0,0.0,0.0,0.0,0.0,0.0,0.0,0.0,0.0,0.0,0.0,0.0,0.0,0.0,0.0,0.0,0.0,0.0,0.0
6.01987027,1787890197.5174155,0.020790362049758038,-0.009344492815182015,0.8638699118963662,-0.910652589831451,2.225390353069315,-2.1645049784458075,60.29057426841114,-69.64668748574856,0.0,0.0,0.003490658503988659,0.024434609527920613,0.017453292519943295,0.0,0.27227136331111546,0.027925268031909273,-0.06237108614927411,0.028033478445546045,0.3351902643109015,-0.19574980171668355,-0.40223875753603555,0.21048946826262238,-0.013788101090755204,-0.00026179938779914946,-0.046406572265625,0.0,0.33750234375,-0.181407509765625,-0.36281501953125,0.22781408203125,-0.04774236328125,-0.007957060546875,0.0,0.0,0.0,0.0,0.0,0.0,0.0,0.0,0.0,0.0,0.0,0.0,0.0,0.0,0.0,0.0,0.0,0.0,0.0,0.0,0.0,0.0,0.0,0.0,0.0,0.0
6.0503985590000005,0.0,0.020790362049758038,-0.009344492815182015,0.8638699118963662,-0.9097799252054539,2.2265335437293707,-2.1645049784458075,60.296421121405324,-69.64544830197963,0.0,0.0,0.0,0.029670597283903605,0.07417649320975901,0.0,0.1954768762233649,0.06806784082777886,0.0,0.0,0.0,0.0,0.0,0.0,0.0,0.0,0.021093896484375,0.00843755859375,0.29531455078125,-0.1856262890625,-0.43031548828125,0.24468919921875,-0.01591412109375,-0.01591412109375,0.0,0.0,0.0,0.0,0.0,0.0,0.0,0.0,0.0,0.0,0.0,0.0,0.0,0.0,0.0,0.0,0.0,0.0,0.0,0.0,0.0,0.0,0.0,0.0,0.0,0.0
6.059232737,0.0,0.020790362049758038,-0.009344492815182015,0.8633812197058073,-0.9093086863074156,2.227109502382529,-2.1645486116771084,60.297293786031325,-69.6450643295442,0.0,0.0,-0.21642082724729686,0.1762782544514273,0.17191493132144148,-0.022689280275926284,0.1954768762233649,0.08028514559173917,0.0,0.0,0.0,0.0,0.0,0.0,0.0,0.0,0.012656337890625,-0.004218779296875,0.09281314453125,-0.06750046875,-0.20250140625,0.16031361328125,-0.0198926513671875,0.039785302734375,0.0,0.0,0.0,0.0,0.0,0.0,0.0,0.0,0.0,0.0,0.0,0.0,0.0,0.0,0.0,0.0,0.0,0.0,0.0,0.0,0.0,0.0,0.0,0.0,0.0,0.0
6.069001937,0.0,0.020790362049758038,-0.009344492815182015,0.8616533437463327,-0.9073888241302219,2.2293173438863025,-2.1646009715546684,60.299597620643944,-69.64457563735364,0.0,0.006981317007977318,-0.20420352248333656,0.26005405854715513,0.2103121748653167,0.01832595714594046,0.31590459461097364,0.008726646259971648,0.0,0.0,0.0,0.0,0.0,0.0,0.0,0.0,0.004218779296875,-0.004218779296875,0.046406572265625,-0.054844130859375,-0.10968826171875,0.10968826171875,-0.0278497119140625,0.0039785302734375,0.0,0.0,0.0,0.0,0.0,0.0,0.0,0.0,0.0,0.0,0.0,0.0,0.0,0.0,0.0,0.0,0.0,0.0,0.0,0.0,0.0,0.0,0.0,0.0,0.0,0.0
6.080753981,0.0,0.020790362049758038,-0.009239773060063072,0.8594542288888198,-0.9048930032998692,2.230085288757179,-2.1646009715546684,60.30341989170582,-69.64476762357137,0.008726646259971648,0.0,-0.24085543677521748,0.2234021442552742,0.0008726646259971648,-0.007853981633974483,0.41887902047863906,-0.04014257279586959,0.0,0.0,0.0,0.0,0.0,0.0,0.0,0.0,0.0,0.0,0.02531267578125,-0.063281689453125,-0.033750234375,0.00843755859375,-0.039785302734375,0.023871181640625,0.0,0.0,0.0,0.0,0.0,0.0,0.0,0.0,0.0,0.0,0.0,0.0,0.0,0.0,0.0,0.0,0.0,0.0,0.0,0.0,0.0,0.0,0.0,0.0,0.0,0.0
6.0894668130000005,0.0,0.020790362049758038,-0.009239773060063072,0.856103196724991,-0.9018212238163601,2.230277274974899,-2.1646009715546684,60.3080275609311,-69.64534358222453,0.0,0.0,-0.43109632524259944,0.38571776469074687,0.051487212933832724,0.0,0.5026548245743669,-0.05934119456780721,0.0,0.0,0.0,0.0,0.0,0.0,0.0,0.0,0.021093896484375,0.00843755859375,0.033750234375,-0.0506253515625,-0.04218779296875,0.00843755859375,-0.039785302734375,-0.01591412109375,0.0,0.0,0.0,0.0,0.0,0.0,0.0,0.0,0.0,0.0,0.0,0.0,0.0,0.0,0.0,0.0,0.0,0.0,0.0,0.0,0.0,0.0,0.0,0.0,0.0,0.0
6.099023946,0.0,0.020790362049758038,-0.009239773060063072,0.8514082610371259,-0.8980862192170918,2.231045219845776,-2.1646446047859684,60.313595161244955,-69.64591954087768,0.0,0.0,-0.5078908123303499,0.33859387488689996,0.09424777960769379,0.0,0.6178465552059926,-0.07504915783575616,0.0,0.0,0.0,0.0,0.0,0.0,0.0,0.0,0.012656337890625,-0.004218779296875,0.004218779296875,-0.037969013671875,-0.02531267578125,0.0,0.01591412109375,0.0,0.0,0.0,0.0,0.0,0.0,0.0,0.0,0.0,0.0,0.0,0.0,0.0,0.0,0.0,0.0,0.0,0.0,0.0,0.0,0.0,0.0,0.0,0.0,0.0,0.0,0.0
6.1092063670000005,0.0,0.020790362049758038,-0.009239773060063072,0.8462246331587027,-0.8947351870532625,2.2321447772745326,-2.1646969646635283,60.320489211790324,-69.64649549953084,0.0,0.0,-0.4799655442984406,0.3490658503988659,0.11606439525762292,-0.008726646259971648,0.7051130178057092,-0.027925268031909273,0.0,0.0,0.0,0.0,0.0,0.0,0.0,0.0,0.021093896484375,-0.004218779296875,-0.004218779296875,-0.05906291015625,0.00843755859375,0.10968826171875,-0.0119355908203125,-0.01591412109375,0.0,0.0,0.0,0.0,0.0,0.0,0.0,0.0,0.0,0.0,0.0,0.0,0.0,0.0,0.0,0.0,0.0,0.0,0.0,0.0,0.0,0.0,0.0,0.0,0.0,0.0
6.119138769,0.0,0.020877628512357305,-0.009239773060063072,0.8402905137019223,-0.8910874489165943,2.23300871525427,-2.1647405978948275,60.32806394074398,-69.64668748574856,0.0,0.0,-0.640535835481919,0.39444441095071847,0.054105206811824215,0.0,0.7627088831215221,-0.005235987755982989,0.0,0.0,0.0,0.0,0.0,0.0,0.0,0.0,0.021093896484375,0.00843755859375,0.046406572265625,-0.071719248046875,0.0506253515625,0.05906291015625,0.0198926513671875,-0.007957060546875,0.0,0.0,0.0,0.0,0.0,0.0,0.0,0.0,0.0,0.0,0.0,0.0,0.0,0.0,0.0,0.0,0.0,0.0,0.0,0.0,0.0,0.0,0.0,0.0,0.0,0.0
6.128224215,0.0,0.020877628512357305,-0.009239773060063072,0.8337629822994637,-0.8872477245622061,2.233436320921009,-2.1647405978948275,60.33670332054137,-69.64679220550367,0.0,0.0,-0.6911503837897546,0.3892084231947355,0.04450589592585541,-0.009599310885968814,0.8936085770210968,-0.008726646259971648,0.0,0.0,0.0,0.0,0.0,0.0,0.0,0.0,0.004218779296875,0.0,0.033750234375,0.0,0.0506253515625,0.07593802734375,-0.0278497119140625,-0.0198926513671875,0.0,0.0,0.0,0.0,0.0,0.0,0.0,0.0,0.0,0.0,0.0,0.0,0.0,0.0,0.0,0.0,0.0,0.0,0.0,0.0,0.0,0.0,0.0,0.0,0.0,0.0
6.138286603,0.0,0.020877628512357305,-0.009239773060063072,0.8269561982166858,-0.8836174397180594,2.233968646342867,-2.1648889508812474,60.34560449972653,-69.64687947196629,0.0,0.0,-0.7400196028455958,0.33335788713091696,0.06806784082777886,-0.011344640137963142,0.9826203688728076,-0.012217304763960306,0.0,0.0,0.0,0.0,0.0,0.0,0.0,0.0,0.00843755859375,0.00843755859375,0.04218779296875,-0.033750234375,0.02531267578125,0.0506253515625,-0.0358067724609375,0.0318282421875,0.0,0.0,0.0,0.0,0.0,0.0,0.0,0.0,0.0,0.0,0.0,0.0,0.0,0.0,0.0,0.0,0.0,0.0,0.0,0.0,0.0,0.0,0.0,0.0,0.0,0.0
6.148608098,0.0,0.020877628512357305,-0.009239773060063072,0.8193814692630306,-0.8801616877991103,2.2344922451184654,-2.1650809370989665,60.355483063292816,-69.64687947196629,0.0,0.0,-0.7696902001294993,0.3525565089028546,0.029670597283903605,-0.029670597283903605,1.038470904936626,0.0,0.0,0.0,0.0,0.0,0.0,0.0,0.0,0.0,0.00843755859375,0.00843755859375,0.004218779296875,-0.0168751171875,-0.0506253515625,0.033750234375,0.0119355908203125,0.055699423828125,0.0,0.0,0.0,0.0,0.0,0.0,0.0,0.0,0.0,0.0,0.0,0.0,0.0,0.0,0.0,0.0,0.0,0.0,0.0,0.0,0.0,0.0,0.0,0.0,0.0,0.0
6.158525204,0.0,0.020877628512357305,-0.009239773060063072,0.8112307816562163,-0.8765139496624421,2.2346405981048845,-2.165508542765705,60.36632155794769,-69.64687947196629,0.0,0.0,-0.8447393579652556,0.38571776469074687,0.012217304763960306,-0.04450589592585541,1.0751228192285072,0.0,0.0,0.0,0.0,0.0,0.0,0.0,0.0,0.0,0.012656337890625,0.00843755859375,0.004218779296875,0.004218779296875,0.05906291015625,0.02531267578125,0.0039785302734375,0.0358067724609375,0.0,0.0,0.0,0.0,0.0,0.0,0.0,0.0,0.0,0.0,0.0,0.0,0.0,0.0,0.0,0.0,0.0,0.0,0.0,0.0,0.0,0.0,0.0,0.0,0.0,0.0
6.168521735000001,0.0,0.020877628512357305,-0.009239773060063072,0.8026088551513646,-0.873058197743493,2.2348325843226045,-2.165988508310004,60.377823277718356,-69.647071458184,0.0,0.0,-0.8691739674931761,0.3193952531149623,0.015707963267948967,-0.050614548307835565,1.1903145498601329,-0.017453292519943295,0.0,0.0,0.0,0.0,0.0,0.0,0.0,0.0,0.00843755859375,-0.004218779296875,-0.029531455078125,0.02531267578125,0.0506253515625,0.0506253515625,0.023871181640625,-0.0198926513671875,0.0,0.0,0.0,0.0,0.0,0.0,0.0,0.0,0.0,0.0,0.0,0.0,0.0,0.0,0.0,0.0,0.0,0.0,0.0,0.0,0.0,0.0,0.0,0.0,0.0,0.0
6.178929728,0.0,0.020877628512357305,-0.009239773060063072,0.793882208891393,-0.8698991517973838,2.2349722106627636,-2.166512107085602,60.390092942359864,-69.647071458184,0.0,0.0,-0.8517206749732329,0.3036872898470134,0.012217304763960306,-0.05672320068981571,1.2915436464758039,0.006981317007977318,0.0,0.0,0.0,0.0,0.0,0.0,0.0,0.0,0.012656337890625,-0.004218779296875,-0.021093896484375,0.02531267578125,0.04218779296875,-0.05906291015625,-0.023871181640625,-0.007957060546875,0.0,0.0,0.0,0.0,0.0,0.0,0.0,0.0,0.0,0.0,0.0,0.0,0.0,0.0,0.0,0.0,0.0,0.0,0.0,0.0,0.0,0.0,0.0,0.0,0.0,0.0
6.188856626000001,0.0,0.020877628512357305,-0.009239773060063072,0.7843876177605438,-0.8667401058512736,2.2350245705403236,-2.1671840588476194,60.402938565654544,-69.64698419172142,0.0,0.0,-0.9721483933608416,0.2932153143350474,0.0,-0.08290313946973064,1.3194689145077132,0.008726646259971648,0.0,0.0,0.0,0.0,0.0,0.0,0.0,0.0,0.0168751171875,0.012656337890625,0.012656337890625,0.029531455078125,0.04218779296875,-0.0506253515625,-0.04774236328125,0.0,0.0,0.0,0.0,0.0,0.0,0.0,0.0,0.0,0.0,0.0,0.0,0.0,0.0,0.0,0.0,0.0,0.0,0.0,0.0,0.0,0.0,0.0,0.0,0.0,0.0,0.0
6.198723459,0.0,0.020877628512357305,-0.009239773060063072,0.7747010404119754,-0.8632843539323245,2.2350245705403236,-2.168431969262796,60.41665685357521,-69.64687947196629,0.0,0.008726646259971648,-0.9808750396208132,0.31590459461097364,0.0,-0.14224433403753786,1.3962634015954636,0.010471975511965978,0.0,0.0,0.0,0.0,0.0,0.0,0.0,0.0,0.0168751171875,-0.004218779296875,-0.004218779296875,-0.021093896484375,0.0,-0.05906291015625,-0.0318282421875,0.0358067724609375,0.0,0.0,0.0,0.0,0.0,0.0,0.0,0.0,0.0,0.0,0.0,0.0,0.0,0.0,0.0,0.0,0.0,0.0,0.0,0.0,0.0,0.0,0.0,0.0,0.0,0.0
6.208597972000001,0.0,0.020877628512357305,-0.009239773060063072,0.7650144630634066,-0.8605092804216534,2.2350245705403236,-2.169679879677972,60.430357688203365,-69.64698419172142,0.0,0.0,-0.9773843811168246,0.28623399732707006,0.0,-0.11606439525762292,1.4294246573833558,-0.0017453292519943296,0.0,0.0,0.0,0.0,0.0,0.0,0.0,0.0,0.00843755859375,-0.004218779296875,0.0,0.012656337890625,0.00843755859375,-0.033750234375,-0.0039785302734375,-0.007957060546875,0.0,0.0,0.0,0.0,0.0,0.0,0.0,0.0,0.0,0.0,0.0,0.0,0.0,0.0,0.0,0.0,0.0,0.0,0.0,0.0,0.0,0.0,0.0,0.0,0.0,0.0
6.218872235,0.0,0.020877628512357305,-0.009239773060063072,0.7552406192522385,-0.8578214733735825,2.2349722106627636,-2.1704914577801486,60.44484392099492,-69.64717617793912,0.0,0.0,-0.9424777960769379,0.2932153143350474,-0.006981317007977318,-0.05497787143782139,1.4800392056911915,-0.015707963267948967,0.0,0.0,0.0,0.0,0.0,0.0,0.0,0.0,0.00843755859375,-0.004218779296875,-0.033750234375,0.0,0.00843755859375,0.0,-0.043763833007812496,-0.0198926513671875,0.0,0.0,0.0,0.0,0.0,0.0,0.0,0.0,0.0,0.0,0.0,0.0,0.0,0.0,0.0,0.0,0.0,0.0,0.0,0.0,0.0,0.0,0.0,0.0,0.0,0.0
6.228711996,0.0,0.020877628512357305,-0.009239773060063072,0.7458507478765095,-0.8552383860806314,2.2349722106627636,-2.1713117625285867,60.45950468671169,-69.64717617793912,0.0,0.0,-0.9564404300928926,0.24260076602721178,-0.008726646259971648,-0.11519173063162574,1.4800392056911915,0.0,0.0,0.0,0.0,0.0,0.0,0.0,0.0,0.0,0.012656337890625,-0.004218779296875,0.00843755859375,-0.012656337890625,-0.06750046875,-0.0168751171875,0.01591412109375,-0.01591412109375,0.0,0.0,0.0,0.0,0.0,0.0,0.0,0.0,0.0,0.0,0.0,0.0,0.0,0.0,0.0,0.0,0.0,0.0,0.0,0.0,0.0,0.0,0.0,0.0,0.0,0.0
6.238872145,0.0,0.020877628512357305,-0.009239773060063072,0.7369321153988175,-0.8530218179305988,2.2349285774314644,-2.1729349187329405,60.47427017218356,-69.64717617793912,0.0,0.0,-0.9285151620609834,0.1710422666954443,-0.007853981633974483,-0.17976891295541597,1.4119713648634127,0.0,0.0,0.0,0.0,0.0,0.0,0.0,0.0,0.0,-0.046406572265625,-0.004218779296875,0.029531455078125,-0.0168751171875,0.0168751171875,-0.04218779296875,-0.007957060546875,-0.0198926513671875,0.0,0.0,0.0,0.0,0.0,0.0,0.0,0.0,0.0,0.0,0.0,0.0,0.0,0.0,0.0,0.0,0.0,0.0,0.0,0.0,0.0,0.0,0.0,0.0,0.0,0.0
6.248460926000001,0.0,0.020877628512357305,-0.009239773060063072,0.7282054691388464,-0.8512939419711234,2.2348325843226045,-2.174331182134537,60.489524349845986,-69.64726344440172,0.0,-0.008726646259971648,-0.8115781021773631,0.1518436449235067,-0.008726646259971648,-0.051487212933832724,1.5323990832510217,-0.008726646259971648,0.0,0.0,0.0,0.0,0.0,0.0,0.0,0.0,-0.04218779296875,0.0,0.0168751171875,0.004218779296875,0.033750234375,0.02531267578125,-0.055699423828125,-0.01591412109375,0.0,0.0,0.0,0.0,0.0,0.0,0.0,0.0,0.0,0.0,0.0,0.0,0.0,0.0,0.0,0.0,0.0,0.0,0.0,0.0,0.0,0.0,0.0,0.0,0.0,0.0
6.258336431,0.0,0.020877628512357305,-0.009239773060063072,0.7200547815320331,-0.8498627719844887,2.2347365912137445,-2.174619161461116,60.50448182153557,-69.64726344440172,0.0,0.0,-0.7888888219014369,0.15009831567151233,0.0,-0.051487212933832724,1.5079644737231006,0.0,0.0,0.0,0.0,0.0,0.0,0.0,0.0,0.0,0.004218779296875,-0.004218779296875,-0.0168751171875,-0.02531267578125,0.00843755859375,-0.06750046875,0.01591412109375,-0.023871181640625,0.0,0.0,0.0,0.0,0.0,0.0,0.0,0.0,0.0,0.0,0.0,0.0,0.0,0.0,0.0,0.0,0.0,0.0,0.0,0.0,0.0,0.0,0.0,0.0,0.0,0.0
6.268596518000001,0.0,0.020877628512357305,-0.009239773060063072,0.7123927861157777,-0.8487108546781723,2.2346842313361845,-2.1759107051075905,60.52010251834091,-69.64726344440172,0.0,0.0,-0.7260569688296411,0.06806784082777886,-0.01308996938995747,-0.1858775653373961,1.5585790220309366,0.0,0.0,0.0,0.0,0.0,0.0,0.0,0.0,0.0,-0.029531455078125,-0.004218779296875,-0.0506253515625,-0.012656337890625,0.02531267578125,-0.04218779296875,0.0119355908203125,-0.007957060546875,0.0,0.0,0.0,0.0,0.0,0.0,0.0,0.0,0.0,0.0,0.0,0.0,0.0,0.0,0.0,0.0,0.0,0.0,0.0,0.0,0.0,0.0,0.0,0.0,0.0,0.0
6.278534968000001,0.0,0.020790362049758038,-0.009239773060063072,0.7052020295975612,-0.848239615780134,2.2345882382273254,-2.1781621798426642,60.53591520136401,-69.64726344440172,-0.008726646259971648,0.0,-0.6422811647339134,0.017453292519943295,-0.008726646259971648,-0.1989675347273536,1.593485607070823,0.0,0.0,0.0,0.0,0.0,0.0,0.0,0.0,0.0,0.021093896484375,-0.004218779296875,-0.029531455078125,-0.029531455078125,-0.06750046875,0.05906291015625,-0.043763833007812496,-0.0198926513671875,0.0,0.0,0.0,0.0,0.0,0.0,0.0,0.0,0.0,0.0,0.0,0.0,0.0,0.0,0.0,0.0,0.0,0.0,0.0,0.0,0.0,0.0,0.0,0.0,0.0,0.0
6.288553899,0.0,0.020790362049758038,-0.009239773060063072,0.6986744981951025,-0.848239615780134,2.2344922451184654,-2.1789301247135415,60.55136136524414,-69.64745543061942,0.0,0.0,-0.6597344572538566,0.0,0.0,-0.030543261909900768,1.5271630954950381,-0.017453292519943295,0.0,0.0,0.0,0.0,0.0,0.0,0.0,0.0,-0.046406572265625,0.0,-0.004218779296875,-0.00843755859375,0.04218779296875,-0.033750234375,0.0318282421875,0.0358067724609375,0.0,0.0,0.0,0.0,0.0,0.0,0.0,0.0,0.0,0.0,0.0,0.0,0.0,0.0,0.0,0.0,0.0,0.0,0.0,0.0,0.0,0.0,0.0,0.0,0.0,0.0
6.298557566,0.0,0.020790362049758038,-0.009239773060063072,0.6917804476497249,-0.8481348960250141,2.2344486118871654,-2.1796980695844197,60.56708678180461,-69.64745543061942,0.0,0.0,-0.6527531402458793,0.017453292519943295,-0.011344640137963142,-0.1239183768915974,1.5725416560468912,0.0,0.0,0.0,0.0,0.0,0.0,0.0,0.0,0.0,0.021093896484375,-0.004218779296875,-0.00843755859375,0.02531267578125,-0.0506253515625,-0.04218779296875,-0.007957060546875,-0.0278497119140625,0.0,0.0,0.0,0.0,0.0,0.0,0.0,0.0,0.0,0.0,0.0,0.0,0.0,0.0,0.0,0.0,0.0,0.0,0.0,0.0,0.0,0.0,0.0,0.0,0.0,0.0
6.308507696,0.0,0.020790362049758038,-0.009239773060063072,0.6855496222201047,-0.8483268822427341,2.2343002589007455,-2.1814695787751934,60.582620212147354,-69.64745543061942,0.0,0.0,-0.635299847725936,-0.047123889803846894,-0.010471975511965978,-0.21467549799530256,1.5411257295109932,0.0,0.0,0.0,0.0,0.0,0.0,0.0,0.0,0.0,0.021093896484375,-0.004218779296875,0.0168751171875,-0.00843755859375,0.02531267578125,0.0168751171875,-0.0358067724609375,0.0596779541015625,0.0,0.0,0.0,0.0,0.0,0.0,0.0,0.0,0.0,0.0,0.0,0.0,0.0,0.0,0.0,0.0,0.0,0.0,0.0,0.0,0.0,0.0,0.0,0.0,0.0,0.0
6.318543396000001,0.0,0.020790362049758038,-0.009239773060063072,0.6793013434979653,-0.8486235882155722,2.2342566256694454,-2.183197454734668,60.598712147850755,-69.64764741683716,0.0,0.0,-0.603883921190038,-0.03316125578789226,-0.007853981633974483,-0.13264502315156904,1.6179202165987436,-0.04363323129985824,0.0,0.0,0.0,0.0,0.0,0.0,0.0,0.0,0.00843755859375,-0.004218779296875,-0.021093896484375,-0.02531267578125,0.00843755859375,0.033750234375,0.039785302734375,0.0596779541015625,0.0,0.0,0.0,0.0,0.0,0.0,0.0,0.0,0.0,0.0,0.0,0.0,0.0,0.0,0.0,0.0,0.0,0.0,0.0,0.0,0.0,0.0,0.0,0.0,0.0,0.0
6.328349684,0.0,0.020790362049758038,-0.009239773060063072,0.6731752378234654,-0.8487108546781723,2.2341606325605863,-2.1841050259457053,60.61405359197578,-69.64822337549032,0.0,0.0,-0.6318091892219473,0.0,-0.008726646259971648,-0.08813912722571365,1.5812683023068628,-0.05585053606381855,0.0,0.0,0.0,0.0,0.0,0.0,0.0,0.0,0.021093896484375,-0.004218779296875,-0.02531267578125,0.02531267578125,0.02531267578125,0.04218779296875,-0.0119355908203125,-0.007957060546875,0.0,0.0,0.0,0.0,0.0,0.0,0.0,0.0,0.0,0.0,0.0,0.0,0.0,0.0,0.0,0.0,0.0,0.0,0.0,0.0,0.0,0.0,0.0,0.0,0.0,0.0
6.3385338980000006,0.0,0.020790362049758038,-0.009239773060063072,0.6670316788564454,-0.8486235882155722,2.2340646394517263,-2.185448929469741,60.6300757145091,-69.64879933414348,0.0,0.0,-0.5969026041820608,0.0,-0.008726646259971648,-0.15707963267948966,1.5585790220309366,-0.06283185307179587,0.0,0.0,0.0,0.0,0.0,0.0,0.0,0.0,-0.04218779296875,0.0,-0.033750234375,-0.00843755859375,0.0168751171875,0.05906291015625,-0.0278497119140625,0.055699423828125,0.0,0.0,0.0,0.0,0.0,0.0,0.0,0.0,0.0,0.0,0.0,0.0,0.0,0.0,0.0,0.0,0.0,0.0,0.0,0.0,0.0,0.0,0.0,0.0,0.0,0.0
6.348552765,0.0,0.020790362049758038,-0.009239773060063072,0.6609928396445448,-0.8486235882155722,2.2340122795741673,-2.1867928329937762,60.64569641131444,-69.64956727901433,0.0,0.0,-0.5899212871740834,0.0,-0.008726646259971648,-0.11257373675363426,1.5638150097869192,-0.07504915783575616,0.0,0.0,0.0,0.0,0.0,0.0,0.0,0.0,0.021093896484375,0.0,0.029531455078125,-0.0168751171875,0.0168751171875,0.06750046875,-0.0198926513671875,-0.0119355908203125,0.0,0.0,0.0,0.0,0.0,0.0,0.0,0.0,0.0,0.0,0.0,0.0,0.0,0.0,0.0,0.0,0.0,0.0,0.0,0.0,0.0,0.0,0.0,0.0,0.0,0.0
6.358491951,0.0,0.020790362049758038,-0.009239773060063072,0.655058720187764,-0.8485188684604523,2.233872653234007,-2.1875607778646535,60.66093313568435,-69.65033522388524,0.0,0.0,-0.603883921190038,0.02617993877991494,-0.012217304763960306,-0.058468529941810045,1.4922565104551517,-0.08203047484373349,0.0,0.0,0.0,0.0,0.0,0.0,0.0,0.0,0.021093896484375,0.004218779296875,0.0,0.02531267578125,0.02531267578125,0.04218779296875,0.01591412109375,-0.007957060546875,0.0,0.0,0.0,0.0,0.0,0.0,0.0,0.0,0.0,0.0,0.0,0.0,0.0,0.0,0.0,0.0,0.0,0.0,0.0,0.0,0.0,0.0,0.0,0.0,0.0,0.0
6.368559971000001,0.0,0.020790362049758038,-0.009239773060063072,0.6494038534113025,-0.8483268822427341,2.2336283071387273,-2.1884247158443917,60.676082593591666,-69.65110316875611,0.0,0.0,-0.5550147021341968,0.0,-0.027925268031909273,-0.11431906600562859,1.520181778487061,-0.07155849933176751,0.0,0.0,0.0,0.0,0.0,0.0,0.0,0.0,0.02531267578125,-0.004218779296875,0.021093896484375,0.033750234375,0.0168751171875,-0.0506253515625,0.0039785302734375,-0.0318282421875,0.0,0.0,0.0,0.0,0.0,0.0,0.0,0.0,0.0,0.0,0.0,0.0,0.0,0.0,0.0,0.0,0.0,0.0,0.0,0.0,0.0,0.0,0.0,0.0,0.0,0.0
6.378680696,0.0,0.020790362049758038,-0.009239773060063072,0.6437489866348409,-0.848239615780134,2.23324433470329,-2.189768619368427,60.69076081260092,-69.65167912740925,0.0,0.0,-0.5759586531581288,0.0,-0.04276056667386108,-0.13526301702956053,1.4276793281313618,-0.047123889803846894,0.0,0.0,0.0,0.0,0.0,0.0,0.0,0.0,0.021093896484375,0.0,0.029531455078125,-0.00843755859375,0.00843755859375,0.04218779296875,0.039785302734375,-0.0318282421875,0.0,0.0,0.0,0.0,0.0,0.0,0.0,0.0,0.0,0.0,0.0,0.0,0.0,0.0,0.0,0.0,0.0,0.0,0.0,0.0,0.0,0.0,0.0,0.0,0.0,0.0
6.38846836,0.0,0.020790362049758038,-0.009239773060063072,0.6380766665658593,-0.848239615780134,2.232668376050131,-2.191007803137342,60.705229592099975,-69.65225508606244,0.0,0.0,-0.5078908123303499,0.008726646259971648,-0.07068583470577033,-0.1038470904936626,1.4695672301792253,-0.047123889803846894,0.0,0.0,0.0,0.0,0.0,0.0,0.0,0.0,0.021093896484375,0.0,-0.021093896484375,0.02531267578125,-0.033750234375,0.0,0.0198926513671875,-0.0198926513671875,0.0,0.0,0.0,0.0,0.0,0.0,0.0,0.0,0.0,0.0,0.0,0.0,0.0,0.0,0.0,0.0,0.0,0.0,0.0,0.0,0.0,0.0,0.0,0.0,0.0,0.0
6.398504571,0.0,0.020877628512357305,-0.009239773060063072,0.6326137860071173,-0.848239615780134,2.2320487841656735,-2.191636121668061,60.71922713270096,-69.65263905849785,0.0,0.0,-0.5759586531581288,0.0,-0.04537856055185257,-0.041015237421866746,1.41895268187139,-0.038397243543875255,0.0,0.0,0.0,0.0,0.0,0.0,0.0,0.0,0.021093896484375,-0.00843755859375,-0.0168751171875,0.02531267578125,-0.0168751171875,0.0168751171875,-0.0119355908203125,-0.023871181640625,0.0,0.0,0.0,0.0,0.0,0.0,0.0,0.0,0.0,0.0,0.0,0.0,0.0,0.0,0.0,0.0,0.0,0.0,0.0,0.0,0.0,0.0,0.0,0.0,0.0,0.0
6.408408141000001,0.0,0.020877628512357305,-0.009239773060063072,0.6274476114212137,-0.8480476295624149,2.2316211784989353,-2.192308073430078,60.733521379274784,-69.65291831117818,0.0,0.0,-0.5166174585903215,0.017453292519943295,-0.05585053606381855,-0.09337511498169665,1.3945180723434694,-0.019198621771937627,0.0,0.0,0.0,0.0,0.0,0.0,0.0,0.0,0.021093896484375,0.012656337890625,-0.02531267578125,-0.02531267578125,-0.033750234375,0.00843755859375,0.0517208935546875,-0.023871181640625,0.0,0.0,0.0,0.0,0.0,0.0,0.0,0.0,0.0,0.0,0.0,0.0,0.0,0.0,0.0,0.0,0.0,0.0,0.0,0.0,0.0,0.0,0.0,0.0,0.0,0.0
6.418427424000001,0.0,0.020877628512357305,-0.009239773060063072,0.6224559697605097,-0.847942909807295,2.230704880641637,-2.1931720114098154,60.747134947440365,-69.6531102973959,0.0,0.0,-0.4328416544945937,0.0,-0.1239183768915974,-0.05934119456780721,1.3753194505715318,-0.024434609527920613,0.0,0.0,0.0,0.0,0.0,0.0,0.0,0.0,0.021093896484375,-0.004218779296875,0.012656337890625,0.02531267578125,0.00843755859375,-0.033750234375,-0.007957060546875,-0.0198926513671875,0.0,0.0,0.0,0.0,0.0,0.0,0.0,0.0,0.0,0.0,0.0,0.0,0.0,0.0,0.0,0.0,0.0,0.0,0.0,0.0,0.0,0.0,0.0,0.0,0.0,0.0
6.428441139,0.0,0.020877628512357305,-0.009239773060063072,0.6176563143175255,-0.847942909807295,2.229456970226461,-2.1936956101854137,60.76055652938819,-69.6533022836136,0.0,0.0,-0.5113814708343386,0.019198621771937627,-0.09861110273767962,-0.06544984694978735,1.3020156219877699,-0.0017453292519943296,0.0,0.0,0.0,0.0,0.0,0.0,0.0,0.0,0.012656337890625,0.012656337890625,-0.02531267578125,-0.012656337890625,0.0,-0.0168751171875,-0.023871181640625,-0.0198926513671875,0.0,0.0,0.0,0.0,0.0,0.0,0.0,0.0,0.0,0.0,0.0,0.0,0.0,0.0,0.0,0.0,0.0,0.0,0.0,0.0,0.0,0.0,0.0,0.0,0.0,0.0
6.438489383,0.0,0.020877628512357305,-0.009239773060063072,0.6132580846025002,-0.847750923589575,2.2286977520018443,-2.194655541274011,60.77301818024741,-69.6533022836136,0.0,0.0,-0.4328416544945937,0.010471975511965978,-0.06021385919380437,-0.1038470904936626,1.2618730491919001,0.0,0.0,0.0,0.0,0.0,0.0,0.0,0.0,0.0,0.0168751171875,0.00843755859375,-0.012656337890625,-0.012656337890625,0.00843755859375,-0.0168751171875,0.0198926513671875,-0.0198926513671875,0.0,0.0,0.0,0.0,0.0,0.0,0.0,0.0,0.0,0.0,0.0,0.0,0.0,0.0,0.0,0.0,0.0,0.0,0.0,0.0,0.0,0.0,0.0,0.0,0.0,0.0
6.448413145000001,0.0,0.020877628512357305,-0.009239773060063072,0.6092263740303929,-0.8478556433446958,2.228217786457545,-2.1953274930360283,60.78558455086178,-69.65340700336873,0.0,0.0,-0.3665191429188092,-0.013962634015954637,-0.03665191429188092,-0.04363323129985824,1.2060225131280817,-0.006981317007977318,0.0,0.0,0.0,0.0,0.0,0.0,0.0,0.0,0.0,0.00843755859375,0.004218779296875,-0.021093896484375,-0.0506253515625,0.00843755859375,0.0278497119140625,-0.023871181640625,0.0,0.0,0.0,0.0,0.0,0.0,0.0,0.0,0.0,0.0,0.0,0.0,0.0,0.0,0.0,0.0,0.0,0.0,0.0,0.0,0.0,0.0,0.0,0.0,0.0,0.0
6.458622927,0.0,0.020877628512357305,-0.009239773060063072,0.6053866496760056,-0.8478556433446958,2.227877447253407,-2.1956591055939074,60.797470243067856,-69.65349426983134,0.0,0.0,-0.38571776469074687,0.0,-0.038397243543875255,-0.027925268031909273,1.2409290981679684,-0.017453292519943295,0.0,0.0,0.0,0.0,0.0,0.0,0.0,0.0,0.00843755859375,0.00843755859375,-0.00843755859375,-0.02531267578125,-0.04218779296875,-0.0506253515625,-0.0318282421875,-0.0278497119140625,0.0,0.0,0.0,0.0,0.0,0.0,0.0,0.0,0.0,0.0,0.0,0.0,0.0,0.0,0.0,0.0,0.0,0.0,0.0,0.0,0.0,0.0,0.0,0.0,0.0,0.0
6.46863069,0.0,0.020877628512357305,-0.009239773060063072,0.6019483510495767,-0.8478556433446958,2.227301488600249,-2.1959994447980464,60.80925121551882,-69.65368625604906,0.0,0.0,-0.3141592653589793,-0.008726646259971648,-0.079412480965742,-0.029670597283903605,1.1763519158441782,-0.024434609527920613,0.0,0.0,0.0,0.0,0.0,0.0,0.0,0.0,0.0168751171875,0.00843755859375,-0.021093896484375,-0.021093896484375,-0.02531267578125,-0.0506253515625,-0.0119355908203125,-0.0198926513671875,0.0,0.0,0.0,0.0,0.0,0.0,0.0,0.0,0.0,0.0,0.0,0.0,0.0,0.0,0.0,0.0,0.0,0.0,0.0,0.0,0.0,0.0,0.0,0.0,0.0,0.0
6.479013210000001,0.0,0.020877628512357305,-0.009239773060063072,0.5987718518109468,-0.8480476295624149,2.2260099449537734,-2.1962350642470656,60.820281696391426,-69.6540702284845,0.0,0.0,-0.3368485456349056,-0.022689280275926284,-0.16231562043547265,-0.01658062789394613,1.0943214410004447,-0.05235987755982988,0.0,0.0,0.0,0.0,0.0,0.0,0.0,0.0,0.00843755859375,0.00843755859375,0.033750234375,-0.012656337890625,0.06750046875,-0.033750234375,0.0358067724609375,-0.023871181640625,0.0,0.0,0.0,0.0,0.0,0.0,0.0,0.0,0.0,0.0,0.0,0.0,0.0,0.0,0.0,0.0,0.0,0.0,0.0,0.0,0.0,0.0,0.0,0.0,0.0,0.0
6.488791722,0.0,0.020877628512357305,-0.009239773060063072,0.5951241136742786,-0.8480476295624149,2.2241424426541387,-2.1962874241246255,60.83120745750892,-69.65464618713766,0.0,0.0,-0.3717551306747922,0.0,-0.15271630954950383,0.0,1.0419615634406147,-0.06283185307179587,0.0,0.0,0.0,0.0,0.0,0.0,0.0,0.0,0.012656337890625,-0.004218779296875,-0.0168751171875,0.033750234375,-0.0168751171875,0.033750234375,-0.0119355908203125,-0.023871181640625,0.0,0.0,0.0,0.0,0.0,0.0,0.0,0.0,0.0,0.0,0.0,0.0,0.0,0.0,0.0,0.0,0.0,0.0,0.0,0.0,0.0,0.0,0.0,0.0,0.0,0.0
6.498799549,0.0,0.020877628512357305,-0.009239773060063072,0.5917730815104498,-0.847942909807295,2.2232785046744015,-2.1963310573559247,60.84146999351065,-69.65541413200852,0.0,0.0,-0.31590459461097364,0.0,-0.07766715171374766,0.0,1.0088003076527225,-0.07504915783575616,0.0,0.0,0.0,0.0,0.0,0.0,0.0,0.0,0.0168751171875,-0.004218779296875,0.012656337890625,0.033750234375,-0.05906291015625,-0.033750234375,-0.0198926513671875,-0.0198926513671875,0.0,0.0,0.0,0.0,0.0,0.0,0.0,0.0,0.0,0.0,0.0,0.0,0.0,0.0,0.0,0.0,0.0,0.0,0.0,0.0,0.0,0.0,0.0,0.0,0.0,0.0
6.508800016,0.0,0.020877628512357305,-0.009239773060063072,0.5888060217820592,-0.8481348960250141,2.221934601150366,-2.1963310573559247,60.85143582353954,-69.656269343342,0.0,0.0,-0.2897246558310587,-0.008726646259971648,-0.19024088846738194,0.0,0.9791297103688189,-0.09424777960769379,0.0,0.0,0.0,0.0,0.0,0.0,0.0,0.0,-0.046406572265625,0.0,-0.021093896484375,-0.012656337890625,0.0,-0.0168751171875,-0.043763833007812496,-0.0119355908203125,0.0,0.0,0.0,0.0,0.0,0.0,0.0,0.0,0.0,0.0,0.0,0.0,0.0,0.0,0.0,0.0,0.0,0.0,0.0,0.0,0.0,0.0,0.0,0.0,0.0,0.0
6.518817219000001,0.0,0.020877628512357305,-0.009239773060063072,0.5859262285162683,-0.8481348960250141,2.219683126415293,-2.1963310573559247,60.86093041467037,-69.65752598040343,0.0,0.0,-0.27052603405912107,0.0,-0.20682151636132806,0.0,0.9546951008408984,-0.1518436449235067,0.0,0.0,0.0,0.0,0.0,0.0,0.0,0.0,0.00843755859375,0.0,-0.012656337890625,-0.004218779296875,0.0506253515625,-0.04218779296875,0.023871181640625,-0.01591412109375,0.0,0.0,0.0,0.0,0.0,0.0,0.0,0.0,0.0,0.0,0.0,0.0,0.0,0.0,0.0,0.0,0.0,0.0,0.0,0.0,0.0,0.0,0.0,0.0,0.0,0.0
6.528701236000001,0.0,0.020877628512357305,-0.009239773060063072,0.5830464352504783,-0.8483268822427341,2.2179116172245195,-2.1963310573559247,60.86956979446774,-69.65925385636291,0.0,0.0,-0.28274333882308134,-0.0017453292519943296,-0.1736602605734358,0.0,0.8237954069413236,-0.1867502299633933,0.0,0.0,0.0,0.0,0.0,0.0,0.0,0.0,0.00843755859375,-0.004218779296875,-0.02531267578125,-0.004218779296875,0.0506253515625,-0.04218779296875,0.043763833007812496,0.0039785302734375,0.0,0.0,0.0,0.0,0.0,0.0,0.0,0.0,0.0,0.0,0.0,0.0,0.0,0.0,0.0,0.0,0.0,0.0,0.0,0.0,0.0,0.0,0.0,0.0,0.0,0.0
6.539281936,0.0,0.020877628512357305,-0.009239773060063072,0.5803760814949266,-0.8483268822427341,2.215651415843186,-2.1962874241246255,60.87808700121747,-69.66136570475783,0.0,0.0,-0.27227136331111546,0.0,-0.23561944901923448,0.0,0.8028514559173915,-0.25132741228718347,0.0,0.0,0.0,0.0,0.0,0.0,0.0,0.0,-0.046406572265625,-0.004218779296875,-0.029531455078125,-0.004218779296875,0.0506253515625,-0.04218779296875,-0.0039785302734375,0.023871181640625,0.0,0.0,0.0,0.0,0.0,0.0,0.0,0.0,0.0,0.0,0.0,0.0,0.0,0.0,0.0,0.0,0.0,0.0,0.0,0.0,0.0,0.0,0.0,0.0,0.0,0.0
6.5487474830000005,0.0,0.020877628512357305,-0.009239773060063072,0.5780722468822943,-0.848239615780134,2.213495934216973,-2.1962874241246255,60.88642967504202,-69.66403605851339,0.0,0.0,-0.1954768762233649,0.0,-0.21991148575128555,0.0,0.8534660042252273,-0.27052603405912107,0.0,0.0,0.0,0.0,0.0,0.0,0.0,0.0,0.012656337890625,-0.004218779296875,0.0,-0.0168751171875,0.06750046875,0.04218779296875,-0.023871181640625,0.023871181640625,0.0,0.0,0.0,0.0,0.0,0.0,0.0,0.0,0.0,0.0,0.0,0.0,0.0,0.0,0.0,0.0,0.0,0.0,0.0,0.0,0.0,0.0,0.0,0.0,0.0,0.0
6.558991474000001,0.0,0.020877628512357305,-0.009239773060063072,0.5760476649499808,-0.848239615780134,2.211104833141742,-2.1962874241246255,60.89381241777796,-69.66729982421462,0.0,0.0,-0.2234021442552742,0.0,-0.243473430653209,0.0,0.7574728953655392,-0.3246312408709453,0.0,0.0,0.0,0.0,0.0,0.0,0.0,0.0,-0.046406572265625,-0.004218779296875,-0.033750234375,-0.004218779296875,0.02531267578125,-0.04218779296875,-0.023871181640625,0.0039785302734375,0.0,0.0,0.0,0.0,0.0,0.0,0.0,0.0,0.0,0.0,0.0,0.0,0.0,0.0,0.0,0.0,0.0,0.0,0.0,0.0,0.0,0.0,0.0,0.0,0.0,0.0
6.568943364000001,0.0,0.020877628512357305,-0.009239773060063072,0.5740405363101875,-0.8480476295624149,2.2089406248692676,-2.1962874241246255,60.901299880269,-69.67103482881389,0.0,0.0,-0.1867502299633933,0.0,-0.1980948701013564,0.004363323129985824,0.7051130178057092,-0.4136430327226561,0.0,0.0,0.0,0.0,0.0,0.0,0.0,0.0,0.02531267578125,-0.004218779296875,-0.0168751171875,-0.00843755859375,-0.02531267578125,-0.04218779296875,0.0,0.043763833007812496,0.0,0.0,0.0,0.0,0.0,0.0,0.0,0.0,0.0,0.0,0.0,0.0,0.0,0.0,0.0,0.0,0.0,0.0,0.0,0.0,0.0,0.0,0.0,0.0,0.0,0.0
6.578966423000001,0.0,0.020877628512357305,-0.009239773060063072,0.572504646568432,-0.847942909807295,2.2067851432430547,-2.1962874241246255,60.9083859170321,-69.6749792729234,0.0,0.0,-0.13264502315156904,0.022689280275926284,-0.21729349187329403,0.0,0.7138396640656809,-0.3909537524467298,0.0,0.0,0.0,0.0,0.0,0.0,0.0,0.0,-0.046406572265625,-0.004218779296875,-0.021093896484375,-0.012656337890625,-0.0506253515625,-0.033750234375,-0.0119355908203125,-0.0318282421875,0.0,0.0,0.0,0.0,0.0,0.0,0.0,0.0,0.0,0.0,0.0,0.0,0.0,0.0,0.0,0.0,0.0,0.0,0.0,0.0,0.0,0.0,0.0,0.0,0.0,0.0
6.588638693,0.0,0.020877628512357305,-0.009239773060063072,0.5711607430443966,-0.8478556433446958,2.204673294848142,-2.1962874241246255,60.9153846873326,-69.68014544750929,0.0,0.0,-0.12740903539558607,0.008726646259971648,-0.18500490071139894,0.0,0.630063859969953,-0.5218534463463046,0.0,0.0,0.0,0.0,0.0,0.0,0.0,0.0,-0.046406572265625,0.0,-0.012656337890625,-0.021093896484375,0.00843755859375,-0.04218779296875,0.055699423828125,0.023871181640625,0.0,0.0,0.0,0.0,0.0,0.0,0.0,0.0,0.0,0.0,0.0,0.0,0.0,0.0,0.0,0.0,0.0,0.0,0.0,0.0,0.0,0.0,0.0,0.0,0.0,0.0
6.598372212,0.0,0.020877628512357305,-0.009239773060063072,0.5700088257380802,-0.847750923589575,2.202613806330789,-2.1962874241246255,60.92152824629961,-69.68484038319717,0.0,0.0,-0.10821041362364843,0.022689280275926284,-0.22078415037728272,0.0,0.6265732014659643,-0.5253441048502933,0.0,0.0,0.0,0.0,0.0,0.0,0.0,0.0,0.0168751171875,0.0,0.029531455078125,0.029531455078125,-0.02531267578125,0.0506253515625,0.007957060546875,-0.0198926513671875,0.0,0.0,0.0,0.0,0.0,0.0,0.0,0.0,0.0,0.0,0.0,0.0,0.0,0.0,0.0,0.0,0.0,0.0,0.0,0.0,0.0,0.0,0.0,0.0,0.0,0.0
6.608455145000001,0.0,0.020877628512357305,-0.009239773060063072,0.5689616281868837,-0.8472796846915367,2.2008859303713146,-2.1962874241246255,60.92718311307609,-69.69040798351102,0.0,0.0,-0.10646508437165411,0.054105206811824215,-0.11344640137963143,0.0,0.5672320068981571,-0.5253441048502933,0.0,0.0,0.0,0.0,0.0,0.0,0.0,0.0,0.021093896484375,0.0,-0.00843755859375,-0.004218779296875,-0.033750234375,-0.0168751171875,-0.0039785302734375,-0.039785302734375,0.0,0.0,0.0,0.0,0.0,0.0,0.0,0.0,0.0,0.0,0.0,0.0,0.0,0.0,0.0,0.0,0.0,0.0,0.0,0.0,0.0,0.0,0.0,0.0,0.0,0.0
6.6183040890000004,0.0,0.020877628512357305,-0.009239773060063072,0.568088963560887,-0.8465990062832596,2.199498393615978,-2.1962350642470656,60.932454007417086,-69.69653408918553,0.0,0.0,-0.07504915783575616,0.054105206811824215,-0.17715091907742447,0.004363323129985824,0.4799655442984406,-0.6422811647339134,0.0,0.0,0.0,0.0,0.0,0.0,0.0,0.0,0.021093896484375,-0.004218779296875,-0.004218779296875,-0.004218779296875,-0.00843755859375,0.0,0.0278497119140625,0.039785302734375,0.0,0.0,0.0,0.0,0.0,0.0,0.0,0.0,0.0,0.0,0.0,0.0,0.0,0.0,0.0,0.0,0.0,0.0,0.0,0.0,0.0,0.0,0.0,0.0,0.0,0.0
6.628285292,0.0,0.020877628512357305,-0.009239773060063072,0.5672337522274091,-0.8456390751946623,2.1976308913163445,-2.1962350642470656,60.937340929322694,-69.70248566193483,0.0,0.0,-0.09773843811168245,0.1308996938995747,-0.1457349925415265,0.0,0.47123889803846897,-0.5934119456780721,0.0,0.0,0.0,0.0,0.0,0.0,0.0,0.0,0.0168751171875,-0.004218779296875,0.0,-0.0168751171875,0.0168751171875,-0.0168751171875,-0.0318282421875,-0.0119355908203125,0.0,0.0,0.0,0.0,0.0,0.0,0.0,0.0,0.0,0.0,0.0,0.0,0.0,0.0,0.0,0.0,0.0,0.0,0.0,0.0,0.0,0.0,0.0,0.0,0.0,0.0
6.638363104000001,0.0,0.020877628512357305,-0.009239773060063072,0.5660818349210928,-0.8443998914257458,2.196574967118889,-2.1961914310157655,60.94137263989479,-69.70910045979987,0.0,0.0,-0.12740903539558607,0.13962634015954636,-0.10646508437165411,0.004363323129985824,0.4118977034706618,-0.640535835481919,0.0,0.0,0.0,0.0,0.0,0.0,0.0,0.0,0.021093896484375,-0.004218779296875,0.004218779296875,0.037969013671875,0.0168751171875,-0.0168751171875,0.0278497119140625,0.0318282421875,0.0,0.0,0.0,0.0,0.0,0.0,0.0,0.0,0.0,0.0,0.0,0.0,0.0,0.0,0.0,0.0,0.0,0.0,0.0,0.0,0.0,0.0,0.0,0.0,0.0,0.0
6.648327347,0.0,0.020877628512357305,-0.009239773060063072,0.5649299176147764,-0.8424800292485521,2.1948034579281144,-2.1961914310157655,60.94521236424918,-69.71552327144722,0.0,0.0,-0.10995574287564278,0.21642082724729686,-0.23649211364523165,0.004363323129985824,0.37699111843077515,-0.6684611035138283,0.0,0.0,0.0,0.0,0.0,0.0,0.0,0.0,0.0168751171875,0.012656337890625,0.021093896484375,-0.0168751171875,0.00843755859375,-0.02531267578125,0.0,0.043763833007812496,0.0,0.0,0.0,0.0,0.0,0.0,0.0,0.0,0.0,0.0,0.0,0.0,0.0,0.0,0.0,0.0,0.0,0.0,0.0,0.0,0.0,0.0,0.0,0.0,0.0,0.0
6.658281477,0.0,0.020877628512357305,-0.009239773060063072,0.5636907338458608,-0.8400889281733193,2.1928399625196207,-2.1961390711382056,60.948371410195286,-69.72243477528511,0.0,0.0,-0.13788101090755203,0.2792526803190927,-0.1658062789394613,0.008726646259971648,0.29670597283903605,-0.7016223593017205,0.0,0.0,0.0,0.0,0.0,0.0,0.0,0.0,0.02531267578125,-0.004218779296875,0.00843755859375,0.033750234375,0.02531267578125,-0.00843755859375,0.01591412109375,0.0318282421875,0.0,0.0,0.0,0.0,0.0,0.0,0.0,0.0,0.0,0.0,0.0,0.0,0.0,0.0,0.0,0.0,0.0,0.0,0.0,0.0,0.0,0.0,0.0,0.0,0.0,0.0
6.668485819000001,0.0,0.020790362049758038,-0.009239773060063072,0.5622421105667059,-0.8370171486898101,2.191304072777866,-2.1961390711382056,60.95105921724336,-69.72943354558562,0.0,0.0,-0.14137166941154067,0.32812189937493397,-0.16406094968746698,0.006981317007977318,0.23911010752322315,-0.7173303225696694,0.0,0.0,0.0,0.0,0.0,0.0,0.0,0.0,0.021093896484375,0.0,0.00843755859375,0.021093896484375,0.04218779296875,0.033750234375,0.0,0.0,0.0,0.0,0.0,0.0,0.0,0.0,0.0,0.0,0.0,0.0,0.0,0.0,0.0,0.0,0.0,0.0,0.0,0.0,0.0,0.0,0.0,0.0,0.0,0.0,0.0,0.0
6.678755890000001,0.0,0.020790362049758038,-0.009239773060063072,0.5608109405800703,-0.8334741303082618,2.1894802037095316,-2.1960954379069055,60.953171065638266,-69.73728752721958,0.0,0.0,-0.14835298641951802,0.3665191429188092,-0.1754055898254301,0.006108652381980153,0.1937315469713706,-0.7470009198535732,0.0,0.0,0.0,0.0,0.0,0.0,0.0,0.0,0.00843755859375,-0.004218779296875,0.004218779296875,0.0168751171875,0.033750234375,-0.00843755859375,-0.01591412109375,-0.0517208935546875,0.0,0.0,0.0,0.0,0.0,0.0,0.0,0.0,0.0,0.0,0.0,0.0,0.0,0.0,0.0,0.0,0.0,0.0,0.0,0.0,0.0,0.0,0.0,0.0,0.0,0.0
6.688546626000001,0.0,0.020790362049758038,-0.009239773060063072,0.5592750508383149,-0.8295471394912743,2.188136300185496,-2.1960954379069055,60.954794221842626,-69.74505424239096,0.0,0.0,-0.1466076571675237,0.39444441095071847,-0.09599310885968812,0.0,0.13264502315156904,-0.773180858633488,0.0,0.0,0.0,0.0,0.0,0.0,0.0,0.0,0.004218779296875,0.012656337890625,0.021093896484375,0.033750234375,-0.05906291015625,-0.02531267578125,0.0278497119140625,0.039785302734375,0.0,0.0,0.0,0.0,0.0,0.0,0.0,0.0,0.0,0.0,0.0,0.0,0.0,0.0,0.0,0.0,0.0,0.0,0.0,0.0,0.0,0.0,0.0,0.0,0.0,0.0
6.6983907380000005,0.0,0.020790362049758038,-0.009239773060063072,0.5579311473142794,-0.8255154289191671,2.1866527703213006,-2.1960430780293456,60.95584141939381,-69.75301294378006,0.0,0.0,-0.12042771838760874,0.4241150082346221,-0.18238690683340744,0.0,0.08377580409572782,-0.7539822368615503,0.0,0.0,0.0,0.0,0.0,0.0,0.0,0.0,0.012656337890625,-0.004218779296875,-0.00843755859375,0.004218779296875,-0.02531267578125,0.04218779296875,0.0358067724609375,0.007957060546875,0.0,0.0,0.0,0.0,0.0,0.0,0.0,0.0,0.0,0.0,0.0,0.0,0.0,0.0,0.0,0.0,0.0,0.0,0.0,0.0,0.0,0.0,0.0,0.0,0.0,0.0
6.708422694,0.0,0.020790362049758038,-0.009239773060063072,0.556779230007963,-0.8215884381021805,2.184785268021667,-2.1960430780293456,60.95622539182926,-69.76125089784946,0.0,0.0,-0.10821041362364843,0.34033920413889424,-0.1736602605734358,0.0008726646259971648,0.017453292519943295,-0.8674286382411819,0.0,0.0,0.0,0.0,0.0,0.0,0.0,0.0,0.012656337890625,0.012656337890625,0.0168751171875,0.054844130859375,-0.00843755859375,-0.033750234375,0.0278497119140625,-0.0198926513671875,0.0,0.0,0.0,0.0,0.0,0.0,0.0,0.0,0.0,0.0,0.0,0.0,0.0,0.0,0.0,0.0,0.0,0.0,0.0,0.0,0.0,0.0,0.0,0.0,0.0,0.0
6.718290263,0.0,0.020790362049758038,-0.009239773060063072,0.5561160048922056,-0.8181326861832314,2.1835373576064905,-2.1959994447980464,60.95622539182926,-69.76912233277596,0.0,0.0,-0.03665191429188092,0.3455751918948773,-0.10733774899765128,-0.003490658503988659,-0.012217304763960306,-0.7976154681614086,0.0,0.0,0.0,0.0,0.0,0.0,0.0,0.0,0.012656337890625,0.012656337890625,0.004218779296875,0.04218779296875,-0.05906291015625,0.033750234375,-0.0318282421875,0.0358067724609375,0.0,0.0,0.0,0.0,0.0,0.0,0.0,0.0,0.0,0.0,0.0,0.0,0.0,0.0,0.0,0.0,0.0,0.0,0.0,0.0,0.0,0.0,0.0,0.0,0.0,0.0
6.728363723,0.0,0.020790362049758038,-0.009239773060063072,0.5560112851370862,-0.8148689204820014,2.182533793286594,-2.1959994447980464,60.955946139148956,-69.77736028684537,0.0,0.0,0.0,0.29670597283903605,-0.09861110273767962,0.0,-0.050614548307835565,-0.7661995416255108,0.0,0.0,0.0,0.0,0.0,0.0,0.0,0.0,0.012656337890625,0.012656337890625,-0.021093896484375,0.02531267578125,0.02531267578125,-0.0168751171875,0.0278497119140625,-0.023871181640625,0.0,0.0,0.0,0.0,0.0,0.0,0.0,0.0,0.0,0.0,0.0,0.0,0.0,0.0,0.0,0.0,0.0,0.0,0.0,0.0,0.0,0.0,0.0,0.0,0.0,0.0
6.738387902,0.0,0.020790362049758038,-0.009239773060063072,0.5562032713548053,-0.8117971409984923,2.1814255092115777,-2.1959994447980464,60.955265460740655,-69.78493501579902,0.0,0.0,0.02617993877991494,0.3036872898470134,-0.11082840750163994,0.006981317007977318,-0.07330382858376185,-0.8464846872172498,0.0,0.0,0.0,0.0,0.0,0.0,0.0,0.0,0.012656337890625,0.00843755859375,-0.033750234375,0.00843755859375,0.04218779296875,-0.02531267578125,0.01591412109375,-0.04774236328125,0.0,0.0,0.0,0.0,0.0,0.0,0.0,0.0,0.0,0.0,0.0,0.0,0.0,0.0,0.0,0.0,0.0,0.0,0.0,0.0,0.0,0.0,0.0,0.0,0.0,0.0
6.748370577,0.0,0.020790362049758038,-0.009239773060063072,0.5563952575725244,-0.8091093339504214,2.1805615712318405,-2.1959470849204865,60.954514969162325,-69.79261446450779,0.0,0.0,0.02617993877991494,0.291469985083053,-0.07068583470577033,0.0,-0.07330382858376185,-0.7644542123735164,0.0,0.0,0.0,0.0,0.0,0.0,0.0,0.0,0.012656337890625,0.00843755859375,-0.033750234375,-0.00843755859375,-0.0506253515625,-0.033750234375,0.0198926513671875,-0.0278497119140625,0.0,0.0,0.0,0.0,0.0,0.0,0.0,0.0,0.0,0.0,0.0,0.0,0.0,0.0,0.0,0.0,0.0,0.0,0.0,0.0,0.0,0.0,0.0,0.0,0.0,0.0
6.75827965,0.0,0.020790362049758038,-0.009239773060063072,0.5566919635453638,-0.8067182328751885,2.179802353007223,-2.1959470849204865,60.95393901050917,-69.8006604323595,0.0,0.0,0.013962634015954637,0.21991148575128555,-0.07417649320975901,0.0,-0.05934119456780721,-0.8237954069413236,0.0,0.0,0.0,0.0,0.0,0.0,0.0,0.0,0.00843755859375,-0.004218779296875,-0.02531267578125,-0.0168751171875,-0.0506253515625,-0.0168751171875,0.0119355908203125,0.0318282421875,0.0,0.0,0.0,0.0,0.0,0.0,0.0,0.0,0.0,0.0,0.0,0.0,0.0,0.0,0.0,0.0,0.0,0.0,0.0,0.0,0.0,0.0,0.0,0.0,0.0,0.0
6.768363127000001,0.0,0.020790362049758038,-0.009239773060063072,0.556779230007963,-0.8040304258271176,2.179322387462924,-2.1959470849204865,60.95336305185601,-69.80823516131316,0.0,0.0,0.0,0.2792526803190927,-0.027925268031909273,0.0,-0.050614548307835565,-0.7871434926494426,0.0,0.0,0.0,0.0,0.0,0.0,0.0,0.0,0.0,0.00843755859375,-0.029531455078125,-0.029531455078125,-0.04218779296875,0.033750234375,0.0119355908203125,0.04774236328125,0.0,0.0,0.0,0.0,0.0,0.0,0.0,0.0,0.0,0.0,0.0,0.0,0.0,0.0,0.0,0.0,0.0,0.0,0.0,0.0,0.0,0.0,0.0,0.0,0.0,0.0
6.778847057,0.0,0.020790362049758038,-0.009239773060063072,0.556779230007963,-0.8012553523164465,2.1789384150274858,-2.1959034516891864,60.95287435966544,-69.81657783513768,0.0,0.0,0.0,0.29670597283903605,-0.05585053606381855,0.006108652381980153,-0.04537856055185257,-0.8011061266653973,0.0,0.0,0.0,0.0,0.0,0.0,0.0,0.0,0.0168751171875,0.00843755859375,-0.02531267578125,-0.029531455078125,-0.0506253515625,0.0506253515625,-0.0039785302734375,0.01591412109375,0.0,0.0,0.0,0.0,0.0,0.0,0.0,0.0,0.0,0.0,0.0,0.0,0.0,0.0,0.0,0.0,0.0,0.0,0.0,0.0,0.0,0.0,0.0,0.0,0.0,0.0
6.788389309,0.0,0.020790362049758038,-0.009239773060063072,0.556779230007963,-0.7982882925880563,2.1779784839388885,-2.1959034516891864,60.95240312076741,-69.8248157892071,0.0,0.0,0.0,0.32288591161895097,-0.12217304763960307,0.0,-0.054105206811824215,-0.8779006137531479,0.0,0.0,0.0,0.0,0.0,0.0,0.0,0.0,0.012656337890625,-0.004218779296875,0.004218779296875,-0.033750234375,-0.00843755859375,0.04218779296875,0.0039785302734375,-0.0318282421875,0.0,0.0,0.0,0.0,0.0,0.0,0.0,0.0,0.0,0.0,0.0,0.0,0.0,0.0,0.0,0.0,0.0,0.0,0.0,0.0,0.0,0.0,0.0,0.0,0.0,0.0
6.798288046000001,0.0,0.020790362049758038,-0.009239773060063072,0.5564999773276438,-0.7949198071317074,2.176922559741432,-2.1958510918116265,60.95172244235912,-69.83307119656904,0.0,0.0,-0.029670597283903605,0.3420845333908886,-0.079412480965742,0.006108652381980153,-0.07504915783575616,-0.7696902001294993,0.0,0.0,0.0,0.0,0.0,0.0,0.0,0.0,-0.046406572265625,-0.004218779296875,0.0168751171875,-0.0168751171875,-0.0168751171875,-0.00843755859375,-0.0278497119140625,-0.0358067724609375,0.0,0.0,0.0,0.0,0.0,0.0,0.0,0.0,0.0,0.0,0.0,0.0,0.0,0.0,0.0,0.0,0.0,0.0,0.0,0.0,0.0,0.0,0.0,0.0,0.0,0.0
6.808319202000001,0.0,0.020790362049758038,-0.009239773060063072,0.5563079911099247,-0.7918654809407171,2.176346601088275,-2.1958074585803273,60.95086723102565,-69.84169312307388,0.0,0.0,-0.017453292519943295,0.27052603405912107,-0.054105206811824215,0.011344640137963142,-0.08377580409572782,-0.8168140899333463,0.0,0.0,0.0,0.0,0.0,0.0,0.0,0.0,0.00843755859375,-0.004218779296875,0.0168751171875,-0.004218779296875,0.033750234375,-0.0168751171875,0.0,0.0039785302734375,0.0,0.0,0.0,0.0,0.0,0.0,0.0,0.0,0.0,0.0,0.0,0.0,0.0,0.0,0.0,0.0,0.0,0.0,0.0,0.0,0.0,0.0,0.0,0.0,0.0,0.0
6.818243508,0.0,0.020790362049758038,-0.009239773060063072,0.5563079911099247,-0.7886017152394871,2.1758666355439757,-2.1957114654714665,60.949907299937045,-69.84994853043581,0.0,0.0,0.0,0.33859387488689996,-0.04188790204786391,0.0,-0.10646508437165411,-0.8377580409572781,0.0,0.0,0.0,0.0,0.0,0.0,0.0,0.0,-0.046406572265625,-0.004218779296875,0.0168751171875,0.00843755859375,-0.0168751171875,-0.0168751171875,0.0039785302734375,0.04774236328125,0.0,0.0,0.0,0.0,0.0,0.0,0.0,0.0,0.0,0.0,0.0,0.0,0.0,0.0,0.0,0.0,0.0,0.0,0.0,0.0,0.0,0.0,0.0,0.0,0.0,0.0
6.828267207000001,0.0,0.020790362049758038,-0.009239773060063072,0.5563079911099247,-0.7851459633205389,2.1754390298772366,-2.1956154723626073,60.94875538263073,-69.85818648450523,0.0,0.0,0.0,0.3473205211468716,-0.04363323129985824,0.013962634015954637,-0.11693705988362009,-0.7592182246175333,0.0,0.0,0.0,0.0,0.0,0.0,0.0,0.0,-0.046406572265625,-0.00843755859375,0.021093896484375,0.021093896484375,0.0,-0.00843755859375,-0.0039785302734375,-0.039785302734375,0.0,0.0,0.0,0.0,0.0,0.0,0.0,0.0,0.0,0.0,0.0,0.0,0.0,0.0,0.0,0.0,0.0,0.0,0.0,0.0,0.0,0.0,0.0,0.0,0.0,0.0
6.838361371,0.0,0.020790362049758038,-0.009239773060063072,0.5563952575725244,-0.7816902114015898,2.1748630712240784,-2.1954671193761874,60.94760346532441,-69.86680841101007,0.0,0.0,0.005235987755982989,0.33859387488689996,-0.06370451769779303,0.01308996938995747,-0.12217304763960307,-0.8272860654453122,0.0,0.0,0.0,0.0,0.0,0.0,0.0,0.0,0.012656337890625,-0.004218779296875,0.021093896484375,0.033750234375,0.02531267578125,-0.00843755859375,-0.007957060546875,-0.0119355908203125,0.0,0.0,0.0,0.0,0.0,0.0,0.0,0.0,0.0,0.0,0.0,0.0,0.0,0.0,0.0,0.0,0.0,0.0,0.0,0.0,0.0,0.0,0.0,0.0,0.0,0.0
6.848276973000001,0.0,0.020790362049758038,-0.009239773060063072,0.5563952575725244,-0.7778679403397222,2.174042766475642,-2.1953711262673283,60.946364281555496,-69.8748718321543,0.0,0.0,-0.008726646259971648,0.36826447217080355,-0.08464846872172499,0.005235987755982989,-0.12740903539558607,-0.8395033702092726,0.0,0.0,0.0,0.0,0.0,0.0,0.0,0.0,-0.046406572265625,-0.004218779296875,0.004218779296875,-0.00843755859375,0.033750234375,-0.0168751171875,-0.007957060546875,-0.04774236328125,0.0,0.0,0.0,0.0,0.0,0.0,0.0,0.0,0.0,0.0,0.0,0.0,0.0,0.0,0.0,0.0,0.0,0.0,0.0,0.0,0.0,0.0,0.0,0.0,0.0,0.0
6.858257728000001,0.0,0.020790362049758038,-0.009239773060063072,0.5562032713548053,-0.774412188420774,2.173274821604764,-2.1952314999271683,60.94510764449408,-69.88302251976111,0.0,0.0,-0.017453292519943295,0.3700098014227979,-0.06894050545377602,0.012217304763960306,-0.12217304763960307,-0.7819075048934596,0.0,0.0,0.0,0.0,0.0,0.0,0.0,0.0,0.012656337890625,-0.004218779296875,0.004218779296875,0.02531267578125,0.0168751171875,-0.02531267578125,0.007957060546875,-0.0198926513671875,0.0,0.0,0.0,0.0,0.0,0.0,0.0,0.0,0.0,0.0,0.0,0.0,0.0,0.0,0.0,0.0,0.0,0.0,0.0,0.0,0.0,0.0,0.0,0.0,0.0,0.0
6.8683537160000006,0.0,0.020790362049758038,-0.009239773060063072,0.555924018674486,-0.7708691700392256,2.1726552297203066,-2.1950831469407484,60.94395572718776,-69.8909812211502,0.0,0.0,-0.03316125578789226,0.3089232776029963,-0.05759586531581287,0.01658062789394613,-0.11519173063162574,-0.8709192967451705,0.0,0.0,0.0,0.0,0.0,0.0,0.0,0.0,-0.046406572265625,0.0,0.004218779296875,-0.0168751171875,0.0168751171875,-0.00843755859375,0.0198926513671875,0.0358067724609375,0.0,0.0,0.0,0.0,0.0,0.0,0.0,0.0,0.0,0.0,0.0,0.0,0.0,0.0,0.0,0.0,0.0,0.0,0.0,0.0,0.0,0.0,0.0,0.0,0.0,0.0
6.8787877570000004,0.0,0.020790362049758038,-0.009239773060063072,0.5555400462390474,-0.767884657018314,2.1722712572848675,-2.19494352060059,60.94290852963655,-69.89855595010386,0.0,0.0,-0.017453292519943295,0.32288591161895097,-0.013962634015954637,0.008726646259971648,-0.10297442586766545,-0.7452555906015788,0.0,0.0,0.0,0.0,0.0,0.0,0.0,0.0,-0.046406572265625,-0.004218779296875,0.0,0.0,0.033750234375,0.00843755859375,-0.0119355908203125,0.04774236328125,0.0,0.0,0.0,0.0,0.0,0.0,0.0,0.0,0.0,0.0,0.0,0.0,0.0,0.0,0.0,0.0,0.0,0.0,0.0,0.0,0.0,0.0,0.0,0.0,0.0,0.0
6.888418491,0.0,0.020790362049758038,-0.009239773060063072,0.5553480600213283,-0.7649175972899247,2.1721752641760084,-2.19489116072303,60.941948598547945,-69.90613067905751,0.0,0.0,-0.019198621771937627,0.2879793265790644,-0.007853981633974483,0.0,-0.08901179185171082,-0.7627088831215221,0.0,0.0,0.0,0.0,0.0,0.0,0.0,0.0,-0.046406572265625,-0.004218779296875,0.004218779296875,-0.00843755859375,-0.00843755859375,-0.00843755859375,-0.0119355908203125,0.0119355908203125,0.0,0.0,0.0,0.0,0.0,0.0,0.0,0.0,0.0,0.0,0.0,0.0,0.0,0.0,0.0,0.0,0.0,0.0,0.0,0.0,0.0,0.0,0.0,0.0,0.0,0.0
6.898323917000001,0.0,0.020790362049758038,-0.009239773060063072,0.5551560738036083,-0.7623345099969727,2.1720792710671484,-2.19484752749173,60.94118065367707,-69.91312944935801,0.0,0.0,0.0,0.24434609527920614,-0.009599310885968814,0.0,-0.07330382858376185,-0.7347836150896127,0.0,0.0,0.0,0.0,0.0,0.0,0.0,0.0,0.021093896484375,0.0,0.00843755859375,-0.004218779296875,-0.04218779296875,0.02531267578125,-0.0119355908203125,-0.0358067724609375,0.0,0.0,0.0,0.0,0.0,0.0,0.0,0.0,0.0,0.0,0.0,0.0,0.0,0.0,0.0,0.0,0.0,0.0,0.0,0.0,0.0,0.0,0.0,0.0,0.0,0.0
6.90848797,0.0,0.020790362049758038,-0.009239773060063072,0.5551560738036083,-0.7598386891666209,2.1720356378358483,-2.19479516761417,60.94060469502393,-69.92021548612111,0.0,0.0,-0.013962634015954637,0.22165681500327988,0.0,0.008726646259971648,-0.047123889803846894,-0.640535835481919,0.0,0.0,0.0,0.0,0.0,0.0,0.0,0.0,0.021093896484375,-0.004218779296875,0.004218779296875,0.00843755859375,0.02531267578125,-0.00843755859375,0.023871181640625,0.0198926513671875,0.0,0.0,0.0,0.0,0.0,0.0,0.0,0.0,0.0,0.0,0.0,0.0,0.0,0.0,0.0,0.0,0.0,0.0,0.0,0.0,0.0,0.0,0.0,0.0,0.0,0.0
6.918197233000001,0.0,0.020790362049758038,-0.009239773060063072,0.5550513540484889,-0.7575348545539882,2.1719832779582884,-2.19475153438287,60.940133456125885,-69.92693500374129,0.0,0.0,-0.006981317007977318,0.23387411976724018,0.0,0.010471975511965978,-0.04188790204786391,-0.6719517620178169,0.0,0.0,0.0,0.0,0.0,0.0,0.0,0.0,0.029531455078125,-0.004218779296875,0.00843755859375,-0.021093896484375,0.00843755859375,0.02531267578125,0.039785302734375,-0.0119355908203125,0.0,0.0,0.0,0.0,0.0,0.0,0.0,0.0,0.0,0.0,0.0,0.0,0.0,0.0,0.0,0.0,0.0,0.0,0.0,0.0,0.0,0.0,0.0,0.0,0.0,0.0
6.928291941,0.0,0.020790362049758038,-0.009239773060063072,0.5549640875858892,-0.7555277259141953,2.1719832779582884,-2.194603181396451,60.93983675015303,-69.93374178782406,0.0,0.0,-0.017453292519943295,0.18500490071139894,-0.006108652381980153,0.01658062789394613,-0.031415926535897934,-0.6876597252857659,0.0,0.0,0.0,0.0,0.0,0.0,0.0,0.0,0.021093896484375,-0.004218779296875,0.004218779296875,0.021093896484375,0.0,0.00843755859375,-0.007957060546875,0.0119355908203125,0.0,0.0,0.0,0.0,0.0,0.0,0.0,0.0,0.0,0.0,0.0,0.0,0.0,0.0,0.0,0.0,0.0,0.0,0.0,0.0,0.0,0.0,0.0,0.0,0.0,0.0
6.938273592000001,0.0,0.020790362049758038,-0.009239773060063072,0.5548593678307698,-0.7536078637370007,2.1719396447269883,-2.194463555056292,60.93974948369044,-69.94016459947142,0.0,0.0,0.0,0.20420352248333656,-0.007853981633974483,0.008726646259971648,-0.008726646259971648,-0.6841690667817772,0.0,0.0,0.0,0.0,0.0,0.0,0.0,0.0,0.02531267578125,0.0,-0.02531267578125,-0.02531267578125,-0.04218779296875,0.0,-0.0119355908203125,-0.023871181640625,0.0,0.0,0.0,0.0,0.0,0.0,0.0,0.0,0.0,0.0,0.0,0.0,0.0,0.0,0.0,0.0,0.0,0.0,0.0,0.0,0.0,0.0,0.0,0.0,0.0,0.0
6.9482698350000005,0.0,0.020790362049758038,-0.009239773060063072,0.5546673816130503,-0.7517927213149269,2.1718872848494284,-2.194315202069872,60.93964476393531,-69.94677939733646,0.0,0.0,-0.03316125578789226,0.17802358370342164,-0.008726646259971648,0.01832595714594046,0.0,-0.6108652381980153,0.0,0.0,0.0,0.0,0.0,0.0,0.0,0.0,0.02531267578125,0.0,-0.029531455078125,0.02531267578125,0.00843755859375,0.00843755859375,0.0318282421875,0.0358067724609375,0.0,0.0,0.0,0.0,0.0,0.0,0.0,0.0,0.0,0.0,0.0,0.0,0.0,0.0,0.0,0.0,0.0,0.0,0.0,0.0,0.0,0.0,0.0,0.0,0.0,0.0
6.958391711000001,0.0,0.020790362049758038,-0.009239773060063072,0.5544753953953312,-0.7496808729200142,2.1717912917405684,-2.194123215852152,60.93974948369044,-69.95339419520153,0.0,0.0,-0.029670597283903605,0.2234021442552742,-0.006981317007977318,0.020943951023931956,0.013962634015954637,-0.6318091892219473,0.0,0.0,0.0,0.0,0.0,0.0,0.0,0.0,0.02531267578125,-0.004218779296875,0.00843755859375,-0.021093896484375,0.0168751171875,0.00843755859375,-0.0198926513671875,0.0,0.0,0.0,0.0,0.0,0.0,0.0,0.0,0.0,0.0,0.0,0.0,0.0,0.0,0.0,0.0,0.0,0.0,0.0,0.0,0.0,0.0,0.0,0.0,0.0,0.0,0.0
6.968323473000001,0.0,0.020790362049758038,-0.009239773060063072,0.554004156497292,-0.7474643047699816,2.1716952986317093,-2.193931229634433,60.93983675015303,-69.9602009792843,0.0,0.0,-0.04014257279586959,0.21991148575128555,-0.008726646259971648,0.03228859116189509,0.006981317007977318,-0.6614797865058508,0.0,0.0,0.0,0.0,0.0,0.0,0.0,0.0,0.021093896484375,0.0,-0.037969013671875,0.021093896484375,-0.0506253515625,0.00843755859375,-0.01591412109375,-0.0517208935546875,0.0,0.0,0.0,0.0,0.0,0.0,0.0,0.0,0.0,0.0,0.0,0.0,0.0,0.0,0.0,0.0,0.0,0.0,0.0,0.0,0.0,0.0,0.0,0.0,0.0,0.0
6.978934413,0.0,0.020790362049758038,-0.009239773060063072,0.5536201840618538,-0.7449859372321495,2.1715993055228493,-2.1935036239676946,60.93983675015303,-69.96662379093165,0.0,0.0,-0.029670597283903605,0.24609142453120048,-0.01308996938995747,0.05585053606381855,0.0,-0.6876597252857659,0.0,0.0,0.0,0.0,0.0,0.0,0.0,0.0,0.004218779296875,-0.004218779296875,0.004218779296875,0.0168751171875,0.0,0.0,-0.0198926513671875,-0.0358067724609375,0.0,0.0,0.0,0.0,0.0,0.0,0.0,0.0,0.0,0.0,0.0,0.0,0.0,0.0,0.0,0.0,0.0,0.0,0.0,0.0,0.0,0.0,0.0,0.0,0.0,0.0
6.988297431,0.0,0.020790362049758038,-0.009239773060063072,0.5531314918712957,-0.7427693690821169,2.17145967918269,-2.1927356790968164,60.939941469908156,-69.97313386904159,0.0,0.0,-0.04188790204786391,0.21991148575128555,-0.014835298641951803,0.07592182246175334,0.0,-0.6248278722139701,0.0,0.0,0.0,0.0,0.0,0.0,0.0,0.0,0.00843755859375,0.00843755859375,-0.02531267578125,0.012656337890625,-0.0506253515625,0.0168751171875,-0.0198926513671875,-0.0198926513671875,0.0,0.0,0.0,0.0,0.0,0.0,0.0,0.0,0.0,0.0,0.0,0.0,0.0,0.0,0.0,0.0,0.0,0.0,0.0,0.0,0.0,0.0,0.0,0.0,0.0,0.0
6.998223945,0.0,0.020790362049758038,-0.009239773060063072,0.5528522391909756,-0.7406575206872033,2.17126769296497,-2.1923517066613782,60.939941469908156,-69.97908544179089,0.0,0.0,-0.022689280275926284,0.1832595714594046,-0.01658062789394613,0.012217304763960306,0.0,-0.5777039824101231,0.0,0.0,0.0,0.0,0.0,0.0,0.0,0.0,0.012656337890625,0.012656337890625,-0.033750234375,0.02531267578125,0.033750234375,-0.00843755859375,0.0,0.0198926513671875,0.0,0.0,0.0,0.0,0.0,0.0,0.0,0.0,0.0,0.0,0.0,0.0,0.0,0.0,0.0,0.0,0.0,0.0,0.0,0.0,0.0,0.0,0.0,0.0,0.0,0.0
7.008286397,0.0,0.020790362049758038,-0.009239773060063072,0.5526602529732565,-0.7389296447277287,2.171119339978551,-2.192159720443659,60.93983675015303,-69.98501956124765,0.0,0.0,-0.008726646259971648,0.16057029118347835,-0.012217304763960306,0.03316125578789226,0.0,-0.582939970166106,0.0,0.0,0.0,0.0,0.0,0.0,0.0,0.0,0.012656337890625,0.00843755859375,-0.029531455078125,0.037969013671875,-0.0506253515625,-0.0168751171875,0.039785302734375,0.043763833007812496,0.0,0.0,0.0,0.0,0.0,0.0,0.0,0.0,0.0,0.0,0.0,0.0,0.0,0.0,0.0,0.0,0.0,0.0,0.0,0.0,0.0,0.0,0.0,0.0,0.0,0.0
7.018262959,0.0,0.020790362049758038,-0.009239773060063072,0.5525729865106572,-0.7373064885233749,2.171023346869692,-2.1915837617905,60.93983675015303,-69.99030790888119,0.0,0.0,0.0,0.15707963267948966,-0.006108652381980153,0.06370451769779303,0.0,-0.4956735075663896,0.0,0.0,0.0,0.0,0.0,0.0,0.0,0.0,0.00843755859375,0.00843755859375,0.021093896484375,0.033750234375,0.033750234375,-0.0168751171875,-0.0119355908203125,0.0278497119140625,0.0,0.0,0.0,0.0,0.0,0.0,0.0,0.0,0.0,0.0,0.0,0.0,0.0,0.0,0.0,0.0,0.0,0.0,0.0,0.0,0.0,0.0,0.0,0.0,0.0,0.0
7.028301923000001,0.0,0.020790362049758038,-0.009239773060063072,0.5525729865106572,-0.7359625849993385,2.170979713638392,-2.190964169906042,60.93983675015303,-69.99577078943994,0.0,0.0,0.0,0.12740903539558607,-0.006108652381980153,0.05759586531581287,0.0,-0.5288347633542818,0.0,0.0,0.0,0.0,0.0,0.0,0.0,0.0,0.012656337890625,-0.00843755859375,0.021093896484375,0.029531455078125,0.00843755859375,-0.04218779296875,-0.0198926513671875,0.007957060546875,0.0,0.0,0.0,0.0,0.0,0.0,0.0,0.0,0.0,0.0,0.0,0.0,0.0,0.0,0.0,0.0,0.0,0.0,0.0,0.0,0.0,0.0,0.0,0.0,0.0,0.0
7.038370039,0.0,0.020790362049758038,-0.009239773060063072,0.5525729865106572,-0.734531415012702,2.170927353760832,-2.1905801974706036,60.939941469908156,-70.00055299159041,0.0,0.0,0.0,0.12566370614359174,-0.005235987755982989,0.027052603405912107,0.008726646259971648,-0.5270894341022876,0.0,0.0,0.0,0.0,0.0,0.0,0.0,0.0,0.012656337890625,0.0,0.0,0.037969013671875,-0.0506253515625,-0.04218779296875,-0.01591412109375,-0.01591412109375,0.0,0.0,0.0,0.0,0.0,0.0,0.0,0.0,0.0,0.0,0.0,0.0,0.0,0.0,0.0,0.0,0.0,0.0,0.0,0.0,0.0,0.0,0.0,0.0,0.0,0.0
7.048319945,0.0,0.020790362049758038,-0.009239773060063072,0.5526602529732565,-0.7333794977063866,2.170883720529532,-2.1901962250351654,60.940133456125885,-70.00535264703339,0.0,0.0,0.015707963267948967,0.11693705988362009,-0.006108652381980153,0.04799655442984406,0.015707963267948967,-0.44156830075456543,0.0,0.0,0.0,0.0,0.0,0.0,0.0,0.0,0.00843755859375,-0.004218779296875,0.012656337890625,0.012656337890625,0.04218779296875,-0.04218779296875,0.039785302734375,-0.04774236328125,0.0,0.0,0.0,0.0,0.0,0.0,0.0,0.0,0.0,0.0,0.0,0.0,0.0,0.0,0.0,0.0,0.0,0.0,0.0,0.0,0.0,0.0,0.0,0.0,0.0,0.0
7.0582762830000005,0.0,0.020790362049758038,-0.009239773060063072,0.5527649727283763,-0.7322275804000711,2.170735367543112,-2.1895242732731472,60.9403254423436,-70.00996031625866,0.0,0.0,0.0,0.11868238913561442,-0.01658062789394613,0.08988445647770799,0.017453292519943295,-0.45029494701453704,0.0,0.0,0.0,0.0,0.0,0.0,0.0,0.0,0.004218779296875,0.00843755859375,0.012656337890625,0.033750234375,-0.07593802734375,0.05906291015625,-0.007957060546875,-0.055699423828125,0.0,0.0,0.0,0.0,0.0,0.0,0.0,0.0,0.0,0.0,0.0,0.0,0.0,0.0,0.0,0.0,0.0,0.0,0.0,0.0,0.0,0.0,0.0,0.0,0.0,0.0
7.0683211990000006,0.0,0.020790362049758038,-0.009239773060063072,0.5527649727283763,-0.7307964104134346,2.170499748094093,-2.188468349075691,60.940412708806186,-70.01378258732053,0.0,0.0,0.0,0.13613568165555773,-0.03228859116189509,0.10733774899765128,0.019198621771937627,-0.36302848441482055,0.0,0.0,0.0,0.0,0.0,0.0,0.0,0.0,0.00843755859375,0.012656337890625,-0.029531455078125,0.037969013671875,0.0506253515625,0.04218779296875,0.0,0.0358067724609375,0.0,0.0,0.0,0.0,0.0,0.0,0.0,0.0,0.0,0.0,0.0,0.0,0.0,0.0,0.0,0.0,0.0,0.0,0.0,0.0,0.0,0.0,0.0,0.0,0.0,0.0
7.078821961,0.0,0.020790362049758038,-0.009239773060063072,0.5527649727283763,-0.7297317595697184,2.170159408889954,-2.1875607778646535,60.94060469502393,-70.0173430589946,0.0,0.0,0.0,0.09075712110370514,-0.041015237421866746,0.08901179185171082,0.0,-0.3700098014227979,0.0,0.0,0.0,0.0,0.0,0.0,0.0,0.0,0.012656337890625,0.00843755859375,-0.033750234375,0.012656337890625,-0.05906291015625,-0.0506253515625,-0.01591412109375,-0.0198926513671875,0.0,0.0,0.0,0.0,0.0,0.0,0.0,0.0,0.0,0.0,0.0,0.0,0.0,0.0,0.0,0.0,0.0,0.0,0.0,0.0,0.0,0.0,0.0,0.0,0.0,0.0
7.088501111,0.0,0.020790362049758038,-0.009239773060063072,0.5527649727283763,-0.7288765482362418,2.1696358101143565,-2.1866444800073563,60.94060469502393,-70.02031011872299,0.0,0.0,0.0,0.08552113334772216,-0.05672320068981571,0.08290313946973064,0.0,-0.28274333882308134,0.0,0.0,0.0,0.0,0.0,0.0,0.0,0.0,0.0168751171875,0.00843755859375,-0.029531455078125,0.00843755859375,-0.05906291015625,0.05906291015625,-0.0119355908203125,-0.0039785302734375,0.0,0.0,0.0,0.0,0.0,0.0,0.0,0.0,0.0,0.0,0.0,0.0,0.0,0.0,0.0,0.0,0.0,0.0,0.0,0.0,0.0,0.0,0.0,0.0,0.0,0.0
7.098305959,0.0,0.020790362049758038,-0.009239773060063072,0.5527649727283763,-0.7280038836102438,2.1688678652434783,-2.185928895014039,60.94060469502393,-70.02299792577107,0.0,0.0,0.0,0.07330382858376185,-0.09250245035569947,0.07592182246175334,0.0,-0.22165681500327988,0.0,0.0,0.0,0.0,0.0,0.0,0.0,0.0,-0.04218779296875,-0.004218779296875,-0.004218779296875,-0.029531455078125,0.04218779296875,0.04218779296875,0.043763833007812496,0.0119355908203125,0.0,0.0,0.0,0.0,0.0,0.0,0.0,0.0,0.0,0.0,0.0,0.0,0.0,0.0,0.0,0.0,0.0,0.0,0.0,0.0,0.0,0.0,0.0,0.0,0.0,0.0
7.109166055,0.0,0.020790362049758038,-0.009239773060063072,0.5527649727283763,-0.7274279249570856,2.168152280250161,-2.1848293375852825,60.94060469502393,-70.02538902684628,0.0,0.0,-0.005235987755982989,0.05585053606381855,-0.03577924966588376,0.12217304763960307,-0.005235987755982989,-0.21467549799530256,0.0,0.0,0.0,0.0,0.0,0.0,0.0,0.0,0.00843755859375,-0.00843755859375,0.012656337890625,0.00843755859375,0.04218779296875,0.02531267578125,-0.0119355908203125,0.0198926513671875,0.0,0.0,0.0,0.0,0.0,0.0,0.0,0.0,0.0,0.0,0.0,0.0,0.0,0.0,0.0,0.0,0.0,0.0,0.0,0.0,0.0,0.0,0.0,0.0,0.0,0.0
7.118827157,0.0,0.020790362049758038,-0.009239773060063072,0.5527649727283763,-0.7267646998413273,2.167960294032442,-2.1836774202789653,60.94060469502393,-70.02711690280577,0.0,0.0,0.0,0.05934119456780721,-0.028797932657906436,0.11955505376161157,0.0,-0.17976891295541597,0.0,0.0,0.0,0.0,0.0,0.0,0.0,0.0,0.00843755859375,-0.00843755859375,0.0,0.004218779296875,0.0168751171875,-0.00843755859375,0.039785302734375,0.023871181640625,0.0,0.0,0.0,0.0,0.0,0.0,0.0,0.0,0.0,0.0,0.0,0.0,0.0,0.0,0.0,0.0,0.0,0.0,0.0,0.0,0.0,0.0,0.0,0.0,0.0,0.0
7.129000619,0.0,0.020790362049758038,-0.009239773060063072,0.5529395056535757,-0.7262760076507702,2.1672359823928637,-2.1823858766324906,60.94060469502393,-70.02884477876525,0.0,0.0,0.020943951023931956,0.050614548307835565,-0.10297442586766545,0.11693705988362009,0.0,-0.15533430342749532,0.0,0.0,0.0,0.0,0.0,0.0,0.0,0.0,-0.046406572265625,-0.004218779296875,0.02531267578125,0.0,0.04218779296875,-0.04218779296875,0.043763833007812496,0.0278497119140625,0.0,0.0,0.0,0.0,0.0,0.0,0.0,0.0,0.0,0.0,0.0,0.0,0.0,0.0,0.0,0.0,0.0,0.0,0.0,0.0,0.0,0.0,0.0,0.0,0.0,0.0
7.138935773,0.0,0.020790362049758038,-0.009239773060063072,0.5529395056535757,-0.725892035215332,2.1659880719776883,-2.1812339593261743,60.94060469502393,-70.03038066850701,0.0,0.0,0.0,0.038397243543875255,-0.11431906600562859,0.11780972450961724,0.0,-0.1518436449235067,0.0,0.0,0.0,0.0,0.0,0.0,0.0,0.0,-0.046406572265625,-0.004218779296875,0.021093896484375,0.004218779296875,0.00843755859375,-0.033750234375,0.0358067724609375,0.0318282421875,0.0,0.0,0.0,0.0,0.0,0.0,0.0,0.0,0.0,0.0,0.0,0.0,0.0,0.0,0.0,0.0,0.0,0.0,0.0,0.0,0.0,0.0,0.0,0.0,0.0,0.0
7.1487395010000006,0.0,0.020790362049758038,-0.009239773060063072,0.5530442254086956,-0.725508062779892,2.1648448813176318,-2.180125675251158,60.94069196148653,-70.03181183849364,0.0,0.0,0.0,0.029670597283903605,-0.12304571226560024,0.11693705988362009,0.022689280275926284,-0.14137166941154067,0.0,0.0,0.0,0.0,0.0,0.0,0.0,0.0,0.02531267578125,-0.004218779296875,0.004218779296875,-0.029531455078125,-0.0168751171875,-0.0506253515625,-0.01591412109375,0.0358067724609375,0.0,0.0,0.0,0.0,0.0,0.0,0.0,0.0,0.0,0.0,0.0,0.0,0.0,0.0,0.0,0.0,0.0,0.0,0.0,0.0,0.0,0.0,0.0,0.0,0.0,0.0
7.158384346,0.0,0.020790362049758038,-0.009239773060063072,0.5530442254086956,-0.7252288100995736,2.1638849502290345,-2.1785985121556624,60.94098866745937,-70.03324300848026,0.0,0.0,0.0017453292519943296,0.03665191429188092,-0.06632251157578452,0.16406094968746698,0.03490658503988659,-0.1239183768915974,0.0,0.0,0.0,0.0,0.0,0.0,0.0,0.0,-0.04218779296875,-0.004218779296875,0.012656337890625,0.00843755859375,-0.033750234375,-0.05906291015625,-0.0198926513671875,0.0278497119140625,0.0,0.0,0.0,0.0,0.0,0.0,0.0,0.0,0.0,0.0,0.0,0.0,0.0,0.0,0.0,0.0,0.0,0.0,0.0,0.0,0.0,0.0,0.0,0.0,0.0,0.0
7.168306956,0.0,0.020790362049758038,-0.009239773060063072,0.5532362116264151,-0.7247401179090147,2.1632566316983173,-2.177254608631627,60.9414599063574,-70.03449964554171,0.0,0.0,0.017453292519943295,0.04537856055185257,-0.07330382858376185,0.08377580409572782,0.050614548307835565,-0.14311699866353503,0.0,0.0,0.0,0.0,0.0,0.0,0.0,0.0,0.021093896484375,-0.004218779296875,0.00843755859375,0.00843755859375,-0.02531267578125,-0.05906291015625,-0.0119355908203125,0.023871181640625,0.0,0.0,0.0,0.0,0.0,0.0,0.0,0.0,0.0,0.0,0.0,0.0,0.0,0.0,0.0,0.0,0.0,0.0,0.0,0.0,0.0,0.0,0.0,0.0,0.0,0.0
7.17878487,0.0,0.020790362049758038,-0.009239773060063072,0.5534281978441342,-0.7245481316912947,2.162488686827439,-2.176626290100909,60.942035865010546,-70.03612280174606,0.0,-0.008726646259971648,0.029670597283903605,0.0,-0.0671951762017817,0.08115781021773633,0.048869219055841226,-0.1710422666954443,0.0,0.0,0.0,0.0,0.0,0.0,0.0,0.0,0.02531267578125,-0.004218779296875,0.0,-0.021093896484375,-0.00843755859375,0.04218779296875,0.0318282421875,0.0198926513671875,0.0,0.0,0.0,0.0,0.0,0.0,0.0,0.0,0.0,0.0,0.0,0.0,0.0,0.0,0.0,0.0,0.0,0.0,0.0,0.0,0.0,0.0,0.0,0.0,0.0,0.0
7.188475125,0.0,0.020790362049758038,-0.009344492815182015,0.5538994367421726,-0.7245481316912947,2.1619214548205408,-2.175003133896555,60.942524557201104,-70.03776341124292,0.0,0.0,0.05235987755982988,0.015707963267948967,-0.0671951762017817,0.22514747350726852,0.05235987755982988,-0.158824961931484,0.0,0.0,0.0,0.0,0.0,0.0,0.0,0.0,0.0168751171875,0.0,0.004218779296875,-0.021093896484375,-0.02531267578125,0.02531267578125,-0.007957060546875,0.0119355908203125,0.0,0.0,0.0,0.0,0.0,0.0,0.0,0.0,0.0,0.0,0.0,0.0,0.0,0.0,0.0,0.0,0.0,0.0,0.0,0.0,0.0,0.0,0.0,0.0,0.0,0.0
7.198383398000001,0.0,0.020790362049758038,-0.009344492815182015,0.5543881289327315,-0.7241816125483771,2.1609615237319435,-2.1727952923927814,60.94310051585426,-70.03929930098468,-0.008726646259971648,0.0,0.047123889803846894,0.047123889803846894,-0.10995574287564278,0.1466076571675237,0.05585053606381855,-0.13613568165555773,0.0,0.0,0.0,0.0,0.0,0.0,0.0,0.0,0.0168751171875,0.0,0.012656337890625,0.004218779296875,-0.02531267578125,-0.0168751171875,-0.007957060546875,-0.0596779541015625,0.0,0.0,0.0,0.0,0.0,0.0,0.0,0.0,0.0,0.0,0.0,0.0,0.0,0.0,0.0,0.0,0.0,0.0,0.0,0.0,0.0,0.0,0.0,0.0,0.0,0.0
7.2084472900000005,0.0,0.02068564229463732,-0.009344492815182015,0.5549640875858892,-0.7238849065755382,2.160097585752207,-2.172079707399464,60.94357175475232,-70.0406257512162,0.0,0.0,0.06457718232379019,0.0,-0.0671951762017817,0.0671951762017817,0.047123889803846894,-0.15358897417550102,0.0,0.0,0.0,0.0,0.0,0.0,0.0,0.0,0.02531267578125,-0.004218779296875,0.00843755859375,0.0,-0.033750234375,0.0,-0.0039785302734375,-0.04774236328125,0.0,0.0,0.0,0.0,0.0,0.0,0.0,0.0,0.0,0.0,0.0,0.0,0.0,0.0,0.0,0.0,0.0,0.0,0.0,0.0,0.0,0.0,0.0,0.0,0.0,0.0
7.2184043,0.0,0.02068564229463732,-0.009344492815182015,0.555924018674486,-0.7240768927932573,2.15942563399019,-2.1707358038754285,60.94425243316059,-70.04207437449537,0.0,0.0,0.09424777960769379,-0.0017453292519943296,-0.06806784082777886,0.18413223608540177,0.05759586531581287,-0.15009831567151233,0.0,0.0,0.0,0.0,0.0,0.0,0.0,0.0,0.0168751171875,-0.004218779296875,0.004218779296875,-0.021093896484375,-0.0168751171875,0.00843755859375,0.0278497119140625,-0.007957060546875,0.0,0.0,0.0,0.0,0.0,0.0,0.0,0.0,0.0,0.0,0.0,0.0,0.0,0.0,0.0,0.0,0.0,0.0,0.0,0.0,0.0,0.0,0.0,0.0,0.0,0.0
7.228244925,0.0,0.02068564229463732,-0.009344492815182015,0.5565872437902439,-0.7240768927932573,2.1588060421057316,-2.168911934807095,60.944723672058636,-70.04350554448197,0.0,0.0,0.048869219055841226,0.0,-0.050614548307835565,0.11868238913561442,0.03665191429188092,-0.1308996938995747,0.0,0.0,0.0,0.0,0.0,0.0,0.0,0.0,0.021093896484375,-0.004218779296875,0.00843755859375,-0.012656337890625,-0.05906291015625,0.033750234375,0.0,-0.01591412109375,0.0,0.0,0.0,0.0,0.0,0.0,0.0,0.0,0.0,0.0,0.0,0.0,0.0,0.0,0.0,0.0,0.0,0.0,0.0,0.0,0.0,0.0,0.0,0.0,0.0,0.0
7.238454579000001,0.0,0.02068564229463732,-0.009344492815182015,0.5573551886611217,-0.7240768927932573,2.1583697097927326,-2.1681439899362167,60.94521236424918,-70.04484944800602,0.0,0.0,0.10646508437165411,-0.017453292519943295,-0.0497418836818384,0.07592182246175334,0.038397243543875255,-0.15707963267948966,0.0,0.0,0.0,0.0,0.0,0.0,0.0,0.0,0.021093896484375,-0.004218779296875,-0.004218779296875,0.00843755859375,-0.0168751171875,0.04218779296875,-0.007957060546875,-0.01591412109375,0.0,0.0,0.0,0.0,0.0,0.0,0.0,0.0,0.0,0.0,0.0,0.0,0.0,0.0,0.0,0.0,0.0,0.0,0.0,0.0,0.0,0.0,0.0,0.0,0.0,0.0
7.248299396,0.0,0.02068564229463732,-0.009344492815182015,0.5584198395048379,-0.7243735987660953,2.1577937511395744,-2.1670444325074603,60.945491616929495,-70.0465773239655,0.0,0.0,0.09424777960769379,-0.017453292519943295,-0.0671951762017817,0.1343903524035634,0.02617993877991494,-0.17453292519943295,0.0,0.0,0.0,0.0,0.0,0.0,0.0,0.0,0.0168751171875,0.012656337890625,-0.029531455078125,0.00843755859375,0.07593802734375,0.06750046875,0.0198926513671875,-0.01591412109375,0.0,0.0,0.0,0.0,0.0,0.0,0.0,0.0,0.0,0.0,0.0,0.0,0.0,0.0,0.0,0.0,0.0,0.0,0.0,0.0,0.0,0.0,0.0,0.0,0.0,0.0
7.258347575,0.0,0.02068564229463732,-0.009344492815182015,0.5591877843757156,-0.7242688790109764,2.157121799377557,-2.1656045358745657,60.94568360314721,-70.04811321370725,0.0,0.0,0.08726646259971647,0.010471975511965978,-0.061086523819801536,0.11082840750163994,0.012217304763960306,-0.1466076571675237,0.0,0.0,0.0,0.0,0.0,0.0,0.0,0.0,0.02531267578125,0.0,0.0,-0.0168751171875,-0.00843755859375,0.0506253515625,0.0119355908203125,0.0039785302734375,0.0,0.0,0.0,0.0,0.0,0.0,0.0,0.0,0.0,0.0,0.0,0.0,0.0,0.0,0.0,0.0,0.0,0.0,0.0,0.0,0.0,0.0,0.0,0.0,0.0,0.0
7.268344170000001,0.0,0.02068564229463732,-0.009344492815182015,0.5602349819269121,-0.7242688790109764,2.156545840724399,-2.1650809370989665,60.94578832290234,-70.04992835612934,0.0,0.0,0.1239183768915974,-0.017453292519943295,-0.05585053606381855,0.03316125578789226,0.0017453292519943296,-0.2076941809873252,0.0,0.0,0.0,0.0,0.0,0.0,0.0,0.0,0.021093896484375,0.0,-0.00843755859375,-0.0168751171875,0.0,0.0506253515625,0.01591412109375,0.01591412109375,0.0,0.0,0.0,0.0,0.0,0.0,0.0,0.0,0.0,0.0,0.0,0.0,0.0,0.0,0.0,0.0,0.0,0.0,0.0,0.0,0.0,0.0,0.0,0.0,0.0,0.0
7.278714947,0.0,0.02068564229463732,-0.009344492815182015,0.5614741656958282,-0.7244608652286955,2.1558738889623807,-2.1645049784458075,60.94578832290234,-70.05176095184392,0.0,0.0,0.10646508437165411,-0.015707963267948967,-0.079412480965742,0.07853981633974483,-0.008726646259971648,-0.1466076571675237,0.0,0.0,0.0,0.0,0.0,0.0,0.0,0.0,0.012656337890625,0.0,-0.012656337890625,-0.021093896484375,0.05906291015625,-0.0506253515625,0.0,-0.0318282421875,0.0,0.0,0.0,0.0,0.0,0.0,0.0,0.0,0.0,0.0,0.0,0.0,0.0,0.0,0.0,0.0,0.0,0.0,0.0,0.0,0.0,0.0,0.0,0.0,0.0,0.0
7.288496819000001,0.0,0.02068564229463732,-0.009344492815182015,0.5624340967844246,-0.7244608652286955,2.1551583039690634,-2.16383302668379,60.94568360314721,-70.05368081402112,0.0,0.0,0.08726646259971647,0.0,-0.047123889803846894,0.051487212933832724,0.0,-0.2059488517353309,0.0,0.0,0.0,0.0,0.0,0.0,0.0,0.0,0.0168751171875,0.012656337890625,-0.004218779296875,0.00843755859375,0.05906291015625,0.02531267578125,-0.0039785302734375,-0.039785302734375,0.0,0.0,0.0,0.0,0.0,0.0,0.0,0.0,0.0,0.0,0.0,0.0,0.0,0.0,0.0,0.0,0.0,0.0,0.0,0.0,0.0,0.0,0.0,0.0,0.0,0.0
7.298382372000001,0.0,0.02068564229463732,-0.009344492815182015,0.5634987476281417,-0.7244608652286955,2.1548703246424843,-2.163353061139492,60.94568360314721,-70.05530397022547,0.0,0.0,0.10995574287564278,0.0,-0.030543261909900768,0.047123889803846894,0.003490658503988659,-0.1518436449235067,0.0,0.0,0.0,0.0,0.0,0.0,0.0,0.0,0.0168751171875,0.00843755859375,-0.00843755859375,0.012656337890625,0.04218779296875,-0.06750046875,-0.007957060546875,-0.039785302734375,0.0,0.0,0.0,0.0,0.0,0.0,0.0,0.0,0.0,0.0,0.0,0.0,0.0,0.0,0.0,0.0,0.0,0.0,0.0,0.0,0.0,0.0,0.0,0.0,0.0,0.0
7.308436056000001,0.0,0.02068564229463732,-0.009344492815182015,0.5645459451793386,-0.7244608652286955,2.154538712084605,-2.1626811093774747,60.94578832290234,-70.05711911264756,0.0,0.0,0.08203047484373349,0.008726646259971648,-0.04276056667386108,0.07679448708775051,0.0,-0.17802358370342164,0.0,0.0,0.0,0.0,0.0,0.0,0.0,0.0,0.021093896484375,0.012656337890625,0.0,0.00843755859375,0.0506253515625,-0.0506253515625,0.0,-0.0358067724609375,0.0,0.0,0.0,0.0,0.0,0.0,0.0,0.0,0.0,0.0,0.0,0.0,0.0,0.0,0.0,0.0,0.0,0.0,0.0,0.0,0.0,0.0,0.0,0.0,0.0,0.0
7.3183018010000005,0.0,0.02068564229463732,-0.009344492815182015,0.5652266235876158,-0.7242688790109764,2.153962753431447,-2.1621051507243156,60.94578832290234,-70.0586550023893,0.0,0.0,0.05934119456780721,0.015707963267948967,-0.06021385919380437,0.038397243543875255,0.0,-0.12740903539558607,0.0,0.0,0.0,0.0,0.0,0.0,0.0,0.0,0.012656337890625,0.0168751171875,0.00843755859375,0.004218779296875,0.0168751171875,-0.04218779296875,0.0,-0.023871181640625,0.0,0.0,0.0,0.0,0.0,0.0,0.0,0.0,0.0,0.0,0.0,0.0,0.0,0.0,0.0,0.0,0.0,0.0,0.0,0.0,0.0,0.0,0.0,0.0,0.0,0.0
7.328462046,0.0,0.02068564229463732,-0.009344492815182015,0.565697862485655,-0.7241816125483771,2.153578780996008,-2.1619131645065974,60.94578832290234,-70.05991163945075,0.0,0.0,0.05235987755982988,0.006981317007977318,-0.020943951023931956,0.013962634015954637,0.0,-0.13264502315156904,0.0,0.0,0.0,0.0,0.0,0.0,0.0,0.0,0.00843755859375,-0.004218779296875,0.00843755859375,0.00843755859375,-0.0168751171875,-0.033750234375,-0.007957060546875,-0.0278497119140625,0.0,0.0,0.0,0.0,0.0,0.0,0.0,0.0,0.0,0.0,0.0,0.0,0.0,0.0,0.0,0.0,0.0,0.0,0.0,0.0,0.0,0.0,0.0,0.0,0.0,0.0
7.33829051,0.0,0.02068564229463732,-0.009344492815182015,0.5661865546762126,-0.7240768927932573,2.1533867947782888,-2.1615815519487183,60.94598030912007,-70.06115082321965,0.0,0.0,0.047123889803846894,0.013962634015954637,-0.020071286397934793,0.050614548307835565,0.006981317007977318,-0.09773843811168245,0.0,0.0,0.0,0.0,0.0,0.0,0.0,0.0,0.012656337890625,-0.004218779296875,-0.00843755859375,0.0,-0.00843755859375,-0.02531267578125,0.0,-0.01591412109375,0.0,0.0,0.0,0.0,0.0,0.0,0.0,0.0,0.0,0.0,0.0,0.0,0.0,0.0,0.0,0.0,0.0,0.0,0.0,0.0,0.0,0.0,0.0,0.0,0.0,0.0
7.348253377000001,0.0,0.02068564229463732,-0.009344492815182015,0.566657793574251,-0.7238849065755382,2.153142448683009,-2.160953233418,60.94606757558267,-70.06200603455312,0.0,0.0,0.03490658503988659,0.024434609527920613,-0.020071286397934793,0.06894050545377602,0.012217304763960306,-0.07679448708775051,0.0,0.0,0.0,0.0,0.0,0.0,0.0,0.0,0.00843755859375,-0.004218779296875,0.012656337890625,0.004218779296875,-0.00843755859375,-0.033750234375,-0.0039785302734375,0.0,0.0,0.0,0.0,0.0,0.0,0.0,0.0,0.0,0.0,0.0,0.0,0.0,0.0,0.0,0.0,0.0,0.0,0.0,0.0,0.0,0.0,0.0,0.0,0.0,0.0,0.0
7.358159026,0.0,0.02068564229463732,-0.009344492815182015,0.56704176600969,-0.7235009341401,2.1530028223428506,-2.160473267873701,60.94617229533778,-70.06268671296141,0.0,0.0,0.03665191429188092,0.04014257279586959,-0.017453292519943295,0.024434609527920613,0.0,-0.05934119456780721,0.0,0.0,0.0,0.0,0.0,0.0,0.0,0.0,0.004218779296875,-0.004218779296875,0.021093896484375,0.004218779296875,-0.0168751171875,-0.0168751171875,0.0,-0.0198926513671875,0.0,0.0,0.0,0.0,0.0,0.0,0.0,0.0,0.0,0.0,0.0,0.0,0.0,0.0,0.0,0.0,0.0,0.0,0.0,0.0,0.0,0.0,0.0,0.0,0.0,0.0
7.368246279,0.0,0.02068564229463732,-0.009344492815182015,0.5674257384451291,-0.72330894792238,2.1528544693564307,-2.160377274764842,60.94617229533778,-70.06326267161457,0.0,0.0,0.04188790204786391,0.005235987755982989,-0.011344640137963142,0.006981317007977318,0.0,-0.05934119456780721,0.0,0.0,0.0,0.0,0.0,0.0,0.0,0.0,0.012656337890625,-0.004218779296875,-0.00843755859375,0.0,0.0,0.0,0.0,-0.0119355908203125,0.0,0.0,0.0,0.0,0.0,0.0,0.0,0.0,0.0,0.0,0.0,0.0,0.0,0.0,0.0,0.0,0.0,0.0,0.0,0.0,0.0,0.0,0.0,0.0,0.0,0.0
7.3788484500000004,0.0,0.02068564229463732,-0.009344492815182015,0.5678097108805673,-0.7232216814597798,2.1527148430162706,-2.160185288547123,60.94617229533778,-70.0637339105126,0.0,0.0,0.03665191429188092,0.012217304763960306,-0.009599310885968814,0.017453292519943295,-0.003490658503988659,-0.04014257279586959,0.0,0.0,0.0,0.0,0.0,0.0,0.0,0.0,0.00843755859375,0.00843755859375,-0.0168751171875,0.0,-0.00843755859375,-0.00843755859375,0.0,-0.0039785302734375,0.0,0.0,0.0,0.0,0.0,0.0,0.0,0.0,0.0,0.0,0.0,0.0,0.0,0.0,0.0,0.0,0.0,0.0,0.0,0.0,0.0,0.0,0.0,0.0,0.0,0.0
7.3885399210000005,0.0,0.02068564229463732,-0.009344492815182015,0.568088963560887,-0.7230296952420598,2.1526624831387116,-2.160089295438263,60.94606757558267,-70.06411788294804,0.0,0.0,0.024434609527920613,0.020943951023931956,-0.008726646259971648,0.006108652381980153,0.0,-0.020943951023931956,0.0,0.0,0.0,0.0,0.0,0.0,0.0,0.0,0.004218779296875,-0.004218779296875,-0.0168751171875,0.0,-0.00843755859375,0.0,0.0,-0.007957060546875,0.0,0.0,0.0,0.0,0.0,0.0,0.0,0.0,0.0,0.0,0.0,0.0,0.0,0.0,0.0,0.0,0.0,0.0,0.0,0.0,0.0,0.0,0.0,0.0,0.0,0.0
7.398356225000001,0.0,0.02068564229463732,-0.009344492815182015,0.5682809497786061,-0.7227329892692218,2.1526188499074106,-2.160089295438263,60.94606757558267,-70.06430986916575,0.0,0.0,0.010471975511965978,0.031415926535897934,-0.008726646259971648,0.0,0.0,-0.015707963267948967,0.0,0.0,0.0,0.0,0.0,0.0,0.0,0.0,-0.046406572265625,-0.004218779296875,-0.004218779296875,0.0,-0.00843755859375,0.0,0.0119355908203125,0.0358067724609375,0.0,0.0,0.0,0.0,0.0,0.0,0.0,0.0,0.0,0.0,0.0,0.0,0.0,0.0,0.0,0.0,0.0,0.0,0.0,0.0,0.0,0.0,0.0,0.0,0.0,0.0
7.408220082000001,0.0,0.02068564229463732,-0.009344492815182015,0.5683856695337255,-0.7223490168337827,2.1525228567985515,-2.160089295438263,60.94606757558267,-70.06441458892088,0.0,0.0,0.0,0.048869219055841226,-0.009599310885968814,0.0,0.0,-0.008726646259971648,0.0,0.0,0.0,0.0,0.0,0.0,0.0,0.0,0.0168751171875,-0.004218779296875,-0.004218779296875,0.0,0.0168751171875,-0.00843755859375,-0.007957060546875,-0.007957060546875,0.0,0.0,0.0,0.0,0.0,0.0,0.0,0.0,0.0,0.0,0.0,0.0,0.0,0.0,0.0,0.0,0.0,0.0,0.0,0.0,0.0,0.0,0.0,0.0,0.0,0.0
7.418215461000001,0.0,0.02068564229463732,-0.009344492815182015,0.5682809497786061,-0.7216857917180244,2.1523745038121325,-2.160089295438263,60.94598030912007,-70.06450185538348,0.0,0.0,-0.015707963267948967,0.06981317007977318,-0.020071286397934793,0.0,-0.008726646259971648,0.0,0.0,0.0,0.0,0.0,0.0,0.0,0.0,0.0,-0.04218779296875,-0.004218779296875,-0.012656337890625,-0.004218779296875,0.02531267578125,0.0,-0.0039785302734375,0.0278497119140625,0.0,0.0,0.0,0.0,0.0,0.0,0.0,0.0,0.0,0.0,0.0,0.0,0.0,0.0,0.0,0.0,0.0,0.0,0.0,0.0,0.0,0.0,0.0,0.0,0.0,0.0
7.428290969000001,0.0,0.02068564229463732,-0.009344492815182015,0.568088963560887,-0.720917846847148,2.1520865244855525,-2.160089295438263,60.94578832290234,-70.06450185538348,0.0,0.0,-0.017453292519943295,0.07504915783575616,-0.03228859116189509,0.0,-0.017453292519943295,0.0,0.0,0.0,0.0,0.0,0.0,0.0,0.0,0.0,-0.046406572265625,-0.004218779296875,-0.012656337890625,-0.004218779296875,0.02531267578125,0.0,-0.0039785302734375,0.0278497119140625,0.0,0.0,0.0,0.0,0.0,0.0,0.0,0.0,0.0,0.0,0.0,0.0,0.0,0.0,0.0,0.0,0.0,0.0,0.0,0.0,0.0,0.0,0.0,0.0,0.0,0.0
7.438406414,0.0,0.02068564229463732,-0.009344492815182015,0.5678969773431666,-0.7201499019762698,2.151754911927674,-2.160089295438263,60.945491616929495,-70.06450185538348,0.0,0.0,-0.013962634015954637,0.08203047484373349,-0.027925268031909273,0.0,-0.031415926535897934,0.0,0.0,0.0,0.0,0.0,0.0,0.0,0.0,0.0,-0.046406572265625,0.0,-0.00843755859375,-0.012656337890625,0.0168751171875,0.0,-0.0039785302734375,0.0278497119140625,0.0,0.0,0.0,0.0,0.0,0.0,0.0,0.0,0.0,0.0,0.0,0.0,0.0,0.0,0.0,0.0,0.0,0.0,0.0,0.0,0.0,0.0,0.0,0.0,0.0,0.0
7.448433505000001,0.0,0.02068564229463732,-0.009344492815182015,0.5678097108805673,-0.7193819571053917,2.151519292478654,-2.160089295438263,60.94510764449408,-70.06450185538348,0.0,0.0,-0.013962634015954637,0.07330382858376185,-0.02181661564992912,0.0,-0.04363323129985824,0.0,0.0,0.0,0.0,0.0,0.0,0.0,0.0,0.0,0.021093896484375,-0.004218779296875,-0.00843755859375,-0.004218779296875,0.0168751171875,0.0,-0.0039785302734375,-0.007957060546875,0.0,0.0,0.0,0.0,0.0,0.0,0.0,0.0,0.0,0.0,0.0,0.0,0.0,0.0,0.0,0.0,0.0,0.0,0.0,0.0,0.0,0.0,0.0,0.0,0.0,0.0
7.458328434,0.0,0.02068564229463732,-0.009344492815182015,0.5677049911254475,-0.7186140122345153,2.151274946383375,-2.160089295438263,60.944723672058636,-70.06450185538348,0.0,0.0,0.0,0.06981317007977318,-0.025307274153917782,0.0,-0.04363323129985824,0.008726646259971648,0.0,0.0,0.0,0.0,0.0,0.0,0.0,0.0,-0.04218779296875,-0.004218779296875,-0.00843755859375,-0.0168751171875,0.0168751171875,0.0,0.0198926513671875,0.023871181640625,0.0,0.0,0.0,0.0,0.0,0.0,0.0,0.0,0.0,0.0,0.0,0.0,0.0,0.0,0.0,0.0,0.0,0.0,0.0,0.0,0.0,0.0,0.0,0.0,0.0,0.0
7.468307973000001,0.0,0.02068564229463732,-0.009344492815182015,0.5677049911254475,-0.7179333338262373,2.150986967056796,-2.160089295438263,60.94425243316059,-70.06441458892088,0.0,0.0,0.0,0.07330382858376185,-0.03316125578789226,0.0,-0.054105206811824215,0.017453292519943295,0.0,0.0,0.0,0.0,0.0,0.0,0.0,0.0,-0.046406572265625,0.0,-0.00843755859375,0.00843755859375,0.0168751171875,0.0,-0.007957060546875,-0.0119355908203125,0.0,0.0,0.0,0.0,0.0,0.0,0.0,0.0,0.0,0.0,0.0,0.0,0.0,0.0,0.0,0.0,0.0,0.0,0.0,0.0,0.0,0.0,0.0,0.0,0.0,0.0
7.478769727,0.0,0.02068564229463732,-0.009344492815182015,0.5677049911254475,-0.7171828422478796,2.150602994621358,-2.160089295438263,60.94367647450742,-70.06430986916575,0.0,0.0,0.0,0.07504915783575616,-0.041015237421866746,0.004363323129985824,-0.05585053606381855,0.0,0.0,0.0,0.0,0.0,0.0,0.0,0.0,0.0,0.021093896484375,0.0,-0.00843755859375,0.004218779296875,0.0168751171875,0.0,-0.007957060546875,-0.007957060546875,0.0,0.0,0.0,0.0,0.0,0.0,0.0,0.0,0.0,0.0,0.0,0.0,0.0,0.0,0.0,0.0,0.0,0.0,0.0,0.0,0.0,0.0,0.0,0.0,0.0,0.0
7.488425069000001,0.0,0.02068564229463732,-0.009344492815182015,0.5677049911254475,-0.7164148973770024,2.1502713820634787,-2.160089295438263,60.94310051585426,-70.06422260270317,0.0,0.0,0.0,0.06457718232379019,-0.029670597283903605,0.0,-0.047123889803846894,0.0,0.0,0.0,0.0,0.0,0.0,0.0,0.0,0.0,0.02531267578125,-0.004218779296875,-0.00843755859375,0.00843755859375,0.0168751171875,0.0,-0.0119355908203125,0.0278497119140625,0.0,0.0,0.0,0.0,0.0,0.0,0.0,0.0,0.0,0.0,0.0,0.0,0.0,0.0,0.0,0.0,0.0,0.0,0.0,0.0,0.0,0.0,0.0,0.0,0.0,0.0
7.498329758000001,0.0,0.02068564229463732,-0.009344492815182015,0.5677049911254475,-0.7156469525061242,2.1500270359681997,-2.160045662206963,60.94271654341885,-70.06411788294804,0.0,0.0,0.006981317007977318,0.06457718232379019,-0.015707963267948967,0.0,-0.031415926535897934,0.0,0.0,0.0,0.0,0.0,0.0,0.0,0.0,0.0,0.00843755859375,-0.004218779296875,0.02531267578125,0.0168751171875,-0.033750234375,0.0,-0.0119355908203125,0.0278497119140625,0.0,0.0,0.0,0.0,0.0,0.0,0.0,0.0,0.0,0.0,0.0,0.0,0.0,0.0,0.0,0.0,0.0,0.0,0.0,0.0,0.0,0.0,0.0,0.0,0.0,0.0
7.508314865000001,0.0,0.02068564229463732,-0.009344492815182015,0.5678097108805673,-0.7149662740978471,2.1498350497504806,-2.160045662206963,60.942524557201104,-70.06411788294804,0.0,0.0,0.010471975511965978,0.07155849933176751,-0.015707963267948967,0.0,-0.017453292519943295,0.0,0.0,0.0,0.0,0.0,0.0,0.0,0.0,0.0,0.0,0.0,-0.004218779296875,0.0168751171875,-0.04218779296875,0.0,-0.01591412109375,-0.0039785302734375,0.0,0.0,0.0,0.0,0.0,0.0,0.0,0.0,0.0,0.0,0.0,0.0,0.0,0.0,0.0,0.0,0.0,0.0,0.0,0.0,0.0,0.0,0.0,0.0,0.0,0.0
7.518447302,0.0,0.02068564229463732,-0.009344492815182015,0.5678097108805673,-0.7141983292269689,2.1496954234103205,-2.160045662206963,60.942419837445975,-70.06411788294804,0.0,0.0,0.0,0.07155849933176751,-0.014835298641951803,0.0,-0.008726646259971648,0.0,0.0,0.0,0.0,0.0,0.0,0.0,0.0,0.0,0.021093896484375,0.00843755859375,-0.004218779296875,-0.02531267578125,0.0168751171875,-0.00843755859375,0.0278497119140625,-0.0119355908203125,0.0,0.0,0.0,0.0,0.0,0.0,0.0,0.0,0.0,0.0,0.0,0.0,0.0,0.0,0.0,0.0,0.0,0.0,0.0,0.0,0.0,0.0,0.0,0.0,0.0,0.0
7.528476889,0.0,0.02068564229463732,-0.009344492815182015,0.5678097108805673,-0.7134303843560907,2.1495994303014614,-2.160045662206963,60.942419837445975,-70.06411788294804,0.0,0.0,0.0,0.06632251157578452,-0.005235987755982989,0.0,0.0,0.0,0.0,0.0,0.0,0.0,0.0,0.0,0.0,0.0,0.012656337890625,0.00843755859375,0.0168751171875,-0.02531267578125,0.02531267578125,-0.00843755859375,-0.01591412109375,-0.0039785302734375,0.0,0.0,0.0,0.0,0.0,0.0,0.0,0.0,0.0,0.0,0.0,0.0,0.0,0.0,0.0,0.0,0.0,0.0,0.0,0.0,0.0,0.0,0.0,0.0,0.0,0.0
7.538372203000001,0.0,0.02068564229463732,-0.009344492815182015,0.5678097108805673,-0.7127671592403342,2.1495470704239015,-2.160089295438263,60.942419837445975,-70.06411788294804,0.0,0.0,0.0,0.06457718232379019,-0.008726646259971648,0.0,0.0,0.0,0.0,0.0,0.0,0.0,0.0,0.0,0.0,0.0,0.0168751171875,0.012656337890625,-0.004218779296875,-0.02531267578125,0.00843755859375,0.0,0.0,-0.007957060546875,0.0,0.0,0.0,0.0,0.0,0.0,0.0,0.0,0.0,0.0,0.0,0.0,0.0,0.0,0.0,0.0,0.0,0.0,0.0,0.0,0.0,0.0,0.0,0.0,0.0,0.0
7.5483327970000005,0.0,0.02068564229463732,-0.009344492815182015,0.5678097108805673,-0.712191200587176,2.1495034371926014,-2.160089295438263,60.942419837445975,-70.06422260270317,0.0,0.0,0.0,0.054105206811824215,0.0,0.0,0.0,0.0,0.0,0.0,0.0,0.0,0.0,0.0,0.0,0.0,0.00843755859375,0.0,-0.004218779296875,-0.02531267578125,-0.05906291015625,0.0,0.0278497119140625,0.023871181640625,0.0,0.0,0.0,0.0,0.0,0.0,0.0,0.0,0.0,0.0,0.0,0.0,0.0,0.0,0.0,0.0,0.0,0.0,0.0,0.0,0.0,0.0,0.0,0.0,0.0,0.0
7.558306544000001,0.0,0.02068564229463732,-0.009344492815182015,0.5678097108805673,-0.7117025083966171,2.1495034371926014,-2.160089295438263,60.942419837445975,-70.06422260270317,0.0,0.0,0.0,0.048869219055841226,0.0,0.0,0.0,0.0,0.0,0.0,0.0,0.0,0.0,0.0,0.0,0.0,0.00843755859375,0.00843755859375,0.0168751171875,-0.029531455078125,-0.033750234375,0.0,-0.0039785302734375,-0.01591412109375,0.0,0.0,0.0,0.0,0.0,0.0,0.0,0.0,0.0,0.0,0.0,0.0,0.0,0.0,0.0,0.0,0.0,0.0,0.0,0.0,0.0,0.0,0.0,0.0,0.0,0.0
7.568400676,0.0,0.02068564229463732,-0.009344492815182015,0.5678097108805673,-0.7112312694985787,2.1495034371926014,-2.160089295438263,60.942419837445975,-70.06422260270317,0.0,0.0,0.0,0.038397243543875255,0.0,0.0,0.0,0.0,0.0,0.0,0.0,0.0,0.0,0.0,0.0,0.0,0.012656337890625,0.00843755859375,0.02531267578125,-0.00843755859375,-0.05906291015625,-0.00843755859375,-0.007957060546875,0.0,0.0,0.0,0.0,0.0,0.0,0.0,0.0,0.0,0.0,0.0,0.0,0.0,0.0,0.0,0.0,0.0,0.0,0.0,0.0,0.0,0.0,0.0,0.0,0.0,0.0,0.0
7.57876422,0.0,0.02068564229463732,-0.009344492815182015,0.5678097108805673,-0.7107425773080198,2.1495034371926014,-2.160089295438263,60.942419837445975,-70.06422260270317,0.0,0.0,0.0,0.054105206811824215,0.0,0.0,0.0,0.0017453292519943296,0.0,0.0,0.0,0.0,0.0,0.0,0.0,0.0,0.00843755859375,0.00843755859375,-0.00843755859375,-0.0168751171875,-0.033750234375,0.0,0.0,-0.0119355908203125,0.0,0.0,0.0,0.0,0.0,0.0,0.0,0.0,0.0,0.0,0.0,0.0,0.0,0.0,0.0,0.0,0.0,0.0,0.0,0.0,0.0,0.0,0.0,0.0,0.0,0.0
7.5884498670000005,0.0,0.02068564229463732,-0.009344492815182015,0.5678097108805673,-0.7101840719473822,2.1495034371926014,-2.160045662206963,60.942419837445975,-70.06422260270317,0.0,0.0,0.0,0.06457718232379019,0.0,0.0,0.0,0.0,0.0,0.0,0.0,0.0,0.0,0.0,0.0,0.0,0.012656337890625,0.00843755859375,0.0168751171875,-0.012656337890625,0.0,0.0,0.0,-0.0119355908203125,0.0,0.0,0.0,0.0,0.0,0.0,0.0,0.0,0.0,0.0,0.0,0.0,0.0,0.0,0.0,0.0,0.0,0.0,0.0,0.0,0.0,0.0,0.0,0.0,0.0,0.0
7.598283931,0.0,0.02068564229463732,-0.009344492815182015,0.5677049911254475,-0.7095033935391042,2.1495034371926014,-2.160045662206963,60.942419837445975,-70.06422260270317,0.0,0.0,0.0,0.07504915783575616,0.0,0.0,0.0,-0.010471975511965978,0.0,0.0,0.0,0.0,0.0,0.0,0.0,0.0,0.00843755859375,-0.004218779296875,-0.00843755859375,-0.012656337890625,0.02531267578125,0.0,-0.01591412109375,-0.0039785302734375,0.0,0.0,0.0,0.0,0.0,0.0,0.0,0.0,0.0,0.0,0.0,0.0,0.0,0.0,0.0,0.0,0.0,0.0,0.0,0.0,0.0,0.0,0.0,0.0,0.0,0.0
7.608250958,0.0,0.02068564229463732,-0.009344492815182015,0.5676177246628482,-0.7086481822056276,2.1495034371926014,-2.160045662206963,60.94233257098339,-70.06430986916575,0.0,0.0,-0.017453292519943295,0.07504915783575616,0.0,0.0,0.0,-0.017453292519943295,0.0,0.0,0.0,0.0,0.0,0.0,0.0,0.0,0.012656337890625,0.00843755859375,-0.00843755859375,-0.0168751171875,-0.04218779296875,0.0,-0.007957060546875,-0.0119355908203125,0.0,0.0,0.0,0.0,0.0,0.0,0.0,0.0,0.0,0.0,0.0,0.0,0.0,0.0,0.0,0.0,0.0,0.0,0.0,0.0,0.0,0.0,0.0,0.0,0.0,0.0
7.6183746260000005,0.0,0.02068564229463732,-0.009344492815182015,0.5674257384451291,-0.7078802373347495,2.1495034371926014,-2.160089295438263,60.94233257098339,-70.06450185538348,0.0,0.0,-0.017453292519943295,0.07504915783575616,0.0,0.0,0.0,-0.015707963267948967,0.0,0.0,0.0,0.0,0.0,0.0,0.0,0.0,0.0168751171875,0.0168751171875,-0.00843755859375,-0.021093896484375,-0.04218779296875,-0.00843755859375,-0.01591412109375,-0.007957060546875,0.0,0.0,0.0,0.0,0.0,0.0,0.0,0.0,0.0,0.0,0.0,0.0,0.0,0.0,0.0,0.0,0.0,0.0,0.0,0.0,0.0,0.0,0.0,0.0,0.0,0.0
7.628300884000001,0.0,0.02068564229463732,-0.009344492815182015,0.5672337522274091,-0.7071122924638722,2.1495034371926014,-2.160089295438263,60.94233257098339,-70.06469384160121,0.0,0.0,-0.020943951023931956,0.08028514559173917,0.0,0.0,0.0,-0.017453292519943295,0.0,0.0,0.0,0.0,0.0,0.0,0.0,0.0,0.00843755859375,0.00843755859375,0.021093896484375,-0.021093896484375,0.02531267578125,0.0,-0.0119355908203125,-0.007957060546875,0.0,0.0,0.0,0.0,0.0,0.0,0.0,0.0,0.0,0.0,0.0,0.0,0.0,0.0,0.0,0.0,0.0,0.0,0.0,0.0,0.0,0.0,0.0,0.0,0.0,0.0
7.638339976,0.0,0.02068564229463732,-0.009344492815182015,0.5669544995470908,-0.7062396278378751,2.1495034371926014,-2.160089295438263,60.942419837445975,-70.06479856135633,0.0,0.0,-0.029670597283903605,0.08552113334772216,0.0,0.0,0.0,-0.017453292519943295,0.0,0.0,0.0,0.0,0.0,0.0,0.0,0.0,0.00843755859375,0.00843755859375,0.021093896484375,-0.0168751171875,0.033750234375,0.0,-0.01591412109375,-0.0039785302734375,0.0,0.0,0.0,0.0,0.0,0.0,0.0,0.0,0.0,0.0,0.0,0.0,0.0,0.0,0.0,0.0,0.0,0.0,0.0,0.0,0.0,0.0,0.0,0.0,0.0,0.0
7.648254970000001,0.0,0.02068564229463732,-0.009344492815182015,0.5665705271116512,-0.7053844165043985,2.1495034371926014,-2.160089295438263,60.942419837445975,-70.06488582781891,0.0,0.0,-0.031415926535897934,0.09250245035569947,0.0,0.0,0.0,-0.013962634015954637,0.0,0.0,0.0,0.0,0.0,0.0,0.0,0.0,0.00843755859375,-0.004218779296875,-0.004218779296875,-0.004218779296875,0.0168751171875,0.0,-0.0119355908203125,-0.0039785302734375,0.0,0.0,0.0,0.0,0.0,0.0,0.0,0.0,0.0,0.0,0.0,0.0,0.0,0.0,0.0,0.0,0.0,0.0,0.0,0.0,0.0,0.0,0.0,0.0,0.0,0.0
7.658417935,0.0,0.02068564229463732,-0.009344492815182015,0.5661865546762126,-0.7046164716335204,2.1495034371926014,-2.160089295438263,60.942419837445975,-70.06507781403666,0.0,0.0,-0.04014257279586959,0.07679448708775051,0.0,0.0,0.0,-0.010471975511965978,0.0,0.0,0.0,0.0,0.0,0.0,0.0,0.0,-0.004218779296875,0.00843755859375,-0.004218779296875,-0.012656337890625,-0.04218779296875,0.0,-0.01591412109375,-0.0039785302734375,0.0,0.0,0.0,0.0,0.0,0.0,0.0,0.0,0.0,0.0,0.0,0.0,0.0,0.0,0.0,0.0,0.0,0.0,0.0,0.0,0.0,0.0,0.0,0.0,0.0,0.0
7.668234399,0.0,0.02068564229463732,-0.009344492815182015,0.5658025822407744,-0.7038485267626422,2.1495034371926014,-2.160089295438263,60.942419837445975,-70.06518253379177,0.0,0.0,-0.03665191429188092,0.06457718232379019,0.0,0.0,0.0,0.0,0.0,0.0,0.0,0.0,0.0,0.0,0.0,0.0,0.00843755859375,-0.00843755859375,0.004218779296875,-0.004218779296875,0.0,0.0,-0.007957060546875,-0.0119355908203125,0.0,0.0,0.0,0.0,0.0,0.0,0.0,0.0,0.0,0.0,0.0,0.0,0.0,0.0,0.0,0.0,0.0,0.0,0.0,0.0,0.0,0.0,0.0,0.0,0.0,0.0
7.678728793,0.0,0.02068564229463732,-0.009344492815182015,0.5654186098053349,-0.7031853016468848,2.1495034371926014,-2.160089295438263,60.942419837445975,-70.06518253379177,0.0,0.0,-0.03665191429188092,0.054105206811824215,0.0,0.0,0.0,0.0,0.0,0.0,0.0,0.0,0.0,0.0,0.0,0.0,0.00843755859375,-0.004218779296875,-0.004218779296875,0.0,0.02531267578125,0.0,-0.0039785302734375,-0.0119355908203125,0.0,0.0,0.0,0.0,0.0,0.0,0.0,0.0,0.0,0.0,0.0,0.0,0.0,0.0,0.0,0.0,0.0,0.0,0.0,0.0,0.0,0.0,0.0,0.0,0.0,0.0
7.688447368,0.0,0.02068564229463732,-0.009344492815182015,0.5651219038324964,-0.7026966094563267,2.1495034371926014,-2.160089295438263,60.942419837445975,-70.06507781403666,0.0,0.0,-0.02617993877991494,0.04014257279586959,0.0,0.0,0.0,0.017453292519943295,0.0,0.0,0.0,0.0,0.0,0.0,0.0,0.0,-0.046406572265625,-0.004218779296875,0.0,-0.004218779296875,0.0168751171875,0.0,0.0318282421875,0.023871181640625,0.0,0.0,0.0,0.0,0.0,0.0,0.0,0.0,0.0,0.0,0.0,0.0,0.0,0.0,0.0,0.0,0.0,0.0,0.0,0.0,0.0,0.0,0.0,0.0,0.0,0.0
7.698377594,0.0,0.02068564229463732,-0.009239773060063072,0.5649299176147764,-0.7023126370208876,2.1495034371926014,-2.160089295438263,60.942419837445975,-70.06499054757404,0.0,0.0,-0.008726646259971648,0.029670597283903605,0.0,0.0,0.0,0.017453292519943295,0.0,0.0,0.0,0.0,0.0,0.0,0.0,0.0,-0.046406572265625,-0.004218779296875,0.0,0.0,0.00843755859375,0.0,-0.007957060546875,0.0,0.0,0.0,0.0,0.0,0.0,0.0,0.0,0.0,0.0,0.0,0.0,0.0,0.0,0.0,0.0,0.0,0.0,0.0,0.0,0.0,0.0,0.0,0.0,0.0,0.0,0.0
7.70827022,0.0,0.02068564229463732,-0.009239773060063072,0.5648426511521771,-0.7020333843405684,2.1495034371926014,-2.160089295438263,60.94233257098339,-70.06499054757404,0.0,0.0,-0.006981317007977318,0.02617993877991494,0.0,0.0,0.0,0.010471975511965978,0.0,0.0,0.0,0.0,0.0,0.0,0.0,0.0,-0.04218779296875,-0.004218779296875,0.0,0.0,0.00843755859375,0.0,0.0318282421875,0.0,0.0,0.0,0.0,0.0,0.0,0.0,0.0,0.0,0.0,0.0,0.0,0.0,0.0,0.0,0.0,0.0,0.0,0.0,0.0,0.0,0.0,0.0,0.0,0.0,0.0,0.0
7.718312319000001,0.0,0.02068564229463732,-0.009239773060063072,0.564650664934458,-0.7018413981228493,2.1495034371926014,-2.160089295438263,60.942227851228274,-70.06499054757404,0.0,0.0,-0.010471975511965978,0.017453292519943295,0.0,0.0,0.0,0.0,0.0,0.0,0.0,0.0,0.0,0.0,0.0,0.0,-0.046406572265625,-0.004218779296875,0.0,0.0,0.02531267578125,0.0,-0.0039785302734375,-0.0039785302734375,0.0,0.0,0.0,0.0,0.0,0.0,0.0,0.0,0.0,0.0,0.0,0.0,0.0,0.0,0.0,0.0,0.0,0.0,0.0,0.0,0.0,0.0,0.0,0.0,0.0,0.0
7.728386931,0.0,0.02068564229463732,-0.009239773060063072,0.564650664934458,-0.7017366783677295,2.1495034371926014,-2.160089295438263,60.942140584765674,-70.06499054757404,0.0,0.0,0.0,0.0,0.0,0.0,0.0,0.0,0.0,0.0,0.0,0.0,0.0,0.0,0.0,0.0,0.02531267578125,0.004218779296875,0.0,0.004218779296875,0.00843755859375,0.0,-0.007957060546875,0.0,0.0,0.0,0.0,0.0,0.0,0.0,0.0,0.0,0.0,0.0,0.0,0.0,0.0,0.0,0.0,0.0,0.0,0.0,0.0,0.0,0.0,0.0,0.0,0.0,0.0,0.0
7.73852164,0.0,0.02068564229463732,-0.009239773060063072,0.5645459451793386,-0.7017366783677295,2.1495034371926014,-2.160089295438263,60.942140584765674,-70.06499054757404,0.0,0.0,0.0,0.0,0.0,0.0,0.0,-0.003490658503988659,0.0,0.0,0.0,0.0,0.0,0.0,0.0,0.0,-0.046406572265625,-0.004218779296875,-0.004218779296875,0.0,0.02531267578125,0.0,-0.0039785302734375,-0.007957060546875,0.0,0.0,0.0,0.0,0.0,0.0,0.0,0.0,0.0,0.0,0.0,0.0,0.0,0.0,0.0,0.0,0.0,0.0,0.0,0.0,0.0,0.0,0.0,0.0,0.0,0.0
7.748273463,0.0,0.02068564229463732,-0.009239773060063072,0.5644586787167389,-0.7017366783677295,2.1495034371926014,-2.160089295438263,60.942035865010546,-70.06499054757404,0.0,0.0,-0.013962634015954637,0.0,0.0,0.0,0.0,0.0,0.0,0.0,0.0,0.0,0.0,0.0,0.0,0.0,-0.04218779296875,0.0,0.0,0.004218779296875,0.0168751171875,-0.00843755859375,0.0318282421875,0.0,0.0,0.0,0.0,0.0,0.0,0.0,0.0,0.0,0.0,0.0,0.0,0.0,0.0,0.0,0.0,0.0,0.0,0.0,0.0,0.0,0.0,0.0,0.0,0.0,0.0,0.0
7.758291403,0.0,0.02068564229463732,-0.009239773060063072,0.5642666924990185,-0.7017366783677295,2.1495034371926014,-2.160089295438263,60.942035865010546,-70.06499054757404,0.0,0.0,-0.02617993877991494,0.0,0.0,0.0,0.0,0.0,0.0,0.0,0.0,0.0,0.0,0.0,0.0,0.0,0.0168751171875,0.0,0.0,-0.00843755859375,0.0168751171875,0.00843755859375,0.0278497119140625,-0.0119355908203125,0.0,0.0,0.0,0.0,0.0,0.0,0.0,0.0,0.0,0.0,0.0,0.0,0.0,0.0,0.0,0.0,0.0,0.0,0.0,0.0,0.0,0.0,0.0,0.0,0.0,0.0
7.768219037000001,0.0,0.02068564229463732,-0.009239773060063072,0.5638827200635803,-0.7017366783677295,2.1495034371926014,-2.160089295438263,60.942035865010546,-70.06499054757404,0.0,0.0,-0.03665191429188092,0.0,0.0,0.0,0.0,0.0,0.0,0.0,0.0,0.0,0.0,0.0,0.0,0.0,0.021093896484375,0.0,0.004218779296875,-0.00843755859375,0.0168751171875,0.0,-0.0119355908203125,0.023871181640625,0.0,0.0,0.0,0.0,0.0,0.0,0.0,0.0,0.0,0.0,0.0,0.0,0.0,0.0,0.0,0.0,0.0,0.0,0.0,0.0,0.0,0.0,0.0,0.0,0.0,0.0
7.778783704,0.0,0.02068564229463732,-0.009239773060063072,0.5634987476281417,-0.7017366783677295,2.1495034371926014,-2.160045662206963,60.942140584765674,-70.06499054757404,0.0,0.0,-0.04014257279586959,0.0,0.0,0.0,0.017453292519943295,0.0,0.0,0.0,0.0,0.0,0.0,0.0,0.0,0.0,0.02531267578125,-0.004218779296875,0.004218779296875,0.021093896484375,0.00843755859375,0.0,0.0318282421875,-0.007957060546875,0.0,0.0,0.0,0.0,0.0,0.0,0.0,0.0,0.0,0.0,0.0,0.0,0.0,0.0,0.0,0.0,0.0,0.0,0.0,0.0,0.0,0.0,0.0,0.0,0.0,0.0
7.7884053810000005,0.0,0.02068564229463732,-0.009239773060063072,0.563114775192703,-0.7017366783677295,2.1495034371926014,-2.160045662206963,60.942140584765674,-70.06499054757404,0.0,0.0,-0.04188790204786391,0.0,0.0,0.004363323129985824,0.015707963267948967,0.0,0.0,0.0,0.0,0.0,0.0,0.0,0.0,0.0,0.0168751171875,0.0,0.004218779296875,0.004218779296875,0.02531267578125,0.0,0.0278497119140625,0.0198926513671875,0.0,0.0,0.0,0.0,0.0,0.0,0.0,0.0,0.0,0.0,0.0,0.0,0.0,0.0,0.0,0.0,0.0,0.0,0.0,0.0,0.0,0.0,0.0,0.0,0.0,0.0
7.798474841000001,0.0,0.02068564229463732,-0.009239773060063072,0.5626260830021446,-0.7016494119051302,2.1495034371926014,-2.159993302329404,60.942227851228274,-70.06488582781891,0.0,0.0,-0.048869219055841226,0.0,0.0,0.0,0.005235987755982989,0.003490658503988659,0.0,0.0,0.0,0.0,0.0,0.0,0.0,0.0,0.0168751171875,0.0,0.004218779296875,0.021093896484375,-0.00843755859375,0.0,0.0278497119140625,0.0198926513671875,0.0,0.0,0.0,0.0,0.0,0.0,0.0,0.0,0.0,0.0,0.0,0.0,0.0,0.0,0.0,0.0,0.0,0.0,0.0,0.0,0.0,0.0,0.0,0.0,0.0,0.0
7.808437772,0.0,0.02068564229463732,-0.009239773060063072,0.5620501243489868,-0.7015446921500095,2.1495034371926014,-2.159993302329404,60.94233257098339,-70.06488582781891,0.0,0.0,-0.05585053606381855,0.015707963267948967,0.0,0.0,0.015707963267948967,0.0,0.0,0.0,0.0,0.0,0.0,0.0,0.0,0.0,0.0168751171875,0.0,-0.004218779296875,0.021093896484375,-0.04218779296875,0.0,0.0278497119140625,-0.0119355908203125,0.0,0.0,0.0,0.0,0.0,0.0,0.0,0.0,0.0,0.0,0.0,0.0,0.0,0.0,0.0,0.0,0.0,0.0,0.0,0.0,0.0,0.0,0.0,0.0,0.0,0.0
7.818271804,0.0,0.02068564229463732,-0.009239773060063072,0.5614741656958282,-0.7014574256874102,2.1495034371926014,-2.159993302329404,60.942419837445975,-70.06488582781891,0.0,0.0,-0.05759586531581287,0.019198621771937627,0.0,0.0,0.012217304763960306,0.0,0.0,0.0,0.0,0.0,0.0,0.0,0.0,0.0,0.012656337890625,0.0,0.004218779296875,-0.004218779296875,0.00843755859375,0.0,0.0278497119140625,0.0,0.0,0.0,0.0,0.0,0.0,0.0,0.0,0.0,0.0,0.0,0.0,0.0,0.0,0.0,0.0,0.0,0.0,0.0,0.0,0.0,0.0,0.0,0.0,0.0,0.0,0.0
7.828639764,0.0,0.02068564229463732,-0.009239773060063072,0.5608982070426705,-0.7011607197145713,2.1495034371926014,-2.1599496690981037,60.942524557201104,-70.06488582781891,0.0,0.0,-0.05934119456780721,0.024434609527920613,0.0,0.006981317007977318,0.006981317007977318,0.0,0.0,0.0,0.0,0.0,0.0,0.0,0.0,0.0,0.0168751171875,-0.004218779296875,-0.004218779296875,0.0168751171875,0.00843755859375,0.0,-0.01591412109375,-0.0119355908203125,0.0,0.0,0.0,0.0,0.0,0.0,0.0,0.0,0.0,0.0,0.0,0.0,0.0,0.0,0.0,0.0,0.0,0.0,0.0,0.0,0.0,0.0,0.0,0.0,0.0,0.0
7.838272034,0.0,0.02068564229463732,-0.009239773060063072,0.5602349819269121,-0.7009687334968522,2.1495034371926014,-2.1599496690981037,60.94261182366372,-70.06488582781891,0.0,0.0,-0.06457718232379019,0.02617993877991494,0.0,0.007853981633974483,0.0,0.0,0.0,0.0,0.0,0.0,0.0,0.0,0.0,0.0,0.02531267578125,0.0,0.004218779296875,0.0,0.0,-0.00843755859375,-0.007957060546875,0.0198926513671875,0.0,0.0,0.0,0.0,0.0,0.0,0.0,0.0,0.0,0.0,0.0,0.0,0.0,0.0,0.0,0.0,0.0,0.0,0.0,0.0,0.0,0.0,0.0,0.0,0.0,0.0
7.848239572000001,0.0,0.02068564229463732,-0.009239773060063072,0.5596590232737544,-0.7006894808165338,2.1495470704239015,-2.159897309220544,60.94261182366372,-70.06488582781891,0.0,0.0,-0.05934119456780721,0.020943951023931956,0.0,0.008726646259971648,0.017453292519943295,0.0,0.0,0.0,0.0,0.0,0.0,0.0,0.0,0.0,0.012656337890625,0.0,0.004218779296875,0.0,-0.04218779296875,0.0,-0.01591412109375,0.0,0.0,0.0,0.0,0.0,0.0,0.0,0.0,0.0,0.0,0.0,0.0,0.0,0.0,0.0,0.0,0.0,0.0,0.0,0.0,0.0,0.0,0.0,0.0,0.0,0.0,0.0
7.858331177,0.0,0.02068564229463732,-0.009239773060063072,0.5590830646205958,-0.700392774843694,2.1495470704239015,-2.1597576828803837,60.94271654341885,-70.06479856135633,0.0,0.0,-0.05759586531581287,0.027925268031909273,0.0,0.012217304763960306,0.003490658503988659,0.006981317007977318,0.0,0.0,0.0,0.0,0.0,0.0,0.0,0.0,0.00843755859375,-0.004218779296875,-0.021093896484375,0.0,0.00843755859375,-0.00843755859375,-0.0119355908203125,0.0198926513671875,0.0,0.0,0.0,0.0,0.0,0.0,0.0,0.0,0.0,0.0,0.0,0.0,0.0,0.0,0.0,0.0,0.0,0.0,0.0,0.0,0.0,0.0,0.0,0.0,0.0,0.0
7.868305179000001,0.0,0.02068564229463732,-0.009239773060063072,0.558507105967438,-0.700200788625974,2.1495470704239015,-2.1596093298939647,60.94280380988142,-70.06479856135633,0.0,0.0,-0.05235987755982988,0.024434609527920613,0.0,0.015707963267948967,0.017453292519943295,0.013962634015954637,0.0,0.0,0.0,0.0,0.0,0.0,0.0,0.0,0.0168751171875,0.00843755859375,0.0168751171875,0.004218779296875,-0.04218779296875,-0.00843755859375,0.0,-0.0119355908203125,0.0,0.0,0.0,0.0,0.0,0.0,0.0,0.0,0.0,0.0,0.0,0.0,0.0,0.0,0.0,0.0,0.0,0.0,0.0,0.0,0.0,0.0,0.0,0.0,0.0,0.0
7.878735957000001,0.0,0.02068564229463732,-0.009239773060063072,0.5579311473142794,-0.6999215359456556,2.1495470704239015,-2.1594173436762447,60.94290852963655,-70.06469384160121,0.0,0.0,-0.054105206811824215,0.027925268031909273,0.0,0.027052603405912107,0.017453292519943295,0.0,0.0,0.0,0.0,0.0,0.0,0.0,0.0,0.0,0.012656337890625,0.0168751171875,0.004218779296875,0.0,0.0,-0.00843755859375,-0.01591412109375,-0.007957060546875,0.0,0.0,0.0,0.0,0.0,0.0,0.0,0.0,0.0,0.0,0.0,0.0,0.0,0.0,0.0,0.0,0.0,0.0,0.0,0.0,0.0,0.0,0.0,0.0,0.0,0.0
7.888444259000001,0.0,0.02068564229463732,-0.009239773060063072,0.557459908416241,-0.6995375635102166,2.1495470704239015,-2.1590857311183655,60.94310051585426,-70.06469384160121,0.0,0.0,-0.05235987755982988,0.038397243543875255,0.0,0.03490658503988659,0.019198621771937627,0.0,0.0,0.0,0.0,0.0,0.0,0.0,0.0,0.0,0.00843755859375,-0.004218779296875,0.0168751171875,0.0,-0.04218779296875,0.00843755859375,-0.0039785302734375,-0.0119355908203125,0.0,0.0,0.0,0.0,0.0,0.0,0.0,0.0,0.0,0.0,0.0,0.0,0.0,0.0,0.0,0.0,0.0,0.0,0.0,0.0,0.0,0.0,0.0,0.0,0.0,0.0
7.898394102,0.0,0.02068564229463732,-0.009239773060063072,0.556971216225683,-0.6991535910747775,2.1495470704239015,-2.1587017586829274,60.94337976853459,-70.06460657513861,0.0,0.0,-0.047123889803846894,0.04363323129985824,0.0,0.03665191429188092,0.020943951023931956,0.0,0.0,0.0,0.0,0.0,0.0,0.0,0.0,0.0,0.00843755859375,-0.004218779296875,-0.0168751171875,0.004218779296875,0.02531267578125,-0.033750234375,-0.0039785302734375,-0.0119355908203125,0.0,0.0,0.0,0.0,0.0,0.0,0.0,0.0,0.0,0.0,0.0,0.0,0.0,0.0,0.0,0.0,0.0,0.0,0.0,0.0,0.0,0.0,0.0,0.0,0.0,0.0
7.908261127,0.0,0.02068564229463732,-0.009239773060063072,0.5565872437902439,-0.6987696186393393,2.1495470704239015,-2.158370146125048,60.943484488289705,-70.06469384160121,0.0,0.0,-0.03665191429188092,0.03316125578789226,0.0,0.03228859116189509,0.012217304763960306,-0.017453292519943295,0.0,0.0,0.0,0.0,0.0,0.0,0.0,0.0,0.004218779296875,0.00843755859375,-0.02531267578125,0.004218779296875,0.02531267578125,0.0168751171875,-0.007957060546875,-0.0039785302734375,0.0,0.0,0.0,0.0,0.0,0.0,0.0,0.0,0.0,0.0,0.0,0.0,0.0,0.0,0.0,0.0,0.0,0.0,0.0,0.0,0.0,0.0,0.0,0.0,0.0,0.0
7.918256057000001,0.0,0.02068564229463732,-0.009239773060063072,0.5562032713548053,-0.6983856462039011,2.1495470704239015,-2.158029806920909,60.94367647450742,-70.06479856135633,0.0,0.0,-0.024434609527920613,0.02617993877991494,0.0,0.03577924966588376,0.006981317007977318,-0.015707963267948967,0.0,0.0,0.0,0.0,0.0,0.0,0.0,0.0,0.0168751171875,0.00843755859375,0.0168751171875,0.004218779296875,-0.033750234375,0.033750234375,-0.0119355908203125,-0.007957060546875,0.0,0.0,0.0,0.0,0.0,0.0,0.0,0.0,0.0,0.0,0.0,0.0,0.0,0.0,0.0,0.0,0.0,0.0,0.0,0.0,0.0,0.0,0.0,0.0,0.0,0.0
7.928322829000001,0.0,0.02068564229463732,-0.009239773060063072,0.555924018674486,-0.6980889402310613,2.1495470704239015,-2.157602201254171,60.94376374097002,-70.06488582781891,0.0,0.0,-0.027925268031909273,0.029670597283903605,0.0,0.047123889803846894,0.010471975511965978,-0.015707963267948967,0.0,0.0,0.0,0.0,0.0,0.0,0.0,0.0,0.0168751171875,0.00843755859375,-0.021093896484375,0.00843755859375,0.0168751171875,0.033750234375,-0.007957060546875,0.0,0.0,0.0,0.0,0.0,0.0,0.0,0.0,0.0,0.0,0.0,0.0,0.0,0.0,0.0,0.0,0.0,0.0,0.0,0.0,0.0,0.0,0.0,0.0,0.0,0.0,0.0
7.938640645,0.0,0.02068564229463732,-0.009239773060063072,0.555732032456767,-0.6978969540133413,2.1495470704239015,-2.1571222357098736,60.94395572718776,-70.06499054757404,0.0,0.0,-0.019198621771937627,0.019198621771937627,0.0,0.04363323129985824,0.017453292519943295,-0.006981317007977318,0.0,0.0,0.0,0.0,0.0,0.0,0.0,0.0,0.00843755859375,0.00843755859375,-0.033750234375,0.004218779296875,-0.04218779296875,-0.0506253515625,-0.007957060546875,0.01591412109375,0.0,0.0,0.0,0.0,0.0,0.0,0.0,0.0,0.0,0.0,0.0,0.0,0.0,0.0,0.0,0.0,0.0,0.0,0.0,0.0,0.0,0.0,0.0,0.0,0.0,0.0
7.948338931,0.0,0.02068564229463732,-0.009239773060063072,0.5555400462390474,-0.6977049677956231,2.1495470704239015,-2.1568342563832936,60.94406044694286,-70.06499054757404,0.0,0.0,-0.012217304763960306,0.017453292519943295,0.0,0.01832595714594046,0.012217304763960306,0.0,0.0,0.0,0.0,0.0,0.0,0.0,0.0,0.0,0.004218779296875,-0.004218779296875,0.004218779296875,0.004218779296875,0.0168751171875,-0.0506253515625,0.0039785302734375,-0.01591412109375,0.0,0.0,0.0,0.0,0.0,0.0,0.0,0.0,0.0,0.0,0.0,0.0,0.0,0.0,0.0,0.0,0.0,0.0,0.0,0.0,0.0,0.0,0.0,0.0,0.0,0.0
7.958326598,0.0,0.02068564229463732,-0.009239773060063072,0.5554353264839276,-0.6977049677956231,2.1495470704239015,-2.1566422701655736,60.94425243316059,-70.06499054757404,0.0,0.0,0.0,0.0,0.0,0.020943951023931956,0.017453292519943295,0.0,0.0,0.0,0.0,0.0,0.0,0.0,0.0,0.0,0.00843755859375,0.012656337890625,0.00843755859375,0.00843755859375,0.0168751171875,-0.0168751171875,-0.007957060546875,0.023871181640625,0.0,0.0,0.0,0.0,0.0,0.0,0.0,0.0,0.0,0.0,0.0,0.0,0.0,0.0,0.0,0.0,0.0,0.0,0.0,0.0,0.0,0.0,0.0,0.0,0.0,0.0
7.968180887000001,0.0,0.02068564229463732,-0.009239773060063072,0.555243340266208,-0.6977049677956231,2.1495470704239015,-2.1563979240702946,60.94453168584089,-70.06488582781891,0.0,0.0,-0.017453292519943295,0.0,0.0,0.023561944901923447,0.027925268031909273,0.008726646259971648,0.0,0.0,0.0,0.0,0.0,0.0,0.0,0.0,0.012656337890625,-0.00843755859375,0.00843755859375,0.004218779296875,0.0168751171875,-0.00843755859375,0.0198926513671875,-0.0119355908203125,0.0,0.0,0.0,0.0,0.0,0.0,0.0,0.0,0.0,0.0,0.0,0.0,0.0,0.0,0.0,0.0,0.0,0.0,0.0,0.0,0.0,0.0,0.0,0.0,0.0,0.0
7.978802611000001,0.0,0.02068564229463732,-0.009239773060063072,0.5551560738036083,-0.6977049677956231,2.1495470704239015,-2.1562059378525755,60.944723672058636,-70.06488582781891,0.0,0.0,-0.015707963267948967,0.0,0.0,0.01832595714594046,0.029670597283903605,0.010471975511965978,0.0,0.0,0.0,0.0,0.0,0.0,0.0,0.0,-0.046406572265625,0.0,0.012656337890625,0.004218779296875,0.033750234375,-0.04218779296875,0.0,0.0198926513671875,0.0,0.0,0.0,0.0,0.0,0.0,0.0,0.0,0.0,0.0,0.0,0.0,0.0,0.0,0.0,0.0,0.0,0.0,0.0,0.0,0.0,0.0,0.0,0.0,0.0,0.0
7.988489314000001,0.0,0.02068564229463732,-0.009239773060063072,0.5550513540484889,-0.6977049677956231,2.1495470704239015,-2.1560139516348555,60.94510764449408,-70.06488582781891,0.0,0.0,-0.015707963267948967,0.0,0.0,0.023561944901923447,0.029670597283903605,0.0,0.0,0.0,0.0,0.0,0.0,0.0,0.0,0.0,-0.02531267578125,-0.004218779296875,0.021093896484375,0.0,0.0,-0.033750234375,0.01591412109375,-0.007957060546875,0.0,0.0,0.0,0.0,0.0,0.0,0.0,0.0,0.0,0.0,0.0,0.0,0.0,0.0,0.0,0.0,0.0,0.0,0.0,0.0,0.0,0.0,0.0,0.0,0.0,0.0
7.998332626000001,0.0,0.02068564229463732,-0.009239773060063072,0.5548593678307698,-0.6977049677956231,2.1495470704239015,-2.1557259723082773,60.94540435046691,-70.06488582781891,0.0,0.0,-0.017453292519943295,0.0,0.0,0.031415926535897934,0.024434609527920613,0.0,0.0,0.0,0.0,0.0,0.0,0.0,0.0,0.0,-0.029531455078125,-0.004218779296875,0.004218779296875,0.004218779296875,0.00843755859375,-0.033750234375,0.01591412109375,-0.007957060546875,0.0,0.0,0.0,0.0,0.0,0.0,0.0,0.0,0.0,0.0,0.0,0.0,0.0,0.0,0.0,0.0,0.0,0.0,0.0,0.0,0.0,0.0,0.0,0.0,0.0,0.0
8.008272804,0.0,0.02068564229463732,-0.009239773060063072,0.5547721013681697,-0.6977049677956231,2.1495470704239015,-2.1553943597503973,60.94568360314721,-70.06488582781891,0.0,0.0,-0.008726646259971648,0.0,0.0,0.03490658503988659,0.020943951023931956,0.0,0.0,0.0,0.0,0.0,0.0,0.0,0.0,0.0,-0.046406572265625,-0.004218779296875,0.00843755859375,0.004218779296875,0.0168751171875,-0.0506253515625,0.0119355908203125,-0.007957060546875,0.0,0.0,0.0,0.0,0.0,0.0,0.0,0.0,0.0,0.0,0.0,0.0,0.0,0.0,0.0,0.0,0.0,0.0,0.0,0.0,0.0,0.0,0.0,0.0,0.0,0.0
8.018517851,0.0,0.02068564229463732,-0.009239773060063072,0.5546673816130503,-0.6977049677956231,2.1495470704239015,-2.155054020546259,60.94587558936494,-70.06479856135633,0.0,0.0,0.0,0.0,0.0,0.027925268031909273,0.0017453292519943296,0.013962634015954637,0.0,0.0,0.0,0.0,0.0,0.0,0.0,0.0,-0.046406572265625,-0.004218779296875,0.021093896484375,0.0,0.033750234375,-0.033750234375,0.0,0.023871181640625,0.0,0.0,0.0,0.0,0.0,0.0,0.0,0.0,0.0,0.0,0.0,0.0,0.0,0.0,0.0,0.0,0.0,0.0,0.0,0.0,0.0,0.0,0.0,0.0,0.0,0.0
8.029001813,0.0,0.02068564229463732,-0.009239773060063072,0.5546673816130503,-0.6977049677956231,2.1495034371926014,-2.15472240798838,60.94587558936494,-70.06479856135633,0.0,0.0,0.0,0.0,0.0,0.031415926535897934,0.0,0.006981317007977318,0.0,0.0,0.0,0.0,0.0,0.0,0.0,0.0,-0.029531455078125,-0.004218779296875,0.00843755859375,0.0,0.02531267578125,-0.033750234375,0.0,0.01591412109375,0.0,0.0,0.0,0.0,0.0,0.0,0.0,0.0,0.0,0.0,0.0,0.0,0.0,0.0,0.0,0.0,0.0,0.0,0.0,0.0,0.0,0.0,0.0,0.0,0.0,0.0
8.038378975,0.0,0.02068564229463732,-0.009239773060063072,0.5546673816130503,-0.6977049677956231,2.1495034371926014,-2.154338435552941,60.94578832290234,-70.06479856135633,0.0,0.0,0.0,0.0,0.0,0.04450589592585541,-0.017453292519943295,0.0,0.0,0.0,0.0,0.0,0.0,0.0,0.0,0.0,-0.029531455078125,-0.004218779296875,0.004218779296875,0.004218779296875,-0.00843755859375,-0.02531267578125,0.0119355908203125,0.023871181640625,0.0,0.0,0.0,0.0,0.0,0.0,0.0,0.0,0.0,0.0,0.0,0.0,0.0,0.0,0.0,0.0,0.0,0.0,0.0,0.0,0.0,0.0,0.0,0.0,0.0,0.0
8.048382802,0.0,0.02068564229463732,-0.009239773060063072,0.5546673816130503,-0.6977049677956231,2.1495034371926014,-2.1537624768997827,60.94559633668462,-70.06479856135633,0.0,0.0,0.0,0.0,-0.004363323129985824,0.07853981633974483,-0.02617993877991494,0.0,0.0,0.0,0.0,0.0,0.0,0.0,0.0,0.0,0.00843755859375,0.00843755859375,-0.029531455078125,0.004218779296875,-0.00843755859375,-0.00843755859375,-0.0039785302734375,-0.0119355908203125,0.0,0.0,0.0,0.0,0.0,0.0,0.0,0.0,0.0,0.0,0.0,0.0,0.0,0.0,0.0,0.0,0.0,0.0,0.0,0.0,0.0,0.0,0.0,0.0,0.0,0.0
8.058312676,0.0,0.02068564229463732,-0.009239773060063072,0.5546673816130503,-0.6977049677956231,2.1495034371926014,-2.152854905688747,60.94540435046691,-70.06479856135633,0.0,0.0,0.0,0.0,0.0,0.08813912722571365,-0.017453292519943295,0.0,0.0,0.0,0.0,0.0,0.0,0.0,0.0,0.0,0.012656337890625,-0.004218779296875,0.004218779296875,0.0,-0.00843755859375,-0.04218779296875,-0.007957060546875,-0.0039785302734375,0.0,0.0,0.0,0.0,0.0,0.0,0.0,0.0,0.0,0.0,0.0,0.0,0.0,0.0,0.0,0.0,0.0,0.0,0.0,0.0,0.0,0.0,0.0,0.0,0.0,0.0
8.068234037,0.0,0.02068564229463732,-0.009239773060063072,0.5546673816130503,-0.6977049677956231,2.1494510773150415,-2.152226587158029,60.94510764449408,-70.06479856135633,0.0,0.0,0.0,0.0,-0.006108652381980153,0.04276056667386108,-0.027925268031909273,0.0,0.0,0.0,0.0,0.0,0.0,0.0,0.0,0.0,0.0168751171875,0.0,0.004218779296875,0.0,-0.00843755859375,-0.033750234375,0.01591412109375,0.023871181640625,0.0,0.0,0.0,0.0,0.0,0.0,0.0,0.0,0.0,0.0,0.0,0.0,0.0,0.0,0.0,0.0,0.0,0.0,0.0,0.0,0.0,0.0,0.0,0.0,0.0,0.0
8.078699055000001,0.0,0.02068564229463732,-0.009239773060063072,0.5546673816130503,-0.6977049677956231,2.1494074440837414,-2.15170298838243,60.94491565827634,-70.06479856135633,0.0,0.0,0.0,0.0,0.0,0.0671951762017817,-0.02617993877991494,0.0,0.0,0.0,0.0,0.0,0.0,0.0,0.0,0.0,0.021093896484375,0.0,0.00843755859375,0.0,-0.04218779296875,0.00843755859375,-0.0039785302734375,0.023871181640625,0.0,0.0,0.0,0.0,0.0,0.0,0.0,0.0,0.0,0.0,0.0,0.0,0.0,0.0,0.0,0.0,0.0,0.0,0.0,0.0,0.0,0.0,0.0,0.0,0.0,0.0
8.088296988,0.0,0.02068564229463732,-0.009239773060063072,0.5546673816130503,-0.6977049677956231,2.1493114509748823,-2.1511270297292726,60.94463640559602,-70.06479856135633,0.0,0.0,0.0,0.0,-0.009599310885968814,0.04188790204786391,-0.029670597283903605,-0.008726646259971648,0.0,0.0,0.0,0.0,0.0,0.0,0.0,0.0,0.021093896484375,0.0,-0.029531455078125,-0.004218779296875,-0.05906291015625,0.0,-0.0119355908203125,0.0,0.0,0.0,0.0,0.0,0.0,0.0,0.0,0.0,0.0,0.0,0.0,0.0,0.0,0.0,0.0,0.0,0.0,0.0,0.0,0.0,0.0,0.0,0.0,0.0,0.0,0.0
8.098206062000001,0.0,0.02068564229463732,-0.009239773060063072,0.5546673816130503,-0.697809687550742,2.1492154578660223,-2.1508390504026926,60.94433969962319,-70.06479856135633,0.0,0.0,0.0,-0.010471975511965978,-0.012217304763960306,0.024434609527920613,-0.03316125578789226,0.0,0.0,0.0,0.0,0.0,0.0,0.0,0.0,0.0,0.0168751171875,0.00843755859375,0.004218779296875,0.0,0.00843755859375,0.00843755859375,0.01591412109375,0.023871181640625,0.0,0.0,0.0,0.0,0.0,0.0,0.0,0.0,0.0,0.0,0.0,0.0,0.0,0.0,0.0,0.0,0.0,0.0,0.0,0.0,0.0,0.0,0.0,0.0,0.0,0.0
8.108265378,0.0,0.02068564229463732,-0.009239773060063072,0.5546673816130503,-0.6978969540133413,2.1490234716483023,-2.1504114447359552,60.94395572718776,-70.06488582781891,0.0,0.0,0.0,-0.008726646259971648,-0.020943951023931956,0.058468529941810045,-0.03490658503988659,0.0,0.0,0.0,0.0,0.0,0.0,0.0,0.0,0.0,0.012656337890625,0.0,0.0,-0.004218779296875,-0.00843755859375,0.02531267578125,0.0198926513671875,-0.0119355908203125,0.0,0.0,0.0,0.0,0.0,0.0,0.0,0.0,0.0,0.0,0.0,0.0,0.0,0.0,0.0,0.0,0.0,0.0,0.0,0.0,0.0,0.0,0.0,0.0,0.0,0.0
8.118283605,0.0,0.02068564229463732,-0.009239773060063072,0.5545801151504506,-0.6978969540133413,2.1487791255530233,-2.1496871330963763,60.94357175475232,-70.06488582781891,0.0,0.0,0.0,0.0,-0.02617993877991494,0.08988445647770799,-0.03490658503988659,-0.003490658503988659,0.0,0.0,0.0,0.0,0.0,0.0,0.0,0.0,0.00843755859375,0.012656337890625,0.004218779296875,0.0,0.00843755859375,0.0168751171875,0.0198926513671875,-0.0039785302734375,0.0,0.0,0.0,0.0,0.0,0.0,0.0,0.0,0.0,0.0,0.0,0.0,0.0,0.0,0.0,0.0,0.0,0.0,0.0,0.0,0.0,0.0,0.0,0.0,0.0,0.0
8.12885032,0.0,0.02068564229463732,-0.009239773060063072,0.5544753953953312,-0.6978969540133413,2.148395153117585,-2.148727202007779,60.94318778231686,-70.06499054757404,0.0,0.0,-0.012217304763960306,0.006981317007977318,-0.04276056667386108,0.08988445647770799,-0.047123889803846894,0.0,0.0,0.0,0.0,0.0,0.0,0.0,0.0,0.0,0.012656337890625,0.012656337890625,0.00843755859375,0.0,-0.04218779296875,0.0168751171875,-0.0119355908203125,-0.007957060546875,0.0,0.0,0.0,0.0,0.0,0.0,0.0,0.0,0.0,0.0,0.0,0.0,0.0,0.0,0.0,0.0,0.0,0.0,0.0,0.0,0.0,0.0,0.0,0.0,0.0,0.0
8.138470174,0.0,0.02068564229463732,-0.009239773060063072,0.5542834091776121,-0.697809687550742,2.147871554341986,-2.1478719906743025,60.94271654341885,-70.06499054757404,0.0,0.0,-0.020943951023931956,0.003490658503988659,-0.06021385919380437,0.08552113334772216,-0.050614548307835565,0.0,0.0,0.0,0.0,0.0,0.0,0.0,0.0,0.0,0.0168751171875,0.012656337890625,0.00843755859375,0.0,-0.04218779296875,0.02531267578125,-0.0119355908203125,0.0278497119140625,0.0,0.0,0.0,0.0,0.0,0.0,0.0,0.0,0.0,0.0,0.0,0.0,0.0,0.0,0.0,0.0,0.0,0.0,0.0,0.0,0.0,0.0,0.0,0.0,0.0,0.0
8.148430064000001,0.0,0.02068564229463732,-0.009239773060063072,0.5540914229598917,-0.6976177013330238,2.1472519624575286,-2.1472436721435844,60.942140584765674,-70.06488582781891,0.0,0.0,-0.02617993877991494,0.017453292519943295,-0.06544984694978735,0.03403392041388943,-0.048869219055841226,0.0,0.0,0.0,0.0,0.0,0.0,0.0,0.0,0.0,0.012656337890625,0.0,0.012656337890625,0.0,-0.0506253515625,0.00843755859375,-0.01591412109375,-0.0119355908203125,0.0,0.0,0.0,0.0,0.0,0.0,0.0,0.0,0.0,0.0,0.0,0.0,0.0,0.0,0.0,0.0,0.0,0.0,0.0,0.0,0.0,0.0,0.0,0.0,0.0,0.0
8.158297441,0.0,0.02068564229463732,-0.009239773060063072,0.5538121702795729,-0.6976177013330238,2.1464840175866513,-2.1469556928170053,60.94175661233023,-70.06479856135633,0.0,0.0,-0.020943951023931956,0.0,-0.07766715171374766,0.04799655442984406,-0.038397243543875255,0.0,0.0,0.0,0.0,0.0,0.0,0.0,0.0,0.0,0.00843755859375,0.012656337890625,0.012656337890625,0.0,-0.05906291015625,0.0506253515625,-0.0119355908203125,-0.0119355908203125,0.0,0.0,0.0,0.0,0.0,0.0,0.0,0.0,0.0,0.0,0.0,0.0,0.0,0.0,0.0,0.0,0.0,0.0,0.0,0.0,0.0,0.0,0.0,0.0,0.0,0.0
8.168461686,0.0,0.02068564229463732,-0.009239773060063072,0.5535154643067339,-0.6976177013330238,2.1460040520423522,-2.146187747946128,60.9414599063574,-70.06469384160121,0.0,0.0,-0.027925268031909273,0.0,-0.017453292519943295,0.09773843811168245,-0.020943951023931956,0.017453292519943295,0.0,0.0,0.0,0.0,0.0,0.0,0.0,0.0,0.012656337890625,0.00843755859375,0.021093896484375,0.004218779296875,0.0168751171875,0.033750234375,0.0039785302734375,0.023871181640625,0.0,0.0,0.0,0.0,0.0,0.0,0.0,0.0,0.0,0.0,0.0,0.0,0.0,0.0,0.0,0.0,0.0,0.0,0.0,0.0,0.0,0.0,0.0,0.0,0.0,0.0
8.178833263000001,0.0,0.02068564229463732,-0.009239773060063072,0.5534281978441342,-0.6976177013330238,2.145855699055933,-2.1450881905173724,60.94137263989479,-70.06460657513861,0.0,0.0,-0.017453292519943295,0.0,-0.023561944901923447,0.0994837673636768,0.0,0.005235987755982989,0.0,0.0,0.0,0.0,0.0,0.0,0.0,0.0,0.00843755859375,-0.004218779296875,-0.037969013671875,0.0,0.0506253515625,0.06750046875,-0.0119355908203125,-0.0119355908203125,0.0,0.0,0.0,0.0,0.0,0.0,0.0,0.0,0.0,0.0,0.0,0.0,0.0,0.0,0.0,0.0,0.0,0.0,0.0,0.0,0.0,0.0,0.0,0.0,0.0,0.0
8.188352955000001,0.0,0.02068564229463732,-0.009239773060063072,0.5534281978441342,-0.6976177013330238,2.145524086498054,-2.1442242525376343,60.94137263989479,-70.06450185538348,0.0,0.0,0.0,0.0,-0.03490658503988659,0.07155849933176751,0.0,0.0,0.0,0.0,0.0,0.0,0.0,0.0,0.0,0.0,0.00843755859375,0.012656337890625,-0.033750234375,0.0,-0.05906291015625,-0.033750234375,-0.0119355908203125,-0.01591412109375,0.0,0.0,0.0,0.0,0.0,0.0,0.0,0.0,0.0,0.0,0.0,0.0,0.0,0.0,0.0,0.0,0.0,0.0,0.0,0.0,0.0,0.0,0.0,0.0,0.0,0.0
8.198335085,0.0,0.02068564229463732,-0.009239773060063072,0.5534281978441342,-0.6976177013330238,2.145140114062616,-2.143648293884476,60.94137263989479,-70.06460657513861,0.0,0.0,0.0,-0.0017453292519943296,-0.04363323129985824,0.041015237421866746,0.003490658503988659,-0.020943951023931956,0.0,0.0,0.0,0.0,0.0,0.0,0.0,0.0,0.00843755859375,-0.004218779296875,0.00843755859375,0.0,0.04218779296875,0.06750046875,-0.0119355908203125,-0.007957060546875,0.0,0.0,0.0,0.0,0.0,0.0,0.0,0.0,0.0,0.0,0.0,0.0,0.0,0.0,0.0,0.0,0.0,0.0,0.0,0.0,0.0,0.0,0.0,0.0,0.0,0.0
8.208378369,0.0,0.02068564229463732,-0.009239773060063072,0.5534281978441342,-0.6977049677956231,2.1446165152870176,-2.143360314557897,60.9414599063574,-70.06479856135633,0.0,0.0,0.0,-0.015707963267948967,-0.05672320068981571,0.03228859116189509,0.017453292519943295,-0.013962634015954637,0.0,0.0,0.0,0.0,0.0,0.0,0.0,0.0,0.012656337890625,-0.004218779296875,0.021093896484375,0.004218779296875,0.033750234375,0.06750046875,-0.007957060546875,-0.007957060546875,0.0,0.0,0.0,0.0,0.0,0.0,0.0,0.0,0.0,0.0,0.0,0.0,0.0,0.0,0.0,0.0,0.0,0.0,0.0,0.0,0.0,0.0,0.0,0.0,0.0,0.0
8.218292979000001,0.0,0.02068564229463732,-0.009239773060063072,0.5534281978441342,-0.6978969540133413,2.1440841898651595,-2.142976342122458,60.941564626112516,-70.06499054757404,0.0,0.0,0.0,-0.003490658503988659,-0.048869219055841226,0.04537856055185257,0.017453292519943295,-0.013962634015954637,0.0,0.0,0.0,0.0,0.0,0.0,0.0,0.0,0.004218779296875,0.00843755859375,0.00843755859375,0.00843755859375,0.02531267578125,0.06750046875,-0.007957060546875,-0.007957060546875,0.0,0.0,0.0,0.0,0.0,0.0,0.0,0.0,0.0,0.0,0.0,0.0,0.0,0.0,0.0,0.0,0.0,0.0,0.0,0.0,0.0,0.0,0.0,0.0,0.0,0.0
8.228518633,0.0,0.02068564229463732,-0.009239773060063072,0.5534281978441342,-0.698001673768462,2.1436565841984203,-2.1424963765781597,60.94175661233023,-70.06518253379177,0.0,0.0,0.0,0.0,-0.03752457891787808,0.0497418836818384,0.020943951023931956,-0.005235987755982989,0.0,0.0,0.0,0.0,0.0,0.0,0.0,0.0,0.004218779296875,-0.004218779296875,0.00843755859375,0.0,0.0168751171875,0.0168751171875,-0.007957060546875,-0.0119355908203125,0.0,0.0,0.0,0.0,0.0,0.0,0.0,0.0,0.0,0.0,0.0,0.0,0.0,0.0,0.0,0.0,0.0,0.0,0.0,0.0,0.0,0.0,0.0,0.0,0.0,0.0
8.23839257,0.0,0.02068564229463732,-0.009239773060063072,0.5534281978441342,-0.6980889402310613,2.1432202518854213,-2.1419727778025615,60.941948598547945,-70.06526980025436,0.0,0.0,0.0,0.0,-0.048869219055841226,0.046251225177849735,0.010471975511965978,0.0,0.0,0.0,0.0,0.0,0.0,0.0,0.0,0.0,-0.04218779296875,-0.004218779296875,0.021093896484375,0.004218779296875,0.00843755859375,0.033750234375,-0.0119355908203125,0.023871181640625,0.0,0.0,0.0,0.0,0.0,0.0,0.0,0.0,0.0,0.0,0.0,0.0,0.0,0.0,0.0,0.0,0.0,0.0,0.0,0.0,0.0,0.0,0.0,0.0,0.0,0.0
8.248310028,0.0,0.02068564229463732,-0.009239773060063072,0.5534281978441342,-0.6980889402310613,2.142740286341124,-2.1415888053671224,60.942035865010546,-70.06526980025436,0.0,0.0,-0.008726646259971648,-0.010471975511965978,-0.039269908169872414,0.03316125578789226,0.005235987755982989,0.0,0.0,0.0,0.0,0.0,0.0,0.0,0.0,0.0,-0.04218779296875,-0.004218779296875,0.021093896484375,0.0,-0.02531267578125,0.0506253515625,0.0278497119140625,-0.0119355908203125,0.0,0.0,0.0,0.0,0.0,0.0,0.0,0.0,0.0,0.0,0.0,0.0,0.0,0.0,0.0,0.0,0.0,0.0,0.0,0.0,0.0,0.0,0.0,0.0,0.0,0.0
8.258283422,0.0,0.02068564229463732,-0.009239773060063072,0.5534281978441342,-0.6980889402310613,2.142452307014544,-2.141204832931684,60.942035865010546,-70.06526980025436,0.0,0.0,0.0,0.0,-0.025307274153917782,0.050614548307835565,-0.017453292519943295,0.0,0.0,0.0,0.0,0.0,0.0,0.0,0.0,0.0,-0.029531455078125,-0.004218779296875,0.021093896484375,0.0,0.0,0.033750234375,-0.007957060546875,0.0198926513671875,0.0,0.0,0.0,0.0,0.0,0.0,0.0,0.0,0.0,0.0,0.0,0.0,0.0,0.0,0.0,0.0,0.0,0.0,0.0,0.0,0.0,0.0,0.0,0.0,0.0,0.0
8.268283633000001,0.0,0.02068564229463732,-0.009239773060063072,0.5534281978441342,-0.6980889402310613,2.1421206944566658,-2.140436888060807,60.941843878792845,-70.06526980025436,0.0,0.0,0.0,0.0,-0.039269908169872414,0.0916297857297023,-0.020943951023931956,0.008726646259971648,0.0,0.0,0.0,0.0,0.0,0.0,0.0,0.0,-0.046406572265625,-0.004218779296875,0.021093896484375,0.0,0.00843755859375,0.02531267578125,-0.0039785302734375,0.0198926513671875,0.0,0.0,0.0,0.0,0.0,0.0,0.0,0.0,0.0,0.0,0.0,0.0,0.0,0.0,0.0,0.0,0.0,0.0,0.0,0.0,0.0,0.0,0.0,0.0,0.0,0.0
8.278820172,0.0,0.02068564229463732,-0.009239773060063072,0.5534281978441342,-0.698001673768462,2.1416407289123667,-2.1396689431899296,60.941651892575116,-70.06507781403666,0.0,0.0,0.0,0.0,-0.054105206811824215,0.05235987755982988,-0.015707963267948967,0.013962634015954637,0.0,0.0,0.0,0.0,0.0,0.0,0.0,0.0,-0.04218779296875,-0.004218779296875,0.021093896484375,0.0,-0.00843755859375,0.0168751171875,0.0318282421875,-0.0119355908203125,0.0,0.0,0.0,0.0,0.0,0.0,0.0,0.0,0.0,0.0,0.0,0.0,0.0,0.0,0.0,0.0,0.0,0.0,0.0,0.0,0.0,0.0,0.0,0.0,0.0,0.0
8.288601852000001,0.0,0.02068564229463732,-0.009239773060063072,0.5535154643067339,-0.698001673768462,2.1410211370279093,-2.1393809638633505,60.9414599063574,-70.06499054757404,0.0,0.0,0.0,0.0,-0.07243116395776468,0.031415926535897934,-0.008726646259971648,0.003490658503988659,0.0,0.0,0.0,0.0,0.0,0.0,0.0,0.0,-0.046406572265625,-0.004218779296875,0.004218779296875,0.0,-0.00843755859375,0.00843755859375,-0.007957060546875,-0.007957060546875,0.0,0.0,0.0,0.0,0.0,0.0,0.0,0.0,0.0,0.0,0.0,0.0,0.0,0.0,0.0,0.0,0.0,0.0,0.0,0.0,0.0,0.0,0.0,0.0,0.0,0.0
8.298310699,0.0,0.02068564229463732,-0.009239773060063072,0.5535154643067339,-0.698001673768462,2.140349185265891,-2.1387090121013324,60.9414599063574,-70.06499054757404,0.0,0.0,0.0,0.0,-0.047123889803846894,0.09250245035569947,0.0,0.0,0.0,0.0,0.0,0.0,0.0,0.0,0.0,0.0,0.021093896484375,0.0,0.004218779296875,0.004218779296875,-0.0168751171875,-0.02531267578125,-0.007957060546875,-0.007957060546875,0.0,0.0,0.0,0.0,0.0,0.0,0.0,0.0,0.0,0.0,0.0,0.0,0.0,0.0,0.0,0.0,0.0,0.0,0.0,0.0,0.0,0.0,0.0,0.0,0.0,0.0
8.308333982,0.0,0.02068564229463732,-0.009239773060063072,0.5535154643067339,-0.698001673768462,2.139912852952893,-2.137801440890296,60.941564626112516,-70.06499054757404,0.0,0.0,0.0,0.008726646259971648,-0.048869219055841226,0.07853981633974483,0.017453292519943295,0.0,0.0,0.0,0.0,0.0,0.0,0.0,0.0,0.0,0.021093896484375,-0.004218779296875,0.00843755859375,-0.004218779296875,-0.0168751171875,-0.0168751171875,0.043763833007812496,0.0,0.0,0.0,0.0,0.0,0.0,0.0,0.0,0.0,0.0,0.0,0.0,0.0,0.0,0.0,0.0,0.0,0.0,0.0,0.0,0.0,0.0,0.0,0.0,0.0,0.0,0.0
8.318382514000001,0.0,0.02068564229463732,-0.009239773060063072,0.5535154643067339,-0.6978969540133413,2.139144908082015,-2.1372778421146976,60.941651892575116,-70.06499054757404,0.0,0.0,0.0,0.003490658503988659,-0.0968657734856853,0.05934119456780721,0.006981317007977318,0.0,0.0,0.0,0.0,0.0,0.0,0.0,0.0,0.0,0.021093896484375,0.0,0.012656337890625,0.004218779296875,-0.02531267578125,-0.033750234375,0.0,-0.007957060546875,0.0,0.0,0.0,0.0,0.0,0.0,0.0,0.0,0.0,0.0,0.0,0.0,0.0,0.0,0.0,0.0,0.0,0.0,0.0,0.0,0.0,0.0,0.0,0.0,0.0,0.0
8.328345828,0.0,0.02068564229463732,-0.009344492815182015,0.5535154643067339,-0.6978969540133413,2.1381849769934176,-2.1362219179172404,60.94175661233023,-70.06499054757404,0.0,0.0,0.0,0.005235987755982989,-0.07417649320975901,0.1466076571675237,0.0,0.0,0.0,0.0,0.0,0.0,0.0,0.0,0.0,0.0,0.02531267578125,-0.004218779296875,0.00843755859375,0.0,-0.033750234375,-0.033750234375,-0.0039785302734375,0.0198926513671875,0.0,0.0,0.0,0.0,0.0,0.0,0.0,0.0,0.0,0.0,0.0,0.0,0.0,0.0,0.0,0.0,0.0,0.0,0.0,0.0,0.0,0.0,0.0,0.0,0.0,0.0
8.338368023000001,0.0,0.02068564229463732,-0.009344492815182015,0.5535154643067339,-0.6977049677956231,2.1377137380953792,-2.134729661406785,60.94175661233023,-70.06488582781891,0.0,0.0,0.0,0.015707963267948967,-0.05235987755982988,0.1457349925415265,-0.0017453292519943296,0.017453292519943295,0.0,0.0,0.0,0.0,0.0,0.0,0.0,0.0,0.021093896484375,-0.004218779296875,0.00843755859375,0.0,-0.033750234375,-0.0506253515625,-0.0039785302734375,0.0198926513671875,0.0,0.0,0.0,0.0,0.0,0.0,0.0,0.0,0.0,0.0,0.0,0.0,0.0,0.0,0.0,0.0,0.0,0.0,0.0,0.0,0.0,0.0,0.0,0.0,0.0,0.0
8.348214696000001,0.0,0.02068564229463732,-0.009344492815182015,0.5535154643067339,-0.6976177013330238,2.136945793224502,-2.1335864707467294,60.941651892575116,-70.06479856135633,0.0,0.0,0.0,0.013962634015954637,-0.09337511498169665,0.07330382858376185,-0.017453292519943295,0.0,0.0,0.0,0.0,0.0,0.0,0.0,0.0,0.0,0.021093896484375,-0.004218779296875,0.00843755859375,0.0,-0.0168751171875,0.033750234375,0.0318282421875,-0.0039785302734375,0.0,0.0,0.0,0.0,0.0,0.0,0.0,0.0,0.0,0.0,0.0,0.0,0.0,0.0,0.0,0.0,0.0,0.0,0.0,0.0,0.0,0.0,0.0,0.0,0.0,0.0
8.358280284000001,0.0,0.02068564229463732,-0.009344492815182015,0.5536201840618538,-0.6976177013330238,2.1360818552447647,-2.132722532766992,60.9414599063574,-70.06469384160121,0.0,0.0,0.013962634015954637,0.0,-0.08028514559173917,0.11955505376161157,-0.017453292519943295,0.008726646259971648,0.0,0.0,0.0,0.0,0.0,0.0,0.0,0.0,0.021093896484375,0.0,0.004218779296875,-0.004218779296875,-0.02531267578125,-0.0506253515625,0.0318282421875,0.0198926513671875,0.0,0.0,0.0,0.0,0.0,0.0,0.0,0.0,0.0,0.0,0.0,0.0,0.0,0.0,0.0,0.0,0.0,0.0,0.0,0.0,0.0,0.0,0.0,0.0,0.0,0.0
8.368278415,0.0,0.02068564229463732,-0.009344492815182015,0.5538121702795729,-0.6976177013330238,2.1349299379384483,-2.1312826361340966,60.94137263989479,-70.06460657513861,0.0,0.0,0.013962634015954637,0.0,-0.13613568165555773,0.1492256510455152,-0.003490658503988659,0.015707963267948967,0.0,0.0,0.0,0.0,0.0,0.0,0.0,0.0,0.021093896484375,0.0,0.0,-0.004218779296875,0.07593802734375,-0.04218779296875,0.0318282421875,0.0,0.0,0.0,0.0,0.0,0.0,0.0,0.0,0.0,0.0,0.0,0.0,0.0,0.0,0.0,0.0,0.0,0.0,0.0,0.0,0.0,0.0,0.0,0.0,0.0,0.0,0.0
8.378871275,0.0,0.02068564229463732,-0.009344492815182015,0.5538121702795729,-0.6975129815779031,2.133586034414413,-2.129746746392341,60.94126792013969,-70.06441458892088,0.0,0.0,0.0,0.0,-0.1317723585255719,0.1317723585255719,0.0,0.010471975511965978,0.0,0.0,0.0,0.0,0.0,0.0,0.0,0.0,0.021093896484375,0.0,0.004218779296875,0.004218779296875,-0.0168751171875,-0.02531267578125,-0.007957060546875,0.0198926513671875,0.0,0.0,0.0,0.0,0.0,0.0,0.0,0.0,0.0,0.0,0.0,0.0,0.0,0.0,0.0,0.0,0.0,0.0,0.0,0.0,0.0,0.0,0.0,0.0,0.0,0.0
8.388413815,0.0,0.02068564229463732,-0.009344492815182015,0.5538994367421726,-0.6975129815779031,2.1324864769856573,-2.1284552027458656,60.94137263989479,-70.06430986916575,0.0,0.0,0.017453292519943295,0.0,-0.08639379797371932,0.12740903539558607,0.017453292519943295,0.006981317007977318,0.0,0.0,0.0,0.0,0.0,0.0,0.0,0.0,0.02531267578125,0.0,-0.037969013671875,-0.004218779296875,0.04218779296875,0.033750234375,0.0318282421875,-0.0119355908203125,0.0,0.0,0.0,0.0,0.0,0.0,0.0,0.0,0.0,0.0,0.0,0.0,0.0,0.0,0.0,0.0,0.0,0.0,0.0,0.0,0.0,0.0,0.0,0.0,0.0,0.0
8.398186822000001,0.0,0.02068564229463732,-0.009344492815182015,0.5540914229598917,-0.6976177013330238,2.131622539005919,-2.127015306112971,60.941564626112516,-70.06430986916575,0.0,0.0,0.03316125578789226,0.0,-0.10733774899765128,0.17016960206944712,0.02617993877991494,0.0,0.0,0.0,0.0,0.0,0.0,0.0,0.0,0.0,0.012656337890625,0.00843755859375,-0.033750234375,0.0,0.04218779296875,0.0168751171875,0.0318282421875,-0.0198926513671875,0.0,0.0,0.0,0.0,0.0,0.0,0.0,0.0,0.0,0.0,0.0,0.0,0.0,0.0,0.0,0.0,0.0,0.0,0.0,0.0,0.0,0.0,0.0,0.0,0.0,0.0
8.408430397,0.0,0.02068564229463732,-0.009344492815182015,0.5544753953953312,-0.6976177013330238,2.1302786354818837,-2.1250954439357765,60.94175661233023,-70.06430986916575,0.0,0.0,0.029670597283903605,0.0,-0.1466076571675237,0.17889624832941875,0.017453292519943295,-0.006981317007977318,0.0,0.0,0.0,0.0,0.0,0.0,0.0,0.0,0.021093896484375,-0.004218779296875,-0.037969013671875,-0.004218779296875,0.033750234375,-0.00843755859375,-0.0119355908203125,-0.0119355908203125,0.0,0.0,0.0,0.0,0.0,0.0,0.0,0.0,0.0,0.0,0.0,0.0,0.0,0.0,0.0,0.0,0.0,0.0,0.0,0.0,0.0,0.0,0.0,0.0,0.0,0.0
8.418480081,0.0,0.02068564229463732,-0.009344492815182015,0.5548593678307698,-0.6976177013330238,2.128646752631269,-2.1241355128471793,60.941843878792845,-70.06450185538348,0.0,0.0,0.04188790204786391,0.0,-0.15358897417550102,0.058468529941810045,0.013962634015954637,-0.024434609527920613,0.0,0.0,0.0,0.0,0.0,0.0,0.0,0.0,0.0168751171875,0.0,-0.004218779296875,0.0,0.0168751171875,0.0506253515625,-0.01591412109375,0.0,0.0,0.0,0.0,0.0,0.0,0.0,0.0,0.0,0.0,0.0,0.0,0.0,0.0,0.0,0.0,0.0,0.0,0.0,0.0,0.0,0.0,0.0,0.0,0.0,0.0,0.0
8.428371298,0.0,0.02068564229463732,-0.009344492815182015,0.5553480600213283,-0.6978969540133413,2.1273028491072337,-2.1229399623095637,60.941948598547945,-70.06469384160121,0.0,0.0,0.061086523819801536,-0.029670597283903605,-0.11868238913561442,0.1858775653373961,0.017453292519943295,-0.017453292519943295,0.0,0.0,0.0,0.0,0.0,0.0,0.0,0.0,0.0168751171875,0.0168751171875,-0.033750234375,0.0,0.02531267578125,0.05906291015625,-0.0198926513671875,-0.0039785302734375,0.0,0.0,0.0,0.0,0.0,0.0,0.0,0.0,0.0,0.0,0.0,0.0,0.0,0.0,0.0,0.0,0.0,0.0,0.0,0.0,0.0,0.0,0.0,0.0,0.0,0.0
8.438357461,0.0,0.02068564229463732,-0.009239773060063072,0.5560112851370862,-0.698001673768462,2.126255651556037,-2.120688487574491,60.942035865010546,-70.06479856135633,0.0,0.008726646259971648,0.05585053606381855,0.0,-0.1265363707695889,0.2033308578573394,0.015707963267948967,0.0,0.0,0.0,0.0,0.0,0.0,0.0,0.0,0.0,0.012656337890625,0.00843755859375,0.0168751171875,0.0,0.0506253515625,-0.033750234375,-0.01591412109375,-0.0039785302734375,0.0,0.0,0.0,0.0,0.0,0.0,0.0,0.0,0.0,0.0,0.0,0.0,0.0,0.0,0.0,0.0,0.0,0.0,0.0,0.0,0.0,0.0,0.0,0.0,0.0,0.0
8.448367176,0.0,0.02068564229463732,-0.009239773060063072,0.5566919635453638,-0.698001673768462,2.1244754157190027,-2.1198245495947545,60.942140584765674,-70.06488582781891,0.0,0.0,0.07504915783575616,-0.017453292519943295,-0.18500490071139894,0.04276056667386108,0.0,-0.017453292519943295,0.0,0.0,0.0,0.0,0.0,0.0,0.0,0.0,0.0168751171875,0.012656337890625,0.012656337890625,0.0,-0.033750234375,-0.033750234375,-0.0119355908203125,-0.007957060546875,0.0,0.0,0.0,0.0,0.0,0.0,0.0,0.0,0.0,0.0,0.0,0.0,0.0,0.0,0.0,0.0,0.0,0.0,0.0,0.0,0.0,0.0,0.0,0.0,0.0,0.0
8.458314234000001,0.0,0.02068564229463732,-0.009239773060063072,0.557459908416241,-0.6984729126665004,2.1231838720725262,-2.118820985274857,60.942227851228274,-70.06518253379177,0.0,0.0,0.08552113334772216,-0.050614548307835565,-0.061086523819801536,0.1492256510455152,0.015707963267948967,-0.019198621771937627,0.0,0.0,0.0,0.0,0.0,0.0,0.0,0.0,0.0,-0.00843755859375,0.004218779296875,0.0,0.00843755859375,-0.0506253515625,-0.0039785302734375,0.0039785302734375,0.0,0.0,0.0,0.0,0.0,0.0,0.0,0.0,0.0,0.0,0.0,0.0,0.0,0.0,0.0,0.0,0.0,0.0,0.0,0.0,0.0,0.0,0.0,0.0,0.0,0.0
8.46838683,0.0,0.02068564229463732,-0.009239773060063072,0.5584198395048379,-0.6988568851019386,2.122756266405788,-2.1170407494378227,60.942524557201104,-70.06526980025436,0.0,0.0,0.10297442586766545,-0.029670597283903605,-0.06457718232379019,0.15009831567151233,0.03665191429188092,-0.017453292519943295,0.0,0.0,0.0,0.0,0.0,0.0,0.0,0.0,0.012656337890625,0.00843755859375,0.0,-0.004218779296875,-0.05906291015625,0.00843755859375,-0.01591412109375,-0.007957060546875,0.0,0.0,0.0,0.0,0.0,0.0,0.0,0.0,0.0,0.0,0.0,0.0,0.0,0.0,0.0,0.0,0.0,0.0,0.0,0.0,0.0,0.0,0.0,0.0,0.0,0.0
8.478798663000001,0.0,0.02068564229463732,-0.009239773060063072,0.5596590232737544,-0.6992408575373776,2.1214559961130526,-2.1163251644445054,60.94290852963655,-70.06537452000948,0.0,0.0,0.13264502315156904,-0.07504915783575616,-0.158824961931484,0.05235987755982988,0.04188790204786391,-0.02617993877991494,0.0,0.0,0.0,0.0,0.0,0.0,0.0,0.0,0.012656337890625,0.00843755859375,-0.021093896484375,-0.004218779296875,0.033750234375,-0.0168751171875,0.0,-0.007957060546875,0.0,0.0,0.0,0.0,0.0,0.0,0.0,0.0,0.0,0.0,0.0,0.0,0.0,0.0,0.0,0.0,0.0,0.0,0.0,0.0,0.0,0.0,0.0,0.0,0.0,0.0
8.488462485000001,0.0,0.02068564229463732,-0.009239773060063072,0.5610901932603896,-0.7003055083810947,2.120216812344136,-2.115417593233468,60.94329250207199,-70.06575849244493,0.0,0.0,0.13613568165555773,-0.10297442586766545,-0.08726646259971647,0.12130038301360589,0.04363323129985824,-0.020943951023931956,0.0,0.0,0.0,0.0,0.0,0.0,0.0,0.0,0.00843755859375,0.00843755859375,-0.004218779296875,-0.00843755859375,0.0,-0.0168751171875,-0.01591412109375,-0.007957060546875,0.0,0.0,0.0,0.0,0.0,0.0,0.0,0.0,0.0,0.0,0.0,0.0,0.0,0.0,0.0,0.0,0.0,0.0,0.0,0.0,0.0,0.0,0.0,0.0,0.0,0.0
8.498452744,0.0,0.02068564229463732,-0.009239773060063072,0.5625388165395444,-0.7011607197145713,2.120024826126417,-2.1139776966005726,60.94376374097002,-70.06575849244493,0.0,0.0,0.14486232791552936,-0.07679448708775051,0.0,0.16144295580947549,0.06283185307179587,0.0,0.0,0.0,0.0,0.0,0.0,0.0,0.0,0.0,-0.046406572265625,-0.004218779296875,-0.012656337890625,-0.012656337890625,-0.02531267578125,-0.02531267578125,-0.0119355908203125,0.0039785302734375,0.0,0.0,0.0,0.0,0.0,0.0,0.0,0.0,0.0,0.0,0.0,0.0,0.0,0.0,0.0,0.0,0.0,0.0,0.0,0.0,0.0,0.0,0.0,0.0,0.0,0.0
8.508995715000001,0.0,0.02068564229463732,-0.009239773060063072,0.5640747062812994,-0.7020333843405684,2.119832839908698,-2.112921772403116,60.94453168584089,-70.06584575890751,0.0,0.0,0.1658062789394613,-0.09424777960769379,-0.025307274153917782,0.05235987755982988,0.08028514559173917,-0.015707963267948967,0.0,0.0,0.0,0.0,0.0,0.0,0.0,0.0,-0.046406572265625,-0.004218779296875,-0.021093896484375,0.012656337890625,-0.02531267578125,-0.04218779296875,-0.0039785302734375,-0.007957060546875,0.0,0.0,0.0,0.0,0.0,0.0,0.0,0.0,0.0,0.0,0.0,0.0,0.0,0.0,0.0,0.0,0.0,0.0,0.0,0.0,0.0,0.0,0.0,0.0,0.0,0.0
8.518531215000001,0.0,0.02068564229463732,-0.009239773060063072,0.5658025822407744,-0.7031853016468848,2.119640853690978,-2.112494166736377,60.94529963071178,-70.06603774512523,0.0,0.0,0.15707963267948966,-0.12566370614359174,-0.013962634015954637,0.053232542185827056,0.07504915783575616,-0.024434609527920613,0.0,0.0,0.0,0.0,0.0,0.0,0.0,0.0,0.00843755859375,0.0,-0.02531267578125,-0.029531455078125,-0.033750234375,-0.02531267578125,0.0039785302734375,-0.0039785302734375,0.0,0.0,0.0,0.0,0.0,0.0,0.0,0.0,0.0,0.0,0.0,0.0,0.0,0.0,0.0,0.0,0.0,0.0,0.0,0.0,0.0,0.0,0.0,0.0,0.0,0.0
8.528366175,0.0,0.02068564229463732,-0.009239773060063072,0.5675130049077284,-0.7043197656606806,2.1195448605821188,-2.11186584820566,60.94606757558267,-70.06633445109806,0.0,0.0,0.20071286397934787,-0.10821041362364843,-0.006108652381980153,0.05759586531581287,0.08552113334772216,-0.02617993877991494,0.0,0.0,0.0,0.0,0.0,0.0,0.0,0.0,-0.02531267578125,-0.00843755859375,-0.029531455078125,-0.021093896484375,0.0,-0.02531267578125,0.0,-0.0039785302734375,0.0,0.0,0.0,0.0,0.0,0.0,0.0,0.0,0.0,0.0,0.0,0.0,0.0,0.0,0.0,0.0,0.0,0.0,0.0,0.0,0.0,0.0,0.0,0.0,0.0,0.0
8.538472052000001,0.0,0.02068564229463732,-0.009239773060063072,0.5695375868400419,-0.7055764027221167,2.1195448605821188,-2.1114818757702216,60.946835520453554,-70.06661370377839,0.0,0.0,0.1832595714594046,-0.14311699866353503,0.0,0.02617993877991494,0.05934119456780721,-0.03490658503988659,0.0,0.0,0.0,0.0,0.0,0.0,0.0,0.0,-0.04218779296875,-0.004218779296875,-0.02531267578125,-0.0168751171875,0.00843755859375,-0.0506253515625,0.007957060546875,-0.0039785302734375,0.0,0.0,0.0,0.0,0.0,0.0,0.0,0.0,0.0,0.0,0.0,0.0,0.0,0.0,0.0,0.0,0.0,0.0,0.0,0.0,0.0,0.0,0.0,0.0,0.0,0.0
8.548377862,0.0,0.02068564229463732,-0.009239773060063072,0.5714574490172355,-0.7070075727087524,2.1195448605821188,-2.1111938964436416,60.9474114791067,-70.06691040975124,0.0,0.0,0.21467549799530256,-0.14311699866353503,0.0,0.038397243543875255,0.05759586531581287,-0.03665191429188092,0.0,0.0,0.0,0.0,0.0,0.0,0.0,0.0,-0.029531455078125,-0.004218779296875,-0.021093896484375,-0.021093896484375,0.0,-0.033750234375,0.0039785302734375,-0.0039785302734375,0.0,0.0,0.0,0.0,0.0,0.0,0.0,0.0,0.0,0.0,0.0,0.0,0.0,0.0,0.0,0.0,0.0,0.0,0.0,0.0,0.0,0.0,0.0,0.0,0.0,0.0
8.558409561000001,0.0,0.02068564229463732,-0.009239773060063072,0.5734645776570293,-0.7085434624505078,2.1195448605821188,-2.1107139308993434,60.94779545154213,-70.06738164864927,0.0,0.0,0.19024088846738194,-0.14486232791552936,0.0,0.050614548307835565,0.03665191429188092,-0.047123889803846894,0.0,0.0,0.0,0.0,0.0,0.0,0.0,0.0,0.00843755859375,-0.004218779296875,-0.021093896484375,-0.02531267578125,0.00843755859375,-0.05906291015625,0.0039785302734375,0.0119355908203125,0.0,0.0,0.0,0.0,0.0,0.0,0.0,0.0,0.0,0.0,0.0,0.0,0.0,0.0,0.0,0.0,0.0,0.0,0.0,0.0,0.0,0.0,0.0,0.0,0.0,0.0
8.568432812000001,0.0,0.02068564229463732,-0.009239773060063072,0.5753844398342229,-0.7096953797568233,2.1195448605821188,-2.1102863252326043,60.94817942397757,-70.06795760730243,0.0,0.0,0.1954768762233649,-0.09250245035569947,0.0,0.03228859116189509,0.03665191429188092,-0.05934119456780721,0.0,0.0,0.0,0.0,0.0,0.0,0.0,0.0,-0.04218779296875,-0.004218779296875,-0.012656337890625,0.0168751171875,0.00843755859375,0.0,0.0039785302734375,0.0039785302734375,0.0,0.0,0.0,0.0,0.0,0.0,0.0,0.0,0.0,0.0,0.0,0.0,0.0,0.0,0.0,0.0,0.0,0.0,0.0,0.0,0.0,0.0,0.0,0.0,0.0,0.0
8.578822597,0.0,0.02068564229463732,-0.009239773060063072,0.5773043020114166,-0.7108472970631405,2.1195448605821188,-2.1100419791373253,60.948563396413014,-70.0687255521733,0.0,0.0,0.17976891295541597,-0.12915436464758037,0.0,0.019198621771937627,0.024434609527920613,-0.09424777960769379,0.0,0.0,0.0,0.0,0.0,0.0,0.0,0.0,-0.046406572265625,0.0,-0.012656337890625,-0.0168751171875,0.0,-0.0168751171875,0.007957060546875,0.01591412109375,0.0,0.0,0.0,0.0,0.0,0.0,0.0,0.0,0.0,0.0,0.0,0.0,0.0,0.0,0.0,0.0,0.0,0.0,0.0,0.0,0.0,0.0,0.0,0.0,0.0,0.0
8.588497907,0.0,0.02068564229463732,-0.009239773060063072,0.5792241641886102,-0.711999214369456,2.1195448605821188,-2.109806359688307,60.94875538263073,-70.06968548326189,0.0,0.0,0.18849555921538758,-0.08377580409572782,0.0,0.028797932657906436,0.019198621771937627,-0.08377580409572782,0.0,0.0,0.0,0.0,0.0,0.0,0.0,0.0,-0.046406572265625,-0.004218779296875,-0.012656337890625,-0.0168751171875,0.0,-0.033750234375,-0.0039785302734375,0.0119355908203125,0.0,0.0,0.0,0.0,0.0,0.0,0.0,0.0,0.0,0.0,0.0,0.0,0.0,0.0,0.0,0.0,0.0,0.0,0.0,0.0,0.0,0.0,0.0,0.0,0.0,0.0
8.59838506,0.0,0.02068564229463732,-0.009239773060063072,0.5808473203929654,-0.7127671592403342,2.1195448605821188,-2.109326394144007,60.94884264909334,-70.07064541435051,0.0,0.0,0.14486232791552936,-0.06981317007977318,0.0,0.0619591884457987,0.0,-0.11868238913561442,0.0,0.0,0.0,0.0,0.0,0.0,0.0,0.0,0.021093896484375,0.0,0.004218779296875,-0.012656337890625,0.00843755859375,-0.033750234375,-0.0039785302734375,0.0198926513671875,0.0,0.0,0.0,0.0,0.0,0.0,0.0,0.0,0.0,0.0,0.0,0.0,0.0,0.0,0.0,0.0,0.0,0.0,0.0,0.0,0.0,0.0,0.0,0.0,0.0,0.0
8.608387319,0.0,0.02068564229463732,-0.009239773060063072,0.5824704765973201,-0.7132383981383725,2.119492500704559,-2.1085148160418306,60.94884264909334,-70.07207658433714,0.0,0.0,0.17802358370342164,-0.02617993877991494,-0.006108652381980153,0.09075712110370514,0.005235987755982989,-0.16231562043547265,0.0,0.0,0.0,0.0,0.0,0.0,0.0,0.0,0.021093896484375,-0.004218779296875,0.004218779296875,0.02531267578125,0.00843755859375,-0.0506253515625,-0.007957060546875,0.0198926513671875,0.0,0.0,0.0,0.0,0.0,0.0,0.0,0.0,0.0,0.0,0.0,0.0,0.0,0.0,0.0,0.0,0.0,0.0,0.0,0.0,0.0,0.0,0.0,0.0,0.0,0.0
8.618415915,0.0,0.02068564229463732,-0.009239773060063072,0.5841983525567942,-0.7135351041112115,2.119448867473259,-2.1078864975111125,60.94884264909334,-70.07380446029661,0.0,0.0,0.16057029118347835,-0.027925268031909273,0.0,0.03577924966588376,-0.010471975511965978,-0.17976891295541597,0.0,0.0,0.0,0.0,0.0,0.0,0.0,0.0,0.0168751171875,-0.004218779296875,0.004218779296875,0.02531267578125,0.00843755859375,0.0,0.0039785302734375,0.0358067724609375,0.0,0.0,0.0,0.0,0.0,0.0,0.0,0.0,0.0,0.0,0.0,0.0,0.0,0.0,0.0,0.0,0.0,0.0,0.0,0.0,0.0,0.0,0.0,0.0,0.0,0.0
8.628437982000001,0.0,0.02068564229463732,-0.009239773060063072,0.5859262285162683,-0.7136223705738107,2.119448867473259,-2.1075025250756743,60.9486506628756,-70.07610829490925,0.0,0.0,0.17802358370342164,0.0,-0.004363323129985824,0.05585053606381855,-0.019198621771937627,-0.28274333882308134,0.0,0.0,0.0,0.0,0.0,0.0,0.0,0.0,0.021093896484375,-0.004218779296875,0.0168751171875,-0.0168751171875,-0.0168751171875,-0.0168751171875,0.0039785302734375,-0.0358067724609375,0.0,0.0,0.0,0.0,0.0,0.0,0.0,0.0,0.0,0.0,0.0,0.0,0.0,0.0,0.0,0.0,0.0,0.0,0.0,0.0,0.0,0.0,0.0,0.0,0.0,0.0
8.638688725,0.0,0.02068564229463732,-0.009239773060063072,0.5875668380131431,-0.7136223705738107,2.119448867473259,-2.106594953864637,60.948371410195286,-70.07918007439277,0.0,0.0,0.14137166941154067,0.0,0.0,0.10122909661567113,-0.03665191429188092,-0.291469985083053,0.0,0.0,0.0,0.0,0.0,0.0,0.0,0.0,-0.046406572265625,-0.004218779296875,0.0168751171875,0.012656337890625,0.00843755859375,0.0,-0.007957060546875,-0.04774236328125,0.0,0.0,0.0,0.0,0.0,0.0,0.0,0.0,0.0,0.0,0.0,0.0,0.0,0.0,0.0,0.0,0.0,0.0,0.0,0.0,0.0,0.0,0.0,0.0,0.0,0.0
8.648476677,0.0,0.02068564229463732,-0.009239773060063072,0.5888932882446585,-0.7134303843560907,2.1193965075956998,-2.1059230021026187,60.948074704222456,-70.08223440058374,0.0,0.0,0.13962634015954636,0.027925268031909273,0.0,0.041015237421866746,-0.017453292519943295,-0.3193952531149623,0.0,0.0,0.0,0.0,0.0,0.0,0.0,0.0,-0.04218779296875,-0.004218779296875,0.0168751171875,-0.00843755859375,-0.0168751171875,0.0,0.0,0.01591412109375,0.0,0.0,0.0,0.0,0.0,0.0,0.0,0.0,0.0,0.0,0.0,0.0,0.0,0.0,0.0,0.0,0.0,0.0,0.0,0.0,0.0,0.0,0.0,0.0,0.0,0.0
8.658345462,0.0,0.02068564229463732,-0.009239773060063072,0.5904291779864144,-0.7133431178934915,2.1193965075956998,-2.1054953964358805,60.948074704222456,-70.08588213872042,0.0,0.0,0.1658062789394613,0.0,-0.005235987755982989,0.051487212933832724,0.0,-0.3909537524467298,0.0,0.0,0.0,0.0,0.0,0.0,0.0,0.0,0.004218779296875,-0.004218779296875,0.00843755859375,0.021093896484375,0.0,0.00843755859375,-0.0039785302734375,-0.0358067724609375,0.0,0.0,0.0,0.0,0.0,0.0,0.0,0.0,0.0,0.0,0.0,0.0,0.0,0.0,0.0,0.0,0.0,0.0,0.0,0.0,0.0,0.0,0.0,0.0,0.0,0.0
8.668337864,0.0,0.02068564229463732,-0.009239773060063072,0.5918778012655692,-0.7132383981383725,2.1193528743643997,-2.104727451565003,60.948074704222456,-70.09000111575511,0.0,0.0,0.12566370614359174,0.022689280275926284,0.0,0.08028514559173917,0.017453292519943295,-0.39444441095071847,0.0,0.0,0.0,0.0,0.0,0.0,0.0,0.0,0.02531267578125,-0.004218779296875,0.02531267578125,-0.021093896484375,0.00843755859375,0.0168751171875,0.0,-0.023871181640625,0.0,0.0,0.0,0.0,0.0,0.0,0.0,0.0,0.0,0.0,0.0,0.0,0.0,0.0,0.0,0.0,0.0,0.0,0.0,0.0,0.0,0.0,0.0,0.0,0.0,0.0
8.678894308,0.0,0.02068564229463732,-0.009239773060063072,0.5932217047896056,-0.7129591454580524,2.1193528743643997,-2.104195126143145,60.94826669044016,-70.09307289523862,0.0,0.0,0.13962634015954636,0.015707963267948967,-0.0008726646259971648,0.031415926535897934,0.024434609527920613,-0.24434609527920614,0.0,0.0,0.0,0.0,0.0,0.0,0.0,0.0,0.021093896484375,-0.004218779296875,0.0168751171875,0.029531455078125,0.0,0.0168751171875,0.0,-0.039785302734375,0.0,0.0,0.0,0.0,0.0,0.0,0.0,0.0,0.0,0.0,0.0,0.0,0.0,0.0,0.0,0.0,0.0,0.0,0.0,0.0,0.0,0.0,0.0,0.0,0.0,0.0
8.688578770000001,0.0,0.02068564229463732,-0.009239773060063072,0.5947575945313601,-0.7130464119206525,2.1193005144868398,-2.103863513585265,60.9484586766579,-70.09691261959301,0.0,0.0,0.13788101090755203,-0.029670597283903605,0.0,0.04450589592585541,0.017453292519943295,-0.4084070449666731,0.0,0.0,0.0,0.0,0.0,0.0,0.0,0.0,0.021093896484375,-0.004218779296875,-0.02531267578125,-0.012656337890625,-0.0168751171875,0.0168751171875,-0.0039785302734375,-0.043763833007812496,0.0,0.0,0.0,0.0,0.0,0.0,0.0,0.0,0.0,0.0,0.0,0.0,0.0,0.0,0.0,0.0,0.0,0.0,0.0,0.0,0.0,0.0,0.0,0.0,0.0,0.0
8.698542948,0.0,0.02068564229463732,-0.009239773060063072,0.5958047920825567,-0.7131511316757733,2.1193005144868398,-2.103235195054548,60.948563396413014,-70.10026365175683,0.0,0.0,0.10122909661567113,0.0,-0.008726646259971648,0.07330382858376185,0.017453292519943295,-0.2879793265790644,0.0,0.0,0.0,0.0,0.0,0.0,0.0,0.0,0.021093896484375,0.0,-0.029531455078125,-0.021093896484375,-0.00843755859375,0.033750234375,0.0039785302734375,-0.043763833007812496,0.0,0.0,0.0,0.0,0.0,0.0,0.0,0.0,0.0,0.0,0.0,0.0,0.0,0.0,0.0,0.0,0.0,0.0,0.0,0.0,0.0,0.0,0.0,0.0,0.0,0.0
8.708532343,0.0,0.02068564229463732,-0.009239773060063072,0.5967647231711535,-0.7131511316757733,2.1192045213779798,-2.1026156031700896,60.94875538263073,-70.1037194036758,0.0,0.0,0.10297442586766545,0.0,-0.004363323129985824,0.041015237421866746,0.020943951023931956,-0.38571776469074687,0.0,0.0,0.0,0.0,0.0,0.0,0.0,0.0,0.012656337890625,0.012656337890625,-0.029531455078125,-0.012656337890625,0.00843755859375,0.0,0.0039785302734375,-0.0278497119140625,0.0,0.0,0.0,0.0,0.0,0.0,0.0,0.0,0.0,0.0,0.0,0.0,0.0,0.0,0.0,0.0,0.0,0.0,0.0,0.0,0.0,0.0,0.0,0.0,0.0,0.0
8.718556074,0.0,0.02068564229463732,-0.009239773060063072,0.5977246542597499,-0.7132383981383725,2.1192045213779798,-2.1024236169523705,60.949034635311044,-70.10698316937703,0.0,0.0,0.07679448708775051,0.0,-0.0026179938779914945,0.020071286397934793,0.019198621771937627,-0.32812189937493397,0.0,0.0,0.0,0.0,0.0,0.0,0.0,0.0,0.00843755859375,0.0,0.012656337890625,-0.0168751171875,-0.0168751171875,-0.00843755859375,0.0039785302734375,-0.01591412109375,0.0,0.0,0.0,0.0,0.0,0.0,0.0,0.0,0.0,0.0,0.0,0.0,0.0,0.0,0.0,0.0,0.0,0.0,0.0,0.0,0.0,0.0,0.0,0.0,0.0,0.0
8.728288281000001,0.0,0.02068564229463732,-0.009239773060063072,0.5983878793755082,-0.7132383981383725,2.1191608881466797,-2.1020396445169323,60.94922662152877,-70.11033420154085,0.0,0.0,0.050614548307835565,0.0,0.0,0.048869219055841226,0.020943951023931956,-0.35430183815484895,0.0,0.0,0.0,0.0,0.0,0.0,0.0,0.0,0.012656337890625,0.00843755859375,-0.029531455078125,-0.012656337890625,0.0,0.04218779296875,-0.007957060546875,0.0039785302734375,0.0,0.0,0.0,0.0,0.0,0.0,0.0,0.0,0.0,0.0,0.0,0.0,0.0,0.0,0.0,0.0,0.0,0.0,0.0,0.0,0.0,0.0,0.0,0.0,0.0,0.0
8.738481455,0.0,0.02068564229463732,-0.009239773060063072,0.5987718518109468,-0.7132383981383725,2.1191608881466797,-2.101420052632474,60.9494186077465,-70.11378995345979,0.0,0.0,0.04188790204786391,0.005235987755982989,0.0,0.06806784082777886,0.024434609527920613,-0.3490658503988659,0.0,0.0,0.0,0.0,0.0,0.0,0.0,0.0,0.004218779296875,-0.004218779296875,0.0,-0.02531267578125,-0.00843755859375,0.0506253515625,0.007957060546875,0.0119355908203125,0.0,0.0,0.0,0.0,0.0,0.0,0.0,0.0,0.0,0.0,0.0,0.0,0.0,0.0,0.0,0.0,0.0,0.0,0.0,0.0,0.0,0.0,0.0,0.0,0.0,0.0
8.748338944,0.0,0.02068564229463732,-0.009239773060063072,0.5991558242463855,-0.7129591454580524,2.1191608881466797,-2.100887727210615,60.9496105939642,-70.11714098562364,0.0,0.0,0.024434609527920613,0.031415926535897934,0.0,0.03490658503988659,0.015707963267948967,-0.30543261909900765,0.0,0.0,0.0,0.0,0.0,0.0,0.0,0.0,0.012656337890625,0.00843755859375,-0.029531455078125,-0.0168751171875,-0.00843755859375,-0.033750234375,0.007957060546875,0.0318282421875,0.0,0.0,0.0,0.0,0.0,0.0,0.0,0.0,0.0,0.0,0.0,0.0,0.0,0.0,0.0,0.0,0.0,0.0,0.0,0.0,0.0,0.0,0.0,0.0,0.0,0.0
8.758344947000001,0.0,0.02068564229463732,-0.009239773060063072,0.5993478104641055,-0.7128544257029334,2.1191608881466797,-2.100695740992897,60.949802580181945,-70.12040475132487,0.0,0.0,0.02617993877991494,0.0,0.0,0.013962634015954637,0.017453292519943295,-0.33335788713091696,0.0,0.0,0.0,0.0,0.0,0.0,0.0,0.0,0.0168751171875,0.00843755859375,-0.033750234375,-0.012656337890625,0.00843755859375,-0.033750234375,0.007957060546875,0.0358067724609375,0.0,0.0,0.0,0.0,0.0,0.0,0.0,0.0,0.0,0.0,0.0,0.0,0.0,0.0,0.0,0.0,0.0,0.0,0.0,0.0,0.0,0.0,0.0,0.0,0.0,0.0
8.768296869,0.0,0.02068564229463732,-0.009239773060063072,0.5997317828995437,-0.7127671592403342,2.1191608881466797,-2.1004601215438767,60.949907299937045,-70.12356379727098,0.0,0.0,0.031415926535897934,0.0,0.0,0.03228859116189509,0.015707963267948967,-0.2984513020910304,0.0,0.0,0.0,0.0,0.0,0.0,0.0,0.0,0.00843755859375,0.00843755859375,-0.029531455078125,-0.00843755859375,-0.00843755859375,0.0506253515625,0.007957060546875,0.043763833007812496,0.0,0.0,0.0,0.0,0.0,0.0,0.0,0.0,0.0,0.0,0.0,0.0,0.0,0.0,0.0,0.0,0.0,0.0,0.0,0.0,0.0,0.0,0.0,0.0,0.0,0.0
8.778791072,0.0,0.02068564229463732,-0.009239773060063072,0.6001157553349823,-0.7127671592403342,2.1191608881466797,-2.1001721422172976,60.94999456639963,-70.1269148294348,0.0,0.0,0.03665191429188092,0.0,0.0,0.028797932657906436,0.0,-0.3316125578789226,0.0,0.0,0.0,0.0,0.0,0.0,0.0,0.0,0.012656337890625,0.012656337890625,0.0,-0.0168751171875,0.0,-0.0506253515625,0.0,0.043763833007812496,0.0,0.0,0.0,0.0,0.0,0.0,0.0,0.0,0.0,0.0,0.0,0.0,0.0,0.0,0.0,0.0,0.0,0.0,0.0,0.0,0.0,0.0,0.0,0.0,0.0,0.0
8.78849771,0.0,0.02068564229463732,-0.009239773060063072,0.6006044475255412,-0.7127671592403342,2.1191608881466797,-2.0998841628907186,60.94999456639963,-70.13047530110886,0.0,0.0,0.05585053606381855,0.0,0.0,0.028797932657906436,0.0,-0.37699111843077515,0.0,0.0,0.0,0.0,0.0,0.0,0.0,0.0,0.00843755859375,-0.004218779296875,0.012656337890625,-0.004218779296875,0.00843755859375,0.05906291015625,0.0039785302734375,0.0039785302734375,0.0,0.0,0.0,0.0,0.0,0.0,0.0,0.0,0.0,0.0,0.0,0.0,0.0,0.0,0.0,0.0,0.0,0.0,0.0,0.0,0.0,0.0,0.0,0.0,0.0,0.0
8.798448704,0.0,0.02068564229463732,-0.009239773060063072,0.6012676726412987,-0.7127671592403342,2.1191608881466797,-2.0995961835641386,60.949907299937045,-70.13372161351758,0.0,0.0,0.06632251157578452,0.0,0.0,0.027052603405912107,0.0,-0.30543261909900765,0.0,0.0,0.0,0.0,0.0,0.0,0.0,0.0,0.00843755859375,-0.004218779296875,0.012656337890625,-0.004218779296875,0.00843755859375,0.05906291015625,0.0039785302734375,-0.007957060546875,0.0,0.0,0.0,0.0,0.0,0.0,0.0,0.0,0.0,0.0,0.0,0.0,0.0,0.0,0.0,0.0,0.0,0.0,0.0,0.0,0.0,0.0,0.0,0.0,0.0,0.0
8.808354546,0.0,0.02068564229463732,-0.009239773060063072,0.6019483510495767,-0.7127671592403342,2.1191608881466797,-2.0993518374688604,60.94971531371933,-70.13670612653848,0.0,0.0,0.06981317007977318,0.0,0.0,0.017453292519943295,-0.017453292519943295,-0.35430183815484895,0.0,0.0,0.0,0.0,0.0,0.0,0.0,0.0,0.012656337890625,0.00843755859375,0.012656337890625,-0.004218779296875,0.0,0.05906291015625,0.007957060546875,-0.0198926513671875,0.0,0.0,0.0,0.0,0.0,0.0,0.0,0.0,0.0,0.0,0.0,0.0,0.0,0.0,0.0,0.0,0.0,0.0,0.0,0.0,0.0,0.0,0.0,0.0,0.0,0.0
8.818332805,0.0,0.02068564229463732,-0.009239773060063072,0.6026988426279338,-0.7128544257029334,2.1191608881466797,-2.0991598512511405,60.94971531371933,-70.14024914492003,0.0,0.0,0.06806784082777886,-0.008726646259971648,0.0,0.015707963267948967,-0.008726646259971648,-0.35430183815484895,0.0,0.0,0.0,0.0,0.0,0.0,0.0,0.0,-0.046406572265625,-0.004218779296875,0.012656337890625,-0.00843755859375,0.0168751171875,0.04218779296875,0.0039785302734375,-0.039785302734375,0.0,0.0,0.0,0.0,0.0,0.0,0.0,0.0,0.0,0.0,0.0,0.0,0.0,0.0,0.0,0.0,0.0,0.0,0.0,0.0,0.0,0.0,0.0,0.0,0.0,0.0
8.828527866,0.0,0.02068564229463732,-0.009239773060063072,0.6033795210362118,-0.7128544257029334,2.1191608881466797,-2.0989678650334214,60.94971531371933,-70.14360017708387,0.0,0.0,0.06283185307179587,0.0,0.0,0.01658062789394613,0.012217304763960306,-0.3089232776029963,0.0,0.0,0.0,0.0,0.0,0.0,0.0,0.0,0.00843755859375,-0.004218779296875,-0.021093896484375,-0.012656337890625,-0.00843755859375,0.04218779296875,0.007957060546875,-0.043763833007812496,0.0,0.0,0.0,0.0,0.0,0.0,0.0,0.0,0.0,0.0,0.0,0.0,0.0,0.0,0.0,0.0,0.0,0.0,0.0,0.0,0.0,0.0,0.0,0.0,0.0,0.0
8.838762705,0.0,0.02068564229463732,-0.009239773060063072,0.6040427461519702,-0.7128544257029334,2.1191608881466797,-2.098828238693262,60.94999456639963,-70.14656723681226,0.0,0.0,0.06981317007977318,0.0,0.0,0.01832595714594046,0.027925268031909273,-0.30543261909900765,0.0,0.0,0.0,0.0,0.0,0.0,0.0,0.0,0.00843755859375,-0.004218779296875,0.00843755859375,-0.00843755859375,0.00843755859375,0.033750234375,0.0,-0.0358067724609375,0.0,0.0,0.0,0.0,0.0,0.0,0.0,0.0,0.0,0.0,0.0,0.0,0.0,0.0,0.0,0.0,0.0,0.0,0.0,0.0,0.0,0.0,0.0,0.0,0.0,0.0
8.848292797000001,0.0,0.02068564229463732,-0.009239773060063072,0.6048106910228475,-0.7130464119206525,2.1191608881466797,-2.098636252475542,60.95029127237249,-70.14955174983317,0.0,0.0,0.07155849933176751,-0.015707963267948967,0.0,0.01832595714594046,0.03490658503988659,-0.24260076602721178,0.0,0.0,0.0,0.0,0.0,0.0,0.0,0.0,0.004218779296875,-0.004218779296875,-0.004218779296875,0.0,0.0,0.04218779296875,-0.01591412109375,-0.023871181640625,0.0,0.0,0.0,0.0,0.0,0.0,0.0,0.0,0.0,0.0,0.0,0.0,0.0,0.0,0.0,0.0,0.0,0.0,0.0,0.0,0.0,0.0,0.0,0.0,0.0,0.0
8.858292752,0.0,0.02068564229463732,-0.009239773060063072,0.6055786358937247,-0.7132383981383725,2.1191608881466797,-2.098444266257823,60.95067524480793,-70.15213483712611,0.0,0.0,0.08203047484373349,-0.027925268031909273,0.0,0.020943951023931956,0.03316125578789226,-0.24958208303518914,0.0,0.0,0.0,0.0,0.0,0.0,0.0,0.0,-0.04218779296875,-0.004218779296875,0.004218779296875,-0.004218779296875,0.0,0.02531267578125,0.0039785302734375,0.039785302734375,0.0,0.0,0.0,0.0,0.0,0.0,0.0,0.0,0.0,0.0,0.0,0.0,0.0,0.0,0.0,0.0,0.0,0.0,0.0,0.0,0.0,0.0,0.0,0.0,0.0,0.0
8.868264674,0.0,0.02068564229463732,-0.009239773060063072,0.6063465807646025,-0.7134303843560907,2.1191608881466797,-2.098156286931244,60.95095449748826,-70.15433395198362,0.0,0.0,0.08377580409572782,-0.027925268031909273,0.0,0.027925268031909273,0.027925268031909273,-0.2617993877991494,0.0,0.0,0.0,0.0,0.0,0.0,0.0,0.0,-0.046406572265625,0.004218779296875,-0.00843755859375,-0.004218779296875,0.00843755859375,0.0168751171875,0.0,-0.0039785302734375,0.0,0.0,0.0,0.0,0.0,0.0,0.0,0.0,0.0,0.0,0.0,0.0,0.0,0.0,0.0,0.0,0.0,0.0,0.0,0.0,0.0,0.0,0.0,0.0,0.0,0.0
8.878734908,0.0,0.02068564229463732,-0.009239773060063072,0.6074112316083187,-0.7139190765466497,2.1191608881466797,-2.0976326881556466,60.95125120346109,-70.15682977281398,0.0,0.0,0.10995574287564278,-0.047123889803846894,0.0,0.06632251157578452,0.03490658503988659,-0.2076941809873252,0.0,0.0,0.0,0.0,0.0,0.0,0.0,0.0,0.004218779296875,-0.004218779296875,-0.00843755859375,0.0,0.00843755859375,0.033750234375,0.007957060546875,0.007957060546875,0.0,0.0,0.0,0.0,0.0,0.0,0.0,0.0,0.0,0.0,0.0,0.0,0.0,0.0,0.0,0.0,0.0,0.0,0.0,0.0,0.0,0.0,0.0,0.0,0.0,0.0
8.888512876,0.0,0.02068564229463732,-0.009239773060063072,0.6088424015949543,-0.714582301662408,2.1191608881466797,-2.0969083765160677,60.95153045614139,-70.15913360742661,0.0,0.0,0.17802358370342164,-0.08377580409572782,0.0,0.07592182246175334,0.02617993877991494,-0.25656340004316647,0.0,0.0,0.0,0.0,0.0,0.0,0.0,0.0,-0.04218779296875,0.004218779296875,-0.012656337890625,-0.004218779296875,0.0,0.02531267578125,0.0119355908203125,0.0198926513671875,0.0,0.0,0.0,0.0,0.0,0.0,0.0,0.0,0.0,0.0,0.0,0.0,0.0,0.0,0.0,0.0,0.0,0.0,0.0,0.0,0.0,0.0,0.0,0.0,0.0,0.0
8.898315836,0.0,0.02068564229463732,-0.009239773060063072,0.6108495302347476,-0.7155422327510053,2.1191608881466797,-2.0961927915227503,60.95172244235912,-70.16143744203924,0.0,0.0,0.21293016874330822,-0.12042771838760874,0.0,0.07068583470577033,0.005235987755982989,-0.24958208303518914,0.0,0.0,0.0,0.0,0.0,0.0,0.0,0.0,0.0168751171875,-0.004218779296875,-0.012656337890625,0.0,0.00843755859375,-0.00843755859375,-0.023871181640625,-0.0119355908203125,0.0,0.0,0.0,0.0,0.0,0.0,0.0,0.0,0.0,0.0,0.0,0.0,0.0,0.0,0.0,0.0,0.0,0.0,0.0,0.0,0.0,0.0,0.0,0.0,0.0,0.0
8.908428145,0.0,0.02068564229463732,-0.009239773060063072,0.6132580846025002,-0.7169908560301597,2.1191608881466797,-2.095520839760732,60.95182716211425,-70.16431723530505,0.0,0.0,0.28099800957108706,-0.14311699866353503,0.0,0.06457718232379019,0.006981317007977318,-0.27401669256310973,0.0,0.0,0.0,0.0,0.0,0.0,0.0,0.0,0.02531267578125,0.0,-0.029531455078125,0.012656337890625,-0.00843755859375,0.0,-0.023871181640625,0.039785302734375,0.0,0.0,0.0,0.0,0.0,0.0,0.0,0.0,0.0,0.0,0.0,0.0,0.0,0.0,0.0,0.0,0.0,0.0,0.0,0.0,0.0,0.0,0.0,0.0,0.0,0.0
8.918404387,0.0,0.02068564229463732,-0.009239773060063072,0.6161204245757705,-0.7186140122345153,2.1191608881466797,-2.095136867325294,60.95182716211425,-70.16756354771374,0.0,0.0,0.2879793265790644,-0.17976891295541597,0.0,0.01832595714594046,-0.010471975511965978,-0.3560471674068433,0.0,0.0,0.0,0.0,0.0,0.0,0.0,0.0,-0.046406572265625,-0.004218779296875,-0.029531455078125,0.0168751171875,0.00843755859375,0.00843755859375,0.0119355908203125,-0.0358067724609375,0.0,0.0,0.0,0.0,0.0,0.0,0.0,0.0,0.0,0.0,0.0,0.0,0.0,0.0,0.0,0.0,0.0,0.0,0.0,0.0,0.0,0.0,0.0,0.0,0.0,0.0
8.928407446000001,0.0,0.02068564229463732,-0.009239773060063072,0.6191049375966813,-0.72023716843887,2.1191608881466797,-2.0948052547674147,60.95172244235912,-70.17063532719726,0.0,0.0,0.29670597283903605,-0.1518436449235067,0.0,0.054105206811824215,-0.010471975511965978,-0.2635447170511438,0.0,0.0,0.0,0.0,0.0,0.0,0.0,0.0,-0.029531455078125,0.004218779296875,-0.029531455078125,0.0168751171875,0.0168751171875,0.0,-0.023871181640625,0.023871181640625,0.0,0.0,0.0,0.0,0.0,0.0,0.0,0.0,0.0,0.0,0.0,0.0,0.0,0.0,0.0,0.0,0.0,0.0,0.0,0.0,0.0,0.0,0.0,0.0,0.0,0.0
8.938340456,0.0,0.02068564229463732,-0.009239773060063072,0.6222639835427906,-0.7216857917180244,2.1191608881466797,-2.0939849500189784,60.95153045614139,-70.1738990928985,0.0,0.0,0.30543261909900765,-0.1466076571675237,0.0,0.09861110273767962,-0.012217304763960306,-0.45902159327450864,0.0,0.0,0.0,0.0,0.0,0.0,0.0,0.0,0.02531267578125,-0.004218779296875,-0.012656337890625,0.0168751171875,0.0,-0.04218779296875,-0.023871181640625,0.0198926513671875,0.0,0.0,0.0,0.0,0.0,0.0,0.0,0.0,0.0,0.0,0.0,0.0,0.0,0.0,0.0,0.0,0.0,0.0,0.0,0.0,0.0,0.0,0.0,0.0,0.0,0.0
8.948485565,0.0,0.02068564229463732,-0.009239773060063072,0.625335763026301,-0.7232216814597798,2.1191608881466797,-2.092737039603802,60.951443189678805,-70.17812278968833,0.0,0.0,0.30019663134302466,-0.12217304763960307,0.0,0.1265363707695889,-0.005235987755982989,-0.3996803987067015,0.0,0.0,0.0,0.0,0.0,0.0,0.0,0.0,0.021093896484375,-0.004218779296875,-0.004218779296875,0.012656337890625,0.00843755859375,-0.02531267578125,-0.023871181640625,-0.0039785302734375,0.0,0.0,0.0,0.0,0.0,0.0,0.0,0.0,0.0,0.0,0.0,0.0,0.0,0.0,0.0,0.0,0.0,0.0,0.0,0.0,0.0,0.0,0.0,0.0,0.0,0.0
8.958339246000001,0.0,0.02068564229463732,-0.009239773060063072,0.6282155562920915,-0.7240768927932573,2.1191608881466797,-2.0914978558348856,60.95125120346109,-70.18243375294072,0.0,0.0,0.2897246558310587,-0.047123889803846894,0.0,0.11257373675363426,-0.017453292519943295,-0.4729842272904633,0.0,0.0,0.0,0.0,0.0,0.0,0.0,0.0,-0.029531455078125,0.0,0.00843755859375,0.0,0.0,-0.00843755859375,0.0119355908203125,-0.023871181640625,0.0,0.0,0.0,0.0,0.0,0.0,0.0,0.0,0.0,0.0,0.0,0.0,0.0,0.0,0.0,0.0,0.0,0.0,0.0,0.0,0.0,0.0,0.0,0.0,0.0,0.0
8.968383682,0.0,0.02068564229463732,-0.009239773060063072,0.6309906298027625,-0.7246528514464154,2.1191608881466797,-2.0907735441953075,60.95114648370596,-70.18684943594829,0.0,0.0,0.2635447170511438,-0.06457718232379019,0.0,0.06021385919380437,-0.0017453292519943296,-0.4642575810304917,0.0,0.0,0.0,0.0,0.0,0.0,0.0,0.0,0.021093896484375,0.0,0.0168751171875,0.004218779296875,0.00843755859375,0.00843755859375,-0.023871181640625,-0.043763833007812496,0.0,0.0,0.0,0.0,0.0,0.0,0.0,0.0,0.0,0.0,0.0,0.0,0.0,0.0,0.0,0.0,0.0,0.0,0.0,0.0,0.0,0.0,0.0,0.0,0.0,0.0
8.978801211,0.0,0.02068564229463732,-0.009239773060063072,0.6335737170957136,-0.7253160765621738,2.1191608881466797,-2.089717619997852,60.95114648370596,-70.19201561053417,0.0,0.0,0.22689280275926285,-0.05934119456780721,0.0,0.1466076571675237,0.0,-0.4939281783143953,0.0,0.0,0.0,0.0,0.0,0.0,0.0,0.0,0.02531267578125,-0.004218779296875,0.021093896484375,0.029531455078125,-0.00843755859375,-0.05906291015625,0.007957060546875,0.0358067724609375,0.0,0.0,0.0,0.0,0.0,0.0,0.0,0.0,0.0,0.0,0.0,0.0,0.0,0.0,0.0,0.0,0.0,0.0,0.0,0.0,0.0,0.0,0.0,0.0,0.0,0.0
8.988574666,0.0,0.02068564229463732,-0.009239773060063072,0.6356855654906268,-0.7254207963172927,2.1191085282691198,-2.0880421039159374,60.95114648370596,-70.19662327975945,0.0,0.0,0.22514747350726852,0.0,-0.008726646259971648,0.17976891295541597,0.0,-0.44156830075456543,0.0,0.0,0.0,0.0,0.0,0.0,0.0,0.0,0.021093896484375,-0.004218779296875,-0.00843755859375,0.029531455078125,0.0,0.02531267578125,0.007957060546875,-0.0119355908203125,0.0,0.0,0.0,0.0,0.0,0.0,0.0,0.0,0.0,0.0,0.0,0.0,0.0,0.0,0.0,0.0,0.0,0.0,0.0,0.0,0.0,0.0,0.0,0.0,0.0,0.0
8.998488764000001,0.0,0.02068564229463732,-0.009239773060063072,0.6377974138855405,-0.7253160765621738,2.1190648950378197,-2.086750560269461,60.95125120346109,-70.20131821544732,0.0,0.0,0.20071286397934787,0.0,-0.008726646259971648,0.08203047484373349,0.005235987755982989,-0.5288347633542818,0.0,0.0,0.0,0.0,0.0,0.0,0.0,0.0,0.012656337890625,-0.004218779296875,0.029531455078125,0.021093896484375,0.00843755859375,-0.04218779296875,0.007957060546875,0.0119355908203125,0.0,0.0,0.0,0.0,0.0,0.0,0.0,0.0,0.0,0.0,0.0,0.0,0.0,0.0,0.0,0.0,0.0,0.0,0.0,0.0,0.0,0.0,0.0,0.0,0.0,0.0
9.008367181,0.0,0.02068564229463732,-0.009239773060063072,0.6398045425253334,-0.7254207963172927,2.11901253516026,-2.0859826153985837,60.95125120346109,-70.20639712357061,0.0,0.0,0.18151424220741028,0.0,-0.009599310885968814,0.08901179185171082,0.0,-0.4468042885105484,0.0,0.0,0.0,0.0,0.0,0.0,0.0,0.0,0.012656337890625,-0.004218779296875,0.0168751171875,0.00843755859375,0.0,0.06750046875,0.0,0.0358067724609375,0.0,0.0,0.0,0.0,0.0,0.0,0.0,0.0,0.0,0.0,0.0,0.0,0.0,0.0,0.0,0.0,0.0,0.0,0.0,0.0,0.0,0.0,0.0,0.0,0.0,0.0
9.018285983,0.0,0.02068564229463732,-0.009239773060063072,0.6413404322670893,-0.7253160765621738,2.1188729088201006,-2.0849266912011273,60.95114648370596,-70.21158075144903,0.0,0.0,0.1343903524035634,0.017453292519943295,-0.022689280275926284,0.12740903539558607,-0.005235987755982989,-0.5445427266222309,0.0,0.0,0.0,0.0,0.0,0.0,0.0,0.0,-0.046406572265625,-0.004218779296875,0.029531455078125,0.00843755859375,0.0,0.033750234375,0.007957060546875,0.0517208935546875,0.0,0.0,0.0,0.0,0.0,0.0,0.0,0.0,0.0,0.0,0.0,0.0,0.0,0.0,0.0,0.0,0.0,0.0,0.0,0.0,0.0,0.0,0.0,0.0,0.0,0.0
9.028435636000001,0.0,0.02068564229463732,-0.009239773060063072,0.6425970693285246,-0.7247401179090147,2.1185849294935224,-2.083390801459372,60.95114648370596,-70.21655493981724,0.0,0.0,0.12915436464758037,0.06457718232379019,-0.03577924966588376,0.1457349925415265,0.0,-0.5358160803622591,0.0,0.0,0.0,0.0,0.0,0.0,0.0,0.0,0.012656337890625,-0.004218779296875,-0.02531267578125,-0.0168751171875,0.00843755859375,0.02531267578125,0.0119355908203125,0.0358067724609375,0.0,0.0,0.0,0.0,0.0,0.0,0.0,0.0,0.0,0.0,0.0,0.0,0.0,0.0,0.0,0.0,0.0,0.0,0.0,0.0,0.0,0.0,0.0,0.0,0.0,0.0
9.038426247,0.0,0.02068564229463732,-0.009239773060063072,0.6436442668797211,-0.7240768927932573,2.1181485971805234,-2.0820992578128963,60.95125120346109,-70.22222725988622,0.0,0.0,0.08377580409572782,0.07679448708775051,-0.04188790204786391,0.10646508437165411,0.012217304763960306,-0.5323254218582705,0.0,0.0,0.0,0.0,0.0,0.0,0.0,0.0,0.0168751171875,0.012656337890625,-0.02531267578125,0.004218779296875,0.00843755859375,0.00843755859375,0.0039785302734375,0.0,0.0,0.0,0.0,0.0,0.0,0.0,0.0,0.0,0.0,0.0,0.0,0.0,0.0,0.0,0.0,0.0,0.0,0.0,0.0,0.0,0.0,0.0,0.0,0.0,0.0,0.0
9.048421402,0.0,0.02068564229463732,-0.009239773060063072,0.6444122117505988,-0.7229249754869409,2.1176686316362243,-2.081374946173319,60.95133846992368,-70.22681747581896,0.0,0.0,0.06981317007977318,0.11868238913561442,-0.05585053606381855,0.06021385919380437,0.017453292519943295,-0.5235987755982988,0.0,0.0,0.0,0.0,0.0,0.0,0.0,0.0,0.012656337890625,0.00843755859375,-0.02531267578125,-0.012656337890625,0.0168751171875,0.0168751171875,0.007957060546875,-0.0278497119140625,0.0,0.0,0.0,0.0,0.0,0.0,0.0,0.0,0.0,0.0,0.0,0.0,0.0,0.0,0.0,0.0,0.0,0.0,0.0,0.0,0.0,0.0,0.0,0.0,0.0,0.0
9.058519502000001,0.0,0.02068564229463732,-0.009239773060063072,0.6447961841860375,-0.7220697641534635,2.116996679874207,-2.0804237417309808,60.951443189678805,-70.23257706235053,0.0,0.0,0.029670597283903605,0.09250245035569947,-0.07592182246175334,0.12217304763960307,0.010471975511965978,-0.5462880558742251,0.0,0.0,0.0,0.0,0.0,0.0,0.0,0.0,0.00843755859375,0.021093896484375,0.00843755859375,-0.004218779296875,0.033750234375,0.0,0.0119355908203125,-0.04774236328125,0.0,0.0,0.0,0.0,0.0,0.0,0.0,0.0,0.0,0.0,0.0,0.0,0.0,0.0,0.0,0.0,0.0,0.0,0.0,0.0,0.0,0.0,0.0,0.0,0.0,0.0
9.06844528,0.0,0.02068564229463732,-0.009239773060063072,0.6449881704037566,-0.7206211408743082,2.1163334547584496,-2.0792718244246653,60.95153045614139,-70.23735926450101,0.0,0.0,0.0,0.1658062789394613,-0.04188790204786391,0.10035643198967394,0.010471975511965978,-0.44854961776254276,0.0,0.0,0.0,0.0,0.0,0.0,0.0,0.0,0.00843755859375,0.00843755859375,-0.02531267578125,-0.004218779296875,-0.02531267578125,0.033750234375,-0.0039785302734375,-0.043763833007812496,0.0,0.0,0.0,0.0,0.0,0.0,0.0,0.0,0.0,0.0,0.0,0.0,0.0,0.0,0.0,0.0,0.0,0.0,0.0,0.0,0.0,0.0,0.0,0.0,0.0,0.0
9.078925498,0.0,0.02068564229463732,-0.009239773060063072,0.6448834506486372,-0.7191899708876734,2.1161414685407296,-2.078259533458509,60.95172244235912,-70.24235090616169,0.0,0.0,0.0,0.10646508437165411,-0.01832595714594046,0.09075712110370514,0.017453292519943295,-0.5340707511102648,0.0,0.0,0.0,0.0,0.0,0.0,0.0,0.0,0.00843755859375,0.012656337890625,0.00843755859375,0.0,-0.02531267578125,0.04218779296875,0.007957060546875,-0.01591412109375,0.0,0.0,0.0,0.0,0.0,0.0,0.0,0.0,0.0,0.0,0.0,0.0,0.0,0.0,0.0,0.0,0.0,0.0,0.0,0.0,0.0,0.0,0.0,0.0,0.0,0.0
9.088631657,0.0,0.02068564229463732,-0.009239773060063072,0.6448834506486372,-0.7180380535813562,2.1158534892141505,-2.0775963083427507,60.95182716211425,-70.2472378280673,0.0,0.0,0.0,0.11693705988362009,-0.038397243543875255,0.05497787143782139,0.003490658503988659,-0.47123889803846897,0.0,0.0,0.0,0.0,0.0,0.0,0.0,0.0,0.00843755859375,-0.004218779296875,0.02531267578125,-0.0168751171875,-0.04218779296875,0.05906291015625,0.0039785302734375,0.01591412109375,0.0,0.0,0.0,0.0,0.0,0.0,0.0,0.0,0.0,0.0,0.0,0.0,0.0,0.0,0.0,0.0,0.0,0.0,0.0,0.0,0.0,0.0,0.0,0.0,0.0,0.0
9.098466137,0.0,0.02068564229463732,-0.009239773060063072,0.6447961841860375,-0.7167988698124415,2.1154695167787123,-2.0769243565807334,60.95182716211425,-70.251356805102,0.0,0.0,-0.012217304763960306,0.14311699866353503,-0.04014257279586959,0.08115781021773633,-0.008726646259971648,-0.3717551306747922,0.0,0.0,0.0,0.0,0.0,0.0,0.0,0.0,0.004218779296875,-0.004218779296875,0.00843755859375,-0.0168751171875,-0.02531267578125,0.033750234375,0.0119355908203125,-0.007957060546875,0.0,0.0,0.0,0.0,0.0,0.0,0.0,0.0,0.0,0.0,0.0,0.0,0.0,0.0,0.0,0.0,0.0,0.0,0.0,0.0,0.0,0.0,0.0,0.0,0.0,0.0
9.108436492000001,0.0,0.02068564229463732,-0.009239773060063072,0.6446914644309172,-0.7156469525061242,2.1150855443432732,-2.076252404818715,60.95163517589652,-70.25568522164693,0.0,0.0,-0.012217304763960306,0.08203047484373349,-0.03665191429188092,0.04799655442984406,-0.017453292519943295,-0.43109632524259944,0.0,0.0,0.0,0.0,0.0,0.0,0.0,0.0,0.0168751171875,-0.004218779296875,0.00843755859375,-0.029531455078125,-0.02531267578125,0.06750046875,0.0119355908203125,0.043763833007812496,0.0,0.0,0.0,0.0,0.0,0.0,0.0,0.0,0.0,0.0,0.0,0.0,0.0,0.0,0.0,0.0,0.0,0.0,0.0,0.0,0.0,0.0,0.0,0.0,0.0,0.0
9.118385118,0.0,0.02068564229463732,-0.009239773060063072,0.6446041979683179,-0.714774287880128,2.114841198247994,-2.075912065614576,60.951443189678805,-70.2595074927088,0.0,0.0,0.0,0.10646508437165411,-0.01832595714594046,0.027925268031909273,-0.024434609527920613,-0.3665191429188092,0.0,0.0,0.0,0.0,0.0,0.0,0.0,0.0,0.00843755859375,-0.004218779296875,0.012656337890625,-0.02531267578125,0.04218779296875,0.0506253515625,0.0119355908203125,0.007957060546875,0.0,0.0,0.0,0.0,0.0,0.0,0.0,0.0,0.0,0.0,0.0,0.0,0.0,0.0,0.0,0.0,0.0,0.0,0.0,0.0,0.0,0.0,0.0,0.0,0.0,0.0
9.128572212,0.0,0.02068564229463732,-0.009239773060063072,0.6444122117505988,-0.7134303843560907,2.114797565016694,-2.075432100070278,60.95114648370596,-70.2633472170632,0.0,0.0,-0.031415926535897934,0.14311699866353503,0.0,0.06632251157578452,-0.031415926535897934,-0.3577924966588375,0.0,0.0,0.0,0.0,0.0,0.0,0.0,0.0,-0.046406572265625,0.0,0.012656337890625,-0.029531455078125,-0.0168751171875,0.0506253515625,-0.0198926513671875,-0.043763833007812496,0.0,0.0,0.0,0.0,0.0,0.0,0.0,0.0,0.0,0.0,0.0,0.0,0.0,0.0,0.0,0.0,0.0,0.0,0.0,0.0,0.0,0.0,0.0,0.0,0.0,0.0
9.138379204000001,0.0,0.02068564229463732,-0.009239773060063072,0.6440282393151597,-0.711999214369456,2.114745205139134,-2.0747601483082607,60.95086723102565,-70.26699495519988,0.0,0.0,-0.038397243543875255,0.16057029118347835,0.0,0.058468529941810045,-0.029670597283903605,-0.3612831551628263,0.0,0.0,0.0,0.0,0.0,0.0,0.0,0.0,0.004218779296875,-0.00843755859375,0.02531267578125,-0.021093896484375,0.04218779296875,0.0506253515625,0.0039785302734375,-0.0318282421875,0.0,0.0,0.0,0.0,0.0,0.0,0.0,0.0,0.0,0.0,0.0,0.0,0.0,0.0,0.0,0.0,0.0,0.0,0.0,0.0,0.0,0.0,0.0,0.0,0.0,0.0
9.14858873,0.0,0.02068564229463732,-0.009239773060063072,0.6434522806620016,-0.7102713384099815,2.114745205139134,-2.0745245288592407,60.95057052505282,-70.27083467955424,0.0,0.0,-0.05934119456780721,0.18151424220741028,0.0,0.006981317007977318,-0.04014257279586959,-0.3665191429188092,0.0,0.0,0.0,0.0,0.0,0.0,0.0,0.0,-0.054844130859375,-0.004218779296875,0.02531267578125,-0.02531267578125,0.04218779296875,0.0506253515625,0.007957060546875,-0.0318282421875,0.0,0.0,0.0,0.0,0.0,0.0,0.0,0.0,0.0,0.0,0.0,0.0,0.0,0.0,0.0,0.0,0.0,0.0,0.0,0.0,0.0,0.0,0.0,0.0,0.0,0.0
9.158697582,0.0,0.02068564229463732,-0.009239773060063072,0.6426843357911247,-0.7081594900150687,2.114701571907834,-2.0743325426415216,60.950099286154774,-70.27437769793579,0.0,0.0,-0.10122909661567113,0.21642082724729686,-0.008726646259971648,0.029670597283903605,-0.048869219055841226,-0.3368485456349056,0.0,0.0,0.0,0.0,0.0,0.0,0.0,0.0,-0.046406572265625,-0.004218779296875,0.02531267578125,-0.0168751171875,0.0,0.02531267578125,0.0039785302734375,-0.039785302734375,0.0,0.0,0.0,0.0,0.0,0.0,0.0,0.0,0.0,0.0,0.0,0.0,0.0,0.0,0.0,0.0,0.0,0.0,0.0,0.0,0.0,0.0,0.0,0.0,0.0,0.0
9.168316892,0.0,0.02068564229463732,-0.009239773060063072,0.6415324184848084,-0.705855655402436,2.1146492120302742,-2.0739485702060825,60.9496105939642,-70.27792071631735,0.0,0.0,-0.1308996938995747,0.25656340004316647,-0.008726646259971648,0.04276056667386108,-0.04537856055185257,-0.31590459461097364,0.0,0.0,0.0,0.0,0.0,0.0,0.0,0.0,-0.046406572265625,-0.004218779296875,0.00843755859375,-0.029531455078125,-0.02531267578125,0.0168751171875,-0.0119355908203125,-0.043763833007812496,0.0,0.0,0.0,0.0,0.0,0.0,0.0,0.0,0.0,0.0,0.0,0.0,0.0,0.0,0.0,0.0,0.0,0.0,0.0,0.0,0.0,0.0,0.0,0.0,0.0,0.0
9.179036313000001,0.0,0.02068564229463732,-0.009239773060063072,0.6401012484981727,-0.7033598345720833,2.114553218921415,-2.073616957648204,60.94913935506617,-70.28107976226345,0.0,0.0,-0.1466076571675237,0.23387411976724018,-0.008726646259971648,0.02181661564992912,-0.038397243543875255,-0.28623399732707006,0.0,0.0,0.0,0.0,0.0,0.0,0.0,0.0,-0.046406572265625,-0.004218779296875,0.00843755859375,-0.004218779296875,-0.02531267578125,0.0168751171875,-0.0039785302734375,0.0358067724609375,0.0,0.0,0.0,0.0,0.0,0.0,0.0,0.0,0.0,0.0,0.0,0.0,0.0,0.0,0.0,0.0,0.0,0.0,0.0,0.0,0.0,0.0,0.0,0.0,0.0,0.0
9.188805545000001,0.0,0.02068564229463732,-0.009239773060063072,0.6387573449741373,-0.7009687334968522,2.114509585690115,-2.073520964539344,60.9486506628756,-70.28395955552924,0.0,0.0,-0.13264502315156904,0.23561944901923448,0.0,0.0,-0.047123889803846894,-0.2530727415391778,0.0,0.0,0.0,0.0,0.0,0.0,0.0,0.0,0.021093896484375,-0.004218779296875,-0.029531455078125,0.0,0.0,0.00843755859375,0.0,-0.0358067724609375,0.0,0.0,0.0,0.0,0.0,0.0,0.0,0.0,0.0,0.0,0.0,0.0,0.0,0.0,0.0,0.0,0.0,0.0,0.0,0.0,0.0,0.0,0.0,0.0,0.0,0.0
9.198372757000001,0.0,0.02068564229463732,-0.009239773060063072,0.6371167354772624,-0.6983856462039011,2.114509585690115,-2.0734686046617843,60.948074704222456,-70.2864553763596,0.0,0.0,-0.1867502299633933,0.27401669256310973,0.0,0.0026179938779914945,-0.06632251157578452,-0.25656340004316647,0.0,0.0,0.0,0.0,0.0,0.0,0.0,0.0,-0.046406572265625,0.004218779296875,0.00843755859375,0.0168751171875,-0.04218779296875,0.0168751171875,-0.0039785302734375,0.039785302734375,0.0,0.0,0.0,0.0,0.0,0.0,0.0,0.0,0.0,0.0,0.0,0.0,0.0,0.0,0.0,0.0,0.0,0.0,0.0,0.0,0.0,0.0,0.0,0.0,0.0,0.0
9.208358696000001,0.0,0.02068564229463732,-0.009239773060063072,0.6352143265925885,-0.6956978391558293,2.114509585690115,-2.073424971430484,60.94751619886183,-70.28856722475452,0.0,0.0,-0.19024088846738194,0.2687807048071268,0.0,0.0,-0.04363323129985824,-0.1989675347273536,0.0,0.0,0.0,0.0,0.0,0.0,0.0,0.0,0.02531267578125,-0.004218779296875,-0.021093896484375,0.00843755859375,0.0,-0.06750046875,-0.0039785302734375,0.0,0.0,0.0,0.0,0.0,0.0,0.0,0.0,0.0,0.0,0.0,0.0,0.0,0.0,0.0,0.0,0.0,0.0,0.0,0.0,0.0,0.0,0.0,0.0,0.0,0.0,0.0
9.218350011,0.0,0.02068564229463732,-0.009239773060063072,0.6331024781976753,-0.6930100321077584,2.114509585690115,-2.073424971430484,60.94713222642638,-70.29057435339432,0.0,0.0,-0.22514747350726852,0.24609142453120048,0.0,0.0,-0.038397243543875255,-0.18151424220741028,0.0,0.0,0.0,0.0,0.0,0.0,0.0,0.0,-0.029531455078125,-0.004218779296875,-0.004218779296875,0.004218779296875,0.0,0.0168751171875,0.0,0.023871181640625,0.0,0.0,0.0,0.0,0.0,0.0,0.0,0.0,0.0,0.0,0.0,0.0,0.0,0.0,0.0,0.0,0.0,0.0,0.0,0.0,0.0,0.0,0.0,0.0,0.0,0.0
9.228367374000001,0.0,0.02068564229463732,-0.009239773060063072,0.6309906298027625,-0.6902349585970873,2.114509585690115,-2.073424971430484,60.946835520453554,-70.29211024313605,0.0,0.0,-0.20420352248333656,0.28274333882308134,0.0,0.0,-0.017453292519943295,-0.14311699866353503,0.0,0.0,0.0,0.0,0.0,0.0,0.0,0.0,0.021093896484375,-0.004218779296875,-0.00843755859375,-0.004218779296875,-0.04218779296875,-0.04218779296875,0.0039785302734375,0.0119355908203125,0.0,0.0,0.0,0.0,0.0,0.0,0.0,0.0,0.0,0.0,0.0,0.0,0.0,0.0,0.0,0.0,0.0,0.0,0.0,0.0,0.0,0.0,0.0,0.0,0.0,0.0
9.238353409,0.0,0.02068564229463732,-0.009239773060063072,0.6287915149452492,-0.6879311239844546,2.114509585690115,-2.073424971430484,60.946556267773225,-70.29364613287781,0.0,0.0,-0.2111848394913139,0.24085543677521748,0.0,-0.0017453292519943296,-0.027925268031909273,-0.12740903539558607,0.0,0.0,0.0,0.0,0.0,0.0,0.0,0.0,0.012656337890625,-0.004218779296875,-0.012656337890625,0.02531267578125,0.09281314453125,0.0168751171875,-0.007957060546875,0.0119355908203125,0.0,0.0,0.0,0.0,0.0,0.0,0.0,0.0,0.0,0.0,0.0,0.0,0.0,0.0,0.0,0.0,0.0,0.0,0.0,0.0,0.0,0.0,0.0,0.0,0.0,0.0
9.248513366000001,0.0,0.02068564229463732,-0.009239773060063072,0.6266796665503365,-0.6853480366915026,2.114509585690115,-2.073424971430484,60.946364281555496,-70.29450134421128,0.0,0.0,-0.21293016874330822,0.24260076602721178,0.0,0.0,-0.020943951023931956,-0.09075712110370514,0.0,0.0,0.0,0.0,0.0,0.0,0.0,0.0,0.0168751171875,-0.004218779296875,-0.0168751171875,-0.00843755859375,-0.02531267578125,0.0168751171875,0.0039785302734375,-0.0039785302734375,0.0,0.0,0.0,0.0,0.0,0.0,0.0,0.0,0.0,0.0,0.0,0.0,0.0,0.0,0.0,0.0,0.0,0.0,0.0,0.0,0.0,0.0,0.0,0.0,0.0,0.0
9.258286694,0.0,0.02068564229463732,-0.009239773060063072,0.6245678181554233,-0.6827474961060309,2.114509585690115,-2.073424971430484,60.94617229533778,-70.29526928908216,0.0,0.0,-0.20071286397934787,0.24085543677521748,0.0,-0.004363323129985824,-0.013962634015954637,-0.06457718232379019,0.0,0.0,0.0,0.0,0.0,0.0,0.0,0.0,0.021093896484375,0.0,-0.0168751171875,-0.0168751171875,0.00843755859375,-0.05906291015625,-0.007957060546875,0.0198926513671875,0.0,0.0,0.0,0.0,0.0,0.0,0.0,0.0,0.0,0.0,0.0,0.0,0.0,0.0,0.0,0.0,0.0,0.0,0.0,0.0,0.0,0.0,0.0,0.0,0.0,0.0
9.268336506,0.0,0.02068564229463732,-0.009239773060063072,0.6228399421959492,-0.6806531010036379,2.114509585690115,-2.073424971430484,60.94606757558267,-70.29614195370817,0.0,0.0,-0.1658062789394613,0.22165681500327988,0.0,0.0,-0.024434609527920613,-0.08203047484373349,0.0,0.0,0.0,0.0,0.0,0.0,0.0,0.0,0.021093896484375,-0.004218779296875,-0.02531267578125,0.0168751171875,-0.033750234375,-0.05906291015625,-0.0039785302734375,0.023871181640625,0.0,0.0,0.0,0.0,0.0,0.0,0.0,0.0,0.0,0.0,0.0,0.0,0.0,0.0,0.0,0.0,0.0,0.0,0.0,0.0,0.0,0.0,0.0,0.0,0.0,0.0
9.278785939,0.0,0.02068564229463732,-0.009239773060063072,0.6210247997738745,-0.6784365328536053,2.114509585690115,-2.073424971430484,60.94568360314721,-70.29680517882394,0.0,0.0,-0.17802358370342164,0.2478367537831948,0.0,0.0,-0.04188790204786391,-0.06632251157578452,0.0,0.0,0.0,0.0,0.0,0.0,0.0,0.0,0.012656337890625,0.0,0.012656337890625,0.0,0.06750046875,0.00843755859375,-0.0039785302734375,0.023871181640625,0.0,0.0,0.0,0.0,0.0,0.0,0.0,0.0,0.0,0.0,0.0,0.0,0.0,0.0,0.0,0.0,0.0,0.0,0.0,0.0,0.0,0.0,0.0,0.0,0.0,0.0
9.288438817000001,0.0,0.02068564229463732,-0.009239773060063072,0.619192204059281,-0.6759407120232535,2.114509585690115,-2.073424971430484,60.94529963071178,-70.29757312369482,0.0,0.0,-0.1762782544514273,0.22689280275926285,0.0,0.0,-0.038397243543875255,-0.0994837673636768,0.0,0.0,0.0,0.0,0.0,0.0,0.0,0.0,0.021093896484375,0.004218779296875,0.021093896484375,-0.00843755859375,0.07593802734375,0.00843755859375,-0.0039785302734375,-0.0358067724609375,0.0,0.0,0.0,0.0,0.0,0.0,0.0,0.0,0.0,0.0,0.0,0.0,0.0,0.0,0.0,0.0,0.0,0.0,0.0,0.0,0.0,0.0,0.0,0.0,0.0,0.0
9.298314386000001,0.0,0.02068564229463732,-0.009239773060063072,0.617464328099806,-0.6736543307031404,2.114509585690115,-2.073424971430484,60.94491565827634,-70.29872504100112,0.0,0.0,-0.16406094968746698,0.24609142453120048,0.0,0.0,-0.031415926535897934,-0.1117010721276371,0.0,0.0,0.0,0.0,0.0,0.0,0.0,0.0,0.00843755859375,-0.004218779296875,0.029531455078125,-0.00843755859375,0.06750046875,-0.0506253515625,-0.007957060546875,0.0318282421875,0.0,0.0,0.0,0.0,0.0,0.0,0.0,0.0,0.0,0.0,0.0,0.0,0.0,0.0,0.0,0.0,0.0,0.0,0.0,0.0,0.0,0.0,0.0,0.0,0.0,0.0
9.308299397,0.0,0.02068564229463732,-0.009239773060063072,0.6160331581131708,-0.6708618038999496,2.114509585690115,-2.073424971430484,60.94463640559602,-70.29987695830744,0.0,0.0,-0.15707963267948966,0.30019663134302466,0.0,0.0,-0.03316125578789226,-0.12566370614359174,0.0,0.0,0.0,0.0,0.0,0.0,0.0,0.0,0.004218779296875,0.0,-0.004218779296875,-0.037969013671875,0.0506253515625,0.02531267578125,-0.0119355908203125,0.023871181640625,0.0,0.0,0.0,0.0,0.0,0.0,0.0,0.0,0.0,0.0,0.0,0.0,0.0,0.0,0.0,0.0,0.0,0.0,0.0,0.0,0.0,0.0,0.0,0.0,0.0,0.0
9.31847273,0.0,0.02068564229463732,-0.009239773060063072,0.6142180156910966,-0.6678074777089602,2.114509585690115,-2.073424971430484,60.94414771340545,-70.30130812829408,0.0,0.0,-0.17976891295541597,0.3246312408709453,0.0,0.0,-0.04014257279586959,-0.15358897417550102,0.0,0.0,0.0,0.0,0.0,0.0,0.0,0.0,0.00843755859375,0.0,0.033750234375,0.0,-0.04218779296875,-0.0506253515625,0.0,0.0278497119140625,0.0,0.0,0.0,0.0,0.0,0.0,0.0,0.0,0.0,0.0,0.0,0.0,0.0,0.0,0.0,0.0,0.0,0.0,0.0,0.0,0.0,0.0,0.0,0.0,0.0,0.0
9.328404172,0.0,0.02068564229463732,-0.009239773060063072,0.6124901397316225,-0.6647356982254493,2.114509585690115,-2.073424971430484,60.94376374097002,-70.30284401803583,0.0,0.0,-0.16231562043547265,0.3036872898470134,0.0,0.0,-0.04537856055185257,-0.158824961931484,0.0,0.0,0.0,0.0,0.0,0.0,0.0,0.0,0.0168751171875,0.00843755859375,0.02531267578125,-0.04218779296875,0.0,-0.05906291015625,-0.0119355908203125,0.0318282421875,0.0,0.0,0.0,0.0,0.0,0.0,0.0,0.0,0.0,0.0,0.0,0.0,0.0,0.0,0.0,0.0,0.0,0.0,0.0,0.0,0.0,0.0,0.0,0.0,0.0,0.0
9.338429856000001,0.0,0.02068564229463732,-0.009239773060063072,0.6107622637721484,-0.6616639187419402,2.114509585690115,-2.073424971430484,60.94329250207199,-70.30429264131497,0.0,0.0,-0.19198621771937624,0.3036872898470134,0.0,0.0,-0.05759586531581287,-0.1466076571675237,0.0,0.0,0.0,0.0,0.0,0.0,0.0,0.0,0.012656337890625,0.0168751171875,0.02531267578125,0.021093896484375,0.06750046875,-0.0506253515625,-0.0119355908203125,0.0278497119140625,0.0,0.0,0.0,0.0,0.0,0.0,0.0,0.0,0.0,0.0,0.0,0.0,0.0,0.0,0.0,0.0,0.0,0.0,0.0,0.0,0.0,0.0,0.0,0.0,0.0,0.0
9.34839973,0.0,0.02068564229463732,-0.009239773060063072,0.6089471213500737,-0.6584001530407102,2.114509585690115,-2.073424971430484,60.94271654341885,-70.305636544839,0.0,0.0,-0.16406094968746698,0.2984513020910304,0.0,0.0,-0.04363323129985824,-0.12217304763960307,0.0,0.0,0.0,0.0,0.0,0.0,0.0,0.0,0.012656337890625,0.00843755859375,0.00843755859375,-0.0168751171875,0.06750046875,-0.0506253515625,-0.0119355908203125,0.023871181640625,0.0,0.0,0.0,0.0,0.0,0.0,0.0,0.0,0.0,0.0,0.0,0.0,0.0,0.0,0.0,0.0,0.0,0.0,0.0,0.0,0.0,0.0,0.0,0.0,0.0,0.0
9.358428326,0.0,0.02068564229463732,-0.009239773060063072,0.6073065118531993,-0.6552411070946009,2.114509585690115,-2.073424971430484,60.942140584765674,-70.30677100885283,0.0,0.0,-0.16755160819145565,0.3246312408709453,0.0,0.0,-0.05235987755982988,-0.10471975511965977,0.0,0.0,0.0,0.0,0.0,0.0,0.0,0.0,0.012656337890625,0.00843755859375,0.0168751171875,0.0,0.0506253515625,0.02531267578125,-0.0119355908203125,0.01591412109375,0.0,0.0,0.0,0.0,0.0,0.0,0.0,0.0,0.0,0.0,0.0,0.0,0.0,0.0,0.0,0.0,0.0,0.0,0.0,0.0,0.0,0.0,0.0,0.0,0.0,0.0
9.368461849000001,0.0,0.02068564229463732,-0.009239773060063072,0.6054913694311255,-0.6518900749307726,2.114509585690115,-2.073424971430484,60.941651892575116,-70.30792292615912,0.0,0.0,-0.16929693744344998,0.3473205211468716,0.0,0.0,-0.04363323129985824,-0.12217304763960307,0.0,0.0,0.0,0.0,0.0,0.0,0.0,0.0,0.00843755859375,-0.004218779296875,0.0168751171875,0.00843755859375,-0.033750234375,0.00843755859375,-0.0119355908203125,0.007957060546875,0.0,0.0,0.0,0.0,0.0,0.0,0.0,0.0,0.0,0.0,0.0,0.0,0.0,0.0,0.0,0.0,0.0,0.0,0.0,0.0,0.0,0.0,0.0,0.0,0.0,0.0
9.378873138000001,0.0,0.02068564229463732,-0.009239773060063072,0.6038507599342502,-0.6488182954472608,2.114509585690115,-2.073424971430484,60.94126792013969,-70.30937154943827,0.0,0.0,-0.15533430342749532,0.301941960595019,0.0,0.0,-0.03316125578789226,-0.14137166941154067,0.0,0.0,0.0,0.0,0.0,0.0,0.0,0.0,0.0168751171875,0.012656337890625,0.021093896484375,0.029531455078125,-0.0506253515625,0.0168751171875,-0.0119355908203125,0.0119355908203125,0.0,0.0,0.0,0.0,0.0,0.0,0.0,0.0,0.0,0.0,0.0,0.0,0.0,0.0,0.0,0.0,0.0,0.0,0.0,0.0,0.0,0.0,0.0,0.0,0.0,0.0
9.388388862000001,0.0,0.02068564229463732,-0.009239773060063072,0.6022276037298959,-0.6456592495011524,2.114457225812555,-2.073424971430484,60.94098866745937,-70.3106107332072,0.0,0.0,-0.15009831567151233,0.33335788713091696,-0.0017453292519943296,0.0,-0.017453292519943295,-0.12217304763960307,0.0,0.0,0.0,0.0,0.0,0.0,0.0,0.0,0.00843755859375,0.00843755859375,0.021093896484375,0.029531455078125,-0.0506253515625,0.0168751171875,-0.0119355908203125,-0.039785302734375,0.0,0.0,0.0,0.0,0.0,0.0,0.0,0.0,0.0,0.0,0.0,0.0,0.0,0.0,0.0,0.0,0.0,0.0,0.0,0.0,0.0,0.0,0.0,0.0,0.0,0.0
9.398427121000001,0.0,0.02068564229463732,-0.009239773060063072,0.60088370020586,-0.6424827502625217,2.114413592581255,-2.073424971430484,60.94079668124163,-70.31195463673124,0.0,0.0,-0.14311699866353503,0.2844886680750757,-0.006108652381980153,0.0,-0.015707963267948967,-0.1466076571675237,0.0,0.0,0.0,0.0,0.0,0.0,0.0,0.0,-0.046406572265625,-0.004218779296875,0.012656337890625,0.037969013671875,0.00843755859375,0.0168751171875,-0.0119355908203125,0.0,0.0,0.0,0.0,0.0,0.0,0.0,0.0,0.0,0.0,0.0,0.0,0.0,0.0,0.0,0.0,0.0,0.0,0.0,0.0,0.0,0.0,0.0,0.0,0.0,0.0,0.0
9.408586119,0.0,0.02068564229463732,-0.009239773060063072,0.5995397966818246,-0.6396204102892522,2.114413592581255,-2.073424971430484,60.94069196148653,-70.31349052647298,0.0,0.0,-0.13962634015954636,0.291469985083053,0.0,0.0,0.0,-0.13264502315156904,0.0,0.0,0.0,0.0,0.0,0.0,0.0,0.0,-0.046406572265625,-0.004218779296875,0.021093896484375,0.02531267578125,-0.033750234375,0.02531267578125,0.0358067724609375,-0.023871181640625,0.0,0.0,0.0,0.0,0.0,0.0,0.0,0.0,0.0,0.0,0.0,0.0,0.0,0.0,0.0,0.0,0.0,0.0,0.0,0.0,0.0,0.0,0.0,0.0,0.0,0.0
9.418332982,0.0,0.02068564229463732,-0.009239773060063072,0.5981086266951894,-0.6366358972683406,2.114361232703695,-2.073424971430484,60.94060469502393,-70.31472971024192,0.0,0.0,-0.13264502315156904,0.2792526803190927,-0.008726646259971648,0.0,0.0,-0.12217304763960307,0.0,0.0,0.0,0.0,0.0,0.0,0.0,0.0,-0.046406572265625,-0.004218779296875,0.021093896484375,0.00843755859375,-0.02531267578125,0.0168751171875,-0.007957060546875,-0.01591412109375,0.0,0.0,0.0,0.0,0.0,0.0,0.0,0.0,0.0,0.0,0.0,0.0,0.0,0.0,0.0,0.0,0.0,0.0,0.0,0.0,0.0,0.0,0.0,0.0,0.0,0.0
9.428461707,0.0,0.02068564229463732,-0.009239773060063072,0.5968519896337536,-0.6340528099753904,2.114317599472396,-2.0734686046617843,60.94060469502393,-70.31598634730334,0.0,0.0,-0.11519173063162574,0.28623399732707006,-0.004363323129985824,0.0,0.0,-0.11519173063162574,0.0,0.0,0.0,0.0,0.0,0.0,0.0,0.0,-0.046406572265625,-0.004218779296875,0.012656337890625,0.0,0.0168751171875,0.0168751171875,0.0318282421875,-0.01591412109375,0.0,0.0,0.0,0.0,0.0,0.0,0.0,0.0,0.0,0.0,0.0,0.0,0.0,0.0,0.0,0.0,0.0,0.0,0.0,0.0,0.0,0.0,0.0,0.0,0.0,0.0
9.438314748,0.0,0.02068564229463732,-0.009239773060063072,0.595420819647118,-0.6310857502469993,2.114265239594835,-2.0734686046617843,60.94060469502393,-70.31684155863682,0.0,0.0,-0.16929693744344998,0.31590459461097364,-0.006108652381980153,0.0,0.0,-0.07504915783575616,0.0,0.0,0.0,0.0,0.0,0.0,0.0,0.0,0.00843755859375,-0.004218779296875,-0.029531455078125,-0.012656337890625,-0.0506253515625,0.033750234375,-0.0119355908203125,-0.01591412109375,0.0,0.0,0.0,0.0,0.0,0.0,0.0,0.0,0.0,0.0,0.0,0.0,0.0,0.0,0.0,0.0,0.0,0.0,0.0,0.0,0.0,0.0,0.0,0.0,0.0,0.0
9.448371951,0.0,0.02068564229463732,-0.009239773060063072,0.593692943687643,-0.6279092510083695,2.114221606363536,-2.0734686046617843,60.94060469502393,-70.31752223704511,0.0,0.0,-0.1710422666954443,0.28274333882308134,-0.008726646259971648,0.0,0.008726646259971648,-0.07330382858376185,0.0,0.0,0.0,0.0,0.0,0.0,0.0,0.0,0.012656337890625,-0.004218779296875,0.012656337890625,-0.021093896484375,0.0506253515625,0.04218779296875,-0.007957060546875,-0.0198926513671875,0.0,0.0,0.0,0.0,0.0,0.0,0.0,0.0,0.0,0.0,0.0,0.0,0.0,0.0,0.0,0.0,0.0,0.0,0.0,0.0,0.0,0.0,0.0,0.0,0.0,0.0
9.458340642000001,0.0,0.02068564229463732,-0.009239773060063072,0.5918778012655692,-0.6247502050622602,2.114073253377116,-2.0734686046617843,60.94060469502393,-70.31809819569825,0.0,0.0,-0.21642082724729686,0.3351032163829113,-0.009599310885968814,0.0,-0.012217304763960306,-0.017453292519943295,0.0,0.0,0.0,0.0,0.0,0.0,0.0,0.0,-0.04218779296875,-0.004218779296875,0.00843755859375,-0.029531455078125,0.0168751171875,-0.06750046875,0.0358067724609375,-0.023871181640625,0.0,0.0,0.0,0.0,0.0,0.0,0.0,0.0,0.0,0.0,0.0,0.0,0.0,0.0,0.0,0.0,0.0,0.0,0.0,0.0,0.0,0.0,0.0,0.0,0.0,0.0
9.468529976000001,0.0,0.02068564229463732,-0.009239773060063072,0.5894692468978171,-0.6212944531433102,2.113881267159397,-2.073520964539344,60.940412708806186,-70.31818546216086,0.0,0.0,-0.24434609527920614,0.3490658503988659,-0.027052603405912107,0.0,-0.015707963267948967,-0.008726646259971648,0.0,0.0,0.0,0.0,0.0,0.0,0.0,0.0,0.021093896484375,-0.004218779296875,0.004218779296875,-0.02531267578125,0.00843755859375,0.0168751171875,-0.007957060546875,0.0198926513671875,0.0,0.0,0.0,0.0,0.0,0.0,0.0,0.0,0.0,0.0,0.0,0.0,0.0,0.0,0.0,0.0,0.0,0.0,0.0,0.0,0.0,0.0,0.0,0.0,0.0,0.0
9.478968113,0.0,0.02068564229463732,-0.009239773060063072,0.5868861596048656,-0.6179434209794818,2.113453661492658,-2.073520964539344,60.940220722588485,-70.31818546216086,0.0,0.0,-0.22863813201125718,0.3525565089028546,-0.06544984694978735,0.0,-0.019198621771937627,0.0,0.0,0.0,0.0,0.0,0.0,0.0,0.0,0.0,-0.029531455078125,-0.004218779296875,-0.004218779296875,-0.033750234375,-0.033750234375,0.00843755859375,0.0358067724609375,-0.0198926513671875,0.0,0.0,0.0,0.0,0.0,0.0,0.0,0.0,0.0,0.0,0.0,0.0,0.0,0.0,0.0,0.0,0.0,0.0,0.0,0.0,0.0,0.0,0.0,0.0,0.0,0.0
9.488247897,0.0,0.02068564229463732,-0.009239773060063072,0.5841983525567942,-0.6145923888156535,2.1126420833904813,-2.073520964539344,60.939941469908156,-70.31799347594314,0.0,0.0,-0.30543261909900765,0.3246312408709453,-0.08203047484373349,0.0,-0.05585053606381855,0.02617993877991494,0.0,0.0,0.0,0.0,0.0,0.0,0.0,0.0,-0.04218779296875,0.0,-0.012656337890625,-0.0168751171875,-0.0168751171875,0.0,0.039785302734375,-0.0198926513671875,0.0,0.0,0.0,0.0,0.0,0.0,0.0,0.0,0.0,0.0,0.0,0.0,0.0,0.0,0.0,0.0,0.0,0.0,0.0,0.0,0.0,0.0,0.0,0.0,0.0,0.0
9.498379790000001,0.0,0.02068564229463732,-0.009239773060063072,0.5810393066106845,-0.6113286231144235,2.1122057510774823,-2.073520964539344,60.939365511255,-70.31771422326281,0.0,0.0,-0.31066860685499065,0.3298672286269283,-0.01658062789394613,0.0,-0.047123889803846894,0.047123889803846894,0.0,0.0,0.0,0.0,0.0,0.0,0.0,0.0,-0.046406572265625,-0.004218779296875,-0.0168751171875,-0.004218779296875,-0.02531267578125,0.0168751171875,0.039785302734375,0.01591412109375,0.0,0.0,0.0,0.0,0.0,0.0,0.0,0.0,0.0,0.0,0.0,0.0,0.0,0.0,0.0,0.0,0.0,0.0,0.0,0.0,0.0,0.0,0.0,0.0,0.0,0.0
9.508621797,0.0,0.02068564229463732,-0.009239773060063072,0.578159513344894,-0.6079775909505942,2.111970131628463,-2.073520964539344,60.939068805282155,-70.31722553107227,0.0,0.0,-0.2530727415391778,0.3246312408709453,-0.031415926535897934,0.0,-0.019198621771937627,0.047123889803846894,0.0,0.0,0.0,0.0,0.0,0.0,0.0,0.0,0.021093896484375,-0.004218779296875,-0.02531267578125,0.00843755859375,0.0,-0.06750046875,-0.0198926513671875,-0.0039785302734375,0.0,0.0,0.0,0.0,0.0,0.0,0.0,0.0,0.0,0.0,0.0,0.0,0.0,0.0,0.0,0.0,0.0,0.0,0.0,0.0,0.0,0.0,0.0,0.0,0.0,0.0
9.518729209,0.0,0.02068564229463732,-0.009239773060063072,0.5754717062968231,-0.6050977976848033,2.111586159193024,-2.073520964539344,60.93868483284671,-70.31675429217424,0.0,0.0,-0.27576202181510406,0.27401669256310973,-0.038397243543875255,0.0,-0.04537856055185257,0.04014257279586959,0.0,0.0,0.0,0.0,0.0,0.0,0.0,0.0,-0.037969013671875,-0.004218779296875,-0.021093896484375,0.00843755859375,0.0,0.0,-0.023871181640625,0.0,0.0,0.0,0.0,0.0,0.0,0.0,0.0,0.0,0.0,0.0,0.0,0.0,0.0,0.0,0.0,0.0,0.0,0.0,0.0,0.0,0.0,0.0,0.0,0.0,0.0,0.0
9.528675723000001,0.0,0.02068564229463732,-0.009239773060063072,0.5728886190038711,-0.6021307379564131,2.111202186757586,-2.073520964539344,60.93830086041127,-70.31626559998367,0.0,0.0,-0.2530727415391778,0.2932153143350474,-0.03403392041388943,0.0,-0.04188790204786391,0.048869219055841226,0.0,0.0,0.0,0.0,0.0,0.0,0.0,0.0,0.021093896484375,-0.004218779296875,-0.0168751171875,-0.004218779296875,0.0,-0.0506253515625,-0.0198926513671875,-0.0039785302734375,0.0,0.0,0.0,0.0,0.0,0.0,0.0,0.0,0.0,0.0,0.0,0.0,0.0,0.0,0.0,0.0,0.0,0.0,0.0,0.0,0.0,0.0,0.0,0.0,0.0,0.0
9.539022531,0.0,0.02068564229463732,-0.009239773060063072,0.5707767706089579,-0.5993382111532224,2.1109142074310068,-2.073520964539344,60.93791688797585,-70.31598634730334,0.0,0.0,-0.1867502299633933,0.25656340004316647,-0.020943951023931956,0.0,-0.027925268031909273,0.027925268031909273,0.0,0.0,0.0,0.0,0.0,0.0,0.0,0.0,0.0168751171875,0.0,-0.012656337890625,0.02531267578125,0.0,-0.0506253515625,0.043763833007812496,0.0,0.0,0.0,0.0,0.0,0.0,0.0,0.0,0.0,0.0,0.0,0.0,0.0,0.0,0.0,0.0,0.0,0.0,0.0,0.0,0.0,0.0,0.0,0.0,0.0,0.0,0.0
9.54899887,0.0,0.02068564229463732,-0.009239773060063072,0.5687696419691646,-0.5972438160508284,2.1107658544445878,-2.073520964539344,60.93744564907781,-70.31588162754822,0.0,0.0,-0.16929693744344998,0.21642082724729686,-0.008726646259971648,0.0,-0.05235987755982988,0.0,0.0,0.0,0.0,0.0,0.0,0.0,0.0,0.0,0.02531267578125,-0.004218779296875,0.0,0.02531267578125,-0.033750234375,0.02531267578125,-0.0119355908203125,0.0,0.0,0.0,0.0,0.0,0.0,0.0,0.0,0.0,0.0,0.0,0.0,0.0,0.0,0.0,0.0,0.0,0.0,0.0,0.0,0.0,0.0,0.0,0.0,0.0,0.0,0.0
9.558919496000001,0.0,0.02068564229463732,-0.009239773060063072,0.5672337522274091,-0.5949399814381957,2.1106262281044277,-2.073520964539344,60.93695695688724,-70.31588162754822,0.0,0.0,-0.1518436449235067,0.2059488517353309,-0.01308996938995747,0.0,-0.05585053606381855,0.0,0.0,0.0,0.0,0.0,0.0,0.0,0.0,0.0,0.021093896484375,0.0,-0.004218779296875,0.02531267578125,0.0506253515625,0.00843755859375,-0.0198926513671875,-0.0039785302734375,0.0,0.0,0.0,0.0,0.0,0.0,0.0,0.0,0.0,0.0,0.0,0.0,0.0,0.0,0.0,0.0,0.0,0.0,0.0,0.0,0.0,0.0,0.0,0.0,0.0,0.0
9.568800857000001,0.0,0.02068564229463732,-0.009239773060063072,0.5658025822407744,-0.592915399505884,2.1105302349955677,-2.073520964539344,60.93638099823409,-70.31607361376594,0.0,0.0,-0.13962634015954636,0.20420352248333656,-0.007853981633974483,0.0,-0.054105206811824215,-0.017453292519943295,0.0,0.0,0.0,0.0,0.0,0.0,0.0,0.0,0.02531267578125,0.0,0.012656337890625,0.02531267578125,0.00843755859375,-0.0506253515625,-0.01591412109375,0.0,0.0,0.0,0.0,0.0,0.0,0.0,0.0,0.0,0.0,0.0,0.0,0.0,0.0,0.0,0.0,0.0,0.0,0.0,0.0,0.0,0.0,0.0,0.0,0.0,0.0,0.0
9.578967406,0.0,0.02068564229463732,-0.009239773060063072,0.5645459451793386,-0.5909082708660893,2.1104342418867086,-2.073520964539344,60.935717773118334,-70.31626559998367,0.0,0.0,-0.10995574287564278,0.1867502299633933,-0.010471975511965978,0.0,-0.06632251157578452,-0.010471975511965978,0.0,0.0,0.0,0.0,0.0,0.0,0.0,0.0,0.012656337890625,0.0,0.0,-0.0168751171875,0.0506253515625,-0.05906291015625,-0.0119355908203125,-0.0039785302734375,0.0,0.0,0.0,0.0,0.0,0.0,0.0,0.0,0.0,0.0,0.0,0.0,0.0,0.0,0.0,0.0,0.0,0.0,0.0,0.0,0.0,0.0,0.0,0.0,0.0,0.0
9.588609340000001,0.0,0.02068564229463732,-0.009239773060063072,0.5634987476281417,-0.5890931284440155,2.1102858889002887,-2.073520964539344,60.93494982824745,-70.31645758620138,0.0,0.0,-0.0994837673636768,0.19024088846738194,-0.006108652381980153,0.0,-0.09599310885968812,-0.017453292519943295,0.0,0.0,0.0,0.0,0.0,0.0,0.0,0.0,0.012656337890625,0.0,0.00843755859375,-0.0168751171875,0.0506253515625,0.00843755859375,-0.0119355908203125,-0.007957060546875,0.0,0.0,0.0,0.0,0.0,0.0,0.0,0.0,0.0,0.0,0.0,0.0,0.0,0.0,0.0,0.0,0.0,0.0,0.0,0.0,0.0,0.0,0.0,0.0,0.0,0.0
9.598474637,0.0,0.02068564229463732,-0.009239773060063072,0.5623468303218253,-0.5869812800491037,2.1102422556689886,-2.073520964539344,60.933885177403745,-70.31645758620138,0.0,0.0,-0.12915436464758037,0.20071286397934787,-0.008726646259971648,0.0,-0.12566370614359174,0.0,0.0,0.0,0.0,0.0,0.0,0.0,0.0,0.0,0.00843755859375,0.012656337890625,0.00843755859375,-0.00843755859375,-0.04218779296875,-0.0506253515625,-0.007957060546875,0.0,0.0,0.0,0.0,0.0,0.0,0.0,0.0,0.0,0.0,0.0,0.0,0.0,0.0,0.0,0.0,0.0,0.0,0.0,0.0,0.0,0.0,0.0,0.0,0.0,0.0,0.0
9.608356766,0.0,0.02068564229463732,-0.009239773060063072,0.5610901932603896,-0.5849566981167884,2.1100939026825687,-2.073520964539344,60.932454007417086,-70.31637031973877,0.0,0.0,-0.10471975511965977,0.2076941809873252,-0.01658062789394613,0.0,-0.1466076571675237,0.005235987755982989,0.0,0.0,0.0,0.0,0.0,0.0,0.0,0.0,0.0168751171875,-0.004218779296875,0.00843755859375,-0.0168751171875,0.00843755859375,-0.06750046875,-0.0039785302734375,0.0,0.0,0.0,0.0,0.0,0.0,0.0,0.0,0.0,0.0,0.0,0.0,0.0,0.0,0.0,0.0,0.0,0.0,0.0,0.0,0.0,0.0,0.0,0.0,0.0,0.0,0.0
9.618338129000001,0.0,0.02068564229463732,-0.009239773060063072,0.5599382759540732,-0.5829495694769946,2.1099542763424104,-2.073520964539344,60.93072613145761,-70.31626559998367,0.0,0.0,-0.12217304763960307,0.2059488517353309,-0.015707963267948967,0.0,-0.18151424220741028,0.015707963267948967,0.0,0.0,0.0,0.0,0.0,0.0,0.0,0.0,0.00843755859375,0.0,-0.00843755859375,-0.02531267578125,0.033750234375,-0.06750046875,-0.007957060546875,0.0,0.0,0.0,0.0,0.0,0.0,0.0,0.0,0.0,0.0,0.0,0.0,0.0,0.0,0.0,0.0,0.0,0.0,0.0,0.0,0.0,0.0,0.0,0.0,0.0,0.0,0.0
9.628406277,0.0,0.02068564229463732,-0.009239773060063072,0.5586990921851571,-0.5806457348643628,2.1097186568933903,-2.073520964539344,60.92871900281782,-70.31607361376594,0.0,0.0,-0.1343903524035634,0.2530727415391778,-0.024434609527920613,0.0,-0.21642082724729686,0.031415926535897934,0.0,0.0,0.0,0.0,0.0,0.0,0.0,0.0,0.0,0.00843755859375,-0.00843755859375,-0.029531455078125,-0.00843755859375,0.033750234375,0.0039785302734375,-0.007957060546875,0.0,0.0,0.0,0.0,0.0,0.0,0.0,0.0,0.0,0.0,0.0,0.0,0.0,0.0,0.0,0.0,0.0,0.0,0.0,0.0,0.0,0.0,0.0,0.0,0.0,0.0
9.638313719000001,0.0,0.02068564229463732,-0.009239773060063072,0.5571632024434021,-0.5779579278162918,2.1094306775668112,-2.073520964539344,60.92641516820522,-70.31579436108564,0.0,0.0,-0.15009831567151233,0.28274333882308134,-0.04014257279586959,0.0,-0.24085543677521748,0.027925268031909273,0.0,0.0,0.0,0.0,0.0,0.0,0.0,0.0,0.0,0.012656337890625,-0.012656337890625,-0.037969013671875,-0.0168751171875,0.0,0.0119355908203125,0.0,0.0,0.0,0.0,0.0,0.0,0.0,0.0,0.0,0.0,0.0,0.0,0.0,0.0,0.0,0.0,0.0,0.0,0.0,0.0,0.0,0.0,0.0,0.0,0.0,0.0,0.0
9.648619278,0.0,0.02068564229463732,-0.009239773060063072,0.5556273127016476,-0.5750955878430215,2.108950712022513,-2.073520964539344,60.923919347374856,-70.3156023748679,0.0,0.0,-0.17278759594743864,0.28099800957108706,-0.04363323129985824,0.0,-0.27401669256310973,0.0,0.0,0.0,0.0,0.0,0.0,0.0,0.0,0.0,0.0168751171875,-0.004218779296875,0.012656337890625,0.004218779296875,0.04218779296875,-0.0506253515625,0.0278497119140625,0.0,0.0,0.0,0.0,0.0,0.0,0.0,0.0,0.0,0.0,0.0,0.0,0.0,0.0,0.0,0.0,0.0,0.0,0.0,0.0,0.0,0.0,0.0,0.0,0.0,0.0,0.0
9.658480671000001,0.0,0.02068564229463732,-0.009239773060063072,0.5537074505244535,-0.5719190886043917,2.108610372818375,-2.0734686046617843,60.921144273864165,-70.31549765511278,0.0,0.0,-0.20245819323134226,0.3211405823669567,-0.029670597283903605,0.006981317007977318,-0.28274333882308134,0.017453292519943295,0.0,0.0,0.0,0.0,0.0,0.0,0.0,0.0,0.0,0.00843755859375,0.029531455078125,-0.033750234375,-0.00843755859375,-0.05906291015625,0.039785302734375,0.0,0.0,0.0,0.0,0.0,0.0,0.0,0.0,0.0,0.0,0.0,0.0,0.0,0.0,0.0,0.0,0.0,0.0,0.0,0.0,0.0,0.0,0.0,0.0,0.0,0.0,0.0
9.668353168000001,0.0,0.02068564229463732,-0.009239773060063072,0.5518050416397795,-0.5686727761956814,2.108278760260495,-2.0733726115529243,60.918072494380674,-70.31541038865019,0.0,0.0,-0.19024088846738194,0.32288591161895097,-0.03490658503988659,0.010471975511965978,-0.30543261909900765,0.0,0.0,0.0,0.0,0.0,0.0,0.0,0.0,0.0,0.004218779296875,-0.004218779296875,0.021093896484375,-0.004218779296875,0.0168751171875,0.0168751171875,-0.0358067724609375,0.0,0.0,0.0,0.0,0.0,0.0,0.0,0.0,0.0,0.0,0.0,0.0,0.0,0.0,0.0,0.0,0.0,0.0,0.0,0.0,0.0,0.0,0.0,0.0,0.0,0.0,0.0
9.678905355000001,0.0,0.02068564229463732,-0.009239773060063072,0.5499724459251851,-0.5656882631747715,2.1078947878250567,-2.073276618444065,60.91480872867944,-70.31541038865019,0.0,0.0,-0.14835298641951802,0.3193952531149623,-0.04363323129985824,0.008726646259971648,-0.3316125578789226,0.019198621771937627,0.0,0.0,0.0,0.0,0.0,0.0,0.0,0.0,0.00843755859375,0.00843755859375,0.0168751171875,-0.004218779296875,0.0,0.04218779296875,0.0278497119140625,0.01591412109375,0.0,0.0,0.0,0.0,0.0,0.0,0.0,0.0,0.0,0.0,0.0,0.0,0.0,0.0,0.0,0.0,0.0,0.0,0.0,0.0,0.0,0.0,0.0,0.0,0.0,0.0
9.688391574,0.0,0.02068564229463732,-0.009239773060063072,0.5486285424011497,-0.5625292172286622,2.1073624624031986,-2.073136992103905,60.91156241627072,-70.31502641621475,0.0,0.0,-0.14137166941154067,0.28274333882308134,-0.050614548307835565,0.017453292519943295,-0.3525565089028546,0.03316125578789226,0.0,0.0,0.0,0.0,0.0,0.0,0.0,0.0,0.012656337890625,-0.004218779296875,0.0168751171875,0.012656337890625,0.00843755859375,0.0168751171875,0.023871181640625,0.0,0.0,0.0,0.0,0.0,0.0,0.0,0.0,0.0,0.0,0.0,0.0,0.0,0.0,0.0,0.0,0.0,0.0,0.0,0.0,0.0,0.0,0.0,0.0,0.0,0.0,0.0
9.698372681,0.0,0.02068564229463732,-0.009239773060063072,0.5472846388771142,-0.5601381161534293,2.1069784899677595,-2.072988639117486,60.907809958378955,-70.31464244377932,0.0,0.0,-0.12566370614359174,0.2111848394913139,-0.027925268031909273,0.009599310885968814,-0.4049163864626845,0.04537856055185257,0.0,0.0,0.0,0.0,0.0,0.0,0.0,0.0,0.004218779296875,-0.00843755859375,0.004218779296875,0.029531455078125,0.0,0.02531267578125,0.0039785302734375,0.0039785302734375,0.0,0.0,0.0,0.0,0.0,0.0,0.0,0.0,0.0,0.0,0.0,0.0,0.0,0.0,0.0,0.0,0.0,0.0,0.0,0.0,0.0,0.0,0.0,0.0,0.0,0.0
9.708402749000001,0.0,0.02068564229463732,-0.009239773060063072,0.5464294275436372,-0.5581135342211159,2.1067865037500404,-2.072892646008626,60.90388296756195,-70.31387449890842,0.0,0.0,-0.05759586531581287,0.18849555921538758,-0.024434609527920613,0.0026179938779914945,-0.40317105721069013,0.10297442586766545,0.0,0.0,0.0,0.0,0.0,0.0,0.0,0.0,0.004218779296875,-0.004218779296875,0.0,0.033750234375,0.00843755859375,0.02531267578125,-0.01591412109375,0.0039785302734375,0.0,0.0,0.0,0.0,0.0,0.0,0.0,0.0,0.0,0.0,0.0,0.0,0.0,0.0,0.0,0.0,0.0,0.0,0.0,0.0,0.0,0.0,0.0,0.0,0.0,0.0
9.718475281,0.0,0.02068564229463732,-0.009239773060063072,0.5459407353530787,-0.5566823642344803,2.106550884301021,-2.072753019668466,60.899763990527255,-70.31272258160212,0.0,0.0,-0.029670597283903605,0.12915436464758037,-0.02181661564992912,0.01832595714594046,-0.43109632524259944,0.1308996938995747,0.0,0.0,0.0,0.0,0.0,0.0,0.0,0.0,0.004218779296875,-0.004218779296875,-0.004218779296875,0.033750234375,0.00843755859375,0.02531267578125,-0.0318282421875,-0.0039785302734375,0.0,0.0,0.0,0.0,0.0,0.0,0.0,0.0,0.0,0.0,0.0,0.0,0.0,0.0,0.0,0.0,0.0,0.0,0.0,0.0,0.0,0.0,0.0,0.0,0.0,0.0
9.728416995,0.0,0.02068564229463732,-0.009239773060063072,0.5458534688904795,-0.5555304469281639,2.106306538205742,-2.072604666682047,60.89534830751969,-70.31118669186036,0.0,0.0,0.0,0.10297442586766545,-0.024434609527920613,0.010471975511965978,-0.4468042885105484,0.17278759594743864,0.0,0.0,0.0,0.0,0.0,0.0,0.0,0.0,-0.046406572265625,-0.004218779296875,0.004218779296875,-0.00843755859375,0.0,0.00843755859375,0.0278497119140625,0.0198926513671875,0.0,0.0,0.0,0.0,0.0,0.0,0.0,0.0,0.0,0.0,0.0,0.0,0.0,0.0,0.0,0.0,0.0,0.0,0.0,0.0,0.0,0.0,0.0,0.0,0.0,0.0
9.738609848000001,0.0,0.02068564229463732,-0.009239773060063072,0.5457662024278793,-0.5547625020572875,2.106070918756723,-2.072465040341888,60.89084535804955,-70.30937154943827,0.0,0.0,-0.013962634015954637,0.06283185307179587,-0.030543261909900768,0.023561944901923447,-0.4398229715025711,0.1832595714594046,0.0,0.0,0.0,0.0,0.0,0.0,0.0,0.0,-0.029531455078125,-0.004218779296875,0.0,0.02531267578125,0.0168751171875,0.00843755859375,-0.0278497119140625,-0.0278497119140625,0.0,0.0,0.0,0.0,0.0,0.0,0.0,0.0,0.0,0.0,0.0,0.0,0.0,0.0,0.0,0.0,0.0,0.0,0.0,0.0,0.0,0.0,0.0,0.0,0.0,0.0
9.748369096000001,0.0,0.02068564229463732,-0.009239773060063072,0.545661482672759,-0.5540992769415292,2.105590953212424,-2.072124701137749,60.8861504223617,-70.30725970104338,0.0,0.0,-0.015707963267948967,0.06457718232379019,-0.051487212933832724,0.04188790204786391,-0.4537856055185257,0.24958208303518914,0.0,0.0,0.0,0.0,0.0,0.0,0.0,0.0,-0.046406572265625,-0.004218779296875,0.004218779296875,-0.012656337890625,0.02531267578125,0.0,0.0,-0.039785302734375,0.0,0.0,0.0,0.0,0.0,0.0,0.0,0.0,0.0,0.0,0.0,0.0,0.0,0.0,0.0,0.0,0.0,0.0,0.0,0.0,0.0,0.0,0.0,0.0,0.0,0.0
9.758478108,0.0,0.02068564229463732,-0.009239773060063072,0.5453822299924402,-0.553418598533252,2.1050149945592658,-2.0714527493757307,60.88164747289154,-70.30467661375043,0.0,0.0,-0.047123889803846894,0.07330382858376185,-0.058468529941810045,0.0916297857297023,-0.5026548245743669,0.25830872929516074,0.0,0.0,0.0,0.0,0.0,0.0,0.0,0.0,0.00843755859375,-0.004218779296875,0.004218779296875,0.0168751171875,0.033750234375,-0.00843755859375,0.01591412109375,-0.055699423828125,0.0,0.0,0.0,0.0,0.0,0.0,0.0,0.0,0.0,0.0,0.0,0.0,0.0,0.0,0.0,0.0,0.0,0.0,0.0,0.0,0.0,0.0,0.0,0.0,0.0,0.0
9.768281196,0.0,0.02068564229463732,-0.009239773060063072,0.5447015515841631,-0.5524586674446548,2.1044390359061076,-2.070257198838114,60.87646384501313,-70.30169210072953,0.0,0.0,-0.07504915783575616,0.11868238913561442,-0.05934119456780721,0.13526301702956053,-0.47647488579445196,0.2792526803190927,0.0,0.0,0.0,0.0,0.0,0.0,0.0,0.0,-0.046406572265625,-0.004218779296875,0.004218779296875,-0.02531267578125,0.033750234375,-0.02531267578125,-0.0039785302734375,0.0278497119140625,0.0,0.0,0.0,0.0,0.0,0.0,0.0,0.0,0.0,0.0,0.0,0.0,0.0,0.0,0.0,0.0,0.0,0.0,0.0,0.0,0.0,0.0,0.0,0.0,0.0,0.0
9.778797479000001,0.0,0.02068564229463732,-0.009239773060063072,0.543933606713285,-0.5509227777029002,2.1036274578039302,-2.0689656551916396,60.87147220335242,-70.29891702721883,0.0,0.0,-0.10297442586766545,0.18849555921538758,-0.10821041362364843,0.09599310885968812,-0.5445427266222309,0.29670597283903605,0.0,0.0,0.0,0.0,0.0,0.0,0.0,0.0,-0.046406572265625,-0.004218779296875,0.0,0.0168751171875,0.02531267578125,-0.04218779296875,0.039785302734375,0.023871181640625,0.0,0.0,0.0,0.0,0.0,0.0,0.0,0.0,0.0,0.0,0.0,0.0,0.0,0.0,0.0,0.0,0.0,0.0,0.0,0.0,0.0,0.0,0.0,0.0,0.0,0.0
9.787543591,0.0,0.02068564229463732,-0.009239773060063072,0.5425897031892495,-0.5488283826005063,2.1023795473887548,-2.0684856896473405,60.86581733657595,-70.29633393992589,0.0,0.0,-0.12217304763960307,0.22165681500327988,-0.12740903539558607,0.04188790204786391,-0.5794493116621174,0.24085543677521748,0.0,0.0,0.0,0.0,0.0,0.0,0.0,0.0,-0.046406572265625,-0.00843755859375,0.0,0.012656337890625,0.00843755859375,-0.04218779296875,-0.0318282421875,0.0119355908203125,0.0,0.0,0.0,0.0,0.0,0.0,0.0,0.0,0.0,0.0,0.0,0.0,0.0,0.0,0.0,0.0,0.0,0.0,0.0,0.0,0.0,0.0,0.0,0.0,0.0,0.0
9.798443464,0.0,0.02068564229463732,-0.009239773060063072,0.5413505194203334,-0.5463325617701553,2.1009396507558593,-2.067429765449883,60.85969123090147,-70.29403010531325,0.0,0.0,-0.12217304763960307,0.2530727415391778,-0.13700834628155487,0.15969762655748115,-0.5794493116621174,0.20420352248333656,0.0,0.0,0.0,0.0,0.0,0.0,0.0,0.0,0.0168751171875,0.0,-0.012656337890625,-0.02531267578125,-0.04218779296875,-0.06750046875,0.0,-0.0039785302734375,0.0,0.0,0.0,0.0,0.0,0.0,0.0,0.0,0.0,0.0,0.0,0.0,0.0,0.0,0.0,0.0,0.0,0.0,0.0,0.0,0.0,0.0,0.0,0.0,0.0,0.0
9.808323865,0.0,0.02068564229463732,-0.009239773060063072,0.540006615896298,-0.5434527685043635,2.099691740340683,-2.0654662700413904,60.853355685716714,-70.29172627070064,0.0,0.0,-0.14835298641951802,0.3525565089028546,-0.1439896632895322,0.1911135530933791,-0.7033676885537149,0.25481807079117214,0.0,0.0,0.0,0.0,0.0,0.0,0.0,0.0,0.02531267578125,0.004218779296875,-0.00843755859375,-0.02531267578125,0.02531267578125,-0.0506253515625,0.01591412109375,-0.01591412109375,0.0,0.0,0.0,0.0,0.0,0.0,0.0,0.0,0.0,0.0,0.0,0.0,0.0,0.0,0.0,0.0,0.0,0.0,0.0,0.0,0.0,0.0,0.0,0.0,0.0,0.0
9.818374509,0.0,0.02068564229463732,-0.009239773060063072,0.5383834596919432,-0.5397177639050961,2.0980685841363282,-2.064506338952794,60.84665362138906,-70.28942243608797,0.0,0.0,-0.1518436449235067,0.3752457891787808,-0.1736602605734358,0.05585053606381855,-0.6702064327658226,0.2111848394913139,0.0,0.0,0.0,0.0,0.0,0.0,0.0,0.0,0.0168751171875,-0.004218779296875,-0.012656337890625,-0.021093896484375,0.00843755859375,0.06750046875,0.0318282421875,-0.0318282421875,0.0,0.0,0.0,0.0,0.0,0.0,0.0,0.0,0.0,0.0,0.0,0.0,0.0,0.0,0.0,0.0,0.0,0.0,0.0,0.0,0.0,0.0,0.0,0.0,0.0,0.0
9.828396000000001,0.0,0.02068564229463732,-0.009239773060063072,0.5370395561679073,-0.5363492784487471,2.096724680612293,-2.0634067815240376,60.839742117551175,-70.2875025739108,0.0,0.0,-0.12915436464758037,0.3298672286269283,-0.08115781021773633,0.15358897417550102,-0.6963863715457376,0.16406094968746698,0.0,0.0,0.0,0.0,0.0,0.0,0.0,0.0,0.012656337890625,-0.004218779296875,-0.012656337890625,-0.04218779296875,-0.04218779296875,-0.04218779296875,-0.0039785302734375,0.0198926513671875,0.0,0.0,0.0,0.0,0.0,0.0,0.0,0.0,0.0,0.0,0.0,0.0,0.0,0.0,0.0,0.0,0.0,0.0,0.0,0.0,0.0,0.0,0.0,0.0,0.0,0.0
9.838348498,0.0,0.02068564229463732,-0.009239773060063072,0.5359749053241911,-0.5327189936045977,2.0958607426325564,-2.061434559469283,60.83265608078806,-70.28540817880841,0.0,0.0,-0.10122909661567113,0.3752457891787808,-0.11955505376161157,0.2103121748653167,-0.7033676885537149,0.23212879051524585,0.0,0.0,0.0,0.0,0.0,0.0,0.0,0.0,0.021093896484375,-0.004218779296875,0.00843755859375,-0.05906291015625,-0.00843755859375,-0.02531267578125,0.0318282421875,0.023871181640625,0.0,0.0,0.0,0.0,0.0,0.0,0.0,0.0,0.0,0.0,0.0,0.0,0.0,0.0,0.0,0.0,0.0,0.0,0.0,0.0,0.0,0.0,0.0,0.0,0.0,0.0
9.848375429,0.0,0.02068564229463732,-0.009239773060063072,0.5350149742355943,-0.5290712554679295,2.094281219659501,-2.0600993825915075,60.82527333805215,-70.28299962444066,0.0,0.0,-0.07853981633974483,0.3455751918948773,-0.17191493132144148,0.09424777960769379,-0.8045967851693859,0.22863813201125718,0.0,0.0,0.0,0.0,0.0,0.0,0.0,0.0,0.021093896484375,0.0,-0.0168751171875,0.004218779296875,-0.02531267578125,0.00843755859375,0.043763833007812496,0.04774236328125,0.0,0.0,0.0,0.0,0.0,0.0,0.0,0.0,0.0,0.0,0.0,0.0,0.0,0.0,0.0,0.0,0.0,0.0,0.0,0.0,0.0,0.0,0.0,0.0,0.0,0.0
9.85834268,0.0,0.02068564229463732,-0.009239773060063072,0.5346310018001557,-0.5261041957395411,2.0931293023531845,-2.059235444611771,60.817506622880764,-70.28041653714769,0.0,0.0,-0.0017453292519943296,0.28099800957108706,-0.04276056667386108,0.09861110273767962,-0.7819075048934596,0.29670597283903605,0.0,0.0,0.0,0.0,0.0,0.0,0.0,0.0,0.0168751171875,0.0,0.012656337890625,0.0168751171875,-0.05906291015625,0.00843755859375,-0.023871181640625,-0.039785302734375,0.0,0.0,0.0,0.0,0.0,0.0,0.0,0.0,0.0,0.0,0.0,0.0,0.0,0.0,0.0,0.0,0.0,0.0,0.0,0.0,0.0,0.0,0.0,0.0,0.0,0.0
9.868327211,0.0,0.02068564229463732,-0.009239773060063072,0.534735721555275,-0.5236083749091884,2.0929809493667655,-2.0576035617611557,60.80973990770938,-70.27734475766418,0.0,0.0,0.022689280275926284,0.20943951023931953,-0.022689280275926284,0.21467549799530256,-0.8203047484373349,0.32637657012293964,0.0,0.0,0.0,0.0,0.0,0.0,0.0,0.0,0.012656337890625,0.012656337890625,-0.012656337890625,-0.021093896484375,-0.04218779296875,0.033750234375,-0.0278497119140625,-0.0318282421875,0.0,0.0,0.0,0.0,0.0,0.0,0.0,0.0,0.0,0.0,0.0,0.0,0.0,0.0,0.0,0.0,0.0,0.0,0.0,0.0,0.0,0.0,0.0,0.0,0.0,0.0
9.878794372,0.0,0.02068564229463732,-0.009239773060063072,0.5353116802084328,-0.5213045402965557,2.0924049907136073,-2.055544073243803,60.80197319253801,-70.27369701952752,0.0,0.0,0.05759586531581287,0.24609142453120048,-0.08639379797371932,0.16755160819145565,-0.8063421144213803,0.35953782591083194,0.0,0.0,0.0,0.0,0.0,0.0,0.0,0.0,0.012656337890625,-0.004218779296875,-0.012656337890625,-0.004218779296875,0.0,0.06750046875,-0.0318282421875,-0.0119355908203125,0.0,0.0,0.0,0.0,0.0,0.0,0.0,0.0,0.0,0.0,0.0,0.0,0.0,0.0,0.0,0.0,0.0,0.0,0.0,0.0,0.0,0.0,0.0,0.0,0.0,0.0
9.888421778000001,0.0,0.02068564229463732,-0.009239773060063072,0.535590932888752,-0.5191054254390428,2.09135779316241,-2.0545841421552056,60.79363051871349,-70.27015400114598,0.0,0.0,0.03316125578789226,0.18849555921538758,-0.11082840750163994,0.07504915783575616,-0.7906341511534314,0.3490658503988659,0.0,0.0,0.0,0.0,0.0,0.0,0.0,0.0,0.012656337890625,0.0,-0.00843755859375,0.012656337890625,0.05906291015625,0.05906291015625,-0.0039785302734375,0.01591412109375,0.0,0.0,0.0,0.0,0.0,0.0,0.0,0.0,0.0,0.0,0.0,0.0,0.0,0.0,0.0,0.0,0.0,0.0,0.0,0.0,0.0,0.0,0.0,0.0,0.0,0.0
9.898844203000001,0.0,0.02068564229463732,-0.009239773060063072,0.5361668915419102,-0.51737754947957,2.0900575228696745,-2.053528217957749,60.78586380354211,-70.26641899654672,0.0,0.0,0.05585053606381855,0.15707963267948966,-0.12915436464758037,0.12304571226560024,-0.7644542123735164,0.3473205211468716,0.0,0.0,0.0,0.0,0.0,0.0,0.0,0.0,0.00843755859375,0.00843755859375,0.021093896484375,0.0168751171875,-0.02531267578125,-0.04218779296875,0.0358067724609375,0.0278497119140625,0.0,0.0,0.0,0.0,0.0,0.0,0.0,0.0,0.0,0.0,0.0,0.0,0.0,0.0,0.0,0.0,0.0,0.0,0.0,0.0,0.0,0.0,0.0,0.0,0.0,0.0
9.908562906,0.0,0.02068564229463732,-0.009239773060063072,0.5366555837324682,-0.5158416597378128,2.089341937876357,-2.0520446880935537,60.778097088370735,-70.26257927219231,0.0,0.0,0.03490658503988659,0.1343903524035634,-0.04188790204786391,0.1518436449235067,-0.6841690667817772,0.3700098014227979,0.0,0.0,0.0,0.0,0.0,0.0,0.0,0.0,0.00843755859375,-0.004218779296875,-0.00843755859375,0.0168751171875,-0.04218779296875,-0.0506253515625,-0.0358067724609375,0.0358067724609375,0.0,0.0,0.0,0.0,0.0,0.0,0.0,0.0,0.0,0.0,0.0,0.0,0.0,0.0,0.0,0.0,0.0,0.0,0.0,0.0,0.0,0.0,0.0,0.0,0.0,0.0
9.918625102,0.0,0.02068564229463732,-0.009239773060063072,0.5373188088482266,-0.5146897424314973,2.0886263528830398,-2.0509364040185374,60.77043509295448,-70.25854756162022,0.0,0.0,0.09773843811168245,0.10995574287564278,-0.10733774899765128,0.09424777960769379,-0.7347836150896127,0.4136430327226561,0.0,0.0,0.0,0.0,0.0,0.0,0.0,0.0,0.012656337890625,0.00843755859375,-0.00843755859375,0.029531455078125,-0.00843755859375,-0.04218779296875,-0.0119355908203125,0.04774236328125,0.0,0.0,0.0,0.0,0.0,0.0,0.0,0.0,0.0,0.0,0.0,0.0,0.0,0.0,0.0,0.0,0.0,0.0,0.0,0.0,0.0,0.0,0.0,0.0,0.0,0.0
9.928403901000001,0.0,0.02068564229463732,-0.009239773060063072,0.538470726154543,-0.5139217975606201,2.0873260825903035,-2.05012482591636,60.76313961668112,-70.25462057080323,0.0,0.0,0.10471975511965977,0.04188790204786391,-0.1317723585255719,0.06632251157578452,-0.7068583470577035,0.3892084231947355,0.0,0.0,0.0,0.0,0.0,0.0,0.0,0.0,0.012656337890625,0.00843755859375,-0.004218779296875,0.021093896484375,0.00843755859375,-0.033750234375,-0.0517208935546875,0.023871181640625,0.0,0.0,0.0,0.0,0.0,0.0,0.0,0.0,0.0,0.0,0.0,0.0,0.0,0.0,0.0,0.0,0.0,0.0,0.0,0.0,0.0,0.0,0.0,0.0,0.0,0.0
9.93863058,0.0,0.02068564229463732,-0.009239773060063072,0.5395179237057395,-0.5135378251251801,2.085938545834968,-2.0494092409230418,60.755669607482595,-70.25022234108819,0.0,0.0,0.11344640137963143,0.027925268031909273,-0.1317723585255719,0.08552113334772216,-0.6894050545377601,0.4136430327226561,0.0,0.0,0.0,0.0,0.0,0.0,0.0,0.0,0.012656337890625,0.00843755859375,0.00843755859375,-0.00843755859375,0.0506253515625,-0.033750234375,-0.04774236328125,0.0039785302734375,0.0,0.0,0.0,0.0,0.0,0.0,0.0,0.0,0.0,0.0,0.0,0.0,0.0,0.0,0.0,0.0,0.0,0.0,0.0,0.0,0.0,0.0,0.0,0.0,0.0,0.0
9.948503749,0.0,0.02068564229463732,-0.009239773060063072,0.5407745607671757,-0.5134505586625808,2.0848826216375107,-2.0482049637391664,60.74856611742697,-70.24627789697868,0.0,0.0,0.12740903539558607,0.0,-0.09512044423369097,0.1265363707695889,-0.7504915783575616,0.4276056667386107,0.0,0.0,0.0,0.0,0.0,0.0,0.0,0.0,0.012656337890625,0.012656337890625,0.004218779296875,0.033750234375,0.0168751171875,-0.02531267578125,0.0039785302734375,-0.023871181640625,0.0,0.0,0.0,0.0,0.0,0.0,0.0,0.0,0.0,0.0,0.0,0.0,0.0,0.0,0.0,0.0,0.0,0.0,0.0,0.0,0.0,0.0,0.0,0.0,0.0,0.0
9.958312469000001,0.0,0.02068564229463732,-0.009239773060063072,0.5420137445360913,-0.5135378251251801,2.0840186836577743,-2.04724503265057,60.74175933334421,-70.24177494750856,0.0,0.0,0.13613568165555773,0.0,-0.08203047484373349,0.0671951762017817,-0.6702064327658226,0.44156830075456543,0.0,0.0,0.0,0.0,0.0,0.0,0.0,0.0,0.00843755859375,0.00843755859375,-0.004218779296875,0.021093896484375,0.0,-0.02531267578125,0.0358067724609375,-0.039785302734375,0.0,0.0,0.0,0.0,0.0,0.0,0.0,0.0,0.0,0.0,0.0,0.0,0.0,0.0,0.0,0.0,0.0,0.0,0.0,0.0,0.0,0.0,0.0,0.0,0.0,0.0
9.968316584,0.0,0.02068564229463732,-0.009239773060063072,0.5432703815975275,-0.5136425448803008,2.082962759460317,-2.046765067106271,60.734865282798815,-70.23755125071872,0.0,0.0,0.10995574287564278,-0.017453292519943295,-0.1317723585255719,0.038397243543875255,-0.6702064327658226,0.44156830075456543,0.0,0.0,0.0,0.0,0.0,0.0,0.0,0.0,0.00843755859375,0.00843755859375,0.0,0.021093896484375,0.0506253515625,-0.02531267578125,0.0358067724609375,-0.043763833007812496,0.0,0.0,0.0,0.0,0.0,0.0,0.0,0.0,0.0,0.0,0.0,0.0,0.0,0.0,0.0,0.0,0.0,0.0,0.0,0.0,0.0,0.0,0.0,0.0,0.0,0.0
9.978881347,0.0,0.02068564229463732,-0.009239773060063072,0.5443175791487236,-0.5139217975606201,2.0814355963648223,-2.046285101561972,60.728145765178645,-70.23353699343915,0.0,0.0,0.09250245035569947,-0.03665191429188092,-0.14835298641951802,0.05497787143782139,-0.630063859969953,0.3612831551628263,0.0,0.0,0.0,0.0,0.0,0.0,0.0,0.0,0.012656337890625,-0.00843755859375,-0.00843755859375,0.00843755859375,0.0506253515625,-0.033750234375,0.0039785302734375,0.039785302734375,0.0,0.0,0.0,0.0,0.0,0.0,0.0,0.0,0.0,0.0,0.0,0.0,0.0,0.0,0.0,0.0,0.0,0.0,0.0,0.0,0.0,0.0,0.0,0.0,0.0,0.0
9.988477008,0.0,0.02068564229463732,-0.009239773060063072,0.5451902437747211,-0.5142010502409393,2.0799956997319278,-2.0455695165686545,60.721722953531305,-70.22941801640442,0.0,0.0,0.06806784082777886,-0.017453292519943295,-0.12740903539558607,0.09424777960769379,-0.6806784082777885,0.4363323129985824,0.0,0.0,0.0,0.0,0.0,0.0,0.0,0.0,-0.046406572265625,-0.004218779296875,0.02531267578125,0.00843755859375,0.04218779296875,-0.033750234375,-0.0358067724609375,-0.01591412109375,0.0,0.0,0.0,0.0,0.0,0.0,0.0,0.0,0.0,0.0,0.0,0.0,0.0,0.0,0.0,0.0,0.0,0.0,0.0,0.0,0.0,0.0,0.0,0.0,0.0,0.0
9.998439011,0.0,0.02068564229463732,-0.009239773060063072,0.545661482672759,-0.5143057699960583,2.0787477893167514,-2.04412961993576,60.71578883407454,-70.22470562742404,0.0,0.0,0.04188790204786391,0.0,-0.13613568165555773,0.16929693744344998,-0.5899212871740834,0.45727626402251437,0.0,0.0,0.0,0.0,0.0,0.0,0.0,0.0,-0.029531455078125,-0.004218779296875,0.012656337890625,-0.012656337890625,0.033750234375,-0.05906291015625,-0.043763833007812496,0.007957060546875,0.0,0.0,0.0,0.0,0.0,0.0,0.0,0.0,0.0,0.0,0.0,0.0,0.0,0.0,0.0,0.0,0.0,0.0,0.0,0.0,0.0,0.0,0.0,0.0,0.0,0.0
10.008351476000001,0.0,0.02068564229463732,-0.009239773060063072,0.5458534688904795,-0.5142010502409393,2.077264259452556,-2.0425500969627044,60.710116514005556,-70.22069137014445,0.0,0.0,0.0,0.013962634015954637,-0.16929693744344998,0.10471975511965977,-0.5323254218582705,0.35953782591083194,0.0,0.0,0.0,0.0,0.0,0.0,0.0,0.0,-0.046406572265625,-0.004218779296875,0.021093896484375,0.004218779296875,0.0506253515625,-0.0506253515625,-0.043763833007812496,0.0358067724609375,0.0,0.0,0.0,0.0,0.0,0.0,0.0,0.0,0.0,0.0,0.0,0.0,0.0,0.0,0.0,0.0,0.0,0.0,0.0,0.0,0.0,0.0,0.0,0.0,0.0,0.0
10.018345895000001,0.0,0.02068564229463732,-0.009344492815182015,0.5458534688904795,-0.51411378377834,2.0755363834930822,-2.0423581107449853,60.704758353201946,-70.21704363200779,0.0,-0.0017453292519943296,-0.0017453292519943296,0.0,-0.1658062789394613,0.0,-0.5026548245743669,0.3996803987067015,0.0,0.0,0.0,0.0,0.0,0.0,0.0,0.0,0.02531267578125,-0.004218779296875,0.0,0.00843755859375,0.00843755859375,-0.0506253515625,0.0278497119140625,0.043763833007812496,0.0,0.0,0.0,0.0,0.0,0.0,0.0,0.0,0.0,0.0,0.0,0.0,0.0,0.0,0.0,0.0,0.0,0.0,0.0,0.0,0.0,0.0,0.0,0.0,0.0,0.0
10.028423675,0.0,0.02068564229463732,-0.009344492815182015,0.5457662024278793,-0.51411378377834,2.074244839846606,-2.041738518860528,60.700150683976666,-70.21339589387112,0.0,0.0,-0.008726646259971648,0.0,-0.0916297857297023,0.10733774899765128,-0.466002910282486,0.3420845333908886,0.0,0.0,0.0,0.0,0.0,0.0,0.0,0.0,-0.046406572265625,-0.004218779296875,0.0168751171875,0.004218779296875,-0.033750234375,-0.0168751171875,0.007957060546875,0.0358067724609375,0.0,0.0,0.0,0.0,0.0,0.0,0.0,0.0,0.0,0.0,0.0,0.0,0.0,0.0,0.0,0.0,0.0,0.0,0.0,0.0,0.0,0.0,0.0,0.0,0.0,0.0
10.038323373,0.0,0.02068564229463732,-0.009344492815182015,0.5455742162101593,-0.51411378377834,2.0731365557715895,-2.0403422554589317,60.6955430147514,-70.20994014195216,0.0,0.0,-0.017453292519943295,0.0,-0.14049900478554353,0.14049900478554353,-0.4293509959906051,0.30543261909900765,0.0,0.0,0.0,0.0,0.0,0.0,0.0,0.0,-0.046406572265625,-0.004218779296875,-0.004218779296875,0.004218779296875,-0.0168751171875,-0.02531267578125,-0.01591412109375,0.0198926513671875,0.0,0.0,0.0,0.0,0.0,0.0,0.0,0.0,0.0,0.0,0.0,0.0,0.0,0.0,0.0,0.0,0.0,0.0,0.0,0.0,0.0,0.0,0.0,0.0,0.0,0.0
10.048256991,0.0,0.02059837583203805,-0.009344492815182015,0.5455742162101593,-0.51411378377834,2.071749019016254,-2.039338691139035,60.691232051498964,-70.20688581576118,-0.008726646259971648,0.0,0.0,0.0,-0.12217304763960307,0.061086523819801536,-0.4398229715025711,0.2897246558310587,0.0,0.0,0.0,0.0,0.0,0.0,0.0,0.0,-0.046406572265625,-0.004218779296875,0.0,0.004218779296875,-0.0506253515625,-0.00843755859375,-0.0358067724609375,-0.0278497119140625,0.0,0.0,0.0,0.0,0.0,0.0,0.0,0.0,0.0,0.0,0.0,0.0,0.0,0.0,0.0,0.0,0.0,0.0,0.0,0.0,0.0,0.0,0.0,0.0,0.0,0.0
10.05829445,0.0,0.02059837583203805,-0.009344492815182015,0.5455742162101593,-0.51411378377834,2.0710334340229357,-2.039199064798876,60.68692108824653,-70.2042852751757,0.0,0.0,0.010471975511965978,0.0,-0.027052603405912107,0.007853981633974483,-0.43458698374658805,0.2303834612632515,0.0,0.0,0.0,0.0,0.0,0.0,0.0,0.0,-0.04218779296875,-0.004218779296875,0.0,-0.021093896484375,-0.06750046875,0.0506253515625,0.01591412109375,0.0,0.0,0.0,0.0,0.0,0.0,0.0,0.0,0.0,0.0,0.0,0.0,0.0,0.0,0.0,0.0,0.0,0.0,0.0,0.0,0.0,0.0,0.0,0.0,0.0,0.0,0.0
10.068260101,0.0,0.02059837583203805,-0.009344492815182015,0.5458534688904795,-0.51411378377834,2.0708414478052166,-2.038858725594737,60.68280211121182,-70.20227814653592,0.0,0.0,0.02617993877991494,0.0,-0.03665191429188092,0.04450589592585541,-0.3961897402027128,0.2059488517353309,0.0,0.0,0.0,0.0,0.0,0.0,0.0,0.0,0.021093896484375,-0.004218779296875,0.0,-0.021093896484375,-0.02531267578125,0.04218779296875,-0.0358067724609375,-0.0119355908203125,0.0,0.0,0.0,0.0,0.0,0.0,0.0,0.0,0.0,0.0,0.0,0.0,0.0,0.0,0.0,0.0,0.0,0.0,0.0,0.0,0.0,0.0,0.0,0.0,0.0,0.0
10.078837664,0.0,0.02059837583203805,-0.009344492815182015,0.5460454551081986,-0.51411378377834,2.0703091223833585,-2.038527113036858,60.678875120394856,-70.20027101789613,0.0,0.0,0.022689280275926284,0.0,-0.05672320068981571,0.013962634015954637,-0.3735004599267866,0.1658062789394613,0.0,0.0,0.0,0.0,0.0,0.0,0.0,0.0,-0.046406572265625,-0.004218779296875,0.0,-0.021093896484375,-0.02531267578125,-0.00843755859375,-0.01591412109375,-0.0119355908203125,0.0,0.0,0.0,0.0,0.0,0.0,0.0,0.0,0.0,0.0,0.0,0.0,0.0,0.0,0.0,0.0,0.0,0.0,0.0,0.0,0.0,0.0,0.0,0.0,0.0,0.0
10.088404205,0.0,0.02059837583203805,-0.009344492815182015,0.5463247077885169,-0.51411378377834,2.0697331637302003,-2.038474753159298,60.67541936847591,-70.19843842218152,0.0,0.0,0.027925268031909273,0.0,-0.06021385919380437,0.007853981633974483,-0.31241393610698504,0.20071286397934787,0.0,0.0,0.0,0.0,0.0,0.0,0.0,0.0,0.02531267578125,0.0,0.004218779296875,-0.004218779296875,-0.02531267578125,0.00843755859375,0.0039785302734375,-0.0278497119140625,0.0,0.0,0.0,0.0,0.0,0.0,0.0,0.0,0.0,0.0,0.0,0.0,0.0,0.0,0.0,0.0,0.0,0.0,0.0,0.0,0.0,0.0,0.0,0.0,0.0,0.0
10.098325214,0.0,0.02059837583203805,-0.009344492815182015,0.5463247077885169,-0.51411378377834,2.0693491912947612,-2.038431119927998,60.6722603225298,-70.19643129354174,0.0,0.0,0.0,0.0,-0.01308996938995747,0.006108652381980153,-0.3141592653589793,0.17453292519943295,0.0,0.0,0.0,0.0,0.0,0.0,0.0,0.0,0.021093896484375,0.0,0.0,0.012656337890625,-0.04218779296875,0.0506253515625,0.0198926513671875,-0.039785302734375,0.0,0.0,0.0,0.0,0.0,0.0,0.0,0.0,0.0,0.0,0.0,0.0,0.0,0.0,0.0,0.0,0.0,0.0,0.0,0.0,0.0,0.0,0.0,0.0,0.0,0.0
10.108289361,0.0,0.02059837583203805,-0.009344492815182015,0.5461327215707978,-0.51411378377834,2.069305558063462,-2.038431119927998,60.66965978194431,-70.19508739001769,0.0,0.0,-0.017453292519943295,0.0,0.0,0.0,-0.2530727415391778,0.09250245035569947,0.0,0.0,0.0,0.0,0.0,0.0,0.0,0.0,0.021093896484375,-0.004218779296875,0.0,-0.021093896484375,-0.0506253515625,0.00843755859375,0.0318282421875,-0.0278497119140625,0.0,0.0,0.0,0.0,0.0,0.0,0.0,0.0,0.0,0.0,0.0,0.0,0.0,0.0,0.0,0.0,0.0,0.0,0.0,0.0,0.0,0.0,0.0,0.0,0.0,0.0
10.118265795000001,0.0,0.02059837583203805,-0.009344492815182015,0.5460454551081986,-0.5142010502409393,2.069305558063462,-2.038431119927998,60.66746066708681,-70.19355150027596,0.0,0.0,-0.017453292519943295,0.0,0.0,-0.004363323129985824,-0.2059488517353309,0.14486232791552936,0.0,0.0,0.0,0.0,0.0,0.0,0.0,0.0,0.02531267578125,0.0,-0.0168751171875,-0.021093896484375,0.0,0.033750234375,0.04774236328125,-0.0318282421875,0.0,0.0,0.0,0.0,0.0,0.0,0.0,0.0,0.0,0.0,0.0,0.0,0.0,0.0,0.0,0.0,0.0,0.0,0.0,0.0,0.0,0.0,0.0,0.0,0.0,0.0
10.128447833000001,0.0,0.02059837583203805,-0.009344492815182015,0.5457662024278793,-0.5142010502409393,2.0693491912947612,-2.038431119927998,60.66534881869189,-70.19239958296964,0.0,0.0,-0.019198621771937627,0.0,0.004363323129985824,0.0,-0.18849555921538758,0.12740903539558607,0.0,0.0,0.0,0.0,0.0,0.0,0.0,0.0,0.021093896484375,-0.004218779296875,-0.004218779296875,-0.021093896484375,-0.02531267578125,-0.00843755859375,-0.0198926513671875,-0.0119355908203125,0.0,0.0,0.0,0.0,0.0,0.0,0.0,0.0,0.0,0.0,0.0,0.0,0.0,0.0,0.0,0.0,0.0,0.0,0.0,0.0,0.0,0.0,0.0,0.0,0.0,0.0
10.1384371,0.0,0.02059837583203805,-0.009344492815182015,0.545661482672759,-0.51411378377834,2.0693491912947612,-2.038474753159298,60.663533676269815,-70.19116039920071,0.0,0.0,-0.017453292519943295,0.0,0.0,0.0,-0.17976891295541597,0.10646508437165411,0.0,0.0,0.0,0.0,0.0,0.0,0.0,0.0,0.00843755859375,0.0,0.0,-0.021093896484375,-0.02531267578125,0.00843755859375,-0.0198926513671875,-0.0119355908203125,0.0,0.0,0.0,0.0,0.0,0.0,0.0,0.0,0.0,0.0,0.0,0.0,0.0,0.0,0.0,0.0,0.0,0.0,0.0,0.0,0.0,0.0,0.0,0.0,0.0,0.0
10.148366782,0.0,0.02059837583203805,-0.009344492815182015,0.54546949645504,-0.51411378377834,2.0693491912947612,-2.038474753159298,60.661893066772954,-70.190095748357,0.0,0.0,-0.006981317007977318,0.0,0.0,0.0,-0.15707963267948966,0.10821041362364843,0.0,0.0,0.0,0.0,0.0,0.0,0.0,0.0,0.02531267578125,-0.004218779296875,0.004218779296875,-0.021093896484375,-0.02531267578125,0.033750234375,-0.007957060546875,-0.0358067724609375,0.0,0.0,0.0,0.0,0.0,0.0,0.0,0.0,0.0,0.0,0.0,0.0,0.0,0.0,0.0,0.0,0.0,0.0,0.0,0.0,0.0,0.0,0.0,0.0,0.0,0.0
10.158353905,0.0,0.02059837583203805,-0.009344492815182015,0.54546949645504,-0.5142010502409393,2.0693491912947612,-2.038431119927998,60.66046189678631,-70.18904855080581,0.0,0.0,0.0,0.0,0.0,0.0,-0.12915436464758037,0.08726646259971647,0.0,0.0,0.0,0.0,0.0,0.0,0.0,0.0,0.012656337890625,0.0,0.0,0.00843755859375,0.0,0.033750234375,-0.007957060546875,-0.023871181640625,0.0,0.0,0.0,0.0,0.0,0.0,0.0,0.0,0.0,0.0,0.0,0.0,0.0,0.0,0.0,0.0,0.0,0.0,0.0,0.0,0.0,0.0,0.0,0.0,0.0,0.0
10.168306851,0.0,0.02059837583203805,-0.009344492815182015,0.54546949645504,-0.5142010502409393,2.0693491912947612,-2.038431119927998,60.65930997947998,-70.18836787239752,0.0,0.0,0.0,0.0,0.0,0.0,-0.10995574287564278,0.05759586531581287,0.0,0.0,0.0,0.0,0.0,0.0,0.0,0.0,0.0168751171875,-0.004218779296875,0.0,0.00843755859375,0.00843755859375,-0.00843755859375,-0.0039785302734375,-0.0278497119140625,0.0,0.0,0.0,0.0,0.0,0.0,0.0,0.0,0.0,0.0,0.0,0.0,0.0,0.0,0.0,0.0,0.0,0.0,0.0,0.0,0.0,0.0,0.0,0.0,0.0,0.0
10.179019168,0.0,0.02059837583203805,-0.009344492815182015,0.54546949645504,-0.5142010502409393,2.0693491912947612,-2.038431119927998,60.65845476814652,-70.18770464728178,0.0,0.0,0.0,0.0,0.0,0.0,-0.07504915783575616,0.07504915783575616,0.0,0.0,0.0,0.0,0.0,0.0,0.0,0.0,0.012656337890625,-0.004218779296875,0.012656337890625,0.00843755859375,-0.04218779296875,0.033750234375,0.0,-0.023871181640625,0.0,0.0,0.0,0.0,0.0,0.0,0.0,0.0,0.0,0.0,0.0,0.0,0.0,0.0,0.0,0.0,0.0,0.0,0.0,0.0,0.0,0.0,0.0,0.0,0.0,0.0
10.188599501,0.0,0.02059837583203805,-0.009344492815182015,0.54546949645504,-0.5142010502409393,2.069401551172321,-2.038378760050439,60.65777408973825,-70.18693670241089,0.0,0.0,-0.008726646259971648,0.0,0.0,0.004363323129985824,-0.047123889803846894,0.08901179185171082,0.0,0.0,0.0,0.0,0.0,0.0,0.0,0.0,0.012656337890625,0.00843755859375,0.012656337890625,-0.021093896484375,-0.0506253515625,-0.00843755859375,0.0039785302734375,-0.01591412109375,0.0,0.0,0.0,0.0,0.0,0.0,0.0,0.0,0.0,0.0,0.0,0.0,0.0,0.0,0.0,0.0,0.0,0.0,0.0,0.0,0.0,0.0,0.0,0.0,0.0,0.0
10.198471006,0.0,0.02059837583203805,-0.009344492815182015,0.54546949645504,-0.5142010502409393,2.069401551172321,-2.038378760050439,60.65749483705792,-70.18616875754002,0.0,0.0,0.0,0.0,0.0,0.0,-0.017453292519943295,0.04363323129985824,0.0,0.0,0.0,0.0,0.0,0.0,0.0,0.0,0.0168751171875,0.012656337890625,0.0168751171875,0.012656337890625,-0.04218779296875,-0.02531267578125,-0.007957060546875,-0.0119355908203125,0.0,0.0,0.0,0.0,0.0,0.0,0.0,0.0,0.0,0.0,0.0,0.0,0.0,0.0,0.0,0.0,0.0,0.0,0.0,0.0,0.0,0.0,0.0,0.0,0.0,0.0
10.208490993,0.0,0.02059837583203805,-0.009344492815182015,0.5453822299924402,-0.5142010502409393,2.069401551172321,-2.038378760050439,60.65749483705792,-70.18559279888686,0.0,0.0,-0.0017453292519943296,0.0,0.0,0.0,0.0,0.07504915783575616,0.0,0.0,0.0,0.0,0.0,0.0,0.0,0.0,0.012656337890625,0.012656337890625,0.012656337890625,-0.021093896484375,0.0,-0.02531267578125,0.007957060546875,-0.0198926513671875,0.0,0.0,0.0,0.0,0.0,0.0,0.0,0.0,0.0,0.0,0.0,0.0,0.0,0.0,0.0,0.0,0.0,0.0,0.0,0.0,0.0,0.0,0.0,0.0,0.0,0.0
10.218418435,0.0,0.02059837583203805,-0.009344492815182015,0.5452775102373209,-0.5142010502409393,2.069445184403622,-2.038378760050439,60.65768682327563,-70.18492957377109,0.0,0.0,-0.0017453292519943296,0.0,0.0,0.0,0.022689280275926284,0.054105206811824215,0.0,0.0,0.0,0.0,0.0,0.0,0.0,0.0,0.00843755859375,0.012656337890625,0.004218779296875,0.004218779296875,-0.0506253515625,-0.00843755859375,0.0,-0.0198926513671875,0.0,0.0,0.0,0.0,0.0,0.0,0.0,0.0,0.0,0.0,0.0,0.0,0.0,0.0,0.0,0.0,0.0,0.0,0.0,0.0,0.0,0.0,0.0,0.0,0.0,0.0
10.228430902000001,0.0,0.02059837583203805,-0.009344492815182015,0.5450855240196013,-0.5142010502409393,2.069445184403622,-2.038378760050439,60.65796607595595,-70.18424889536281,0.0,0.0,-0.015707963267948967,0.0,0.0,0.008726646259971648,0.031415926535897934,0.08377580409572782,0.0,0.0,0.0,0.0,0.0,0.0,0.0,0.0,0.00843755859375,0.00843755859375,-0.0168751171875,0.012656337890625,-0.04218779296875,-0.0168751171875,-0.007957060546875,-0.007957060546875,0.0,0.0,0.0,0.0,0.0,0.0,0.0,0.0,0.0,0.0,0.0,0.0,0.0,0.0,0.0,0.0,0.0,0.0,0.0,0.0,0.0,0.0,0.0,0.0,0.0,0.0
10.23832644,0.0,0.02059837583203805,-0.009344492815182015,0.5449982575570016,-0.5142010502409393,2.069445184403622,-2.038282766941579,60.65835004839139,-70.1832889642742,0.0,0.0,-0.005235987755982989,0.0,0.0,0.008726646259971648,0.03316125578789226,0.08377580409572782,0.0,0.0,0.0,0.0,0.0,0.0,0.0,0.0,0.004218779296875,0.012656337890625,-0.021093896484375,0.004218779296875,-0.04218779296875,-0.00843755859375,-0.007957060546875,0.039785302734375,0.0,0.0,0.0,0.0,0.0,0.0,0.0,0.0,0.0,0.0,0.0,0.0,0.0,0.0,0.0,0.0,0.0,0.0,0.0,0.0,0.0,0.0,0.0,0.0,0.0,0.0
10.248359835,0.0,0.02059837583203805,-0.009344492815182015,0.5449982575570016,-0.5142010502409393,2.069445184403622,-2.038090780723859,60.658646754364234,-70.18232903318562,0.0,0.0,0.0,0.0,0.0,0.025307274153917782,0.02617993877991494,0.10122909661567113,0.0,0.0,0.0,0.0,0.0,0.0,0.0,0.0,0.00843755859375,-0.004218779296875,0.004218779296875,0.004218779296875,-0.033750234375,0.00843755859375,-0.0039785302734375,-0.0039785302734375,0.0,0.0,0.0,0.0,0.0,0.0,0.0,0.0,0.0,0.0,0.0,0.0,0.0,0.0,0.0,0.0,0.0,0.0,0.0,0.0,0.0,0.0,0.0,0.0,0.0,0.0
10.258441135,0.0,0.02059837583203805,-0.009344492815182015,0.5449982575570016,-0.5143057699960583,2.069445184403622,-2.0378028013972798,60.65892600704456,-70.18147382185215,0.0,0.0,0.0,0.0,0.0,0.039269908169872414,0.03490658503988659,0.06457718232379019,0.0,0.0,0.0,0.0,0.0,0.0,0.0,0.0,0.021093896484375,0.0,0.00843755859375,0.004218779296875,0.0,-0.00843755859375,-0.0119355908203125,0.023871181640625,0.0,0.0,0.0,0.0,0.0,0.0,0.0,0.0,0.0,0.0,0.0,0.0,0.0,0.0,0.0,0.0,0.0,0.0,0.0,0.0,0.0,0.0,0.0,0.0,0.0,0.0
10.268370977,0.0,0.02059837583203805,-0.009344492815182015,0.5450855240196013,-0.5143057699960583,2.069445184403622,-2.0373228358529816,60.65930997947998,-70.18079314344386,0.0,0.0,0.017453292519943295,0.0,0.0,0.050614548307835565,0.03490658503988659,0.12566370614359174,0.0,0.0,0.0,0.0,0.0,0.0,0.0,0.0,0.00843755859375,0.00843755859375,0.004218779296875,-0.021093896484375,-0.0168751171875,-0.00843755859375,0.023871181640625,0.0,0.0,0.0,0.0,0.0,0.0,0.0,0.0,0.0,0.0,0.0,0.0,0.0,0.0,0.0,0.0,0.0,0.0,0.0,0.0,0.0,0.0,0.0,0.0,0.0,0.0,0.0
10.278709209,0.0,0.02059837583203805,-0.009344492815182015,0.5450855240196013,-0.5143057699960583,2.069445184403622,-2.0368428703086825,60.659606685452836,-70.17993793211038,0.0,0.0,0.0017453292519943296,0.0,0.0,0.04799655442984406,0.024434609527920613,0.05934119456780721,0.0,0.0,0.0,0.0,0.0,0.0,0.0,0.0,0.00843755859375,-0.004218779296875,0.004218779296875,0.00843755859375,-0.02531267578125,0.00843755859375,0.01591412109375,0.0119355908203125,0.0,0.0,0.0,0.0,0.0,0.0,0.0,0.0,0.0,0.0,0.0,0.0,0.0,0.0,0.0,0.0,0.0,0.0,0.0,0.0,0.0,0.0,0.0,0.0,0.0,0.0
10.28827783,0.0,0.02059837583203805,-0.009344492815182015,0.5451902437747211,-0.5142010502409393,2.069445184403622,-2.036266911655525,60.65999065788828,-70.17916998723949,0.0,0.0,0.012217304763960306,0.0,0.0,0.06632251157578452,0.03490658503988659,0.07853981633974483,0.0,0.0,0.0,0.0,0.0,0.0,0.0,0.0,0.00843755859375,0.00843755859375,0.004218779296875,0.00843755859375,-0.033750234375,0.0,0.023871181640625,0.0119355908203125,0.0,0.0,0.0,0.0,0.0,0.0,0.0,0.0,0.0,0.0,0.0,0.0,0.0,0.0,0.0,0.0,0.0,0.0,0.0,0.0,0.0,0.0,0.0,0.0,0.0,0.0
10.298713151000001,0.0,0.02059837583203805,-0.009344492815182015,0.5451902437747211,-0.51411378377834,2.069445184403622,-2.035551326662208,60.66046189678631,-70.17850676212375,0.0,0.0,0.0,0.017453292519943295,0.0,0.06457718232379019,0.047123889803846894,0.06457718232379019,0.0,0.0,0.0,0.0,0.0,0.0,0.0,0.0,0.004218779296875,-0.004218779296875,0.004218779296875,0.00843755859375,-0.0506253515625,0.033750234375,-0.007957060546875,0.0119355908203125,0.0,0.0,0.0,0.0,0.0,0.0,0.0,0.0,0.0,0.0,0.0,0.0,0.0,0.0,0.0,0.0,0.0,0.0,0.0,0.0,0.0,0.0,0.0,0.0,0.0,0.0
10.308905525,0.0,0.02059837583203805,-0.009344492815182015,0.5452775102373209,-0.51411378377834,2.069445184403622,-2.0353157072131878,60.66093313568435,-70.17793080347059,0.0,0.0,0.0,0.0,0.0,0.004363323129985824,0.048869219055841226,0.04188790204786391,0.0,0.0,0.0,0.0,0.0,0.0,0.0,0.0,0.004218779296875,0.00843755859375,-0.0168751171875,0.004218779296875,0.00843755859375,0.033750234375,-0.0119355908203125,-0.0119355908203125,0.0,0.0,0.0,0.0,0.0,0.0,0.0,0.0,0.0,0.0,0.0,0.0,0.0,0.0,0.0,0.0,0.0,0.0,0.0,0.0,0.0,0.0,0.0,0.0,0.0,0.0
10.31889524,0.0,0.02059837583203805,-0.009344492815182015,0.5452775102373209,-0.51411378377834,2.069445184403622,-2.0352197141043287,60.6614218278749,-70.17763409749776,0.0,0.0,0.0,-0.017453292519943295,0.0,0.020071286397934793,0.06457718232379019,0.029670597283903605,0.0,0.0,0.0,0.0,0.0,0.0,0.0,0.0,-0.046406572265625,0.0,0.004218779296875,0.004218779296875,0.00843755859375,0.02531267578125,-0.0198926513671875,-0.007957060546875,0.0,0.0,0.0,0.0,0.0,0.0,0.0,0.0,0.0,0.0,0.0,0.0,0.0,0.0,0.0,0.0,0.0,0.0,0.0,0.0,0.0,0.0,0.0,0.0,0.0,0.0
10.329374978,0.0,0.02059837583203805,-0.009344492815182015,0.5452775102373209,-0.51411378377834,2.069445184403622,-2.0349753680090488,60.662085052990655,-70.17754683103514,0.0,0.0,0.0,0.0,0.0,0.01832595714594046,0.061086523819801536,0.0,0.0,0.0,0.0,0.0,0.0,0.0,0.0,0.0,-0.046406572265625,0.0,0.004218779296875,0.00843755859375,-0.00843755859375,0.0168751171875,0.0278497119140625,0.007957060546875,0.0,0.0,0.0,0.0,0.0,0.0,0.0,0.0,0.0,0.0,0.0,0.0,0.0,0.0,0.0,0.0,0.0,0.0,0.0,0.0,0.0,0.0,0.0,0.0,0.0,0.0
10.338956527,0.0,0.02059837583203805,-0.009344492815182015,0.5452775102373209,-0.51411378377834,2.069445184403622,-2.0348793749001897,60.66266101164383,-70.17754683103514,0.0,0.0,0.0,0.0,0.0,0.0017453292519943296,0.05585053606381855,-0.015707963267948967,0.0,0.0,0.0,0.0,0.0,0.0,0.0,0.0,-0.029531455078125,-0.004218779296875,0.004218779296875,0.004218779296875,0.0,0.0168751171875,-0.01591412109375,-0.0119355908203125,0.0,0.0,0.0,0.0,0.0,0.0,0.0,0.0,0.0,0.0,0.0,0.0,0.0,0.0,0.0,0.0,0.0,0.0,0.0,0.0,0.0,0.0,0.0,0.0,0.0,0.0
10.348544987,0.0,0.02059837583203805,-0.009344492815182015,0.5452775102373209,-0.51411378377834,2.069445184403622,-2.0348357416688905,60.6633416900521,-70.17782608371547,0.0,0.0,0.0,0.0,0.0,0.008726646259971648,0.06283185307179587,-0.024434609527920613,0.0,0.0,0.0,0.0,0.0,0.0,0.0,0.0,-0.029531455078125,-0.004218779296875,0.0,0.004218779296875,-0.0168751171875,0.0168751171875,0.039785302734375,0.0,0.0,0.0,0.0,0.0,0.0,0.0,0.0,0.0,0.0,0.0,0.0,0.0,0.0,0.0,0.0,0.0,0.0,0.0,0.0,0.0,0.0,0.0,0.0,0.0,0.0,0.0
10.358345547,0.0,0.02059837583203805,-0.009344492815182015,0.5452775102373209,-0.51411378377834,2.069445184403622,-2.0347833817913297,60.66391764870526,-70.1780180699332,0.0,0.0,0.0,0.0,0.0,0.0017453292519943296,0.06283185307179587,-0.020943951023931956,0.0,0.0,0.0,0.0,0.0,0.0,0.0,0.0,-0.046406572265625,-0.004218779296875,0.0,0.00843755859375,0.0168751171875,0.00843755859375,-0.023871181640625,0.0039785302734375,0.0,0.0,0.0,0.0,0.0,0.0,0.0,0.0,0.0,0.0,0.0,0.0,0.0,0.0,0.0,0.0,0.0,0.0,0.0,0.0,0.0,0.0,0.0,0.0,0.0,0.0
10.368424832,0.0,0.02059837583203805,-0.009344492815182015,0.5452775102373209,-0.5142010502409393,2.069445184403622,-2.0347397485600305,60.664580873821,-70.17812278968833,0.0,0.0,0.0,0.0,0.0,0.0,0.06457718232379019,0.0,0.0,0.0,0.0,0.0,0.0,0.0,0.0,0.0,-0.046406572265625,0.0,0.004218779296875,0.004218779296875,-0.0168751171875,0.00843755859375,0.0358067724609375,-0.01591412109375,0.0,0.0,0.0,0.0,0.0,0.0,0.0,0.0,0.0,0.0,0.0,0.0,0.0,0.0,0.0,0.0,0.0,0.0,0.0,0.0,0.0,0.0,0.0,0.0,0.0,0.0
10.378899417000001,0.0,0.02059837583203805,-0.009344492815182015,0.5452775102373209,-0.5142010502409393,2.069401551172321,-2.0346873886824706,60.665261552229275,-70.17812278968833,0.0,0.0,0.0,0.0,0.0,0.005235987755982989,0.06457718232379019,0.0,0.0,0.0,0.0,0.0,0.0,0.0,0.0,0.0,-0.046406572265625,-0.004218779296875,0.012656337890625,0.004218779296875,-0.033750234375,0.02531267578125,0.0358067724609375,0.0,0.0,0.0,0.0,0.0,0.0,0.0,0.0,0.0,0.0,0.0,0.0,0.0,0.0,0.0,0.0,0.0,0.0,0.0,0.0,0.0,0.0,0.0,0.0,0.0,0.0,0.0
10.388500103,0.0,0.02059837583203805,-0.009344492815182015,0.5452775102373209,-0.5143057699960583,2.069401551172321,-2.0345913955736106,60.66592477734505,-70.17812278968833,0.0,0.0,0.0,0.0,-0.003490658503988659,0.01308996938995747,0.061086523819801536,0.0,0.0,0.0,0.0,0.0,0.0,0.0,0.0,0.0,-0.02531267578125,-0.004218779296875,0.004218779296875,0.0,0.00843755859375,-0.00843755859375,-0.0198926513671875,0.0,0.0,0.0,0.0,0.0,0.0,0.0,0.0,0.0,0.0,0.0,0.0,0.0,0.0,0.0,0.0,0.0,0.0,0.0,0.0,0.0,0.0,0.0,0.0,0.0,0.0,0.0
10.398348023,0.0,0.02059837583203805,-0.009344492815182015,0.5452775102373209,-0.5144977562137774,2.069401551172321,-2.0344517692334505,60.66650073599822,-70.17812278968833,0.0,0.0,-0.008726646259971648,-0.012217304763960306,0.0,0.012217304763960306,0.048869219055841226,0.0,0.0,0.0,0.0,0.0,0.0,0.0,0.0,0.0,0.02531267578125,0.0,0.004218779296875,-0.021093896484375,0.0,-0.033750234375,0.039785302734375,0.0119355908203125,0.0,0.0,0.0,0.0,0.0,0.0,0.0,0.0,0.0,0.0,0.0,0.0,0.0,0.0,0.0,0.0,0.0,0.0,0.0,0.0,0.0,0.0,0.0,0.0,0.0,0.0
10.408276713000001,0.0,0.02059837583203805,-0.009344492815182015,0.5452775102373209,-0.5145850226763775,2.069401551172321,-2.0342597830157314,60.667076694651364,-70.17812278968833,0.0,0.0,0.0,-0.012217304763960306,0.0,0.01832595714594046,0.050614548307835565,0.0,0.0,0.0,0.0,0.0,0.0,0.0,0.0,0.0,0.02531267578125,-0.004218779296875,-0.0168751171875,-0.012656337890625,0.0506253515625,0.0,-0.023871181640625,-0.007957060546875,0.0,0.0,0.0,0.0,0.0,0.0,0.0,0.0,0.0,0.0,0.0,0.0,0.0,0.0,0.0,0.0,0.0,0.0,0.0,0.0,0.0,0.0,0.0,0.0,0.0,0.0
10.418322301,0.0,0.02059837583203805,-0.009344492815182015,0.5452775102373209,-0.5146897424314973,2.069401551172321,-2.0340154369204533,60.66754793354939,-70.17812278968833,0.0,0.0,0.0,-0.006981317007977318,0.0,0.020943951023931956,0.04188790204786391,0.0,0.0,0.0,0.0,0.0,0.0,0.0,0.0,0.0,-0.046406572265625,-0.004218779296875,0.004218779296875,-0.021093896484375,0.00843755859375,-0.04218779296875,0.039785302734375,0.007957060546875,0.0,0.0,0.0,0.0,0.0,0.0,0.0,0.0,0.0,0.0,0.0,0.0,0.0,0.0,0.0,0.0,0.0,0.0,0.0,0.0,0.0,0.0,0.0,0.0,0.0,0.0
10.428389585000001,0.0,0.02059837583203805,-0.009344492815182015,0.5452775102373209,-0.5147770088940966,2.069401551172321,-2.0338758105802923,60.66793190598484,-70.17812278968833,0.0,0.0,0.0,-0.012217304763960306,0.0,0.013962634015954637,0.03316125578789226,0.0,0.0,0.0,0.0,0.0,0.0,0.0,0.0,0.0,0.004218779296875,0.0,0.004218779296875,0.00843755859375,-0.0168751171875,0.04218779296875,-0.0278497119140625,-0.0119355908203125,0.0,0.0,0.0,0.0,0.0,0.0,0.0,0.0,0.0,0.0,0.0,0.0,0.0,0.0,0.0,0.0,0.0,0.0,0.0,0.0,0.0,0.0,0.0,0.0,0.0,0.0
10.438309859,0.0,0.02059837583203805,-0.009344492815182015,0.5452775102373209,-0.5148817286492173,2.069401551172321,-2.0337274575938733,60.66822861195768,-70.17812278968833,0.0,0.0,0.0,-0.015707963267948967,0.0,0.007853981633974483,0.031415926535897934,0.0,0.0,0.0,0.0,0.0,0.0,0.0,0.0,0.0,0.02531267578125,0.0,0.004218779296875,0.00843755859375,-0.0168751171875,0.02531267578125,0.0039785302734375,0.0,0.0,0.0,0.0,0.0,0.0,0.0,0.0,0.0,0.0,0.0,0.0,0.0,0.0,0.0,0.0,0.0,0.0,0.0,0.0,0.0,0.0,0.0,0.0,0.0,0.0,0.0
10.448309685,0.0,0.02059837583203805,-0.009344492815182015,0.5452775102373209,-0.5148817286492173,2.0693491912947612,-2.033683824362574,60.66850786463801,-70.17812278968833,0.0,0.0,0.0,0.0,0.0,0.0,0.015707963267948967,-0.008726646259971648,0.0,0.0,0.0,0.0,0.0,0.0,0.0,0.0,0.021093896484375,-0.004218779296875,-0.0168751171875,0.004218779296875,-0.0168751171875,0.02531267578125,-0.023871181640625,-0.0039785302734375,0.0,0.0,0.0,0.0,0.0,0.0,0.0,0.0,0.0,0.0,0.0,0.0,0.0,0.0,0.0,0.0,0.0,0.0,0.0,0.0,0.0,0.0,0.0,0.0,0.0,0.0
10.458238759,0.0,0.02059837583203805,-0.009344492815182015,0.5452775102373209,-0.5149689951118166,2.0693491912947612,-2.033683824362574,60.668612584393124,-70.17821005615092,0.0,0.0,-0.008726646259971648,0.0,0.0,0.0,0.013962634015954637,-0.008726646259971648,0.0,0.0,0.0,0.0,0.0,0.0,0.0,0.0,0.021093896484375,-0.004218779296875,-0.02531267578125,-0.0168751171875,0.0506253515625,0.00843755859375,-0.0198926513671875,0.007957060546875,0.0,0.0,0.0,0.0,0.0,0.0,0.0,0.0,0.0,0.0,0.0,0.0,0.0,0.0,0.0,0.0,0.0,0.0,0.0,0.0,0.0,0.0,0.0,0.0,0.0,0.0
10.468356892000001,0.0,0.02059837583203805,-0.009344492815182015,0.5451902437747211,-0.5149689951118166,2.0693491912947612,-2.033683824362574,60.668612584393124,-70.17831477590603,0.0,0.0,0.0,0.0,0.0,0.0,0.0,-0.013962634015954637,0.0,0.0,0.0,0.0,0.0,0.0,0.0,0.0,0.0168751171875,0.0,0.004218779296875,-0.0168751171875,0.06750046875,0.0168751171875,0.055699423828125,0.007957060546875,0.0,0.0,0.0,0.0,0.0,0.0,0.0,0.0,0.0,0.0,0.0,0.0,0.0,0.0,0.0,0.0,0.0,0.0,0.0,0.0,0.0,0.0,0.0,0.0,0.0,0.0
10.478789301,0.0,0.02059837583203805,-0.009344492815182015,0.5451902437747211,-0.5148817286492173,2.0693491912947612,-2.033683824362574,60.66850786463801,-70.17840204236863,0.0,0.0,0.0,0.012217304763960306,-0.006108652381980153,0.0,-0.013962634015954637,0.0,0.0,0.0,0.0,0.0,0.0,0.0,0.0,0.0,0.0168751171875,0.0,0.004218779296875,-0.0168751171875,0.05906291015625,0.00843755859375,-0.0198926513671875,-0.0039785302734375,0.0,0.0,0.0,0.0,0.0,0.0,0.0,0.0,0.0,0.0,0.0,0.0,0.0,0.0,0.0,0.0,0.0,0.0,0.0,0.0,0.0,0.0,0.0,0.0,0.0,0.0
10.488473604000001,0.0,0.02059837583203805,-0.009344492815182015,0.5451902437747211,-0.5148817286492173,2.069305558063462,-2.033683824362574,60.668315878420266,-70.17840204236863,0.0,0.0,0.0,0.0,0.0,0.0,-0.017453292519943295,0.0,0.0,0.0,0.0,0.0,0.0,0.0,0.0,0.0,0.0168751171875,0.0,0.004218779296875,-0.0168751171875,0.0506253515625,-0.05906291015625,-0.0119355908203125,0.0,0.0,0.0,0.0,0.0,0.0,0.0,0.0,0.0,0.0,0.0,0.0,0.0,0.0,0.0,0.0,0.0,0.0,0.0,0.0,0.0,0.0,0.0,0.0,0.0,0.0,0.0
10.498433878,0.0,0.02059837583203805,-0.009344492815182015,0.5451902437747211,-0.5148817286492173,2.069305558063462,-2.033683824362574,60.66812389220258,-70.17831477590603,0.0,0.0,0.0,0.0,-0.008726646259971648,0.0,-0.020943951023931956,0.005235987755982989,0.0,0.0,0.0,0.0,0.0,0.0,0.0,0.0,0.021093896484375,0.00843755859375,0.004218779296875,-0.0168751171875,0.06750046875,-0.05906291015625,-0.0119355908203125,0.0,0.0,0.0,0.0,0.0,0.0,0.0,0.0,0.0,0.0,0.0,0.0,0.0,0.0,0.0,0.0,0.0,0.0,0.0,0.0,0.0,0.0,0.0,0.0,0.0,0.0,0.0
10.508344104,0.0,0.02059837583203805,-0.009344492815182015,0.5451902437747211,-0.5148817286492173,2.0692531981859013,-2.033683824362574,60.66793190598484,-70.17831477590603,0.0,0.0,0.0,0.008726646259971648,-0.0017453292519943296,0.0,-0.006981317007977318,0.015707963267948967,0.0,0.0,0.0,0.0,0.0,0.0,0.0,0.0,0.0168751171875,0.00843755859375,0.004218779296875,-0.0168751171875,-0.04218779296875,0.033750234375,-0.0119355908203125,0.0039785302734375,0.0,0.0,0.0,0.0,0.0,0.0,0.0,0.0,0.0,0.0,0.0,0.0,0.0,0.0,0.0,0.0,0.0,0.0,0.0,0.0,0.0,0.0,0.0,0.0,0.0,0.0
10.518358427,0.0,0.02059837583203805,-0.009344492815182015,0.5451902437747211,-0.5148817286492173,2.069209564954602,-2.033683824362574,60.66784463952224,-70.17821005615092,0.0,0.0,0.0,0.0,-0.0017453292519943296,0.0,-0.003490658503988659,0.0,0.0,0.0,0.0,0.0,0.0,0.0,0.0,0.0,0.012656337890625,0.012656337890625,-0.0168751171875,0.004218779296875,0.0506253515625,0.0168751171875,-0.0039785302734375,-0.0119355908203125,0.0,0.0,0.0,0.0,0.0,0.0,0.0,0.0,0.0,0.0,0.0,0.0,0.0,0.0,0.0,0.0,0.0,0.0,0.0,0.0,0.0,0.0,0.0,0.0,0.0,0.0
10.528469711000001,0.0,0.02059837583203805,-0.009344492815182015,0.5451902437747211,-0.5148817286492173,2.069113571845743,-2.033683824362574,60.66784463952224,-70.17821005615092,0.0,0.0,0.0,0.0,-0.005235987755982989,0.0,0.0,0.0,0.0,0.0,0.0,0.0,0.0,0.0,0.0,0.0,0.012656337890625,0.00843755859375,-0.02531267578125,-0.021093896484375,-0.05906291015625,-0.05906291015625,-0.0119355908203125,0.007957060546875,0.0,0.0,0.0,0.0,0.0,0.0,0.0,0.0,0.0,0.0,0.0,0.0,0.0,0.0,0.0,0.0,0.0,0.0,0.0,0.0,0.0,0.0,0.0,0.0,0.0,0.0
10.538298304000001,0.0,0.02059837583203805,-0.009344492815182015,0.5451902437747211,-0.5148817286492173,2.069061211968182,-2.033683824362574,60.66784463952224,-70.17821005615092,0.0,0.0,0.0,0.0,-0.008726646259971648,0.0,0.0,0.0,0.0,0.0,0.0,0.0,0.0,0.0,0.0,0.0,0.004218779296875,0.012656337890625,-0.0168751171875,0.012656337890625,-0.04218779296875,-0.05906291015625,-0.007957060546875,0.0,0.0,0.0,0.0,0.0,0.0,0.0,0.0,0.0,0.0,0.0,0.0,0.0,0.0,0.0,0.0,0.0,0.0,0.0,0.0,0.0,0.0,0.0,0.0,0.0,0.0,0.0
10.548226738,0.0,0.02059837583203805,-0.009344492815182015,0.5451902437747211,-0.5148817286492173,2.068921585628024,-2.033683824362574,60.66784463952224,-70.17821005615092,0.0,0.0,0.0,0.0,-0.014835298641951803,0.008726646259971648,0.0,0.0,0.0,0.0,0.0,0.0,0.0,0.0,0.0,0.0,0.0168751171875,0.00843755859375,-0.0168751171875,0.0,-0.0506253515625,0.00843755859375,-0.01591412109375,0.0,0.0,0.0,0.0,0.0,0.0,0.0,0.0,0.0,0.0,0.0,0.0,0.0,0.0,0.0,0.0,0.0,0.0,0.0,0.0,0.0,0.0,0.0,0.0,0.0,0.0,0.0
10.558444424000001,0.0,0.02059837583203805,-0.009344492815182015,0.5451902437747211,-0.5148817286492173,2.068729599410304,-2.0336314644850133,60.66784463952224,-70.17821005615092,0.0,0.0,0.0,0.0,-0.02181661564992912,0.0,0.0,0.0,0.0,0.0,0.0,0.0,0.0,0.0,0.0,0.0,0.004218779296875,0.00843755859375,0.012656337890625,0.0168751171875,-0.04218779296875,0.02531267578125,-0.0198926513671875,0.007957060546875,0.0,0.0,0.0,0.0,0.0,0.0,0.0,0.0,0.0,0.0,0.0,0.0,0.0,0.0,0.0,0.0,0.0,0.0,0.0,0.0,0.0,0.0,0.0,0.0,0.0,0.0
10.568490396000001,0.0,0.02059837583203805,-0.009344492815182015,0.5451902437747211,-0.5149689951118166,2.068441620083725,-2.0336314644850133,60.66784463952224,-70.17821005615092,0.0,0.0,-0.008726646259971648,0.0,-0.028797932657906436,0.0,0.0,0.0,0.0,0.0,0.0,0.0,0.0,0.0,0.0,0.0,0.0168751171875,0.012656337890625,0.0168751171875,0.0,-0.04218779296875,0.033750234375,-0.0119355908203125,0.0039785302734375,0.0,0.0,0.0,0.0,0.0,0.0,0.0,0.0,0.0,0.0,0.0,0.0,0.0,0.0,0.0,0.0,0.0,0.0,0.0,0.0,0.0,0.0,0.0,0.0,0.0,0.0
10.578821907,0.0,0.02059837583203805,-0.009344492815182015,0.5450855240196013,-0.5149689951118166,2.0681536407571457,-2.033587831253714,60.66784463952224,-70.17821005615092,0.0,0.0,0.0,0.0,-0.027052603405912107,0.0,0.0,0.0,0.0,0.0,0.0,0.0,0.0,0.0,0.0,0.0,0.00843755859375,-0.004218779296875,0.012656337890625,0.004218779296875,0.06750046875,-0.0506253515625,-0.007957060546875,0.0039785302734375,0.0,0.0,0.0,0.0,0.0,0.0,0.0,0.0,0.0,0.0,0.0,0.0,0.0,0.0,0.0,0.0,0.0,0.0,0.0,0.0,0.0,0.0,0.0,0.0,0.0,0.0
10.588776198000001,0.0,0.02059837583203805,-0.009344492815182015,0.5450855240196013,-0.5149689951118166,2.0679616545394266,-2.033587831253714,60.66784463952224,-70.17821005615092,0.0,0.0,-0.010471975511965978,0.0,-0.013962634015954637,0.0,0.006981317007977318,0.0,0.0,0.0,0.0,0.0,0.0,0.0,0.0,0.0,0.00843755859375,-0.004218779296875,0.004218779296875,0.0,-0.05906291015625,0.02531267578125,0.055699423828125,-0.0119355908203125,0.0,0.0,0.0,0.0,0.0,0.0,0.0,0.0,0.0,0.0,0.0,0.0,0.0,0.0,0.0,0.0,0.0,0.0,0.0,0.0,0.0,0.0,0.0,0.0,0.0,0.0
10.598056014,0.0,0.02059837583203805,-0.009344492815182015,0.5449982575570016,-0.5149689951118166,2.0678656614305666,-2.033587831253714,60.66793190598484,-70.17821005615092,0.0,0.0,-0.017453292519943295,0.0,-0.008726646259971648,0.006981317007977318,0.010471975511965978,0.0,0.0,0.0,0.0,0.0,0.0,0.0,0.0,0.0,0.00843755859375,-0.004218779296875,0.00843755859375,0.0,-0.0506253515625,0.00843755859375,-0.0119355908203125,-0.0119355908203125,0.0,0.0,0.0,0.0,0.0,0.0,0.0,0.0,0.0,0.0,0.0,0.0,0.0,0.0,0.0,0.0,0.0,0.0,0.0,0.0,0.0,0.0,0.0,0.0,0.0,0.0
10.608097986,0.0,0.02059837583203805,-0.009344492815182015,0.5448935378018822,-0.5149689951118166,2.0677696683217075,-2.033535471376154,60.66793190598484,-70.17821005615092,0.0,0.0,-0.017453292519943295,0.0,-0.0017453292519943296,0.008726646259971648,0.0,0.0,0.0,0.0,0.0,0.0,0.0,0.0,0.0,0.0,-0.04218779296875,-0.004218779296875,0.004218779296875,0.00843755859375,0.00843755859375,0.0168751171875,0.043763833007812496,-0.0119355908203125,0.0,0.0,0.0,0.0,0.0,0.0,0.0,0.0,0.0,0.0,0.0,0.0,0.0,0.0,0.0,0.0,0.0,0.0,0.0,0.0,0.0,0.0,0.0,0.0,0.0,0.0
10.618086164000001,0.0,0.02059837583203805,-0.009344492815182015,0.5448062713392825,-0.5149689951118166,2.0677696683217075,-2.033439478267294,60.66793190598484,-70.17821005615092,0.0,0.0,-0.010471975511965978,0.0,0.0,0.007853981633974483,0.0,0.0,0.0,0.0,0.0,0.0,0.0,0.0,0.0,0.0,-0.046406572265625,0.0,0.0168751171875,0.0,-0.05906291015625,0.0168751171875,-0.01591412109375,0.0039785302734375,0.0,0.0,0.0,0.0,0.0,0.0,0.0,0.0,0.0,0.0,0.0,0.0,0.0,0.0,0.0,0.0,0.0,0.0,0.0,0.0,0.0,0.0,0.0,0.0,0.0,0.0
10.628108712000001,0.0,0.02059837583203805,-0.009344492815182015,0.5448062713392825,-0.5149689951118166,2.0677696683217075,-2.033343485158434,60.66793190598484,-70.17821005615092,0.0,0.0,0.0,0.0,0.0,0.008726646259971648,0.0,0.0,0.0,0.0,0.0,0.0,0.0,0.0,0.0,0.0,-0.046406572265625,-0.004218779296875,0.004218779296875,0.00843755859375,0.00843755859375,0.02531267578125,0.043763833007812496,0.0,0.0,0.0,0.0,0.0,0.0,0.0,0.0,0.0,0.0,0.0,0.0,0.0,0.0,0.0,0.0,0.0,0.0,0.0,0.0,0.0,0.0,0.0,0.0,0.0,0.0,0.0
10.638473824,0.0,0.02059837583203805,-0.009344492815182015,0.5447015515841631,-0.5149689951118166,2.0677696683217075,-2.033203858818275,60.66793190598484,-70.17812278968833,0.0,0.0,-0.010471975511965978,0.0,0.0,0.013962634015954637,0.0,0.010471975511965978,0.0,0.0,0.0,0.0,0.0,0.0,0.0,0.0,-0.046406572265625,0.0,0.004218779296875,0.0,0.00843755859375,0.033750234375,0.0,-0.0198926513671875,0.0,0.0,0.0,0.0,0.0,0.0,0.0,0.0,0.0,0.0,0.0,0.0,0.0,0.0,0.0,0.0,0.0,0.0,0.0,0.0,0.0,0.0,0.0,0.0,0.0,0.0
10.648698134,0.0,0.02059837583203805,-0.009344492815182015,0.544614285121563,-0.5149689951118166,2.0677696683217075,-2.033055505831856,60.66793190598484,-70.17793080347059,0.0,0.0,-0.017453292519943295,0.0,0.0,0.01832595714594046,0.0,0.005235987755982989,0.0,0.0,0.0,0.0,0.0,0.0,0.0,0.0,0.02531267578125,-0.004218779296875,0.004218779296875,-0.0168751171875,-0.00843755859375,-0.06750046875,0.043763833007812496,0.0119355908203125,0.0,0.0,0.0,0.0,0.0,0.0,0.0,0.0,0.0,0.0,0.0,0.0,0.0,0.0,0.0,0.0,0.0,0.0,0.0,0.0,0.0,0.0,0.0,0.0,0.0,0.0
10.658547623,0.0,0.02059837583203805,-0.009344492815182015,0.544422298903843,-0.5149689951118166,2.0677696683217075,-2.032863519614137,60.668036625739965,-70.17782608371547,0.0,0.0,-0.017453292519943295,0.0,0.0,0.020943951023931956,0.0,0.008726646259971648,0.0,0.0,0.0,0.0,0.0,0.0,0.0,0.0,-0.029531455078125,-0.004218779296875,0.0,0.00843755859375,0.0,0.00843755859375,0.055699423828125,0.0,0.0,0.0,0.0,0.0,0.0,0.0,0.0,0.0,0.0,0.0,0.0,0.0,0.0,0.0,0.0,0.0,0.0,0.0,0.0,0.0,0.0,0.0,0.0,0.0,0.0,0.0
10.668556122,0.0,0.02068564229463732,-0.009344492815182015,0.5443175791487236,-0.5149689951118166,2.0677173084441467,-2.032575540287557,60.66793190598484,-70.17773881725289,0.0,0.0,-0.017453292519943295,0.0,-0.0008726646259971648,0.03577924966588376,-0.0017453292519943296,0.0,0.0,0.0,0.0,0.0,0.0,0.0,0.0,0.0,-0.046406572265625,-0.004218779296875,0.004218779296875,0.0,-0.04218779296875,0.04218779296875,0.043763833007812496,0.007957060546875,0.0,0.0,0.0,0.0,0.0,0.0,0.0,0.0,0.0,0.0,0.0,0.0,0.0,0.0,0.0,0.0,0.0,0.0,0.0,0.0,0.0,0.0,0.0,0.0,0.0,0.0
10.679171446,0.0,0.02068564229463732,-0.009344492815182015,0.5443175791487236,-0.5149689951118166,2.0677173084441467,-2.0320519415119587,60.66793190598484,-70.17763409749776,0.0,0.0,0.0,0.003490658503988659,0.0,0.058468529941810045,0.0,0.0,0.0,0.0,0.0,0.0,0.0,0.0,0.0,0.0,-0.046406572265625,-0.004218779296875,0.004218779296875,-0.0168751171875,-0.02531267578125,0.0,0.04774236328125,0.0039785302734375,0.0,0.0,0.0,0.0,0.0,0.0,0.0,0.0,0.0,0.0,0.0,0.0,0.0,0.0,0.0,0.0,0.0,0.0,0.0,0.0,0.0,0.0,0.0,0.0,0.0,0.0
10.688450878000001,0.0,0.02068564229463732,-0.009344492815182015,0.5442303126861239,-0.5148817286492173,2.0676300419815474,-2.0315719759676605,60.66784463952224,-70.17763409749776,0.0,0.0,-0.017453292519943295,0.017453292519943295,-0.008726646259971648,0.03665191429188092,-0.017453292519943295,0.0,0.0,0.0,0.0,0.0,0.0,0.0,0.0,0.0,-0.046406572265625,-0.004218779296875,0.0,0.0,-0.0168751171875,0.033750234375,-0.0198926513671875,0.0,0.0,0.0,0.0,0.0,0.0,0.0,0.0,0.0,0.0,0.0,0.0,0.0,0.0,0.0,0.0,0.0,0.0,0.0,0.0,0.0,0.0,0.0,0.0,0.0,0.0,0.0
10.698632468000001,0.0,0.02068564229463732,-0.009344492815182015,0.5442303126861239,-0.5148817286492173,2.0675340488726874,-2.0312839966410814,60.66765265330452,-70.17773881725289,0.0,0.0,0.0,0.0,-0.008726646259971648,0.027925268031909273,-0.010471975511965978,0.0,0.0,0.0,0.0,0.0,0.0,0.0,0.0,0.0,0.02531267578125,-0.004218779296875,-0.012656337890625,-0.0168751171875,0.05906291015625,0.0168751171875,-0.01591412109375,0.007957060546875,0.0,0.0,0.0,0.0,0.0,0.0,0.0,0.0,0.0,0.0,0.0,0.0,0.0,0.0,0.0,0.0,0.0,0.0,0.0,0.0,0.0,0.0,0.0,0.0,0.0,0.0
10.708667335000001,0.0,0.02068564229463732,-0.009344492815182015,0.5442303126861239,-0.5148817286492173,2.0674380557638274,-2.0308040310967823,60.66754793354939,-70.17782608371547,0.0,0.0,0.0,-0.008726646259971648,-0.009599310885968814,0.0619591884457987,-0.012217304763960306,-0.013962634015954637,0.0,0.0,0.0,0.0,0.0,0.0,0.0,0.0,0.021093896484375,0.004218779296875,-0.012656337890625,0.004218779296875,0.0506253515625,0.02531267578125,-0.0198926513671875,-0.01591412109375,0.0,0.0,0.0,0.0,0.0,0.0,0.0,0.0,0.0,0.0,0.0,0.0,0.0,0.0,0.0,0.0,0.0,0.0,0.0,0.0,0.0,0.0,0.0,0.0,0.0,0.0
10.718686811000001,0.0,0.02068564229463732,-0.009344492815182015,0.5441255929310045,-0.5148817286492173,2.0673420626549683,-2.030036086225906,60.66746066708681,-70.17782608371547,0.0,0.0,0.0,0.0,-0.006981317007977318,0.08552113334772216,-0.017453292519943295,-0.006981317007977318,0.0,0.0,0.0,0.0,0.0,0.0,0.0,0.0,0.021093896484375,-0.004218779296875,0.0,-0.0168751171875,0.05906291015625,-0.06750046875,-0.0198926513671875,0.0,0.0,0.0,0.0,0.0,0.0,0.0,0.0,0.0,0.0,0.0,0.0,0.0,0.0,0.0,0.0,0.0,0.0,0.0,0.0,0.0,0.0,0.0,0.0,0.0,0.0,0.0
10.728614541,0.0,0.02068564229463732,-0.009344492815182015,0.5441255929310045,-0.5148817286492173,2.0672460695461092,-2.0295124874503068,60.66726868086908,-70.17793080347059,0.0,0.0,0.0,0.0,-0.008726646259971648,0.020071286397934793,-0.015707963267948967,0.0,0.0,0.0,0.0,0.0,0.0,0.0,0.0,0.0,0.0168751171875,-0.004218779296875,-0.012656337890625,-0.021093896484375,0.05906291015625,0.0,0.0,0.007957060546875,0.0,0.0,0.0,0.0,0.0,0.0,0.0,0.0,0.0,0.0,0.0,0.0,0.0,0.0,0.0,0.0,0.0,0.0,0.0,0.0,0.0,0.0,0.0,0.0,0.0,0.0
10.738579199,0.0,0.02068564229463732,-0.009344492815182015,0.5440383264684048,-0.5148817286492173,2.0671937096685484,-2.0293205012325877,60.66716396111398,-70.1780180699332,0.0,0.0,0.0,0.0,-0.0017453292519943296,0.03228859116189509,0.0,-0.010471975511965978,0.0,0.0,0.0,0.0,0.0,0.0,0.0,0.0,0.021093896484375,0.0,-0.0168751171875,-0.0168751171875,0.00843755859375,-0.0506253515625,-0.0119355908203125,0.007957060546875,0.0,0.0,0.0,0.0,0.0,0.0,0.0,0.0,0.0,0.0,0.0,0.0,0.0,0.0,0.0,0.0,0.0,0.0,0.0,0.0,0.0,0.0,0.0,0.0,0.0,0.0
10.748165068,0.0,0.02068564229463732,-0.009344492815182015,0.5440383264684048,-0.5149689951118166,2.0671500764372492,-2.0288405356882895,60.667076694651364,-70.17812278968833,0.0,0.0,-0.003490658503988659,0.0,-0.0026179938779914945,0.05235987755982988,-0.006981317007977318,-0.010471975511965978,0.0,0.0,0.0,0.0,0.0,0.0,0.0,0.0,0.021093896484375,0.0,-0.012656337890625,0.004218779296875,0.0843755859375,0.04218779296875,-0.0198926513671875,0.007957060546875,0.0,0.0,0.0,0.0,0.0,0.0,0.0,0.0,0.0,0.0,0.0,0.0,0.0,0.0,0.0,0.0,0.0,0.0,0.0,0.0,0.0,0.0,0.0,0.0,0.0,0.0
10.758346433,0.0,0.02068564229463732,-0.009344492815182015,0.5438463402506852,-0.5149689951118166,2.0671500764372492,-2.0283605701439904,60.66698942818875,-70.17812278968833,0.0,0.008726646259971648,-0.012217304763960306,0.0,0.0,0.03577924966588376,-0.005235987755982989,0.0,0.0,0.0,0.0,0.0,0.0,0.0,0.0,0.0,0.021093896484375,0.0,-0.012656337890625,-0.0168751171875,0.0168751171875,-0.00843755859375,-0.0198926513671875,0.0039785302734375,0.0,0.0,0.0,0.0,0.0,0.0,0.0,0.0,0.0,0.0,0.0,0.0,0.0,0.0,0.0,0.0,0.0,0.0,0.0,0.0,0.0,0.0,0.0,0.0,0.0,0.0
10.768277555000001,0.0,0.02068564229463732,-0.009239773060063072,0.5435496342778467,-0.5149689951118166,2.0670977165596893,-2.0281685839262713,60.66698942818875,-70.17812278968833,0.0,0.0,-0.02617993877991494,0.0,0.0,0.010471975511965978,0.0,0.0,0.0,0.0,0.0,0.0,0.0,0.0,0.0,0.0,0.012656337890625,0.0,0.0,0.004218779296875,0.05906291015625,0.033750234375,-0.01591412109375,0.0039785302734375,0.0,0.0,0.0,0.0,0.0,0.0,0.0,0.0,0.0,0.0,0.0,0.0,0.0,0.0,0.0,0.0,0.0,0.0,0.0,0.0,0.0,0.0,0.0,0.0,0.0,0.0
10.778814094000001,0.0,0.02068564229463732,-0.009239773060063072,0.5433576480601268,-0.5149689951118166,2.0670977165596893,-2.028028957586112,60.66698942818875,-70.17812278968833,0.0,0.0,-0.029670597283903605,0.0,0.0,0.01308996938995747,0.0,0.0,0.0,0.0,0.0,0.0,0.0,0.0,0.0,0.0,0.021093896484375,0.0,-0.00843755859375,0.00843755859375,0.07593802734375,0.033750234375,-0.007957060546875,-0.01591412109375,0.0,0.0,0.0,0.0,0.0,0.0,0.0,0.0,0.0,0.0,0.0,0.0,0.0,0.0,0.0,0.0,0.0,0.0,0.0,0.0,0.0,0.0,0.0,0.0,0.0,0.0
10.78849862,0.0,0.02068564229463732,-0.009239773060063072,0.5429736756246881,-0.5148817286492173,2.0670977165596893,-2.027932964477252,60.66688470843365,-70.17812278968833,0.0,0.0,-0.03316125578789226,0.0,0.0,0.005235987755982989,0.0,0.0,0.0,0.0,0.0,0.0,0.0,0.0,0.0,0.0,0.012656337890625,-0.004218779296875,-0.012656337890625,0.00843755859375,0.05906291015625,0.02531267578125,-0.0119355908203125,0.007957060546875,0.0,0.0,0.0,0.0,0.0,0.0,0.0,0.0,0.0,0.0,0.0,0.0,0.0,0.0,0.0,0.0,0.0,0.0,0.0,0.0,0.0,0.0,0.0,0.0,0.0,0.0
10.798362829,0.0,0.02068564229463732,-0.009239773060063072,0.5426944229443689,-0.5148817286492173,2.0670977165596893,-2.027880604599692,60.66688470843365,-70.1780180699332,0.0,0.0,-0.020943951023931956,0.0,0.0,0.0026179938779914945,-0.0017453292519943296,0.017453292519943295,0.0,0.0,0.0,0.0,0.0,0.0,0.0,0.0,0.012656337890625,0.00843755859375,0.0,0.012656337890625,0.06750046875,0.00843755859375,-0.01591412109375,0.007957060546875,0.0,0.0,0.0,0.0,0.0,0.0,0.0,0.0,0.0,0.0,0.0,0.0,0.0,0.0,0.0,0.0,0.0,0.0,0.0,0.0,0.0,0.0,0.0,0.0,0.0,0.0
10.808321248,0.0,0.02068564229463732,-0.009239773060063072,0.5423977169715304,-0.5148817286492173,2.0670977165596893,-2.027880604599692,60.66688470843365,-70.17793080347059,0.0,0.0,-0.020943951023931956,0.0,0.0,0.004363323129985824,0.0,0.017453292519943295,0.0,0.0,0.0,0.0,0.0,0.0,0.0,0.0,0.0168751171875,0.0168751171875,-0.00843755859375,-0.0168751171875,0.05906291015625,-0.04218779296875,-0.0198926513671875,0.007957060546875,0.0,0.0,0.0,0.0,0.0,0.0,0.0,0.0,0.0,0.0,0.0,0.0,0.0,0.0,0.0,0.0,0.0,0.0,0.0,0.0,0.0,0.0,0.0,0.0,0.0,0.0
10.818331635,0.0,0.02068564229463732,-0.009239773060063072,0.5422057307538104,-0.5148817286492173,2.0670977165596893,-2.027836971368392,60.66688470843365,-70.17782608371547,0.0,0.0,-0.019198621771937627,0.0,0.0,0.006981317007977318,-0.006981317007977318,0.017453292519943295,0.0,0.0,0.0,0.0,0.0,0.0,0.0,0.0,0.012656337890625,0.00843755859375,-0.00843755859375,0.004218779296875,0.09281314453125,-0.04218779296875,-0.0198926513671875,0.0119355908203125,0.0,0.0,0.0,0.0,0.0,0.0,0.0,0.0,0.0,0.0,0.0,0.0,0.0,0.0,0.0,0.0,0.0,0.0,0.0,0.0,0.0,0.0,0.0,0.0,0.0,0.0
10.828368038,0.0,0.02068564229463732,-0.009239773060063072,0.5420137445360913,-0.5148817286492173,2.0670977165596893,-2.0277846114908322,60.66688470843365,-70.17782608371547,0.0,0.0,-0.020943951023931956,0.0,0.0,0.003490658503988659,0.0,0.0,0.0,0.0,0.0,0.0,0.0,0.0,0.0,0.0,0.00843755859375,0.012656337890625,-0.012656337890625,0.004218779296875,-0.04218779296875,0.00843755859375,-0.01591412109375,0.007957060546875,0.0,0.0,0.0,0.0,0.0,0.0,0.0,0.0,0.0,0.0,0.0,0.0,0.0,0.0,0.0,0.0,0.0,0.0,0.0,0.0,0.0,0.0,0.0,0.0,0.0,0.0
10.838316249,0.0,0.02068564229463732,-0.009239773060063072,0.5418217583183718,-0.5148817286492173,2.0670977165596893,-2.027740978259532,60.66688470843365,-70.17782608371547,0.0,0.0,-0.015707963267948967,0.0,0.0,0.007853981633974483,0.0,-0.008726646259971648,0.0,0.0,0.0,0.0,0.0,0.0,0.0,0.0,0.00843755859375,0.00843755859375,0.0,0.00843755859375,-0.04218779296875,0.02531267578125,-0.01591412109375,0.0119355908203125,0.0,0.0,0.0,0.0,0.0,0.0,0.0,0.0,0.0,0.0,0.0,0.0,0.0,0.0,0.0,0.0,0.0,0.0,0.0,0.0,0.0,0.0,0.0,0.0,0.0,0.0
10.848311819000001,0.0,0.02068564229463732,-0.009239773060063072,0.541734491855772,-0.5148817286492173,2.0670977165596893,-2.027644985150673,60.66688470843365,-70.17782608371547,0.0,0.0,-0.010471975511965978,0.0,0.0,0.014835298641951803,0.0,0.0,0.0,0.0,0.0,0.0,0.0,0.0,0.0,0.0,0.012656337890625,0.012656337890625,-0.00843755859375,0.00843755859375,0.06750046875,-0.0506253515625,-0.0119355908203125,0.0,0.0,0.0,0.0,0.0,0.0,0.0,0.0,0.0,0.0,0.0,0.0,0.0,0.0,0.0,0.0,0.0,0.0,0.0,0.0,0.0,0.0,0.0,0.0,0.0,0.0,0.0
10.858309438000001,0.0,0.02068564229463732,-0.009239773060063072,0.5415425056380525,-0.5148817286492173,2.0670977165596893,-2.027496632164254,60.66688470843365,-70.17782608371547,0.0,0.0,-0.013962634015954637,0.0,0.0,0.013962634015954637,0.0,0.0,0.0,0.0,0.0,0.0,0.0,0.0,0.0,0.0,0.0168751171875,0.00843755859375,-0.004218779296875,0.0,-0.04218779296875,0.00843755859375,-0.01591412109375,0.007957060546875,0.0,0.0,0.0,0.0,0.0,0.0,0.0,0.0,0.0,0.0,0.0,0.0,0.0,0.0,0.0,0.0,0.0,0.0,0.0,0.0,0.0,0.0,0.0,0.0,0.0,0.0
10.868465076000001,0.0,0.02068564229463732,-0.009239773060063072,0.5413505194203334,-0.5148817286492173,2.0670977165596893,-2.027304645946534,60.66698942818875,-70.17782608371547,0.0,0.0,-0.012217304763960306,0.0,0.0,0.020071286397934793,0.008726646259971648,0.0,0.0,0.0,0.0,0.0,0.0,0.0,0.0,0.0,0.012656337890625,-0.004218779296875,-0.004218779296875,0.004218779296875,-0.05906291015625,0.00843755859375,-0.0119355908203125,0.0039785302734375,0.0,0.0,0.0,0.0,0.0,0.0,0.0,0.0,0.0,0.0,0.0,0.0,0.0,0.0,0.0,0.0,0.0,0.0,0.0,0.0,0.0,0.0,0.0,0.0,0.0,0.0
10.878952206000001,0.0,0.02068564229463732,-0.009239773060063072,0.5411585332026143,-0.5148817286492173,2.0670977165596893,-2.027069026497515,60.66698942818875,-70.17782608371547,0.0,0.0,-0.017453292519943295,0.008726646259971648,0.0,0.027925268031909273,0.0,0.006981317007977318,0.0,0.0,0.0,0.0,0.0,0.0,0.0,0.0,0.012656337890625,0.00843755859375,0.0,0.0168751171875,0.00843755859375,0.0,-0.01591412109375,-0.01591412109375,0.0,0.0,0.0,0.0,0.0,0.0,0.0,0.0,0.0,0.0,0.0,0.0,0.0,0.0,0.0,0.0,0.0,0.0,0.0,0.0,0.0,0.0,0.0,0.0,0.0,0.0
10.888405689,0.0,0.02068564229463732,-0.009239773060063072,0.5410538134474949,-0.5148817286492173,2.0670977165596893,-2.0266850540620758,60.66698942818875,-70.17773881725289,0.0,0.0,-0.017453292519943295,0.008726646259971648,0.0,0.03665191429188092,0.0,0.006981317007977318,0.0,0.0,0.0,0.0,0.0,0.0,0.0,0.0,-0.046406572265625,0.0,0.0,0.0,-0.033750234375,0.0,0.043763833007812496,0.0,0.0,0.0,0.0,0.0,0.0,0.0,0.0,0.0,0.0,0.0,0.0,0.0,0.0,0.0,0.0,0.0,0.0,0.0,0.0,0.0,0.0,0.0,0.0,0.0,0.0,0.0
10.898306794,0.0,0.02068564229463732,-0.009239773060063072,0.5408618272297749,-0.5148817286492173,2.0671500764372492,-2.0263010816266376,60.66698942818875,-70.17763409749776,0.0,0.0,-0.017453292519943295,0.0,0.0,0.039269908169872414,0.0,0.015707963267948967,0.0,0.0,0.0,0.0,0.0,0.0,0.0,0.0,-0.046406572265625,-0.004218779296875,0.0,0.004218779296875,-0.0168751171875,-0.02531267578125,-0.0198926513671875,-0.01591412109375,0.0,0.0,0.0,0.0,0.0,0.0,0.0,0.0,0.0,0.0,0.0,0.0,0.0,0.0,0.0,0.0,0.0,0.0,0.0,0.0,0.0,0.0,0.0,0.0,0.0,0.0
10.908248092000001,0.0,0.02068564229463732,-0.009239773060063072,0.5407745607671757,-0.5147770088940966,2.0671500764372492,-2.0259607424224986,60.66698942818875,-70.17754683103514,0.0,0.0,-0.008726646259971648,0.008726646259971648,0.0,0.027925268031909273,0.0,0.010471975511965978,0.0,0.0,0.0,0.0,0.0,0.0,0.0,0.0,-0.04218779296875,-0.004218779296875,-0.004218779296875,0.004218779296875,-0.04218779296875,-0.00843755859375,0.04774236328125,0.0,0.0,0.0,0.0,0.0,0.0,0.0,0.0,0.0,0.0,0.0,0.0,0.0,0.0,0.0,0.0,0.0,0.0,0.0,0.0,0.0,0.0,0.0,0.0,0.0,0.0,0.0
10.918246959000001,0.0,0.02068564229463732,-0.009239773060063072,0.5406698410120558,-0.5146897424314973,2.0671500764372492,-2.0257251229734794,60.66698942818875,-70.17754683103514,0.0,0.0,-0.005235987755982989,0.0,0.0,0.024434609527920613,0.0,0.0,0.0,0.0,0.0,0.0,0.0,0.0,0.0,0.0,-0.04218779296875,-0.004218779296875,0.0,0.004218779296875,-0.02531267578125,-0.00843755859375,0.04774236328125,0.007957060546875,0.0,0.0,0.0,0.0,0.0,0.0,0.0,0.0,0.0,0.0,0.0,0.0,0.0,0.0,0.0,0.0,0.0,0.0,0.0,0.0,0.0,0.0,0.0,0.0,0.0,0.0
10.928125824,0.0,0.02068564229463732,-0.009239773060063072,0.5406698410120558,-0.5146897424314973,2.0671500764372492,-2.0253847837693404,60.66698942818875,-70.17754683103514,0.0,0.0,0.0,0.0,0.0,0.03577924966588376,0.0,0.0,0.0,0.0,0.0,0.0,0.0,0.0,0.0,0.0,-0.046406572265625,-0.004218779296875,-0.004218779296875,0.004218779296875,-0.02531267578125,-0.00843755859375,0.043763833007812496,0.0,0.0,0.0,0.0,0.0,0.0,0.0,0.0,0.0,0.0,0.0,0.0,0.0,0.0,0.0,0.0,0.0,0.0,0.0,0.0,0.0,0.0,0.0,0.0,0.0,0.0,0.0
10.938607354,0.0,0.02068564229463732,-0.009239773060063072,0.5406698410120558,-0.5146897424314973,2.0671500764372492,-2.024957178102602,60.66698942818875,-70.17754683103514,0.0,0.0,0.0,0.0,0.0,0.050614548307835565,0.0,0.006981317007977318,0.0,0.0,0.0,0.0,0.0,0.0,0.0,0.0,-0.046406572265625,-0.004218779296875,0.0,0.004218779296875,-0.02531267578125,-0.02531267578125,0.043763833007812496,-0.01591412109375,0.0,0.0,0.0,0.0,0.0,0.0,0.0,0.0,0.0,0.0,0.0,0.0,0.0,0.0,0.0,0.0,0.0,0.0,0.0,0.0,0.0,0.0,0.0,0.0,0.0,0.0
10.948175815,0.0,0.02068564229463732,-0.009239773060063072,0.5406698410120558,-0.5146897424314973,2.0671500764372492,-2.024477212558304,60.66698942818875,-70.17754683103514,0.0,0.0,0.0,0.0,0.0,0.048869219055841226,0.0,0.0,0.0,0.0,0.0,0.0,0.0,0.0,0.0,0.0,0.012656337890625,-0.004218779296875,-0.004218779296875,-0.0168751171875,0.0168751171875,-0.02531267578125,-0.0198926513671875,0.0,0.0,0.0,0.0,0.0,0.0,0.0,0.0,0.0,0.0,0.0,0.0,0.0,0.0,0.0,0.0,0.0,0.0,0.0,0.0,0.0,0.0,0.0,0.0,0.0,0.0,0.0
10.958266587,0.0,0.02068564229463732,-0.009239773060063072,0.5406698410120558,-0.5146897424314973,2.0671500764372492,-2.024093240122865,60.66698942818875,-70.17754683103514,0.0,0.0,0.0,0.0,0.0,0.027052603405912107,0.0,0.0,0.0,0.0,0.0,0.0,0.0,0.0,0.0,0.0,-0.029531455078125,0.0,0.0,-0.021093896484375,-0.02531267578125,-0.02531267578125,0.0517208935546875,0.0119355908203125,0.0,0.0,0.0,0.0,0.0,0.0,0.0,0.0,0.0,0.0,0.0,0.0,0.0,0.0,0.0,0.0,0.0,0.0,0.0,0.0,0.0,0.0,0.0,0.0,0.0,0.0
10.968269774000001,0.0,0.02068564229463732,-0.009239773060063072,0.5406698410120558,-0.5147770088940966,2.0671500764372492,-2.0238052607962858,60.66688470843365,-70.17754683103514,0.0,0.0,0.017453292519943295,0.0,0.0,0.03228859116189509,0.0,0.0,0.0,0.0,0.0,0.0,0.0,0.0,0.0,0.0,0.021093896484375,0.0,0.0,-0.021093896484375,-0.02531267578125,0.0168751171875,-0.0198926513671875,0.0119355908203125,0.0,0.0,0.0,0.0,0.0,0.0,0.0,0.0,0.0,0.0,0.0,0.0,0.0,0.0,0.0,0.0,0.0,0.0,0.0,0.0,0.0,0.0,0.0,0.0,0.0,0.0
10.978788169000001,0.0,0.02068564229463732,-0.009239773060063072,0.5407745607671757,-0.5147770088940966,2.0671500764372492,-2.0233776551295466,60.66688470843365,-70.17763409749776,0.0,0.0,0.008726646259971648,0.0,0.0,0.054105206811824215,0.0,0.0,0.0,0.0,0.0,0.0,0.0,0.0,0.0,0.0,-0.04218779296875,0.0,0.0,0.004218779296875,0.0168751171875,-0.02531267578125,-0.0198926513671875,0.0,0.0,0.0,0.0,0.0,0.0,0.0,0.0,0.0,0.0,0.0,0.0,0.0,0.0,0.0,0.0,0.0,0.0,0.0,0.0,0.0,0.0,0.0,0.0,0.0,0.0,0.0
10.988361013,0.0,0.02068564229463732,-0.009239773060063072,0.5407745607671757,-0.5147770088940966,2.0671500764372492,-2.0226533434899694,60.66688470843365,-70.17763409749776,0.0,0.0,0.0,0.0,0.0,0.08988445647770799,0.0,0.0,0.0,0.0,0.0,0.0,0.0,0.0,0.0,0.0,0.021093896484375,-0.004218779296875,0.0,0.004218779296875,0.06750046875,-0.02531267578125,-0.01591412109375,0.0119355908203125,0.0,0.0,0.0,0.0,0.0,0.0,0.0,0.0,0.0,0.0,0.0,0.0,0.0,0.0,0.0,0.0,0.0,0.0,0.0,0.0,0.0,0.0,0.0,0.0,0.0,0.0
10.998309064,0.0,0.02068564229463732,-0.009239773060063072,0.5407745607671757,-0.5147770088940966,2.0671500764372492,-2.021841765387792,60.66698942818875,-70.17763409749776,0.0,0.0,0.0,0.008726646259971648,0.0,0.05585053606381855,0.0,0.0,0.0,0.0,0.0,0.0,0.0,0.0,0.0,0.0,0.02531267578125,0.0,0.0,-0.0168751171875,0.00843755859375,-0.0506253515625,-0.01591412109375,0.007957060546875,0.0,0.0,0.0,0.0,0.0,0.0,0.0,0.0,0.0,0.0,0.0,0.0,0.0,0.0,0.0,0.0,0.0,0.0,0.0,0.0,0.0,0.0,0.0,0.0,0.0,0.0
11.008271994000001,0.0,0.02068564229463732,-0.009239773060063072,0.5407745607671757,-0.5146897424314973,2.0671500764372492,-2.0214141597210538,60.66698942818875,-70.17763409749776,0.0,0.0,0.0,0.0,0.0,0.04014257279586959,0.0,-0.006981317007977318,0.0,0.0,0.0,0.0,0.0,0.0,0.0,0.0,0.021093896484375,0.0,0.0,-0.021093896484375,0.05906291015625,0.06750046875,-0.023871181640625,0.0,0.0,0.0,0.0,0.0,0.0,0.0,0.0,0.0,0.0,0.0,0.0,0.0,0.0,0.0,0.0,0.0,0.0,0.0,0.0,0.0,0.0,0.0,0.0,0.0,0.0,0.0
11.018221356000002,0.0,0.02068564229463732,-0.009239773060063072,0.5407745607671757,-0.5147770088940966,2.0670977165596893,-2.0208382010678956,60.66698942818875,-70.17763409749776,0.0,0.0,0.0,-0.008726646259971648,0.0,0.07068583470577033,0.0,0.0,0.0,0.0,0.0,0.0,0.0,0.0,0.0,0.0,0.021093896484375,-0.004218779296875,0.0,-0.0168751171875,0.0168751171875,0.05906291015625,-0.023871181640625,0.007957060546875,0.0,0.0,0.0,0.0,0.0,0.0,0.0,0.0,0.0,0.0,0.0,0.0,0.0,0.0,0.0,0.0,0.0,0.0,0.0,0.0,0.0,0.0,0.0,0.0,0.0,0.0
11.029215118000002,0.0,0.02068564229463732,-0.009239773060063072,0.5407745607671757,-0.5147770088940966,2.0670977165596893,-2.0203058756460375,60.66698942818875,-70.17763409749776,0.0,0.0,0.0,0.0,0.0,0.03577924966588376,0.0,0.0,0.0,0.0,0.0,0.0,0.0,0.0,0.0,0.0,0.02531267578125,-0.004218779296875,0.0,0.012656337890625,-0.02531267578125,-0.0506253515625,-0.01591412109375,-0.023871181640625,0.0,0.0,0.0,0.0,0.0,0.0,0.0,0.0,0.0,0.0,0.0,0.0,0.0,0.0,0.0,0.0,0.0,0.0,0.0,0.0,0.0,0.0,0.0,0.0,0.0,0.0
11.038637528,0.0,0.02068564229463732,-0.009239773060063072,0.5407745607671757,-0.5147770088940966,2.0670977165596893,-2.0200702561970174,60.66688470843365,-70.17763409749776,0.0,0.0,0.0,-0.005235987755982989,0.0,0.029670597283903605,0.0,0.0,0.0,0.0,0.0,0.0,0.0,0.0,0.0,0.0,0.00843755859375,-0.004218779296875,0.0,-0.0168751171875,-0.02531267578125,0.0506253515625,-0.007957060546875,0.0119355908203125,0.0,0.0,0.0,0.0,0.0,0.0,0.0,0.0,0.0,0.0,0.0,0.0,0.0,0.0,0.0,0.0,0.0,0.0,0.0,0.0,0.0,0.0,0.0,0.0,0.0,0.0
11.048617579,0.0,0.02068564229463732,-0.009239773060063072,0.5407745607671757,-0.5148817286492173,2.0670977165596893,-2.01959029065272,60.66688470843365,-70.17773881725289,0.0,0.0,0.0,-0.017453292519943295,0.0,0.061086523819801536,0.0,-0.0017453292519943296,0.0,0.0,0.0,0.0,0.0,0.0,0.0,0.0,0.00843755859375,0.00843755859375,0.004218779296875,0.004218779296875,0.05906291015625,0.04218779296875,-0.0198926513671875,0.0,0.0,0.0,0.0,0.0,0.0,0.0,0.0,0.0,0.0,0.0,0.0,0.0,0.0,0.0,0.0,0.0,0.0,0.0,0.0,0.0,0.0,0.0,0.0,0.0,0.0,0.0
11.058540253,0.0,0.02068564229463732,-0.009239773060063072,0.5407745607671757,-0.5149689951118166,2.0670977165596893,-2.018769985904282,60.66688470843365,-70.17773881725289,0.0,0.008726646259971648,0.0,0.0,0.0,0.10646508437165411,0.0,0.0,0.0,0.0,0.0,0.0,0.0,0.0,0.0,0.0,0.012656337890625,-0.004218779296875,0.0,-0.0168751171875,0.07593802734375,-0.00843755859375,-0.0198926513671875,-0.01591412109375,0.0,0.0,0.0,0.0,0.0,0.0,0.0,0.0,0.0,0.0,0.0,0.0,0.0,0.0,0.0,0.0,0.0,0.0,0.0,0.0,0.0,0.0,0.0,0.0,0.0,0.0
11.068482319000001,0.0,0.02068564229463732,-0.009239773060063072,0.5407745607671757,-0.5149689951118166,2.0670977165596893,-2.0174784422578056,60.66688470843365,-70.17773881725289,0.0,0.0,0.0,0.0,0.0,0.1265363707695889,0.0,0.0,0.0,0.0,0.0,0.0,0.0,0.0,0.0,0.0,0.021093896484375,-0.004218779296875,0.0,0.00843755859375,-0.02531267578125,0.06750046875,-0.0198926513671875,0.0,0.0,0.0,0.0,0.0,0.0,0.0,0.0,0.0,0.0,0.0,0.0,0.0,0.0,0.0,0.0,0.0,0.0,0.0,0.0,0.0,0.0,0.0,0.0,0.0,0.0,0.0
11.078461537,0.0,0.02068564229463732,-0.009239773060063072,0.5407745607671757,-0.5148817286492173,2.0670977165596893,-2.0164225180603492,60.66679744197105,-70.17782608371547,0.0,0.0,0.0,0.008726646259971648,0.0,0.05585053606381855,0.0,-0.012217304763960306,0.0,0.0,0.0,0.0,0.0,0.0,0.0,0.0,0.0168751171875,-0.004218779296875,0.0,-0.0168751171875,-0.04218779296875,0.04218779296875,0.039785302734375,0.0,0.0,0.0,0.0,0.0,0.0,0.0,0.0,0.0,0.0,0.0,0.0,0.0,0.0,0.0,0.0,0.0,0.0,0.0,0.0,0.0,0.0,0.0,0.0,0.0,0.0,0.0
11.088333074000001,0.0,0.02068564229463732,-0.009239773060063072,0.5408618272297749,-0.5148817286492173,2.0670977165596893,-2.0163265249514892,60.66669272221592,-70.17793080347059,0.006981317007977318,0.0,0.010471975511965978,-0.008726646259971648,0.0,0.01832595714594046,0.0,-0.022689280275926284,0.0,0.0,0.0,0.0,0.0,0.0,0.0,0.0,0.021093896484375,0.0,0.0,-0.021093896484375,0.06750046875,0.00843755859375,-0.007957060546875,-0.0119355908203125,0.0,0.0,0.0,0.0,0.0,0.0,0.0,0.0,0.0,0.0,0.0,0.0,0.0,0.0,0.0,0.0,0.0,0.0,0.0,0.0,0.0,0.0,0.0,0.0,0.0,0.0
11.098313093000002,0.0,0.02068564229463732,-0.009239773060063072,0.5409665469848948,-0.5150737148669373,2.0670977165596893,-2.015750566298332,60.666605455753334,-70.17812278968833,0.0,0.0,0.015707963267948967,-0.008726646259971648,0.0,0.079412480965742,0.0,-0.015707963267948967,0.0,0.0,0.0,0.0,0.0,0.0,0.0,0.0,0.012656337890625,0.012656337890625,-0.004218779296875,-0.0168751171875,-0.06750046875,0.04218779296875,-0.0198926513671875,0.0039785302734375,0.0,0.0,0.0,0.0,0.0,0.0,0.0,0.0,0.0,0.0,0.0,0.0,0.0,0.0,0.0,0.0,0.0,0.0,0.0,0.0,0.0,0.0,0.0,0.0,0.0,0.0
11.108262615000001,0.0,0.02068564229463732,-0.009239773060063072,0.5409665469848948,-0.5150737148669373,2.06705408332839,-2.0146946421008756,60.666605455753334,-70.17821005615092,0.0,0.0,0.0,0.0,0.0,0.11519173063162574,0.0,-0.008726646259971648,0.0,0.0,0.0,0.0,0.0,0.0,0.0,0.0,0.00843755859375,0.012656337890625,0.0,0.0,-0.04218779296875,0.0168751171875,-0.0119355908203125,0.0039785302734375,0.0,0.0,0.0,0.0,0.0,0.0,0.0,0.0,0.0,0.0,0.0,0.0,0.0,0.0,0.0,0.0,0.0,0.0,0.0,0.0,0.0,0.0,0.0,0.0,0.0,0.0
11.118311211,0.0,0.02068564229463732,-0.009239773060063072,0.5410538134474949,-0.5150737148669373,2.06705408332839,-2.013647444549679,60.66669272221592,-70.17831477590603,0.0,0.0,0.0,0.0,0.0,0.10210176124166828,0.0,0.0,0.0,0.0,0.0,0.0,0.0,0.0,0.0,0.0,0.0,-0.004218779296875,0.0,-0.0168751171875,-0.0168751171875,0.0168751171875,-0.0119355908203125,-0.01591412109375,0.0,0.0,0.0,0.0,0.0,0.0,0.0,0.0,0.0,0.0,0.0,0.0,0.0,0.0,0.0,0.0,0.0,0.0,0.0,0.0,0.0,0.0,0.0,0.0,0.0,0.0
11.128437920000001,0.0,0.02068564229463732,-0.009239773060063072,0.5410538134474949,-0.5149689951118166,2.06705408332839,-2.012827139801241,60.66669272221592,-70.17840204236863,0.0,0.0,0.0,0.006981317007977318,-0.0008726646259971648,0.051487212933832724,0.0,-0.029670597283903605,0.0,0.0,0.0,0.0,0.0,0.0,0.0,0.0,0.00843755859375,0.00843755859375,-0.004218779296875,-0.021093896484375,0.0506253515625,0.033750234375,0.0,0.0039785302734375,0.0,0.0,0.0,0.0,0.0,0.0,0.0,0.0,0.0,0.0,0.0,0.0,0.0,0.0,0.0,0.0,0.0,0.0,0.0,0.0,0.0,0.0,0.0,0.0,0.0,0.0
11.138390418,0.0,0.02068564229463732,-0.009239773060063072,0.5410538134474949,-0.5149689951118166,2.0670017234508293,-2.012635153583522,60.66669272221592,-70.17869874834146,0.0,0.0,0.0017453292519943296,0.0,-0.008726646259971648,0.0,0.0,-0.017453292519943295,0.0,0.0,0.0,0.0,0.0,0.0,0.0,0.0,0.00843755859375,0.00843755859375,0.0,-0.0168751171875,0.07593802734375,0.0,-0.007957060546875,0.0,0.0,0.0,0.0,0.0,0.0,0.0,0.0,0.0,0.0,0.0,0.0,0.0,0.0,0.0,0.0,0.0,0.0,0.0,0.0,0.0,0.0,0.0,0.0,0.0,0.0,0.0
11.1482889,0.0,0.02068564229463732,-0.009239773060063072,0.5410538134474949,-0.5149689951118166,2.0669580902195293,-2.0124431673658028,60.66669272221592,-70.17878601480407,0.0,0.0,0.0,0.0,-0.005235987755982989,0.03228859116189509,0.0,0.0,0.0,0.0,0.0,0.0,0.0,0.0,0.0,0.0,0.004218779296875,0.00843755859375,0.0,0.012656337890625,0.06750046875,-0.00843755859375,-0.0119355908203125,0.0,0.0,0.0,0.0,0.0,0.0,0.0,0.0,0.0,0.0,0.0,0.0,0.0,0.0,0.0,0.0,0.0,0.0,0.0,0.0,0.0,0.0,0.0,0.0,0.0,0.0,0.0
11.158212277,0.0,0.02068564229463732,-0.009239773060063072,0.5411585332026143,-0.5149689951118166,2.0669057303419693,-2.0121551880392228,60.66669272221592,-70.17878601480407,0.0,0.0,0.0,0.0,0.0,0.013962634015954637,0.0,0.0,0.0,0.0,0.0,0.0,0.0,0.0,0.0,0.0,0.004218779296875,0.00843755859375,0.004218779296875,0.004218779296875,-0.05906291015625,0.0506253515625,-0.01591412109375,0.0,0.0,0.0,0.0,0.0,0.0,0.0,0.0,0.0,0.0,0.0,0.0,0.0,0.0,0.0,0.0,0.0,0.0,0.0,0.0,0.0,0.0,0.0,0.0,0.0,0.0,0.0
11.168274249000001,0.0,0.02068564229463732,-0.009239773060063072,0.5411585332026143,-0.5149689951118166,2.0669057303419693,-2.0121551880392228,60.66669272221592,-70.17878601480407,0.0,0.0,0.0,-0.008726646259971648,0.0,0.0,0.0,0.0,0.0,0.0,0.0,0.0,0.0,0.0,0.0,0.0,0.012656337890625,0.00843755859375,0.004218779296875,0.00843755859375,0.0506253515625,-0.00843755859375,-0.007957060546875,0.0039785302734375,0.0,0.0,0.0,0.0,0.0,0.0,0.0,0.0,0.0,0.0,0.0,0.0,0.0,0.0,0.0,0.0,0.0,0.0,0.0,0.0,0.0,0.0,0.0,0.0,0.0,0.0
11.178640162,0.0,0.02068564229463732,-0.009239773060063072,0.5411585332026143,-0.5149689951118166,2.0669057303419693,-2.0121551880392228,60.66669272221592,-70.17878601480407,0.0,0.0,0.0,0.0,0.0,0.0,0.008726646259971648,0.0,0.0,0.0,0.0,0.0,0.0,0.0,0.0,0.0,0.00843755859375,0.00843755859375,0.004218779296875,-0.0168751171875,0.0506253515625,0.00843755859375,0.0,0.0039785302734375,0.0,0.0,0.0,0.0,0.0,0.0,0.0,0.0,0.0,0.0,0.0,0.0,0.0,0.0,0.0,0.0,0.0,0.0,0.0,0.0,0.0,0.0,0.0,0.0,0.0,0.0
11.188529907000001,0.0,0.02068564229463732,-0.009239773060063072,0.5410538134474949,-0.5149689951118166,2.0669057303419693,-2.0121551880392228,60.66669272221592,-70.17878601480407,0.0,0.0,0.0,0.005235987755982989,0.0,0.0,0.0,0.0,0.0,0.0,0.0,0.0,0.0,0.0,0.0,0.0,-0.04218779296875,-0.004218779296875,0.0,0.004218779296875,0.0506253515625,0.02531267578125,-0.01591412109375,-0.007957060546875,0.0,0.0,0.0,0.0,0.0,0.0,0.0,0.0,0.0,0.0,0.0,0.0,0.0,0.0,0.0,0.0,0.0,0.0,0.0,0.0,0.0,0.0,0.0,0.0,0.0,0.0
11.199284177000001,0.0,0.02068564229463732,-0.009239773060063072,0.5410538134474949,-0.5149689951118166,2.0669057303419693,-2.0121551880392228,60.66669272221592,-70.17869874834146,0.0,0.0,0.0,0.0,0.0,-0.005235987755982989,0.0,0.006981317007977318,0.0,0.0,0.0,0.0,0.0,0.0,0.0,0.0,-0.037969013671875,-0.00843755859375,0.0,0.00843755859375,-0.02531267578125,0.033750234375,0.043763833007812496,0.0039785302734375,0.0,0.0,0.0,0.0,0.0,0.0,0.0,0.0,0.0,0.0,0.0,0.0,0.0,0.0,0.0,0.0,0.0,0.0,0.0,0.0,0.0,0.0,0.0,0.0,0.0,0.0
11.208647898,0.0,0.02068564229463732,-0.009239773060063072,0.5410538134474949,-0.5148817286492173,2.0669057303419693,-2.0121551880392228,60.666605455753334,-70.17850676212375,0.0,0.0,0.0,0.0,0.0,0.0,-0.013962634015954637,0.017453292519943295,0.0,0.0,0.0,0.0,0.0,0.0,0.0,0.0,-0.029531455078125,-0.004218779296875,0.004218779296875,0.004218779296875,-0.0168751171875,0.02531267578125,0.04774236328125,0.007957060546875,0.0,0.0,0.0,0.0,0.0,0.0,0.0,0.0,0.0,0.0,0.0,0.0,0.0,0.0,0.0,0.0,0.0,0.0,0.0,0.0,0.0,0.0,0.0,0.0,0.0,0.0
11.218590189,0.0,0.02068564229463732,-0.009239773060063072,0.5410538134474949,-0.5146897424314973,2.0669057303419693,-2.0121551880392228,60.666605455753334,-70.17840204236863,0.0,0.0,0.0,0.003490658503988659,0.0,0.0,0.0,0.0,0.0,0.0,0.0,0.0,0.0,0.0,0.0,0.0,-0.02531267578125,-0.004218779296875,0.004218779296875,0.0,0.0168751171875,0.0168751171875,0.04774236328125,0.007957060546875,0.0,0.0,0.0,0.0,0.0,0.0,0.0,0.0,0.0,0.0,0.0,0.0,0.0,0.0,0.0,0.0,0.0,0.0,0.0,0.0,0.0,0.0,0.0,0.0,0.0,0.0
11.228567295000001,0.0,0.02068564229463732,-0.009239773060063072,0.5410538134474949,-0.5145850226763775,2.0669057303419693,-2.0121551880392228,60.66650073599822,-70.17840204236863,0.0,0.0,0.0,0.015707963267948967,0.0,0.0,-0.013962634015954637,0.0,0.0,0.0,0.0,0.0,0.0,0.0,0.0,0.0,-0.046406572265625,-0.004218779296875,0.004218779296875,0.00843755859375,-0.02531267578125,0.033750234375,0.0517208935546875,0.007957060546875,0.0,0.0,0.0,0.0,0.0,0.0,0.0,0.0,0.0,0.0,0.0,0.0,0.0,0.0,0.0,0.0,0.0,0.0,0.0,0.0,0.0,0.0,0.0,0.0,0.0,0.0
11.238665172000001,0.0,0.02068564229463732,-0.009239773060063072,0.5410538134474949,-0.5144977562137774,2.0669057303419693,-2.0121551880392228,60.66641346953562,-70.17831477590603,0.0,0.0,0.0,0.015707963267948967,0.0,0.0,-0.005235987755982989,0.013962634015954637,0.0,0.0,0.0,0.0,0.0,0.0,0.0,0.0,-0.046406572265625,-0.004218779296875,0.0,0.004218779296875,-0.0506253515625,0.02531267578125,0.043763833007812496,0.0,0.0,0.0,0.0,0.0,0.0,0.0,0.0,0.0,0.0,0.0,0.0,0.0,0.0,0.0,0.0,0.0,0.0,0.0,0.0,0.0,0.0,0.0,0.0,0.0,0.0,0.0
11.248492036,0.0,0.02068564229463732,-0.009239773060063072,0.5410538134474949,-0.5143057699960583,2.0669057303419693,-2.0121551880392228,60.66630874978049,-70.17821005615092,0.0,0.0,0.0,0.017453292519943295,0.0,0.0,-0.017453292519943295,0.015707963267948967,0.0,0.0,0.0,0.0,0.0,0.0,0.0,0.0,-0.04218779296875,-0.004218779296875,0.004218779296875,0.00843755859375,-0.02531267578125,0.02531267578125,0.04774236328125,0.0,0.0,0.0,0.0,0.0,0.0,0.0,0.0,0.0,0.0,0.0,0.0,0.0,0.0,0.0,0.0,0.0,0.0,0.0,0.0,0.0,0.0,0.0,0.0,0.0,0.0,0.0
11.258571576000001,0.0,0.02068564229463732,-0.009239773060063072,0.5410538134474949,-0.5142010502409393,2.0668620971106693,-2.0121551880392228,60.66622148331789,-70.17812278968833,0.0,0.0,0.0,0.017453292519943295,-0.004363323129985824,0.0,0.0,0.006981317007977318,0.0,0.0,0.0,0.0,0.0,0.0,0.0,0.0,-0.046406572265625,-0.004218779296875,0.0,-0.021093896484375,-0.02531267578125,0.0168751171875,-0.0198926513671875,0.0039785302734375,0.0,0.0,0.0,0.0,0.0,0.0,0.0,0.0,0.0,0.0,0.0,0.0,0.0,0.0,0.0,0.0,0.0,0.0,0.0,0.0,0.0,0.0,0.0,0.0,0.0,0.0
11.268537771,0.0,0.02068564229463732,-0.009239773060063072,0.5410538134474949,-0.5140265173157399,2.06676610400181,-2.0121551880392228,60.66622148331789,-70.17812278968833,0.0,0.0,0.0,0.017453292519943295,-0.007853981633974483,0.0,0.0,0.0,0.0,0.0,0.0,0.0,0.0,0.0,0.0,0.0,0.02531267578125,-0.004218779296875,0.0,0.004218779296875,0.00843755859375,0.02531267578125,-0.0119355908203125,0.007957060546875,0.0,0.0,0.0,0.0,0.0,0.0,0.0,0.0,0.0,0.0,0.0,0.0,0.0,0.0,0.0,0.0,0.0,0.0,0.0,0.0,0.0,0.0,0.0,0.0,0.0,0.0
11.27856867,0.0,0.02068564229463732,-0.009239773060063072,0.5410538134474949,-0.5138345310980208,2.06667011089295,-2.0121551880392228,60.66611676356276,-70.17812278968833,0.0,0.0,0.0,0.027925268031909273,-0.008726646259971648,-0.005235987755982989,-0.013962634015954637,0.0,0.0,0.0,0.0,0.0,0.0,0.0,0.0,0.0,0.021093896484375,0.0,0.0,-0.021093896484375,0.0,0.0,-0.0119355908203125,0.0039785302734375,0.0,0.0,0.0,0.0,0.0,0.0,0.0,0.0,0.0,0.0,0.0,0.0,0.0,0.0,0.0,0.0,0.0,0.0,0.0,0.0,0.0,0.0,0.0,0.0,0.0,0.0
11.288791668,0.0,0.02068564229463732,-0.009239773060063072,0.5410538134474949,-0.5135378251251801,2.066617751015391,-2.0122075479167836,60.666029497100176,-70.17812278968833,0.0,0.0,0.0,0.024434609527920613,-0.005235987755982989,-0.004363323129985824,-0.017453292519943295,-0.015707963267948967,0.0,0.0,0.0,0.0,0.0,0.0,0.0,0.0,0.021093896484375,-0.004218779296875,0.0,0.004218779296875,0.0168751171875,0.0168751171875,-0.0198926513671875,0.007957060546875,0.0,0.0,0.0,0.0,0.0,0.0,0.0,0.0,0.0,0.0,0.0,0.0,0.0,0.0,0.0,0.0,0.0,0.0,0.0,0.0,0.0,0.0,0.0,0.0,0.0,0.0
11.298533571,0.0,0.02068564229463732,-0.009239773060063072,0.5410538134474949,-0.513345838907461,2.066521757906531,-2.0122075479167836,60.66583751088246,-70.17821005615092,0.0,0.0,0.0,0.015707963267948967,-0.006108652381980153,-0.004363323129985824,-0.017453292519943295,0.0,0.0,0.0,0.0,0.0,0.0,0.0,0.0,0.0,0.0168751171875,-0.004218779296875,0.0,-0.02531267578125,0.06750046875,-0.04218779296875,-0.0119355908203125,0.0039785302734375,0.0,0.0,0.0,0.0,0.0,0.0,0.0,0.0,0.0,0.0,0.0,0.0,0.0,0.0,0.0,0.0,0.0,0.0,0.0,0.0,0.0,0.0,0.0,0.0,0.0,0.0
11.308530646000001,0.0,0.02068564229463732,-0.009239773060063072,0.5410538134474949,-0.5131538526897419,2.066478124675231,-2.0122075479167836,60.665540804909604,-70.17821005615092,0.0,0.0,-0.0017453292519943296,0.017453292519943295,-0.011344640137963142,0.0,-0.02617993877991494,0.0,0.0,0.0,0.0,0.0,0.0,0.0,0.0,0.0,0.02531267578125,0.0,0.0,0.004218779296875,0.0506253515625,0.0168751171875,-0.0119355908203125,0.0,0.0,0.0,0.0,0.0,0.0,0.0,0.0,0.0,0.0,0.0,0.0,0.0,0.0,0.0,0.0,0.0,0.0,0.0,0.0,0.0,0.0,0.0,0.0,0.0,0.0,0.0
11.318499721,0.0,0.02068564229463732,-0.009239773060063072,0.5410538134474949,-0.5129618664720228,2.066329771688811,-2.0122075479167836,60.665261552229275,-70.17821005615092,0.0,0.0,0.0,0.017453292519943295,-0.007853981633974483,0.0,-0.038397243543875255,0.0,0.0,0.0,0.0,0.0,0.0,0.0,0.0,0.0,0.02531267578125,-0.004218779296875,0.0,0.004218779296875,0.05906291015625,0.0168751171875,-0.0119355908203125,-0.0119355908203125,0.0,0.0,0.0,0.0,0.0,0.0,0.0,0.0,0.0,0.0,0.0,0.0,0.0,0.0,0.0,0.0,0.0,0.0,0.0,0.0,0.0,0.0,0.0,0.0,0.0,0.0
11.328546812,0.0,0.02068564229463732,-0.009239773060063072,0.5410538134474949,-0.5128746000094235,2.066233778579951,-2.0122075479167836,60.664772860038745,-70.17812278968833,0.0,0.0,-0.008726646259971648,0.013962634015954637,-0.013962634015954637,0.0,-0.048869219055841226,0.0,0.0,0.0,0.0,0.0,0.0,0.0,0.0,0.0,0.021093896484375,0.0,0.0,-0.02531267578125,0.0,0.00843755859375,-0.0119355908203125,0.007957060546875,0.0,0.0,0.0,0.0,0.0,0.0,0.0,0.0,0.0,0.0,0.0,0.0,0.0,0.0,0.0,0.0,0.0,0.0,0.0,0.0,0.0,0.0,0.0,0.0,0.0,0.0
11.33847899,0.0,0.02068564229463732,-0.009239773060063072,0.5410538134474949,-0.5126826137917044,2.066137785471092,-2.0122075479167836,60.66419690138557,-70.17812278968833,0.0,0.0,0.0,0.012217304763960306,-0.004363323129985824,0.0,-0.05759586531581287,0.0,0.0,0.0,0.0,0.0,0.0,0.0,0.0,0.0,0.0168751171875,-0.004218779296875,0.0,0.00843755859375,-0.04218779296875,-0.04218779296875,-0.01591412109375,0.007957060546875,0.0,0.0,0.0,0.0,0.0,0.0,0.0,0.0,0.0,0.0,0.0,0.0,0.0,0.0,0.0,0.0,0.0,0.0,0.0,0.0,0.0,0.0,0.0,0.0,0.0,0.0
11.348304639,0.0,0.02068564229463732,-0.009239773060063072,0.5410538134474949,-0.5124906275739853,2.066094152239793,-2.0122075479167836,60.66362094273243,-70.17812278968833,0.0,0.0,0.0,0.024434609527920613,-0.0008726646259971648,0.0,-0.06457718232379019,0.0,0.0,0.0,0.0,0.0,0.0,0.0,0.0,0.0,0.00843755859375,0.0,-0.004218779296875,-0.021093896484375,0.05906291015625,0.0,-0.0119355908203125,0.007957060546875,0.0,0.0,0.0,0.0,0.0,0.0,0.0,0.0,0.0,0.0,0.0,0.0,0.0,0.0,0.0,0.0,0.0,0.0,0.0,0.0,0.0,0.0,0.0,0.0,0.0,0.0
11.358553653000001,0.0,0.02068564229463732,-0.009239773060063072,0.5409665469848948,-0.5121939216011446,2.066041792362232,-2.0122075479167836,60.66285299786153,-70.17812278968833,0.0,0.0,-0.008726646259971648,0.03316125578789226,0.0,0.0,-0.07504915783575616,0.0,0.0,0.0,0.0,0.0,0.0,0.0,0.0,0.0,0.02531267578125,-0.004218779296875,0.0,0.00843755859375,0.05906291015625,0.0168751171875,-0.007957060546875,0.0,0.0,0.0,0.0,0.0,0.0,0.0,0.0,0.0,0.0,0.0,0.0,0.0,0.0,0.0,0.0,0.0,0.0,0.0,0.0,0.0,0.0,0.0,0.0,0.0,0.0,0.0
11.368692970000001,0.0,0.02068564229463732,-0.009239773060063072,0.5409665469848948,-0.5118099491657073,2.066041792362232,-2.0122075479167836,60.662085052990655,-70.17812278968833,0.0,0.0,0.0,0.03665191429188092,0.0,0.0,-0.07679448708775051,0.0,0.0,0.0,0.0,0.0,0.0,0.0,0.0,0.0,0.0168751171875,0.00843755859375,0.0,-0.02531267578125,0.0506253515625,0.0,-0.007957060546875,0.0,0.0,0.0,0.0,0.0,0.0,0.0,0.0,0.0,0.0,0.0,0.0,0.0,0.0,0.0,0.0,0.0,0.0,0.0,0.0,0.0,0.0,0.0,0.0,0.0,0.0,0.0
11.378614492,0.0,0.02068564229463732,-0.009239773060063072,0.5409665469848948,-0.5114259767302691,2.066041792362232,-2.0122075479167836,60.66122984165718,-70.17812278968833,0.0,0.0,0.0,0.047123889803846894,0.0,0.0,-0.08028514559173917,0.0,0.0,0.0,0.0,0.0,0.0,0.0,0.0,0.0,0.0168751171875,0.012656337890625,0.0,0.02531267578125,0.05906291015625,0.02531267578125,-0.0039785302734375,0.007957060546875,0.0,0.0,0.0,0.0,0.0,0.0,0.0,0.0,0.0,0.0,0.0,0.0,0.0,0.0,0.0,0.0,0.0,0.0,0.0,0.0,0.0,0.0,0.0,0.0,0.0,0.0
11.388817042000001,0.0,0.02068564229463732,-0.009239773060063072,0.5409665469848948,-0.5109547378322281,2.066041792362232,-2.0122075479167836,60.66046189678631,-70.17812278968833,0.0,0.0,0.0,0.05934119456780721,0.0,0.0,-0.07679448708775051,0.0,0.0,0.0,0.0,0.0,0.0,0.0,0.0,0.0,0.004218779296875,-0.004218779296875,-0.004218779296875,0.02531267578125,0.05906291015625,0.0168751171875,0.0,0.0039785302734375,0.0,0.0,0.0,0.0,0.0,0.0,0.0,0.0,0.0,0.0,0.0,0.0,0.0,0.0,0.0,0.0,0.0,0.0,0.0,0.0,0.0,0.0,0.0,0.0,0.0,0.0
11.39872922,0.0,0.02068564229463732,-0.009239773060063072,0.5408618272297749,-0.5103787791790717,2.066041792362232,-2.0122075479167836,60.65969395191542,-70.17812278968833,0.0,0.0,-0.017453292519943295,0.05235987755982988,0.0,0.0,-0.08203047484373349,0.0,0.0,0.0,0.0,0.0,0.0,0.0,0.0,0.0,0.00843755859375,0.012656337890625,0.0,0.012656337890625,0.04218779296875,0.00843755859375,-0.0039785302734375,0.0039785302734375,0.0,0.0,0.0,0.0,0.0,0.0,0.0,0.0,0.0,0.0,0.0,0.0,0.0,0.0,0.0,0.0,0.0,0.0,0.0,0.0,0.0,0.0,0.0,0.0,0.0,0.0
11.408824536000001,0.0,0.02068564229463732,-0.009239773060063072,0.5408618272297749,-0.5098028205259126,2.066041792362232,-2.0122075479167836,60.65903072679968,-70.17812278968833,0.0,0.0,0.0,0.048869219055841226,0.0,0.0,-0.06981317007977318,0.0,0.0,0.0,0.0,0.0,0.0,0.0,0.0,0.0,0.00843755859375,0.0,0.0,-0.02531267578125,-0.04218779296875,0.0168751171875,0.023871181640625,0.0,0.0,0.0,0.0,0.0,0.0,0.0,0.0,0.0,0.0,0.0,0.0,0.0,0.0,0.0,0.0,0.0,0.0,0.0,0.0,0.0,0.0,0.0,0.0,0.0,0.0,0.0
11.418753194,0.0,0.02068564229463732,-0.009239773060063072,0.5407745607671757,-0.5093141283353546,2.066041792362232,-2.0122075479167836,60.65815806217369,-70.17812278968833,0.0,0.0,0.0,0.029670597283903605,0.004363323129985824,0.0,-0.07504915783575616,0.0,0.0,0.0,0.0,0.0,0.0,0.0,0.0,0.0,0.00843755859375,0.0,0.0,0.00843755859375,-0.0506253515625,0.00843755859375,0.0,0.0039785302734375,0.0,0.0,0.0,0.0,0.0,0.0,0.0,0.0,0.0,0.0,0.0,0.0,0.0,0.0,0.0,0.0,0.0,0.0,0.0,0.0,0.0,0.0,0.0,0.0,0.0,0.0
11.428945568000001,0.0,0.02068564229463732,-0.009239773060063072,0.5407745607671757,-0.5091221421176364,2.066094152239793,-2.0122075479167836,60.65749483705792,-70.1780180699332,0.0,0.0,0.0,0.020943951023931956,0.0,0.0,-0.06457718232379019,0.017453292519943295,0.0,0.0,0.0,0.0,0.0,0.0,0.0,0.0,0.012656337890625,0.0,0.0,0.00843755859375,-0.04218779296875,-0.00843755859375,0.0,0.0039785302734375,0.0,0.0,0.0,0.0,0.0,0.0,0.0,0.0,0.0,0.0,0.0,0.0,0.0,0.0,0.0,0.0,0.0,0.0,0.0,0.0,0.0,0.0,0.0,0.0,0.0,0.0
11.438742064000001,0.0,0.02068564229463732,-0.009239773060063072,0.5408618272297749,-0.5089301558999164,2.066094152239793,-2.0122075479167836,60.656814158649645,-70.17782608371547,0.0,0.0,0.005235987755982989,0.017453292519943295,0.0,0.0,-0.05585053606381855,0.012217304763960306,0.0,0.0,0.0,0.0,0.0,0.0,0.0,0.0,0.012656337890625,0.00843755859375,0.0,0.00843755859375,-0.02531267578125,0.0,0.0119355908203125,0.0119355908203125,0.0,0.0,0.0,0.0,0.0,0.0,0.0,0.0,0.0,0.0,0.0,0.0,0.0,0.0,0.0,0.0,0.0,0.0,0.0,0.0,0.0,0.0,0.0,0.0,0.0,0.0
11.448740387,0.0,0.02068564229463732,-0.009239773060063072,0.5409665469848948,-0.5088428894373171,2.066094152239793,-2.0122075479167836,60.6563429197516,-70.17763409749776,0.0,0.0,0.003490658503988659,0.0,0.0,0.0,-0.047123889803846894,0.017453292519943295,0.0,0.0,0.0,0.0,0.0,0.0,0.0,0.0,0.0,0.00843755859375,0.0,0.0168751171875,-0.02531267578125,0.0168751171875,0.0,-0.01591412109375,0.0,0.0,0.0,0.0,0.0,0.0,0.0,0.0,0.0,0.0,0.0,0.0,0.0,0.0,0.0,0.0,0.0,0.0,0.0,0.0,0.0,0.0,0.0,0.0,0.0,0.0
11.458683765,0.0,0.02068564229463732,-0.009239773060063072,0.5410538134474949,-0.5088428894373171,2.066094152239793,-2.0122075479167836,60.65595894731616,-70.17735484481744,0.0,0.0,0.0,0.0,0.0,0.0,-0.029670597283903605,0.027925268031909273,0.0,0.0,0.0,0.0,0.0,0.0,0.0,0.0,0.00843755859375,0.00843755859375,0.0,-0.037969013671875,0.0,0.00843755859375,0.0,0.01591412109375,0.0,0.0,0.0,0.0,0.0,0.0,0.0,0.0,0.0,0.0,0.0,0.0,0.0,0.0,0.0,0.0,0.0,0.0,0.0,0.0,0.0,0.0,0.0,0.0,0.0,0.0
11.469139054000001,0.0,0.02068564229463732,-0.009239773060063072,0.5411585332026143,-0.5089301558999164,2.066094152239793,-2.0122075479167836,60.65576696109844,-70.1771628585997,0.0,0.0,0.0,0.0,0.0,0.0,-0.017453292519943295,0.005235987755982989,0.0,0.0,0.0,0.0,0.0,0.0,0.0,0.0,0.00843755859375,0.00843755859375,0.0,-0.033750234375,-0.04218779296875,0.00843755859375,0.0,-0.0198926513671875,0.0,0.0,0.0,0.0,0.0,0.0,0.0,0.0,0.0,0.0,0.0,0.0,0.0,0.0,0.0,0.0,0.0,0.0,0.0,0.0,0.0,0.0,0.0,0.0,0.0,0.0
11.478914654,0.0,0.02068564229463732,-0.009239773060063072,0.5411585332026143,-0.5089301558999164,2.066094152239793,-2.0122075479167836,60.65566224134333,-70.1770581388446,0.0,0.0,0.0,0.0,0.0,0.0,0.0,0.0,0.0,0.0,0.0,0.0,0.0,0.0,0.0,0.0,0.004218779296875,-0.004218779296875,-0.004218779296875,0.0,0.0168751171875,-0.04218779296875,0.0,0.0119355908203125,0.0,0.0,0.0,0.0,0.0,0.0,0.0,0.0,0.0,0.0,0.0,0.0,0.0,0.0,0.0,0.0,0.0,0.0,0.0,0.0,0.0,0.0,0.0,0.0,0.0,0.0
11.488786959,0.0,0.02068564229463732,-0.009239773060063072,0.5411585332026143,-0.5089301558999164,2.066094152239793,-2.0122075479167836,60.65566224134333,-70.1770581388446,0.0,0.0,0.0,-0.003490658503988659,0.0,0.0,0.0,0.0,0.0,0.0,0.0,0.0,0.0,0.0,0.0,0.0,0.004218779296875,0.012656337890625,0.0,0.004218779296875,-0.0168751171875,0.0,0.0,0.01591412109375,0.0,0.0,0.0,0.0,0.0,0.0,0.0,0.0,0.0,0.0,0.0,0.0,0.0,0.0,0.0,0.0,0.0,0.0,0.0,0.0,0.0,0.0,0.0,0.0,0.0,0.0
11.498678528000001,0.0,0.02068564229463732,-0.009239773060063072,0.5411585332026143,-0.5090348756550362,2.066094152239793,-2.0122075479167836,60.65566224134333,-70.17725012506232,0.0,0.0,0.0,-0.015707963267948967,0.0,0.0,0.0,-0.008726646259971648,0.0,0.0,0.0,0.0,0.0,0.0,0.0,0.0,0.012656337890625,-0.004218779296875,0.0,0.004218779296875,-0.033750234375,0.02531267578125,0.0,0.01591412109375,0.0,0.0,0.0,0.0,0.0,0.0,0.0,0.0,0.0,0.0,0.0,0.0,0.0,0.0,0.0,0.0,0.0,0.0,0.0,0.0,0.0,0.0,0.0,0.0,0.0,0.0
11.508644755,0.0,0.02068564229463732,-0.009239773060063072,0.5411585332026143,-0.5090348756550362,2.066094152239793,-2.0122075479167836,60.65566224134333,-70.17735484481744,0.0,0.0,0.0,0.0,0.0,0.0,0.0,-0.017453292519943295,0.0,0.0,0.0,0.0,0.0,0.0,0.0,0.0,0.00843755859375,-0.00843755859375,0.004218779296875,0.004218779296875,-0.04218779296875,0.0168751171875,0.0,0.0039785302734375,0.0,0.0,0.0,0.0,0.0,0.0,0.0,0.0,0.0,0.0,0.0,0.0,0.0,0.0,0.0,0.0,0.0,0.0,0.0,0.0,0.0,0.0,0.0,0.0,0.0,0.0
11.518286241,0.0,0.02068564229463732,-0.009239773060063072,0.5411585332026143,-0.5090348756550362,2.066094152239793,-2.0122075479167836,60.655574974880714,-70.17754683103514,0.0,0.0,0.0,-0.006981317007977318,0.0,0.0,-0.012217304763960306,-0.017453292519943295,0.0,0.0,0.0,0.0,0.0,0.0,0.0,0.0,0.004218779296875,-0.004218779296875,0.004218779296875,0.02531267578125,0.05906291015625,-0.033750234375,0.0,0.0119355908203125,0.0,0.0,0.0,0.0,0.0,0.0,0.0,0.0,0.0,0.0,0.0,0.0,0.0,0.0,0.0,0.0,0.0,0.0,0.0,0.0,0.0,0.0,0.0,0.0,0.0,0.0
11.528184562,0.0,0.02068564229463732,-0.009239773060063072,0.5411585332026143,-0.5090348756550362,2.066094152239793,-2.0122075479167836,60.655382988663,-70.17773881725289,0.0,0.0,0.0,0.0,0.0,0.0,-0.010471975511965978,-0.02617993877991494,0.0,0.0,0.0,0.0,0.0,0.0,0.0,0.0,-0.046406572265625,-0.004218779296875,0.0,0.012656337890625,-0.033750234375,0.02531267578125,0.0,0.007957060546875,0.0,0.0,0.0,0.0,0.0,0.0,0.0,0.0,0.0,0.0,0.0,0.0,0.0,0.0,0.0,0.0,0.0,0.0,0.0,0.0,0.0,0.0,0.0,0.0,0.0,0.0
11.53827783,0.0,0.02068564229463732,-0.009239773060063072,0.5411585332026143,-0.5090348756550362,2.066094152239793,-2.0122075479167836,60.655191002445285,-70.17793080347059,0.0,0.0,0.0,0.0,0.0,0.0,-0.024434609527920613,-0.015707963267948967,0.0,0.0,0.0,0.0,0.0,0.0,0.0,0.0,0.00843755859375,-0.004218779296875,0.0,0.012656337890625,0.05906291015625,-0.033750234375,0.0,0.0,0.0,0.0,0.0,0.0,0.0,0.0,0.0,0.0,0.0,0.0,0.0,0.0,0.0,0.0,0.0,0.0,0.0,0.0,0.0,0.0,0.0,0.0,0.0,0.0,0.0,0.0
11.548220440000001,0.0,0.02068564229463732,-0.009239773060063072,0.5411585332026143,-0.5090348756550362,2.066094152239793,-2.0122075479167836,60.654894296472456,-70.17793080347059,0.0,0.0,0.0,0.0,0.0,0.0,-0.02617993877991494,0.0,0.0,0.0,0.0,0.0,0.0,0.0,0.0,0.0,-0.046406572265625,-0.004218779296875,0.004218779296875,0.0168751171875,0.07593802734375,0.00843755859375,0.0,0.0,0.0,0.0,0.0,0.0,0.0,0.0,0.0,0.0,0.0,0.0,0.0,0.0,0.0,0.0,0.0,0.0,0.0,0.0,0.0,0.0,0.0,0.0,0.0,0.0,0.0,0.0
11.558294316000001,0.0,0.02068564229463732,-0.009239773060063072,0.5411585332026143,-0.5090348756550362,2.066094152239793,-2.0122075479167836,60.65461504379213,-70.17793080347059,0.0,0.0,0.0,0.0,0.0,0.0,-0.031415926535897934,0.0,0.0,0.0,0.0,0.0,0.0,0.0,0.0,0.0,-0.046406572265625,-0.004218779296875,0.0,0.004218779296875,0.00843755859375,0.00843755859375,-0.0039785302734375,0.007957060546875,0.0,0.0,0.0,0.0,0.0,0.0,0.0,0.0,0.0,0.0,0.0,0.0,0.0,0.0,0.0,0.0,0.0,0.0,0.0,0.0,0.0,0.0,0.0,0.0,0.0,0.0
11.568175518,0.0,0.02068564229463732,-0.009239773060063072,0.5411585332026143,-0.5090348756550362,2.066094152239793,-2.0122075479167836,60.6543183378193,-70.17793080347059,0.0,0.0,0.0,0.0,0.0,0.0,-0.03665191429188092,0.0,0.0,0.0,0.0,0.0,0.0,0.0,0.0,0.0,-0.046406572265625,-0.004218779296875,0.0,0.00843755859375,-0.0168751171875,0.0168751171875,-0.0039785302734375,0.0039785302734375,0.0,0.0,0.0,0.0,0.0,0.0,0.0,0.0,0.0,0.0,0.0,0.0,0.0,0.0,0.0,0.0,0.0,0.0,0.0,0.0,0.0,0.0,0.0,0.0,0.0,0.0
11.578602679000001,0.0,0.02068564229463732,-0.009239773060063072,0.5411585332026143,-0.5090348756550362,2.066094152239793,-2.0122075479167836,60.653934365383854,-70.17793080347059,0.0,0.0,0.0,0.0,0.0,0.0,-0.03665191429188092,0.0,0.0,0.0,0.0,0.0,0.0,0.0,0.0,0.0,0.02531267578125,0.0,0.0,0.004218779296875,-0.0168751171875,0.00843755859375,0.0039785302734375,0.007957060546875,0.0,0.0,0.0,0.0,0.0,0.0,0.0,0.0,0.0,0.0,0.0,0.0,0.0,0.0,0.0,0.0,0.0,0.0,0.0,0.0,0.0,0.0,0.0,0.0,0.0,0.0
11.588749036000001,0.0,0.02068564229463732,-0.009239773060063072,0.5411585332026143,-0.5089301558999164,2.066094152239793,-2.0122075479167836,60.653655112703525,-70.17793080347059,0.0,0.0,0.0,0.012217304763960306,0.0,0.0,-0.03316125578789226,0.0,0.0,0.0,0.0,0.0,0.0,0.0,0.0,0.0,0.021093896484375,-0.004218779296875,0.0,-0.037969013671875,0.0,0.00843755859375,0.0039785302734375,-0.01591412109375,0.0,0.0,0.0,0.0,0.0,0.0,0.0,0.0,0.0,0.0,0.0,0.0,0.0,0.0,0.0,0.0,0.0,0.0,0.0,0.0,0.0,0.0,0.0,0.0,0.0,0.0
11.598759327000002,0.0,0.02068564229463732,-0.009239773060063072,0.5411585332026143,-0.5089301558999164,2.066094152239793,-2.0122075479167836,60.653358406730696,-70.17782608371547,0.0,0.0,0.0,0.0,0.0,0.0,-0.029670597283903605,0.0,0.0,0.0,0.0,0.0,0.0,0.0,0.0,0.0,0.0168751171875,0.004218779296875,0.0,0.004218779296875,-0.0168751171875,0.0,0.0,-0.0198926513671875,0.0,0.0,0.0,0.0,0.0,0.0,0.0,0.0,0.0,0.0,0.0,0.0,0.0,0.0,0.0,0.0,0.0,0.0,0.0,0.0,0.0,0.0,0.0,0.0,0.0,0.0
11.608468494,0.0,0.02068564229463732,-0.009239773060063072,0.5411585332026143,-0.5088428894373171,2.066094152239793,-2.0122511811480828,60.65307915405038,-70.17782608371547,0.0,0.0,0.0,0.017453292519943295,0.0,0.0,-0.027925268031909273,0.0,0.0,0.0,0.0,0.0,0.0,0.0,0.0,0.0,0.021093896484375,-0.004218779296875,0.0,-0.033750234375,-0.033750234375,0.0,0.0039785302734375,-0.0198926513671875,0.0,0.0,0.0,0.0,0.0,0.0,0.0,0.0,0.0,0.0,0.0,0.0,0.0,0.0,0.0,0.0,0.0,0.0,0.0,0.0,0.0,0.0,0.0,0.0,0.0,0.0
11.618444960000001,0.0,0.02068564229463732,-0.009239773060063072,0.5411585332026143,-0.5087381696821964,2.066094152239793,-2.0122511811480828,60.65288716783264,-70.17782608371547,0.0,0.0,0.0,0.008726646259971648,0.0,0.0,-0.017453292519943295,0.0,0.0,0.0,0.0,0.0,0.0,0.0,0.0,0.0,-0.04218779296875,-0.004218779296875,0.0,0.0,-0.00843755859375,0.02531267578125,-0.01591412109375,-0.0198926513671875,0.0,0.0,0.0,0.0,0.0,0.0,0.0,0.0,0.0,0.0,0.0,0.0,0.0,0.0,0.0,0.0,0.0,0.0,0.0,0.0,0.0,0.0,0.0,0.0,0.0,0.0
11.628402547,0.0,0.02068564229463732,-0.009239773060063072,0.5411585332026143,-0.5085461834644764,2.066094152239793,-2.0122511811480828,60.65269518161494,-70.17782608371547,0.0,0.0,0.0,0.006981317007977318,0.0,0.0,-0.017453292519943295,0.0,0.0,0.0,0.0,0.0,0.0,0.0,0.0,0.0,0.0168751171875,-0.004218779296875,0.004218779296875,0.004218779296875,-0.033750234375,0.00843755859375,-0.01591412109375,0.007957060546875,0.0,0.0,0.0,0.0,0.0,0.0,0.0,0.0,0.0,0.0,0.0,0.0,0.0,0.0,0.0,0.0,0.0,0.0,0.0,0.0,0.0,0.0,0.0,0.0,0.0,0.0
11.638353477,0.0,0.02068564229463732,-0.009239773060063072,0.5411585332026143,-0.5085461834644764,2.066094152239793,-2.0122511811480828,60.65260791515234,-70.17782608371547,0.0,0.0,0.0,0.0,0.0,0.0,-0.008726646259971648,0.0,0.0,0.0,0.0,0.0,0.0,0.0,0.0,0.0,0.021093896484375,0.0,0.0,0.0,-0.02531267578125,0.0,-0.023871181640625,0.007957060546875,0.0,0.0,0.0,0.0,0.0,0.0,0.0,0.0,0.0,0.0,0.0,0.0,0.0,0.0,0.0,0.0,0.0,0.0,0.0,0.0,0.0,0.0,0.0,0.0,0.0,0.0
11.648404409000001,0.0,0.02068564229463732,-0.009239773060063072,0.5411585332026143,-0.5084589170018772,2.066094152239793,-2.0122511811480828,60.65250319539721,-70.17782608371547,0.0,0.0,0.0,0.0,0.0,0.0,-0.010471975511965978,0.0,0.0,0.0,0.0,0.0,0.0,0.0,0.0,0.0,0.02531267578125,-0.004218779296875,0.0,0.00843755859375,-0.04218779296875,0.0168751171875,-0.023871181640625,-0.01591412109375,0.0,0.0,0.0,0.0,0.0,0.0,0.0,0.0,0.0,0.0,0.0,0.0,0.0,0.0,0.0,0.0,0.0,0.0,0.0,0.0,0.0,0.0,0.0,0.0,0.0,0.0
11.658337866,0.0,0.02068564229463732,-0.009239773060063072,0.5411585332026143,-0.5084589170018772,2.066094152239793,-2.0122511811480828,60.65250319539721,-70.17782608371547,0.0,0.0,0.0,0.0,0.0,0.0,0.0,0.0,0.0,0.0,0.0,0.0,0.0,0.0,0.0,0.0,0.012656337890625,-0.004218779296875,0.0,-0.029531455078125,-0.0168751171875,-0.04218779296875,0.0039785302734375,0.007957060546875,0.0,0.0,0.0,0.0,0.0,0.0,0.0,0.0,0.0,0.0,0.0,0.0,0.0,0.0,0.0,0.0,0.0,0.0,0.0,0.0,0.0,0.0,0.0,0.0,0.0,0.0
11.668392862000001,0.0,0.02068564229463732,-0.009239773060063072,0.5411585332026143,-0.5084589170018772,2.066094152239793,-2.0122511811480828,60.65250319539721,-70.17773881725289,0.0,0.0,0.0,0.0,0.0,0.0,0.003490658503988659,0.0,0.0,0.0,0.0,0.0,0.0,0.0,0.0,0.0,0.021093896484375,0.0,0.0,0.021093896484375,-0.02531267578125,-0.04218779296875,-0.01591412109375,0.0119355908203125,0.0,0.0,0.0,0.0,0.0,0.0,0.0,0.0,0.0,0.0,0.0,0.0,0.0,0.0,0.0,0.0,0.0,0.0,0.0,0.0,0.0,0.0,0.0,0.0,0.0,0.0
11.678925689000001,0.0,0.02068564229463732,-0.009239773060063072,0.5411585332026143,-0.5084589170018772,2.066094152239793,-2.0122511811480828,60.65250319539721,-70.17773881725289,0.0,0.0,0.015707963267948967,0.0,0.0,0.0,0.003490658503988659,0.0,0.0,0.0,0.0,0.0,0.0,0.0,0.0,0.0,0.021093896484375,0.0,0.0,0.004218779296875,-0.02531267578125,0.00843755859375,-0.0198926513671875,0.0,0.0,0.0,0.0,0.0,0.0,0.0,0.0,0.0,0.0,0.0,0.0,0.0,0.0,0.0,0.0,0.0,0.0,0.0,0.0,0.0,0.0,0.0,0.0,0.0,0.0,0.0
11.688525286,0.0,0.02068564229463732,-0.009239773060063072,0.541245799665214,-0.5084589170018772,2.066094152239793,-2.0122511811480828,60.65260791515234,-70.17773881725289,0.0,0.0,0.017453292519943295,0.0,0.0,0.0,0.005235987755982989,0.005235987755982989,0.0,0.0,0.0,0.0,0.0,0.0,0.0,0.0,0.00843755859375,0.0,-0.004218779296875,-0.033750234375,-0.04218779296875,-0.04218779296875,0.007957060546875,0.007957060546875,0.0,0.0,0.0,0.0,0.0,0.0,0.0,0.0,0.0,0.0,0.0,0.0,0.0,0.0,0.0,0.0,0.0,0.0,0.0,0.0,0.0,0.0,0.0,0.0,0.0,0.0
11.698583834,0.0,0.02068564229463732,-0.009239773060063072,0.541245799665214,-0.5084589170018772,2.066094152239793,-2.0122511811480828,60.65260791515234,-70.17763409749776,0.0,0.0,0.0,0.0,0.0,0.0,0.0,0.008726646259971648,0.0,0.0,0.0,0.0,0.0,0.0,0.0,0.0,0.012656337890625,0.012656337890625,0.0,-0.029531455078125,-0.00843755859375,-0.04218779296875,0.007957060546875,0.007957060546875,0.0,0.0,0.0,0.0,0.0,0.0,0.0,0.0,0.0,0.0,0.0,0.0,0.0,0.0,0.0,0.0,0.0,0.0,0.0,0.0,0.0,0.0,0.0,0.0,0.0,0.0
11.70839857,0.0,0.02068564229463732,-0.009239773060063072,0.5413505194203334,-0.5084589170018772,2.066094152239793,-2.0122511811480828,60.65260791515234,-70.17763409749776,0.0,0.0,0.010471975511965978,0.0,0.0,0.0,0.0,0.0,0.0,0.0,0.0,0.0,0.0,0.0,0.0,0.0,0.0168751171875,-0.004218779296875,0.0,-0.033750234375,-0.033750234375,0.0,0.0039785302734375,0.0,0.0,0.0,0.0,0.0,0.0,0.0,0.0,0.0,0.0,0.0,0.0,0.0,0.0,0.0,0.0,0.0,0.0,0.0,0.0,0.0,0.0,0.0,0.0,0.0,0.0,0.0
11.718459518000001,0.0,0.02068564229463732,-0.009239773060063072,0.5414377858829331,-0.5084589170018772,2.066094152239793,-2.0122511811480828,60.65260791515234,-70.17763409749776,0.0,0.0,0.0,0.0,0.0,0.0,0.0,0.0,0.0,0.0,0.0,0.0,0.0,0.0,0.0,0.0,0.012656337890625,0.0,-0.004218779296875,-0.033750234375,0.07593802734375,0.0,-0.01591412109375,0.0039785302734375,0.0,0.0,0.0,0.0,0.0,0.0,0.0,0.0,0.0,0.0,0.0,0.0,0.0,0.0,0.0,0.0,0.0,0.0,0.0,0.0,0.0,0.0,0.0,0.0,0.0,0.0
11.728488209,0.0,0.02068564229463732,-0.009239773060063072,0.5414377858829331,-0.5084589170018772,2.066094152239793,-2.0122511811480828,60.65260791515234,-70.17763409749776,0.0,0.0,0.008726646259971648,0.0,0.0,0.0,0.0,0.0,0.0,0.0,0.0,0.0,0.0,0.0,0.0,0.0,0.012656337890625,-0.004218779296875,-0.004218779296875,-0.02531267578125,0.05906291015625,0.0,0.0039785302734375,0.0119355908203125,0.0,0.0,0.0,0.0,0.0,0.0,0.0,0.0,0.0,0.0,0.0,0.0,0.0,0.0,0.0,0.0,0.0,0.0,0.0,0.0,0.0,0.0,0.0,0.0,0.0,0.0
11.738611046,0.0,0.02068564229463732,-0.009239773060063072,0.5414377858829331,-0.5084589170018772,2.066094152239793,-2.0122511811480828,60.65260791515234,-70.17763409749776,0.0,0.0,0.0,0.0,0.0,0.0,0.0,0.0,0.0,0.0,0.0,0.0,0.0,0.0,0.0,0.0,0.00843755859375,0.012656337890625,-0.004218779296875,-0.02531267578125,0.0168751171875,0.00843755859375,0.007957060546875,0.007957060546875,0.0,0.0,0.0,0.0,0.0,0.0,0.0,0.0,0.0,0.0,0.0,0.0,0.0,0.0,0.0,0.0,0.0,0.0,0.0,0.0,0.0,0.0,0.0,0.0,0.0,0.0
11.748574776,0.0,0.02068564229463732,-0.009239773060063072,0.5415425056380525,-0.5084589170018772,2.066094152239793,-2.0122511811480828,60.65260791515234,-70.17763409749776,0.0,0.0,0.0,0.0,0.0,0.0,0.0,0.0,0.0,0.0,0.0,0.0,0.0,0.0,0.0,0.0,0.012656337890625,0.00843755859375,0.004218779296875,0.012656337890625,0.0506253515625,-0.04218779296875,-0.023871181640625,0.0119355908203125,0.0,0.0,0.0,0.0,0.0,0.0,0.0,0.0,0.0,0.0,0.0,0.0,0.0,0.0,0.0,0.0,0.0,0.0,0.0,0.0,0.0,0.0,0.0,0.0,0.0,0.0
11.758472394,0.0,0.02068564229463732,-0.009239773060063072,0.5415425056380525,-0.5084589170018772,2.066041792362232,-2.0122511811480828,60.65260791515234,-70.17763409749776,0.0,0.0,0.0,0.0,0.0,0.0,0.0,0.0,0.0,0.0,0.0,0.0,0.0,0.0,0.0,0.0,0.00843755859375,-0.004218779296875,0.004218779296875,0.012656337890625,-0.04218779296875,0.0168751171875,-0.01591412109375,0.0,0.0,0.0,0.0,0.0,0.0,0.0,0.0,0.0,0.0,0.0,0.0,0.0,0.0,0.0,0.0,0.0,0.0,0.0,0.0,0.0,0.0,0.0,0.0,0.0,0.0,0.0
11.768517309,0.0,0.02068564229463732,-0.009239773060063072,0.5415425056380525,-0.5085461834644764,2.066041792362232,-2.0122511811480828,60.65260791515234,-70.17773881725289,0.0,0.0,0.0,0.0,0.0,0.0,0.0,0.0,0.0,0.0,0.0,0.0,0.0,0.0,0.0,0.0,0.00843755859375,-0.004218779296875,-0.004218779296875,0.012656337890625,0.0506253515625,0.02531267578125,0.0039785302734375,-0.01591412109375,0.0,0.0,0.0,0.0,0.0,0.0,0.0,0.0,0.0,0.0,0.0,0.0,0.0,0.0,0.0,0.0,0.0,0.0,0.0,0.0,0.0,0.0,0.0,0.0,0.0,0.0
11.778677683000002,0.0,0.02068564229463732,-0.009239773060063072,0.5415425056380525,-0.5085461834644764,2.066041792362232,-2.0122511811480828,60.65260791515234,-70.17773881725289,0.0,0.0,0.012217304763960306,0.0,0.0,0.0,0.0,0.0,0.0,0.0,0.0,0.0,0.0,0.0,0.0,0.0,-0.046406572265625,-0.004218779296875,0.0,0.004218779296875,0.00843755859375,0.00843755859375,-0.023871181640625,-0.023871181640625,0.0,0.0,0.0,0.0,0.0,0.0,0.0,0.0,0.0,0.0,0.0,0.0,0.0,0.0,0.0,0.0,0.0,0.0,0.0,0.0,0.0,0.0,0.0,0.0,0.0,0.0
11.788623717,0.0,0.02068564229463732,-0.009239773060063072,0.5415425056380525,-0.5085461834644764,2.066041792362232,-2.0122511811480828,60.65260791515234,-70.17773881725289,0.0,0.0,0.0,-0.008726646259971648,0.0,0.0,0.0,0.0,0.0,0.0,0.0,0.0,0.0,0.0,0.0,0.0,0.00843755859375,0.012656337890625,-0.004218779296875,0.012656337890625,0.0506253515625,0.0168751171875,0.007957060546875,-0.023871181640625,0.0,0.0,0.0,0.0,0.0,0.0,0.0,0.0,0.0,0.0,0.0,0.0,0.0,0.0,0.0,0.0,0.0,0.0,0.0,0.0,0.0,0.0,0.0,0.0,0.0,0.0
11.798602840000001,0.0,0.02068564229463732,-0.009239773060063072,0.5416297721006527,-0.5085461834644764,2.066041792362232,-2.0122511811480828,60.65260791515234,-70.17773881725289,0.0,0.0,0.0,0.0,0.0,0.0,0.0,0.0,0.0,0.0,0.0,0.0,0.0,0.0,0.0,0.0,-0.02531267578125,-0.004218779296875,0.0,0.012656337890625,0.0168751171875,-0.04218779296875,0.007957060546875,0.0,0.0,0.0,0.0,0.0,0.0,0.0,0.0,0.0,0.0,0.0,0.0,0.0,0.0,0.0,0.0,0.0,0.0,0.0,0.0,0.0,0.0,0.0,0.0,0.0,0.0,0.0
11.808472169,0.0,0.02068564229463732,-0.009239773060063072,0.5416297721006527,-0.5085461834644764,2.066041792362232,-2.0122511811480828,60.65260791515234,-70.17773881725289,0.0,0.0,0.0,0.0,0.0,0.0,0.0,0.0,0.0,0.0,0.0,0.0,0.0,0.0,0.0,0.0,-0.029531455078125,-0.004218779296875,0.0,0.012656337890625,0.0168751171875,-0.033750234375,0.007957060546875,0.0,0.0,0.0,0.0,0.0,0.0,0.0,0.0,0.0,0.0,0.0,0.0,0.0,0.0,0.0,0.0,0.0,0.0,0.0,0.0,0.0,0.0,0.0,0.0,0.0,0.0,0.0
11.818644478000001,0.0,0.02068564229463732,-0.009239773060063072,0.5416297721006527,-0.5085461834644764,2.066041792362232,-2.0122511811480828,60.65260791515234,-70.17773881725289,0.0,0.0,0.017453292519943295,0.0,0.0,0.0,0.0,0.0,0.0,0.0,0.0,0.0,0.0,0.0,0.0,0.0,-0.04218779296875,-0.004218779296875,0.00843755859375,0.012656337890625,0.05906291015625,0.02531267578125,0.007957060546875,0.0,0.0,0.0,0.0,0.0,0.0,0.0,0.0,0.0,0.0,0.0,0.0,0.0,0.0,0.0,0.0,0.0,0.0,0.0,0.0,0.0,0.0,0.0,0.0,0.0,0.0,0.0
11.82846379,0.0,0.02068564229463732,-0.009239773060063072,0.541734491855772,-0.5085461834644764,2.066041792362232,-2.0122511811480828,60.65260791515234,-70.17773881725289,0.0,0.0,0.013962634015954637,-0.008726646259971648,0.0,0.0,0.0,0.0,0.0,0.0,0.0,0.0,0.0,0.0,0.0,0.0,-0.046406572265625,-0.004218779296875,0.0,0.004218779296875,-0.0168751171875,0.0168751171875,0.007957060546875,0.0119355908203125,0.0,0.0,0.0,0.0,0.0,0.0,0.0,0.0,0.0,0.0,0.0,0.0,0.0,0.0,0.0,0.0,0.0,0.0,0.0,0.0,0.0,0.0,0.0,0.0,0.0,0.0
11.838402432,0.0,0.02068564229463732,-0.009239773060063072,0.5418217583183718,-0.5085461834644764,2.066041792362232,-2.0122511811480828,60.65260791515234,-70.17773881725289,0.0,0.0,0.0,0.0,0.0,0.0,0.0,0.0,0.0,0.0,0.0,0.0,0.0,0.0,0.0,0.0,-0.04218779296875,-0.004218779296875,0.0,0.004218779296875,-0.033750234375,0.0168751171875,0.007957060546875,0.0,0.0,0.0,0.0,0.0,0.0,0.0,0.0,0.0,0.0,0.0,0.0,0.0,0.0,0.0,0.0,0.0,0.0,0.0,0.0,0.0,0.0,0.0,0.0,0.0,0.0,0.0
11.848324498,0.0,0.02068564229463732,-0.009239773060063072,0.5418217583183718,-0.5085461834644764,2.066041792362232,-2.0122511811480828,60.65260791515234,-70.17773881725289,0.0,0.0,0.0,-0.008726646259971648,-0.004363323129985824,0.0,0.0,0.0,0.0,0.0,0.0,0.0,0.0,0.0,0.0,0.0,-0.04218779296875,-0.004218779296875,0.0,0.012656337890625,0.04218779296875,-0.05906291015625,-0.0198926513671875,0.0039785302734375,0.0,0.0,0.0,0.0,0.0,0.0,0.0,0.0,0.0,0.0,0.0,0.0,0.0,0.0,0.0,0.0,0.0,0.0,0.0,0.0,0.0,0.0,0.0,0.0,0.0,0.0
11.85835239,0.0,0.02068564229463732,-0.009239773060063072,0.5419264780734911,-0.5086509032195972,2.066041792362232,-2.0122511811480828,60.65260791515234,-70.17773881725289,0.0,0.0,0.0,0.0,0.0,0.0,0.0,0.0,0.0,0.0,0.0,0.0,0.0,0.0,0.0,0.0,-0.046406572265625,-0.004218779296875,0.004218779296875,0.012656337890625,0.0506253515625,0.0168751171875,0.007957060546875,0.0119355908203125,0.0,0.0,0.0,0.0,0.0,0.0,0.0,0.0,0.0,0.0,0.0,0.0,0.0,0.0,0.0,0.0,0.0,0.0,0.0,0.0,0.0,0.0,0.0,0.0,0.0,0.0
11.868508539,0.0,0.02068564229463732,-0.009239773060063072,0.5419264780734911,-0.5086509032195972,2.066041792362232,-2.0122511811480828,60.65260791515234,-70.17773881725289,0.0,0.0,0.0,0.0,0.0,0.0,0.0,0.0,0.0,0.0,0.0,0.0,0.0,0.0,0.0,0.0,-0.046406572265625,0.0,0.0,0.004218779296875,0.05906291015625,0.02531267578125,0.007957060546875,-0.0039785302734375,0.0,0.0,0.0,0.0,0.0,0.0,0.0,0.0,0.0,0.0,0.0,0.0,0.0,0.0,0.0,0.0,0.0,0.0,0.0,0.0,0.0,0.0,0.0,0.0,0.0,0.0
11.878629424000001,0.0,0.02068564229463732,-0.009239773060063072,0.5419264780734911,-0.5086509032195972,2.066041792362232,-2.0122511811480828,60.65260791515234,-70.17773881725289,0.0,0.0,0.0,0.0,0.0,0.0,0.0,0.0,0.0,0.0,0.0,0.0,0.0,0.0,0.0,0.0,0.021093896484375,-0.004218779296875,0.0,0.004218779296875,-0.02531267578125,0.00843755859375,0.007957060546875,-0.0198926513671875,0.0,0.0,0.0,0.0,0.0,0.0,0.0,0.0,0.0,0.0,0.0,0.0,0.0,0.0,0.0,0.0,0.0,0.0,0.0,0.0,0.0,0.0,0.0,0.0,0.0,0.0
11.888930599,0.0,0.02068564229463732,-0.009239773060063072,0.5419264780734911,-0.5086509032195972,2.066041792362232,-2.0122511811480828,60.65260791515234,-70.17773881725289,0.0,0.0,0.0,0.0,0.0,0.0,0.0,0.0,0.0,0.0,0.0,0.0,0.0,0.0,0.0,0.0,-0.046406572265625,-0.004218779296875,0.00843755859375,0.012656337890625,0.0,0.00843755859375,0.007957060546875,0.007957060546875,0.0,0.0,0.0,0.0,0.0,0.0,0.0,0.0,0.0,0.0,0.0,0.0,0.0,0.0,0.0,0.0,0.0,0.0,0.0,0.0,0.0,0.0,0.0,0.0,0.0,0.0
11.898637942,0.0,0.02068564229463732,-0.009239773060063072,0.5418217583183718,-0.5086509032195972,2.066041792362232,-2.0122511811480828,60.65260791515234,-70.17773881725289,0.0,0.0,0.0,0.0,0.0,0.0,0.0,0.0,0.0,0.0,0.0,0.0,0.0,0.0,0.0,0.0,0.021093896484375,-0.004218779296875,-0.004218779296875,0.012656337890625,-0.033750234375,-0.04218779296875,0.007957060546875,0.0,0.0,0.0,0.0,0.0,0.0,0.0,0.0,0.0,0.0,0.0,0.0,0.0,0.0,0.0,0.0,0.0,0.0,0.0,0.0,0.0,0.0,0.0,0.0,0.0,0.0,0.0
11.908712362000001,0.0,0.02068564229463732,-0.009239773060063072,0.5418217583183718,-0.5086509032195972,2.066041792362232,-2.0122511811480828,60.65250319539721,-70.17773881725289,0.0,0.0,-0.017453292519943295,0.0,0.0,0.0,0.0,0.0,0.0,0.0,0.0,0.0,0.0,0.0,0.0,0.0,0.021093896484375,0.0,0.0,-0.033750234375,-0.02531267578125,-0.0168751171875,0.007957060546875,-0.0039785302734375,0.0,0.0,0.0,0.0,0.0,0.0,0.0,0.0,0.0,0.0,0.0,0.0,0.0,0.0,0.0,0.0,0.0,0.0,0.0,0.0,0.0,0.0,0.0,0.0,0.0,0.0
11.918307671,0.0,0.02068564229463732,-0.009239773060063072,0.541734491855772,-0.5085461834644764,2.066041792362232,-2.0122511811480828,60.65250319539721,-70.17773881725289,0.0,0.0,-0.017453292519943295,0.0,0.0,0.0,-0.010471975511965978,0.0,0.0,0.0,0.0,0.0,0.0,0.0,0.0,0.0,0.02531267578125,-0.004218779296875,0.0,-0.029531455078125,-0.0168751171875,-0.04218779296875,-0.0198926513671875,0.007957060546875,0.0,0.0,0.0,0.0,0.0,0.0,0.0,0.0,0.0,0.0,0.0,0.0,0.0,0.0,0.0,0.0,0.0,0.0,0.0,0.0,0.0,0.0,0.0,0.0,0.0,0.0
11.928310922000001,0.0,0.02068564229463732,-0.009239773060063072,0.5416297721006527,-0.5085461834644764,2.066041792362232,-2.0122511811480828,60.65241592893461,-70.17773881725289,0.0,0.0,-0.0017453292519943296,0.0,0.0,0.0,0.0,0.0,0.0,0.0,0.0,0.0,0.0,0.0,0.0,0.0,0.02531267578125,0.004218779296875,0.0,0.012656337890625,0.00843755859375,0.0,-0.023871181640625,-0.01591412109375,0.0,0.0,0.0,0.0,0.0,0.0,0.0,0.0,0.0,0.0,0.0,0.0,0.0,0.0,0.0,0.0,0.0,0.0,0.0,0.0,0.0,0.0,0.0,0.0,0.0,0.0
11.938252412,0.0,0.02068564229463732,-0.009239773060063072,0.5415425056380525,-0.5085461834644764,2.066041792362232,-2.0122511811480828,60.65231120917951,-70.17773881725289,0.0,0.0,-0.0017453292519943296,0.0,0.0,0.0,-0.012217304763960306,0.0,0.0,0.0,0.0,0.0,0.0,0.0,0.0,0.0,0.00843755859375,0.0,-0.004218779296875,-0.029531455078125,0.07593802734375,0.0168751171875,0.007957060546875,-0.01591412109375,0.0,0.0,0.0,0.0,0.0,0.0,0.0,0.0,0.0,0.0,0.0,0.0,0.0,0.0,0.0,0.0,0.0,0.0,0.0,0.0,0.0,0.0,0.0,0.0,0.0,0.0
11.94836248,0.0,0.02068564229463732,-0.009239773060063072,0.5414377858829331,-0.5085461834644764,2.066041792362232,-2.0122511811480828,60.652223942716894,-70.17773881725289,0.0,0.0,-0.008726646259971648,0.0,0.0,0.0,-0.017453292519943295,0.0,0.0,0.0,0.0,0.0,0.0,0.0,0.0,0.0,0.02531267578125,0.0,0.0,0.012656337890625,-0.02531267578125,-0.00843755859375,-0.0198926513671875,-0.01591412109375,0.0,0.0,0.0,0.0,0.0,0.0,0.0,0.0,0.0,0.0,0.0,0.0,0.0,0.0,0.0,0.0,0.0,0.0,0.0,0.0,0.0,0.0,0.0,0.0,0.0,0.0
11.958272066000001,0.0,0.02068564229463732,-0.009239773060063072,0.541245799665214,-0.5085461834644764,2.066041792362232,-2.0122511811480828,60.65203195649918,-70.17773881725289,0.0,0.0,-0.013962634015954637,0.0,0.0,0.0,-0.017453292519943295,0.0,0.0,0.0,0.0,0.0,0.0,0.0,0.0,0.0,0.021093896484375,-0.004218779296875,0.0,0.012656337890625,0.0,0.02531267578125,-0.0198926513671875,-0.01591412109375,0.0,0.0,0.0,0.0,0.0,0.0,0.0,0.0,0.0,0.0,0.0,0.0,0.0,0.0,0.0,0.0,0.0,0.0,0.0,0.0,0.0,0.0,0.0,0.0,0.0,0.0
11.968271029,0.0,0.02068564229463732,-0.009239773060063072,0.541245799665214,-0.5085461834644764,2.066094152239793,-2.0122511811480828,60.65183997028145,-70.17773881725289,0.0,0.0,0.0,0.0,0.0,0.0,-0.017453292519943295,0.0,0.0,0.0,0.0,0.0,0.0,0.0,0.0,0.0,0.021093896484375,-0.004218779296875,0.0,-0.037969013671875,0.0168751171875,-0.04218779296875,0.007957060546875,0.007957060546875,0.0,0.0,0.0,0.0,0.0,0.0,0.0,0.0,0.0,0.0,0.0,0.0,0.0,0.0,0.0,0.0,0.0,0.0,0.0,0.0,0.0,0.0,0.0,0.0,0.0,0.0
11.978601421,0.0,0.02068564229463732,-0.009239773060063072,0.5411585332026143,-0.5085461834644764,2.066094152239793,-2.0122511811480828,60.651647984063736,-70.17773881725289,0.0,0.0,0.0,0.0,0.0,0.0,-0.017453292519943295,0.0,0.0,0.0,0.0,0.0,0.0,0.0,0.0,0.0,0.0168751171875,0.0,-0.004218779296875,-0.037969013671875,0.04218779296875,0.02531267578125,0.007957060546875,0.0,0.0,0.0,0.0,0.0,0.0,0.0,0.0,0.0,0.0,0.0,0.0,0.0,0.0,0.0,0.0,0.0,0.0,0.0,0.0,0.0,0.0,0.0,0.0,0.0,0.0,0.0
11.988394332,0.0,0.02068564229463732,-0.009239773060063072,0.5411585332026143,-0.5085461834644764,2.066094152239793,-2.0122511811480828,60.65145599784602,-70.17773881725289,0.0,0.0,0.0,0.0,0.0,0.0,-0.017453292519943295,0.0,0.0,0.0,0.0,0.0,0.0,0.0,0.0,0.0,0.0168751171875,0.00843755859375,0.0,0.004218779296875,0.0506253515625,-0.04218779296875,0.007957060546875,0.007957060546875,0.0,0.0,0.0,0.0,0.0,0.0,0.0,0.0,0.0,0.0,0.0,0.0,0.0,0.0,0.0,0.0,0.0,0.0,0.0,0.0,0.0,0.0,0.0,0.0,0.0,0.0
11.998244429000001,0.0,0.02068564229463732,-0.009239773060063072,0.5411585332026143,-0.5086509032195972,2.066094152239793,-2.0122511811480828,60.65135127809091,-70.17773881725289,0.0,0.0,0.0,0.0,0.006981317007977318,0.0,-0.017453292519943295,0.0,0.0,0.0,0.0,0.0,0.0,0.0,0.0,0.0,0.00843755859375,0.00843755859375,0.004218779296875,0.0168751171875,-0.0506253515625,-0.04218779296875,0.007957060546875,0.0,0.0,0.0,0.0,0.0,0.0,0.0,0.0,0.0,0.0,0.0,0.0,0.0,0.0,0.0,0.0,0.0,0.0,0.0,0.0,0.0,0.0,0.0,0.0,0.0,0.0,0.0
12.008294593,0.0,0.02068564229463732,-0.009239773060063072,0.5411585332026143,-0.5086509032195972,2.066094152239793,-2.0122511811480828,60.65126401162829,-70.17773881725289,0.0,0.0,0.0,0.0,0.0,0.0,0.0,0.0,0.0,0.0,0.0,0.0,0.0,0.0,0.0,0.0,0.004218779296875,0.00843755859375,0.004218779296875,0.012656337890625,-0.04218779296875,-0.04218779296875,0.007957060546875,0.0,0.0,0.0,0.0,0.0,0.0,0.0,0.0,0.0,0.0,0.0,0.0,0.0,0.0,0.0,0.0,0.0,0.0,0.0,0.0,0.0,0.0,0.0,0.0,0.0,0.0,0.0
12.018248723000001,0.0,0.02068564229463732,-0.009239773060063072,0.541245799665214,-0.5086509032195972,2.066094152239793,-2.0122511811480828,60.651159291873164,-70.17773881725289,0.0,0.0,0.003490658503988659,0.0,0.0,0.0,0.0,0.0,0.0,0.0,0.0,0.0,0.0,0.0,0.0,0.0,-0.04218779296875,-0.004218779296875,0.0,0.012656337890625,-0.033750234375,0.02531267578125,0.0,0.0119355908203125,0.0,0.0,0.0,0.0,0.0,0.0,0.0,0.0,0.0,0.0,0.0,0.0,0.0,0.0,0.0,0.0,0.0,0.0,0.0,0.0,0.0,0.0,0.0,0.0,0.0,0.0
12.028296551,0.0,0.02068564229463732,-0.009239773060063072,0.541245799665214,-0.5086509032195972,2.066094152239793,-2.0122511811480828,60.65126401162829,-70.17773881725289,0.0,0.0,0.0,0.0,0.0,0.0,0.012217304763960306,0.0,0.0,0.0,0.0,0.0,0.0,0.0,0.0,0.0,0.00843755859375,-0.004218779296875,0.0,0.021093896484375,0.0506253515625,0.0168751171875,-0.0278497119140625,0.007957060546875,0.0,0.0,0.0,0.0,0.0,0.0,0.0,0.0,0.0,0.0,0.0,0.0,0.0,0.0,0.0,0.0,0.0,0.0,0.0,0.0,0.0,0.0,0.0,0.0,0.0,0.0
12.038243769000001,0.0,0.02068564229463732,-0.009239773060063072,0.541245799665214,-0.5086509032195972,2.066094152239793,-2.0122511811480828,60.65145599784602,-70.17773881725289,0.0,0.0,0.0,0.0,0.0,0.0,0.017453292519943295,0.0,0.0,0.0,0.0,0.0,0.0,0.0,0.0,0.0,0.004218779296875,-0.004218779296875,0.0,0.021093896484375,0.0168751171875,-0.04218779296875,0.0119355908203125,0.0,0.0,0.0,0.0,0.0,0.0,0.0,0.0,0.0,0.0,0.0,0.0,0.0,0.0,0.0,0.0,0.0,0.0,0.0,0.0,0.0,0.0,0.0,0.0,0.0,0.0,0.0
12.04838235,0.0,0.02068564229463732,-0.009239773060063072,0.541245799665214,-0.5087381696821964,2.066094152239793,-2.0122511811480828,60.65154326430862,-70.17773881725289,0.0,0.0,0.005235987755982989,0.0,0.0,0.0,0.0,0.0,0.0,0.0,0.0,0.0,0.0,0.0,0.0,0.0,0.00843755859375,0.00843755859375,0.004218779296875,0.021093896484375,-0.04218779296875,-0.033750234375,0.007957060546875,0.0119355908203125,0.0,0.0,0.0,0.0,0.0,0.0,0.0,0.0,0.0,0.0,0.0,0.0,0.0,0.0,0.0,0.0,0.0,0.0,0.0,0.0,0.0,0.0,0.0,0.0,0.0,0.0
12.058556963000001,0.0,0.02068564229463732,-0.009239773060063072,0.541245799665214,-0.5087381696821964,2.066094152239793,-2.0122511811480828,60.651647984063736,-70.17773881725289,0.0,0.0,0.0,0.0,0.0,0.0008726646259971648,0.0,0.0,0.0,0.0,0.0,0.0,0.0,0.0,0.0,0.0,0.004218779296875,0.00843755859375,0.004218779296875,0.00843755859375,-0.04218779296875,0.0,-0.0278497119140625,0.0119355908203125,0.0,0.0,0.0,0.0,0.0,0.0,0.0,0.0,0.0,0.0,0.0,0.0,0.0,0.0,0.0,0.0,0.0,0.0,0.0,0.0,0.0,0.0,0.0,0.0,0.0,0.0
12.068569271000001,0.0,0.02068564229463732,-0.009239773060063072,0.541245799665214,-0.5087381696821964,2.066094152239793,-2.0122511811480828,60.65173525052635,-70.17773881725289,0.0,0.0,0.0,0.0,0.0,0.0,0.003490658503988659,0.0,0.0,0.0,0.0,0.0,0.0,0.0,0.0,0.0,-0.046406572265625,-0.004218779296875,0.0,0.004218779296875,0.00843755859375,0.00843755859375,-0.023871181640625,0.0,0.0,0.0,0.0,0.0,0.0,0.0,0.0,0.0,0.0,0.0,0.0,0.0,0.0,0.0,0.0,0.0,0.0,0.0,0.0,0.0,0.0,0.0,0.0,0.0,0.0,0.0
12.078703755000001,0.0,0.02068564229463732,-0.009239773060063072,0.541245799665214,-0.5087381696821964,2.066094152239793,-2.0122511811480828,60.651927236744065,-70.17773881725289,0.0,0.0,0.0,0.0,0.0,0.0,0.0017453292519943296,0.0,0.0,0.0,0.0,0.0,0.0,0.0,0.0,0.0,0.004218779296875,-0.004218779296875,0.0,0.012656337890625,-0.0168751171875,0.0168751171875,0.0119355908203125,0.007957060546875,0.0,0.0,0.0,0.0,0.0,0.0,0.0,0.0,0.0,0.0,0.0,0.0,0.0,0.0,0.0,0.0,0.0,0.0,0.0,0.0,0.0,0.0,0.0,0.0,0.0,0.0
12.088715391000001,0.0,0.02068564229463732,-0.009239773060063072,0.541245799665214,-0.5087381696821964,2.066094152239793,-2.0122511811480828,60.65203195649918,-70.17782608371547,0.0,0.0,0.0,0.0,0.0,0.0,0.0,0.0,0.0,0.0,0.0,0.0,0.0,0.0,0.0,0.0,-0.046406572265625,-0.004218779296875,0.004218779296875,0.004218779296875,-0.0168751171875,0.00843755859375,-0.023871181640625,0.007957060546875,0.0,0.0,0.0,0.0,0.0,0.0,0.0,0.0,0.0,0.0,0.0,0.0,0.0,0.0,0.0,0.0,0.0,0.0,0.0,0.0,0.0,0.0,0.0,0.0,0.0,0.0
12.098707697,0.0,0.02068564229463732,-0.009239773060063072,0.541245799665214,-0.5087381696821964,2.066094152239793,-2.0122511811480828,60.65203195649918,-70.17782608371547,0.0,0.0,0.0,0.0,0.0,0.0,0.0,-0.005235987755982989,0.0,0.0,0.0,0.0,0.0,0.0,0.0,0.0,-0.046406572265625,-0.004218779296875,0.0,0.004218779296875,0.0168751171875,0.0168751171875,0.007957060546875,0.0,0.0,0.0,0.0,0.0,0.0,0.0,0.0,0.0,0.0,0.0,0.0,0.0,0.0,0.0,0.0,0.0,0.0,0.0,0.0,0.0,0.0,0.0,0.0,0.0,0.0,0.0
12.108572386,0.0,0.02068564229463732,-0.009239773060063072,0.541245799665214,-0.5087381696821964,2.066094152239793,-2.0122511811480828,60.652119222961765,-70.17782608371547,0.0,0.0,0.0,0.0,0.0,0.0,0.0,0.0,0.0,0.0,0.0,0.0,0.0,0.0,0.0,0.0,-0.046406572265625,-0.004218779296875,0.0,0.012656337890625,-0.02531267578125,0.0168751171875,0.007957060546875,0.0,0.0,0.0,0.0,0.0,0.0,0.0,0.0,0.0,0.0,0.0,0.0,0.0,0.0,0.0,0.0,0.0,0.0,0.0,0.0,0.0,0.0,0.0,0.0,0.0,0.0,0.0
12.118541205000001,0.0,0.02068564229463732,-0.009239773060063072,0.541245799665214,-0.5087381696821964,2.066094152239793,-2.0122511811480828,60.652119222961765,-70.17782608371547,0.0,0.0,0.0,0.0,0.0,0.0,0.0,0.0,0.0,0.0,0.0,0.0,0.0,0.0,0.0,0.0,-0.046406572265625,-0.004218779296875,0.0,0.00843755859375,-0.0168751171875,-0.00843755859375,0.007957060546875,0.0039785302734375,0.0,0.0,0.0,0.0,0.0,0.0,0.0,0.0,0.0,0.0,0.0,0.0,0.0,0.0,0.0,0.0,0.0,0.0,0.0,0.0,0.0,0.0,0.0,0.0,0.0,0.0
12.128684042000001,0.0,0.02068564229463732,-0.009239773060063072,0.541245799665214,-0.5087381696821964,2.066094152239793,-2.0122511811480828,60.65203195649918,-70.17782608371547,0.0,0.0,0.0,-0.012217304763960306,0.0,0.0,0.0,0.0,0.0,0.0,0.0,0.0,0.0,0.0,0.0,0.0,-0.04218779296875,-0.004218779296875,0.0,0.012656337890625,0.00843755859375,0.0,0.007957060546875,-0.0198926513671875,0.0,0.0,0.0,0.0,0.0,0.0,0.0,0.0,0.0,0.0,0.0,0.0,0.0,0.0,0.0,0.0,0.0,0.0,0.0,0.0,0.0,0.0,0.0,0.0,0.0,0.0
12.138568347000001,0.0,0.02068564229463732,-0.009239773060063072,0.541245799665214,-0.5088428894373171,2.066094152239793,-2.0122511811480828,60.651927236744065,-70.17782608371547,0.0,0.0,0.0,-0.008726646259971648,0.0,0.0,0.0,0.0,0.0,0.0,0.0,0.0,0.0,0.0,0.0,0.0,-0.04218779296875,-0.004218779296875,0.0,0.00843755859375,0.0168751171875,0.0,0.007957060546875,0.0,0.0,0.0,0.0,0.0,0.0,0.0,0.0,0.0,0.0,0.0,0.0,0.0,0.0,0.0,0.0,0.0,0.0,0.0,0.0,0.0,0.0,0.0,0.0,0.0,0.0,0.0
12.148607887,0.0,0.02068564229463732,-0.009239773060063072,0.541245799665214,-0.5088428894373171,2.066094152239793,-2.0122511811480828,60.651927236744065,-70.17782608371547,0.0,0.0,0.0,0.0,0.0,0.0,0.0,0.0,0.0,0.0,0.0,0.0,0.0,0.0,0.0,0.0,-0.046406572265625,-0.004218779296875,0.0,0.004218779296875,0.0,0.00843755859375,0.007957060546875,0.0039785302734375,0.0,0.0,0.0,0.0,0.0,0.0,0.0,0.0,0.0,0.0,0.0,0.0,0.0,0.0,0.0,0.0,0.0,0.0,0.0,0.0,0.0,0.0,0.0,0.0,0.0,0.0
12.158519104000002,0.0,0.02068564229463732,-0.009239773060063072,0.541245799665214,-0.5088428894373171,2.066094152239793,-2.0122511811480828,60.65183997028145,-70.17782608371547,0.0,0.0,0.0,0.0,0.0,0.0,-0.006981317007977318,0.0,0.0,0.0,0.0,0.0,0.0,0.0,0.0,0.0,-0.046406572265625,-0.004218779296875,0.0,-0.037969013671875,-0.0168751171875,0.0168751171875,0.0119355908203125,0.0039785302734375,0.0,0.0,0.0,0.0,0.0,0.0,0.0,0.0,0.0,0.0,0.0,0.0,0.0,0.0,0.0,0.0,0.0,0.0,0.0,0.0,0.0,0.0,0.0,0.0,0.0,0.0
12.168811000000002,0.0,0.02068564229463732,-0.009239773060063072,0.541245799665214,-0.5088428894373171,2.066094152239793,-2.0122511811480828,60.65183997028145,-70.17782608371547,0.0,0.0,0.0,0.0,0.0,0.0,-0.017453292519943295,-0.013962634015954637,0.0,0.0,0.0,0.0,0.0,0.0,0.0,0.0,0.021093896484375,-0.004218779296875,0.0,0.004218779296875,0.0168751171875,0.0168751171875,0.0119355908203125,0.0039785302734375,0.0,0.0,0.0,0.0,0.0,0.0,0.0,0.0,0.0,0.0,0.0,0.0,0.0,0.0,0.0,0.0,0.0,0.0,0.0,0.0,0.0,0.0,0.0,0.0,0.0,0.0
12.178487526000001,0.0,0.02068564229463732,-0.009239773060063072,0.5411585332026143,-0.5088428894373171,2.066094152239793,-2.0122511811480828,60.65173525052635,-70.17782608371547,0.0,0.0,0.0,0.0,0.0,0.0,0.0,0.0,0.0,0.0,0.0,0.0,0.0,0.0,0.0,0.0,0.021093896484375,-0.004218779296875,0.0,0.012656337890625,0.00843755859375,-0.04218779296875,0.007957060546875,0.0039785302734375,0.0,0.0,0.0,0.0,0.0,0.0,0.0,0.0,0.0,0.0,0.0,0.0,0.0,0.0,0.0,0.0,0.0,0.0,0.0,0.0,0.0,0.0,0.0,0.0,0.0,0.0
12.188811261000001,0.0,0.02068564229463732,-0.009239773060063072,0.5411585332026143,-0.5088428894373171,2.066094152239793,-2.0122511811480828,60.651647984063736,-70.17782608371547,0.0,0.0,-0.0017453292519943296,0.0,0.0,0.0,-0.017453292519943295,0.0,0.0,0.0,0.0,0.0,0.0,0.0,0.0,0.0,0.021093896484375,0.0,0.0,0.012656337890625,-0.0168751171875,0.02531267578125,-0.023871181640625,0.007957060546875,0.0,0.0,0.0,0.0,0.0,0.0,0.0,0.0,0.0,0.0,0.0,0.0,0.0,0.0,0.0,0.0,0.0,0.0,0.0,0.0,0.0,0.0,0.0,0.0,0.0,0.0
12.198502540000002,0.0,0.02068564229463732,-0.009239773060063072,0.5411585332026143,-0.5088428894373171,2.066137785471092,-2.0122511811480828,60.65154326430862,-70.17782608371547,0.0,0.0,0.0,0.0,0.0,0.0,-0.008726646259971648,0.0,0.0,0.0,0.0,0.0,0.0,0.0,0.0,0.0,0.02531267578125,0.0,0.0,0.021093896484375,0.0506253515625,0.00843755859375,0.0119355908203125,0.0119355908203125,0.0,0.0,0.0,0.0,0.0,0.0,0.0,0.0,0.0,0.0,0.0,0.0,0.0,0.0,0.0,0.0,0.0,0.0,0.0,0.0,0.0,0.0,0.0,0.0,0.0,0.0
12.208473982000001,0.0,0.02068564229463732,-0.009239773060063072,0.5410538134474949,-0.5088428894373171,2.066137785471092,-2.0122511811480828,60.65154326430862,-70.17782608371547,0.0,0.0,-0.012217304763960306,0.0,0.0,0.0,0.0,0.017453292519943295,0.0,0.0,0.0,0.0,0.0,0.0,0.0,0.0,0.02531267578125,0.0,0.0,0.012656337890625,0.0168751171875,0.00843755859375,0.007957060546875,-0.01591412109375,0.0,0.0,0.0,0.0,0.0,0.0,0.0,0.0,0.0,0.0,0.0,0.0,0.0,0.0,0.0,0.0,0.0,0.0,0.0,0.0,0.0,0.0,0.0,0.0,0.0,0.0
12.218471665000001,0.0,0.02068564229463732,-0.009239773060063072,0.5410538134474949,-0.5088428894373171,2.066137785471092,-2.0122511811480828,60.65145599784602,-70.17773881725289,0.0,0.0,0.0,0.0,0.0,0.0,0.0,0.0,0.0,0.0,0.0,0.0,0.0,0.0,0.0,0.0,0.021093896484375,-0.004218779296875,0.0,0.012656337890625,-0.04218779296875,0.00843755859375,-0.0278497119140625,-0.0198926513671875,0.0,0.0,0.0,0.0,0.0,0.0,0.0,0.0,0.0,0.0,0.0,0.0,0.0,0.0,0.0,0.0,0.0,0.0,0.0,0.0,0.0,0.0,0.0,0.0,0.0,0.0
12.228980396,0.0,0.02068564229463732,-0.009239773060063072,0.5409665469848948,-0.5087381696821964,2.066137785471092,-2.0122511811480828,60.65145599784602,-70.17763409749776,0.0,0.0,0.0,0.0,0.0,0.0,0.0,0.0,0.0,0.0,0.0,0.0,0.0,0.0,0.0,0.0,0.0168751171875,0.0,0.0,0.004218779296875,0.0168751171875,0.02531267578125,-0.0278497119140625,-0.01591412109375,0.0,0.0,0.0,0.0,0.0,0.0,0.0,0.0,0.0,0.0,0.0,0.0,0.0,0.0,0.0,0.0,0.0,0.0,0.0,0.0,0.0,0.0,0.0,0.0,0.0,0.0
12.238507512,0.0,0.02068564229463732,-0.009239773060063072,0.5409665469848948,-0.5087381696821964,2.066137785471092,-2.0122511811480828,60.65145599784602,-70.17763409749776,0.0,0.0,0.0,0.0,0.0,0.0,0.0,0.0,0.0,0.0,0.0,0.0,0.0,0.0,0.0,0.0,0.021093896484375,-0.004218779296875,0.0,-0.037969013671875,0.0168751171875,-0.0506253515625,0.007957060546875,0.007957060546875,0.0,0.0,0.0,0.0,0.0,0.0,0.0,0.0,0.0,0.0,0.0,0.0,0.0,0.0,0.0,0.0,0.0,0.0,0.0,0.0,0.0,0.0,0.0,0.0,0.0,0.0
12.248541675,0.0,0.02068564229463732,-0.009239773060063072,0.5409665469848948,-0.5087381696821964,2.066137785471092,-2.0122511811480828,60.65145599784602,-70.17763409749776,0.0,0.0,0.0,0.008726646259971648,0.0,0.0,0.0,0.0,0.0,0.0,0.0,0.0,0.0,0.0,0.0,0.0,0.0168751171875,0.0,-0.004218779296875,-0.033750234375,-0.0168751171875,-0.033750234375,0.0119355908203125,0.0119355908203125,0.0,0.0,0.0,0.0,0.0,0.0,0.0,0.0,0.0,0.0,0.0,0.0,0.0,0.0,0.0,0.0,0.0,0.0,0.0,0.0,0.0,0.0,0.0,0.0,0.0,0.0
12.258602463,0.0,0.02068564229463732,-0.009239773060063072,0.5409665469848948,-0.5087381696821964,2.066137785471092,-2.0122075479167836,60.65154326430862,-70.17763409749776,0.0,0.0,0.0,0.0,0.0,0.0,0.0,0.0,0.0,0.0,0.0,0.0,0.0,0.0,0.0,0.0,0.00843755859375,0.0,0.0,-0.02531267578125,-0.033750234375,-0.0506253515625,-0.0278497119140625,0.0119355908203125,0.0,0.0,0.0,0.0,0.0,0.0,0.0,0.0,0.0,0.0,0.0,0.0,0.0,0.0,0.0,0.0,0.0,0.0,0.0,0.0,0.0,0.0,0.0,0.0,0.0,0.0
12.268393871,0.0,0.02068564229463732,-0.009239773060063072,0.5410538134474949,-0.5087381696821964,2.066137785471092,-2.0122075479167836,60.65154326430862,-70.17763409749776,0.0,0.0,0.0,0.0,0.0,0.0,0.0,0.0,0.0,0.0,0.0,0.0,0.0,0.0,0.0,0.0,0.012656337890625,0.012656337890625,0.004218779296875,0.012656337890625,0.05906291015625,-0.0506253515625,0.007957060546875,0.0039785302734375,0.0,0.0,0.0,0.0,0.0,0.0,0.0,0.0,0.0,0.0,0.0,0.0,0.0,0.0,0.0,0.0,0.0,0.0,0.0,0.0,0.0,0.0,0.0,0.0,0.0,0.0
12.278900393,0.0,0.02068564229463732,-0.009239773060063072,0.5410538134474949,-0.5087381696821964,2.066137785471092,-2.0122075479167836,60.65154326430862,-70.17763409749776,0.0,0.0,0.0,0.0,0.0,0.0,0.0,0.0,0.0,0.0,0.0,0.0,0.0,0.0,0.0,0.0,0.0168751171875,0.0,0.0,-0.037969013671875,-0.033750234375,-0.0168751171875,0.007957060546875,0.0,0.0,0.0,0.0,0.0,0.0,0.0,0.0,0.0,0.0,0.0,0.0,0.0,0.0,0.0,0.0,0.0,0.0,0.0,0.0,0.0,0.0,0.0,0.0,0.0,0.0,0.0
12.28915008,0.0,0.02068564229463732,-0.009239773060063072,0.5410538134474949,-0.5087381696821964,2.066137785471092,-2.0122075479167836,60.651647984063736,-70.17763409749776,0.0,0.0,0.0,0.0,0.0,0.0,0.0017453292519943296,0.0,0.0,0.0,0.0,0.0,0.0,0.0,0.0,0.0,0.012656337890625,0.00843755859375,0.0,-0.037969013671875,-0.0506253515625,0.02531267578125,0.007957060546875,-0.023871181640625,0.0,0.0,0.0,0.0,0.0,0.0,0.0,0.0,0.0,0.0,0.0,0.0,0.0,0.0,0.0,0.0,0.0,0.0,0.0,0.0,0.0,0.0,0.0,0.0,0.0,0.0
12.298570538,0.0,0.02068564229463732,-0.009239773060063072,0.5410538134474949,-0.5087381696821964,2.066137785471092,-2.0122075479167836,60.651647984063736,-70.17763409749776,0.0,0.0,0.0,0.0,0.0,0.0,0.0,0.0,0.0,0.0,0.0,0.0,0.0,0.0,0.0,0.0,0.00843755859375,0.00843755859375,0.0,0.0168751171875,-0.02531267578125,0.02531267578125,0.007957060546875,-0.0039785302734375,0.0,0.0,0.0,0.0,0.0,0.0,0.0,0.0,0.0,0.0,0.0,0.0,0.0,0.0,0.0,0.0,0.0,0.0,0.0,0.0,0.0,0.0,0.0,0.0,0.0,0.0
12.308590814,0.0,0.02068564229463732,-0.009239773060063072,0.5410538134474949,-0.5087381696821964,2.066137785471092,-2.0122075479167836,60.651647984063736,-70.17763409749776,0.0,0.0,0.0,0.0,0.0,0.0,0.0,0.0,0.0,0.0,0.0,0.0,0.0,0.0,0.0,0.0,0.00843755859375,0.012656337890625,0.0,0.012656337890625,-0.033750234375,0.02531267578125,-0.023871181640625,-0.01591412109375,0.0,0.0,0.0,0.0,0.0,0.0,0.0,0.0,0.0,0.0,0.0,0.0,0.0,0.0,0.0,0.0,0.0,0.0,0.0,0.0,0.0,0.0,0.0,0.0,0.0,0.0
12.318515119,0.0,0.02068564229463732,-0.009239773060063072,0.5410538134474949,-0.5086509032195972,2.066137785471092,-2.0122511811480828,60.65154326430862,-70.17763409749776,0.0,0.0,0.0,0.0,0.0,0.0,0.0,-0.005235987755982989,0.0,0.0,0.0,0.0,0.0,0.0,0.0,0.0,0.012656337890625,0.00843755859375,0.0,0.02531267578125,-0.0506253515625,-0.04218779296875,-0.0278497119140625,0.0039785302734375,0.0,0.0,0.0,0.0,0.0,0.0,0.0,0.0,0.0,0.0,0.0,0.0,0.0,0.0,0.0,0.0,0.0,0.0,0.0,0.0,0.0,0.0,0.0,0.0,0.0,0.0
12.328429857000001,0.0,0.02068564229463732,-0.009239773060063072,0.5410538134474949,-0.5086509032195972,2.066137785471092,-2.0122511811480828,60.65154326430862,-70.17763409749776,0.0,0.0,0.0,0.0,0.0,0.0,0.0,0.0,0.0,0.0,0.0,0.0,0.0,0.0,0.0,0.0,0.012656337890625,0.0,0.0,0.012656337890625,-0.0168751171875,0.00843755859375,-0.023871181640625,-0.01591412109375,0.0,0.0,0.0,0.0,0.0,0.0,0.0,0.0,0.0,0.0,0.0,0.0,0.0,0.0,0.0,0.0,0.0,0.0,0.0,0.0,0.0,0.0,0.0,0.0,0.0,0.0
12.338441332,0.0,0.02068564229463732,-0.009239773060063072,0.5410538134474949,-0.5086509032195972,2.066137785471092,-2.0122511811480828,60.65154326430862,-70.17773881725289,0.0,0.0,0.0,0.0,0.0,0.0,0.0,-0.017453292519943295,0.0,0.0,0.0,0.0,0.0,0.0,0.0,0.0,0.00843755859375,0.00843755859375,0.0,0.021093896484375,-0.04218779296875,0.0168751171875,-0.0278497119140625,0.0,0.0,0.0,0.0,0.0,0.0,0.0,0.0,0.0,0.0,0.0,0.0,0.0,0.0,0.0,0.0,0.0,0.0,0.0,0.0,0.0,0.0,0.0,0.0,0.0,0.0,0.0
12.348519976,0.0,0.02068564229463732,-0.009239773060063072,0.5410538134474949,-0.5086509032195972,2.066137785471092,-2.0122511811480828,60.65154326430862,-70.17773881725289,0.0,0.0,0.0,0.0,0.0,0.0,0.0,-0.015707963267948967,0.0,0.0,0.0,0.0,0.0,0.0,0.0,0.0,0.00843755859375,0.012656337890625,0.004218779296875,0.012656337890625,-0.02531267578125,0.0168751171875,-0.023871181640625,-0.01591412109375,0.0,0.0,0.0,0.0,0.0,0.0,0.0,0.0,0.0,0.0,0.0,0.0,0.0,0.0,0.0,0.0,0.0,0.0,0.0,0.0,0.0,0.0,0.0,0.0,0.0,0.0
12.358469274,0.0,0.02068564229463732,-0.009239773060063072,0.5410538134474949,-0.5087381696821964,2.066137785471092,-2.0122511811480828,60.65154326430862,-70.17773881725289,0.0,0.0,0.0,0.0,0.0,0.0,0.0,-0.017453292519943295,0.0,0.0,0.0,0.0,0.0,0.0,0.0,0.0,0.00843755859375,-0.004218779296875,0.0,0.012656337890625,-0.033750234375,0.02531267578125,-0.023871181640625,0.007957060546875,0.0,0.0,0.0,0.0,0.0,0.0,0.0,0.0,0.0,0.0,0.0,0.0,0.0,0.0,0.0,0.0,0.0,0.0,0.0,0.0,0.0,0.0,0.0,0.0,0.0,0.0
12.368785650000001,0.0,0.02068564229463732,-0.009239773060063072,0.5410538134474949,-0.5087381696821964,2.066137785471092,-2.0122511811480828,60.65154326430862,-70.17782608371547,0.0,0.0,0.0,0.0,0.0,0.0,0.0,-0.017453292519943295,0.0,0.0,0.0,0.0,0.0,0.0,0.0,0.0,0.00843755859375,-0.004218779296875,0.004218779296875,0.021093896484375,-0.033750234375,0.0168751171875,-0.023871181640625,-0.01591412109375,0.0,0.0,0.0,0.0,0.0,0.0,0.0,0.0,0.0,0.0,0.0,0.0,0.0,0.0,0.0,0.0,0.0,0.0,0.0,0.0,0.0,0.0,0.0,0.0,0.0,0.0
12.378660867,0.0,0.02068564229463732,-0.009239773060063072,0.5410538134474949,-0.5087381696821964,2.066137785471092,-2.0122511811480828,60.65154326430862,-70.17782608371547,0.0,0.0,0.0,0.0,0.0,0.0,0.0,0.0,0.0,0.0,0.0,0.0,0.0,0.0,0.0,0.0,-0.04218779296875,-0.004218779296875,0.0,0.004218779296875,0.00843755859375,0.0168751171875,0.0,0.0,0.0,0.0,0.0,0.0,0.0,0.0,0.0,0.0,0.0,0.0,0.0,0.0,0.0,0.0,0.0,0.0,0.0,0.0,0.0,0.0,0.0,0.0,0.0,0.0,0.0,0.0
12.389339872,0.0,0.02068564229463732,-0.009239773060063072,0.5410538134474949,-0.5087381696821964,2.066137785471092,-2.0122511811480828,60.65145599784602,-70.17793080347059,0.0,0.0,0.0,0.0,0.0,0.0,-0.006981317007977318,0.0,0.0,0.0,0.0,0.0,0.0,0.0,0.0,0.0,-0.046406572265625,-0.004218779296875,0.0,0.004218779296875,0.00843755859375,0.00843755859375,0.007957060546875,0.0,0.0,0.0,0.0,0.0,0.0,0.0,0.0,0.0,0.0,0.0,0.0,0.0,0.0,0.0,0.0,0.0,0.0,0.0,0.0,0.0,0.0,0.0,0.0,0.0,0.0,0.0
12.398496647,0.0,0.02068564229463732,-0.009239773060063072,0.5410538134474949,-0.5087381696821964,2.066137785471092,-2.0122511811480828,60.65145599784602,-70.17793080347059,0.0,0.0,0.0,0.0,0.0,0.0,0.0,0.0,0.0,0.0,0.0,0.0,0.0,0.0,0.0,0.0,-0.046406572265625,-0.004218779296875,0.004218779296875,0.004218779296875,-0.0168751171875,0.0168751171875,0.0119355908203125,0.0,0.0,0.0,0.0,0.0,0.0,0.0,0.0,0.0,0.0,0.0,0.0,0.0,0.0,0.0,0.0,0.0,0.0,0.0,0.0,0.0,0.0,0.0,0.0,0.0,0.0,0.0
12.40869398,0.0,0.02068564229463732,-0.009239773060063072,0.5410538134474949,-0.5087381696821964,2.066137785471092,-2.0122511811480828,60.65135127809091,-70.17793080347059,0.0,0.0,0.0,0.0,0.0,0.0,0.0,0.0,0.0,0.0,0.0,0.0,0.0,0.0,0.0,0.0,-0.046406572265625,-0.004218779296875,0.0,0.004218779296875,-0.04218779296875,0.00843755859375,0.007957060546875,-0.0119355908203125,0.0,0.0,0.0,0.0,0.0,0.0,0.0,0.0,0.0,0.0,0.0,0.0,0.0,0.0,0.0,0.0,0.0,0.0,0.0,0.0,0.0,0.0,0.0,0.0,0.0,0.0
12.418463308000002,0.0,0.02068564229463732,-0.009239773060063072,0.5410538134474949,-0.5087381696821964,2.066137785471092,-2.0122511811480828,60.65126401162829,-70.17793080347059,0.0,0.0,0.0,0.0,0.0,0.0,-0.015707963267948967,0.0,0.0,0.0,0.0,0.0,0.0,0.0,0.0,0.0,-0.046406572265625,-0.004218779296875,0.0,0.012656337890625,0.0168751171875,0.0168751171875,0.007957060546875,-0.0119355908203125,0.0,0.0,0.0,0.0,0.0,0.0,0.0,0.0,0.0,0.0,0.0,0.0,0.0,0.0,0.0,0.0,0.0,0.0,0.0,0.0,0.0,0.0,0.0,0.0,0.0,0.0
12.428619841000002,0.0,0.02068564229463732,-0.009239773060063072,0.5410538134474949,-0.5087381696821964,2.066137785471092,-2.0122511811480828,60.651159291873164,-70.17793080347059,0.0,0.0,0.0,0.0,0.0,0.0,0.0,0.0,0.0,0.0,0.0,0.0,0.0,0.0,0.0,0.0,-0.046406572265625,0.0,0.0,0.004218779296875,-0.033750234375,-0.00843755859375,0.007957060546875,-0.0119355908203125,0.0,0.0,0.0,0.0,0.0,0.0,0.0,0.0,0.0,0.0,0.0,0.0,0.0,0.0,0.0,0.0,0.0,0.0,0.0,0.0,0.0,0.0,0.0,0.0,0.0,0.0
12.438438354,0.0,0.02068564229463732,-0.009239773060063072,0.5410538134474949,-0.5087381696821964,2.066094152239793,-2.0122511811480828,60.651159291873164,-70.17793080347059,0.0,0.0,0.0,0.0,-0.0017453292519943296,0.0,0.0,0.0,0.0,0.0,0.0,0.0,0.0,0.0,0.0,0.0,-0.046406572265625,0.0,0.0,0.004218779296875,-0.00843755859375,0.0,0.0119355908203125,0.0039785302734375,0.0,0.0,0.0,0.0,0.0,0.0,0.0,0.0,0.0,0.0,0.0,0.0,0.0,0.0,0.0,0.0,0.0,0.0,0.0,0.0,0.0,0.0,0.0,0.0,0.0,0.0
12.44851287,0.0,0.02068564229463732,-0.009239773060063072,0.5410538134474949,-0.5087381696821964,2.066094152239793,-2.0122511811480828,60.651159291873164,-70.17793080347059,0.0,0.0,0.0,0.0,0.0,0.0,0.0,0.0,0.0,0.0,0.0,0.0,0.0,0.0,0.0,0.0,0.021093896484375,-0.004218779296875,0.0,-0.037969013671875,-0.033750234375,0.0168751171875,0.007957060546875,-0.01591412109375,0.0,0.0,0.0,0.0,0.0,0.0,0.0,0.0,0.0,0.0,0.0,0.0,0.0,0.0,0.0,0.0,0.0,0.0,0.0,0.0,0.0,0.0,0.0,0.0,0.0,0.0
12.458510169,0.0,0.02068564229463732,-0.009239773060063072,0.5409665469848948,-0.5087381696821964,2.066094152239793,-2.0122511811480828,60.65107202541059,-70.17793080347059,0.0,0.0,-0.008726646259971648,0.0,0.0,0.0,0.0,0.0,0.0,0.0,0.0,0.0,0.0,0.0,0.0,0.0,-0.046406572265625,0.0,0.0,0.004218779296875,-0.0168751171875,0.00843755859375,0.0119355908203125,-0.0119355908203125,0.0,0.0,0.0,0.0,0.0,0.0,0.0,0.0,0.0,0.0,0.0,0.0,0.0,0.0,0.0,0.0,0.0,0.0,0.0,0.0,0.0,0.0,0.0,0.0,0.0,0.0
12.468444266,0.0,0.02068564229463732,-0.009239773060063072,0.5409665469848948,-0.5087381696821964,2.066094152239793,-2.0122511811480828,60.65107202541059,-70.17793080347059,0.0,0.0,0.0,0.0,0.0,0.0,0.0,0.0,0.0,0.0,0.0,0.0,0.0,0.0,0.0,0.0,0.021093896484375,-0.004218779296875,0.0,0.012656337890625,0.00843755859375,0.0,0.0119355908203125,-0.01591412109375,0.0,0.0,0.0,0.0,0.0,0.0,0.0,0.0,0.0,0.0,0.0,0.0,0.0,0.0,0.0,0.0,0.0,0.0,0.0,0.0,0.0,0.0,0.0,0.0,0.0,0.0
12.478947941000001,0.0,0.02068564229463732,-0.009239773060063072,0.5409665469848948,-0.5087381696821964,2.066094152239793,-2.0122511811480828,60.65107202541059,-70.17793080347059,0.0,0.0,0.0,0.0,0.0,0.0,0.0,0.0,0.0,0.0,0.0,0.0,0.0,0.0,0.0,0.0,-0.046406572265625,-0.004218779296875,0.0,0.012656337890625,-0.04218779296875,0.00843755859375,0.007957060546875,0.0,0.0,0.0,0.0,0.0,0.0,0.0,0.0,0.0,0.0,0.0,0.0,0.0,0.0,0.0,0.0,0.0,0.0,0.0,0.0,0.0,0.0,0.0,0.0,0.0,0.0,0.0
12.489345182000001,0.0,0.02068564229463732,-0.009239773060063072,0.5409665469848948,-0.5087381696821964,2.066094152239793,-2.0122511811480828,60.651159291873164,-70.17793080347059,0.0,0.0,0.0,0.0,0.0,0.0,0.008726646259971648,0.0,0.0,0.0,0.0,0.0,0.0,0.0,0.0,0.0,0.02531267578125,-0.004218779296875,0.0,0.0,-0.033750234375,0.0168751171875,-0.023871181640625,-0.0119355908203125,0.0,0.0,0.0,0.0,0.0,0.0,0.0,0.0,0.0,0.0,0.0,0.0,0.0,0.0,0.0,0.0,0.0,0.0,0.0,0.0,0.0,0.0,0.0,0.0,0.0,0.0
12.499109581,0.0,0.02068564229463732,-0.009239773060063072,0.5409665469848948,-0.5087381696821964,2.066094152239793,-2.0122511811480828,60.651159291873164,-70.17793080347059,0.0,0.0,0.0,0.0,0.0,0.0,0.017453292519943295,0.0,0.0,0.0,0.0,0.0,0.0,0.0,0.0,0.0,0.021093896484375,-0.004218779296875,0.0,-0.033750234375,0.04218779296875,-0.04218779296875,0.007957060546875,0.0039785302734375,0.0,0.0,0.0,0.0,0.0,0.0,0.0,0.0,0.0,0.0,0.0,0.0,0.0,0.0,0.0,0.0,0.0,0.0,0.0,0.0,0.0,0.0,0.0,0.0,0.0,0.0
12.508483831000001,0.0,0.02068564229463732,-0.009239773060063072,0.5409665469848948,-0.5087381696821964,2.066094152239793,-2.0122511811480828,60.651159291873164,-70.17793080347059,0.0,0.0,0.0,0.0,0.0,0.0,0.010471975511965978,0.0,0.0,0.0,0.0,0.0,0.0,0.0,0.0,0.0,0.00843755859375,-0.004218779296875,0.0,0.012656337890625,0.0168751171875,0.0168751171875,-0.0318282421875,0.0039785302734375,0.0,0.0,0.0,0.0,0.0,0.0,0.0,0.0,0.0,0.0,0.0,0.0,0.0,0.0,0.0,0.0,0.0,0.0,0.0,0.0,0.0,0.0,0.0,0.0,0.0,0.0
12.518566859000002,0.0,0.02068564229463732,-0.009239773060063072,0.5409665469848948,-0.5087381696821964,2.066094152239793,-2.0122511811480828,60.651159291873164,-70.17793080347059,0.0,0.0,0.0,0.0,0.0,0.0,0.0,0.0,0.0,0.0,0.0,0.0,0.0,0.0,0.0,0.0,0.012656337890625,0.00843755859375,-0.004218779296875,-0.037969013671875,-0.02531267578125,-0.04218779296875,0.007957060546875,0.0039785302734375,0.0,0.0,0.0,0.0,0.0,0.0,0.0,0.0,0.0,0.0,0.0,0.0,0.0,0.0,0.0,0.0,0.0,0.0,0.0,0.0,0.0,0.0,0.0,0.0,0.0,0.0
12.528472861000001,0.0,0.02068564229463732,-0.009239773060063072,0.5409665469848948,-0.5087381696821964,2.066094152239793,-2.0122511811480828,60.651159291873164,-70.17793080347059,0.0,0.0,0.0,0.0,0.0,0.0,0.006981317007977318,0.0,0.0,0.0,0.0,0.0,0.0,0.0,0.0,0.0,0.004218779296875,0.00843755859375,0.0,-0.029531455078125,-0.04218779296875,0.02531267578125,0.007957060546875,0.0039785302734375,0.0,0.0,0.0,0.0,0.0,0.0,0.0,0.0,0.0,0.0,0.0,0.0,0.0,0.0,0.0,0.0,0.0,0.0,0.0,0.0,0.0,0.0,0.0,0.0,0.0,0.0
12.538470639000002,0.0,0.02068564229463732,-0.009239773060063072,0.5409665469848948,-0.5087381696821964,2.066094152239793,-2.0122511811480828,60.651159291873164,-70.17793080347059,0.0,0.0,0.0,0.0,0.0,0.0,0.008726646259971648,0.0,0.0,0.0,0.0,0.0,0.0,0.0,0.0,0.0,0.0168751171875,0.012656337890625,-0.004218779296875,-0.037969013671875,-0.04218779296875,-0.04218779296875,0.007957060546875,0.007957060546875,0.0,0.0,0.0,0.0,0.0,0.0,0.0,0.0,0.0,0.0,0.0,0.0,0.0,0.0,0.0,0.0,0.0,0.0,0.0,0.0,0.0,0.0,0.0,0.0,0.0,0.0
12.548525923000001,0.0,0.02068564229463732,-0.009239773060063072,0.5409665469848948,-0.5087381696821964,2.066094152239793,-2.0122511811480828,60.65126401162829,-70.17793080347059,0.0,0.0,0.0,-0.005235987755982989,0.0,0.0,0.0,0.0,0.0,0.0,0.0,0.0,0.0,0.0,0.0,0.0,0.00843755859375,0.012656337890625,0.0,0.004218779296875,-0.033750234375,0.02531267578125,0.0039785302734375,0.0039785302734375,0.0,0.0,0.0,0.0,0.0,0.0,0.0,0.0,0.0,0.0,0.0,0.0,0.0,0.0,0.0,0.0,0.0,0.0,0.0,0.0,0.0,0.0,0.0,0.0,0.0,0.0
12.558477589,0.0,0.02068564229463732,-0.009239773060063072,0.5409665469848948,-0.5087381696821964,2.066094152239793,-2.0122511811480828,60.65126401162829,-70.1780180699332,0.0,0.0,0.0,0.0,0.0,0.0,0.0017453292519943296,0.0,0.0,0.0,0.0,0.0,0.0,0.0,0.0,0.0,0.004218779296875,0.012656337890625,0.0,0.0168751171875,-0.033750234375,-0.0506253515625,-0.023871181640625,-0.01591412109375,0.0,0.0,0.0,0.0,0.0,0.0,0.0,0.0,0.0,0.0,0.0,0.0,0.0,0.0,0.0,0.0,0.0,0.0,0.0,0.0,0.0,0.0,0.0,0.0,0.0,0.0
12.568391463000001,0.0,0.02068564229463732,-0.009239773060063072,0.5409665469848948,-0.5087381696821964,2.066094152239793,-2.0122511811480828,60.65126401162829,-70.1780180699332,0.0,0.0,0.0,0.0,0.0,0.0,0.0,-0.008726646259971648,0.0,0.0,0.0,0.0,0.0,0.0,0.0,0.0,0.0168751171875,0.00843755859375,-0.004218779296875,-0.037969013671875,-0.04218779296875,0.02531267578125,0.007957060546875,-0.0119355908203125,0.0,0.0,0.0,0.0,0.0,0.0,0.0,0.0,0.0,0.0,0.0,0.0,0.0,0.0,0.0,0.0,0.0,0.0,0.0,0.0,0.0,0.0,0.0,0.0,0.0,0.0
12.578545916000001,0.0,0.02068564229463732,-0.009239773060063072,0.5409665469848948,-0.5087381696821964,2.066094152239793,-2.0122511811480828,60.65126401162829,-70.17812278968833,0.0,0.0,0.0,0.0,0.0,0.0,0.0,0.0,0.0,0.0,0.0,0.0,0.0,0.0,0.0,0.0,0.00843755859375,0.012656337890625,0.0,0.004218779296875,-0.033750234375,0.00843755859375,0.007957060546875,0.0,0.0,0.0,0.0,0.0,0.0,0.0,0.0,0.0,0.0,0.0,0.0,0.0,0.0,0.0,0.0,0.0,0.0,0.0,0.0,0.0,0.0,0.0,0.0,0.0,0.0,0.0
12.589239033,0.0,0.02068564229463732,-0.009239773060063072,0.5409665469848948,-0.5087381696821964,2.066094152239793,-2.0122511811480828,60.65126401162829,-70.17812278968833,0.0,0.0,0.0,0.0,0.0,0.0,0.0,0.0,0.0,0.0,0.0,0.0,0.0,0.0,0.0,0.0,0.012656337890625,0.00843755859375,0.004218779296875,0.012656337890625,-0.04218779296875,0.02531267578125,0.007957060546875,-0.01591412109375,0.0,0.0,0.0,0.0,0.0,0.0,0.0,0.0,0.0,0.0,0.0,0.0,0.0,0.0,0.0,0.0,0.0,0.0,0.0,0.0,0.0,0.0,0.0,0.0,0.0,0.0
12.599179244,0.0,0.02068564229463732,-0.009239773060063072,0.5409665469848948,-0.5087381696821964,2.066094152239793,-2.0122511811480828,60.65126401162829,-70.17812278968833,0.0,0.0,-0.005235987755982989,0.0,0.0,0.0,0.0,0.0,0.0,0.0,0.0,0.0,0.0,0.0,0.0,0.0,0.00843755859375,0.012656337890625,0.0,0.012656337890625,-0.04218779296875,0.0168751171875,0.007957060546875,0.0039785302734375,0.0,0.0,0.0,0.0,0.0,0.0,0.0,0.0,0.0,0.0,0.0,0.0,0.0,0.0,0.0,0.0,0.0,0.0,0.0,0.0,0.0,0.0,0.0,0.0,0.0,0.0
12.609065757000002,0.0,0.02068564229463732,-0.009239773060063072,0.5409665469848948,-0.5087381696821964,2.066137785471092,-2.0122511811480828,60.65126401162829,-70.17821005615092,0.0,0.0,-0.017453292519943295,0.0,0.0,0.0,0.0,0.0,0.0,0.0,0.0,0.0,0.0,0.0,0.0,0.0,-0.046406572265625,-0.004218779296875,0.004218779296875,0.0,-0.0168751171875,0.0168751171875,-0.0278497119140625,-0.0119355908203125,0.0,0.0,0.0,0.0,0.0,0.0,0.0,0.0,0.0,0.0,0.0,0.0,0.0,0.0,0.0,0.0,0.0,0.0,0.0,0.0,0.0,0.0,0.0,0.0,0.0,0.0
12.618472135000001,0.0,0.02068564229463732,-0.009239773060063072,0.5408618272297749,-0.5087381696821964,2.066137785471092,-2.0122511811480828,60.65126401162829,-70.17821005615092,0.0,0.0,0.0,0.0,0.0,0.0,0.0,0.0,0.0,0.0,0.0,0.0,0.0,0.0,0.0,0.0,-0.04218779296875,-0.004218779296875,0.0,0.012656337890625,-0.0168751171875,0.00843755859375,0.007957060546875,-0.01591412109375,0.0,0.0,0.0,0.0,0.0,0.0,0.0,0.0,0.0,0.0,0.0,0.0,0.0,0.0,0.0,0.0,0.0,0.0,0.0,0.0,0.0,0.0,0.0,0.0,0.0,0.0
12.628484506000001,0.0,0.02068564229463732,-0.009239773060063072,0.5407745607671757,-0.5087381696821964,2.066137785471092,-2.0122511811480828,60.65126401162829,-70.17821005615092,0.0,0.0,-0.0017453292519943296,0.0,0.0,0.0,0.0,0.0,0.0,0.0,0.0,0.0,0.0,0.0,0.0,0.0,0.00843755859375,-0.004218779296875,0.004218779296875,0.012656337890625,-0.0168751171875,0.02531267578125,-0.0278497119140625,-0.01591412109375,0.0,0.0,0.0,0.0,0.0,0.0,0.0,0.0,0.0,0.0,0.0,0.0,0.0,0.0,0.0,0.0,0.0,0.0,0.0,0.0,0.0,0.0,0.0,0.0,0.0,0.0
12.638553294000001,0.0,0.02068564229463732,-0.009239773060063072,0.5406698410120558,-0.5087381696821964,2.066137785471092,-2.0122511811480828,60.65126401162829,-70.17831477590603,0.0,0.0,0.0,0.0,0.0,0.0,0.0,0.0,0.0,0.0,0.0,0.0,0.0,0.0,0.0,0.0,-0.046406572265625,-0.004218779296875,-0.004218779296875,0.02531267578125,0.00843755859375,0.02531267578125,-0.0198926513671875,0.0039785302734375,0.0,0.0,0.0,0.0,0.0,0.0,0.0,0.0,0.0,0.0,0.0,0.0,0.0,0.0,0.0,0.0,0.0,0.0,0.0,0.0,0.0,0.0,0.0,0.0,0.0,0.0
12.648470624000002,0.0,0.02068564229463732,-0.009239773060063072,0.5406698410120558,-0.5087381696821964,2.066137785471092,-2.0122511811480828,60.65126401162829,-70.17831477590603,0.0,0.0,-0.015707963267948967,0.0,0.0,0.0,0.0,0.0,0.0,0.0,0.0,0.0,0.0,0.0,0.0,0.0,0.0,-0.004218779296875,0.0,0.004218779296875,-0.02531267578125,0.00843755859375,0.007957060546875,-0.0119355908203125,0.0,0.0,0.0,0.0,0.0,0.0,0.0,0.0,0.0,0.0,0.0,0.0,0.0,0.0,0.0,0.0,0.0,0.0,0.0,0.0,0.0,0.0,0.0,0.0,0.0,0.0
12.658364657,0.0,0.02068564229463732,-0.009239773060063072,0.5405825745494557,-0.5087381696821964,2.066137785471092,-2.0122511811480828,60.65126401162829,-70.17821005615092,0.0,0.0,0.0,0.0,0.0,0.0,0.0,0.0,0.0,0.0,0.0,0.0,0.0,0.0,0.0,0.0,-0.046406572265625,-0.004218779296875,-0.004218779296875,0.004218779296875,-0.0168751171875,0.0,-0.023871181640625,0.007957060546875,0.0,0.0,0.0,0.0,0.0,0.0,0.0,0.0,0.0,0.0,0.0,0.0,0.0,0.0,0.0,0.0,0.0,0.0,0.0,0.0,0.0,0.0,0.0,0.0,0.0,0.0
12.668741002,0.0,0.02068564229463732,-0.009239773060063072,0.5404778547943363,-0.5087381696821964,2.066137785471092,-2.0122511811480828,60.65126401162829,-70.17821005615092,0.0,0.0,0.0,0.0,0.0,0.0,0.0,0.0,0.0,0.0,0.0,0.0,0.0,0.0,0.0,0.0,-0.033750234375,-0.004218779296875,-0.004218779296875,0.004218779296875,-0.02531267578125,0.0168751171875,-0.0278497119140625,0.007957060546875,0.0,0.0,0.0,0.0,0.0,0.0,0.0,0.0,0.0,0.0,0.0,0.0,0.0,0.0,0.0,0.0,0.0,0.0,0.0,0.0,0.0,0.0,0.0,0.0,0.0,0.0
12.678601851000002,0.0,0.02068564229463732,-0.009239773060063072,0.5404778547943363,-0.5087381696821964,2.066137785471092,-2.0122511811480828,60.65126401162829,-70.17821005615092,0.0,0.0,0.0,0.0,0.0,0.0,0.0,0.0,0.0,0.0,0.0,0.0,0.0,0.0,0.0,0.0,-0.046406572265625,0.0,-0.004218779296875,0.004218779296875,-0.0168751171875,0.0,0.0119355908203125,0.0039785302734375,0.0,0.0,0.0,0.0,0.0,0.0,0.0,0.0,0.0,0.0,0.0,0.0,0.0,0.0,0.0,0.0,0.0,0.0,0.0,0.0,0.0,0.0,0.0,0.0,0.0,0.0
12.688934482,0.0,0.02068564229463732,-0.009239773060063072,0.5403905883317366,-0.5087381696821964,2.066137785471092,-2.0122511811480828,60.65135127809091,-70.17821005615092,0.0,0.0,0.0,0.0,0.0,0.0,0.0,0.0,0.0,0.0,0.0,0.0,0.0,0.0,0.0,0.0,-0.046406572265625,-0.004218779296875,-0.004218779296875,0.004218779296875,-0.0168751171875,-0.04218779296875,0.0119355908203125,0.0039785302734375,0.0,0.0,0.0,0.0,0.0,0.0,0.0,0.0,0.0,0.0,0.0,0.0,0.0,0.0,0.0,0.0,0.0,0.0,0.0,0.0,0.0,0.0,0.0,0.0,0.0,0.0
12.698991110000001,0.0,0.02068564229463732,-0.009239773060063072,0.5403905883317366,-0.5087381696821964,2.066137785471092,-2.0122511811480828,60.65135127809091,-70.17821005615092,0.0,0.0,-0.008726646259971648,0.0,0.0,0.0,0.0,0.0,0.0,0.0,0.0,0.0,0.0,0.0,0.0,0.0,-0.046406572265625,-0.004218779296875,0.0,0.0,0.0506253515625,0.00843755859375,0.007957060546875,0.0039785302734375,0.0,0.0,0.0,0.0,0.0,0.0,0.0,0.0,0.0,0.0,0.0,0.0,0.0,0.0,0.0,0.0,0.0,0.0,0.0,0.0,0.0,0.0,0.0,0.0,0.0,0.0
12.708946520000001,0.0,0.02068564229463732,-0.009239773060063072,0.5402858685766168,-0.5087381696821964,2.066137785471092,-2.0122511811480828,60.65145599784602,-70.17821005615092,0.0,0.0,0.0,0.0,0.006981317007977318,0.0,0.0,0.0,0.0,0.0,0.0,0.0,0.0,0.0,0.0,0.0,-0.04218779296875,0.0,0.0,0.004218779296875,-0.00843755859375,-0.00843755859375,-0.023871181640625,-0.0119355908203125,0.0,0.0,0.0,0.0,0.0,0.0,0.0,0.0,0.0,0.0,0.0,0.0,0.0,0.0,0.0,0.0,0.0,0.0,0.0,0.0,0.0,0.0,0.0,0.0,0.0,0.0
12.718541701000001,0.0,0.02068564229463732,-0.009239773060063072,0.540198602114017,-0.5087381696821964,2.066137785471092,-2.0122511811480828,60.65145599784602,-70.17821005615092,0.0,0.0,0.0,0.0,0.0,0.0,0.0,0.0,0.0,0.0,0.0,0.0,0.0,0.0,0.0,0.0,0.02531267578125,0.0,0.0,0.021093896484375,0.05906291015625,-0.04218779296875,0.0119355908203125,0.0039785302734375,0.0,0.0,0.0,0.0,0.0,0.0,0.0,0.0,0.0,0.0,0.0,0.0,0.0,0.0,0.0,0.0,0.0,0.0,0.0,0.0,0.0,0.0,0.0,0.0,0.0,0.0
12.728577945000001,0.0,0.02068564229463732,-0.009239773060063072,0.540198602114017,-0.5087381696821964,2.066137785471092,-2.0122511811480828,60.65145599784602,-70.17821005615092,0.0,0.0,-0.008726646259971648,0.0,0.0,0.0,0.0,0.0,0.0,0.0,0.0,0.0,0.0,0.0,0.0,0.0,0.02531267578125,0.0,0.0,0.004218779296875,-0.0168751171875,0.0,0.007957060546875,0.007957060546875,0.0,0.0,0.0,0.0,0.0,0.0,0.0,0.0,0.0,0.0,0.0,0.0,0.0,0.0,0.0,0.0,0.0,0.0,0.0,0.0,0.0,0.0,0.0,0.0,0.0,0.0
12.738522315,0.0,0.02068564229463732,-0.009239773060063072,0.5400938823588977,-0.5087381696821964,2.066137785471092,-2.0122511811480828,60.65145599784602,-70.17821005615092,0.0,0.0,-0.013962634015954637,0.0,0.0,0.0,0.0,0.0,0.0,0.0,0.0,0.0,0.0,0.0,0.0,0.0,0.02531267578125,-0.004218779296875,0.0,0.0,-0.0168751171875,-0.04218779296875,0.0119355908203125,0.0039785302734375,0.0,0.0,0.0,0.0,0.0,0.0,0.0,0.0,0.0,0.0,0.0,0.0,0.0,0.0,0.0,0.0,0.0,0.0,0.0,0.0,0.0,0.0,0.0,0.0,0.0,0.0
12.748428445,0.0,0.02068564229463732,-0.009239773060063072,0.540006615896298,-0.5087381696821964,2.066137785471092,-2.0122511811480828,60.65145599784602,-70.17821005615092,0.0,0.0,0.0,0.0,0.0,0.0,0.0,0.0,0.0,0.0,0.0,0.0,0.0,0.0,0.0,0.0,0.02531267578125,0.0,0.004218779296875,-0.037969013671875,-0.0168751171875,-0.033750234375,0.0039785302734375,0.0039785302734375,0.0,0.0,0.0,0.0,0.0,0.0,0.0,0.0,0.0,0.0,0.0,0.0,0.0,0.0,0.0,0.0,0.0,0.0,0.0,0.0,0.0,0.0,0.0,0.0,0.0,0.0
12.758264781000001,0.0,0.02068564229463732,-0.009239773060063072,0.540006615896298,-0.5087381696821964,2.066137785471092,-2.0122511811480828,60.65145599784602,-70.17821005615092,0.0,0.0,0.0,0.0,0.0,0.0,0.0,0.0,0.0,0.0,0.0,0.0,0.0,0.0,0.0,0.0,0.029531455078125,0.0,0.0,0.012656337890625,0.0506253515625,0.02531267578125,0.0119355908203125,-0.01591412109375,0.0,0.0,0.0,0.0,0.0,0.0,0.0,0.0,0.0,0.0,0.0,0.0,0.0,0.0,0.0,0.0,0.0,0.0,0.0,0.0,0.0,0.0,0.0,0.0,0.0,0.0
12.768389346000001,0.0,0.02068564229463732,-0.009239773060063072,0.5399018961411786,-0.5087381696821964,2.066137785471092,-2.0122511811480828,60.65145599784602,-70.17821005615092,0.0,0.0,0.0,0.0,0.0,0.0,0.0,0.0,0.0,0.0,0.0,0.0,0.0,0.0,0.0,0.0,0.02531267578125,0.0,0.0,0.004218779296875,-0.02531267578125,0.00843755859375,0.007957060546875,-0.0119355908203125,0.0,0.0,0.0,0.0,0.0,0.0,0.0,0.0,0.0,0.0,0.0,0.0,0.0,0.0,0.0,0.0,0.0,0.0,0.0,0.0,0.0,0.0,0.0,0.0,0.0,0.0
12.778745178000001,0.0,0.02068564229463732,-0.009239773060063072,0.5398146296785789,-0.5087381696821964,2.066137785471092,-2.0122511811480828,60.65145599784602,-70.17812278968833,0.0,0.0,0.0,0.0,0.0,0.0,0.0,0.0,0.0,0.0,0.0,0.0,0.0,0.0,0.0,0.0,0.021093896484375,-0.004218779296875,0.0,-0.037969013671875,0.0168751171875,-0.00843755859375,0.0119355908203125,-0.01591412109375,0.0,0.0,0.0,0.0,0.0,0.0,0.0,0.0,0.0,0.0,0.0,0.0,0.0,0.0,0.0,0.0,0.0,0.0,0.0,0.0,0.0,0.0,0.0,0.0,0.0,0.0
12.788937168,0.0,0.02068564229463732,-0.009239773060063072,0.5397099099234586,-0.5087381696821964,2.066137785471092,-2.0122511811480828,60.65145599784602,-70.17812278968833,0.0,0.0,-0.0017453292519943296,0.008726646259971648,0.0,0.0,0.0,0.0,0.0,0.0,0.0,0.0,0.0,0.0,0.0,0.0,0.02531267578125,-0.004218779296875,0.004218779296875,-0.033750234375,0.0168751171875,-0.04218779296875,0.0119355908203125,0.0039785302734375,0.0,0.0,0.0,0.0,0.0,0.0,0.0,0.0,0.0,0.0,0.0,0.0,0.0,0.0,0.0,0.0,0.0,0.0,0.0,0.0,0.0,0.0,0.0,0.0,0.0,0.0
12.798417563000001,0.0,0.02068564229463732,-0.009239773060063072,0.5396226434608593,-0.5087381696821964,2.066137785471092,-2.0122511811480828,60.65145599784602,-70.17812278968833,0.0,0.0,0.0,0.0,0.0,0.0,0.0,0.0,0.0,0.0,0.0,0.0,0.0,0.0,0.0,0.0,0.004218779296875,0.0,0.004218779296875,-0.037969013671875,0.00843755859375,-0.04218779296875,-0.007957060546875,0.007957060546875,0.0,0.0,0.0,0.0,0.0,0.0,0.0,0.0,0.0,0.0,0.0,0.0,0.0,0.0,0.0,0.0,0.0,0.0,0.0,0.0,0.0,0.0,0.0,0.0,0.0,0.0
12.808337965000002,0.0,0.02068564229463732,-0.009239773060063072,0.5395179237057395,-0.5087381696821964,2.066137785471092,-2.0122511811480828,60.65145599784602,-70.17812278968833,0.0,0.0,-0.017453292519943295,0.0,0.0,0.0,0.0,0.008726646259971648,0.0,0.0,0.0,0.0,0.0,0.0,0.0,0.0,0.012656337890625,0.0,0.004218779296875,0.029531455078125,0.0506253515625,0.02531267578125,0.0119355908203125,0.007957060546875,0.0,0.0,0.0,0.0,0.0,0.0,0.0,0.0,0.0,0.0,0.0,0.0,0.0,0.0,0.0,0.0,0.0,0.0,0.0,0.0,0.0,0.0,0.0,0.0,0.0,0.0
12.818474626,0.0,0.02068564229463732,-0.009239773060063072,0.5395179237057395,-0.5087381696821964,2.066137785471092,-2.0122511811480828,60.65145599784602,-70.17812278968833,0.0,0.0,-0.003490658503988659,0.0,0.0,0.0,0.0,0.0,0.0,0.0,0.0,0.0,0.0,0.0,0.0,0.0,0.004218779296875,-0.004218779296875,0.0,0.004218779296875,0.00843755859375,0.02531267578125,0.007957060546875,0.0,0.0,0.0,0.0,0.0,0.0,0.0,0.0,0.0,0.0,0.0,0.0,0.0,0.0,0.0,0.0,0.0,0.0,0.0,0.0,0.0,0.0,0.0,0.0,0.0,0.0,0.0
12.828365747000001,0.0,0.02068564229463732,-0.009239773060063072,0.5394306572431393,-0.5087381696821964,2.066137785471092,-2.0122511811480828,60.65145599784602,-70.17812278968833,0.0,0.0,0.0,0.0,0.0,0.0,0.0,0.0,0.0,0.0,0.0,0.0,0.0,0.0,0.0,0.0,0.0168751171875,0.0,0.0,0.004218779296875,-0.033750234375,0.00843755859375,0.007957060546875,0.007957060546875,0.0,0.0,0.0,0.0,0.0,0.0,0.0,0.0,0.0,0.0,0.0,0.0,0.0,0.0,0.0,0.0,0.0,0.0,0.0,0.0,0.0,0.0,0.0,0.0,0.0,0.0
12.838284645000002,0.0,0.02068564229463732,-0.009239773060063072,0.5394306572431393,-0.5087381696821964,2.066137785471092,-2.0122511811480828,60.65145599784602,-70.17812278968833,0.0,0.0,0.0,0.0,0.0,0.0,0.0,0.0,0.0,0.0,0.0,0.0,0.0,0.0,0.0,0.0,0.0168751171875,0.0,0.004218779296875,-0.037969013671875,0.05906291015625,0.0,0.0039785302734375,0.0119355908203125,0.0,0.0,0.0,0.0,0.0,0.0,0.0,0.0,0.0,0.0,0.0,0.0,0.0,0.0,0.0,0.0,0.0,0.0,0.0,0.0,0.0,0.0,0.0,0.0,0.0,0.0
12.848324056000001,0.0,0.02068564229463732,-0.009239773060063072,0.5394306572431393,-0.5087381696821964,2.066137785471092,-2.0122511811480828,60.65145599784602,-70.17812278968833,0.0,0.0,0.0,0.0,0.0,0.0,0.0,0.0,0.0,0.0,0.0,0.0,0.0,0.0,0.0,0.0,0.0168751171875,0.004218779296875,0.0,-0.033750234375,-0.0168751171875,-0.0506253515625,0.007957060546875,0.0039785302734375,0.0,0.0,0.0,0.0,0.0,0.0,0.0,0.0,0.0,0.0,0.0,0.0,0.0,0.0,0.0,0.0,0.0,0.0,0.0,0.0,0.0,0.0,0.0,0.0,0.0,0.0
12.858309387,0.0,0.02068564229463732,-0.009239773060063072,0.5394306572431393,-0.5087381696821964,2.066137785471092,-2.0122511811480828,60.65145599784602,-70.17812278968833,0.0,0.0,0.0,0.0,0.0,0.0,0.0,0.0,0.0,0.0,0.0,0.0,0.0,0.0,0.0,0.0,-0.004218779296875,0.00843755859375,0.004218779296875,-0.037969013671875,0.00843755859375,0.0168751171875,0.007957060546875,0.007957060546875,0.0,0.0,0.0,0.0,0.0,0.0,0.0,0.0,0.0,0.0,0.0,0.0,0.0,0.0,0.0,0.0,0.0,0.0,0.0,0.0,0.0,0.0,0.0,0.0,0.0,0.0
12.868525473,0.0,0.02068564229463732,-0.009239773060063072,0.5394306572431393,-0.5087381696821964,2.066137785471092,-2.0122511811480828,60.65145599784602,-70.17812278968833,0.0,0.0,0.0,0.0,0.0,0.0,0.0,0.0,0.0,0.0,0.0,0.0,0.0,0.0,0.0,0.0,0.012656337890625,0.0168751171875,0.004218779296875,0.012656337890625,-0.0168751171875,0.02531267578125,0.0119355908203125,0.0039785302734375,0.0,0.0,0.0,0.0,0.0,0.0,0.0,0.0,0.0,0.0,0.0,0.0,0.0,0.0,0.0,0.0,0.0,0.0,0.0,0.0,0.0,0.0,0.0,0.0,0.0,0.0
12.878565813000002,0.0,0.02068564229463732,-0.009239773060063072,0.5394306572431393,-0.5087381696821964,2.066137785471092,-2.0122511811480828,60.65145599784602,-70.17812278968833,0.0,0.0,0.0,0.0,0.0,0.0,0.0,0.0,0.0,0.0,0.0,0.0,0.0,0.0,0.0,0.0,0.012656337890625,0.00843755859375,0.004218779296875,-0.033750234375,-0.0506253515625,-0.033750234375,-0.0278497119140625,0.0039785302734375,0.0,0.0,0.0,0.0,0.0,0.0,0.0,0.0,0.0,0.0,0.0,0.0,0.0,0.0,0.0,0.0,0.0,0.0,0.0,0.0,0.0,0.0,0.0,0.0,0.0,0.0
12.889010702,0.0,0.02068564229463732,-0.009239773060063072,0.5394306572431393,-0.5087381696821964,2.066137785471092,-2.0122511811480828,60.65145599784602,-70.17812278968833,0.0,0.0,0.0,0.0,0.0,0.0,-0.0017453292519943296,0.0,0.0,0.0,0.0,0.0,0.0,0.0,0.0,0.0,0.012656337890625,0.012656337890625,0.00843755859375,0.012656337890625,0.0506253515625,0.02531267578125,0.007957060546875,-0.01591412109375,0.0,0.0,0.0,0.0,0.0,0.0,0.0,0.0,0.0,0.0,0.0,0.0,0.0,0.0,0.0,0.0,0.0,0.0,0.0,0.0,0.0,0.0,0.0,0.0,0.0,0.0
12.898482297000001,0.0,0.02068564229463732,-0.009239773060063072,0.5394306572431393,-0.5087381696821964,2.066137785471092,-2.0122511811480828,60.65145599784602,-70.17812278968833,0.0,0.0,0.0,0.0,0.0,0.0,0.0,0.0,0.0,0.0,0.0,0.0,0.0,0.0,0.0,0.0,0.012656337890625,-0.004218779296875,0.004218779296875,0.021093896484375,0.0506253515625,0.0168751171875,0.007957060546875,-0.01591412109375,0.0,0.0,0.0,0.0,0.0,0.0,0.0,0.0,0.0,0.0,0.0,0.0,0.0,0.0,0.0,0.0,0.0,0.0,0.0,0.0,0.0,0.0,0.0,0.0,0.0,0.0
12.908381323,0.0,0.02068564229463732,-0.009239773060063072,0.5393259374880199,-0.5087381696821964,2.066137785471092,-2.0122511811480828,60.65135127809091,-70.17812278968833,0.0,0.0,-0.010471975511965978,0.0,0.0,0.0,0.0,0.0,0.0,0.0,0.0,0.0,0.0,0.0,0.0,0.0,0.012656337890625,-0.004218779296875,-0.004218779296875,0.012656337890625,-0.02531267578125,0.0168751171875,-0.0278497119140625,0.0039785302734375,0.0,0.0,0.0,0.0,0.0,0.0,0.0,0.0,0.0,0.0,0.0,0.0,0.0,0.0,0.0,0.0,0.0,0.0,0.0,0.0,0.0,0.0,0.0,0.0,0.0,0.0
12.918471615000001,0.0,0.02068564229463732,-0.009239773060063072,0.5392386710254202,-0.5087381696821964,2.066137785471092,-2.0122511811480828,60.65135127809091,-70.17812278968833,0.0,0.0,-0.013962634015954637,0.0,0.0,0.0,-0.017453292519943295,0.0,0.0,0.0,0.0,0.0,0.0,0.0,0.0,0.0,0.00843755859375,-0.004218779296875,-0.004218779296875,0.0168751171875,0.0506253515625,-0.0506253515625,0.007957060546875,0.0039785302734375,0.0,0.0,0.0,0.0,0.0,0.0,0.0,0.0,0.0,0.0,0.0,0.0,0.0,0.0,0.0,0.0,0.0,0.0,0.0,0.0,0.0,0.0,0.0,0.0,0.0,0.0
12.92849061,0.0,0.02068564229463732,-0.009239773060063072,0.5391339512703004,-0.5087381696821964,2.066137785471092,-2.0122511811480828,60.65135127809091,-70.17812278968833,0.0,0.0,-0.017453292519943295,0.0,0.0,0.0,0.0,0.0,0.0,0.0,0.0,0.0,0.0,0.0,0.0,0.0,-0.04218779296875,-0.004218779296875,0.0,0.012656337890625,0.0168751171875,0.02531267578125,0.0119355908203125,0.007957060546875,0.0,0.0,0.0,0.0,0.0,0.0,0.0,0.0,0.0,0.0,0.0,0.0,0.0,0.0,0.0,0.0,0.0,0.0,0.0,0.0,0.0,0.0,0.0,0.0,0.0,0.0
12.938369636000001,0.0,0.02068564229463732,-0.009239773060063072,0.5389419650525813,-0.5087381696821964,2.066137785471092,-2.0122511811480828,60.65126401162829,-70.1780180699332,0.0,0.0,-0.0017453292519943296,0.0,0.0,0.004363323129985824,0.0,0.0,0.0,0.0,0.0,0.0,0.0,0.0,0.0,0.0,0.012656337890625,0.0,0.0,0.012656337890625,0.04218779296875,0.0168751171875,0.007957060546875,-0.007957060546875,0.0,0.0,0.0,0.0,0.0,0.0,0.0,0.0,0.0,0.0,0.0,0.0,0.0,0.0,0.0,0.0,0.0,0.0,0.0,0.0,0.0,0.0,0.0,0.0,0.0,0.0
12.948491736000001,0.0,0.02068564229463732,-0.009239773060063072,0.5388546985899816,-0.5087381696821964,2.066137785471092,-2.0122511811480828,60.65126401162829,-70.17782608371547,0.0,0.0,-0.017453292519943295,0.0,0.0,0.0,-0.013962634015954637,0.017453292519943295,0.0,0.0,0.0,0.0,0.0,0.0,0.0,0.0,-0.046406572265625,-0.004218779296875,0.0,0.004218779296875,0.0168751171875,0.0168751171875,0.0039785302734375,0.0119355908203125,0.0,0.0,0.0,0.0,0.0,0.0,0.0,0.0,0.0,0.0,0.0,0.0,0.0,0.0,0.0,0.0,0.0,0.0,0.0,0.0,0.0,0.0,0.0,0.0,0.0,0.0
12.958381450000001,0.0,0.02068564229463732,-0.009239773060063072,0.5387674321273819,-0.5087381696821964,2.066137785471092,-2.0122511811480828,60.65126401162829,-70.17782608371547,0.0,0.0,-0.0017453292519943296,0.0,0.0,0.0,0.0,0.005235987755982989,0.0,0.0,0.0,0.0,0.0,0.0,0.0,0.0,0.02531267578125,-0.004218779296875,0.0,-0.037969013671875,-0.0168751171875,0.0168751171875,0.0119355908203125,0.007957060546875,0.0,0.0,0.0,0.0,0.0,0.0,0.0,0.0,0.0,0.0,0.0,0.0,0.0,0.0,0.0,0.0,0.0,0.0,0.0,0.0,0.0,0.0,0.0,0.0,0.0,0.0
12.968706721,0.0,0.02068564229463732,-0.009239773060063072,0.5386627123722625,-0.5087381696821964,2.066137785471092,-2.0122511811480828,60.651159291873164,-70.17773881725289,0.0,0.0,0.0,0.0,0.0,0.0,0.0,0.0,0.0,0.0,0.0,0.0,0.0,0.0,0.0,0.0,-0.046406572265625,0.0,0.0,0.012656337890625,0.0168751171875,0.033750234375,0.007957060546875,0.0119355908203125,0.0,0.0,0.0,0.0,0.0,0.0,0.0,0.0,0.0,0.0,0.0,0.0,0.0,0.0,0.0,0.0,0.0,0.0,0.0,0.0,0.0,0.0,0.0,0.0,0.0,0.0
12.978589843,0.0,0.02068564229463732,-0.009239773060063072,0.5386627123722625,-0.5087381696821964,2.066137785471092,-2.0122075479167836,60.651159291873164,-70.17773881725289,0.0,0.0,0.0,0.0,0.0,0.0,0.0,0.0,0.0,0.0,0.0,0.0,0.0,0.0,0.0,0.0,-0.046406572265625,-0.004218779296875,0.0,0.004218779296875,-0.00843755859375,0.02531267578125,-0.0039785302734375,-0.01591412109375,0.0,0.0,0.0,0.0,0.0,0.0,0.0,0.0,0.0,0.0,0.0,0.0,0.0,0.0,0.0,0.0,0.0,0.0,0.0,0.0,0.0,0.0,0.0,0.0,0.0,0.0
12.989161966000001,0.0,0.02068564229463732,-0.009239773060063072,0.5386627123722625,-0.5087381696821964,2.066137785471092,-2.0122075479167836,60.651159291873164,-70.17773881725289,0.0,0.0,0.0,0.0,0.0,0.0,0.0,-0.006981317007977318,0.0,0.0,0.0,0.0,0.0,0.0,0.0,0.0,-0.04218779296875,-0.004218779296875,0.0,0.004218779296875,-0.04218779296875,0.02531267578125,0.007957060546875,0.007957060546875,0.0,0.0,0.0,0.0,0.0,0.0,0.0,0.0,0.0,0.0,0.0,0.0,0.0,0.0,0.0,0.0,0.0,0.0,0.0,0.0,0.0,0.0,0.0,0.0,0.0,0.0
12.998853532,0.0,0.02068564229463732,-0.009239773060063072,0.5386627123722625,-0.5087381696821964,2.066137785471092,-2.0122075479167836,60.651159291873164,-70.17773881725289,0.0,0.0,0.0,0.0,0.0,0.0,0.0,-0.010471975511965978,0.0,0.0,0.0,0.0,0.0,0.0,0.0,0.0,0.021093896484375,-0.004218779296875,0.0,-0.037969013671875,0.0168751171875,-0.033750234375,0.007957060546875,0.0119355908203125,0.0,0.0,0.0,0.0,0.0,0.0,0.0,0.0,0.0,0.0,0.0,0.0,0.0,0.0,0.0,0.0,0.0,0.0,0.0,0.0,0.0,0.0,0.0,0.0,0.0,0.0
13.008645004000002,0.0,0.02068564229463732,-0.009239773060063072,0.5386627123722625,-0.5087381696821964,2.066137785471092,-2.0122075479167836,60.651159291873164,-70.17782608371547,0.0,0.0,0.0,0.0,0.0,0.0,0.0,0.0,0.0,0.0,0.0,0.0,0.0,0.0,0.0,0.0,0.0168751171875,-0.004218779296875,-0.004218779296875,-0.037969013671875,0.0,-0.04218779296875,0.0119355908203125,0.0119355908203125,0.0,0.0,0.0,0.0,0.0,0.0,0.0,0.0,0.0,0.0,0.0,0.0,0.0,0.0,0.0,0.0,0.0,0.0,0.0,0.0,0.0,0.0,0.0,0.0,0.0,0.0
13.01844374,0.0,0.02068564229463732,-0.009239773060063072,0.5386627123722625,-0.5087381696821964,2.066137785471092,-2.0122075479167836,60.651159291873164,-70.17782608371547,0.0,0.0,0.0,0.0,0.0,0.0,0.0,0.0,0.0,0.0,0.0,0.0,0.0,0.0,0.0,0.0,0.02531267578125,0.0,0.0,-0.033750234375,0.0506253515625,-0.04218779296875,0.007957060546875,0.0,0.0,0.0,0.0,0.0,0.0,0.0,0.0,0.0,0.0,0.0,0.0,0.0,0.0,0.0,0.0,0.0,0.0,0.0,0.0,0.0,0.0,0.0,0.0,0.0,0.0,0.0
13.028451119000001,0.0,0.02068564229463732,-0.009239773060063072,0.5386627123722625,-0.5087381696821964,2.066137785471092,-2.0122075479167836,60.651159291873164,-70.17782608371547,0.0,0.0,0.008726646259971648,0.0,0.0,0.0,0.0,0.0,0.0,0.0,0.0,0.0,0.0,0.0,0.0,0.0,0.0168751171875,-0.004218779296875,0.0,-0.046406572265625,0.07593802734375,0.0,0.0119355908203125,0.0039785302734375,0.0,0.0,0.0,0.0,0.0,0.0,0.0,0.0,0.0,0.0,0.0,0.0,0.0,0.0,0.0,0.0,0.0,0.0,0.0,0.0,0.0,0.0,0.0,0.0,0.0,0.0
13.038424418,0.0,0.02068564229463732,-0.009239773060063072,0.5386627123722625,-0.5087381696821964,2.066137785471092,-2.0122075479167836,60.65126401162829,-70.17782608371547,0.0,0.0,0.0,0.0,0.0,0.0,0.0,0.0,0.0,0.0,0.0,0.0,0.0,0.0,0.0,0.0,0.021093896484375,0.004218779296875,0.0,0.004218779296875,0.0,-0.00843755859375,0.0119355908203125,-0.01591412109375,0.0,0.0,0.0,0.0,0.0,0.0,0.0,0.0,0.0,0.0,0.0,0.0,0.0,0.0,0.0,0.0,0.0,0.0,0.0,0.0,0.0,0.0,0.0,0.0,0.0,0.0
13.048596151000002,0.0,0.02068564229463732,-0.009239773060063072,0.5386627123722625,-0.5087381696821964,2.066137785471092,-2.0122075479167836,60.65126401162829,-70.17793080347059,0.0,0.0,0.0,0.0,0.0,0.0,0.0,-0.017453292519943295,0.0,0.0,0.0,0.0,0.0,0.0,0.0,0.0,0.02531267578125,-0.004218779296875,0.0,0.00843755859375,-0.033750234375,0.0168751171875,0.007957060546875,-0.0039785302734375,0.0,0.0,0.0,0.0,0.0,0.0,0.0,0.0,0.0,0.0,0.0,0.0,0.0,0.0,0.0,0.0,0.0,0.0,0.0,0.0,0.0,0.0,0.0,0.0,0.0,0.0
13.058570218000002,0.0,0.02068564229463732,-0.009239773060063072,0.5386627123722625,-0.5087381696821964,2.066137785471092,-2.0122075479167836,60.65126401162829,-70.17793080347059,0.0,0.0,0.0,0.0,-0.007853981633974483,0.0,0.0,0.0,0.0,0.0,0.0,0.0,0.0,0.0,0.0,0.0,0.012656337890625,-0.004218779296875,0.00843755859375,0.021093896484375,-0.0168751171875,-0.00843755859375,0.0039785302734375,0.0039785302734375,0.0,0.0,0.0,0.0,0.0,0.0,0.0,0.0,0.0,0.0,0.0,0.0,0.0,0.0,0.0,0.0,0.0,0.0,0.0,0.0,0.0,0.0,0.0,0.0,0.0,0.0
13.068529244,0.0,0.02068564229463732,-0.009239773060063072,0.5386627123722625,-0.5087381696821964,2.066137785471092,-2.0122075479167836,60.65126401162829,-70.1780180699332,0.0,0.0,0.0,0.0,0.0,0.0,0.0,0.0,0.0,0.0,0.0,0.0,0.0,0.0,0.0,0.0,0.021093896484375,-0.004218779296875,0.0,0.012656337890625,0.02531267578125,0.00843755859375,0.007957060546875,-0.0119355908203125,0.0,0.0,0.0,0.0,0.0,0.0,0.0,0.0,0.0,0.0,0.0,0.0,0.0,0.0,0.0,0.0,0.0,0.0,0.0,0.0,0.0,0.0,0.0,0.0,0.0,0.0
13.078605904000002,0.0,0.02068564229463732,-0.009239773060063072,0.5387674321273819,-0.5087381696821964,2.066094152239793,-2.0122075479167836,60.65126401162829,-70.1780180699332,0.0,0.0,0.0,0.0,0.0,0.0,0.0,0.0,0.0,0.0,0.0,0.0,0.0,0.0,0.0,0.0,0.012656337890625,0.0,0.00843755859375,-0.037969013671875,0.06750046875,-0.04218779296875,0.007957060546875,0.007957060546875,0.0,0.0,0.0,0.0,0.0,0.0,0.0,0.0,0.0,0.0,0.0,0.0,0.0,0.0,0.0,0.0,0.0,0.0,0.0,0.0,0.0,0.0,0.0,0.0,0.0,0.0
13.088778022000001,0.0,0.02068564229463732,-0.009239773060063072,0.5387674321273819,-0.5087381696821964,2.066094152239793,-2.0122075479167836,60.65126401162829,-70.1780180699332,0.0,0.0,0.0,0.0,0.0,0.0,0.0,0.0,0.0,0.0,0.0,0.0,0.0,0.0,0.0,0.0,0.0168751171875,0.00843755859375,0.00843755859375,0.012656337890625,-0.033750234375,0.0168751171875,0.0119355908203125,-0.0119355908203125,0.0,0.0,0.0,0.0,0.0,0.0,0.0,0.0,0.0,0.0,0.0,0.0,0.0,0.0,0.0,0.0,0.0,0.0,0.0,0.0,0.0,0.0,0.0,0.0,0.0,0.0
13.098516661000001,0.0,0.02068564229463732,-0.009239773060063072,0.5387674321273819,-0.5087381696821964,2.066094152239793,-2.0122075479167836,60.65126401162829,-70.1780180699332,0.0,0.0,0.003490658503988659,0.0,0.0,0.0,0.0,0.0,0.0,0.0,0.0,0.0,0.0,0.0,0.0,0.0,0.012656337890625,0.00843755859375,0.012656337890625,0.021093896484375,-0.04218779296875,-0.04218779296875,-0.0278497119140625,0.0,0.0,0.0,0.0,0.0,0.0,0.0,0.0,0.0,0.0,0.0,0.0,0.0,0.0,0.0,0.0,0.0,0.0,0.0,0.0,0.0,0.0,0.0,0.0,0.0,0.0,0.0
13.108370374000001,0.0,0.02068564229463732,-0.009239773060063072,0.5387674321273819,-0.5087381696821964,2.066094152239793,-2.0122075479167836,60.65126401162829,-70.1780180699332,0.0,0.0,0.0,0.0,0.0,0.0,0.0,0.0,0.0,0.0,0.0,0.0,0.0,0.0,0.0,0.0,0.0168751171875,-0.004218779296875,0.0,0.012656337890625,-0.02531267578125,0.0168751171875,-0.0278497119140625,0.0039785302734375,0.0,0.0,0.0,0.0,0.0,0.0,0.0,0.0,0.0,0.0,0.0,0.0,0.0,0.0,0.0,0.0,0.0,0.0,0.0,0.0,0.0,0.0,0.0,0.0,0.0,0.0
13.118370361,0.0,0.02068564229463732,-0.009239773060063072,0.5387674321273819,-0.5087381696821964,2.066094152239793,-2.0122075479167836,60.651159291873164,-70.1780180699332,0.0,0.0,0.0,0.0,0.0,0.0,0.0,0.0,0.0,0.0,0.0,0.0,0.0,0.0,0.0,0.0,0.0168751171875,0.00843755859375,0.004218779296875,-0.037969013671875,-0.04218779296875,0.0,0.007957060546875,-0.0119355908203125,0.0,0.0,0.0,0.0,0.0,0.0,0.0,0.0,0.0,0.0,0.0,0.0,0.0,0.0,0.0,0.0,0.0,0.0,0.0,0.0,0.0,0.0,0.0,0.0,0.0,0.0
13.128464301000001,0.0,0.02068564229463732,-0.009239773060063072,0.5387674321273819,-0.5087381696821964,2.066094152239793,-2.0122075479167836,60.651159291873164,-70.1780180699332,0.0,0.0,0.0,0.0,0.0,0.0,0.0,0.0,0.0,0.0,0.0,0.0,0.0,0.0,0.0,0.0,0.012656337890625,0.00843755859375,0.00843755859375,-0.033750234375,0.05906291015625,0.00843755859375,0.007957060546875,-0.0039785302734375,0.0,0.0,0.0,0.0,0.0,0.0,0.0,0.0,0.0,0.0,0.0,0.0,0.0,0.0,0.0,0.0,0.0,0.0,0.0,0.0,0.0,0.0,0.0,0.0,0.0,0.0
13.138520993,0.0,0.02068564229463732,-0.009239773060063072,0.5387674321273819,-0.5087381696821964,2.066094152239793,-2.0122075479167836,60.651159291873164,-70.1780180699332,0.0,0.0,0.0,0.0,0.0,0.0,0.0,0.0,0.0,0.0,0.0,0.0,0.0,0.0,0.0,0.0,0.00843755859375,-0.004218779296875,0.0,-0.033750234375,0.0506253515625,-0.0506253515625,-0.0318282421875,0.007957060546875,0.0,0.0,0.0,0.0,0.0,0.0,0.0,0.0,0.0,0.0,0.0,0.0,0.0,0.0,0.0,0.0,0.0,0.0,0.0,0.0,0.0,0.0,0.0,0.0,0.0,0.0
13.149296223,0.0,0.02068564229463732,-0.009239773060063072,0.5387674321273819,-0.5087381696821964,2.066094152239793,-2.0122075479167836,60.65107202541059,-70.1780180699332,0.0,0.0,0.0,0.0,0.0,0.0,0.0,0.0,0.0,0.0,0.0,0.0,0.0,0.0,0.0,0.0,0.012656337890625,0.00843755859375,0.00843755859375,0.021093896484375,0.0506253515625,0.0168751171875,0.007957060546875,-0.01591412109375,0.0,0.0,0.0,0.0,0.0,0.0,0.0,0.0,0.0,0.0,0.0,0.0,0.0,0.0,0.0,0.0,0.0,0.0,0.0,0.0,0.0,0.0,0.0,0.0,0.0,0.0
13.158451173000001,0.0,0.02068564229463732,-0.009239773060063072,0.5387674321273819,-0.5087381696821964,2.066094152239793,-2.0122075479167836,60.65107202541059,-70.1780180699332,0.0,0.0,0.0,0.0,0.0,0.0,0.0,0.0,0.0,0.0,0.0,0.0,0.0,0.0,0.0,0.0,0.012656337890625,0.00843755859375,-0.004218779296875,0.012656337890625,-0.033750234375,0.02531267578125,0.0039785302734375,0.0039785302734375,0.0,0.0,0.0,0.0,0.0,0.0,0.0,0.0,0.0,0.0,0.0,0.0,0.0,0.0,0.0,0.0,0.0,0.0,0.0,0.0,0.0,0.0,0.0,0.0,0.0,0.0
13.168393656000001,0.0,0.02068564229463732,-0.009239773060063072,0.5387674321273819,-0.5087381696821964,2.066094152239793,-2.0122075479167836,60.65107202541059,-70.1780180699332,0.0,0.0,0.0,0.0,0.0,0.0,-0.017453292519943295,0.0,0.0,0.0,0.0,0.0,0.0,0.0,0.0,0.0,0.00843755859375,0.00843755859375,0.004218779296875,0.004218779296875,0.05906291015625,0.0168751171875,0.0119355908203125,-0.0119355908203125,0.0,0.0,0.0,0.0,0.0,0.0,0.0,0.0,0.0,0.0,0.0,0.0,0.0,0.0,0.0,0.0,0.0,0.0,0.0,0.0,0.0,0.0,0.0,0.0,0.0,0.0
13.17863915,0.0,0.02068564229463732,-0.009239773060063072,0.5387674321273819,-0.5087381696821964,2.066094152239793,-2.0122511811480828,60.65096730565546,-70.1780180699332,0.0,0.0,0.0,0.0,0.0,0.0,0.0,0.0,0.0,0.0,0.0,0.0,0.0,0.0,0.0,0.0,0.004218779296875,0.012656337890625,0.00843755859375,0.021093896484375,0.00843755859375,0.0,0.0119355908203125,0.0039785302734375,0.0,0.0,0.0,0.0,0.0,0.0,0.0,0.0,0.0,0.0,0.0,0.0,0.0,0.0,0.0,0.0,0.0,0.0,0.0,0.0,0.0,0.0,0.0,0.0,0.0,0.0
13.188601569000001,0.0,0.02068564229463732,-0.009239773060063072,0.5387674321273819,-0.5087381696821964,2.066094152239793,-2.0122511811480828,60.65096730565546,-70.1780180699332,0.0,0.0,0.0,0.0,0.0,0.0,0.0,0.0,0.0,0.0,0.0,0.0,0.0,0.0,0.0,0.0,0.00843755859375,0.00843755859375,0.0,0.021093896484375,-0.033750234375,0.02531267578125,-0.0318282421875,0.007957060546875,0.0,0.0,0.0,0.0,0.0,0.0,0.0,0.0,0.0,0.0,0.0,0.0,0.0,0.0,0.0,0.0,0.0,0.0,0.0,0.0,0.0,0.0,0.0,0.0,0.0,0.0
13.198343088000001,0.0,0.02068564229463732,-0.009239773060063072,0.5387674321273819,-0.5086509032195972,2.066094152239793,-2.0122511811480828,60.65096730565546,-70.1780180699332,0.0,0.0,0.0,0.0,0.0,0.0,0.0,0.0,0.0,0.0,0.0,0.0,0.0,0.0,0.0,0.0,0.004218779296875,-0.004218779296875,0.0,0.0,-0.0168751171875,0.02531267578125,-0.0278497119140625,0.0119355908203125,0.0,0.0,0.0,0.0,0.0,0.0,0.0,0.0,0.0,0.0,0.0,0.0,0.0,0.0,0.0,0.0,0.0,0.0,0.0,0.0,0.0,0.0,0.0,0.0,0.0,0.0
13.208305986000001,0.0,0.02068564229463732,-0.009239773060063072,0.5387674321273819,-0.5086509032195972,2.066094152239793,-2.0122511811480828,60.65096730565546,-70.17793080347059,0.0,0.0,0.0,0.008726646259971648,-0.0008726646259971648,0.0,0.0,0.0,0.0,0.0,0.0,0.0,0.0,0.0,0.0,0.0,0.00843755859375,0.00843755859375,-0.004218779296875,0.012656337890625,0.00843755859375,0.033750234375,-0.0278497119140625,0.0119355908203125,0.0,0.0,0.0,0.0,0.0,0.0,0.0,0.0,0.0,0.0,0.0,0.0,0.0,0.0,0.0,0.0,0.0,0.0,0.0,0.0,0.0,0.0,0.0,0.0,0.0,0.0
13.218366038000001,0.0,0.02068564229463732,-0.009239773060063072,0.5387674321273819,-0.5086509032195972,2.066094152239793,-2.0122511811480828,60.65096730565546,-70.17793080347059,0.0,0.0,0.0,0.0,0.0,0.0,-0.008726646259971648,0.017453292519943295,0.0,0.0,0.0,0.0,0.0,0.0,0.0,0.0,0.004218779296875,-0.004218779296875,0.004218779296875,0.021093896484375,0.0506253515625,-0.033750234375,0.0039785302734375,0.0119355908203125,0.0,0.0,0.0,0.0,0.0,0.0,0.0,0.0,0.0,0.0,0.0,0.0,0.0,0.0,0.0,0.0,0.0,0.0,0.0,0.0,0.0,0.0,0.0,0.0,0.0,0.0
13.228555788000001,0.0,0.02068564229463732,-0.009239773060063072,0.5387674321273819,-0.5086509032195972,2.066094152239793,-2.0122511811480828,60.65096730565546,-70.17782608371547,0.0,0.0,0.0,0.0,0.0,0.0,-0.008726646259971648,0.0,0.0,0.0,0.0,0.0,0.0,0.0,0.0,0.0,0.004218779296875,-0.004218779296875,0.0,0.00843755859375,-0.04218779296875,0.0,0.0119355908203125,0.0039785302734375,0.0,0.0,0.0,0.0,0.0,0.0,0.0,0.0,0.0,0.0,0.0,0.0,0.0,0.0,0.0,0.0,0.0,0.0,0.0,0.0,0.0,0.0,0.0,0.0,0.0,0.0
13.238468509,0.0,0.02068564229463732,-0.009239773060063072,0.5387674321273819,-0.5086509032195972,2.066094152239793,-2.0122511811480828,60.65096730565546,-70.17773881725289,0.0,0.0,0.0,0.0,0.0,0.0,-0.0017453292519943296,0.0,0.0,0.0,0.0,0.0,0.0,0.0,0.0,0.0,0.004218779296875,-0.004218779296875,-0.004218779296875,0.021093896484375,-0.04218779296875,-0.04218779296875,0.0119355908203125,0.007957060546875,0.0,0.0,0.0,0.0,0.0,0.0,0.0,0.0,0.0,0.0,0.0,0.0,0.0,0.0,0.0,0.0,0.0,0.0,0.0,0.0,0.0,0.0,0.0,0.0,0.0,0.0
13.249447327,0.0,0.02068564229463732,-0.009239773060063072,0.5387674321273819,-0.5086509032195972,2.066094152239793,-2.0122511811480828,60.65096730565546,-70.17773881725289,0.0,0.0,0.0,0.0,0.0,0.0,0.0,0.012217304763960306,0.0,0.0,0.0,0.0,0.0,0.0,0.0,0.0,-0.046406572265625,-0.004218779296875,-0.004218779296875,0.004218779296875,-0.00843755859375,0.0168751171875,-0.023871181640625,0.0,0.0,0.0,0.0,0.0,0.0,0.0,0.0,0.0,0.0,0.0,0.0,0.0,0.0,0.0,0.0,0.0,0.0,0.0,0.0,0.0,0.0,0.0,0.0,0.0,0.0,0.0
13.25878452,0.0,0.02068564229463732,-0.009239773060063072,0.5387674321273819,-0.5086509032195972,2.066094152239793,-2.0122511811480828,60.65096730565546,-70.17773881725289,0.0,0.0,0.0,0.0,0.0,0.0,0.0,0.0,0.0,0.0,0.0,0.0,0.0,0.0,0.0,0.0,-0.04218779296875,-0.004218779296875,0.0,0.00843755859375,-0.00843755859375,0.00843755859375,0.0119355908203125,0.0,0.0,0.0,0.0,0.0,0.0,0.0,0.0,0.0,0.0,0.0,0.0,0.0,0.0,0.0,0.0,0.0,0.0,0.0,0.0,0.0,0.0,0.0,0.0,0.0,0.0,0.0
13.268629272,0.0,0.02068564229463732,-0.009239773060063072,0.5387674321273819,-0.5086509032195972,2.066094152239793,-2.0122511811480828,60.65096730565546,-70.17763409749776,0.0,0.0,0.0,0.0,0.0,0.0,0.0,0.0,0.0,0.0,0.0,0.0,0.0,0.0,0.0,0.0,-0.04218779296875,-0.004218779296875,0.0,0.004218779296875,0.00843755859375,0.0,0.0039785302734375,0.0,0.0,0.0,0.0,0.0,0.0,0.0,0.0,0.0,0.0,0.0,0.0,0.0,0.0,0.0,0.0,0.0,0.0,0.0,0.0,0.0,0.0,0.0,0.0,0.0,0.0,0.0
13.279029457,0.0,0.02068564229463732,-0.009239773060063072,0.5387674321273819,-0.5086509032195972,2.066094152239793,-2.0122511811480828,60.65096730565546,-70.17763409749776,0.0,0.0,0.0,0.0,0.0,0.0,0.0,0.0,0.0,0.0,0.0,0.0,0.0,0.0,0.0,0.0,-0.029531455078125,-0.004218779296875,0.0,0.004218779296875,-0.033750234375,0.0168751171875,0.0119355908203125,-0.01591412109375,0.0,0.0,0.0,0.0,0.0,0.0,0.0,0.0,0.0,0.0,0.0,0.0,0.0,0.0,0.0,0.0,0.0,0.0,0.0,0.0,0.0,0.0,0.0,0.0,0.0,0.0
13.288703423000001,0.0,0.02068564229463732,-0.009239773060063072,0.5386627123722625,-0.5086509032195972,2.066094152239793,-2.0122511811480828,60.65096730565546,-70.17763409749776,0.0,0.0,0.0,0.008726646259971648,0.0,0.0,0.0,0.0,0.0,0.0,0.0,0.0,0.0,0.0,0.0,0.0,0.00843755859375,-0.004218779296875,-0.004218779296875,0.012656337890625,-0.04218779296875,0.0,0.0119355908203125,0.0039785302734375,0.0,0.0,0.0,0.0,0.0,0.0,0.0,0.0,0.0,0.0,0.0,0.0,0.0,0.0,0.0,0.0,0.0,0.0,0.0,0.0,0.0,0.0,0.0,0.0,0.0,0.0
13.298591121000001,0.0,0.02068564229463732,-0.009239773060063072,0.5386627123722625,-0.5085461834644764,2.066094152239793,-2.0122511811480828,60.65096730565546,-70.17773881725289,0.0,0.0,0.0,0.0,0.0,0.0,0.0,0.0,0.0,0.0,0.0,0.0,0.0,0.0,0.0,0.0,0.00843755859375,0.00843755859375,0.00843755859375,0.021093896484375,0.05906291015625,0.0168751171875,0.0039785302734375,0.007957060546875,0.0,0.0,0.0,0.0,0.0,0.0,0.0,0.0,0.0,0.0,0.0,0.0,0.0,0.0,0.0,0.0,0.0,0.0,0.0,0.0,0.0,0.0,0.0,0.0,0.0,0.0
13.308698821,0.0,0.02068564229463732,-0.009239773060063072,0.5386627123722625,-0.5085461834644764,2.066094152239793,-2.0122511811480828,60.65096730565546,-70.17773881725289,0.0,0.0,0.0,0.008726646259971648,0.0,0.0,0.0,0.0,0.0,0.0,0.0,0.0,0.0,0.0,0.0,0.0,0.00843755859375,-0.004218779296875,0.004218779296875,-0.046406572265625,-0.0168751171875,0.00843755859375,0.0119355908203125,-0.0119355908203125,0.0,0.0,0.0,0.0,0.0,0.0,0.0,0.0,0.0,0.0,0.0,0.0,0.0,0.0,0.0,0.0,0.0,0.0,0.0,0.0,0.0,0.0,0.0,0.0,0.0,0.0
13.318512085,0.0,0.02068564229463732,-0.009239773060063072,0.5386627123722625,-0.5085461834644764,2.066094152239793,-2.0122511811480828,60.65096730565546,-70.17773881725289,0.0,0.0,0.0,0.0,0.0,0.0,0.0,0.0,0.0,0.0,0.0,0.0,0.0,0.0,0.0,0.0,0.00843755859375,0.0,0.00843755859375,0.012656337890625,0.0,0.0168751171875,0.0119355908203125,0.007957060546875,0.0,0.0,0.0,0.0,0.0,0.0,0.0,0.0,0.0,0.0,0.0,0.0,0.0,0.0,0.0,0.0,0.0,0.0,0.0,0.0,0.0,0.0,0.0,0.0,0.0,0.0
13.328718347,0.0,0.02068564229463732,-0.009239773060063072,0.5386627123722625,-0.5084589170018772,2.066094152239793,-2.0122511811480828,60.65096730565546,-70.17773881725289,0.0,0.0,0.0,0.0,0.0,0.0,0.0,0.0,0.0,0.0,0.0,0.0,0.0,0.0,0.0,0.0,0.012656337890625,-0.004218779296875,0.00843755859375,-0.037969013671875,-0.033750234375,-0.04218779296875,0.0119355908203125,0.007957060546875,0.0,0.0,0.0,0.0,0.0,0.0,0.0,0.0,0.0,0.0,0.0,0.0,0.0,0.0,0.0,0.0,0.0,0.0,0.0,0.0,0.0,0.0,0.0,0.0,0.0,0.0
13.338643773000001,0.0,0.02068564229463732,-0.009239773060063072,0.5386627123722625,-0.5084589170018772,2.066094152239793,-2.0122511811480828,60.65096730565546,-70.17773881725289,0.0,0.0,0.0,0.008726646259971648,0.0,0.0,0.0,0.0,0.0,0.0,0.0,0.0,0.0,0.0,0.0,0.0,0.004218779296875,0.012656337890625,0.012656337890625,0.029531455078125,-0.033750234375,0.0168751171875,0.0119355908203125,0.007957060546875,0.0,0.0,0.0,0.0,0.0,0.0,0.0,0.0,0.0,0.0,0.0,0.0,0.0,0.0,0.0,0.0,0.0,0.0,0.0,0.0,0.0,0.0,0.0,0.0,0.0,0.0
13.348472430000001,0.0,0.02068564229463732,-0.009239773060063072,0.5386627123722625,-0.5083541972467573,2.066094152239793,-2.0122511811480828,60.65088003919286,-70.17763409749776,0.0,0.0,0.0,0.0,0.0,0.0,0.0,0.0,0.0,0.0,0.0,0.0,0.0,0.0,0.0,0.0,0.0168751171875,0.012656337890625,0.00843755859375,0.021093896484375,-0.04218779296875,0.02531267578125,0.0119355908203125,-0.01591412109375,0.0,0.0,0.0,0.0,0.0,0.0,0.0,0.0,0.0,0.0,0.0,0.0,0.0,0.0,0.0,0.0,0.0,0.0,0.0,0.0,0.0,0.0,0.0,0.0,0.0,0.0
13.358480961000001,0.0,0.02068564229463732,-0.009239773060063072,0.5386627123722625,-0.5082669307841581,2.066094152239793,-2.0122511811480828,60.65088003919286,-70.17763409749776,0.0,0.0,0.0,0.012217304763960306,0.0,0.0,-0.013962634015954637,0.008726646259971648,0.0,0.0,0.0,0.0,0.0,0.0,0.0,0.0,0.00843755859375,0.00843755859375,0.00843755859375,-0.037969013671875,-0.04218779296875,-0.033750234375,0.0119355908203125,0.007957060546875,0.0,0.0,0.0,0.0,0.0,0.0,0.0,0.0,0.0,0.0,0.0,0.0,0.0,0.0,0.0,0.0,0.0,0.0,0.0,0.0,0.0,0.0,0.0,0.0,0.0,0.0
13.368490004000002,0.0,0.02068564229463732,-0.009239773060063072,0.5386627123722625,-0.5081622110290391,2.066094152239793,-2.0122511811480828,60.65077531943772,-70.17754683103514,0.0,0.0,0.0,0.003490658503988659,0.0,0.0,0.0,0.0,0.0,0.0,0.0,0.0,0.0,0.0,0.0,0.0,0.012656337890625,0.00843755859375,0.00843755859375,0.0168751171875,-0.04218779296875,-0.0506253515625,0.0,0.0,0.0,0.0,0.0,0.0,0.0,0.0,0.0,0.0,0.0,0.0,0.0,0.0,0.0,0.0,0.0,0.0,0.0,0.0,0.0,0.0,0.0,0.0,0.0,0.0,0.0,0.0
13.378787947000001,0.0,0.02068564229463732,-0.009239773060063072,0.5386627123722625,-0.5081622110290391,2.066094152239793,-2.0122511811480828,60.65077531943772,-70.17754683103514,0.0,0.0,0.0,0.0,0.0,0.0,-0.017453292519943295,0.0,0.0,0.0,0.0,0.0,0.0,0.0,0.0,0.0,0.012656337890625,0.00843755859375,0.00843755859375,0.012656337890625,-0.0506253515625,0.0168751171875,0.0119355908203125,0.0119355908203125,0.0,0.0,0.0,0.0,0.0,0.0,0.0,0.0,0.0,0.0,0.0,0.0,0.0,0.0,0.0,0.0,0.0,0.0,0.0,0.0,0.0,0.0,0.0,0.0,0.0,0.0
13.388581531000002,0.0,0.02068564229463732,-0.009239773060063072,0.5387674321273819,-0.5081622110290391,2.066094152239793,-2.0122511811480828,60.65077531943772,-70.17744211128004,0.0,0.0,0.0,0.0,0.0,0.0,0.0,0.005235987755982989,0.0,0.0,0.0,0.0,0.0,0.0,0.0,0.0,0.0,0.00843755859375,0.00843755859375,0.021093896484375,-0.033750234375,-0.033750234375,0.0119355908203125,0.0,0.0,0.0,0.0,0.0,0.0,0.0,0.0,0.0,0.0,0.0,0.0,0.0,0.0,0.0,0.0,0.0,0.0,0.0,0.0,0.0,0.0,0.0,0.0,0.0,0.0,0.0
13.398343082,0.0,0.02068564229463732,-0.009239773060063072,0.5387674321273819,-0.508074944566439,2.066094152239793,-2.0122511811480828,60.65077531943772,-70.17735484481744,0.0,0.0,0.0,0.006981317007977318,0.0,0.0,0.0,0.008726646259971648,0.0,0.0,0.0,0.0,0.0,0.0,0.0,0.0,0.012656337890625,-0.004218779296875,-0.004218779296875,0.004218779296875,0.0168751171875,0.00843755859375,0.0039785302734375,0.0119355908203125,0.0,0.0,0.0,0.0,0.0,0.0,0.0,0.0,0.0,0.0,0.0,0.0,0.0,0.0,0.0,0.0,0.0,0.0,0.0,0.0,0.0,0.0,0.0,0.0,0.0,0.0
13.408395646,0.0,0.02068564229463732,-0.009239773060063072,0.5388546985899816,-0.508074944566439,2.066094152239793,-2.0122511811480828,60.65077531943772,-70.17725012506232,0.0,0.0,0.017453292519943295,0.0,0.0,0.0,0.0,0.0,0.0,0.0,0.0,0.0,0.0,0.0,0.0,0.0,0.012656337890625,0.012656337890625,0.0,-0.037969013671875,0.00843755859375,-0.033750234375,-0.0278497119140625,0.0119355908203125,0.0,0.0,0.0,0.0,0.0,0.0,0.0,0.0,0.0,0.0,0.0,0.0,0.0,0.0,0.0,0.0,0.0,0.0,0.0,0.0,0.0,0.0,0.0,0.0,0.0,0.0
13.418358353,0.0,0.02068564229463732,-0.009239773060063072,0.5388546985899816,-0.508074944566439,2.066094152239793,-2.0122511811480828,60.65077531943772,-70.17725012506232,0.0,0.0,0.0,0.0,-0.004363323129985824,0.0,0.0,0.0,0.0,0.0,0.0,0.0,0.0,0.0,0.0,0.0,0.004218779296875,-0.004218779296875,0.0,-0.037969013671875,-0.02531267578125,-0.033750234375,0.0119355908203125,0.0039785302734375,0.0,0.0,0.0,0.0,0.0,0.0,0.0,0.0,0.0,0.0,0.0,0.0,0.0,0.0,0.0,0.0,0.0,0.0,0.0,0.0,0.0,0.0,0.0,0.0,0.0,0.0
13.428378436000001,0.0,0.02068564229463732,-0.009239773060063072,0.5389419650525813,-0.508074944566439,2.066094152239793,-2.0122511811480828,60.65077531943772,-70.17725012506232,0.0,0.0,0.0,0.0,0.0,0.0,0.0,0.0,0.0,0.0,0.0,0.0,0.0,0.0,0.0,0.0,0.00843755859375,-0.004218779296875,0.0,-0.037969013671875,0.00843755859375,0.00843755859375,0.0119355908203125,0.0039785302734375,0.0,0.0,0.0,0.0,0.0,0.0,0.0,0.0,0.0,0.0,0.0,0.0,0.0,0.0,0.0,0.0,0.0,0.0,0.0,0.0,0.0,0.0,0.0,0.0,0.0,0.0
13.438401495,0.0,0.02068564229463732,-0.009239773060063072,0.5390466848077007,-0.508074944566439,2.066041792362232,-2.0122511811480828,60.65077531943772,-70.17725012506232,0.0,0.0,0.0,0.0,0.0,0.0,0.0,0.0,0.0,0.0,0.0,0.0,0.0,0.0,0.0,0.0,0.012656337890625,0.012656337890625,0.0,-0.033750234375,-0.0168751171875,-0.04218779296875,0.0119355908203125,0.0,0.0,0.0,0.0,0.0,0.0,0.0,0.0,0.0,0.0,0.0,0.0,0.0,0.0,0.0,0.0,0.0,0.0,0.0,0.0,0.0,0.0,0.0,0.0,0.0,0.0,0.0
13.448502412000002,0.0,0.02068564229463732,-0.009239773060063072,0.5390466848077007,-0.508074944566439,2.066041792362232,-2.0122511811480828,60.65077531943772,-70.17735484481744,0.0,0.0,0.0,0.0,0.0,0.0,0.0,0.0,0.0,0.0,0.0,0.0,0.0,0.0,0.0,0.0,0.00843755859375,0.00843755859375,0.00843755859375,0.021093896484375,0.0506253515625,-0.033750234375,0.0,0.0,0.0,0.0,0.0,0.0,0.0,0.0,0.0,0.0,0.0,0.0,0.0,0.0,0.0,0.0,0.0,0.0,0.0,0.0,0.0,0.0,0.0,0.0,0.0,0.0,0.0,0.0
13.458371709000001,0.0,0.02068564229463732,-0.009239773060063072,0.5391339512703004,-0.508074944566439,2.066041792362232,-2.0122511811480828,60.65077531943772,-70.17735484481744,0.0,0.0,0.0017453292519943296,0.0,-0.0026179938779914945,0.0,0.0,-0.015707963267948967,0.0,0.0,0.0,0.0,0.0,0.0,0.0,0.0,0.0168751171875,0.00843755859375,0.00843755859375,0.021093896484375,0.0506253515625,0.02531267578125,0.007957060546875,0.007957060546875,0.0,0.0,0.0,0.0,0.0,0.0,0.0,0.0,0.0,0.0,0.0,0.0,0.0,0.0,0.0,0.0,0.0,0.0,0.0,0.0,0.0,0.0,0.0,0.0,0.0,0.0
13.468837974000001,0.0,0.02068564229463732,-0.009239773060063072,0.5392386710254202,-0.508074944566439,2.066041792362232,-2.0122511811480828,60.65077531943772,-70.17744211128004,0.0,0.0,0.017453292519943295,-0.006981317007977318,0.0,0.0,0.008726646259971648,0.0,0.0,0.0,0.0,0.0,0.0,0.0,0.0,0.0,0.021093896484375,0.00843755859375,0.00843755859375,0.004218779296875,-0.0506253515625,0.0168751171875,-0.0318282421875,0.0,0.0,0.0,0.0,0.0,0.0,0.0,0.0,0.0,0.0,0.0,0.0,0.0,0.0,0.0,0.0,0.0,0.0,0.0,0.0,0.0,0.0,0.0,0.0,0.0,0.0,0.0
13.478614886,0.0,0.02068564229463732,-0.009239773060063072,0.5392386710254202,-0.508074944566439,2.066041792362232,-2.0122511811480828,60.65077531943772,-70.17744211128004,0.0,0.0,0.0017453292519943296,0.0,-0.004363323129985824,0.0,0.0,0.0,0.0,0.0,0.0,0.0,0.0,0.0,0.0,0.0,0.00843755859375,0.00843755859375,0.004218779296875,0.02531267578125,-0.0168751171875,-0.04218779296875,0.0119355908203125,0.007957060546875,0.0,0.0,0.0,0.0,0.0,0.0,0.0,0.0,0.0,0.0,0.0,0.0,0.0,0.0,0.0,0.0,0.0,0.0,0.0,0.0,0.0,0.0,0.0,0.0,0.0,0.0
13.488594681,0.0,0.02068564229463732,-0.009239773060063072,0.5393259374880199,-0.5081622110290391,2.066041792362232,-2.0122511811480828,60.65077531943772,-70.17744211128004,0.0,0.0,0.0,0.0,0.0,0.0,0.0,0.0,0.0,0.0,0.0,0.0,0.0,0.0,0.0,0.0,0.00843755859375,0.00843755859375,0.004218779296875,0.021093896484375,-0.0506253515625,0.02531267578125,0.0119355908203125,0.0119355908203125,0.0,0.0,0.0,0.0,0.0,0.0,0.0,0.0,0.0,0.0,0.0,0.0,0.0,0.0,0.0,0.0,0.0,0.0,0.0,0.0,0.0,0.0,0.0,0.0,0.0,0.0
13.498446633,0.0,0.02068564229463732,-0.009239773060063072,0.5394306572431393,-0.5081622110290391,2.065998159130933,-2.0122511811480828,60.65077531943772,-70.17744211128004,0.0,0.0,0.0,0.0,0.0,0.0,0.0,0.0,0.0,0.0,0.0,0.0,0.0,0.0,0.0,0.0,-0.04218779296875,-0.004218779296875,0.0,0.00843755859375,0.00843755859375,0.0,0.0119355908203125,0.007957060546875,0.0,0.0,0.0,0.0,0.0,0.0,0.0,0.0,0.0,0.0,0.0,0.0,0.0,0.0,0.0,0.0,0.0,0.0,0.0,0.0,0.0,0.0,0.0,0.0,0.0,0.0
13.508469629,0.0,0.02068564229463732,-0.009239773060063072,0.5395179237057395,-0.5081622110290391,2.065998159130933,-2.0122511811480828,60.65077531943772,-70.17744211128004,0.0,0.0,0.017453292519943295,0.0,-0.0026179938779914945,0.0,0.0,0.0,0.0,0.0,0.0,0.0,0.0,0.0,0.0,0.0,0.00843755859375,0.00843755859375,0.004218779296875,0.021093896484375,-0.033750234375,-0.033750234375,0.0119355908203125,0.007957060546875,0.0,0.0,0.0,0.0,0.0,0.0,0.0,0.0,0.0,0.0,0.0,0.0,0.0,0.0,0.0,0.0,0.0,0.0,0.0,0.0,0.0,0.0,0.0,0.0,0.0,0.0
13.518610706,0.0,0.02068564229463732,-0.009239773060063072,0.5397099099234586,-0.5081622110290391,2.065945799253373,-2.0122511811480828,60.65077531943772,-70.17744211128004,0.0,0.0,0.015707963267948967,0.0,0.0,0.0,0.0,0.0,0.0,0.0,0.0,0.0,0.0,0.0,0.0,0.0,-0.04218779296875,-0.004218779296875,-0.004218779296875,0.012656337890625,-0.02531267578125,-0.033750234375,0.0119355908203125,0.007957060546875,0.0,0.0,0.0,0.0,0.0,0.0,0.0,0.0,0.0,0.0,0.0,0.0,0.0,0.0,0.0,0.0,0.0,0.0,0.0,0.0,0.0,0.0,0.0,0.0,0.0,0.0
13.528726662,0.0,0.02068564229463732,-0.009239773060063072,0.5398146296785789,-0.5081622110290391,2.0659021660220738,-2.0122511811480828,60.65077531943772,-70.17744211128004,0.0,0.0,0.017453292519943295,0.0,-0.004363323129985824,0.0,0.0,0.0,0.0,0.0,0.0,0.0,0.0,0.0,0.0,0.0,0.00843755859375,-0.004218779296875,0.0,0.012656337890625,-0.00843755859375,0.0168751171875,-0.0278497119140625,0.0,0.0,0.0,0.0,0.0,0.0,0.0,0.0,0.0,0.0,0.0,0.0,0.0,0.0,0.0,0.0,0.0,0.0,0.0,0.0,0.0,0.0,0.0,0.0,0.0,0.0,0.0
13.538695641,0.0,0.02068564229463732,-0.009239773060063072,0.540006615896298,-0.5082669307841581,2.065849806144513,-2.0122075479167836,60.65077531943772,-70.17744211128004,0.0,0.0,0.019198621771937627,0.0,-0.0008726646259971648,0.0,0.0,0.0,0.0,0.0,0.0,0.0,0.0,0.0,0.0,0.0,0.012656337890625,-0.004218779296875,0.0,0.012656337890625,-0.0168751171875,0.0168751171875,0.0119355908203125,-0.023871181640625,0.0,0.0,0.0,0.0,0.0,0.0,0.0,0.0,0.0,0.0,0.0,0.0,0.0,0.0,0.0,0.0,0.0,0.0,0.0,0.0,0.0,0.0,0.0,0.0,0.0,0.0
13.548454088000002,0.0,0.02068564229463732,-0.009239773060063072,0.5402858685766168,-0.5082669307841581,2.065806172913214,-2.0122075479167836,60.65088003919286,-70.17744211128004,0.0,0.0,0.022689280275926284,0.0,0.0,0.0,0.0,0.0,0.0,0.0,0.0,0.0,0.0,0.0,0.0,0.0,-0.046406572265625,-0.004218779296875,0.0,0.012656337890625,0.0168751171875,-0.00843755859375,0.0119355908203125,0.007957060546875,0.0,0.0,0.0,0.0,0.0,0.0,0.0,0.0,0.0,0.0,0.0,0.0,0.0,0.0,0.0,0.0,0.0,0.0,0.0,0.0,0.0,0.0,0.0,0.0,0.0,0.0
13.558454491,0.0,0.02068564229463732,-0.009239773060063072,0.5404778547943363,-0.5083541972467573,2.065753813035653,-2.0122075479167836,60.65088003919286,-70.17744211128004,0.0,0.0,0.029670597283903605,0.0,-0.006108652381980153,0.0,0.0,0.0,0.0,0.0,0.0,0.0,0.0,0.0,0.0,0.0,-0.046406572265625,-0.004218779296875,0.0,0.004218779296875,-0.0168751171875,0.0,0.0119355908203125,-0.01591412109375,0.0,0.0,0.0,0.0,0.0,0.0,0.0,0.0,0.0,0.0,0.0,0.0,0.0,0.0,0.0,0.0,0.0,0.0,0.0,0.0,0.0,0.0,0.0,0.0,0.0,0.0
13.568518575,0.0,0.02068564229463732,-0.009239773060063072,0.5407745607671757,-0.5083541972467573,2.065710179804354,-2.0122075479167836,60.65088003919286,-70.17744211128004,0.0,0.0,0.02617993877991494,-0.013962634015954637,-0.0008726646259971648,0.0017453292519943296,0.0,0.0,0.0,0.0,0.0,0.0,0.0,0.0,0.0,0.0,-0.046406572265625,-0.004218779296875,0.0,0.012656337890625,0.0168751171875,0.00843755859375,0.0119355908203125,-0.0198926513671875,0.0,0.0,0.0,0.0,0.0,0.0,0.0,0.0,0.0,0.0,0.0,0.0,0.0,0.0,0.0,0.0,0.0,0.0,0.0,0.0,0.0,0.0,0.0,0.0,0.0,0.0
13.57864202,0.0,0.02068564229463732,-0.009239773060063072,0.5409665469848948,-0.5083541972467573,2.065657819926794,-2.0122075479167836,60.65077531943772,-70.17744211128004,0.0,0.0,0.015707963267948967,0.0,-0.008726646259971648,0.0,-0.0017453292519943296,0.0,0.0,0.0,0.0,0.0,0.0,0.0,0.0,0.0,-0.046406572265625,0.0,0.004218779296875,0.012656337890625,-0.0168751171875,-0.00843755859375,0.0119355908203125,0.0119355908203125,0.0,0.0,0.0,0.0,0.0,0.0,0.0,0.0,0.0,0.0,0.0,0.0,0.0,0.0,0.0,0.0,0.0,0.0,0.0,0.0,0.0,0.0,0.0,0.0,0.0,0.0
13.588537941,0.0,0.02068564229463732,-0.009239773060063072,0.5411585332026143,-0.5084589170018772,2.065614186695494,-2.0121551880392228,60.65077531943772,-70.17744211128004,0.0,0.0,0.019198621771937627,0.0,-0.008726646259971648,0.004363323129985824,0.0,0.0,0.0,0.0,0.0,0.0,0.0,0.0,0.0,0.0,-0.046406572265625,-0.004218779296875,0.00843755859375,0.012656337890625,0.0168751171875,0.033750234375,0.0119355908203125,-0.0198926513671875,0.0,0.0,0.0,0.0,0.0,0.0,0.0,0.0,0.0,0.0,0.0,0.0,0.0,0.0,0.0,0.0,0.0,0.0,0.0,0.0,0.0,0.0,0.0,0.0,0.0,0.0
13.598474023000001,0.0,0.02068564229463732,-0.009239773060063072,0.5413505194203334,-0.5084589170018772,2.065518193586634,-2.0121551880392228,60.65077531943772,-70.17744211128004,0.0,0.0,0.0017453292519943296,0.0,-0.009599310885968814,0.008726646259971648,0.0,0.0,0.0,0.0,0.0,0.0,0.0,0.0,0.0,0.0,0.02531267578125,-0.004218779296875,0.0,-0.029531455078125,0.06750046875,0.0168751171875,0.0039785302734375,-0.023871181640625,0.0,0.0,0.0,0.0,0.0,0.0,0.0,0.0,0.0,0.0,0.0,0.0,0.0,0.0,0.0,0.0,0.0,0.0,0.0,0.0,0.0,0.0,0.0,0.0,0.0,0.0
13.608376505,0.0,0.02068564229463732,-0.009239773060063072,0.5413505194203334,-0.5084589170018772,2.065369840600215,-2.0121115548079236,60.65077531943772,-70.17744211128004,0.0,0.0,0.0,0.0,-0.01308996938995747,0.0,0.0,0.008726646259971648,0.0,0.0,0.0,0.0,0.0,0.0,0.0,0.0,-0.046406572265625,-0.004218779296875,0.00843755859375,0.0,-0.0168751171875,0.0168751171875,-0.0318282421875,0.0119355908203125,0.0,0.0,0.0,0.0,0.0,0.0,0.0,0.0,0.0,0.0,0.0,0.0,0.0,0.0,0.0,0.0,0.0,0.0,0.0,0.0,0.0,0.0,0.0,0.0,0.0,0.0
13.618325483000001,0.0,0.02068564229463732,-0.009239773060063072,0.5413505194203334,-0.5084589170018772,2.0651778543824957,-2.0120591949303637,60.65077531943772,-70.17735484481744,0.0,0.0,0.0,0.0,-0.020943951023931956,0.004363323129985824,0.0,0.013962634015954637,0.0,0.0,0.0,0.0,0.0,0.0,0.0,0.0,0.021093896484375,-0.004218779296875,0.0,-0.037969013671875,0.00843755859375,0.0168751171875,-0.0318282421875,0.0039785302734375,0.0,0.0,0.0,0.0,0.0,0.0,0.0,0.0,0.0,0.0,0.0,0.0,0.0,0.0,0.0,0.0,0.0,0.0,0.0,0.0,0.0,0.0,0.0,0.0,0.0,0.0
13.628469248,0.0,0.02068564229463732,-0.009239773060063072,0.5413505194203334,-0.5084589170018772,2.0649422349334765,-2.0120155616990645,60.65077531943772,-70.17725012506232,0.0,0.0,0.0,0.0,-0.03228859116189509,0.006981317007977318,0.0,0.017453292519943295,0.0,0.0,0.0,0.0,0.0,0.0,0.0,0.0,0.02531267578125,-0.004218779296875,0.0,0.004218779296875,-0.00843755859375,0.00843755859375,-0.0318282421875,-0.023871181640625,0.0,0.0,0.0,0.0,0.0,0.0,0.0,0.0,0.0,0.0,0.0,0.0,0.0,0.0,0.0,0.0,0.0,0.0,0.0,0.0,0.0,0.0,0.0,0.0,0.0,0.0
13.638431634000002,0.0,0.02068564229463732,-0.009239773060063072,0.5413505194203334,-0.5084589170018772,2.0645059026204775,-2.0119195685902045,60.65068805297516,-70.17725012506232,0.0,0.0,0.0,0.0,-0.04799655442984406,0.011344640137963142,0.0,0.012217304763960306,0.0,0.0,0.0,0.0,0.0,0.0,0.0,0.0,0.0168751171875,-0.004218779296875,0.0,-0.029531455078125,0.00843755859375,-0.0506253515625,0.007957060546875,0.0039785302734375,0.0,0.0,0.0,0.0,0.0,0.0,0.0,0.0,0.0,0.0,0.0,0.0,0.0,0.0,0.0,0.0,0.0,0.0,0.0,0.0,0.0,0.0,0.0,0.0,0.0,0.0
13.648287043000002,0.0,0.02068564229463732,-0.009239773060063072,0.5413505194203334,-0.5084589170018772,2.0639823038448792,-2.0117712156037846,60.650583333220034,-70.1771628585997,0.0,0.0,-0.008726646259971648,0.0,-0.046251225177849735,0.02181661564992912,-0.017453292519943295,0.010471975511965978,0.0,0.0,0.0,0.0,0.0,0.0,0.0,0.0,0.02531267578125,-0.004218779296875,0.00843755859375,-0.037969013671875,0.0168751171875,0.00843755859375,-0.0039785302734375,0.0039785302734375,0.0,0.0,0.0,0.0,0.0,0.0,0.0,0.0,0.0,0.0,0.0,0.0,0.0,0.0,0.0,0.0,0.0,0.0,0.0,0.0,0.0,0.0,0.0,0.0,0.0,0.0
13.658473721,0.0,0.02068564229463732,-0.009239773060063072,0.5413505194203334,-0.5084589170018772,2.0636943245183,-2.0114832362772055,60.65049606675742,-70.17697087238201,0.0,0.0,0.0,-0.012217304763960306,-0.02617993877991494,0.03228859116189509,-0.008726646259971648,0.010471975511965978,0.0,0.0,0.0,0.0,0.0,0.0,0.0,0.0,0.029531455078125,0.0,0.0,0.012656337890625,0.02531267578125,0.0168751171875,0.0039785302734375,0.0,0.0,0.0,0.0,0.0,0.0,0.0,0.0,0.0,0.0,0.0,0.0,0.0,0.0,0.0,0.0,0.0,0.0,0.0,0.0,0.0,0.0,0.0,0.0,0.0,0.0,0.0
13.668369866,0.0,0.02068564229463732,-0.009239773060063072,0.5413505194203334,-0.5085461834644764,2.063362711960421,-2.011107990488027,60.65030408053969,-70.17686615262689,0.0,0.0,0.0,0.0,-0.04014257279586959,0.04450589592585541,-0.015707963267948967,0.013962634015954637,0.0,0.0,0.0,0.0,0.0,0.0,0.0,0.0,0.021093896484375,0.004218779296875,0.0,-0.037969013671875,0.0168751171875,0.00843755859375,-0.0318282421875,0.0039785302734375,0.0,0.0,0.0,0.0,0.0,0.0,0.0,0.0,0.0,0.0,0.0,0.0,0.0,0.0,0.0,0.0,0.0,0.0,0.0,0.0,0.0,0.0,0.0,0.0,0.0,0.0
13.678652065000001,0.0,0.02068564229463732,-0.009239773060063072,0.5413505194203334,-0.5086509032195972,2.062830386538563,-2.010671658175029,60.65000737456686,-70.17677888616427,0.0,0.0,0.0,-0.008726646259971648,-0.0619591884457987,0.048869219055841226,-0.02617993877991494,0.017453292519943295,0.0,0.0,0.0,0.0,0.0,0.0,0.0,0.0,0.012656337890625,0.0,0.0,-0.04218779296875,0.02531267578125,0.00843755859375,-0.0278497119140625,-0.023871181640625,0.0,0.0,0.0,0.0,0.0,0.0,0.0,0.0,0.0,0.0,0.0,0.0,0.0,0.0,0.0,0.0,0.0,0.0,0.0,0.0,0.0,0.0,0.0,0.0,0.0,0.0
13.688724629000001,0.0,0.02068564229463732,-0.009239773060063072,0.5413505194203334,-0.5086509032195972,2.0620188084363855,-2.0100520662905708,60.64981538834915,-70.17667416640916,0.0,0.0,0.0,0.0,-0.09337511498169665,0.07592182246175334,-0.020943951023931956,0.0,0.0,0.0,0.0,0.0,0.0,0.0,0.0,0.0,0.00843755859375,0.012656337890625,-0.004218779296875,-0.033750234375,0.02531267578125,0.0,0.007957060546875,0.0119355908203125,0.0,0.0,0.0,0.0,0.0,0.0,0.0,0.0,0.0,0.0,0.0,0.0,0.0,0.0,0.0,0.0,0.0,0.0,0.0,0.0,0.0,0.0,0.0,0.0,0.0,0.0
13.698337315000002,0.0,0.02068564229463732,-0.009239773060063072,0.5413505194203334,-0.5086509032195972,2.0611985036879483,-2.0090397753244136,60.64962340213143,-70.17667416640916,0.0,0.0,0.0,0.0,-0.079412480965742,0.10210176124166828,-0.017453292519943295,0.0,0.0,0.0,0.0,0.0,0.0,0.0,0.0,0.0,0.00843755859375,-0.004218779296875,0.0,-0.033750234375,0.02531267578125,-0.07593802734375,0.007957060546875,0.01591412109375,0.0,0.0,0.0,0.0,0.0,0.0,0.0,0.0,0.0,0.0,0.0,0.0,0.0,0.0,0.0,0.0,0.0,0.0,0.0,0.0,0.0,0.0,0.0,0.0,0.0,0.0
13.708620634,0.0,0.02068564229463732,-0.009239773060063072,0.5413505194203334,-0.5086509032195972,2.060055313027892,-2.0084638166712554,60.6494314159137,-70.17677888616427,0.0,0.0,0.0,0.0,-0.1457349925415265,0.027925268031909273,-0.017453292519943295,-0.017453292519943295,0.0,0.0,0.0,0.0,0.0,0.0,0.0,0.0,0.012656337890625,0.012656337890625,0.0,-0.033750234375,0.0,0.00843755859375,0.0119355908203125,0.0119355908203125,0.0,0.0,0.0,0.0,0.0,0.0,0.0,0.0,0.0,0.0,0.0,0.0,0.0,0.0,0.0,0.0,0.0,0.0,0.0,0.0,0.0,0.0,0.0,0.0,0.0,0.0
13.718445738000002,0.0,0.02068564229463732,-0.009239773060063072,0.541245799665214,-0.5087381696821964,2.0588074026127154,-2.0080362110045162,60.649152163233374,-70.17677888616427,0.0,0.0,-0.008726646259971648,-0.008726646259971648,-0.09599310885968812,0.07068583470577033,-0.019198621771937627,-0.0017453292519943296,0.0,0.0,0.0,0.0,0.0,0.0,0.0,0.0,0.0168751171875,0.00843755859375,0.0,0.012656337890625,-0.033750234375,0.05906291015625,-0.0358067724609375,-0.023871181640625,0.0,0.0,0.0,0.0,0.0,0.0,0.0,0.0,0.0,0.0,0.0,0.0,0.0,0.0,0.0,0.0,0.0,0.0,0.0,0.0,0.0,0.0,0.0,0.0,0.0,0.0
13.728362044,0.0,0.02068564229463732,-0.009239773060063072,0.541245799665214,-0.5088428894373171,2.057943464632979,-2.00703264668462,60.648960177015674,-70.17686615262689,0.0,0.0,0.0,-0.013962634015954637,-0.08203047484373349,0.10646508437165411,-0.020943951023931956,0.0,0.0,0.0,0.0,0.0,0.0,0.0,0.0,0.0,0.0168751171875,-0.004218779296875,0.0,0.004218779296875,0.0506253515625,0.00843755859375,0.007957060546875,0.0119355908203125,0.0,0.0,0.0,0.0,0.0,0.0,0.0,0.0,0.0,0.0,0.0,0.0,0.0,0.0,0.0,0.0,0.0,0.0,0.0,0.0,0.0,0.0,0.0,0.0,0.0,0.0
13.738363631,0.0,0.02068564229463732,-0.009239773060063072,0.5413505194203334,-0.5089301558999164,2.0570358934219417,-2.0062123419361826,60.648855457260545,-70.17686615262689,0.0,0.0,0.0,-0.012217304763960306,-0.10733774899765128,0.06981317007977318,-0.005235987755982989,0.0,0.0,0.0,0.0,0.0,0.0,0.0,0.0,0.0,-0.046406572265625,-0.004218779296875,0.0,-0.033750234375,0.0,-0.00843755859375,0.0119355908203125,-0.023871181640625,0.0,0.0,0.0,0.0,0.0,0.0,0.0,0.0,0.0,0.0,0.0,0.0,0.0,0.0,0.0,0.0,0.0,0.0,0.0,0.0,0.0,0.0,0.0,0.0,0.0,0.0
13.748360354,0.0,0.02068564229463732,-0.009239773060063072,0.5413505194203334,-0.5091221421176364,2.0554476438026263,-2.005156417738726,60.648768190797945,-70.17686615262689,0.0,0.0,0.0,-0.005235987755982989,-0.1736602605734358,0.1308996938995747,0.0,0.0,0.0,0.0,0.0,0.0,0.0,0.0,0.0,0.0,-0.029531455078125,0.0,0.0,0.004218779296875,0.04218779296875,-0.0506253515625,0.0039785302734375,0.0039785302734375,0.0,0.0,0.0,0.0,0.0,0.0,0.0,0.0,0.0,0.0,0.0,0.0,0.0,0.0,0.0,0.0,0.0,0.0,0.0,0.0,0.0,0.0,0.0,0.0,0.0,0.0
13.758466774,0.0,0.02068564229463732,-0.009239773060063072,0.5413505194203334,-0.5091221421176364,2.0539641139384317,-2.0039172339698097,60.648768190797945,-70.17686615262689,0.0,0.0,-0.013962634015954637,0.0,-0.11693705988362009,0.12740903539558607,0.0,0.0,0.0,0.0,0.0,0.0,0.0,0.0,0.0,0.0,-0.04218779296875,-0.004218779296875,0.0,0.012656337890625,-0.0168751171875,-0.00843755859375,-0.0358067724609375,-0.023871181640625,0.0,0.0,0.0,0.0,0.0,0.0,0.0,0.0,0.0,0.0,0.0,0.0,0.0,0.0,0.0,0.0,0.0,0.0,0.0,0.0,0.0,0.0,0.0,0.0,0.0,0.0
13.768386664000001,0.0,0.02068564229463732,-0.009239773060063072,0.5413505194203334,-0.5091221421176364,2.0532485289451143,-2.0027129567859343,60.648855457260545,-70.17697087238201,0.0,0.0,0.0,0.0,-0.07243116395776468,0.08988445647770799,0.017453292519943295,-0.017453292519943295,0.0,0.0,0.0,0.0,0.0,0.0,0.0,0.0,0.021093896484375,0.0,0.0,0.0,0.0,-0.033750234375,-0.0358067724609375,-0.023871181640625,0.0,0.0,0.0,0.0,0.0,0.0,0.0,0.0,0.0,0.0,0.0,0.0,0.0,0.0,0.0,0.0,0.0,0.0,0.0,0.0,0.0,0.0,0.0,0.0,0.0,0.0
13.778581566000002,0.0,0.02068564229463732,-0.009239773060063072,0.5414377858829331,-0.5091221421176364,2.052192604747657,-2.001849018806197,60.648960177015674,-70.1771628585997,0.0,0.0,0.017453292519943295,0.0,-0.12915436464758037,0.10471975511965977,0.003490658503988659,-0.019198621771937627,0.0,0.0,0.0,0.0,0.0,0.0,0.0,0.0,0.02531267578125,-0.004218779296875,0.0,0.004218779296875,0.00843755859375,-0.0506253515625,-0.0358067724609375,0.007957060546875,0.0,0.0,0.0,0.0,0.0,0.0,0.0,0.0,0.0,0.0,0.0,0.0,0.0,0.0,0.0,0.0,0.0,0.0,0.0,0.0,0.0,0.0,0.0,0.0,0.0,0.0
13.788500111000001,0.0,0.02068564229463732,-0.009239773060063072,0.5416297721006527,-0.5091221421176364,2.0507963413460617,-2.0006534682685806,60.649047443478274,-70.17735484481744,0.0,0.0,0.022689280275926284,0.0,-0.14835298641951802,0.12740903539558607,0.008726646259971648,-0.017453292519943295,0.0,0.0,0.0,0.0,0.0,0.0,0.0,0.0,-0.04218779296875,-0.004218779296875,0.004218779296875,0.012656337890625,-0.00843755859375,-0.06750046875,0.01591412109375,0.007957060546875,0.0,0.0,0.0,0.0,0.0,0.0,0.0,0.0,0.0,0.0,0.0,0.0,0.0,0.0,0.0,0.0,0.0,0.0,0.0,0.0,0.0,0.0,0.0,0.0,0.0,0.0
13.798406145000001,0.0,0.02068564229463732,-0.009239773060063072,0.5418217583183718,-0.5091221421176364,2.049557157577146,-1.999361924622105,60.649152163233374,-70.17754683103514,0.0,0.0,0.0,0.0,-0.09861110273767962,0.11693705988362009,0.012217304763960306,-0.029670597283903605,0.0,0.0,0.0,0.0,0.0,0.0,0.0,0.0,0.02531267578125,-0.004218779296875,0.004218779296875,0.0,-0.0506253515625,-0.04218779296875,-0.039785302734375,-0.0198926513671875,0.0,0.0,0.0,0.0,0.0,0.0,0.0,0.0,0.0,0.0,0.0,0.0,0.0,0.0,0.0,0.0,0.0,0.0,0.0,0.0,0.0,0.0,0.0,0.0,0.0,0.0
13.808289810000002,0.0,0.02068564229463732,-0.009239773060063072,0.5420137445360913,-0.5091221421176364,2.048640859719849,-1.9984979866423678,60.64934414945112,-70.17773881725289,0.0,0.0,0.029670597283903605,0.0,-0.08028514559173917,0.07330382858376185,0.017453292519943295,-0.010471975511965978,0.0,0.0,0.0,0.0,0.0,0.0,0.0,0.0,0.0168751171875,-0.004218779296875,0.0,0.012656337890625,-0.0506253515625,-0.07593802734375,-0.039785302734375,0.0039785302734375,0.0,0.0,0.0,0.0,0.0,0.0,0.0,0.0,0.0,0.0,0.0,0.0,0.0,0.0,0.0,0.0,0.0,0.0,0.0,0.0,0.0,0.0,0.0,0.0,0.0,0.0
13.818343078000002,0.0,0.02068564229463732,-0.009239773060063072,0.5423977169715304,-0.5092268618727553,2.0480649010666907,-1.9976776818939306,60.64962340213143,-70.17793080347059,0.0,0.0,0.03665191429188092,0.0,-0.04537856055185257,0.08028514559173917,0.024434609527920613,-0.019198621771937627,0.0,0.0,0.0,0.0,0.0,0.0,0.0,0.0,0.02531267578125,-0.004218779296875,0.0,0.012656337890625,-0.02531267578125,-0.0506253515625,-0.0358067724609375,-0.0039785302734375,0.0,0.0,0.0,0.0,0.0,0.0,0.0,0.0,0.0,0.0,0.0,0.0,0.0,0.0,0.0,0.0,0.0,0.0,0.0,0.0,0.0,0.0,0.0,0.0,0.0,0.0
13.828453882000002,0.0,0.02068564229463732,-0.009239773060063072,0.542781689406969,-0.5092268618727553,2.0473929493046734,-1.9969620969006132,60.64981538834915,-70.17821005615092,0.0,0.0,0.038397243543875255,-0.008726646259971648,-0.09424777960769379,0.06457718232379019,0.019198621771937627,-0.04014257279586959,0.0,0.0,0.0,0.0,0.0,0.0,0.0,0.0,0.012656337890625,-0.004218779296875,0.0,0.004218779296875,-0.0506253515625,-0.06750046875,0.0039785302734375,0.0039785302734375,0.0,0.0,0.0,0.0,0.0,0.0,0.0,0.0,0.0,0.0,0.0,0.0,0.0,0.0,0.0,0.0,0.0,0.0,0.0,0.0,0.0,0.0,0.0,0.0,0.0,0.0
13.838448781,0.0,0.02068564229463732,-0.009239773060063072,0.5431656618424077,-0.5093141283353546,2.046153765535757,-1.996194152029736,60.65000737456686,-70.17859402858636,0.0,0.0,0.017453292519943295,0.0,-0.11868238913561442,0.08901179185171082,0.019198621771937627,-0.04014257279586959,0.0,0.0,0.0,0.0,0.0,0.0,0.0,0.0,0.004218779296875,0.0,0.00843755859375,-0.037969013671875,-0.02531267578125,0.0506253515625,0.01591412109375,0.0,0.0,0.0,0.0,0.0,0.0,0.0,0.0,0.0,0.0,0.0,0.0,0.0,0.0,0.0,0.0,0.0,0.0,0.0,0.0,0.0,0.0,0.0,0.0,0.0,0.0,0.0
13.848326046,0.0,0.02068564229463732,-0.009239773060063072,0.5431656618424077,-0.5093141283353546,2.0454294538961797,-1.9955745601452777,60.65030408053969,-70.1790827207769,0.0,0.0,0.0017453292519943296,0.0,-0.04188790204786391,0.03316125578789226,0.031415926535897934,-0.04537856055185257,0.0,0.0,0.0,0.0,0.0,0.0,0.0,0.0,0.0168751171875,0.0,-0.012656337890625,0.004218779296875,-0.02531267578125,-0.0168751171875,-0.0318282421875,-0.0039785302734375,0.0,0.0,0.0,0.0,0.0,0.0,0.0,0.0,0.0,0.0,0.0,0.0,0.0,0.0,0.0,0.0,0.0,0.0,0.0,0.0,0.0,0.0,0.0,0.0,0.0,0.0
13.858994235,0.0,0.02068564229463732,-0.009239773060063072,0.5433576480601268,-0.5093141283353546,2.0451938344471605,-1.9955222002677178,60.65077531943772,-70.17955395967493,0.0,0.0,0.017453292519943295,0.0,-0.02181661564992912,0.0,0.050614548307835565,-0.047123889803846894,0.0,0.0,0.0,0.0,0.0,0.0,0.0,0.0,0.00843755859375,-0.004218779296875,0.0,0.012656337890625,-0.0506253515625,0.0,0.0119355908203125,0.0,0.0,0.0,0.0,0.0,0.0,0.0,0.0,0.0,0.0,0.0,0.0,0.0,0.0,0.0,0.0,0.0,0.0,0.0,0.0,0.0,0.0,0.0,0.0,0.0,0.0,0.0
13.869209457,0.0,0.02068564229463732,-0.009239773060063072,0.5435496342778467,-0.5093141283353546,2.0449494883518815,-1.9954262071588578,60.65135127809091,-70.18012991832812,0.0,0.0,0.003490658503988659,0.0,-0.019198621771937627,0.011344640137963142,0.05235987755982988,-0.061086523819801536,0.0,0.0,0.0,0.0,0.0,0.0,0.0,0.0,0.00843755859375,0.0,0.00843755859375,0.012656337890625,-0.06750046875,-0.02531267578125,0.0039785302734375,-0.0119355908203125,0.0,0.0,0.0,0.0,0.0,0.0,0.0,0.0,0.0,0.0,0.0,0.0,0.0,0.0,0.0,0.0,0.0,0.0,0.0,0.0,0.0,0.0,0.0,0.0,0.0,0.0
13.879297157000002,0.0,0.02068564229463732,-0.009239773060063072,0.5436543540329661,-0.5093141283353546,2.0448098620117214,-1.9953302140499978,60.65183997028145,-70.18079314344386,0.0,0.0,0.017453292519943295,0.0,-0.0017453292519943296,0.0,0.06283185307179587,-0.05934119456780721,0.0,0.0,0.0,0.0,0.0,0.0,0.0,0.0,0.00843755859375,-0.004218779296875,0.0,0.012656337890625,-0.06750046875,-0.0168751171875,0.0,-0.01591412109375,0.0,0.0,0.0,0.0,0.0,0.0,0.0,0.0,0.0,0.0,0.0,0.0,0.0,0.0,0.0,0.0,0.0,0.0,0.0,0.0,0.0,0.0,0.0,0.0,0.0,0.0
13.888485805,0.0,0.02068564229463732,-0.009239773060063072,0.5437416204955658,-0.5093141283353546,2.0448098620117214,-1.9953302140499978,60.65241592893461,-70.18136910209702,0.0,0.0,0.017453292519943295,0.0,0.0,0.0,0.05585053606381855,-0.06283185307179587,0.0,0.0,0.0,0.0,0.0,0.0,0.0,0.0,0.021093896484375,-0.004218779296875,0.0,0.012656337890625,0.05906291015625,-0.02531267578125,0.0,0.0,0.0,0.0,0.0,0.0,0.0,0.0,0.0,0.0,0.0,0.0,0.0,0.0,0.0,0.0,0.0,0.0,0.0,0.0,0.0,0.0,0.0,0.0,0.0,0.0,0.0,0.0
13.898356286,0.0,0.02068564229463732,-0.009239773060063072,0.5438463402506852,-0.5092268618727553,2.0448098620117214,-1.9953302140499978,60.65299188758777,-70.18194506075018,0.0,0.0,0.0,0.008726646259971648,0.0,0.0,0.05585053606381855,-0.05934119456780721,0.0,0.0,0.0,0.0,0.0,0.0,0.0,0.0,0.012656337890625,0.00843755859375,0.012656337890625,-0.033750234375,0.0506253515625,-0.0168751171875,0.007957060546875,-0.0119355908203125,0.0,0.0,0.0,0.0,0.0,0.0,0.0,0.0,0.0,0.0,0.0,0.0,0.0,0.0,0.0,0.0,0.0,0.0,0.0,0.0,0.0,0.0,0.0,0.0,0.0,0.0
13.908315536000002,0.0,0.02068564229463732,-0.009239773060063072,0.5438463402506852,-0.5091221421176364,2.0448098620117214,-1.9953302140499978,60.65355039294841,-70.18252101940334,0.0,0.0,0.0,0.0,0.0,0.0,0.054105206811824215,-0.047123889803846894,0.0,0.0,0.0,0.0,0.0,0.0,0.0,0.0,0.012656337890625,0.00843755859375,0.0,-0.037969013671875,-0.02531267578125,0.0,-0.01591412109375,0.0119355908203125,0.0,0.0,0.0,0.0,0.0,0.0,0.0,0.0,0.0,0.0,0.0,0.0,0.0,0.0,0.0,0.0,0.0,0.0,0.0,0.0,0.0,0.0,0.0,0.0,0.0,0.0
13.918328515,0.0,0.02068564229463732,-0.009239773060063072,0.5438463402506852,-0.5091221421176364,2.0448534952430215,-1.9953302140499978,60.65412635160157,-70.18300971159388,0.0,0.0,0.0,0.0,0.0,0.0,0.048869219055841226,-0.038397243543875255,0.0,0.0,0.0,0.0,0.0,0.0,0.0,0.0,0.012656337890625,-0.004218779296875,0.0,-0.04218779296875,0.00843755859375,-0.0168751171875,0.0,-0.0198926513671875,0.0,0.0,0.0,0.0,0.0,0.0,0.0,0.0,0.0,0.0,0.0,0.0,0.0,0.0,0.0,0.0,0.0,0.0,0.0,0.0,0.0,0.0,0.0,0.0,0.0,0.0
13.928268341,0.0,0.02068564229463732,-0.009239773060063072,0.5437416204955658,-0.5091221421176364,2.0448534952430215,-1.9953302140499978,60.65461504379213,-70.1832889642742,0.0,0.0,0.0,0.012217304763960306,0.0,0.0,0.047123889803846894,-0.029670597283903605,0.0,0.0,0.0,0.0,0.0,0.0,0.0,0.0,0.00843755859375,0.00843755859375,0.0,0.021093896484375,0.0168751171875,0.05906291015625,0.0,-0.01591412109375,0.0,0.0,0.0,0.0,0.0,0.0,0.0,0.0,0.0,0.0,0.0,0.0,0.0,0.0,0.0,0.0,0.0,0.0,0.0,0.0,0.0,0.0,0.0,0.0,0.0,0.0
13.938347881,0.0,0.02068564229463732,-0.009239773060063072,0.5436543540329661,-0.5090348756550362,2.0448534952430215,-1.9953825739275577,60.65508628269017,-70.18348095049194,0.0,0.0,-0.017453292519943295,0.0,0.0,-0.0008726646259971648,0.03665191429188092,-0.0017453292519943296,0.0,0.0,0.0,0.0,0.0,0.0,0.0,0.0,0.00843755859375,0.00843755859375,-0.00843755859375,-0.037969013671875,0.05906291015625,-0.0168751171875,-0.0039785302734375,0.039785302734375,0.0,0.0,0.0,0.0,0.0,0.0,0.0,0.0,0.0,0.0,0.0,0.0,0.0,0.0,0.0,0.0,0.0,0.0,0.0,0.0,0.0,0.0,0.0,0.0,0.0,0.0
13.948290747000001,0.0,0.02068564229463732,-0.009239773060063072,0.5435496342778467,-0.5090348756550362,2.0448534952430215,-1.9953825739275577,60.655382988663,-70.18348095049194,0.0,0.0,0.0,0.0,0.0,0.0,0.022689280275926284,0.0,0.0,0.0,0.0,0.0,0.0,0.0,0.0,0.0,0.00843755859375,0.00843755859375,-0.012656337890625,0.012656337890625,0.0843755859375,-0.0168751171875,0.0,0.0198926513671875,0.0,0.0,0.0,0.0,0.0,0.0,0.0,0.0,0.0,0.0,0.0,0.0,0.0,0.0,0.0,0.0,0.0,0.0,0.0,0.0,0.0,0.0,0.0,0.0,0.0,0.0
13.958312975,0.0,0.02068564229463732,-0.009239773060063072,0.5435496342778467,-0.5090348756550362,2.0448534952430215,-1.9953825739275577,60.655470255125614,-70.18339368402933,0.0,0.0,-0.008726646259971648,0.0,0.0,-0.004363323129985824,0.0,0.005235987755982989,0.0,0.0,0.0,0.0,0.0,0.0,0.0,0.0,0.012656337890625,0.00843755859375,-0.012656337890625,0.004218779296875,0.07593802734375,0.04218779296875,0.0,-0.0119355908203125,0.0,0.0,0.0,0.0,0.0,0.0,0.0,0.0,0.0,0.0,0.0,0.0,0.0,0.0,0.0,0.0,0.0,0.0,0.0,0.0,0.0,0.0,0.0,0.0,0.0,0.0
13.968238176000002,0.0,0.02068564229463732,-0.009239773060063072,0.543462367815247,-0.5090348756550362,2.0448534952430215,-1.9953825739275577,60.655574974880714,-70.1832889642742,0.0,0.0,0.0,0.0,0.0,0.0,0.0,0.017453292519943295,0.0,0.0,0.0,0.0,0.0,0.0,0.0,0.0,0.00843755859375,0.012656337890625,-0.012656337890625,0.0,0.0168751171875,0.06750046875,0.0,-0.01591412109375,0.0,0.0,0.0,0.0,0.0,0.0,0.0,0.0,0.0,0.0,0.0,0.0,0.0,0.0,0.0,0.0,0.0,0.0,0.0,0.0,0.0,0.0,0.0,0.0,0.0,0.0
13.978608537000001,0.0,0.02068564229463732,-0.009239773060063072,0.543462367815247,-0.5090348756550362,2.0448534952430215,-1.9953825739275577,60.655470255125614,-70.18320169781163,0.0,0.0,0.0,0.0,0.0,0.0,0.0,0.006981317007977318,0.0,0.0,0.0,0.0,0.0,0.0,0.0,0.0,0.00843755859375,0.00843755859375,0.012656337890625,0.021093896484375,0.05906291015625,-0.0168751171875,0.0,-0.007957060546875,0.0,0.0,0.0,0.0,0.0,0.0,0.0,0.0,0.0,0.0,0.0,0.0,0.0,0.0,0.0,0.0,0.0,0.0,0.0,0.0,0.0,0.0,0.0,0.0,0.0,0.0
13.988438793,0.0,0.02068564229463732,-0.009239773060063072,0.543462367815247,-0.5089301558999164,2.0448534952430215,-1.9953825739275577,60.655382988663,-70.1830969780565,0.0,0.0,0.0,0.006981317007977318,0.0,0.0,-0.017453292519943295,0.017453292519943295,0.0,0.0,0.0,0.0,0.0,0.0,0.0,0.0,0.00843755859375,0.00843755859375,-0.00843755859375,0.021093896484375,-0.02531267578125,0.00843755859375,0.0039785302734375,0.0,0.0,0.0,0.0,0.0,0.0,0.0,0.0,0.0,0.0,0.0,0.0,0.0,0.0,0.0,0.0,0.0,0.0,0.0,0.0,0.0,0.0,0.0,0.0,0.0,0.0,0.0
13.998835842,0.0,0.02068564229463732,-0.009239773060063072,0.5433576480601268,-0.5088428894373171,2.0448534952430215,-1.9953825739275577,60.655191002445285,-70.18300971159388,0.0,0.0,0.0,0.003490658503988659,0.0,0.0,-0.008726646259971648,0.003490658503988659,0.0,0.0,0.0,0.0,0.0,0.0,0.0,0.0,0.0,-0.004218779296875,-0.012656337890625,0.012656337890625,0.06750046875,-0.0168751171875,0.0,0.0358067724609375,0.0,0.0,0.0,0.0,0.0,0.0,0.0,0.0,0.0,0.0,0.0,0.0,0.0,0.0,0.0,0.0,0.0,0.0,0.0,0.0,0.0,0.0,0.0,0.0,0.0,0.0
14.008853717000001,0.0,0.02068564229463732,-0.009239773060063072,0.5432703815975275,-0.5087381696821964,2.0448534952430215,-1.9953825739275577,60.65508628269017,-70.18290499183878,0.0,0.0,-0.017453292519943295,0.008726646259971648,0.0,0.0,-0.012217304763960306,0.003490658503988659,0.0,0.0,0.0,0.0,0.0,0.0,0.0,0.0,-0.046406572265625,-0.004218779296875,0.0,-0.037969013671875,0.05906291015625,-0.00843755859375,0.0,0.0358067724609375,0.0,0.0,0.0,0.0,0.0,0.0,0.0,0.0,0.0,0.0,0.0,0.0,0.0,0.0,0.0,0.0,0.0,0.0,0.0,0.0,0.0,0.0,0.0,0.0,0.0,0.0
14.018788903,0.0,0.02068564229463732,-0.009239773060063072,0.5432703815975275,-0.5086509032195972,2.0448534952430215,-1.9954262071588578,60.654999016227556,-70.18271300562107,0.0,0.0,-0.010471975511965978,0.017453292519943295,0.0,0.0,-0.003490658503988659,0.019198621771937627,0.0,0.0,0.0,0.0,0.0,0.0,0.0,0.0,-0.02531267578125,-0.00843755859375,0.0,0.012656337890625,-0.04218779296875,-0.0168751171875,0.0039785302734375,0.01591412109375,0.0,0.0,0.0,0.0,0.0,0.0,0.0,0.0,0.0,0.0,0.0,0.0,0.0,0.0,0.0,0.0,0.0,0.0,0.0,0.0,0.0,0.0,0.0,0.0,0.0,0.0
14.028754426,0.0,0.02068564229463732,-0.009239773060063072,0.5431656618424077,-0.5086509032195972,2.0448534952430215,-1.9954262071588578,60.654999016227556,-70.18252101940334,0.0,0.0,-0.012217304763960306,0.0,0.0,0.0,-0.017453292519943295,0.017453292519943295,0.0,0.0,0.0,0.0,0.0,0.0,0.0,0.0,-0.046406572265625,-0.004218779296875,0.0,0.012656337890625,-0.05906291015625,0.00843755859375,0.0,0.01591412109375,0.0,0.0,0.0,0.0,0.0,0.0,0.0,0.0,0.0,0.0,0.0,0.0,0.0,0.0,0.0,0.0,0.0,0.0,0.0,0.0,0.0,0.0,0.0,0.0,0.0,0.0
14.038781741000001,0.0,0.02068564229463732,-0.009239773060063072,0.5431656618424077,-0.5086509032195972,2.0449058551205814,-1.9954262071588578,60.654999016227556,-70.18232903318562,0.0,0.0,-0.008726646259971648,0.0,0.0,0.0,0.0,0.017453292519943295,0.0,0.0,0.0,0.0,0.0,0.0,0.0,0.0,-0.02531267578125,-0.004218779296875,0.0,0.004218779296875,-0.05906291015625,-0.0168751171875,0.0,-0.007957060546875,0.0,0.0,0.0,0.0,0.0,0.0,0.0,0.0,0.0,0.0,0.0,0.0,0.0,0.0,0.0,0.0,0.0,0.0,0.0,0.0,0.0,0.0,0.0,0.0,0.0,0.0
14.04919319,0.0,0.02068564229463732,-0.009239773060063072,0.5430783953798075,-0.5086509032195972,2.0449058551205814,-1.9954262071588578,60.654999016227556,-70.1821370469679,0.0,0.0,0.0,0.0,0.0,0.0,0.0,0.012217304763960306,0.0,0.0,0.0,0.0,0.0,0.0,0.0,0.0,-0.04218779296875,-0.004218779296875,-0.00843755859375,0.012656337890625,-0.0506253515625,-0.0168751171875,0.0,0.0278497119140625,0.0,0.0,0.0,0.0,0.0,0.0,0.0,0.0,0.0,0.0,0.0,0.0,0.0,0.0,0.0,0.0,0.0,0.0,0.0,0.0,0.0,0.0,0.0,0.0,0.0,0.0
14.058846356,0.0,0.02068564229463732,-0.009239773060063072,0.5430783953798075,-0.5086509032195972,2.0449058551205814,-1.9954262071588578,60.654999016227556,-70.1821370469679,0.0,0.0,0.0,0.0,0.0,0.0,0.0,0.0,0.0,0.0,0.0,0.0,0.0,0.0,0.0,0.0,-0.04218779296875,-0.004218779296875,0.012656337890625,0.012656337890625,-0.02531267578125,0.0,0.0,-0.007957060546875,0.0,0.0,0.0,0.0,0.0,0.0,0.0,0.0,0.0,0.0,0.0,0.0,0.0,0.0,0.0,0.0,0.0,0.0,0.0,0.0,0.0,0.0,0.0,0.0,0.0,0.0
14.068851623,0.0,0.02068564229463732,-0.009239773060063072,0.5430783953798075,-0.5086509032195972,2.0449058551205814,-1.9954262071588578,60.654999016227556,-70.1821370469679,0.0,0.0,0.0,0.0,0.0,0.0,0.0,-0.005235987755982989,0.0,0.0,0.0,0.0,0.0,0.0,0.0,0.0,-0.046406572265625,-0.004218779296875,-0.00843755859375,0.02531267578125,-0.04218779296875,-0.0168751171875,0.0,0.0,0.0,0.0,0.0,0.0,0.0,0.0,0.0,0.0,0.0,0.0,0.0,0.0,0.0,0.0,0.0,0.0,0.0,0.0,0.0,0.0,0.0,0.0,0.0,0.0,0.0,0.0
14.079045309000001,0.0,0.02068564229463732,-0.009239773060063072,0.5429736756246881,-0.5086509032195972,2.0449058551205814,-1.9954262071588578,60.65508628269017,-70.18224176672302,0.0,0.0,-0.003490658503988659,0.0,0.0,0.0,0.017453292519943295,-0.003490658503988659,0.0,0.0,0.0,0.0,0.0,0.0,0.0,0.0,0.02531267578125,-0.004218779296875,0.00843755859375,-0.029531455078125,0.00843755859375,-0.0168751171875,-0.0039785302734375,-0.007957060546875,0.0,0.0,0.0,0.0,0.0,0.0,0.0,0.0,0.0,0.0,0.0,0.0,0.0,0.0,0.0,0.0,0.0,0.0,0.0,0.0,0.0,0.0,0.0,0.0,0.0,0.0
14.088362021,0.0,0.02068564229463732,-0.009239773060063072,0.5429736756246881,-0.5086509032195972,2.0449058551205814,-1.9954262071588578,60.655191002445285,-70.18243375294072,0.0,0.0,0.0,0.0,0.0,0.0,0.0,-0.012217304763960306,0.0,0.0,0.0,0.0,0.0,0.0,0.0,0.0,0.0168751171875,-0.004218779296875,0.00843755859375,0.021093896484375,0.05906291015625,0.05906291015625,0.0,-0.0119355908203125,0.0,0.0,0.0,0.0,0.0,0.0,0.0,0.0,0.0,0.0,0.0,0.0,0.0,0.0,0.0,0.0,0.0,0.0,0.0,0.0,0.0,0.0,0.0,0.0,0.0,0.0
14.098378937000001,0.0,0.02068564229463732,-0.009239773060063072,0.5428864091620884,-0.5085461834644764,2.0449058551205814,-1.9954785670364177,60.655191002445285,-70.18252101940334,0.0,0.0,0.0,0.0,0.004363323129985824,0.0,0.017453292519943295,-0.008726646259971648,0.0,0.0,0.0,0.0,0.0,0.0,0.0,0.0,0.021093896484375,0.0,0.0,-0.037969013671875,0.00843755859375,0.04218779296875,-0.0039785302734375,-0.007957060546875,0.0,0.0,0.0,0.0,0.0,0.0,0.0,0.0,0.0,0.0,0.0,0.0,0.0,0.0,0.0,0.0,0.0,0.0,0.0,0.0,0.0,0.0,0.0,0.0,0.0,0.0
14.108380908,0.0,0.02068564229463732,-0.009239773060063072,0.5428864091620884,-0.5085461834644764,2.0449058551205814,-1.9954785670364177,60.655278268907885,-70.18252101940334,0.0,0.0,-0.010471975511965978,0.0,0.0,-0.004363323129985824,0.005235987755982989,-0.017453292519943295,0.0,0.0,0.0,0.0,0.0,0.0,0.0,0.0,0.021093896484375,-0.004218779296875,0.0,-0.0506253515625,-0.02531267578125,0.05906291015625,-0.0039785302734375,-0.007957060546875,0.0,0.0,0.0,0.0,0.0,0.0,0.0,0.0,0.0,0.0,0.0,0.0,0.0,0.0,0.0,0.0,0.0,0.0,0.0,0.0,0.0,0.0,0.0,0.0,0.0,0.0
14.118375614000001,0.0,0.02068564229463732,-0.009239773060063072,0.542781689406969,-0.5085461834644764,2.0449494883518815,-1.9955222002677178,60.655278268907885,-70.18262573915845,0.0,0.0,-0.017453292519943295,0.0,0.007853981633974483,-0.007853981633974483,0.0,0.0,0.0,0.0,0.0,0.0,0.0,0.0,0.0,0.0,0.021093896484375,-0.004218779296875,0.0,-0.037969013671875,0.0168751171875,0.0,0.0,-0.0039785302734375,0.0,0.0,0.0,0.0,0.0,0.0,0.0,0.0,0.0,0.0,0.0,0.0,0.0,0.0,0.0,0.0,0.0,0.0,0.0,0.0,0.0,0.0,0.0,0.0,0.0,0.0
14.128352817000001,0.0,0.02068564229463732,-0.009239773060063072,0.5426944229443689,-0.5084589170018772,2.0449494883518815,-1.9955745601452777,60.655278268907885,-70.18262573915845,0.0,0.0,-0.015707963267948967,0.012217304763960306,0.0,-0.003490658503988659,0.008726646259971648,0.0,0.0,0.0,0.0,0.0,0.0,0.0,0.0,0.0,0.021093896484375,-0.004218779296875,0.0,0.004218779296875,-0.033750234375,-0.0168751171875,0.0,0.0278497119140625,0.0,0.0,0.0,0.0,0.0,0.0,0.0,0.0,0.0,0.0,0.0,0.0,0.0,0.0,0.0,0.0,0.0,0.0,0.0,0.0,0.0,0.0,0.0,0.0,0.0,0.0
14.138397605000002,0.0,0.02068564229463732,-0.009239773060063072,0.5425024367266498,-0.5084589170018772,2.0449494883518815,-1.9955745601452777,60.655382988663,-70.18262573915845,0.0,0.0,-0.017453292519943295,0.003490658503988659,0.0,-0.004363323129985824,0.0,0.0,0.0,0.0,0.0,0.0,0.0,0.0,0.0,0.0,0.02531267578125,-0.004218779296875,0.0,0.004218779296875,-0.02531267578125,-0.0168751171875,0.0,-0.007957060546875,0.0,0.0,0.0,0.0,0.0,0.0,0.0,0.0,0.0,0.0,0.0,0.0,0.0,0.0,0.0,0.0,0.0,0.0,0.0,0.0,0.0,0.0,0.0,0.0,0.0,0.0
14.148265846000001,0.0,0.02068564229463732,-0.009239773060063072,0.5423977169715304,-0.5082669307841581,2.0450018482294405,-1.9956181933765778,60.655382988663,-70.18262573915845,0.0,0.0,-0.017453292519943295,0.008726646259971648,0.0,0.0,0.0,0.0,0.0,0.0,0.0,0.0,0.0,0.0,0.0,0.0,0.0168751171875,0.004218779296875,-0.00843755859375,0.012656337890625,0.0168751171875,0.06750046875,0.0,-0.007957060546875,0.0,0.0,0.0,0.0,0.0,0.0,0.0,0.0,0.0,0.0,0.0,0.0,0.0,0.0,0.0,0.0,0.0,0.0,0.0,0.0,0.0,0.0,0.0,0.0,0.0,0.0
14.158375626000002,0.0,0.02068564229463732,-0.009239773060063072,0.5423104505089307,-0.508074944566439,2.0450018482294405,-1.9956705532541377,60.655382988663,-70.18262573915845,0.0,0.0,-0.010471975511965978,0.019198621771937627,0.004363323129985824,-0.0026179938779914945,0.0,0.0,0.0,0.0,0.0,0.0,0.0,0.0,0.0,0.0,0.012656337890625,0.0,0.0,-0.037969013671875,-0.02531267578125,-0.0168751171875,0.0,0.01591412109375,0.0,0.0,0.0,0.0,0.0,0.0,0.0,0.0,0.0,0.0,0.0,0.0,0.0,0.0,0.0,0.0,0.0,0.0,0.0,0.0,0.0,0.0,0.0,0.0,0.0,0.0
14.168355197,0.0,0.02068564229463732,-0.009239773060063072,0.5422057307538104,-0.5079702248113191,2.0450018482294405,-1.9957141864854369,60.655382988663,-70.18262573915845,0.0,0.0,-0.013962634015954637,0.017453292519943295,0.0,-0.0026179938779914945,0.0,0.0,0.0,0.0,0.0,0.0,0.0,0.0,0.0,0.0,0.00843755859375,0.0,0.0,-0.037969013671875,-0.02531267578125,0.0,0.0,-0.0039785302734375,0.0,0.0,0.0,0.0,0.0,0.0,0.0,0.0,0.0,0.0,0.0,0.0,0.0,0.0,0.0,0.0,0.0,0.0,0.0,0.0,0.0,0.0,0.0,0.0,0.0,0.0
14.178623476,0.0,0.02068564229463732,-0.009239773060063072,0.5422057307538104,-0.5077782385936009,2.0450018482294405,-1.9957665463629968,60.655382988663,-70.18262573915845,0.0,0.0,0.0,0.017453292519943295,0.0,-0.006981317007977318,0.0,0.0,0.0,0.0,0.0,0.0,0.0,0.0,0.0,0.0,0.004218779296875,-0.004218779296875,0.0,-0.037969013671875,-0.02531267578125,-0.02531267578125,-0.0039785302734375,0.0278497119140625,0.0,0.0,0.0,0.0,0.0,0.0,0.0,0.0,0.0,0.0,0.0,0.0,0.0,0.0,0.0,0.0,0.0,0.0,0.0,0.0,0.0,0.0,0.0,0.0,0.0,0.0
14.188501797,0.0,0.02068564229463732,-0.009239773060063072,0.5422057307538104,-0.507586252375881,2.0450018482294405,-1.9958101795942969,60.655382988663,-70.18262573915845,0.0,0.0,0.0,0.010471975511965978,0.0,-0.006108652381980153,0.0,0.0,0.0,0.0,0.0,0.0,0.0,0.0,0.0,0.0,0.00843755859375,0.0,0.0,-0.037969013671875,0.07593802734375,0.0506253515625,0.0,-0.007957060546875,0.0,0.0,0.0,0.0,0.0,0.0,0.0,0.0,0.0,0.0,0.0,0.0,0.0,0.0,0.0,0.0,0.0,0.0,0.0,0.0,0.0,0.0,0.0,0.0,0.0,0.0
14.198813884000002,0.0,0.02068564229463732,-0.009239773060063072,0.5422057307538104,-0.5074989859132799,2.0450018482294405,-1.9958625394718568,60.655382988663,-70.18262573915845,0.0,0.0,0.0,0.015707963267948967,0.0,0.0,0.0,0.0,0.0,0.0,0.0,0.0,0.0,0.0,0.0,0.0,0.0168751171875,0.00843755859375,-0.012656337890625,-0.037969013671875,0.06750046875,-0.0168751171875,0.0,0.0278497119140625,0.0,0.0,0.0,0.0,0.0,0.0,0.0,0.0,0.0,0.0,0.0,0.0,0.0,0.0,0.0,0.0,0.0,0.0,0.0,0.0,0.0,0.0,0.0,0.0,0.0,0.0
14.208827792000001,0.0,0.02068564229463732,-0.009239773060063072,0.5422057307538104,-0.5073069996955617,2.0450018482294405,-1.9958625394718568,60.655470255125614,-70.18262573915845,0.0,0.0,0.0,0.008726646259971648,0.0,0.0,0.017453292519943295,0.0,0.0,0.0,0.0,0.0,0.0,0.0,0.0,0.0,0.012656337890625,0.012656337890625,0.0,0.012656337890625,0.06750046875,-0.033750234375,0.0,-0.007957060546875,0.0,0.0,0.0,0.0,0.0,0.0,0.0,0.0,0.0,0.0,0.0,0.0,0.0,0.0,0.0,0.0,0.0,0.0,0.0,0.0,0.0,0.0,0.0,0.0,0.0,0.0
14.218781474,0.0,0.02068564229463732,-0.009239773060063072,0.5422057307538104,-0.5072022799404419,2.0450018482294405,-1.9958625394718568,60.655470255125614,-70.18262573915845,0.0,0.0,0.0,0.0,0.0,0.0,0.017453292519943295,0.0,0.0,0.0,0.0,0.0,0.0,0.0,0.0,0.0,0.0168751171875,0.00843755859375,0.0,0.0,0.0506253515625,-0.02531267578125,0.0,-0.007957060546875,0.0,0.0,0.0,0.0,0.0,0.0,0.0,0.0,0.0,0.0,0.0,0.0,0.0,0.0,0.0,0.0,0.0,0.0,0.0,0.0,0.0,0.0,0.0,0.0,0.0,0.0
14.229076121,0.0,0.02068564229463732,-0.009239773060063072,0.5422057307538104,-0.5072022799404419,2.0450018482294405,-1.9958625394718568,60.655574974880714,-70.18262573915845,0.0,0.0,0.0,0.0,0.0,0.0,0.017453292519943295,0.0,0.0,0.0,0.0,0.0,0.0,0.0,0.0,0.0,0.0168751171875,0.00843755859375,0.0,0.004218779296875,0.00843755859375,0.06750046875,0.0,-0.0119355908203125,0.0,0.0,0.0,0.0,0.0,0.0,0.0,0.0,0.0,0.0,0.0,0.0,0.0,0.0,0.0,0.0,0.0,0.0,0.0,0.0,0.0,0.0,0.0,0.0,0.0,0.0
14.238650374,0.0,0.02068564229463732,-0.009239773060063072,0.5423104505089307,-0.5072022799404419,2.0450018482294405,-1.9958625394718568,60.65576696109844,-70.18262573915845,0.0,0.0,0.0,0.0,0.0,0.0,0.013962634015954637,0.0,0.0,0.0,0.0,0.0,0.0,0.0,0.0,0.0,0.00843755859375,0.00843755859375,0.0,0.00843755859375,0.05906291015625,-0.0506253515625,0.0,-0.007957060546875,0.0,0.0,0.0,0.0,0.0,0.0,0.0,0.0,0.0,0.0,0.0,0.0,0.0,0.0,0.0,0.0,0.0,0.0,0.0,0.0,0.0,0.0,0.0,0.0,0.0,0.0
14.248243667,0.0,0.02068564229463732,-0.009239773060063072,0.5423104505089307,-0.5072022799404419,2.0450018482294405,-1.9958625394718568,60.65585422756104,-70.18252101940334,0.0,0.0,0.0,0.0,0.0,0.0,0.015707963267948967,0.0,0.0,0.0,0.0,0.0,0.0,0.0,0.0,0.0,0.00843755859375,0.00843755859375,0.0,0.0168751171875,0.05906291015625,-0.033750234375,-0.0039785302734375,-0.007957060546875,0.0,0.0,0.0,0.0,0.0,0.0,0.0,0.0,0.0,0.0,0.0,0.0,0.0,0.0,0.0,0.0,0.0,0.0,0.0,0.0,0.0,0.0,0.0,0.0,0.0,0.0
14.258343719,0.0,0.02068564229463732,-0.009239773060063072,0.5423104505089307,-0.5072022799404419,2.0450018482294405,-1.9958625394718568,60.65595894731616,-70.18252101940334,0.0,0.0,0.0,0.0,0.0,0.0,0.017453292519943295,0.006981317007977318,0.0,0.0,0.0,0.0,0.0,0.0,0.0,0.0,0.004218779296875,0.00843755859375,-0.004218779296875,0.012656337890625,0.07593802734375,0.0506253515625,0.0039785302734375,-0.007957060546875,0.0,0.0,0.0,0.0,0.0,0.0,0.0,0.0,0.0,0.0,0.0,0.0,0.0,0.0,0.0,0.0,0.0,0.0,0.0,0.0,0.0,0.0,0.0,0.0,0.0,0.0
14.268540925000002,0.0,0.02068564229463732,-0.009239773060063072,0.5423104505089307,-0.5072022799404419,2.0450018482294405,-1.9958625394718568,60.65604621377877,-70.18252101940334,0.0,0.0,0.0,0.0,0.0,0.0,0.015707963267948967,0.0,0.0,0.0,0.0,0.0,0.0,0.0,0.0,0.0,0.00843755859375,0.00843755859375,0.00843755859375,0.012656337890625,0.06750046875,0.0506253515625,0.0,-0.007957060546875,0.0,0.0,0.0,0.0,0.0,0.0,0.0,0.0,0.0,0.0,0.0,0.0,0.0,0.0,0.0,0.0,0.0,0.0,0.0,0.0,0.0,0.0,0.0,0.0,0.0,0.0
14.279053079,0.0,0.02068564229463732,-0.009239773060063072,0.5423104505089307,-0.5073069996955617,2.0450018482294405,-1.9958625394718568,60.65615093353387,-70.18252101940334,0.0,0.0,0.0,-0.008726646259971648,0.0,0.0,0.003490658503988659,0.0,0.0,0.0,0.0,0.0,0.0,0.0,0.0,0.0,0.00843755859375,0.012656337890625,-0.00843755859375,0.0168751171875,0.05906291015625,-0.02531267578125,0.0,-0.0039785302734375,0.0,0.0,0.0,0.0,0.0,0.0,0.0,0.0,0.0,0.0,0.0,0.0,0.0,0.0,0.0,0.0,0.0,0.0,0.0,0.0,0.0,0.0,0.0,0.0,0.0,0.0
14.288640004000001,0.0,0.02068564229463732,-0.009239773060063072,0.5422057307538104,-0.5073069996955617,2.0450018482294405,-1.9958625394718568,60.65623819999647,-70.18252101940334,0.0,0.0,-0.017453292519943295,0.0,0.0,0.0,0.0,0.0,0.0,0.0,0.0,0.0,0.0,0.0,0.0,0.0,0.004218779296875,-0.004218779296875,0.0,0.029531455078125,-0.04218779296875,0.07593802734375,0.0,-0.0119355908203125,0.0,0.0,0.0,0.0,0.0,0.0,0.0,0.0,0.0,0.0,0.0,0.0,0.0,0.0,0.0,0.0,0.0,0.0,0.0,0.0,0.0,0.0,0.0,0.0,0.0,0.0
14.298330995,0.0,0.02068564229463732,-0.009239773060063072,0.5422057307538104,-0.5073069996955617,2.0450018482294405,-1.9958625394718568,60.65623819999647,-70.18252101940334,0.0,0.0,-0.005235987755982989,0.0,0.0,0.0,0.0,0.0,0.0,0.0,0.0,0.0,0.0,0.0,0.0,0.0,-0.029531455078125,-0.004218779296875,0.00843755859375,0.004218779296875,-0.02531267578125,-0.02531267578125,0.0,0.01591412109375,0.0,0.0,0.0,0.0,0.0,0.0,0.0,0.0,0.0,0.0,0.0,0.0,0.0,0.0,0.0,0.0,0.0,0.0,0.0,0.0,0.0,0.0,0.0,0.0,0.0,0.0
14.308277605,0.0,0.02068564229463732,-0.009239773060063072,0.5421184642912111,-0.507394266158161,2.0450018482294405,-1.9958625394718568,60.6563429197516,-70.18252101940334,0.0,0.0,0.0,0.0,0.0,0.0,0.0,0.0,0.0,0.0,0.0,0.0,0.0,0.0,0.0,0.0,-0.046406572265625,-0.004218779296875,-0.004218779296875,0.00843755859375,0.05906291015625,-0.02531267578125,-0.0039785302734375,-0.0119355908203125,0.0,0.0,0.0,0.0,0.0,0.0,0.0,0.0,0.0,0.0,0.0,0.0,0.0,0.0,0.0,0.0,0.0,0.0,0.0,0.0,0.0,0.0,0.0,0.0,0.0,0.0
14.318475099,0.0,0.02068564229463732,-0.009239773060063072,0.5420137445360913,-0.507394266158161,2.0450018482294405,-1.9958101795942969,60.6563429197516,-70.18262573915845,0.0,0.0,-0.012217304763960306,0.0,0.0,0.0,0.0,0.0,0.0,0.0,0.0,0.0,0.0,0.0,0.0,0.0,-0.04218779296875,-0.004218779296875,0.004218779296875,0.00843755859375,0.0506253515625,0.06750046875,-0.0039785302734375,-0.007957060546875,0.0,0.0,0.0,0.0,0.0,0.0,0.0,0.0,0.0,0.0,0.0,0.0,0.0,0.0,0.0,0.0,0.0,0.0,0.0,0.0,0.0,0.0,0.0,0.0,0.0,0.0
14.328294155,0.0,0.02068564229463732,-0.009239773060063072,0.5418217583183718,-0.507394266158161,2.0450018482294405,-1.9958101795942969,60.6563429197516,-70.18262573915845,0.0,0.0,-0.017453292519943295,0.0,0.0,0.0,0.0,0.0,0.0,0.0,0.0,0.0,0.0,0.0,0.0,0.0,-0.04218779296875,0.0,0.0,0.00843755859375,0.06750046875,0.06750046875,0.0039785302734375,-0.007957060546875,0.0,0.0,0.0,0.0,0.0,0.0,0.0,0.0,0.0,0.0,0.0,0.0,0.0,0.0,0.0,0.0,0.0,0.0,0.0,0.0,0.0,0.0,0.0,0.0,0.0,0.0
14.338184892000001,0.0,0.02068564229463732,-0.009239773060063072,0.541734491855772,-0.507394266158161,2.0450018482294405,-1.9958101795942969,60.6563429197516,-70.18262573915845,0.0,0.0,-0.008726646259971648,0.0,0.0,0.0,0.0,0.0,0.0,0.0,0.0,0.0,0.0,0.0,0.0,0.0,-0.046406572265625,-0.004218779296875,0.00843755859375,0.012656337890625,0.06750046875,-0.033750234375,0.0,0.01591412109375,0.0,0.0,0.0,0.0,0.0,0.0,0.0,0.0,0.0,0.0,0.0,0.0,0.0,0.0,0.0,0.0,0.0,0.0,0.0,0.0,0.0,0.0,0.0,0.0,0.0,0.0
14.348228912000002,0.0,0.02068564229463732,-0.009239773060063072,0.5415425056380525,-0.507394266158161,2.0450454814607406,-1.9958101795942969,60.6563429197516,-70.18262573915845,0.0,0.0,-0.008726646259971648,0.0,0.0,0.0,0.0,0.0,0.0,0.0,0.0,0.0,0.0,0.0,0.0,0.0,-0.046406572265625,0.0,0.0,0.00843755859375,-0.0506253515625,-0.033750234375,0.0039785302734375,-0.0119355908203125,0.0,0.0,0.0,0.0,0.0,0.0,0.0,0.0,0.0,0.0,0.0,0.0,0.0,0.0,0.0,0.0,0.0,0.0,0.0,0.0,0.0,0.0,0.0,0.0,0.0,0.0
14.358303364000001,0.0,0.02068564229463732,-0.009239773060063072,0.5413505194203334,-0.507394266158161,2.0450454814607406,-1.9958101795942969,60.6563429197516,-70.18262573915845,0.0,0.0,-0.017453292519943295,0.0,0.0,0.0,0.0,0.0,0.0,0.0,0.0,0.0,0.0,0.0,0.0,0.0,-0.046406572265625,-0.004218779296875,0.0,0.0,0.06750046875,-0.02531267578125,0.0,0.0278497119140625,0.0,0.0,0.0,0.0,0.0,0.0,0.0,0.0,0.0,0.0,0.0,0.0,0.0,0.0,0.0,0.0,0.0,0.0,0.0,0.0,0.0,0.0,0.0,0.0,0.0,0.0
14.368186229,0.0,0.02068564229463732,-0.009239773060063072,0.541245799665214,-0.507394266158161,2.0450454814607406,-1.9958101795942969,60.65623819999647,-70.18252101940334,0.0,0.0,-0.012217304763960306,0.0,0.0,0.0,0.0,0.015707963267948967,0.0,0.0,0.0,0.0,0.0,0.0,0.0,0.0,-0.046406572265625,-0.004218779296875,0.0,0.012656337890625,0.05906291015625,-0.02531267578125,0.0,0.0318282421875,0.0,0.0,0.0,0.0,0.0,0.0,0.0,0.0,0.0,0.0,0.0,0.0,0.0,0.0,0.0,0.0,0.0,0.0,0.0,0.0,0.0,0.0,0.0,0.0,0.0,0.0
14.378171912,0.0,0.02068564229463732,-0.009239773060063072,0.5411585332026143,-0.507394266158161,2.0450454814607406,-1.9958101795942969,60.65623819999647,-70.18252101940334,0.0,0.0,-0.008726646259971648,0.0,0.0,0.0,-0.015707963267948967,0.0,0.0,0.0,0.0,0.0,0.0,0.0,0.0,0.0,0.021093896484375,-0.004218779296875,0.0,0.004218779296875,-0.0168751171875,-0.0506253515625,-0.0039785302734375,-0.007957060546875,0.0,0.0,0.0,0.0,0.0,0.0,0.0,0.0,0.0,0.0,0.0,0.0,0.0,0.0,0.0,0.0,0.0,0.0,0.0,0.0,0.0,0.0,0.0,0.0,0.0,0.0
14.388409470000001,0.0,0.02068564229463732,-0.009239773060063072,0.5411585332026143,-0.507394266158161,2.0450454814607406,-1.9958101795942969,60.65615093353387,-70.18252101940334,0.0,0.0,0.0,0.0,0.0,0.004363323129985824,-0.017453292519943295,0.0,0.0,0.0,0.0,0.0,0.0,0.0,0.0,0.0,0.021093896484375,-0.004218779296875,0.0,0.00843755859375,-0.0506253515625,0.0,0.0039785302734375,-0.007957060546875,0.0,0.0,0.0,0.0,0.0,0.0,0.0,0.0,0.0,0.0,0.0,0.0,0.0,0.0,0.0,0.0,0.0,0.0,0.0,0.0,0.0,0.0,0.0,0.0,0.0,0.0
14.399163644000001,0.0,0.02068564229463732,-0.009239773060063072,0.5411585332026143,-0.507394266158161,2.0450454814607406,-1.9958101795942969,60.65604621377877,-70.18252101940334,0.0,0.0,0.0,0.0,0.0,0.0,0.0,0.0,0.0,0.0,0.0,0.0,0.0,0.0,0.0,0.0,0.021093896484375,0.004218779296875,0.0,0.004218779296875,-0.04218779296875,-0.04218779296875,-0.0039785302734375,-0.0039785302734375,0.0,0.0,0.0,0.0,0.0,0.0,0.0,0.0,0.0,0.0,0.0,0.0,0.0,0.0,0.0,0.0,0.0,0.0,0.0,0.0,0.0,0.0,0.0,0.0,0.0,0.0
14.409190416000001,0.0,0.02068564229463732,-0.009239773060063072,0.5411585332026143,-0.507394266158161,2.0450454814607406,-1.9957665463629968,60.65604621377877,-70.18252101940334,0.0,0.0,0.0,0.0,0.0,0.0,0.0,0.0,0.0,0.0,0.0,0.0,0.0,0.0,0.0,0.0,0.021093896484375,-0.004218779296875,-0.004218779296875,0.0168751171875,0.0168751171875,-0.033750234375,0.0,0.0278497119140625,0.0,0.0,0.0,0.0,0.0,0.0,0.0,0.0,0.0,0.0,0.0,0.0,0.0,0.0,0.0,0.0,0.0,0.0,0.0,0.0,0.0,0.0,0.0,0.0,0.0,0.0
14.418844989,0.0,0.02068564229463732,-0.009239773060063072,0.5411585332026143,-0.5074989859132799,2.0450454814607406,-1.9957665463629968,60.65604621377877,-70.18252101940334,0.0,0.0,0.0,0.0,0.0,0.0008726646259971648,0.0,0.0,0.0,0.0,0.0,0.0,0.0,0.0,0.0,0.0,0.021093896484375,-0.004218779296875,0.0,-0.033750234375,0.05906291015625,-0.033750234375,0.0,0.0119355908203125,0.0,0.0,0.0,0.0,0.0,0.0,0.0,0.0,0.0,0.0,0.0,0.0,0.0,0.0,0.0,0.0,0.0,0.0,0.0,0.0,0.0,0.0,0.0,0.0,0.0,0.0
14.429054579,0.0,0.02068564229463732,-0.009239773060063072,0.5411585332026143,-0.5074989859132799,2.0450454814607406,-1.9957665463629968,60.65615093353387,-70.18252101940334,0.0,0.0,0.008726646259971648,-0.015707963267948967,0.0,0.0,0.005235987755982989,0.0,0.0,0.0,0.0,0.0,0.0,0.0,0.0,0.0,0.021093896484375,0.0,0.0,0.0168751171875,0.00843755859375,0.05906291015625,0.0039785302734375,-0.007957060546875,0.0,0.0,0.0,0.0,0.0,0.0,0.0,0.0,0.0,0.0,0.0,0.0,0.0,0.0,0.0,0.0,0.0,0.0,0.0,0.0,0.0,0.0,0.0,0.0,0.0,0.0
14.438871524000001,0.0,0.02068564229463732,-0.009239773060063072,0.5411585332026143,-0.507586252375881,2.0450454814607406,-1.9957141864854369,60.65623819999647,-70.18252101940334,0.0,0.0,0.0,0.0,0.0,0.0,0.0,-0.008726646259971648,0.0,0.0,0.0,0.0,0.0,0.0,0.0,0.0,0.012656337890625,0.0,0.0,0.004218779296875,0.0168751171875,0.0506253515625,0.0,-0.007957060546875,0.0,0.0,0.0,0.0,0.0,0.0,0.0,0.0,0.0,0.0,0.0,0.0,0.0,0.0,0.0,0.0,0.0,0.0,0.0,0.0,0.0,0.0,0.0,0.0,0.0,0.0
14.448783253,0.0,0.02068564229463732,-0.009239773060063072,0.5411585332026143,-0.507586252375881,2.0450454814607406,-1.9957141864854369,60.65623819999647,-70.18252101940334,0.0,0.0,0.0,-0.006981317007977318,0.0,0.0,0.0,0.0,0.0,0.0,0.0,0.0,0.0,0.0,0.0,0.0,0.02531267578125,-0.004218779296875,0.0,0.012656337890625,0.0,0.07593802734375,0.0039785302734375,-0.0119355908203125,0.0,0.0,0.0,0.0,0.0,0.0,0.0,0.0,0.0,0.0,0.0,0.0,0.0,0.0,0.0,0.0,0.0,0.0,0.0,0.0,0.0,0.0,0.0,0.0,0.0,0.0
14.458994603,0.0,0.02068564229463732,-0.009239773060063072,0.5411585332026143,-0.507586252375881,2.0450454814607406,-1.9957141864854369,60.65623819999647,-70.18252101940334,0.0,0.0,0.0,-0.008726646259971648,0.0,0.0,0.0,0.0,0.0,0.0,0.0,0.0,0.0,0.0,0.0,0.0,0.012656337890625,0.0,0.0,0.00843755859375,0.0168751171875,0.0506253515625,-0.0039785302734375,-0.0119355908203125,0.0,0.0,0.0,0.0,0.0,0.0,0.0,0.0,0.0,0.0,0.0,0.0,0.0,0.0,0.0,0.0,0.0,0.0,0.0,0.0,0.0,0.0,0.0,0.0,0.0,0.0
14.469134400000002,0.0,0.02068564229463732,-0.009239773060063072,0.5411585332026143,-0.507586252375881,2.0450454814607406,-1.9957141864854369,60.65623819999647,-70.18252101940334,0.0,0.0,0.0,0.0,0.0,0.0,0.0,0.0,0.0,0.0,0.0,0.0,0.0,0.0,0.0,0.0,0.021093896484375,0.0,0.0,0.012656337890625,-0.02531267578125,0.0,0.0039785302734375,0.01591412109375,0.0,0.0,0.0,0.0,0.0,0.0,0.0,0.0,0.0,0.0,0.0,0.0,0.0,0.0,0.0,0.0,0.0,0.0,0.0,0.0,0.0,0.0,0.0,0.0,0.0,0.0
14.478936144,0.0,0.02068564229463732,-0.009239773060063072,0.5411585332026143,-0.507586252375881,2.0450454814607406,-1.9957141864854369,60.65623819999647,-70.18262573915845,0.0,0.0,0.0,0.0,0.0,0.0,0.0,0.0,0.0,0.0,0.0,0.0,0.0,0.0,0.0,0.0,0.012656337890625,0.004218779296875,0.0,-0.033750234375,0.05906291015625,0.0506253515625,0.0,-0.0119355908203125,0.0,0.0,0.0,0.0,0.0,0.0,0.0,0.0,0.0,0.0,0.0,0.0,0.0,0.0,0.0,0.0,0.0,0.0,0.0,0.0,0.0,0.0,0.0,0.0,0.0,0.0
14.488462076000001,0.0,0.02068564229463732,-0.009239773060063072,0.5411585332026143,-0.507586252375881,2.0450454814607406,-1.9957141864854369,60.65615093353387,-70.18262573915845,0.0,0.0,0.0,0.0,0.0,0.0,-0.006981317007977318,0.0,0.0,0.0,0.0,0.0,0.0,0.0,0.0,0.0,0.004218779296875,-0.004218779296875,0.0,0.029531455078125,-0.02531267578125,0.0506253515625,0.0039785302734375,-0.0119355908203125,0.0,0.0,0.0,0.0,0.0,0.0,0.0,0.0,0.0,0.0,0.0,0.0,0.0,0.0,0.0,0.0,0.0,0.0,0.0,0.0,0.0,0.0,0.0,0.0,0.0,0.0
14.498219916,0.0,0.02068564229463732,-0.009239773060063072,0.5411585332026143,-0.507586252375881,2.0450454814607406,-1.9957141864854369,60.65604621377877,-70.18262573915845,0.0,0.0,-0.008726646259971648,0.0,0.0,0.0,-0.003490658503988659,0.0,0.0,0.0,0.0,0.0,0.0,0.0,0.0,0.0,0.00843755859375,0.012656337890625,-0.004218779296875,0.021093896484375,0.05906291015625,-0.0168751171875,0.0,-0.0039785302734375,0.0,0.0,0.0,0.0,0.0,0.0,0.0,0.0,0.0,0.0,0.0,0.0,0.0,0.0,0.0,0.0,0.0,0.0,0.0,0.0,0.0,0.0,0.0,0.0,0.0,0.0
14.508297024,0.0,0.02068564229463732,-0.009239773060063072,0.5411585332026143,-0.507586252375881,2.0450018482294405,-1.9957141864854369,60.65585422756104,-70.18262573915845,0.0,0.0,0.0,0.0,0.0,0.0,-0.017453292519943295,0.0,0.0,0.0,0.0,0.0,0.0,0.0,0.0,0.0,0.012656337890625,0.012656337890625,0.0,-0.033750234375,0.0168751171875,0.0506253515625,0.0039785302734375,-0.0119355908203125,0.0,0.0,0.0,0.0,0.0,0.0,0.0,0.0,0.0,0.0,0.0,0.0,0.0,0.0,0.0,0.0,0.0,0.0,0.0,0.0,0.0,0.0,0.0,0.0,0.0,0.0
14.518382068000001,0.0,0.02068564229463732,-0.009239773060063072,0.5411585332026143,-0.507586252375881,2.0450018482294405,-1.9957141864854369,60.65566224134333,-70.18252101940334,0.0,0.0,0.0,0.0,0.0,0.0,-0.022689280275926284,0.0,0.0,0.0,0.0,0.0,0.0,0.0,0.0,0.0,0.00843755859375,0.00843755859375,0.0,-0.033750234375,-0.02531267578125,-0.0168751171875,0.0,0.0278497119140625,0.0,0.0,0.0,0.0,0.0,0.0,0.0,0.0,0.0,0.0,0.0,0.0,0.0,0.0,0.0,0.0,0.0,0.0,0.0,0.0,0.0,0.0,0.0,0.0,0.0,0.0
14.528338662000001,0.0,0.02068564229463732,-0.009239773060063072,0.5411585332026143,-0.507586252375881,2.0450018482294405,-1.9957141864854369,60.655470255125614,-70.18252101940334,0.0,0.0,0.0,0.0,0.0,0.0,-0.017453292519943295,0.0,0.0,0.0,0.0,0.0,0.0,0.0,0.0,0.0,0.00843755859375,0.00843755859375,0.004218779296875,0.012656337890625,-0.05906291015625,-0.033750234375,0.0,0.0318282421875,0.0,0.0,0.0,0.0,0.0,0.0,0.0,0.0,0.0,0.0,0.0,0.0,0.0,0.0,0.0,0.0,0.0,0.0,0.0,0.0,0.0,0.0,0.0,0.0,0.0,0.0
14.538279000000001,0.0,0.02068564229463732,-0.009239773060063072,0.5411585332026143,-0.507586252375881,2.0450018482294405,-1.9957141864854369,60.655278268907885,-70.18252101940334,0.0,0.0,0.0,0.0,0.0,0.0,-0.010471975511965978,0.0,0.0,0.0,0.0,0.0,0.0,0.0,0.0,0.0,0.0168751171875,0.012656337890625,0.0,0.004218779296875,-0.0168751171875,-0.0506253515625,0.0,-0.007957060546875,0.0,0.0,0.0,0.0,0.0,0.0,0.0,0.0,0.0,0.0,0.0,0.0,0.0,0.0,0.0,0.0,0.0,0.0,0.0,0.0,0.0,0.0,0.0,0.0,0.0,0.0
14.548146857,0.0,0.02068564229463732,-0.009239773060063072,0.5411585332026143,-0.507586252375881,2.0450018482294405,-1.9957141864854369,60.65508628269017,-70.18252101940334,0.0,0.0,0.0,0.0,0.0,0.0,-0.017453292519943295,0.0,0.0,0.0,0.0,0.0,0.0,0.0,0.0,0.0,0.004218779296875,0.00843755859375,-0.004218779296875,0.012656337890625,0.06750046875,-0.0506253515625,0.0,-0.0119355908203125,0.0,0.0,0.0,0.0,0.0,0.0,0.0,0.0,0.0,0.0,0.0,0.0,0.0,0.0,0.0,0.0,0.0,0.0,0.0,0.0,0.0,0.0,0.0,0.0,0.0,0.0
14.558429440000001,0.0,0.02068564229463732,-0.009239773060063072,0.5411585332026143,-0.507586252375881,2.0450018482294405,-1.9957141864854369,60.654894296472456,-70.18252101940334,0.0,0.0,0.0,0.0,0.0,0.0,-0.020943951023931956,0.0,0.0,0.0,0.0,0.0,0.0,0.0,0.0,0.0,0.00843755859375,-0.004218779296875,0.0,0.021093896484375,0.06750046875,0.05906291015625,0.0039785302734375,-0.007957060546875,0.0,0.0,0.0,0.0,0.0,0.0,0.0,0.0,0.0,0.0,0.0,0.0,0.0,0.0,0.0,0.0,0.0,0.0,0.0,0.0,0.0,0.0,0.0,0.0,0.0,0.0
14.568203312000001,0.0,0.02068564229463732,-0.009239773060063072,0.5411585332026143,-0.507586252375881,2.0449494883518815,-1.9957141864854369,60.65470231025473,-70.18252101940334,0.0,0.0,0.0,0.0,-0.004363323129985824,0.0,-0.020943951023931956,0.0,0.0,0.0,0.0,0.0,0.0,0.0,0.0,0.0,0.00843755859375,-0.004218779296875,-0.004218779296875,0.021093896484375,0.06750046875,0.06750046875,0.0,-0.0039785302734375,0.0,0.0,0.0,0.0,0.0,0.0,0.0,0.0,0.0,0.0,0.0,0.0,0.0,0.0,0.0,0.0,0.0,0.0,0.0,0.0,0.0,0.0,0.0,0.0,0.0,0.0
14.578629129000001,0.0,0.02068564229463732,-0.009239773060063072,0.5411585332026143,-0.507586252375881,2.0449494883518815,-1.9957141864854369,60.654510324037,-70.18252101940334,0.0,0.0,0.0,0.0,0.0,0.0,-0.017453292519943295,0.0,0.0,0.0,0.0,0.0,0.0,0.0,0.0,0.0,0.012656337890625,-0.004218779296875,0.0,0.012656337890625,0.0168751171875,-0.033750234375,0.0039785302734375,-0.0119355908203125,0.0,0.0,0.0,0.0,0.0,0.0,0.0,0.0,0.0,0.0,0.0,0.0,0.0,0.0,0.0,0.0,0.0,0.0,0.0,0.0,0.0,0.0,0.0,0.0,0.0,0.0
14.58836956,0.0,0.02068564229463732,-0.009239773060063072,0.5411585332026143,-0.507586252375881,2.0449494883518815,-1.9957141864854369,60.65423107135668,-70.18252101940334,0.0,0.0,0.0,0.0,0.0,0.0,-0.029670597283903605,0.0,0.0,0.0,0.0,0.0,0.0,0.0,0.0,0.0,-0.046406572265625,-0.004218779296875,0.004218779296875,0.012656337890625,0.07593802734375,-0.033750234375,0.0039785302734375,-0.0119355908203125,0.0,0.0,0.0,0.0,0.0,0.0,0.0,0.0,0.0,0.0,0.0,0.0,0.0,0.0,0.0,0.0,0.0,0.0,0.0,0.0,0.0,0.0,0.0,0.0,0.0,0.0
14.598309002,0.0,0.02068564229463732,-0.009239773060063072,0.5411585332026143,-0.507586252375881,2.0449494883518815,-1.9957141864854369,60.653934365383854,-70.18252101940334,0.0,0.0,0.0,0.0,0.0,0.0,-0.031415926535897934,0.0,0.0,0.0,0.0,0.0,0.0,0.0,0.0,0.0,-0.04218779296875,-0.004218779296875,0.004218779296875,0.012656337890625,0.06750046875,0.0506253515625,0.0039785302734375,-0.007957060546875,0.0,0.0,0.0,0.0,0.0,0.0,0.0,0.0,0.0,0.0,0.0,0.0,0.0,0.0,0.0,0.0,0.0,0.0,0.0,0.0,0.0,0.0,0.0,0.0,0.0,0.0
14.608494464000001,0.0,0.02068564229463732,-0.009239773060063072,0.5411585332026143,-0.507586252375881,2.0449494883518815,-1.9957141864854369,60.65355039294841,-70.18252101940334,0.0,0.0,0.0,0.0,-0.004363323129985824,0.0,-0.029670597283903605,0.0,0.0,0.0,0.0,0.0,0.0,0.0,0.0,0.0,0.021093896484375,-0.004218779296875,0.004218779296875,0.012656337890625,-0.04218779296875,0.06750046875,0.0039785302734375,-0.007957060546875,0.0,0.0,0.0,0.0,0.0,0.0,0.0,0.0,0.0,0.0,0.0,0.0,0.0,0.0,0.0,0.0,0.0,0.0,0.0,0.0,0.0,0.0,0.0,0.0,0.0,0.0
14.618531220000001,0.0,0.02068564229463732,-0.009239773060063072,0.5411585332026143,-0.507586252375881,2.0449494883518815,-1.9957141864854369,60.65327114026808,-70.18252101940334,0.0,0.0,0.0,0.0,0.0,0.0,-0.027925268031909273,0.0,0.0,0.0,0.0,0.0,0.0,0.0,0.0,0.0,-0.046406572265625,-0.004218779296875,0.0,0.012656337890625,0.0168751171875,0.0,-0.0119355908203125,0.0278497119140625,0.0,0.0,0.0,0.0,0.0,0.0,0.0,0.0,0.0,0.0,0.0,0.0,0.0,0.0,0.0,0.0,0.0,0.0,0.0,0.0,0.0,0.0,0.0,0.0,0.0,0.0
14.628224866,0.0,0.02068564229463732,-0.009239773060063072,0.5411585332026143,-0.5074989859132799,2.0449494883518815,-1.9957141864854369,60.65299188758777,-70.18252101940334,0.0,0.0,0.0,0.0,0.0,0.0,-0.03316125578789226,0.0,0.0,0.0,0.0,0.0,0.0,0.0,0.0,0.0,-0.046406572265625,-0.004218779296875,0.0,0.02531267578125,0.06750046875,-0.04218779296875,0.0039785302734375,-0.007957060546875,0.0,0.0,0.0,0.0,0.0,0.0,0.0,0.0,0.0,0.0,0.0,0.0,0.0,0.0,0.0,0.0,0.0,0.0,0.0,0.0,0.0,0.0,0.0,0.0,0.0,0.0
14.638251509000002,0.0,0.02068564229463732,-0.009239773060063072,0.5411585332026143,-0.5074989859132799,2.0449494883518815,-1.9957141864854369,60.65260791515234,-70.18252101940334,0.0,0.0,0.0,0.0,0.0,0.0,-0.03490658503988659,0.0,0.0,0.0,0.0,0.0,0.0,0.0,0.0,0.0,-0.029531455078125,-0.004218779296875,0.004218779296875,0.00843755859375,-0.05906291015625,0.0,-0.01591412109375,0.0278497119140625,0.0,0.0,0.0,0.0,0.0,0.0,0.0,0.0,0.0,0.0,0.0,0.0,0.0,0.0,0.0,0.0,0.0,0.0,0.0,0.0,0.0,0.0,0.0,0.0,0.0,0.0
14.648248232,0.0,0.02068564229463732,-0.009239773060063072,0.5411585332026143,-0.5074989859132799,2.0449494883518815,-1.9957141864854369,60.65231120917951,-70.18252101940334,0.0,0.0,0.0,0.0,0.0,0.0,-0.031415926535897934,0.012217304763960306,0.0,0.0,0.0,0.0,0.0,0.0,0.0,0.0,-0.046406572265625,-0.004218779296875,0.0,0.029531455078125,-0.05906291015625,0.06750046875,0.007957060546875,-0.0119355908203125,0.0,0.0,0.0,0.0,0.0,0.0,0.0,0.0,0.0,0.0,0.0,0.0,0.0,0.0,0.0,0.0,0.0,0.0,0.0,0.0,0.0,0.0,0.0,0.0,0.0,0.0
14.658257243000001,0.0,0.02068564229463732,-0.009239773060063072,0.5411585332026143,-0.507394266158161,2.0449494883518815,-1.9957141864854369,60.651927236744065,-70.18243375294072,0.0,0.0,0.0,0.005235987755982989,0.0,0.0,-0.027925268031909273,0.017453292519943295,0.0,0.0,0.0,0.0,0.0,0.0,0.0,0.0,-0.04218779296875,-0.004218779296875,0.0,0.0,-0.0168751171875,0.0,0.007957060546875,0.0119355908203125,0.0,0.0,0.0,0.0,0.0,0.0,0.0,0.0,0.0,0.0,0.0,0.0,0.0,0.0,0.0,0.0,0.0,0.0,0.0,0.0,0.0,0.0,0.0,0.0,0.0,0.0
14.668404528000002,0.0,0.02068564229463732,-0.009239773060063072,0.5411585332026143,-0.507394266158161,2.0449494883518815,-1.9957141864854369,60.651647984063736,-70.18243375294072,0.0,0.0,0.0,0.0,0.0,0.0,-0.027925268031909273,0.010471975511965978,0.0,0.0,0.0,0.0,0.0,0.0,0.0,0.0,0.0168751171875,-0.004218779296875,0.0,0.00843755859375,-0.05906291015625,-0.05906291015625,0.007957060546875,-0.007957060546875,0.0,0.0,0.0,0.0,0.0,0.0,0.0,0.0,0.0,0.0,0.0,0.0,0.0,0.0,0.0,0.0,0.0,0.0,0.0,0.0,0.0,0.0,0.0,0.0,0.0,0.0
14.679080013,0.0,0.02068564229463732,-0.009239773060063072,0.5411585332026143,-0.507394266158161,2.0449058551205814,-1.9957141864854369,60.65135127809091,-70.18243375294072,0.0,0.0,0.0,0.0,0.0,0.0,-0.031415926535897934,0.0,0.0,0.0,0.0,0.0,0.0,0.0,0.0,0.0,0.021093896484375,-0.004218779296875,0.0,-0.037969013671875,-0.02531267578125,-0.02531267578125,0.0119355908203125,-0.0039785302734375,0.0,0.0,0.0,0.0,0.0,0.0,0.0,0.0,0.0,0.0,0.0,0.0,0.0,0.0,0.0,0.0,0.0,0.0,0.0,0.0,0.0,0.0,0.0,0.0,0.0,0.0
14.688819612000001,0.0,0.02068564229463732,-0.009239773060063072,0.5411585332026143,-0.507394266158161,2.0449058551205814,-1.9957141864854369,60.651159291873164,-70.18243375294072,0.0,0.0,0.0,0.0,0.0,0.0,-0.019198621771937627,0.0,0.0,0.0,0.0,0.0,0.0,0.0,0.0,0.0,0.021093896484375,-0.004218779296875,0.0,-0.037969013671875,-0.0168751171875,0.0,0.007957060546875,-0.007957060546875,0.0,0.0,0.0,0.0,0.0,0.0,0.0,0.0,0.0,0.0,0.0,0.0,0.0,0.0,0.0,0.0,0.0,0.0,0.0,0.0,0.0,0.0,0.0,0.0,0.0,0.0
14.698617100000002,0.0,0.02068564229463732,-0.009239773060063072,0.5411585332026143,-0.507394266158161,2.0449058551205814,-1.9957141864854369,60.65096730565546,-70.18243375294072,0.0,0.0,0.0,0.0,0.0,0.0,-0.013962634015954637,0.0,0.0,0.0,0.0,0.0,0.0,0.0,0.0,0.0,0.02531267578125,-0.004218779296875,-0.004218779296875,0.00843755859375,0.0168751171875,-0.0168751171875,0.0119355908203125,-0.007957060546875,0.0,0.0,0.0,0.0,0.0,0.0,0.0,0.0,0.0,0.0,0.0,0.0,0.0,0.0,0.0,0.0,0.0,0.0,0.0,0.0,0.0,0.0,0.0,0.0,0.0,0.0
14.708347227,0.0,0.02068564229463732,-0.009239773060063072,0.5411585332026143,-0.5073069996955617,2.0449058551205814,-1.9957141864854369,60.65088003919286,-70.18243375294072,0.0,0.0,0.0,0.005235987755982989,0.0,0.0,-0.0017453292519943296,0.0,0.0,0.0,0.0,0.0,0.0,0.0,0.0,0.0,-0.04218779296875,0.0,0.0,0.00843755859375,-0.04218779296875,-0.0506253515625,0.007957060546875,0.0278497119140625,0.0,0.0,0.0,0.0,0.0,0.0,0.0,0.0,0.0,0.0,0.0,0.0,0.0,0.0,0.0,0.0,0.0,0.0,0.0,0.0,0.0,0.0,0.0,0.0,0.0,0.0
14.718412463000002,0.0,0.02068564229463732,-0.009239773060063072,0.5411585332026143,-0.5073069996955617,2.0449058551205814,-1.9957665463629968,60.65077531943772,-70.18243375294072,0.0,0.0,0.0,0.0,0.0,-0.005235987755982989,0.0,-0.006981317007977318,0.0,0.0,0.0,0.0,0.0,0.0,0.0,0.0,-0.046406572265625,-0.004218779296875,0.0,0.00843755859375,-0.02531267578125,-0.033750234375,0.0119355908203125,-0.0119355908203125,0.0,0.0,0.0,0.0,0.0,0.0,0.0,0.0,0.0,0.0,0.0,0.0,0.0,0.0,0.0,0.0,0.0,0.0,0.0,0.0,0.0,0.0,0.0,0.0,0.0,0.0
14.728411938,0.0,0.02068564229463732,-0.009239773060063072,0.5411585332026143,-0.5073069996955617,2.0449058551205814,-1.9957665463629968,60.65077531943772,-70.18252101940334,0.0,0.0,0.0,0.0,0.0,-0.006108652381980153,0.0,0.0,0.0,0.0,0.0,0.0,0.0,0.0,0.0,0.0,-0.04218779296875,-0.004218779296875,0.0,0.00843755859375,-0.04218779296875,-0.033750234375,0.007957060546875,0.0318282421875,0.0,0.0,0.0,0.0,0.0,0.0,0.0,0.0,0.0,0.0,0.0,0.0,0.0,0.0,0.0,0.0,0.0,0.0,0.0,0.0,0.0,0.0,0.0,0.0,0.0,0.0
14.738783866,0.0,0.02068564229463732,-0.009239773060063072,0.5411585332026143,-0.5073069996955617,2.0449058551205814,-1.9957665463629968,60.65088003919286,-70.18252101940334,0.0,0.0,0.0,0.0,0.0,0.0,0.012217304763960306,0.0,0.0,0.0,0.0,0.0,0.0,0.0,0.0,0.0,-0.04218779296875,-0.004218779296875,0.0,0.012656337890625,-0.0168751171875,-0.02531267578125,-0.0318282421875,-0.0039785302734375,0.0,0.0,0.0,0.0,0.0,0.0,0.0,0.0,0.0,0.0,0.0,0.0,0.0,0.0,0.0,0.0,0.0,0.0,0.0,0.0,0.0,0.0,0.0,0.0,0.0,0.0
14.748582890000002,0.0,0.02068564229463732,-0.009239773060063072,0.5411585332026143,-0.5073069996955617,2.0449058551205814,-1.9958101795942969,60.65088003919286,-70.18252101940334,0.0,0.0,0.0,0.0,0.0,0.0,0.005235987755982989,0.0,0.0,0.0,0.0,0.0,0.0,0.0,0.0,0.0,-0.04218779296875,-0.004218779296875,0.0,0.021093896484375,-0.02531267578125,-0.04218779296875,0.0119355908203125,0.01591412109375,0.0,0.0,0.0,0.0,0.0,0.0,0.0,0.0,0.0,0.0,0.0,0.0,0.0,0.0,0.0,0.0,0.0,0.0,0.0,0.0,0.0,0.0,0.0,0.0,0.0,0.0
14.758396987000001,0.0,0.02068564229463732,-0.009239773060063072,0.5411585332026143,-0.5072022799404419,2.0449058551205814,-1.9958101795942969,60.65096730565546,-70.18262573915845,0.0,0.0,0.0,0.017453292519943295,0.0,-0.004363323129985824,0.017453292519943295,0.0,0.0,0.0,0.0,0.0,0.0,0.0,0.0,0.0,0.012656337890625,0.0,0.0,-0.033750234375,0.00843755859375,-0.0168751171875,-0.0278497119140625,0.0278497119140625,0.0,0.0,0.0,0.0,0.0,0.0,0.0,0.0,0.0,0.0,0.0,0.0,0.0,0.0,0.0,0.0,0.0,0.0,0.0,0.0,0.0,0.0,0.0,0.0,0.0,0.0
14.768366957000001,0.0,0.02068564229463732,-0.009239773060063072,0.5411585332026143,-0.5072022799404419,2.0449058551205814,-1.9958625394718568,60.65096730565546,-70.18271300562107,0.0,0.0,0.0,0.012217304763960306,0.0,-0.0026179938779914945,0.006981317007977318,-0.017453292519943295,0.0,0.0,0.0,0.0,0.0,0.0,0.0,0.0,0.0168751171875,0.012656337890625,-0.004218779296875,-0.029531455078125,-0.02531267578125,0.07593802734375,0.0119355908203125,-0.0039785302734375,0.0,0.0,0.0,0.0,0.0,0.0,0.0,0.0,0.0,0.0,0.0,0.0,0.0,0.0,0.0,0.0,0.0,0.0,0.0,0.0,0.0,0.0,0.0,0.0,0.0,0.0
14.778642468000001,0.0,0.02068564229463732,-0.009239773060063072,0.5411585332026143,-0.5071150134778417,2.0449058551205814,-1.9958625394718568,60.65107202541059,-70.18271300562107,0.0,0.0,0.0,0.003490658503988659,0.0,0.0,0.0,-0.017453292519943295,0.0,0.0,0.0,0.0,0.0,0.0,0.0,0.0,0.021093896484375,-0.004218779296875,0.004218779296875,0.0168751171875,0.0,0.00843755859375,-0.0318282421875,0.0318282421875,0.0,0.0,0.0,0.0,0.0,0.0,0.0,0.0,0.0,0.0,0.0,0.0,0.0,0.0,0.0,0.0,0.0,0.0,0.0,0.0,0.0,0.0,0.0,0.0,0.0,0.0
14.788477237,0.0,0.02068564229463732,-0.009239773060063072,0.5411585332026143,-0.5070102937227219,2.0449058551205814,-1.995906172703156,60.65107202541059,-70.1828177253762,0.0,0.0,0.0,0.017453292519943295,0.0,-0.008726646259971648,0.008726646259971648,-0.017453292519943295,0.0,0.0,0.0,0.0,0.0,0.0,0.0,0.0,0.021093896484375,0.0,0.0,0.00843755859375,-0.02531267578125,-0.02531267578125,-0.0278497119140625,-0.01591412109375,0.0,0.0,0.0,0.0,0.0,0.0,0.0,0.0,0.0,0.0,0.0,0.0,0.0,0.0,0.0,0.0,0.0,0.0,0.0,0.0,0.0,0.0,0.0,0.0,0.0,0.0
14.798450343,0.0,0.02068564229463732,-0.009239773060063072,0.5411585332026143,-0.5069230272601226,2.0449058551205814,-1.995906172703156,60.651159291873164,-70.18290499183878,0.0,0.0,0.0,0.010471975511965978,0.0,0.0,0.0,0.0,0.0,0.0,0.0,0.0,0.0,0.0,0.0,0.0,0.02531267578125,-0.004218779296875,0.0,0.00843755859375,-0.02531267578125,0.0,0.007957060546875,-0.01591412109375,0.0,0.0,0.0,0.0,0.0,0.0,0.0,0.0,0.0,0.0,0.0,0.0,0.0,0.0,0.0,0.0,0.0,0.0,0.0,0.0,0.0,0.0,0.0,0.0,0.0,0.0
14.808619357000001,0.0,0.02068564229463732,-0.009239773060063072,0.5411585332026143,-0.5067310410424035,2.0449058551205814,-1.9959585325807159,60.651159291873164,-70.18300971159388,0.0,0.0,0.0,0.017453292519943295,0.0,-0.0026179938779914945,0.0,-0.005235987755982989,0.0,0.0,0.0,0.0,0.0,0.0,0.0,0.0,0.02531267578125,-0.004218779296875,0.0,0.004218779296875,0.0168751171875,0.00843755859375,-0.0278497119140625,0.0358067724609375,0.0,0.0,0.0,0.0,0.0,0.0,0.0,0.0,0.0,0.0,0.0,0.0,0.0,0.0,0.0,0.0,0.0,0.0,0.0,0.0,0.0,0.0,0.0,0.0,0.0,0.0
14.818442829,0.0,0.02068564229463732,-0.009239773060063072,0.5411585332026143,-0.5065390548246844,2.0449058551205814,-1.996002165812016,60.651159291873164,-70.1830969780565,0.0,0.0,0.0,0.022689280275926284,0.0,-0.0017453292519943296,0.0,-0.012217304763960306,0.0,0.0,0.0,0.0,0.0,0.0,0.0,0.0,0.021093896484375,0.0,0.0,-0.033750234375,0.0168751171875,0.0506253515625,-0.0318282421875,-0.0119355908203125,0.0,0.0,0.0,0.0,0.0,0.0,0.0,0.0,0.0,0.0,0.0,0.0,0.0,0.0,0.0,0.0,0.0,0.0,0.0,0.0,0.0,0.0,0.0,0.0,0.0,0.0
14.828479328,0.0,0.02068564229463732,-0.009239773060063072,0.5411585332026143,-0.5062598021443652,2.0449058551205814,-1.9960545256895759,60.651159291873164,-70.18320169781163,0.0,0.0,0.0,0.02617993877991494,0.0,0.0,0.0,-0.017453292519943295,0.0,0.0,0.0,0.0,0.0,0.0,0.0,0.0,0.00843755859375,-0.004218779296875,0.0,-0.033750234375,0.0168751171875,0.06750046875,0.0119355908203125,-0.0119355908203125,0.0,0.0,0.0,0.0,0.0,0.0,0.0,0.0,0.0,0.0,0.0,0.0,0.0,0.0,0.0,0.0,0.0,0.0,0.0,0.0,0.0,0.0,0.0,0.0,0.0,0.0
14.838441715,0.0,0.02068564229463732,-0.009239773060063072,0.5411585332026143,-0.5060678159266452,2.0449058551205814,-1.9960545256895759,60.65107202541059,-70.1832889642742,0.0,0.0,0.0,0.020943951023931956,0.0,0.0,0.0,-0.017453292519943295,0.0,0.0,0.0,0.0,0.0,0.0,0.0,0.0,0.012656337890625,0.004218779296875,0.0,0.004218779296875,0.0168751171875,-0.02531267578125,-0.0278497119140625,0.0358067724609375,0.0,0.0,0.0,0.0,0.0,0.0,0.0,0.0,0.0,0.0,0.0,0.0,0.0,0.0,0.0,0.0,0.0,0.0,0.0,0.0,0.0,0.0,0.0,0.0,0.0,0.0
14.848471942000002,0.0,0.02068564229463732,-0.009239773060063072,0.5411585332026143,-0.5057711099538063,2.0449058551205814,-1.996098158920875,60.65107202541059,-70.18339368402933,0.0,0.0,0.0,0.019198621771937627,0.0,0.0,0.0,-0.017453292519943295,0.0,0.0,0.0,0.0,0.0,0.0,0.0,0.0,0.012656337890625,-0.004218779296875,0.0,-0.033750234375,0.07593802734375,0.0,0.0039785302734375,-0.0119355908203125,0.0,0.0,0.0,0.0,0.0,0.0,0.0,0.0,0.0,0.0,0.0,0.0,0.0,0.0,0.0,0.0,0.0,0.0,0.0,0.0,0.0,0.0,0.0,0.0,0.0,0.0
14.858429464,0.0,0.02068564229463732,-0.009239773060063072,0.5411585332026143,-0.5055791237360872,2.0449058551205814,-1.9961505187984359,60.65107202541059,-70.18348095049194,0.0,0.0,0.0,0.017453292519943295,0.0,0.0,0.0,-0.008726646259971648,0.0,0.0,0.0,0.0,0.0,0.0,0.0,0.0,0.00843755859375,0.0,-0.004218779296875,0.021093896484375,0.06750046875,0.06750046875,0.0119355908203125,-0.01591412109375,0.0,0.0,0.0,0.0,0.0,0.0,0.0,0.0,0.0,0.0,0.0,0.0,0.0,0.0,0.0,0.0,0.0,0.0,0.0,0.0,0.0,0.0,0.0,0.0,0.0,0.0
14.868301546000001,0.0,0.02068564229463732,-0.009239773060063072,0.5411585332026143,-0.5053871375183681,2.0449494883518815,-1.996194152029736,60.65107202541059,-70.18358567024707,0.0,0.0,0.0,0.019198621771937627,0.0,-0.007853981633974483,0.0,-0.013962634015954637,0.0,0.0,0.0,0.0,0.0,0.0,0.0,0.0,0.012656337890625,0.012656337890625,0.0,-0.033750234375,0.05906291015625,0.06750046875,0.0119355908203125,0.0,0.0,0.0,0.0,0.0,0.0,0.0,0.0,0.0,0.0,0.0,0.0,0.0,0.0,0.0,0.0,0.0,0.0,0.0,0.0,0.0,0.0,0.0,0.0,0.0,0.0,0.0
14.878964198,0.0,0.02068564229463732,-0.009239773060063072,0.5411585332026143,-0.505195151300649,2.0449494883518815,-1.996246511907295,60.651159291873164,-70.18358567024707,0.0,0.0,0.0,0.015707963267948967,0.0,-0.0026179938779914945,0.017453292519943295,0.0,0.0,0.0,0.0,0.0,0.0,0.0,0.0,0.0,0.0168751171875,-0.004218779296875,0.0,-0.037969013671875,0.00843755859375,-0.033750234375,0.0119355908203125,-0.0198926513671875,0.0,0.0,0.0,0.0,0.0,0.0,0.0,0.0,0.0,0.0,0.0,0.0,0.0,0.0,0.0,0.0,0.0,0.0,0.0,0.0,0.0,0.0,0.0,0.0,0.0,0.0
14.888651541000002,0.0,0.02068564229463732,-0.009239773060063072,0.5411585332026143,-0.5051078848380479,2.0449494883518815,-1.996290145138595,60.651159291873164,-70.18358567024707,0.0,0.0,0.0,0.008726646259971648,0.0,-0.003490658503988659,0.0017453292519943296,0.0,0.0,0.0,0.0,0.0,0.0,0.0,0.0,0.0,0.012656337890625,0.012656337890625,0.004218779296875,0.00843755859375,-0.02531267578125,-0.02531267578125,-0.0278497119140625,0.0198926513671875,0.0,0.0,0.0,0.0,0.0,0.0,0.0,0.0,0.0,0.0,0.0,0.0,0.0,0.0,0.0,0.0,0.0,0.0,0.0,0.0,0.0,0.0,0.0,0.0,0.0,0.0
14.898451909,0.0,0.02068564229463732,-0.009239773060063072,0.5411585332026143,-0.505003165082929,2.0449494883518815,-1.996342505016155,60.65126401162829,-70.18358567024707,0.0,0.0,0.0,0.005235987755982989,0.0,-0.008726646259971648,0.0,0.0,0.0,0.0,0.0,0.0,0.0,0.0,0.0,0.0,-0.004218779296875,0.00843755859375,-0.004218779296875,0.004218779296875,-0.06750046875,0.05906291015625,0.0119355908203125,0.023871181640625,0.0,0.0,0.0,0.0,0.0,0.0,0.0,0.0,0.0,0.0,0.0,0.0,0.0,0.0,0.0,0.0,0.0,0.0,0.0,0.0,0.0,0.0,0.0,0.0,0.0,0.0
14.908435895,0.0,0.02068564229463732,-0.009239773060063072,0.5411585332026143,-0.5049158986203297,2.0449494883518815,-1.996342505016155,60.65135127809091,-70.18358567024707,0.0,0.0,0.0,0.003490658503988659,0.0,-0.004363323129985824,0.0,0.0,0.0,0.0,0.0,0.0,0.0,0.0,0.0,0.0,0.00843755859375,0.012656337890625,-0.004218779296875,0.02531267578125,-0.0506253515625,0.05906291015625,0.0119355908203125,-0.0119355908203125,0.0,0.0,0.0,0.0,0.0,0.0,0.0,0.0,0.0,0.0,0.0,0.0,0.0,0.0,0.0,0.0,0.0,0.0,0.0,0.0,0.0,0.0,0.0,0.0,0.0,0.0
14.918390313000002,0.0,0.02068564229463732,-0.009239773060063072,0.541245799665214,-0.504811178865209,2.0449494883518815,-1.996386138247455,60.65135127809091,-70.18358567024707,0.0,0.0,0.0,0.005235987755982989,0.0,0.0,0.0,0.0,0.0,0.0,0.0,0.0,0.0,0.0,0.0,0.0,0.00843755859375,0.00843755859375,0.0,0.021093896484375,0.0168751171875,-0.0168751171875,0.0119355908203125,-0.01591412109375,0.0,0.0,0.0,0.0,0.0,0.0,0.0,0.0,0.0,0.0,0.0,0.0,0.0,0.0,0.0,0.0,0.0,0.0,0.0,0.0,0.0,0.0,0.0,0.0,0.0,0.0
14.928381084000002,0.0,0.02068564229463732,-0.009239773060063072,0.541245799665214,-0.504811178865209,2.0449494883518815,-1.996438498125014,60.65135127809091,-70.18358567024707,0.0,0.0,0.003490658503988659,0.0,0.0,0.0,0.0,0.0,0.0,0.0,0.0,0.0,0.0,0.0,0.0,0.0,0.00843755859375,0.00843755859375,0.0,0.012656337890625,0.07593802734375,-0.033750234375,0.0039785302734375,0.039785302734375,0.0,0.0,0.0,0.0,0.0,0.0,0.0,0.0,0.0,0.0,0.0,0.0,0.0,0.0,0.0,0.0,0.0,0.0,0.0,0.0,0.0,0.0,0.0,0.0,0.0,0.0
14.938355055,0.0,0.02068564229463732,-0.009239773060063072,0.5413505194203334,-0.504811178865209,2.0449494883518815,-1.996438498125014,60.65135127809091,-70.18358567024707,0.0,0.0,0.012217304763960306,0.0,0.0,-0.005235987755982989,0.0,0.0,0.0,0.0,0.0,0.0,0.0,0.0,0.0,0.0,0.012656337890625,-0.004218779296875,0.0,0.012656337890625,-0.0506253515625,-0.02531267578125,0.0119355908203125,0.0,0.0,0.0,0.0,0.0,0.0,0.0,0.0,0.0,0.0,0.0,0.0,0.0,0.0,0.0,0.0,0.0,0.0,0.0,0.0,0.0,0.0,0.0,0.0,0.0,0.0,0.0
14.948351426,0.0,0.02068564229463732,-0.009239773060063072,0.5414377858829331,-0.504811178865209,2.0449494883518815,-1.9964821313563141,60.65126401162829,-70.18358567024707,0.0,0.0,0.008726646259971648,0.0,0.0,0.0,0.0,0.0,0.0,0.0,0.0,0.0,0.0,0.0,0.0,0.0,0.00843755859375,0.00843755859375,0.004218779296875,0.0168751171875,-0.04218779296875,-0.0506253515625,0.007957060546875,-0.0119355908203125,0.0,0.0,0.0,0.0,0.0,0.0,0.0,0.0,0.0,0.0,0.0,0.0,0.0,0.0,0.0,0.0,0.0,0.0,0.0,0.0,0.0,0.0,0.0,0.0,0.0,0.0
14.95833842,0.0,0.02068564229463732,-0.009239773060063072,0.5414377858829331,-0.504811178865209,2.0449058551205814,-1.9964821313563141,60.65126401162829,-70.18358567024707,0.0,0.0,0.0,0.0,0.0,0.0,0.0,0.0,0.0,0.0,0.0,0.0,0.0,0.0,0.0,0.0,0.00843755859375,0.00843755859375,0.0,0.0168751171875,0.00843755859375,0.05906291015625,0.0119355908203125,-0.0119355908203125,0.0,0.0,0.0,0.0,0.0,0.0,0.0,0.0,0.0,0.0,0.0,0.0,0.0,0.0,0.0,0.0,0.0,0.0,0.0,0.0,0.0,0.0,0.0,0.0,0.0,0.0
14.968434249000001,0.0,0.02068564229463732,-0.009239773060063072,0.5414377858829331,-0.504811178865209,2.0449058551205814,-1.9964821313563141,60.65126401162829,-70.18358567024707,0.0,0.0,0.0,0.0,0.0,0.0,0.0,0.0,0.0,0.0,0.0,0.0,0.0,0.0,0.0,0.0,0.00843755859375,-0.00843755859375,0.0,0.0168751171875,-0.033750234375,-0.04218779296875,0.0119355908203125,0.0,0.0,0.0,0.0,0.0,0.0,0.0,0.0,0.0,0.0,0.0,0.0,0.0,0.0,0.0,0.0,0.0,0.0,0.0,0.0,0.0,0.0,0.0,0.0,0.0,0.0,0.0
14.978568126,0.0,0.02068564229463732,-0.009239773060063072,0.5414377858829331,-0.504811178865209,2.0449058551205814,-1.9964821313563141,60.65126401162829,-70.18358567024707,0.0,0.0,0.0,0.0,0.0,0.0,0.0,0.0,0.0,0.0,0.0,0.0,0.0,0.0,0.0,0.0,0.004218779296875,-0.004218779296875,-0.004218779296875,0.004218779296875,-0.0506253515625,-0.02531267578125,-0.023871181640625,-0.0119355908203125,0.0,0.0,0.0,0.0,0.0,0.0,0.0,0.0,0.0,0.0,0.0,0.0,0.0,0.0,0.0,0.0,0.0,0.0,0.0,0.0,0.0,0.0,0.0,0.0,0.0,0.0
14.988547120000002,0.0,0.02068564229463732,-0.009239773060063072,0.5414377858829331,-0.504811178865209,2.0449058551205814,-1.9964821313563141,60.65126401162829,-70.18358567024707,0.0,0.0,0.0,0.0,0.0,0.0,0.0,0.0,0.0,0.0,0.0,0.0,0.0,0.0,0.0,0.0,-0.046406572265625,-0.00843755859375,0.0,0.021093896484375,-0.0506253515625,-0.02531267578125,0.007957060546875,-0.01591412109375,0.0,0.0,0.0,0.0,0.0,0.0,0.0,0.0,0.0,0.0,0.0,0.0,0.0,0.0,0.0,0.0,0.0,0.0,0.0,0.0,0.0,0.0,0.0,0.0,0.0,0.0
14.998451202000002,0.0,0.02068564229463732,-0.009239773060063072,0.5414377858829331,-0.504811178865209,2.0449058551205814,-1.9964821313563141,60.65126401162829,-70.18358567024707,0.0,0.0,0.0,0.0,0.0,0.0,-0.006981317007977318,0.0,0.0,0.0,0.0,0.0,0.0,0.0,0.0,0.0,-0.046406572265625,-0.004218779296875,0.0,0.012656337890625,-0.0168751171875,-0.0506253515625,0.007957060546875,-0.01591412109375,0.0,0.0,0.0,0.0,0.0,0.0,0.0,0.0,0.0,0.0,0.0,0.0,0.0,0.0,0.0,0.0,0.0,0.0,0.0,0.0,0.0,0.0,0.0,0.0,0.0,0.0
15.00840786,0.0,0.02068564229463732,-0.009239773060063072,0.5414377858829331,-0.504811178865209,2.0449058551205814,-1.9964821313563141,60.65126401162829,-70.18348095049194,0.0,0.0,-0.008726646259971648,0.0,0.0,0.0,0.0,0.0,0.0,0.0,0.0,0.0,0.0,0.0,0.0,0.0,-0.046406572265625,-0.004218779296875,0.0,0.0,-0.033750234375,-0.0168751171875,0.0119355908203125,0.0358067724609375,0.0,0.0,0.0,0.0,0.0,0.0,0.0,0.0,0.0,0.0,0.0,0.0,0.0,0.0,0.0,0.0,0.0,0.0,0.0,0.0,0.0,0.0,0.0,0.0,0.0,0.0
15.018412487,0.0,0.02068564229463732,-0.009239773060063072,0.5413505194203334,-0.504811178865209,2.0449058551205814,-1.9964821313563141,60.651159291873164,-70.18348095049194,0.0,0.0,-0.0017453292519943296,0.0,0.0,0.0,-0.008726646259971648,0.0,0.0,0.0,0.0,0.0,0.0,0.0,0.0,0.0,0.021093896484375,-0.004218779296875,0.0,0.004218779296875,0.0168751171875,-0.02531267578125,0.0119355908203125,0.039785302734375,0.0,0.0,0.0,0.0,0.0,0.0,0.0,0.0,0.0,0.0,0.0,0.0,0.0,0.0,0.0,0.0,0.0,0.0,0.0,0.0,0.0,0.0,0.0,0.0,0.0,0.0
15.028555836,0.0,0.02068564229463732,-0.009239773060063072,0.541245799665214,-0.5047239124026097,2.0449058551205814,-1.9964821313563141,60.651159291873164,-70.18339368402933,0.0,0.0,-0.017453292519943295,0.008726646259971648,0.0,0.0,0.0,0.013962634015954637,0.0,0.0,0.0,0.0,0.0,0.0,0.0,0.0,0.02531267578125,-0.004218779296875,0.0,0.0,0.0843755859375,-0.0168751171875,0.0119355908203125,-0.007957060546875,0.0,0.0,0.0,0.0,0.0,0.0,0.0,0.0,0.0,0.0,0.0,0.0,0.0,0.0,0.0,0.0,0.0,0.0,0.0,0.0,0.0,0.0,0.0,0.0,0.0,0.0
15.038466766,0.0,0.02068564229463732,-0.009239773060063072,0.5411585332026143,-0.5046191926474899,2.0449058551205814,-1.9964821313563141,60.651159291873164,-70.18339368402933,0.0,0.0,-0.015707963267948967,0.017453292519943295,0.0,0.0,0.0,0.017453292519943295,0.0,0.0,0.0,0.0,0.0,0.0,0.0,0.0,0.021093896484375,-0.004218779296875,0.0,0.012656337890625,-0.033750234375,-0.04218779296875,0.007957060546875,0.0358067724609375,0.0,0.0,0.0,0.0,0.0,0.0,0.0,0.0,0.0,0.0,0.0,0.0,0.0,0.0,0.0,0.0,0.0,0.0,0.0,0.0,0.0,0.0,0.0,0.0,0.0,0.0
15.048519362,0.0,0.02068564229463732,-0.009239773060063072,0.5410538134474949,-0.5045319261848897,2.0449058551205814,-1.9964821313563141,60.651159291873164,-70.18339368402933,0.0,0.0,-0.008726646259971648,0.017453292519943295,0.0,0.0,0.0,0.0,0.0,0.0,0.0,0.0,0.0,0.0,0.0,0.0,-0.04218779296875,-0.004218779296875,0.004218779296875,0.00843755859375,-0.02531267578125,-0.0168751171875,0.007957060546875,-0.0119355908203125,0.0,0.0,0.0,0.0,0.0,0.0,0.0,0.0,0.0,0.0,0.0,0.0,0.0,0.0,0.0,0.0,0.0,0.0,0.0,0.0,0.0,0.0,0.0,0.0,0.0,0.0
15.058468308,0.0,0.02068564229463732,-0.009239773060063072,0.5408618272297749,-0.5043399399671715,2.0449058551205814,-1.9964821313563141,60.651159291873164,-70.18339368402933,0.0,0.0,-0.017453292519943295,0.019198621771937627,0.0,0.0,0.0,0.0,0.0,0.0,0.0,0.0,0.0,0.0,0.0,0.0,-0.04218779296875,-0.004218779296875,-0.004218779296875,0.004218779296875,-0.02531267578125,-0.0168751171875,0.007957060546875,0.0,0.0,0.0,0.0,0.0,0.0,0.0,0.0,0.0,0.0,0.0,0.0,0.0,0.0,0.0,0.0,0.0,0.0,0.0,0.0,0.0,0.0,0.0,0.0,0.0,0.0,0.0
15.068417862,0.0,0.02068564229463732,-0.009239773060063072,0.5405825745494557,-0.5041479537494515,2.0449058551205814,-1.9964821313563141,60.651159291873164,-70.18339368402933,0.0,0.0,-0.038397243543875255,0.024434609527920613,0.0,0.0,0.0,-0.003490658503988659,0.0,0.0,0.0,0.0,0.0,0.0,0.0,0.0,0.02531267578125,-0.004218779296875,0.0,-0.037969013671875,-0.02531267578125,0.0843755859375,-0.0278497119140625,-0.0039785302734375,0.0,0.0,0.0,0.0,0.0,0.0,0.0,0.0,0.0,0.0,0.0,0.0,0.0,0.0,0.0,0.0,0.0,0.0,0.0,0.0,0.0,0.0,0.0,0.0,0.0,0.0
15.078780798,0.0,0.02068564229463732,-0.009239773060063072,0.540198602114017,-0.5037639813140125,2.0449058551205814,-1.9964821313563141,60.651159291873164,-70.18339368402933,0.0,0.0,-0.04188790204786391,0.03665191429188092,0.0,0.0,0.0,-0.015707963267948967,0.0,0.0,0.0,0.0,0.0,0.0,0.0,0.0,0.0168751171875,-0.004218779296875,0.0,0.0,-0.02531267578125,-0.02531267578125,-0.0278497119140625,-0.01591412109375,0.0,0.0,0.0,0.0,0.0,0.0,0.0,0.0,0.0,0.0,0.0,0.0,0.0,0.0,0.0,0.0,0.0,0.0,0.0,0.0,0.0,0.0,0.0,0.0,0.0,0.0
15.088652143000001,0.0,0.02068564229463732,-0.009239773060063072,0.5397099099234586,-0.5033800088785743,2.0449058551205814,-1.9964821313563141,60.65126401162829,-70.18348095049194,0.0,0.0,-0.05235987755982988,0.04363323129985824,0.0,0.0,0.008726646259971648,-0.015707963267948967,0.0,0.0,0.0,0.0,0.0,0.0,0.0,0.0,0.02531267578125,0.004218779296875,0.0,0.012656337890625,0.06750046875,0.00843755859375,0.007957060546875,0.0,0.0,0.0,0.0,0.0,0.0,0.0,0.0,0.0,0.0,0.0,0.0,0.0,0.0,0.0,0.0,0.0,0.0,0.0,0.0,0.0,0.0,0.0,0.0,0.0,0.0,0.0
15.098484288000002,0.0,0.02068564229463732,-0.009239773060063072,0.5390466848077007,-0.5028913166880162,2.0449494883518815,-1.9964821313563141,60.65135127809091,-70.18348095049194,0.0,0.0,-0.06632251157578452,0.05235987755982988,0.0,0.0,0.017453292519943295,0.0,0.0,0.0,0.0,0.0,0.0,0.0,0.0,0.0,0.00843755859375,0.0,0.0,0.0,0.00843755859375,0.0168751171875,-0.023871181640625,-0.0198926513671875,0.0,0.0,0.0,0.0,0.0,0.0,0.0,0.0,0.0,0.0,0.0,0.0,0.0,0.0,0.0,0.0,0.0,0.0,0.0,0.0,0.0,0.0,0.0,0.0,0.0,0.0
15.108414642000001,0.0,0.02068564229463732,-0.009239773060063072,0.5383834596919432,-0.502228091572257,2.0449494883518815,-1.996534491233874,60.65145599784602,-70.18358567024707,0.0,0.0,-0.07679448708775051,0.06806784082777886,0.0,0.0,0.006981317007977318,0.0,0.0,0.0,0.0,0.0,0.0,0.0,0.0,0.0,0.021093896484375,-0.004218779296875,-0.004218779296875,-0.033750234375,-0.05906291015625,0.0,0.0119355908203125,-0.0119355908203125,0.0,0.0,0.0,0.0,0.0,0.0,0.0,0.0,0.0,0.0,0.0,0.0,0.0,0.0,0.0,0.0,0.0,0.0,0.0,0.0,0.0,0.0,0.0,0.0,0.0,0.0
15.118384420000002,0.0,0.02068564229463732,-0.009239773060063072,0.5376155148210655,-0.5016521329190997,2.0449494883518815,-1.996534491233874,60.65145599784602,-70.18358567024707,0.0,0.0,-0.08028514559173917,0.07155849933176751,0.0,0.0,0.0,0.0,0.0,0.0,0.0,0.0,0.0,0.0,0.0,0.0,0.02531267578125,0.0,0.0,0.0,-0.02531267578125,-0.04218779296875,0.0,0.0,0.0,0.0,0.0,0.0,0.0,0.0,0.0,0.0,0.0,0.0,0.0,0.0,0.0,0.0,0.0,0.0,0.0,0.0,0.0,0.0,0.0,0.0,0.0,0.0,0.0,0.0
15.12846268,0.0,0.02068564229463732,-0.009239773060063072,0.5365508639773489,-0.5008841880482215,2.0449494883518815,-1.9966304843427332,60.65154326430862,-70.18367293670966,0.0,0.0,-0.10995574287564278,0.07853981633974483,0.0,-0.008726646259971648,0.0,0.0,0.0,0.0,0.0,0.0,0.0,0.0,0.0,0.0,0.012656337890625,-0.004218779296875,0.012656337890625,0.0,0.06750046875,-0.02531267578125,0.0,-0.01591412109375,0.0,0.0,0.0,0.0,0.0,0.0,0.0,0.0,0.0,0.0,0.0,0.0,0.0,0.0,0.0,0.0,0.0,0.0,0.0,0.0,0.0,0.0,0.0,0.0,0.0,0.0
15.138478987000001,0.0,0.02068564229463732,-0.009239773060063072,0.5355036664261519,-0.5000115234222253,2.0449494883518815,-1.996726477451594,60.651647984063736,-70.18367293670966,0.0,0.0,-0.10821041362364843,0.09424777960769379,0.004363323129985824,-0.015707963267948967,0.006981317007977318,-0.006981317007977318,0.0,0.0,0.0,0.0,0.0,0.0,0.0,0.0,0.012656337890625,0.0,0.012656337890625,-0.02531267578125,0.0843755859375,-0.00843755859375,0.0039785302734375,-0.0119355908203125,0.0,0.0,0.0,0.0,0.0,0.0,0.0,0.0,0.0,0.0,0.0,0.0,0.0,0.0,0.0,0.0,0.0,0.0,0.0,0.0,0.0,0.0,0.0,0.0,0.0,0.0
15.148486686000002,0.0,0.02068564229463732,-0.009239773060063072,0.5343517491198364,-0.4989643258710288,2.0449494883518815,-1.9969184636693131,60.65173525052635,-70.18377765646477,0.0,0.0,-0.1117010721276371,0.10297442586766545,0.0,-0.017453292519943295,0.0,-0.013962634015954637,0.0,0.0,0.0,0.0,0.0,0.0,0.0,0.0,0.0168751171875,-0.004218779296875,0.02531267578125,-0.02531267578125,-0.04218779296875,0.05906291015625,0.0039785302734375,-0.007957060546875,0.0,0.0,0.0,0.0,0.0,0.0,0.0,0.0,0.0,0.0,0.0,0.0,0.0,0.0,0.0,0.0,0.0,0.0,0.0,0.0,0.0,0.0,0.0,0.0,0.0,0.0
15.158505938000001,0.0,0.02068564229463732,-0.009239773060063072,0.53319983181352,-0.4980043947824315,2.0449494883518815,-1.9971104498870322,60.65173525052635,-70.1840569091451,0.0,0.0,-0.12217304763960307,0.09599310885968812,0.0,-0.025307274153917782,0.0,-0.031415926535897934,0.0,0.0,0.0,0.0,0.0,0.0,0.0,0.0,0.012656337890625,0.00843755859375,-0.021093896484375,-0.021093896484375,-0.0506253515625,0.07593802734375,0.0039785302734375,-0.0119355908203125,0.0,0.0,0.0,0.0,0.0,0.0,0.0,0.0,0.0,0.0,0.0,0.0,0.0,0.0,0.0,0.0,0.0,0.0,0.0,0.0,0.0,0.0,0.0,0.0,0.0,0.0
15.168409795,0.0,0.02068564229463732,-0.009239773060063072,0.5318559282894837,-0.4969571972312359,2.0449494883518815,-1.9973897025673524,60.65173525052635,-70.18444088158054,0.0,0.0,-0.13264502315156904,0.11693705988362009,0.0,-0.028797932657906436,0.0,-0.04188790204786391,0.0,0.0,0.0,0.0,0.0,0.0,0.0,0.0,0.0168751171875,0.00843755859375,0.02531267578125,-0.012656337890625,0.07593802734375,-0.02531267578125,0.0119355908203125,-0.01591412109375,0.0,0.0,0.0,0.0,0.0,0.0,0.0,0.0,0.0,0.0,0.0,0.0,0.0,0.0,0.0,0.0,0.0,0.0,0.0,0.0,0.0,0.0,0.0,0.0,0.0,0.0
15.178612377,0.0,0.02068564229463732,-0.009239773060063072,0.530424758302849,-0.49561329370719864,2.0450018482294405,-1.9975816887850715,60.65173525052635,-70.18501684023367,0.0,0.0,-0.14835298641951802,0.13613568165555773,0.0,-0.011344640137963142,0.0,-0.05759586531581287,0.0,0.0,0.0,0.0,0.0,0.0,0.0,0.0,0.012656337890625,0.00843755859375,0.033750234375,-0.012656337890625,0.0843755859375,-0.0168751171875,0.007957060546875,-0.023871181640625,0.0,0.0,0.0,0.0,0.0,0.0,0.0,0.0,0.0,0.0,0.0,0.0,0.0,0.0,0.0,0.0,0.0,0.0,0.0,0.0,0.0,0.0,0.0,0.0,0.0,0.0
15.188549803,0.0,0.02068564229463732,-0.009239773060063072,0.5286968823433749,-0.49397268421032514,2.0450018482294405,-1.9976776818939306,60.65183997028145,-70.18569751864199,0.0,0.0,-0.19024088846738194,0.1658062789394613,0.0,-0.008726646259971648,0.019198621771937627,-0.07679448708775051,0.0,0.0,0.0,0.0,0.0,0.0,0.0,0.0,0.012656337890625,0.00843755859375,0.029531455078125,-0.004218779296875,-0.04218779296875,0.06750046875,-0.023871181640625,-0.0119355908203125,0.0,0.0,0.0,0.0,0.0,0.0,0.0,0.0,0.0,0.0,0.0,0.0,0.0,0.0,0.0,0.0,0.0,0.0,0.0,0.0,0.0,0.0,0.0,0.0,0.0,0.0
15.198499869,0.0,0.02068564229463732,-0.009239773060063072,0.5268642866287805,-0.49226226154337027,2.0450018482294405,-1.9977300417714905,60.652223942716894,-70.18655272997546,0.0,0.0,-0.16929693744344998,0.18849555921538758,0.004363323129985824,-0.006108652381980153,0.04363323129985824,-0.09250245035569947,0.0,0.0,0.0,0.0,0.0,0.0,0.0,0.0,0.00843755859375,0.00843755859375,0.033750234375,-0.037969013671875,0.0843755859375,-0.04218779296875,0.007957060546875,-0.0198926513671875,0.0,0.0,0.0,0.0,0.0,0.0,0.0,0.0,0.0,0.0,0.0,0.0,0.0,0.0,0.0,0.0,0.0,0.0,0.0,0.0,0.0,0.0,0.0,0.0,0.0,0.0
15.208402351,0.0,0.02068564229463732,-0.009239773060063072,0.5250491442067067,-0.49034239936617574,2.0450018482294405,-1.9977300417714905,60.65260791515234,-70.18751266106403,0.0,0.0,-0.1989675347273536,0.18849555921538758,0.004363323129985824,-0.004363323129985824,0.03316125578789226,-0.10821041362364843,0.0,0.0,0.0,0.0,0.0,0.0,0.0,0.0,0.012656337890625,0.00843755859375,-0.012656337890625,-0.037969013671875,-0.04218779296875,-0.0506253515625,0.007957060546875,-0.023871181640625,0.0,0.0,0.0,0.0,0.0,0.0,0.0,0.0,0.0,0.0,0.0,0.0,0.0,0.0,0.0,0.0,0.0,0.0,0.0,0.0,0.0,0.0,0.0,0.0,0.0,0.0
15.218420738,0.0,0.02068564229463732,-0.009239773060063072,0.5230420155669129,-0.488230550971263,2.0450018482294405,-1.9977736750027906,60.65288716783264,-70.18875184483296,0.0,0.0,-0.1937315469713706,0.23561944901923448,0.0,0.0,0.03665191429188092,-0.10995574287564278,0.0,0.0,0.0,0.0,0.0,0.0,0.0,0.0,0.00843755859375,0.00843755859375,0.029531455078125,0.004218779296875,0.05906291015625,-0.0168751171875,0.0039785302734375,-0.0318282421875,0.0,0.0,0.0,0.0,0.0,0.0,0.0,0.0,0.0,0.0,0.0,0.0,0.0,0.0,0.0,0.0,0.0,0.0,0.0,0.0,0.0,0.0,0.0,0.0,0.0,0.0
15.228577399,0.0,0.02068564229463732,-0.009239773060063072,0.5210174336345994,-0.4859267163586303,2.0450018482294405,-1.9977300417714905,60.65327114026808,-70.18990376213928,0.0,0.0,-0.21467549799530256,0.2059488517353309,0.0,0.004363323129985824,0.029670597283903605,-0.1308996938995747,0.0,0.0,0.0,0.0,0.0,0.0,0.0,0.0,0.00843755859375,0.012656337890625,0.004218779296875,-0.033750234375,-0.0168751171875,-0.0168751171875,-0.01591412109375,-0.0198926513671875,0.0,0.0,0.0,0.0,0.0,0.0,0.0,0.0,0.0,0.0,0.0,0.0,0.0,0.0,0.0,0.0,0.0,0.0,0.0,0.0,0.0,0.0,0.0,0.0,0.0,0.0
15.238411944000001,0.0,0.02068564229463732,-0.009239773060063072,0.5192022912125251,-0.4838148679637184,2.0450018482294405,-1.9977300417714905,60.653655112703525,-70.19135238541843,0.0,0.0,-0.1658062789394613,0.23736477827122884,0.0,0.0,0.03665191429188092,-0.14137166941154067,0.0,0.0,0.0,0.0,0.0,0.0,0.0,0.0,0.00843755859375,-0.004218779296875,0.0168751171875,-0.037969013671875,-0.04218779296875,0.06750046875,0.0,-0.0198926513671875,0.0,0.0,0.0,0.0,0.0,0.0,0.0,0.0,0.0,0.0,0.0,0.0,0.0,0.0,0.0,0.0,0.0,0.0,0.0,0.0,0.0,0.0,0.0,0.0,0.0,0.0
15.248453755000002,0.0,0.02068564229463732,-0.009239773060063072,0.5173871487904513,-0.4817030195688039,2.0450454814607406,-1.9977300417714905,60.653934365383854,-70.19288827516019,0.0,0.0,-0.18151424220741028,0.19024088846738194,0.0,0.0,0.017453292519943295,-0.15358897417550102,0.0,0.0,0.0,0.0,0.0,0.0,0.0,0.0,0.00843755859375,-0.004218779296875,0.0168751171875,-0.021093896484375,0.05906291015625,-0.033750234375,0.0,0.055699423828125,0.0,0.0,0.0,0.0,0.0,0.0,0.0,0.0,0.0,0.0,0.0,0.0,0.0,0.0,0.0,0.0,0.0,0.0,0.0,0.0,0.0,0.0,0.0,0.0,0.0,0.0
15.258400589,0.0,0.02068564229463732,-0.009239773060063072,0.5156592728309768,-0.47978315739161115,2.0450454814607406,-1.9977300417714905,60.65403908513897,-70.19423217868422,0.0,0.0,-0.15533430342749532,0.20245819323134226,0.0,0.0,0.017453292519943295,-0.12915436464758037,0.0,0.0,0.0,0.0,0.0,0.0,0.0,0.0,0.00843755859375,-0.004218779296875,0.0168751171875,-0.012656337890625,-0.04218779296875,0.02531267578125,0.0,-0.007957060546875,0.0,0.0,0.0,0.0,0.0,0.0,0.0,0.0,0.0,0.0,0.0,0.0,0.0,0.0,0.0,0.0,0.0,0.0,0.0,0.0,0.0,0.0,0.0,0.0,0.0,0.0
15.268413185000002,0.0,0.02068564229463732,-0.009239773060063072,0.5142106495518215,-0.47796801496953645,2.0450454814607406,-1.9977300417714905,60.65423107135668,-70.19555862891575,0.0,0.0,-0.16057029118347835,0.15707963267948966,0.0,0.0,0.008726646259971648,-0.12566370614359174,0.0,0.0,0.0,0.0,0.0,0.0,0.0,0.0,-0.04218779296875,-0.00843755859375,0.012656337890625,-0.012656337890625,-0.02531267578125,-0.04218779296875,0.0039785302734375,-0.01591412109375,0.0,0.0,0.0,0.0,0.0,0.0,0.0,0.0,0.0,0.0,0.0,0.0,0.0,0.0,0.0,0.0,0.0,0.0,0.0,0.0,0.0,0.0,0.0,0.0,0.0,0.0
15.278640855,0.0,0.02068564229463732,-0.009239773060063072,0.5126747598100665,-0.4762401390100619,2.0450978413383005,-1.9977300417714905,60.6543183378193,-70.19651856000434,0.0,0.0,-0.13962634015954636,0.1989675347273536,0.0,0.0,0.017453292519943295,-0.08377580409572782,0.0,0.0,0.0,0.0,0.0,0.0,0.0,0.0,-0.046406572265625,0.0,0.02531267578125,0.0,0.07593802734375,-0.05906291015625,0.0039785302734375,0.04774236328125,0.0,0.0,0.0,0.0,0.0,0.0,0.0,0.0,0.0,0.0,0.0,0.0,0.0,0.0,0.0,0.0,0.0,0.0,0.0,0.0,0.0,0.0,0.0,0.0,0.0,0.0
15.288501032000001,0.0,0.02068564229463732,-0.009239773060063072,0.5112435898234313,-0.474424996587989,2.0450978413383005,-1.9977300417714905,60.654510324037,-70.19719923841261,0.0,0.0,-0.14137166941154067,0.15009831567151233,0.0,0.0,0.015707963267948967,-0.06457718232379019,0.0,0.0,0.0,0.0,0.0,0.0,0.0,0.0,-0.046406572265625,-0.004218779296875,0.0168751171875,0.00843755859375,-0.02531267578125,-0.02531267578125,0.0039785302734375,-0.007957060546875,0.0,0.0,0.0,0.0,0.0,0.0,0.0,0.0,0.0,0.0,0.0,0.0,0.0,0.0,0.0,0.0,0.0,0.0,0.0,0.0,0.0,0.0,0.0,0.0,0.0,0.0
15.298803167,0.0,0.02068564229463732,-0.009239773060063072,0.5098124198367957,-0.4729763733088328,2.0450978413383005,-1.9977300417714905,60.65461504379213,-70.19758321084805,0.0,0.0,-0.14486232791552936,0.15707963267948966,0.0,0.0,0.012217304763960306,-0.019198621771937627,0.0,0.0,0.0,0.0,0.0,0.0,0.0,0.0,-0.046406572265625,-0.004218779296875,0.00843755859375,0.012656337890625,-0.0506253515625,0.0,0.0,-0.0039785302734375,0.0,0.0,0.0,0.0,0.0,0.0,0.0,0.0,0.0,0.0,0.0,0.0,0.0,0.0,0.0,0.0,0.0,0.0,0.0,0.0,0.0,0.0,0.0,0.0,0.0,0.0
15.308943604000001,0.0,0.02068564229463732,-0.009239773060063072,0.5083637965576409,-0.4715452033221972,2.0450978413383005,-1.9976776818939306,60.65470231025473,-70.19767047731067,0.0,0.0,-0.14486232791552936,0.11519173063162574,0.0,0.0017453292519943296,0.0,0.0,0.0,0.0,0.0,0.0,0.0,0.0,0.0,0.0,-0.046406572265625,-0.004218779296875,0.00843755859375,0.0168751171875,0.0168751171875,-0.0168751171875,0.0,-0.0039785302734375,0.0,0.0,0.0,0.0,0.0,0.0,0.0,0.0,0.0,0.0,0.0,0.0,0.0,0.0,0.0,0.0,0.0,0.0,0.0,0.0,0.0,0.0,0.0,0.0,0.0,0.0
15.318646339,0.0,0.02068564229463732,-0.009239773060063072,0.507019893033605,-0.47049800577100154,2.0450978413383005,-1.9976776818939306,60.654807030009856,-70.19747849109292,0.0,0.0,-0.12915436464758037,0.1117010721276371,0.0,0.0,0.0,0.03665191429188092,0.0,0.0,0.0,0.0,0.0,0.0,0.0,0.0,-0.04218779296875,-0.004218779296875,0.0,0.02531267578125,-0.02531267578125,-0.02531267578125,-0.0039785302734375,-0.007957060546875,0.0,0.0,0.0,0.0,0.0,0.0,0.0,0.0,0.0,0.0,0.0,0.0,0.0,0.0,0.0,0.0,0.0,0.0,0.0,0.0,0.0,0.0,0.0,0.0,0.0,0.0
15.328618197,0.0,0.02068564229463732,-0.009239773060063072,0.5056759895095695,-0.4693460884646852,2.0450978413383005,-1.9976776818939306,60.654807030009856,-70.19690253243978,0.0,0.0,-0.1343903524035634,0.10821041362364843,0.0,0.0,-0.008726646259971648,0.06457718232379019,0.0,0.0,0.0,0.0,0.0,0.0,0.0,0.0,-0.046406572265625,0.0,0.0168751171875,0.0168751171875,0.02531267578125,0.06750046875,0.0,-0.01591412109375,0.0,0.0,0.0,0.0,0.0,0.0,0.0,0.0,0.0,0.0,0.0,0.0,0.0,0.0,0.0,0.0,0.0,0.0,0.0,0.0,0.0,0.0,0.0,0.0,0.0,0.0
15.338445798,0.0,0.02068564229463732,-0.009239773060063072,0.5044368057406534,-0.4682814376209681,2.0450978413383005,-1.9976776818939306,60.65470231025473,-70.19632657378662,0.0,0.0,-0.10471975511965977,0.10297442586766545,0.0,0.0017453292519943296,0.0,0.05235987755982988,0.0,0.0,0.0,0.0,0.0,0.0,0.0,0.0,-0.046406572265625,-0.004218779296875,0.0168751171875,0.029531455078125,-0.04218779296875,-0.04218779296875,-0.007957060546875,-0.007957060546875,0.0,0.0,0.0,0.0,0.0,0.0,0.0,0.0,0.0,0.0,0.0,0.0,0.0,0.0,0.0,0.0,0.0,0.0,0.0,0.0,0.0,0.0,0.0,0.0,0.0,0.0
15.348237877,0.0,0.02068564229463732,-0.009239773060063072,0.5033896081894569,-0.46742622628749064,2.0450978413383005,-1.9976340486626305,60.65470231025473,-70.19585533488858,0.0,0.0,-0.09773843811168245,0.08552113334772216,0.0,0.0,-0.010471975511965978,0.047123889803846894,0.0,0.0,0.0,0.0,0.0,0.0,0.0,0.0,-0.046406572265625,-0.004218779296875,0.012656337890625,0.021093896484375,-0.02531267578125,-0.00843755859375,-0.0039785302734375,-0.0119355908203125,0.0,0.0,0.0,0.0,0.0,0.0,0.0,0.0,0.0,0.0,0.0,0.0,0.0,0.0,0.0,0.0,0.0,0.0,0.0,0.0,0.0,0.0,0.0,0.0,0.0,0.0
15.358472364,0.0,0.02068564229463732,-0.009239773060063072,0.5024296771008601,-0.4664662951988934,2.0450978413383005,-1.9976340486626305,60.65461504379213,-70.195366642698,0.0,0.0,-0.0994837673636768,0.09250245035569947,0.0,0.0,-0.0017453292519943296,0.047123889803846894,0.0,0.0,0.0,0.0,0.0,0.0,0.0,0.0,-0.04218779296875,0.004218779296875,0.0,0.021093896484375,0.0168751171875,-0.033750234375,0.0039785302734375,0.039785302734375,0.0,0.0,0.0,0.0,0.0,0.0,0.0,0.0,0.0,0.0,0.0,0.0,0.0,0.0,0.0,0.0,0.0,0.0,0.0,0.0,0.0,0.0,0.0,0.0,0.0,0.0
15.368382365,0.0,0.02068564229463732,-0.009239773060063072,0.501557012474863,-0.46559363057289715,2.0450978413383005,-1.9976340486626305,60.654510324037,-70.19498267026256,0.0,0.0,-0.06806784082777886,0.06806784082777886,0.0,0.0,0.0,0.03316125578789226,0.0,0.0,0.0,0.0,0.0,0.0,0.0,0.0,0.02531267578125,0.0,0.0,0.021093896484375,-0.02531267578125,-0.033750234375,-0.007957060546875,-0.007957060546875,0.0,0.0,0.0,0.0,0.0,0.0,0.0,0.0,0.0,0.0,0.0,0.0,0.0,0.0,0.0,0.0,0.0,0.0,0.0,0.0,0.0,0.0,0.0,0.0,0.0,0.0
15.378726837,0.0,0.02068564229463732,-0.009239773060063072,0.5010857735768246,-0.465017671919739,2.0450978413383005,-1.9976340486626305,60.654510324037,-70.19470341758225,0.0,0.0,-0.04188790204786391,0.047123889803846894,0.0,0.0,0.0,0.015707963267948967,0.0,0.0,0.0,0.0,0.0,0.0,0.0,0.0,0.02531267578125,-0.004218779296875,0.0,0.00843755859375,0.0,0.00843755859375,-0.0119355908203125,-0.0318282421875,0.0,0.0,0.0,0.0,0.0,0.0,0.0,0.0,0.0,0.0,0.0,0.0,0.0,0.0,0.0,0.0,0.0,0.0,0.0,0.0,0.0,0.0,0.0,0.0,0.0,0.0
15.388544614,0.0,0.02068564229463732,-0.009239773060063072,0.5008937873591051,-0.46465115277682045,2.0450978413383005,-1.9976340486626305,60.654510324037,-70.19451143136453,0.0,0.0,-0.013962634015954637,0.027925268031909273,0.0,0.0,0.0,0.017453292519943295,0.0,0.0,0.0,0.0,0.0,0.0,0.0,0.0,0.029531455078125,0.0,0.0,-0.0168751171875,0.00843755859375,-0.02531267578125,0.0039785302734375,-0.0198926513671875,0.0,0.0,0.0,0.0,0.0,0.0,0.0,0.0,0.0,0.0,0.0,0.0,0.0,0.0,0.0,0.0,0.0,0.0,0.0,0.0,0.0,0.0,0.0,0.0,0.0,0.0
15.398599417000002,0.0,0.02068564229463732,-0.009239773060063072,0.5008937873591051,-0.46445916655910047,2.0450978413383005,-1.9975816887850715,60.65442305757443,-70.19440671160943,0.0,0.0,0.0,0.0,0.0,0.0,-0.008726646259971648,0.008726646259971648,0.0,0.0,0.0,0.0,0.0,0.0,0.0,0.0,0.021093896484375,-0.004218779296875,-0.004218779296875,0.029531455078125,0.0168751171875,0.0,0.0039785302734375,-0.0198926513671875,0.0,0.0,0.0,0.0,0.0,0.0,0.0,0.0,0.0,0.0,0.0,0.0,0.0,0.0,0.0,0.0,0.0,0.0,0.0,0.0,0.0,0.0,0.0,0.0,0.0,0.0
