time_sec,source_time_sec,hip_L_Joint_pos_rad,hip_R_Joint_pos_rad,thigh_L_Joint_pos_rad,thigh_R_Joint_pos_rad,knee_L_Joint_pos_rad,knee_R_Joint_pos_rad,wheel_L_Joint_pos_rad,wheel_R_Joint_pos_rad,hip_L_Joint_vel_rad/s,hip_R_Joint_vel_rad/s,thigh_L_Joint_vel_rad/s,thigh_R_Joint_vel_rad/s,knee_L_Joint_vel_rad/s,knee_R_Joint_vel_rad/s,wheel_L_Joint_vel_rad/s,wheel_R_Joint_vel_rad/s,hip_L_Joint_torque,hip_R_Joint_torque,thigh_L_Joint_torque,thigh_R_Joint_torque,knee_L_Joint_torque,knee_R_Joint_torque,wheel_L_Joint_torque,wheel_R_Joint_torque,hip_L_Joint_actual_torque,hip_R_Joint_actual_torque,thigh_L_Joint_actual_torque,thigh_R_Joint_actual_torque,knee_L_Joint_actual_torque,knee_R_Joint_actual_torque,wheel_L_Joint_actual_torque,wheel_R_Joint_actual_torque
0.0,0.0,0.006614797865059252,0.009773843811167193,0.2768092193663012,-0.0974766387238839,1.7825571249393681,-1.6409149294937688,3.6349972331285905,-6.1424594095912814,0.0,0.0,0.0,0.0,0.0,0.0,0.0,0.0,-0.4826476679882594,0.6079977949672553,1.8513492179811326,-2.4714134586051886,1.1191964190518673,-2.5522718991026165,0.0396232083439827,0.24882031977176666,0.0,0.02531267578125,-0.00843755859375,0.012656337890625,0.0168751171875,0.00843755859375,0.007957060546875,-0.055699423828125
0.005226861,0.0,0.006614797865059252,0.009773843811167193,0.2768092193663012,-0.0974766387238839,1.7825571249393681,-1.6409149294937688,3.6349972331285905,-6.1424594095912814,0.0,0.0,0.0,0.0,0.0,0.0,0.0,0.0,-0.4826476679882594,0.6079977949672553,1.8513492179811326,-2.4714134586051886,1.1191964190518673,-2.5522718991026165,0.0396232083439827,0.24882031977176666,0.0,0.0168751171875,0.033750234375,0.021093896484375,0.04218779296875,0.0168751171875,-0.0039785302734375,0.0278497119140625
0.010140983000000001,0.0,0.006614797865059252,0.009773843811167193,0.2768092193663012,-0.0974766387238839,1.7825571249393681,-1.6409149294937688,3.6349972331285905,-6.1424594095912814,0.0,0.0,0.0,0.0,0.0,0.0,0.0,0.0,-0.4826476679882594,0.6079977949672553,1.8513492179811326,-2.4714134586051886,1.1191964190518673,-2.5522718991026165,0.0396232083439827,0.24882031977176666,0.0,-0.00843755859375,-0.0168751171875,-0.033750234375,0.0506253515625,0.0,-0.0039785302734375,0.0278497119140625
0.015169506000000001,0.0,0.006614797865059252,0.009773843811167193,0.2768092193663012,-0.0974766387238839,1.7825571249393681,-1.6409149294937688,3.6349972331285905,-6.1424594095912814,0.0,0.0,0.0,0.0,0.0,0.0,0.0,0.0,-0.4826476679882594,0.6079977949672553,1.8513492179811326,-2.4714134586051886,1.1191964190518673,-2.5522718991026165,0.0396232083439827,0.24882031977176666,0.0,-0.00843755859375,-0.00843755859375,0.021093896484375,0.04218779296875,0.00843755859375,0.007957060546875,0.0278497119140625
0.020190734000000002,0.0,0.006614797865059252,0.009773843811167193,0.2768092193663012,-0.0974766387238839,1.7825571249393681,-1.6409149294937688,3.6349972331285905,-6.1424594095912814,0.0,0.0,0.0,0.0,0.0,0.0,0.0,0.0,-0.4826476679882594,0.6079977949672553,1.8513492179811326,-2.4714134586051886,1.1191964190518673,-2.5522718991026165,0.0396232083439827,0.24882031977176666,0.0,0.021093896484375,-0.012656337890625,0.00843755859375,0.033750234375,0.02531267578125,0.0,-0.071613544921875
0.025515100000000002,0.0,0.006614797865059252,0.009773843811167193,0.2768092193663012,-0.0974766387238839,1.7825571249393681,-1.6409149294937688,3.6349972331285905,-6.1424594095912814,0.0,0.0,0.0,0.0,0.0,0.0,0.0,0.0,-0.4826476679882594,0.6079977949672553,1.8513492179811326,-2.4714134586051886,1.1191964190518673,-2.5522718991026165,0.0396232083439827,0.24882031977176666,0.0,-0.004218779296875,0.029531455078125,-0.033750234375,0.0,0.02531267578125,0.007957060546875,0.0278497119140625
0.030566695,0.0,0.006614797865059252,0.009773843811167193,0.2768092193663012,-0.0974766387238839,1.7825571249393681,-1.6409149294937688,3.6349972331285905,-6.1424594095912814,0.0,0.0,0.0,0.0,0.0,0.0,0.0,0.0,-0.4826476679882594,0.6079977949672553,1.8513492179811326,-2.4714134586051886,1.1191964190518673,-2.5522718991026165,0.0396232083439827,0.24882031977176666,0.004218779296875,0.012656337890625,-0.0168751171875,-0.029531455078125,-0.00843755859375,0.00843755859375,0.007957060546875,0.0119355908203125
0.036616251,0.0,0.006614797865059252,0.009773843811167193,0.2768092193663012,-0.0974766387238839,1.7825571249393681,-1.6409149294937688,3.6349972331285905,-6.1424594095912814,0.0,0.0,0.0,0.0,0.0,0.0,0.0,0.0,-0.4826476679882594,0.6079977949672553,1.8513492179811326,-2.4714134586051886,1.1191964190518673,-2.5522718991026165,0.0396232083439827,0.24882031977176666,0.0,0.02531267578125,-0.00843755859375,0.0168751171875,-0.06750046875,-0.02531267578125,-0.007957060546875,0.0278497119140625
0.040571933000000004,0.0,0.006614797865059252,0.009773843811167193,0.2768092193663012,-0.0974766387238839,1.7825571249393681,-1.6409149294937688,3.6349972331285905,-6.1424594095912814,0.0,0.0,0.0,0.0,0.0,0.0,0.0,0.0,-0.4826476679882594,0.6079977949672553,1.8513492179811326,-2.4714134586051886,1.1191964190518673,-2.5522718991026165,0.0396232083439827,0.24882031977176666,0.0,-0.012656337890625,0.0,0.0,0.0,-0.0168751171875,-0.0039785302734375,0.0318282421875
0.045735978000000004,0.0,0.006614797865059252,0.009773843811167193,0.2768092193663012,-0.0974766387238839,1.7825571249393681,-1.6409149294937688,3.6349972331285905,-6.1424594095912814,0.0,0.0,0.0,0.0,0.0,0.0,0.0,0.0,-0.4826476679882594,0.6079977949672553,1.8513492179811326,-2.4714134586051886,1.1191964190518673,-2.5522718991026165,0.0396232083439827,0.24882031977176666,0.0,0.0,0.037969013671875,0.0168751171875,0.0,-0.033750234375,0.0,-0.071613544921875
0.051270425,0.0,0.006614797865059252,0.009773843811167193,0.2768092193663012,-0.0974766387238839,1.7825571249393681,-1.6409149294937688,3.6349972331285905,-6.1424594095912814,0.0,0.0,0.0,0.0,0.0,0.0,0.0,0.0,-0.4826476679882594,0.6079977949672553,1.8513492179811326,-2.4714134586051886,1.1191964190518673,-2.5522718991026165,0.0396232083439827,0.24882031977176666,0.004218779296875,0.0,0.02531267578125,0.004218779296875,0.04218779296875,-0.00843755859375,0.0,-0.071613544921875
0.056811209,0.0,0.006614797865059252,0.009773843811167193,0.2768092193663012,-0.0974766387238839,1.7825571249393681,-1.6409149294937688,3.6349972331285905,-6.1424594095912814,0.0,0.0,0.0,0.0,0.0,0.0,0.0,0.0,-0.4826476679882594,0.6079977949672553,1.8513492179811326,-2.4714134586051886,1.1191964190518673,-2.5522718991026165,0.0396232083439827,0.24882031977176666,0.004218779296875,-0.00843755859375,0.004218779296875,-0.033750234375,0.0506253515625,0.0,-0.0039785302734375,0.0198926513671875
0.062752636,0.0,0.006614797865059252,0.009773843811167193,0.2768092193663012,-0.0974766387238839,1.7825571249393681,-1.6409149294937688,3.6349972331285905,-6.1424594095912814,0.0,0.0,0.0,0.0,0.0,0.0,0.0,0.0,-0.4826476679882594,0.6079977949672553,1.8513492179811326,-2.4714134586051886,1.1191964190518673,-2.5522718991026165,0.0396232083439827,0.24882031977176666,0.0,-0.00843755859375,-0.00843755859375,0.0168751171875,-0.0506253515625,0.00843755859375,-0.007957060546875,0.023871181640625
0.068892881,0.0,0.006614797865059252,0.009773843811167193,0.2768092193663012,-0.0974766387238839,1.7825571249393681,-1.6409149294937688,3.6349972331285905,-6.1424594095912814,0.0,0.0,0.0,0.0,0.0,0.0,0.0,0.0,-0.4826476679882594,0.6079977949672553,1.8513492179811326,-2.4714134586051886,1.1191964190518673,-2.5522718991026165,0.0396232083439827,0.24882031977176666,0.004218779296875,-0.012656337890625,-0.00843755859375,-0.037969013671875,-0.04218779296875,0.0168751171875,-0.007957060546875,-0.071613544921875
0.07322795900000001,0.0,0.006614797865059252,0.009773843811167193,0.2768092193663012,-0.0974766387238839,1.7825571249393681,-1.6409149294937688,3.6349972331285905,-6.1424594095912814,0.0,0.0,0.0,0.0,0.0,0.0,0.0,0.0,-0.4826476679882594,0.6079977949672553,1.8513492179811326,-2.4714134586051886,1.1191964190518673,-2.5522718991026165,0.0396232083439827,0.24882031977176666,0.0,0.02531267578125,-0.012656337890625,0.00843755859375,0.02531267578125,-0.033750234375,-0.0039785302734375,0.0119355908203125
0.079324299,0.0,0.006614797865059252,0.009773843811167193,0.2768092193663012,-0.0974766387238839,1.7825571249393681,-1.6409149294937688,3.6349972331285905,-6.1424594095912814,0.0,0.0,0.0,0.0,0.0,0.0,0.0,0.0,-0.4826476679882594,0.6079977949672553,1.8513492179811326,-2.4714134586051886,1.1191964190518673,-2.5522718991026165,0.0396232083439827,0.24882031977176666,0.0,-0.00843755859375,-0.00843755859375,-0.037969013671875,-0.04218779296875,0.0168751171875,-0.007957060546875,0.0119355908203125
0.084922011,0.0,0.006614797865059252,0.009773843811167193,0.2768092193663012,-0.0974766387238839,1.7825571249393681,-1.6409149294937688,3.6349972331285905,-6.1424594095912814,0.0,0.0,0.0,0.0,0.0,0.0,0.0,0.0,-0.4826476679882594,0.6079977949672553,1.8513492179811326,-2.4714134586051886,1.1191964190518673,-2.5522718991026165,0.0396232083439827,0.24882031977176666,0.0,-0.004218779296875,-0.0168751171875,-0.029531455078125,-0.05906291015625,0.02531267578125,0.0,0.0278497119140625
0.09094542300000001,0.0,0.006614797865059252,0.009773843811167193,0.2768092193663012,-0.0974766387238839,1.7825571249393681,-1.6409149294937688,3.6349972331285905,-6.1424594095912814,0.0,0.0,0.0,0.0,0.0,0.0,0.0,0.0,-0.4826476679882594,0.6079977949672553,1.8513492179811326,-2.4714134586051886,1.1191964190518673,-2.5522718991026165,0.0396232083439827,0.24882031977176666,0.0,-0.004218779296875,-0.00843755859375,0.021093896484375,0.00843755859375,0.0168751171875,0.007957060546875,0.0198926513671875
0.09858536100000001,0.0,0.006614797865059252,0.009773843811167193,0.2768092193663012,-0.0974766387238839,1.7825571249393681,-1.6409149294937688,3.6349972331285905,-6.1424594095912814,0.0,0.0,0.0,0.0,0.0,0.0,0.0,0.0,-0.4826476679882594,0.6079977949672553,1.8513492179811326,-2.4714134586051886,1.1191964190518673,-2.5522718991026165,0.0396232083439827,0.24882031977176666,-0.004218779296875,-0.012656337890625,-0.012656337890625,0.021093896484375,0.0,0.00843755859375,0.0,-0.055699423828125
0.10312997600000001,0.0,0.006614797865059252,0.009773843811167193,0.2768092193663012,-0.0974766387238839,1.7825571249393681,-1.6409149294937688,3.6349972331285905,-6.1424594095912814,0.0,0.0,0.0,0.0,0.0,0.0,0.0,0.0,-0.4826476679882594,0.6079977949672553,1.8513492179811326,-2.4714134586051886,1.1191964190518673,-2.5522718991026165,0.0396232083439827,0.24882031977176666,0.0,-0.0168751171875,-0.00843755859375,0.004218779296875,0.02531267578125,0.02531267578125,-0.0039785302734375,0.0039785302734375
0.108713,0.0,0.006614797865059252,0.009773843811167193,0.2768092193663012,-0.0974766387238839,1.7825571249393681,-1.6409149294937688,3.6349972331285905,-6.1424594095912814,0.0,0.0,0.0,0.0,0.0,0.0,0.0,0.0,-0.4826476679882594,0.6079977949672553,1.8513492179811326,-2.4714134586051886,1.1191964190518673,-2.5522718991026165,0.0396232083439827,0.24882031977176666,0.0,-0.00843755859375,0.0,-0.033750234375,-0.05906291015625,0.02531267578125,0.007957060546875,-0.0517208935546875
0.116016135,0.0,0.006614797865059252,0.009773843811167193,0.2768092193663012,-0.0974766387238839,1.7825571249393681,-1.6409149294937688,3.6349972331285905,-6.1424594095912814,0.0,0.0,0.0,0.0,0.0,0.0,0.0,0.0,-0.4826476679882594,0.6079977949672553,1.8513492179811326,-2.4714134586051886,1.1191964190518673,-2.5522718991026165,0.0396232083439827,0.24882031977176666,0.004218779296875,-0.012656337890625,-0.012656337890625,0.004218779296875,0.033750234375,-0.02531267578125,0.0,0.0278497119140625
0.122231485,0.0,0.006614797865059252,0.009773843811167193,0.2768092193663012,-0.0974766387238839,1.7825571249393681,-1.6409149294937688,3.6349972331285905,-6.1424594095912814,0.0,0.0,0.0,0.0,0.0,0.0,0.0,0.0,-0.4826476679882594,0.6079977949672553,1.8513492179811326,-2.4714134586051886,1.1191964190518673,-2.5522718991026165,0.0396232083439827,0.24882031977176666,0.004218779296875,0.0168751171875,-0.004218779296875,0.004218779296875,0.0,-0.02531267578125,-0.0039785302734375,0.0198926513671875
0.128312369,0.0,0.006614797865059252,0.009773843811167193,0.2768092193663012,-0.0974766387238839,1.7825571249393681,-1.6409149294937688,3.6349972331285905,-6.1424594095912814,0.0,0.0,0.0,0.0,0.0,0.0,0.0,0.0,-0.4826476679882594,0.6079977949672553,1.8513492179811326,-2.4714134586051886,1.1191964190518673,-2.5522718991026165,0.0396232083439827,0.24882031977176666,0.0,0.0,0.029531455078125,0.012656337890625,0.02531267578125,0.0168751171875,0.0,-0.0755920751953125
0.133863969,0.0,0.006614797865059252,0.009773843811167193,0.2768092193663012,-0.0974766387238839,1.7825571249393681,-1.6409149294937688,3.6349972331285905,-6.1424594095912814,0.0,0.0,0.0,0.0,0.0,0.0,0.0,0.0,-0.4826476679882594,0.6079977949672553,1.8513492179811326,-2.4714134586051886,1.1191964190518673,-2.5522718991026165,0.0396232083439827,0.24882031977176666,0.004218779296875,-0.004218779296875,-0.021093896484375,0.00843755859375,0.0168751171875,0.0,-0.007957060546875,-0.071613544921875
0.14021132,0.0,0.006614797865059252,0.009773843811167193,0.2768092193663012,-0.0974766387238839,1.7825571249393681,-1.6409149294937688,3.6349972331285905,-6.1424594095912814,0.0,0.0,0.0,0.0,0.0,0.0,0.0,0.0,-0.4826476679882594,0.6079977949672553,1.8513492179811326,-2.4714134586051886,1.1191964190518673,-2.5522718991026165,0.0396232083439827,0.24882031977176666,0.004218779296875,0.004218779296875,0.0,0.012656337890625,0.00843755859375,0.00843755859375,0.0,0.007957060546875
0.146385037,0.0,0.006614797865059252,0.009773843811167193,0.2768092193663012,-0.0974766387238839,1.7825571249393681,-1.6409149294937688,3.6349972331285905,-6.1424594095912814,0.0,0.0,0.0,0.0,0.0,0.0,0.0,0.0,-0.4826476679882594,0.6079977949672553,1.8513492179811326,-2.4714134586051886,1.1191964190518673,-2.5522718991026165,0.0396232083439827,0.24882031977176666,0.0,0.012656337890625,0.033750234375,0.00843755859375,0.00843755859375,0.00843755859375,-0.0039785302734375,0.0278497119140625
0.15481739800000002,0.0,0.006614797865059252,0.009773843811167193,0.2768092193663012,-0.0974766387238839,1.7825571249393681,-1.6409149294937688,3.6349972331285905,-6.1424594095912814,0.0,0.0,0.0,0.0,0.0,0.0,0.0,0.0,-0.4826476679882594,0.6079977949672553,1.8513492179811326,-2.4714134586051886,1.1191964190518673,-2.5522718991026165,0.0396232083439827,0.24882031977176666,0.0,-0.00843755859375,-0.012656337890625,-0.029531455078125,0.0,-0.033750234375,-0.007957060546875,-0.0596779541015625
0.163155229,0.0,0.006614797865059252,0.009773843811167193,0.2768092193663012,-0.0974766387238839,1.7825571249393681,-1.6409149294937688,3.6349972331285905,-6.1424594095912814,0.0,0.0,0.0,0.0,0.0,0.0,0.0,0.0,-0.4826476679882594,0.6079977949672553,1.8513492179811326,-2.4714134586051886,1.1191964190518673,-2.5522718991026165,0.0396232083439827,0.24882031977176666,0.0,0.02531267578125,0.029531455078125,0.00843755859375,0.033750234375,-0.02531267578125,-0.007957060546875,-0.06763501464843749
0.169845463,0.0,0.006614797865059252,0.009773843811167193,0.2768092193663012,-0.0974766387238839,1.7825571249393681,-1.6409149294937688,3.6349972331285905,-6.1424594095912814,0.0,0.0,0.0,0.0,0.0,0.0,0.0,0.0,-0.4826476679882594,0.6079977949672553,1.8513492179811326,-2.4714134586051886,1.1191964190518673,-2.5522718991026165,0.0396232083439827,0.24882031977176666,-0.004218779296875,-0.004218779296875,0.0,0.012656337890625,0.04218779296875,-0.033750234375,-0.0039785302734375,0.0278497119140625
0.17791689300000002,0.0,0.006614797865059252,0.009773843811167193,0.2768092193663012,-0.0974766387238839,1.7825571249393681,-1.6409149294937688,3.6349972331285905,-6.1424594095912814,0.0,0.0,0.0,0.0,0.0,0.0,0.0,0.0,-0.4826476679882594,0.6079977949672553,1.8513492179811326,-2.4714134586051886,1.1191964190518673,-2.5522718991026165,0.0396232083439827,0.24882031977176666,0.0,0.02531267578125,-0.00843755859375,0.012656337890625,0.0,-0.033750234375,0.007957060546875,0.0198926513671875
0.185020122,0.0,0.006614797865059252,0.009773843811167193,0.2768092193663012,-0.0974766387238839,1.7825571249393681,-1.6409149294937688,3.6349972331285905,-6.1424594095912814,0.0,0.0,0.0,0.0,0.0,0.0,0.0,0.0,-0.4826476679882594,0.6079977949672553,1.8513492179811326,-2.4714134586051886,1.1191964190518673,-2.5522718991026165,0.0396232083439827,0.24882031977176666,0.0,-0.00843755859375,-0.021093896484375,-0.033750234375,-0.05906291015625,0.00843755859375,0.007957060546875,-0.055699423828125
0.192779997,0.0,0.006614797865059252,0.009773843811167193,0.2768092193663012,-0.0974766387238839,1.7825571249393681,-1.6409149294937688,3.6349972331285905,-6.1424594095912814,0.0,0.0,0.0,0.0,0.0,0.0,0.0,0.0,-0.4826476679882594,0.6079977949672553,1.8513492179811326,-2.4714134586051886,1.1191964190518673,-2.5522718991026165,0.0396232083439827,0.24882031977176666,0.0,0.0168751171875,0.033750234375,-0.033750234375,0.00843755859375,0.00843755859375,-0.0039785302734375,0.0278497119140625
0.19998469900000002,0.0,0.006614797865059252,0.009773843811167193,0.2768092193663012,-0.0974766387238839,1.7825571249393681,-1.6409149294937688,3.6349972331285905,-6.1424594095912814,0.0,0.0,0.0,0.0,0.0,0.0,0.0,0.0,-0.4826476679882594,0.6079977949672553,1.8513492179811326,-2.4714134586051886,1.1191964190518673,-2.5522718991026165,0.0396232083439827,0.24882031977176666,0.0,0.0,-0.00843755859375,0.0,0.0,-0.02531267578125,0.007957060546875,-0.0517208935546875
0.20731887400000001,0.0,0.006614797865059252,0.009773843811167193,0.2768092193663012,-0.0974766387238839,1.7825571249393681,-1.6409149294937688,3.6349972331285905,-6.1424594095912814,0.0,0.0,0.0,0.0,0.0,0.0,0.0,0.0,-0.4826476679882594,0.6079977949672553,1.8513492179811326,-2.4714134586051886,1.1191964190518673,-2.5522718991026165,0.0396232083439827,0.24882031977176666,0.004218779296875,-0.012656337890625,-0.00843755859375,0.012656337890625,0.00843755859375,0.0168751171875,-0.0039785302734375,-0.055699423828125
0.214489336,0.0,0.006614797865059252,0.009773843811167193,0.2768092193663012,-0.0974766387238839,1.7825571249393681,-1.6409149294937688,3.6349972331285905,-6.1424594095912814,0.0,0.0,0.0,0.0,0.0,0.0,0.0,0.0,-0.4826476679882594,0.6079977949672553,1.8513492179811326,-2.4714134586051886,1.1191964190518673,-2.5522718991026165,0.0396232083439827,0.24882031977176666,0.0,-0.00843755859375,0.033750234375,0.012656337890625,-0.05906291015625,0.0168751171875,0.0,0.0039785302734375
0.221597237,0.0,0.006614797865059252,0.009773843811167193,0.2768092193663012,-0.0974766387238839,1.7825571249393681,-1.6409149294937688,3.6349972331285905,-6.1424594095912814,0.0,0.0,0.0,0.0,0.0,0.0,0.0,0.0,-0.4826476679882594,0.6079977949672553,1.8513492179811326,-2.4714134586051886,1.1191964190518673,-2.5522718991026165,0.0396232083439827,0.24882031977176666,0.004218779296875,-0.004218779296875,0.021093896484375,0.021093896484375,0.00843755859375,-0.04218779296875,0.0,-0.0755920751953125
0.22836219100000002,0.0,0.006614797865059252,0.009773843811167193,0.2768092193663012,-0.0974766387238839,1.7825571249393681,-1.6409149294937688,3.6349972331285905,-6.1424594095912814,0.0,0.0,0.0,0.0,0.0,0.0,0.0,0.0,-0.4826476679882594,0.6079977949672553,1.8513492179811326,-2.4714134586051886,1.1191964190518673,-2.5522718991026165,0.0396232083439827,0.24882031977176666,-0.00843755859375,0.029531455078125,0.037969013671875,0.004218779296875,0.00843755859375,-0.02531267578125,-0.0039785302734375,0.0278497119140625
0.235354059,0.0,0.006614797865059252,0.009773843811167193,0.2768092193663012,-0.0974766387238839,1.7825571249393681,-1.6409149294937688,3.6349972331285905,-6.1424594095912814,0.0,0.0,0.0,0.0,0.0,0.0,0.0,0.0,-0.4826476679882594,0.6079977949672553,1.8513492179811326,-2.4714134586051886,1.1191964190518673,-2.5522718991026165,0.0396232083439827,0.24882031977176666,-0.004218779296875,0.0168751171875,-0.00843755859375,0.004218779296875,-0.00843755859375,-0.033750234375,0.0,0.0198926513671875
0.243609171,0.0,0.006614797865059252,0.009773843811167193,0.2768092193663012,-0.0974766387238839,1.7825571249393681,-1.6409149294937688,3.6349972331285905,-6.1424594095912814,0.0,0.0,0.0,0.0,0.0,0.0,0.0,0.0,-0.4826476679882594,0.6079977949672553,1.8513492179811326,-2.4714134586051886,1.1191964190518673,-2.5522718991026165,0.0396232083439827,0.24882031977176666,0.0,-0.004218779296875,-0.012656337890625,0.012656337890625,0.04218779296875,-0.02531267578125,0.0,-0.0517208935546875
0.250575631,0.0,0.006614797865059252,0.009773843811167193,0.2768092193663012,-0.0974766387238839,1.7825571249393681,-1.6409149294937688,3.6349972331285905,-6.1424594095912814,0.0,0.0,0.0,0.0,0.0,0.0,0.0,0.0,-0.4826476679882594,0.6079977949672553,1.8513492179811326,-2.4714134586051886,1.1191964190518673,-2.5522718991026165,0.0396232083439827,0.24882031977176666,0.0,0.0,-0.021093896484375,0.00843755859375,0.04218779296875,0.00843755859375,0.0,0.0198926513671875
0.259560668,0.0,0.006614797865059252,0.009773843811167193,0.2768092193663012,-0.0974766387238839,1.7825571249393681,-1.6409149294937688,3.6349972331285905,-6.1424594095912814,0.0,0.0,0.0,0.0,0.0,0.0,0.0,0.0,-0.4826476679882594,0.6079977949672553,1.8513492179811326,-2.4714134586051886,1.1191964190518673,-2.5522718991026165,0.0396232083439827,0.24882031977176666,0.004218779296875,-0.004218779296875,-0.0168751171875,-0.029531455078125,0.0,0.00843755859375,0.007957060546875,0.0278497119140625
0.26659167300000003,0.0,0.006614797865059252,0.009773843811167193,0.2768092193663012,-0.0974766387238839,1.7825571249393681,-1.6409149294937688,3.6349972331285905,-6.1424594095912814,0.0,0.0,0.0,0.0,0.0,0.0,0.0,0.0,-0.4826476679882594,0.6079977949672553,1.8513492179811326,-2.4714134586051886,1.1191964190518673,-2.5522718991026165,0.0396232083439827,0.24882031977176666,0.004218779296875,-0.012656337890625,0.0,0.012656337890625,0.0,-0.033750234375,0.0,0.023871181640625
0.274579101,0.0,0.006614797865059252,0.009773843811167193,0.2768092193663012,-0.0974766387238839,1.7825571249393681,-1.6409149294937688,3.6349972331285905,-6.1424594095912814,0.0,0.0,0.0,0.0,0.0,0.0,0.0,0.0,-0.4826476679882594,0.6079977949672553,1.8513492179811326,-2.4714134586051886,1.1191964190518673,-2.5522718991026165,0.0396232083439827,0.24882031977176666,0.004218779296875,-0.012656337890625,0.029531455078125,-0.033750234375,0.0506253515625,0.0,-0.0039785302734375,0.023871181640625
0.281498713,0.0,0.006614797865059252,0.009773843811167193,0.2768092193663012,-0.0974766387238839,1.7825571249393681,-1.6409149294937688,3.6349972331285905,-6.1424594095912814,0.0,0.0,0.0,0.0,0.0,0.0,0.0,0.0,-0.4826476679882594,0.6079977949672553,1.8513492179811326,-2.4714134586051886,1.1191964190518673,-2.5522718991026165,0.0396232083439827,0.24882031977176666,0.0,-0.00843755859375,0.029531455078125,0.012656337890625,-0.05906291015625,-0.033750234375,-0.0039785302734375,0.023871181640625
0.289311196,0.0,0.006614797865059252,0.009773843811167193,0.2768092193663012,-0.0974766387238839,1.7825571249393681,-1.6409149294937688,3.6349972331285905,-6.1424594095912814,0.0,0.0,0.0,0.0,0.0,0.0,0.0,0.0,-0.4826476679882594,0.6079977949672553,1.8513492179811326,-2.4714134586051886,1.1191964190518673,-2.5522718991026165,0.0396232083439827,0.24882031977176666,-0.00843755859375,0.0,0.0,0.02531267578125,0.0,0.0,0.0119355908203125,0.0198926513671875
0.29897326300000004,0.0,0.006614797865059252,0.009773843811167193,0.2768092193663012,-0.0974766387238839,1.7825571249393681,-1.6409149294937688,3.6349972331285905,-6.1424594095912814,0.0,0.0,0.0,0.0,0.0,0.0,0.0,0.0,-0.4826476679882594,0.6079977949672553,1.8513492179811326,-2.4714134586051886,1.1191964190518673,-2.5522718991026165,0.0396232083439827,0.24882031977176666,0.0,-0.012656337890625,0.00843755859375,-0.029531455078125,0.0506253515625,-0.033750234375,0.0,0.0198926513671875
0.303821561,0.0,0.006614797865059252,0.009773843811167193,0.2768092193663012,-0.0974766387238839,1.7825571249393681,-1.6409149294937688,3.6349972331285905,-6.1424594095912814,0.0,0.0,0.0,0.0,0.0,0.0,0.0,0.0,-0.4826476679882594,0.6079977949672553,1.8513492179811326,-2.4714134586051886,1.1191964190518673,-2.5522718991026165,0.0396232083439827,0.24882031977176666,-0.004218779296875,0.0,0.02531267578125,0.012656337890625,0.0,0.00843755859375,0.007957060546875,-0.0517208935546875
0.311224985,0.0,0.006614797865059252,0.009773843811167193,0.2768092193663012,-0.0974766387238839,1.7825571249393681,-1.6409149294937688,3.6349972331285905,-6.1424594095912814,0.0,0.0,0.0,0.0,0.0,0.0,0.0,0.0,-0.4826476679882594,0.6079977949672553,1.8513492179811326,-2.4714134586051886,1.1191964190518673,-2.5522718991026165,0.0396232083439827,0.24882031977176666,0.004218779296875,0.02531267578125,-0.012656337890625,0.012656337890625,0.0,-0.033750234375,-0.007957060546875,0.0278497119140625
0.318634105,0.0,0.006614797865059252,0.009773843811167193,0.2768092193663012,-0.0974766387238839,1.7825571249393681,-1.6409149294937688,3.6349972331285905,-6.1424594095912814,0.0,0.0,0.0,0.0,0.0,0.0,0.0,0.0,-0.4826476679882594,0.6079977949672553,1.8513492179811326,-2.4714134586051886,1.1191964190518673,-2.5522718991026165,0.0396232083439827,0.24882031977176666,0.0,0.0,-0.00843755859375,0.004218779296875,0.00843755859375,0.0,0.007957060546875,0.0198926513671875
0.325696566,0.0,0.006614797865059252,0.009773843811167193,0.2768092193663012,-0.0974766387238839,1.7825571249393681,-1.6409149294937688,3.6349972331285905,-6.1424594095912814,0.0,0.0,0.0,0.0,0.0,0.0,0.0,0.0,-0.4826476679882594,0.6079977949672553,1.8513492179811326,-2.4714134586051886,1.1191964190518673,-2.5522718991026165,0.0396232083439827,0.24882031977176666,0.0,0.02531267578125,0.037969013671875,-0.037969013671875,0.00843755859375,0.0,0.0,0.0198926513671875
0.333027605,0.0,0.006614797865059252,0.009773843811167193,0.2768092193663012,-0.0974766387238839,1.7825571249393681,-1.6409149294937688,3.6349972331285905,-6.1424594095912814,0.0,0.0,0.0,0.0,0.0,0.0,0.0,0.0,-0.4826476679882594,0.6079977949672553,1.8513492179811326,-2.4714134586051886,1.1191964190518673,-2.5522718991026165,0.0396232083439827,0.24882031977176666,0.004218779296875,-0.004218779296875,0.0,0.012656337890625,-0.06750046875,-0.0168751171875,0.0119355908203125,0.023871181640625
0.339615118,0.0,0.006614797865059252,0.009773843811167193,0.2768092193663012,-0.0974766387238839,1.7825571249393681,-1.6409149294937688,3.6349972331285905,-6.1424594095912814,0.0,0.0,0.0,0.0,0.0,0.0,0.0,0.0,-0.4826476679882594,0.6079977949672553,1.8513492179811326,-2.4714134586051886,1.1191964190518673,-2.5522718991026165,0.0396232083439827,0.24882031977176666,0.004218779296875,-0.00843755859375,-0.021093896484375,0.004218779296875,0.0,-0.033750234375,0.007957060546875,-0.055699423828125
0.346963629,0.0,0.006614797865059252,0.009773843811167193,0.2768092193663012,-0.0974766387238839,1.7825571249393681,-1.6409149294937688,3.6349972331285905,-6.1424594095912814,0.0,0.0,0.0,0.0,0.0,0.0,0.0,0.0,-0.4826476679882594,0.6079977949672553,1.8513492179811326,-2.4714134586051886,1.1191964190518673,-2.5522718991026165,0.0396232083439827,0.24882031977176666,0.0,-0.00843755859375,0.0,0.0168751171875,0.0,0.0,-0.007957060546875,0.0358067724609375
0.354429549,0.0,0.006614797865059252,0.009773843811167193,0.2768092193663012,-0.0974766387238839,1.7825571249393681,-1.6409149294937688,3.6349972331285905,-6.1424594095912814,0.0,0.0,0.0,0.0,0.0,0.0,0.0,0.0,-0.4826476679882594,0.6079977949672553,1.8513492179811326,-2.4714134586051886,1.1191964190518673,-2.5522718991026165,0.0396232083439827,0.24882031977176666,0.0,0.0,-0.012656337890625,-0.033750234375,0.00843755859375,0.0168751171875,-0.0039785302734375,0.0198926513671875
0.36204171100000004,0.0,0.006614797865059252,0.009773843811167193,0.2768092193663012,-0.0974766387238839,1.7825571249393681,-1.6409149294937688,3.6349972331285905,-6.1424594095912814,0.0,0.0,0.0,0.0,0.0,0.0,0.0,0.0,-0.4826476679882594,0.6079977949672553,1.8513492179811326,-2.4714134586051886,1.1191964190518673,-2.5522718991026165,0.0396232083439827,0.24882031977176666,0.0,-0.0168751171875,-0.021093896484375,-0.033750234375,0.0,-0.04218779296875,0.0,0.023871181640625
0.369833106,0.0,0.006614797865059252,0.009773843811167193,0.2768092193663012,-0.0974766387238839,1.7825571249393681,-1.6409149294937688,3.6349972331285905,-6.1424594095912814,0.0,0.0,0.0,0.0,0.0,0.0,0.0,0.0,-0.4826476679882594,0.6079977949672553,1.8513492179811326,-2.4714134586051886,1.1191964190518673,-2.5522718991026165,0.0396232083439827,0.24882031977176666,0.004218779296875,0.0168751171875,0.02531267578125,0.012656337890625,0.02531267578125,0.0168751171875,0.0,-0.071613544921875
0.377188081,0.0,0.006614797865059252,0.009773843811167193,0.2768092193663012,-0.0974766387238839,1.7825571249393681,-1.6409149294937688,3.6349972331285905,-6.1424594095912814,0.0,0.0,0.0,0.0,0.0,0.0,0.0,0.0,-0.4826476679882594,0.6079977949672553,1.8513492179811326,-2.4714134586051886,1.1191964190518673,-2.5522718991026165,0.0396232083439827,0.24882031977176666,0.0,0.029531455078125,0.029531455078125,-0.033750234375,0.00843755859375,0.0168751171875,0.0,0.0119355908203125
0.384379503,0.0,0.006614797865059252,0.009773843811167193,0.2768092193663012,-0.0974766387238839,1.7825571249393681,-1.6409149294937688,3.6349972331285905,-6.1424594095912814,0.0,0.0,0.0,0.0,0.0,0.0,0.0,0.0,-0.4826476679882594,0.6079977949672553,1.8513492179811326,-2.4714134586051886,1.1191964190518673,-2.5522718991026165,0.0396232083439827,0.24882031977176666,-0.004218779296875,0.02531267578125,0.0,0.021093896484375,0.0,-0.033750234375,0.007957060546875,0.0278497119140625
0.391952081,0.0,0.006614797865059252,0.009773843811167193,0.2768092193663012,-0.0974766387238839,1.7825571249393681,-1.6409149294937688,3.6349972331285905,-6.1424594095912814,0.0,0.0,0.0,0.0,0.0,0.0,0.0,0.0,-0.4826476679882594,0.6079977949672553,1.8513492179811326,-2.4714134586051886,1.1191964190518673,-2.5522718991026165,0.0396232083439827,0.24882031977176666,0.004218779296875,0.02531267578125,-0.0168751171875,0.012656337890625,0.033750234375,0.0,-0.0039785302734375,0.0198926513671875
0.40003298200000004,0.0,0.006614797865059252,0.009773843811167193,0.2768092193663012,-0.0974766387238839,1.7825571249393681,-1.6409149294937688,3.6349972331285905,-6.1424594095912814,0.0,0.0,0.0,0.0,0.0,0.0,0.0,0.0,-0.4826476679882594,0.6079977949672553,1.8513492179811326,-2.4714134586051886,1.1191964190518673,-2.5522718991026165,0.0396232083439827,0.24882031977176666,0.0,-0.00843755859375,0.033750234375,0.012656337890625,0.00843755859375,0.02531267578125,0.0,-0.0517208935546875
0.40860470400000004,0.0,0.006614797865059252,0.009773843811167193,0.2768092193663012,-0.0974766387238839,1.7825571249393681,-1.6409149294937688,3.6349972331285905,-6.1424594095912814,0.0,0.0,0.0,0.0,0.0,0.0,0.0,0.0,-0.4826476679882594,0.6079977949672553,1.8513492179811326,-2.4714134586051886,1.1191964190518673,-2.5522718991026165,0.0396232083439827,0.24882031977176666,-0.004218779296875,-0.004218779296875,-0.00843755859375,0.00843755859375,-0.0506253515625,0.00843755859375,-0.0039785302734375,0.0278497119140625
0.416257794,0.0,0.006614797865059252,0.009773843811167193,0.2768092193663012,-0.0974766387238839,1.7825571249393681,-1.6409149294937688,3.6349972331285905,-6.1424594095912814,0.0,0.0,0.0,0.0,0.0,0.0,0.0,0.0,-0.4826476679882594,0.6079977949672553,1.8513492179811326,-2.4714134586051886,1.1191964190518673,-2.5522718991026165,0.0396232083439827,0.24882031977176666,0.0,-0.00843755859375,-0.012656337890625,-0.037969013671875,0.033750234375,0.0,-0.007957060546875,0.0198926513671875
0.42506558200000005,0.0,0.006614797865059252,0.009773843811167193,0.2768092193663012,-0.0974766387238839,1.7825571249393681,-1.6409149294937688,3.6349972331285905,-6.1424594095912814,0.0,0.0,0.0,0.0,0.0,0.0,0.0,0.0,-0.4826476679882594,0.6079977949672553,1.8513492179811326,-2.4714134586051886,1.1191964190518673,-2.5522718991026165,0.0396232083439827,0.24882031977176666,0.0,-0.012656337890625,-0.02531267578125,0.004218779296875,0.0,0.0168751171875,0.007957060546875,0.0
0.432652015,0.0,0.006614797865059252,0.009773843811167193,0.2768092193663012,-0.0974766387238839,1.7825571249393681,-1.6409149294937688,3.6349972331285905,-6.1424594095912814,0.0,0.0,0.0,0.0,0.0,0.0,0.0,0.0,-0.4826476679882594,0.6079977949672553,1.8513492179811326,-2.4714134586051886,1.1191964190518673,-2.5522718991026165,0.0396232083439827,0.24882031977176666,0.004218779296875,0.02531267578125,-0.0168751171875,0.00843755859375,-0.00843755859375,-0.04218779296875,0.01591412109375,0.0
0.440998231,0.0,0.006614797865059252,0.009773843811167193,0.2768092193663012,-0.0974766387238839,1.7825571249393681,-1.6409149294937688,3.6349972331285905,-6.1424594095912814,0.0,0.0,0.0,0.0,0.0,0.0,0.0,0.0,-0.4826476679882594,0.6079977949672553,1.8513492179811326,-2.4714134586051886,1.1191964190518673,-2.5522718991026165,0.0396232083439827,0.24882031977176666,0.0,-0.00843755859375,-0.012656337890625,0.004218779296875,-0.05906291015625,0.00843755859375,-0.0039785302734375,-0.0755920751953125
0.44802632400000003,0.0,0.006614797865059252,0.009773843811167193,0.2768092193663012,-0.0974766387238839,1.7825571249393681,-1.6409149294937688,3.6349972331285905,-6.1424594095912814,0.0,0.0,0.0,0.0,0.0,0.0,0.0,0.0,-0.4826476679882594,0.6079977949672553,1.8513492179811326,-2.4714134586051886,1.1191964190518673,-2.5522718991026165,0.0396232083439827,0.24882031977176666,0.0,-0.012656337890625,0.004218779296875,0.012656337890625,0.0,0.0168751171875,0.0,-0.0517208935546875
0.45652038100000003,0.0,0.006614797865059252,0.009773843811167193,0.2768092193663012,-0.0974766387238839,1.7825571249393681,-1.6409149294937688,3.6349972331285905,-6.1424594095912814,0.0,0.0,0.0,0.0,0.0,0.0,0.0,0.0,-0.4826476679882594,0.6079977949672553,1.8513492179811326,-2.4714134586051886,1.1191964190518673,-2.5522718991026165,0.0396232083439827,0.24882031977176666,0.0,0.0,0.033750234375,0.02531267578125,0.0,0.0,0.007957060546875,0.0198926513671875
0.46457017800000006,0.0,0.006614797865059252,0.009773843811167193,0.2768092193663012,-0.0974766387238839,1.7825571249393681,-1.6409149294937688,3.6349972331285905,-6.1424594095912814,0.0,0.0,0.0,0.0,0.0,0.0,0.0,0.0,-0.4826476679882594,0.6079977949672553,1.8513492179811326,-2.4714134586051886,1.1191964190518673,-2.5522718991026165,0.0396232083439827,0.24882031977176666,0.0,-0.012656337890625,-0.00843755859375,-0.033750234375,-0.05906291015625,0.00843755859375,0.007957060546875,0.0278497119140625
0.47281536900000004,0.0,0.006614797865059252,0.009773843811167193,0.2768092193663012,-0.0974766387238839,1.7825571249393681,-1.6409149294937688,3.6349972331285905,-6.1424594095912814,0.0,0.0,0.0,0.0,0.0,0.0,0.0,0.0,-0.4826476679882594,0.6079977949672553,1.8513492179811326,-2.4714134586051886,1.1191964190518673,-2.5522718991026165,0.0396232083439827,0.24882031977176666,0.004218779296875,0.029531455078125,0.0,0.0,0.00843755859375,0.02531267578125,0.0,-0.0039785302734375
0.481149521,0.0,0.006614797865059252,0.009773843811167193,0.2768092193663012,-0.0974766387238839,1.7825571249393681,-1.6409149294937688,3.6349972331285905,-6.1424594095912814,0.0,0.0,0.0,0.0,0.0,0.0,0.0,0.0,-0.4826476679882594,0.6079977949672553,1.8513492179811326,-2.4714134586051886,1.1191964190518673,-2.5522718991026165,0.0396232083439827,0.24882031977176666,0.0,-0.012656337890625,-0.012656337890625,-0.037969013671875,0.0,0.00843755859375,-0.007957060546875,0.0198926513671875
0.48917234200000004,0.0,0.006614797865059252,0.009773843811167193,0.2768092193663012,-0.0974766387238839,1.7825571249393681,-1.6409149294937688,3.6349972331285905,-6.1424594095912814,0.0,0.0,0.0,0.0,0.0,0.0,0.0,0.0,-0.4826476679882594,0.6079977949672553,1.8513492179811326,-2.4714134586051886,1.1191964190518673,-2.5522718991026165,0.0396232083439827,0.24882031977176666,0.0,-0.012656337890625,0.033750234375,-0.033750234375,0.00843755859375,0.0,0.0,0.0039785302734375
0.49864708,0.0,0.006614797865059252,0.009773843811167193,0.2768092193663012,-0.0974766387238839,1.7825571249393681,-1.6409149294937688,3.6349972331285905,-6.1424594095912814,0.0,0.0,0.0,0.0,0.0,0.0,0.0,0.0,-0.4826476679882594,0.6079977949672553,1.8513492179811326,-2.4714134586051886,1.1191964190518673,-2.5522718991026165,0.0396232083439827,0.24882031977176666,-0.004218779296875,-0.004218779296875,-0.00843755859375,0.004218779296875,0.00843755859375,0.02531267578125,0.007957060546875,0.0278497119140625
0.505889542,0.0,0.006614797865059252,0.009773843811167193,0.2768092193663012,-0.0974766387238839,1.7825571249393681,-1.6409149294937688,3.6349972331285905,-6.1424594095912814,0.0,0.0,0.0,0.0,0.0,0.0,0.0,0.0,-0.4826476679882594,0.6079977949672553,1.8513492179811326,-2.4714134586051886,1.1191964190518673,-2.5522718991026165,0.0396232083439827,0.24882031977176666,0.0,-0.00843755859375,-0.0168751171875,0.00843755859375,-0.06750046875,0.0,-0.007957060546875,0.023871181640625
0.513676553,0.0,0.006614797865059252,0.009773843811167193,0.2768092193663012,-0.0974766387238839,1.7825571249393681,-1.6409149294937688,3.6349972331285905,-6.1424594095912814,0.0,0.0,0.0,0.0,0.0,0.0,0.0,0.0,-0.4826476679882594,0.6079977949672553,1.8513492179811326,-2.4714134586051886,1.1191964190518673,-2.5522718991026165,0.0396232083439827,0.24882031977176666,0.0,0.0,-0.0168751171875,0.012656337890625,-0.0506253515625,0.0168751171875,0.0,0.0278497119140625
0.521112937,0.0,0.006614797865059252,0.009773843811167193,0.2768092193663012,-0.0974766387238839,1.7825571249393681,-1.6409149294937688,3.6349972331285905,-6.1424594095912814,0.0,0.0,0.0,0.0,0.0,0.0,0.0,0.0,-0.4826476679882594,0.6079977949672553,1.8513492179811326,-2.4714134586051886,1.1191964190518673,-2.5522718991026165,0.0396232083439827,0.24882031977176666,0.0,-0.004218779296875,0.02531267578125,-0.033750234375,0.0,0.00843755859375,0.007957060546875,0.0278497119140625
0.5288682680000001,0.0,0.006614797865059252,0.009773843811167193,0.2768092193663012,-0.0974766387238839,1.7825571249393681,-1.6409149294937688,3.6349972331285905,-6.1424594095912814,0.0,0.0,0.0,0.0,0.0,0.0,0.0,0.0,-0.4826476679882594,0.6079977949672553,1.8513492179811326,-2.4714134586051886,1.1191964190518673,-2.5522718991026165,0.0396232083439827,0.24882031977176666,0.0,0.02531267578125,0.033750234375,0.0,0.04218779296875,0.00843755859375,-0.007957060546875,0.007957060546875
0.537409494,0.0,0.006614797865059252,0.009773843811167193,0.2768092193663012,-0.0974766387238839,1.7825571249393681,-1.6409149294937688,3.6349972331285905,-6.1424594095912814,0.0,0.0,0.0,0.0,0.0,0.0,0.0,0.0,-0.4826476679882594,0.6079977949672553,1.8513492179811326,-2.4714134586051886,1.1191964190518673,-2.5522718991026165,0.0396232083439827,0.24882031977176666,0.0,-0.012656337890625,0.029531455078125,0.0168751171875,0.0506253515625,0.00843755859375,0.0,0.0
0.5449398630000001,0.0,0.006614797865059252,0.009773843811167193,0.2768092193663012,-0.0974766387238839,1.7825571249393681,-1.6409149294937688,3.6349972331285905,-6.1424594095912814,0.0,0.0,0.0,0.0,0.0,0.0,0.0,0.0,-0.4826476679882594,0.6079977949672553,1.8513492179811326,-2.4714134586051886,1.1191964190518673,-2.5522718991026165,0.0396232083439827,0.24882031977176666,0.004218779296875,-0.004218779296875,0.0,0.0168751171875,0.04218779296875,0.0,-0.0039785302734375,0.0278497119140625
0.553088221,0.0,0.006614797865059252,0.009773843811167193,0.2768092193663012,-0.0974766387238839,1.7825571249393681,-1.6409149294937688,3.6349972331285905,-6.1424594095912814,0.0,0.0,0.0,0.0,0.0,0.0,0.0,0.0,-0.4826476679882594,0.6079977949672553,1.8513492179811326,-2.4714134586051886,1.1191964190518673,-2.5522718991026165,0.0396232083439827,0.24882031977176666,0.004218779296875,-0.004218779296875,-0.00843755859375,0.004218779296875,0.04218779296875,0.00843755859375,0.007957060546875,0.007957060546875
0.560450364,0.0,0.006614797865059252,0.009773843811167193,0.2768092193663012,-0.0974766387238839,1.7825571249393681,-1.6409149294937688,3.6349972331285905,-6.1424594095912814,0.0,0.0,0.0,0.0,0.0,0.0,0.0,0.0,-0.4826476679882594,0.6079977949672553,1.8513492179811326,-2.4714134586051886,1.1191964190518673,-2.5522718991026165,0.0396232083439827,0.24882031977176666,0.0,0.0,0.02531267578125,0.00843755859375,0.00843755859375,-0.02531267578125,-0.0039785302734375,-0.071613544921875
0.567994173,0.0,0.006614797865059252,0.009773843811167193,0.2768092193663012,-0.0974766387238839,1.7825571249393681,-1.6409149294937688,3.6349972331285905,-6.1424594095912814,0.0,0.0,0.0,0.0,0.0,0.0,0.0,0.0,-0.4826476679882594,0.6079977949672553,1.8513492179811326,-2.4714134586051886,1.1191964190518673,-2.5522718991026165,0.0396232083439827,0.24882031977176666,0.0,0.02531267578125,-0.021093896484375,0.0,0.0506253515625,0.0168751171875,0.0,0.0198926513671875
0.575317308,0.0,0.006614797865059252,0.009773843811167193,0.2768092193663012,-0.0974766387238839,1.7825571249393681,-1.6409149294937688,3.6349972331285905,-6.1424594095912814,0.0,0.0,0.0,0.0,0.0,0.0,0.0,0.0,-0.4826476679882594,0.6079977949672553,1.8513492179811326,-2.4714134586051886,1.1191964190518673,-2.5522718991026165,0.0396232083439827,0.24882031977176666,0.0,0.0,-0.021093896484375,0.00843755859375,0.0,-0.033750234375,0.0,-0.0596779541015625
0.583279041,0.0,0.006614797865059252,0.009773843811167193,0.2768092193663012,-0.0974766387238839,1.7825571249393681,-1.6409149294937688,3.6349972331285905,-6.1424594095912814,0.0,0.0,0.0,0.0,0.0,0.0,0.0,0.0,-0.4826476679882594,0.6079977949672553,1.8513492179811326,-2.4714134586051886,1.1191964190518673,-2.5522718991026165,0.0396232083439827,0.24882031977176666,0.0,-0.00843755859375,0.0,-0.02531267578125,0.04218779296875,0.0168751171875,0.0,-0.0517208935546875
0.5908820180000001,0.0,0.006614797865059252,0.009773843811167193,0.2768092193663012,-0.0974766387238839,1.7825571249393681,-1.6409149294937688,3.6349972331285905,-6.1424594095912814,0.0,0.0,0.0,0.0,0.0,0.0,0.0,0.0,-0.4826476679882594,0.6079977949672553,1.8513492179811326,-2.4714134586051886,1.1191964190518673,-2.5522718991026165,0.0396232083439827,0.24882031977176666,0.004218779296875,-0.004218779296875,0.029531455078125,0.021093896484375,0.033750234375,0.00843755859375,-0.007957060546875,0.007957060546875
0.599551661,0.0,0.006614797865059252,0.009773843811167193,0.2768092193663012,-0.0974766387238839,1.7825571249393681,-1.6409149294937688,3.6349972331285905,-6.1424594095912814,0.0,0.0,0.0,0.0,0.0,0.0,0.0,0.0,-0.4826476679882594,0.6079977949672553,1.8513492179811326,-2.4714134586051886,1.1191964190518673,-2.5522718991026165,0.0396232083439827,0.24882031977176666,0.0,-0.00843755859375,0.037969013671875,0.012656337890625,0.0,0.00843755859375,0.007957060546875,0.0358067724609375
0.607217263,0.0,0.006614797865059252,0.009773843811167193,0.2768092193663012,-0.0974766387238839,1.7825571249393681,-1.6409149294937688,3.6349972331285905,-6.1424594095912814,0.0,0.0,0.0,0.0,0.0,0.0,0.0,0.0,-0.4826476679882594,0.6079977949672553,1.8513492179811326,-2.4714134586051886,1.1191964190518673,-2.5522718991026165,0.0396232083439827,0.24882031977176666,0.004218779296875,0.0,-0.00843755859375,-0.033750234375,-0.05906291015625,0.00843755859375,-0.0039785302734375,-0.04774236328125
0.61573756,0.0,0.006614797865059252,0.009773843811167193,0.2768092193663012,-0.0974766387238839,1.7825571249393681,-1.6409149294937688,3.6349972331285905,-6.1424594095912814,0.0,0.0,0.0,0.0,0.0,0.0,0.0,0.0,-0.4826476679882594,0.6079977949672553,1.8513492179811326,-2.4714134586051886,1.1191964190518673,-2.5522718991026165,0.0396232083439827,0.24882031977176666,0.004218779296875,-0.00843755859375,0.02531267578125,0.004218779296875,0.0506253515625,0.00843755859375,0.0,0.0278497119140625
0.6235276110000001,0.0,0.006614797865059252,0.009773843811167193,0.2768092193663012,-0.0974766387238839,1.7825571249393681,-1.6409149294937688,3.6349972331285905,-6.1424594095912814,0.0,0.0,0.0,0.0,0.0,0.0,0.0,0.0,-0.4826476679882594,0.6079977949672553,1.8513492179811326,-2.4714134586051886,1.1191964190518673,-2.5522718991026165,0.0396232083439827,0.24882031977176666,0.004218779296875,-0.00843755859375,-0.012656337890625,-0.037969013671875,0.0,0.0,-0.0039785302734375,0.0039785302734375
0.631263998,0.0,0.006614797865059252,0.009773843811167193,0.2768092193663012,-0.0974766387238839,1.7825571249393681,-1.6409149294937688,3.6349972331285905,-6.1424594095912814,0.0,0.0,0.0,0.0,0.0,0.0,0.0,0.0,-0.4826476679882594,0.6079977949672553,1.8513492179811326,-2.4714134586051886,1.1191964190518673,-2.5522718991026165,0.0396232083439827,0.24882031977176666,0.0,0.0,0.033750234375,-0.033750234375,0.0506253515625,-0.033750234375,-0.0039785302734375,0.0198926513671875
0.639602118,0.0,0.006614797865059252,0.009773843811167193,0.2768092193663012,-0.0974766387238839,1.7825571249393681,-1.6409149294937688,3.6349972331285905,-6.1424594095912814,0.0,0.0,0.0,0.0,0.0,0.0,0.0,0.0,-0.4826476679882594,0.6079977949672553,1.8513492179811326,-2.4714134586051886,1.1191964190518673,-2.5522718991026165,0.0396232083439827,0.24882031977176666,0.0,0.02531267578125,0.0,0.012656337890625,-0.06750046875,0.0168751171875,0.0,0.0278497119140625
0.6495283150000001,0.0,0.006614797865059252,0.009773843811167193,0.2768092193663012,-0.0974766387238839,1.7825571249393681,-1.6409149294937688,3.6349972331285905,-6.1424594095912814,0.0,0.0,0.0,0.0,0.0,0.0,0.0,0.0,-0.4826476679882594,0.6079977949672553,1.8513492179811326,-2.4714134586051886,1.1191964190518673,-2.5522718991026165,0.0396232083439827,0.24882031977176666,0.0,-0.00843755859375,-0.0168751171875,-0.033750234375,0.0,0.0,0.0,0.023871181640625
0.6597694270000001,0.0,0.006614797865059252,0.009773843811167193,0.2768092193663012,-0.0974766387238839,1.7825571249393681,-1.6409149294937688,3.6349972331285905,-6.1424594095912814,0.0,0.0,0.0,0.0,0.0,0.0,0.0,0.0,-0.4826476679882594,0.6079977949672553,1.8513492179811326,-2.4714134586051886,1.1191964190518673,-2.5522718991026165,0.0396232083439827,0.24882031977176666,0.0,-0.0168751171875,-0.0168751171875,0.0168751171875,0.033750234375,-0.033750234375,0.0,-0.071613544921875
0.6685209590000001,0.0,0.006614797865059252,0.009773843811167193,0.2768092193663012,-0.0974766387238839,1.7825571249393681,-1.6409149294937688,3.6349972331285905,-6.1424594095912814,0.0,0.0,0.0,0.0,0.0,0.0,0.0,0.0,-0.4826476679882594,0.6079977949672553,1.8513492179811326,-2.4714134586051886,1.1191964190518673,-2.5522718991026165,0.0396232083439827,0.24882031977176666,-0.00843755859375,-0.00843755859375,0.0,0.021093896484375,0.033750234375,-0.033750234375,0.0,0.0278497119140625
0.676993544,0.0,0.006614797865059252,0.009773843811167193,0.2768092193663012,-0.0974766387238839,1.7825571249393681,-1.6409149294937688,3.6349972331285905,-6.1424594095912814,0.0,0.0,0.0,0.0,0.0,0.0,0.0,0.0,-0.4826476679882594,0.6079977949672553,1.8513492179811326,-2.4714134586051886,1.1191964190518673,-2.5522718991026165,0.0396232083439827,0.24882031977176666,0.0,0.0,-0.012656337890625,-0.029531455078125,-0.05906291015625,0.0,0.0,0.0
0.685937749,0.0,0.006614797865059252,0.009773843811167193,0.2768092193663012,-0.0974766387238839,1.7825571249393681,-1.6409149294937688,3.6349972331285905,-6.1424594095912814,0.0,0.0,0.0,0.0,0.0,0.0,0.0,0.0,-0.4826476679882594,0.6079977949672553,1.8513492179811326,-2.4714134586051886,1.1191964190518673,-2.5522718991026165,0.0396232083439827,0.24882031977176666,-0.004218779296875,0.0168751171875,0.033750234375,-0.033750234375,0.0506253515625,0.0168751171875,0.0,0.0278497119140625
0.694118651,0.0,0.006614797865059252,0.009773843811167193,0.2768092193663012,-0.0974766387238839,1.7825571249393681,-1.6409149294937688,3.6349972331285905,-6.1424594095912814,0.0,0.0,0.0,0.0,0.0,0.0,0.0,0.0,-0.4826476679882594,0.6079977949672553,1.8513492179811326,-2.4714134586051886,1.1191964190518673,-2.5522718991026165,0.0396232083439827,0.24882031977176666,0.0,-0.004218779296875,-0.012656337890625,0.021093896484375,-0.05906291015625,0.02531267578125,-0.007957060546875,0.0039785302734375
0.7032878180000001,0.0,0.006614797865059252,0.009773843811167193,0.2768092193663012,-0.0974766387238839,1.7825571249393681,-1.6409149294937688,3.6349972331285905,-6.1424594095912814,0.0,0.0,0.0,0.0,0.0,0.0,0.0,0.0,-0.4826476679882594,0.6079977949672553,1.8513492179811326,-2.4714134586051886,1.1191964190518673,-2.5522718991026165,0.0396232083439827,0.24882031977176666,0.004218779296875,0.0,0.004218779296875,0.012656337890625,0.00843755859375,-0.033750234375,0.0,0.0278497119140625
0.711689907,0.0,0.006614797865059252,0.009773843811167193,0.2768092193663012,-0.0974766387238839,1.7825571249393681,-1.6409149294937688,3.6349972331285905,-6.1424594095912814,0.0,0.0,0.0,0.0,0.0,0.0,0.0,0.0,-0.4826476679882594,0.6079977949672553,1.8513492179811326,-2.4714134586051886,1.1191964190518673,-2.5522718991026165,0.0396232083439827,0.24882031977176666,0.0,0.0,-0.012656337890625,0.021093896484375,0.00843755859375,0.00843755859375,0.0,-0.06763501464843749
0.7203072610000001,0.0,0.006614797865059252,0.009773843811167193,0.2768092193663012,-0.0974766387238839,1.7825571249393681,-1.6409149294937688,3.6349972331285905,-6.1424594095912814,0.0,0.0,0.0,0.0,0.0,0.0,0.0,0.0,-0.4826476679882594,0.6079977949672553,1.8513492179811326,-2.4714134586051886,1.1191964190518673,-2.5522718991026165,0.0396232083439827,0.24882031977176666,0.0,-0.00843755859375,-0.012656337890625,-0.033750234375,-0.05906291015625,-0.033750234375,-0.007957060546875,0.0278497119140625
0.72839949,0.0,0.006614797865059252,0.009773843811167193,0.2768092193663012,-0.0974766387238839,1.7825571249393681,-1.6409149294937688,3.6349972331285905,-6.1424594095912814,0.0,0.0,0.0,0.0,0.0,0.0,0.0,0.0,-0.4826476679882594,0.6079977949672553,1.8513492179811326,-2.4714134586051886,1.1191964190518673,-2.5522718991026165,0.0396232083439827,0.24882031977176666,-0.004218779296875,0.0,-0.0168751171875,-0.037969013671875,0.0506253515625,0.00843755859375,-0.0039785302734375,0.0119355908203125
0.737328655,0.0,0.006614797865059252,0.009773843811167193,0.2768092193663012,-0.0974766387238839,1.7825571249393681,-1.6409149294937688,3.6349972331285905,-6.1424594095912814,0.0,0.0,0.0,0.0,0.0,0.0,0.0,0.0,-0.4826476679882594,0.6079977949672553,1.8513492179811326,-2.4714134586051886,1.1191964190518673,-2.5522718991026165,0.0396232083439827,0.24882031977176666,0.0,-0.00843755859375,-0.0168751171875,0.021093896484375,0.033750234375,0.00843755859375,-0.007957060546875,0.0278497119140625
0.7456156070000001,0.0,0.006614797865059252,0.009773843811167193,0.2768092193663012,-0.0974766387238839,1.7825571249393681,-1.6409149294937688,3.6349972331285905,-6.1424594095912814,0.0,0.0,0.0,0.0,0.0,0.0,0.0,0.0,-0.4826476679882594,0.6079977949672553,1.8513492179811326,-2.4714134586051886,1.1191964190518673,-2.5522718991026165,0.0396232083439827,0.24882031977176666,0.004218779296875,-0.00843755859375,0.0,0.021093896484375,-0.05906291015625,0.00843755859375,-0.007957060546875,0.0198926513671875
0.7547517170000001,0.0,0.006614797865059252,0.009773843811167193,0.2768092193663012,-0.0974766387238839,1.7825571249393681,-1.6409149294937688,3.6349972331285905,-6.1424594095912814,0.0,0.0,0.0,0.0,0.0,0.0,0.0,0.0,-0.4826476679882594,0.6079977949672553,1.8513492179811326,-2.4714134586051886,1.1191964190518673,-2.5522718991026165,0.0396232083439827,0.24882031977176666,0.0,0.0,-0.0168751171875,0.021093896484375,0.0,-0.033750234375,-0.007957060546875,-0.071613544921875
0.763531697,0.0,0.006614797865059252,0.009773843811167193,0.2768092193663012,-0.0974766387238839,1.7825571249393681,-1.6409149294937688,3.6349972331285905,-6.1424594095912814,0.0,0.0,0.0,0.0,0.0,0.0,0.0,0.0,-0.4826476679882594,0.6079977949672553,1.8513492179811326,-2.4714134586051886,1.1191964190518673,-2.5522718991026165,0.0396232083439827,0.24882031977176666,0.0,-0.004218779296875,-0.00843755859375,0.012656337890625,0.0506253515625,0.0,0.0,0.0278497119140625
0.7721520590000001,0.0,0.006614797865059252,0.009773843811167193,0.2768092193663012,-0.0974766387238839,1.7825571249393681,-1.6409149294937688,3.6349972331285905,-6.1424594095912814,0.0,0.0,0.0,0.0,0.0,0.0,0.0,0.0,-0.4826476679882594,0.6079977949672553,1.8513492179811326,-2.4714134586051886,1.1191964190518673,-2.5522718991026165,0.0396232083439827,0.24882031977176666,-0.00843755859375,0.0,0.029531455078125,0.00843755859375,0.033750234375,-0.033750234375,-0.007957060546875,0.0278497119140625
0.7808831740000001,0.0,0.006614797865059252,0.009773843811167193,0.2768092193663012,-0.0974766387238839,1.7825571249393681,-1.6409149294937688,3.6349972331285905,-6.1424594095912814,0.0,0.0,0.0,0.0,0.0,0.0,0.0,0.0,-0.4826476679882594,0.6079977949672553,1.8513492179811326,-2.4714134586051886,1.1191964190518673,-2.5522718991026165,0.0396232083439827,0.24882031977176666,0.0,-0.012656337890625,0.02531267578125,0.0,0.04218779296875,0.00843755859375,0.0,0.0039785302734375
0.790273847,0.0,0.006614797865059252,0.009773843811167193,0.2768092193663012,-0.0974766387238839,1.7825571249393681,-1.6409149294937688,3.6349972331285905,-6.1424594095912814,0.0,0.0,0.0,0.0,0.0,0.0,0.0,0.0,-0.4826476679882594,0.6079977949672553,1.8513492179811326,-2.4714134586051886,1.1191964190518673,-2.5522718991026165,0.0396232083439827,0.24882031977176666,0.0,0.02531267578125,-0.012656337890625,-0.033750234375,-0.06750046875,0.00843755859375,0.007957060546875,0.0278497119140625
0.799545351,0.0,0.006614797865059252,0.009773843811167193,0.2768092193663012,-0.0974766387238839,1.7825571249393681,-1.6409149294937688,3.6349972331285905,-6.1424594095912814,0.0,0.0,0.0,0.0,0.0,0.0,0.0,0.0,-0.4826476679882594,0.6079977949672553,1.8513492179811326,-2.4714134586051886,1.1191964190518673,-2.5522718991026165,0.0396232083439827,0.24882031977176666,0.0,-0.00843755859375,0.0,0.012656337890625,0.0,-0.033750234375,-0.0039785302734375,0.0278497119140625
0.8086781660000001,0.0,0.006614797865059252,0.009773843811167193,0.2768092193663012,-0.0974766387238839,1.7825571249393681,-1.6409149294937688,3.6349972331285905,-6.1424594095912814,0.0,0.0,0.0,0.0,0.0,0.0,0.0,0.0,-0.4826476679882594,0.6079977949672553,1.8513492179811326,-2.4714134586051886,1.1191964190518673,-2.5522718991026165,0.0396232083439827,0.24882031977176666,0.004218779296875,-0.004218779296875,0.004218779296875,-0.033750234375,0.04218779296875,0.0,0.0,0.0198926513671875
0.8171661750000001,0.0,0.006614797865059252,0.009773843811167193,0.2768092193663012,-0.0974766387238839,1.7825571249393681,-1.6409149294937688,3.6349972331285905,-6.1424594095912814,0.0,0.0,0.0,0.0,0.0,0.0,0.0,0.0,-0.4826476679882594,0.6079977949672553,1.8513492179811326,-2.4714134586051886,1.1191964190518673,-2.5522718991026165,0.0396232083439827,0.24882031977176666,0.0,0.02531267578125,-0.0168751171875,-0.037969013671875,-0.07593802734375,0.0,-0.007957060546875,0.023871181640625
0.826305645,0.0,0.006614797865059252,0.009773843811167193,0.2768092193663012,-0.0974766387238839,1.7825571249393681,-1.6409149294937688,3.6349972331285905,-6.1424594095912814,0.0,0.0,0.0,0.0,0.0,0.0,0.0,0.0,-0.4826476679882594,0.6079977949672553,1.8513492179811326,-2.4714134586051886,1.1191964190518673,-2.5522718991026165,0.0396232083439827,0.24882031977176666,0.004218779296875,0.0,0.029531455078125,-0.033750234375,-0.05906291015625,0.00843755859375,0.0119355908203125,0.023871181640625
0.83475663,0.0,0.006614797865059252,0.009773843811167193,0.2768092193663012,-0.0974766387238839,1.7825571249393681,-1.6409149294937688,3.6349972331285905,-6.1424594095912814,0.0,0.0,0.0,0.0,0.0,0.0,0.0,0.0,-0.4826476679882594,0.6079977949672553,1.8513492179811326,-2.4714134586051886,1.1191964190518673,-2.5522718991026165,0.0396232083439827,0.24882031977176666,0.0,0.0168751171875,0.02531267578125,0.004218779296875,0.0506253515625,0.00843755859375,0.0,0.0278497119140625
0.844474762,0.0,0.006614797865059252,0.009773843811167193,0.2768092193663012,-0.0974766387238839,1.7825571249393681,-1.6409149294937688,3.6349972331285905,-6.1424594095912814,0.0,0.0,0.0,0.0,0.0,0.0,0.0,0.0,-0.4826476679882594,0.6079977949672553,1.8513492179811326,-2.4714134586051886,1.1191964190518673,-2.5522718991026165,0.0396232083439827,0.24882031977176666,0.0,-0.012656337890625,-0.021093896484375,-0.037969013671875,-0.05906291015625,0.0168751171875,0.0,-0.0755920751953125
0.8531065480000001,0.0,0.006614797865059252,0.009773843811167193,0.2768092193663012,-0.0974766387238839,1.7825571249393681,-1.6409149294937688,3.6349972331285905,-6.1424594095912814,0.0,0.0,0.0,0.0,0.0,0.0,0.0,0.0,-0.4826476679882594,0.6079977949672553,1.8513492179811326,-2.4714134586051886,1.1191964190518673,-2.5522718991026165,0.0396232083439827,0.24882031977176666,0.004218779296875,-0.012656337890625,0.037969013671875,0.0168751171875,0.00843755859375,-0.033750234375,0.0,0.0198926513671875
0.861558813,0.0,0.006614797865059252,0.009773843811167193,0.2768092193663012,-0.0974766387238839,1.7825571249393681,-1.6409149294937688,3.6349972331285905,-6.1424594095912814,0.0,0.0,0.0,0.0,0.0,0.0,0.0,0.0,-0.4826476679882594,0.6079977949672553,1.8513492179811326,-2.4714134586051886,1.1191964190518673,-2.5522718991026165,0.0396232083439827,0.24882031977176666,0.0,-0.012656337890625,-0.021093896484375,-0.033750234375,0.0,0.0,-0.007957060546875,0.023871181640625
0.8698623080000001,0.0,0.006614797865059252,0.009773843811167193,0.2768092193663012,-0.0974766387238839,1.7825571249393681,-1.6409149294937688,3.6349972331285905,-6.1424594095912814,0.0,0.0,0.0,0.0,0.0,0.0,0.0,0.0,-0.4826476679882594,0.6079977949672553,1.8513492179811326,-2.4714134586051886,1.1191964190518673,-2.5522718991026165,0.0396232083439827,0.24882031977176666,0.0,0.029531455078125,-0.00843755859375,0.00843755859375,-0.05906291015625,0.0168751171875,-0.0039785302734375,-0.071613544921875
0.87861352,0.0,0.006614797865059252,0.009773843811167193,0.2768092193663012,-0.0974766387238839,1.7825571249393681,-1.6409149294937688,3.6349972331285905,-6.1424594095912814,0.0,0.0,0.0,0.0,0.0,0.0,0.0,0.0,-0.4826476679882594,0.6079977949672553,1.8513492179811326,-2.4714134586051886,1.1191964190518673,-2.5522718991026165,0.0396232083439827,0.24882031977176666,0.0,-0.012656337890625,0.0,0.00843755859375,-0.0506253515625,-0.033750234375,-0.0039785302734375,-0.071613544921875
0.887049496,0.0,0.006614797865059252,0.009773843811167193,0.2768092193663012,-0.0974766387238839,1.7825571249393681,-1.6409149294937688,3.6349972331285905,-6.1424594095912814,0.0,0.0,0.0,0.0,0.0,0.0,0.0,0.0,-0.4826476679882594,0.6079977949672553,1.8513492179811326,-2.4714134586051886,1.1191964190518673,-2.5522718991026165,0.0396232083439827,0.24882031977176666,-0.004218779296875,0.02531267578125,0.0,0.0,0.0,0.0168751171875,-0.0039785302734375,0.0039785302734375
0.8956635230000001,0.0,0.006614797865059252,0.009773843811167193,0.2768092193663012,-0.0974766387238839,1.7825571249393681,-1.6409149294937688,3.6349972331285905,-6.1424594095912814,0.0,0.0,0.0,0.0,0.0,0.0,0.0,0.0,-0.4826476679882594,0.6079977949672553,1.8513492179811326,-2.4714134586051886,1.1191964190518673,-2.5522718991026165,0.0396232083439827,0.24882031977176666,-0.004218779296875,0.02531267578125,-0.02531267578125,0.0,0.0,0.00843755859375,0.0,0.0278497119140625
0.904137484,0.0,0.006614797865059252,0.009773843811167193,0.2768092193663012,-0.0974766387238839,1.7825571249393681,-1.6409149294937688,3.6349972331285905,-6.1424594095912814,0.0,0.0,0.0,0.0,0.0,0.0,0.0,0.0,-0.4826476679882594,0.6079977949672553,1.8513492179811326,-2.4714134586051886,1.1191964190518673,-2.5522718991026165,0.0396232083439827,0.24882031977176666,0.0,0.0,0.0,0.004218779296875,0.033750234375,0.00843755859375,0.007957060546875,0.023871181640625
0.912763862,0.0,0.006614797865059252,0.009773843811167193,0.2768092193663012,-0.0974766387238839,1.7825571249393681,-1.6409149294937688,3.6349972331285905,-6.1424594095912814,0.0,0.0,0.0,0.0,0.0,0.0,0.0,0.0,-0.4826476679882594,0.6079977949672553,1.8513492179811326,-2.4714134586051886,1.1191964190518673,-2.5522718991026165,0.0396232083439827,0.24882031977176666,0.004218779296875,-0.004218779296875,-0.021093896484375,0.0168751171875,0.033750234375,0.00843755859375,0.0,-0.0517208935546875
0.921172254,0.0,0.006614797865059252,0.009773843811167193,0.2768092193663012,-0.0974766387238839,1.7825571249393681,-1.6409149294937688,3.6349972331285905,-6.1424594095912814,0.0,0.0,0.0,0.0,0.0,0.0,0.0,0.0,-0.4826476679882594,0.6079977949672553,1.8513492179811326,-2.4714134586051886,1.1191964190518673,-2.5522718991026165,0.0396232083439827,0.24882031977176666,0.004218779296875,-0.004218779296875,-0.00843755859375,0.021093896484375,0.0,-0.04218779296875,-0.0039785302734375,0.0278497119140625
0.9302867010000001,0.0,0.006614797865059252,0.009773843811167193,0.2768092193663012,-0.0974766387238839,1.7825571249393681,-1.6409149294937688,3.6349972331285905,-6.1424594095912814,0.0,0.0,0.0,0.0,0.0,0.0,0.0,0.0,-0.4826476679882594,0.6079977949672553,1.8513492179811326,-2.4714134586051886,1.1191964190518673,-2.5522718991026165,0.0396232083439827,0.24882031977176666,0.004218779296875,0.0,-0.00843755859375,0.00843755859375,-0.06750046875,0.0,-0.0039785302734375,0.023871181640625
0.9385777160000001,0.0,0.006614797865059252,0.009773843811167193,0.2768092193663012,-0.0974766387238839,1.7825571249393681,-1.6409149294937688,3.6349972331285905,-6.1424594095912814,0.0,0.0,0.0,0.0,0.0,0.0,0.0,0.0,-0.4826476679882594,0.6079977949672553,1.8513492179811326,-2.4714134586051886,1.1191964190518673,-2.5522718991026165,0.0396232083439827,0.24882031977176666,0.0,-0.00843755859375,0.033750234375,-0.033750234375,0.0,0.0168751171875,0.0,-0.0517208935546875
0.947468929,0.0,0.006614797865059252,0.009773843811167193,0.2768092193663012,-0.0974766387238839,1.7825571249393681,-1.6409149294937688,3.6349972331285905,-6.1424594095912814,0.0,0.0,0.0,0.0,0.0,0.0,0.0,0.0,-0.4826476679882594,0.6079977949672553,1.8513492179811326,-2.4714134586051886,1.1191964190518673,-2.5522718991026165,0.0396232083439827,0.24882031977176666,0.0,0.0168751171875,-0.00843755859375,-0.033750234375,0.0,0.0168751171875,0.0,0.0278497119140625
0.9566631200000001,0.0,0.006614797865059252,0.009773843811167193,0.2768092193663012,-0.0974766387238839,1.7825571249393681,-1.6409149294937688,3.6349972331285905,-6.1424594095912814,0.0,0.0,0.0,0.0,0.0,0.0,0.0,0.0,-0.4826476679882594,0.6079977949672553,1.8513492179811326,-2.4714134586051886,1.1191964190518673,-2.5522718991026165,0.0396232083439827,0.24882031977176666,0.0,-0.004218779296875,0.0,-0.029531455078125,0.033750234375,0.00843755859375,0.0,0.0278497119140625
0.9653076420000001,0.0,0.006614797865059252,0.009773843811167193,0.2768092193663012,-0.0974766387238839,1.7825571249393681,-1.6409149294937688,3.6349972331285905,-6.1424594095912814,0.0,0.0,0.0,0.0,0.0,0.0,0.0,0.0,-0.4826476679882594,0.6079977949672553,1.8513492179811326,-2.4714134586051886,1.1191964190518673,-2.5522718991026165,0.0396232083439827,0.24882031977176666,0.0,-0.004218779296875,-0.00843755859375,-0.029531455078125,0.0,0.02531267578125,0.0,0.0198926513671875
0.9737081310000001,0.0,0.006614797865059252,0.009773843811167193,0.2768092193663012,-0.0974766387238839,1.7825571249393681,-1.6409149294937688,3.6349972331285905,-6.1424594095912814,0.0,0.0,0.0,0.0,0.0,0.0,0.0,0.0,-0.4826476679882594,0.6079977949672553,1.8513492179811326,-2.4714134586051886,1.1191964190518673,-2.5522718991026165,0.0396232083439827,0.24882031977176666,0.0,-0.012656337890625,-0.0168751171875,0.012656337890625,0.00843755859375,0.0168751171875,-0.0039785302734375,0.0318282421875
0.982921138,0.0,0.006614797865059252,0.009773843811167193,0.2768092193663012,-0.0974766387238839,1.7825571249393681,-1.6409149294937688,3.6349972331285905,-6.1424594095912814,0.0,0.0,0.0,0.0,0.0,0.0,0.0,0.0,-0.4826476679882594,0.6079977949672553,1.8513492179811326,-2.4714134586051886,1.1191964190518673,-2.5522718991026165,0.0396232083439827,0.24882031977176666,0.004218779296875,-0.004218779296875,-0.0168751171875,0.012656337890625,0.00843755859375,0.0,0.0119355908203125,0.023871181640625
0.9916458210000001,0.0,0.006614797865059252,0.009773843811167193,0.2768092193663012,-0.0974766387238839,1.7825571249393681,-1.6409149294937688,3.6349972331285905,-6.1424594095912814,0.0,0.0,0.0,0.0,0.0,0.0,0.0,0.0,-0.4826476679882594,0.6079977949672553,1.8513492179811326,-2.4714134586051886,1.1191964190518673,-2.5522718991026165,0.0396232083439827,0.24882031977176666,0.0,-0.00843755859375,-0.00843755859375,-0.033750234375,0.00843755859375,-0.033750234375,0.0039785302734375,-0.0039785302734375
1.000478441,0.0,0.006614797865059252,0.009773843811167193,0.2768092193663012,-0.0974766387238839,1.7825571249393681,-1.6409149294937688,3.6349972331285905,-6.1424594095912814,0.0,0.0,0.0,0.0,0.0,0.0,0.0,0.0,-0.4826476679882594,0.6079977949672553,1.8513492179811326,-2.4714134586051886,1.1191964190518673,-2.5522718991026165,0.0396232083439827,0.24882031977176666,0.0,0.021093896484375,0.029531455078125,0.004218779296875,0.00843755859375,0.0,0.0,0.0198926513671875
1.008636239,0.0,0.006614797865059252,0.009773843811167193,0.2768092193663012,-0.0974766387238839,1.7825571249393681,-1.6409149294937688,3.6349972331285905,-6.1424594095912814,0.0,0.0,0.0,0.0,0.0,0.0,0.0,0.0,-0.4826476679882594,0.6079977949672553,1.8513492179811326,-2.4714134586051886,1.1191964190518673,-2.5522718991026165,0.0396232083439827,0.24882031977176666,0.0,0.02531267578125,-0.0168751171875,0.004218779296875,-0.00843755859375,-0.033750234375,-0.0039785302734375,0.0318282421875
1.017884255,0.0,0.006614797865059252,0.009773843811167193,0.2768092193663012,-0.0974766387238839,1.7825571249393681,-1.6409149294937688,3.6349972331285905,-6.1424594095912814,0.0,0.0,0.0,0.0,0.0,0.0,0.0,0.0,-0.4826476679882594,0.6079977949672553,1.8513492179811326,-2.4714134586051886,1.1191964190518673,-2.5522718991026165,0.0396232083439827,0.24882031977176666,0.004218779296875,-0.004218779296875,-0.00843755859375,0.012656337890625,-0.07593802734375,0.00843755859375,-0.007957060546875,0.0039785302734375
1.026155846,0.0,0.006614797865059252,0.009773843811167193,0.2768092193663012,-0.0974766387238839,1.7825571249393681,-1.6409149294937688,3.6349972331285905,-6.1424594095912814,0.0,0.0,0.0,0.0,0.0,0.0,0.0,0.0,-0.4826476679882594,0.6079977949672553,1.8513492179811326,-2.4714134586051886,1.1191964190518673,-2.5522718991026165,0.0396232083439827,0.24882031977176666,0.0,0.02531267578125,-0.0168751171875,0.0,0.0,0.0,-0.0039785302734375,0.0198926513671875
1.0348892650000001,0.0,0.006614797865059252,0.009773843811167193,0.2768092193663012,-0.0974766387238839,1.7825571249393681,-1.6409149294937688,3.6349972331285905,-6.1424594095912814,0.0,0.0,0.0,0.0,0.0,0.0,0.0,0.0,-0.4826476679882594,0.6079977949672553,1.8513492179811326,-2.4714134586051886,1.1191964190518673,-2.5522718991026165,0.0396232083439827,0.24882031977176666,0.0,0.02531267578125,0.033750234375,0.00843755859375,0.0,0.00843755859375,0.007957060546875,0.0119355908203125
1.043049208,0.0,0.006614797865059252,0.009773843811167193,0.2768092193663012,-0.0974766387238839,1.7825571249393681,-1.6409149294937688,3.6349972331285905,-6.1424594095912814,0.0,0.0,0.0,0.0,0.0,0.0,0.0,0.0,-0.4826476679882594,0.6079977949672553,1.8513492179811326,-2.4714134586051886,1.1191964190518673,-2.5522718991026165,0.0396232083439827,0.24882031977176666,-0.004218779296875,0.012656337890625,-0.012656337890625,0.004218779296875,0.0,0.0168751171875,0.007957060546875,0.0198926513671875
1.051891396,0.0,0.006614797865059252,0.009773843811167193,0.2768092193663012,-0.0974766387238839,1.7825571249393681,-1.6409149294937688,3.6349972331285905,-6.1424594095912814,0.0,0.0,0.0,0.0,0.0,0.0,0.0,0.0,-0.4826476679882594,0.6079977949672553,1.8513492179811326,-2.4714134586051886,1.1191964190518673,-2.5522718991026165,0.0396232083439827,0.24882031977176666,0.0,-0.012656337890625,0.033750234375,0.0168751171875,0.04218779296875,0.00843755859375,-0.0039785302734375,0.0278497119140625
1.060695792,0.0,0.006614797865059252,0.009773843811167193,0.2768092193663012,-0.0974766387238839,1.7825571249393681,-1.6409149294937688,3.6349972331285905,-6.1424594095912814,0.0,0.0,0.0,0.0,0.0,0.0,0.0,0.0,-0.4826476679882594,0.6079977949672553,1.8513492179811326,-2.4714134586051886,1.1191964190518673,-2.5522718991026165,0.0396232083439827,0.24882031977176666,0.0,-0.012656337890625,0.004218779296875,0.012656337890625,0.033750234375,0.0,0.0,0.023871181640625
1.069663677,0.0,0.006614797865059252,0.009773843811167193,0.2768092193663012,-0.0974766387238839,1.7825571249393681,-1.6409149294937688,3.6349972331285905,-6.1424594095912814,0.0,0.0,0.0,0.0,0.0,0.0,0.0,0.0,-0.4826476679882594,0.6079977949672553,1.8513492179811326,-2.4714134586051886,1.1191964190518673,-2.5522718991026165,0.0396232083439827,0.24882031977176666,0.0,0.0168751171875,-0.00843755859375,-0.033750234375,-0.06750046875,0.00843755859375,0.0,0.0278497119140625
1.0780364850000002,0.0,0.006614797865059252,0.009773843811167193,0.2768092193663012,-0.0974766387238839,1.7825571249393681,-1.6409149294937688,3.6349972331285905,-6.1424594095912814,0.0,0.0,0.0,0.0,0.0,0.0,0.0,0.0,-0.4826476679882594,0.6079977949672553,1.8513492179811326,-2.4714134586051886,1.1191964190518673,-2.5522718991026165,0.0396232083439827,0.24882031977176666,0.0,0.02531267578125,-0.0168751171875,0.00843755859375,0.0,0.00843755859375,0.007957060546875,-0.055699423828125
1.086971858,0.0,0.006614797865059252,0.009773843811167193,0.2768092193663012,-0.0974766387238839,1.7825571249393681,-1.6409149294937688,3.6349972331285905,-6.1424594095912814,0.0,0.0,0.0,0.0,0.0,0.0,0.0,0.0,-0.4826476679882594,0.6079977949672553,1.8513492179811326,-2.4714134586051886,1.1191964190518673,-2.5522718991026165,0.0396232083439827,0.24882031977176666,0.004218779296875,-0.012656337890625,0.04218779296875,-0.037969013671875,0.0,0.0,0.0119355908203125,0.023871181640625
1.095501243,0.0,0.006614797865059252,0.009773843811167193,0.2768092193663012,-0.0974766387238839,1.7825571249393681,-1.6409149294937688,3.6349972331285905,-6.1424594095912814,0.0,0.0,0.0,0.0,0.0,0.0,0.0,0.0,-0.4826476679882594,0.6079977949672553,1.8513492179811326,-2.4714134586051886,1.1191964190518673,-2.5522718991026165,0.0396232083439827,0.24882031977176666,0.0,0.0168751171875,0.033750234375,0.012656337890625,0.02531267578125,0.00843755859375,-0.007957060546875,-0.0039785302734375
1.104422248,0.0,0.006614797865059252,0.009773843811167193,0.2768092193663012,-0.0974766387238839,1.7825571249393681,-1.6409149294937688,3.6349972331285905,-6.1424594095912814,0.0,0.0,0.0,0.0,0.0,0.0,0.0,0.0,-0.4826476679882594,0.6079977949672553,1.8513492179811326,-2.4714134586051886,1.1191964190518673,-2.5522718991026165,0.0396232083439827,0.24882031977176666,0.004218779296875,-0.004218779296875,-0.012656337890625,0.00843755859375,-0.0506253515625,-0.033750234375,-0.0039785302734375,0.023871181640625
1.112765872,0.0,0.006614797865059252,0.009773843811167193,0.2768092193663012,-0.0974766387238839,1.7825571249393681,-1.6409149294937688,3.6349972331285905,-6.1424594095912814,0.0,0.0,0.0,0.0,0.0,0.0,0.0,0.0,-0.4826476679882594,0.6079977949672553,1.8513492179811326,-2.4714134586051886,1.1191964190518673,-2.5522718991026165,0.0396232083439827,0.24882031977176666,0.0,-0.004218779296875,-0.012656337890625,-0.037969013671875,-0.0506253515625,0.00843755859375,0.0,0.0119355908203125
1.12133849,0.0,0.006614797865059252,0.009773843811167193,0.2768092193663012,-0.0974766387238839,1.7825571249393681,-1.6409149294937688,3.6349972331285905,-6.1424594095912814,0.0,0.0,0.0,0.0,0.0,0.0,0.0,0.0,-0.4826476679882594,0.6079977949672553,1.8513492179811326,-2.4714134586051886,1.1191964190518673,-2.5522718991026165,0.0396232083439827,0.24882031977176666,0.0,-0.012656337890625,-0.012656337890625,0.012656337890625,0.0,0.00843755859375,0.0,0.007957060546875
1.1295588490000001,0.0,0.006614797865059252,0.009773843811167193,0.2768092193663012,-0.0974766387238839,1.7825571249393681,-1.6409149294937688,3.6349972331285905,-6.1424594095912814,0.0,0.0,0.0,0.0,0.0,0.0,0.0,0.0,-0.4826476679882594,0.6079977949672553,1.8513492179811326,-2.4714134586051886,1.1191964190518673,-2.5522718991026165,0.0396232083439827,0.24882031977176666,0.0,-0.004218779296875,-0.012656337890625,0.012656337890625,0.033750234375,0.0,0.0,0.023871181640625
1.1381813550000002,0.0,0.006614797865059252,0.009773843811167193,0.2768092193663012,-0.0974766387238839,1.7825571249393681,-1.6409149294937688,3.6349972331285905,-6.1424594095912814,0.0,0.0,0.0,0.0,0.0,0.0,0.0,0.0,-0.4826476679882594,0.6079977949672553,1.8513492179811326,-2.4714134586051886,1.1191964190518673,-2.5522718991026165,0.0396232083439827,0.24882031977176666,-0.004218779296875,0.02531267578125,0.0,0.004218779296875,0.04218779296875,0.00843755859375,0.0119355908203125,-0.071613544921875
1.146347921,0.0,0.006614797865059252,0.009773843811167193,0.2768092193663012,-0.0974766387238839,1.7825571249393681,-1.6409149294937688,3.6349972331285905,-6.1424594095912814,0.0,0.0,0.0,0.0,0.0,0.0,0.0,0.0,-0.4826476679882594,0.6079977949672553,1.8513492179811326,-2.4714134586051886,1.1191964190518673,-2.5522718991026165,0.0396232083439827,0.24882031977176666,0.004218779296875,-0.00843755859375,0.0,0.004218779296875,0.04218779296875,-0.033750234375,-0.007957060546875,-0.0517208935546875
1.154858202,0.0,0.006614797865059252,0.009773843811167193,0.2768092193663012,-0.0974766387238839,1.7825571249393681,-1.6409149294937688,3.6349972331285905,-6.1424594095912814,0.0,0.0,0.0,0.0,0.0,0.0,0.0,0.0,-0.4826476679882594,0.6079977949672553,1.8513492179811326,-2.4714134586051886,1.1191964190518673,-2.5522718991026165,0.0396232083439827,0.24882031977176666,0.004218779296875,-0.012656337890625,-0.0168751171875,0.00843755859375,0.0,0.0168751171875,-0.007957060546875,0.0198926513671875
1.163865192,0.0,0.006614797865059252,0.009773843811167193,0.2768092193663012,-0.0974766387238839,1.7825571249393681,-1.6409149294937688,3.6349972331285905,-6.1424594095912814,0.0,0.0,0.0,0.0,0.0,0.0,0.0,0.0,-0.4826476679882594,0.6079977949672553,1.8513492179811326,-2.4714134586051886,1.1191964190518673,-2.5522718991026165,0.0396232083439827,0.24882031977176666,0.004218779296875,0.02531267578125,0.033750234375,0.00843755859375,0.0,-0.04218779296875,0.007957060546875,0.0119355908203125
1.172704148,0.0,0.006614797865059252,0.009773843811167193,0.2768092193663012,-0.0974766387238839,1.7825571249393681,-1.6409149294937688,3.6349972331285905,-6.1424594095912814,0.0,0.0,0.0,0.0,0.0,0.0,0.0,0.0,-0.4826476679882594,0.6079977949672553,1.8513492179811326,-2.4714134586051886,1.1191964190518673,-2.5522718991026165,0.0396232083439827,0.24882031977176666,0.0,0.02531267578125,-0.021093896484375,0.00843755859375,0.02531267578125,0.00843755859375,-0.0039785302734375,0.0198926513671875
1.180969819,0.0,0.006614797865059252,0.009773843811167193,0.2768092193663012,-0.0974766387238839,1.7825571249393681,-1.6409149294937688,3.6349972331285905,-6.1424594095912814,0.0,0.0,0.0,0.0,0.0,0.0,0.0,0.0,-0.4826476679882594,0.6079977949672553,1.8513492179811326,-2.4714134586051886,1.1191964190518673,-2.5522718991026165,0.0396232083439827,0.24882031977176666,-0.004218779296875,0.0168751171875,0.0,0.0,0.033750234375,0.00843755859375,0.0,0.0278497119140625
1.189474052,0.0,0.006614797865059252,0.009773843811167193,0.2768092193663012,-0.0974766387238839,1.7825571249393681,-1.6409149294937688,3.6349972331285905,-6.1424594095912814,0.0,0.0,0.0,0.0,0.0,0.0,0.0,0.0,-0.4826476679882594,0.6079977949672553,1.8513492179811326,-2.4714134586051886,1.1191964190518673,-2.5522718991026165,0.0396232083439827,0.24882031977176666,0.0,-0.00843755859375,0.037969013671875,-0.033750234375,-0.06750046875,0.00843755859375,0.007957060546875,0.0198926513671875
1.199462714,0.0,0.006614797865059252,0.009773843811167193,0.2768092193663012,-0.0974766387238839,1.7825571249393681,-1.6409149294937688,3.6349972331285905,-6.1424594095912814,0.0,0.0,0.0,0.0,0.0,0.0,0.0,0.0,-0.4826476679882594,0.6079977949672553,1.8513492179811326,-2.4714134586051886,1.1191964190518673,-2.5522718991026165,0.0396232083439827,0.24882031977176666,0.0,0.004218779296875,-0.012656337890625,0.0168751171875,-0.05906291015625,-0.033750234375,-0.0039785302734375,0.007957060546875
1.206606776,0.0,0.006614797865059252,0.009773843811167193,0.2768092193663012,-0.0974766387238839,1.7825571249393681,-1.6409149294937688,3.6349972331285905,-6.1424594095912814,0.0,0.0,0.0,0.0,0.0,0.0,0.0,0.0,-0.4826476679882594,0.6079977949672553,1.8513492179811326,-2.4714134586051886,1.1191964190518673,-2.5522718991026165,0.0396232083439827,0.24882031977176666,0.0,-0.00843755859375,0.04218779296875,-0.037969013671875,0.0,0.0,0.007957060546875,0.0278497119140625
1.2150831370000001,0.0,0.006614797865059252,0.009773843811167193,0.2768092193663012,-0.0974766387238839,1.7825571249393681,-1.6409149294937688,3.6349972331285905,-6.1424594095912814,0.0,0.0,0.0,0.0,0.0,0.0,0.0,0.0,-0.4826476679882594,0.6079977949672553,1.8513492179811326,-2.4714134586051886,1.1191964190518673,-2.5522718991026165,0.0396232083439827,0.24882031977176666,0.004218779296875,0.0,-0.00843755859375,0.00843755859375,0.033750234375,-0.033750234375,0.0,0.0278497119140625
1.2239321090000002,0.0,0.006614797865059252,0.009773843811167193,0.2768092193663012,-0.0974766387238839,1.7825571249393681,-1.6409149294937688,3.6349972331285905,-6.1424594095912814,0.0,0.0,0.0,0.0,0.0,0.0,0.0,0.0,-0.4826476679882594,0.6079977949672553,1.8513492179811326,-2.4714134586051886,1.1191964190518673,-2.5522718991026165,0.0396232083439827,0.24882031977176666,0.004218779296875,-0.004218779296875,-0.012656337890625,-0.033750234375,0.0168751171875,0.02531267578125,-0.0039785302734375,0.0
1.232213172,0.0,0.006614797865059252,0.009773843811167193,0.2768092193663012,-0.0974766387238839,1.7825571249393681,-1.6409149294937688,3.6349972331285905,-6.1424594095912814,0.0,0.0,0.0,0.0,0.0,0.0,0.0,0.0,-0.4826476679882594,0.6079977949672553,1.8513492179811326,-2.4714134586051886,1.1191964190518673,-2.5522718991026165,0.0396232083439827,0.24882031977176666,0.0,-0.012656337890625,-0.00843755859375,-0.037969013671875,0.0,0.0168751171875,0.0,0.023871181640625
1.2407359980000001,0.0,0.006614797865059252,0.009773843811167193,0.2768092193663012,-0.0974766387238839,1.7825571249393681,-1.6409149294937688,3.6349972331285905,-6.1424594095912814,0.0,0.0,0.0,0.0,0.0,0.0,0.0,0.0,-0.4826476679882594,0.6079977949672553,1.8513492179811326,-2.4714134586051886,1.1191964190518673,-2.5522718991026165,0.0396232083439827,0.24882031977176666,0.0,0.021093896484375,-0.012656337890625,0.012656337890625,0.00843755859375,-0.02531267578125,0.0,0.0278497119140625
1.249135942,0.0,0.006614797865059252,0.009773843811167193,0.2768092193663012,-0.0974766387238839,1.7825571249393681,-1.6409149294937688,3.6349972331285905,-6.1424594095912814,0.0,0.0,0.0,0.0,0.0,0.0,0.0,0.0,-0.4826476679882594,0.6079977949672553,1.8513492179811326,-2.4714134586051886,1.1191964190518673,-2.5522718991026165,0.0396232083439827,0.24882031977176666,0.0,0.0,-0.012656337890625,0.02531267578125,0.0,0.0,0.0,0.0278497119140625
1.25772664,0.0,0.006614797865059252,0.009773843811167193,0.2768092193663012,-0.0974766387238839,1.7825571249393681,-1.6409149294937688,3.6349972331285905,-6.1424594095912814,0.0,0.0,0.0,0.0,0.0,0.0,0.0,0.0,-0.4826476679882594,0.6079977949672553,1.8513492179811326,-2.4714134586051886,1.1191964190518673,-2.5522718991026165,0.0396232083439827,0.24882031977176666,-0.00843755859375,0.02531267578125,-0.0168751171875,0.004218779296875,0.0,0.00843755859375,0.0,-0.0517208935546875
1.266425243,0.0,0.006614797865059252,0.009773843811167193,0.2768092193663012,-0.0974766387238839,1.7825571249393681,-1.6409149294937688,3.6349972331285905,-6.1424594095912814,0.0,0.0,0.0,0.0,0.0,0.0,0.0,0.0,-0.4826476679882594,0.6079977949672553,1.8513492179811326,-2.4714134586051886,1.1191964190518673,-2.5522718991026165,0.0396232083439827,0.24882031977176666,0.0,-0.004218779296875,-0.00843755859375,0.012656337890625,-0.06750046875,0.0168751171875,-0.007957060546875,0.023871181640625
1.2747983070000002,0.0,0.006614797865059252,0.009773843811167193,0.2768092193663012,-0.0974766387238839,1.7825571249393681,-1.6409149294937688,3.6349972331285905,-6.1424594095912814,0.0,0.0,0.0,0.0,0.0,0.0,0.0,0.0,-0.4826476679882594,0.6079977949672553,1.8513492179811326,-2.4714134586051886,1.1191964190518673,-2.5522718991026165,0.0396232083439827,0.24882031977176666,-0.00843755859375,-0.012656337890625,0.0,0.00843755859375,0.04218779296875,0.0,0.0,0.023871181640625
1.284176148,0.0,0.006614797865059252,0.009773843811167193,0.2768092193663012,-0.0974766387238839,1.7825571249393681,-1.6409149294937688,3.6349972331285905,-6.1424594095912814,0.0,0.0,0.0,0.0,0.0,0.0,0.0,0.0,-0.4826476679882594,0.6079977949672553,1.8513492179811326,-2.4714134586051886,1.1191964190518673,-2.5522718991026165,0.0396232083439827,0.24882031977176666,0.004218779296875,0.0,0.033750234375,0.012656337890625,0.0,0.0168751171875,-0.0039785302734375,-0.0517208935546875
1.292705181,0.0,0.006614797865059252,0.009773843811167193,0.2768092193663012,-0.0974766387238839,1.7825571249393681,-1.6409149294937688,3.6349972331285905,-6.1424594095912814,0.0,0.0,0.0,0.0,0.0,0.0,0.0,0.0,-0.4826476679882594,0.6079977949672553,1.8513492179811326,-2.4714134586051886,1.1191964190518673,-2.5522718991026165,0.0396232083439827,0.24882031977176666,0.004218779296875,-0.00843755859375,-0.00843755859375,-0.029531455078125,0.0,0.02531267578125,0.007957060546875,0.0198926513671875
1.3013001670000002,0.0,0.006614797865059252,0.009773843811167193,0.2768092193663012,-0.0974766387238839,1.7825571249393681,-1.6409149294937688,3.6349972331285905,-6.1424594095912814,0.0,0.0,0.0,0.0,0.0,0.0,0.0,0.0,-0.4826476679882594,0.6079977949672553,1.8513492179811326,-2.4714134586051886,1.1191964190518673,-2.5522718991026165,0.0396232083439827,0.24882031977176666,0.004218779296875,-0.00843755859375,-0.00843755859375,0.004218779296875,0.0506253515625,0.0168751171875,-0.007957060546875,0.023871181640625
1.3102857490000002,0.0,0.006614797865059252,0.009773843811167193,0.2768092193663012,-0.0974766387238839,1.7825571249393681,-1.6409149294937688,3.6349972331285905,-6.1424594095912814,0.0,0.0,0.0,0.0,0.0,0.0,0.0,0.0,-0.4826476679882594,0.6079977949672553,1.8513492179811326,-2.4714134586051886,1.1191964190518673,-2.5522718991026165,0.0396232083439827,0.24882031977176666,0.0,0.02531267578125,-0.00843755859375,-0.033750234375,0.00843755859375,0.00843755859375,0.007957060546875,0.0358067724609375
1.318905183,0.0,0.006614797865059252,0.009773843811167193,0.2768092193663012,-0.0974766387238839,1.7825571249393681,-1.6409149294937688,3.6349972331285905,-6.1424594095912814,0.0,0.0,0.0,0.0,0.0,0.0,0.0,0.0,-0.4826476679882594,0.6079977949672553,1.8513492179811326,-2.4714134586051886,1.1191964190518673,-2.5522718991026165,0.0396232083439827,0.24882031977176666,0.004218779296875,-0.00843755859375,-0.00843755859375,0.021093896484375,-0.06750046875,0.00843755859375,0.0,0.0278497119140625
1.3274638810000001,0.0,0.006614797865059252,0.009773843811167193,0.2768092193663012,-0.0974766387238839,1.7825571249393681,-1.6409149294937688,3.6349972331285905,-6.1424594095912814,0.0,0.0,0.0,0.0,0.0,0.0,0.0,0.0,-0.4826476679882594,0.6079977949672553,1.8513492179811326,-2.4714134586051886,1.1191964190518673,-2.5522718991026165,0.0396232083439827,0.24882031977176666,0.0,-0.004218779296875,0.004218779296875,0.0,-0.06750046875,0.0168751171875,0.0,-0.0517208935546875
1.335772752,0.0,0.006614797865059252,0.009773843811167193,0.2768092193663012,-0.0974766387238839,1.7825571249393681,-1.6409149294937688,3.6349972331285905,-6.1424594095912814,0.0,0.0,0.0,0.0,0.0,0.0,0.0,0.0,-0.4826476679882594,0.6079977949672553,1.8513492179811326,-2.4714134586051886,1.1191964190518673,-2.5522718991026165,0.0396232083439827,0.24882031977176666,0.004218779296875,-0.0168751171875,0.033750234375,-0.02531267578125,0.00843755859375,0.0,0.007957060546875,-0.071613544921875
1.345115137,0.0,0.006614797865059252,0.009773843811167193,0.2768092193663012,-0.0974766387238839,1.7825571249393681,-1.6409149294937688,3.6349972331285905,-6.1424594095912814,0.0,0.0,0.0,0.0,0.0,0.0,0.0,0.0,-0.4826476679882594,0.6079977949672553,1.8513492179811326,-2.4714134586051886,1.1191964190518673,-2.5522718991026165,0.0396232083439827,0.24882031977176666,0.004218779296875,0.02531267578125,-0.00843755859375,0.00843755859375,-0.0506253515625,-0.033750234375,0.0,-0.0517208935546875
1.353915116,0.0,0.006614797865059252,0.009773843811167193,0.2768092193663012,-0.0974766387238839,1.7825571249393681,-1.6409149294937688,3.6349972331285905,-6.1424594095912814,0.0,0.0,0.0,0.0,0.0,0.0,0.0,0.0,-0.4826476679882594,0.6079977949672553,1.8513492179811326,-2.4714134586051886,1.1191964190518673,-2.5522718991026165,0.0396232083439827,0.24882031977176666,0.0,0.0168751171875,-0.012656337890625,0.00843755859375,-0.0506253515625,0.0168751171875,0.007957060546875,0.007957060546875
1.36247743,0.0,0.006614797865059252,0.009773843811167193,0.2768092193663012,-0.0974766387238839,1.7825571249393681,-1.6409149294937688,3.6349972331285905,-6.1424594095912814,0.0,0.0,0.0,0.0,0.0,0.0,0.0,0.0,-0.4826476679882594,0.6079977949672553,1.8513492179811326,-2.4714134586051886,1.1191964190518673,-2.5522718991026165,0.0396232083439827,0.24882031977176666,0.0,-0.00843755859375,-0.00843755859375,0.0168751171875,0.04218779296875,0.00843755859375,0.007957060546875,-0.0039785302734375
1.370969791,0.0,0.006614797865059252,0.009773843811167193,0.2768092193663012,-0.0974766387238839,1.7825571249393681,-1.6409149294937688,3.6349972331285905,-6.1424594095912814,0.0,0.0,0.0,0.0,0.0,0.0,0.0,0.0,-0.4826476679882594,0.6079977949672553,1.8513492179811326,-2.4714134586051886,1.1191964190518673,-2.5522718991026165,0.0396232083439827,0.24882031977176666,0.0,0.0168751171875,-0.021093896484375,0.00843755859375,0.00843755859375,0.0168751171875,0.0,0.0318282421875
1.3796311140000002,0.0,0.006614797865059252,0.009773843811167193,0.2768092193663012,-0.0974766387238839,1.7825571249393681,-1.6409149294937688,3.6349972331285905,-6.1424594095912814,0.0,0.0,0.0,0.0,0.0,0.0,0.0,0.0,-0.4826476679882594,0.6079977949672553,1.8513492179811326,-2.4714134586051886,1.1191964190518673,-2.5522718991026165,0.0396232083439827,0.24882031977176666,0.0,-0.00843755859375,-0.02531267578125,0.00843755859375,-0.05906291015625,0.00843755859375,-0.007957060546875,-0.071613544921875
1.387758,0.0,0.006614797865059252,0.009773843811167193,0.2768092193663012,-0.0974766387238839,1.7825571249393681,-1.6409149294937688,3.6349972331285905,-6.1424594095912814,0.0,0.0,0.0,0.0,0.0,0.0,0.0,0.0,-0.4826476679882594,0.6079977949672553,1.8513492179811326,-2.4714134586051886,1.1191964190518673,-2.5522718991026165,0.0396232083439827,0.24882031977176666,0.0,-0.004218779296875,0.00843755859375,0.021093896484375,0.0506253515625,0.00843755859375,-0.0039785302734375,0.0198926513671875
1.3994293,0.0,0.006614797865059252,0.009773843811167193,0.2768092193663012,-0.0974766387238839,1.7825571249393681,-1.6409149294937688,3.6349972331285905,-6.1424594095912814,0.0,0.0,0.0,0.0,0.0,0.0,0.0,0.0,-0.4826476679882594,0.6079977949672553,1.8513492179811326,-2.4714134586051886,1.1191964190518673,-2.5522718991026165,0.0396232083439827,0.24882031977176666,0.0,-0.004218779296875,-0.012656337890625,0.012656337890625,0.033750234375,-0.033750234375,0.0,0.0
1.405565705,0.0,0.006614797865059252,0.009773843811167193,0.2768092193663012,-0.0974766387238839,1.7825571249393681,-1.6409149294937688,3.6349972331285905,-6.1424594095912814,0.0,0.0,0.0,0.0,0.0,0.0,0.0,0.0,-0.4826476679882594,0.6079977949672553,1.8513492179811326,-2.4714134586051886,1.1191964190518673,-2.5522718991026165,0.0396232083439827,0.24882031977176666,0.0,0.02531267578125,-0.0168751171875,0.004218779296875,0.033750234375,0.00843755859375,0.0,-0.071613544921875
1.414146515,0.0,0.006614797865059252,0.009773843811167193,0.2768092193663012,-0.0974766387238839,1.7825571249393681,-1.6409149294937688,3.6349972331285905,-6.1424594095912814,0.0,0.0,0.0,0.0,0.0,0.0,0.0,0.0,-0.4826476679882594,0.6079977949672553,1.8513492179811326,-2.4714134586051886,1.1191964190518673,-2.5522718991026165,0.0396232083439827,0.24882031977176666,0.0,-0.00843755859375,-0.021093896484375,0.00843755859375,0.00843755859375,0.0,0.007957060546875,0.0278497119140625
1.422738365,0.0,0.006614797865059252,0.009773843811167193,0.2768092193663012,-0.0974766387238839,1.7825571249393681,-1.6409149294937688,3.6349972331285905,-6.1424594095912814,0.0,0.0,0.0,0.0,0.0,0.0,0.0,0.0,-0.4826476679882594,0.6079977949672553,1.8513492179811326,-2.4714134586051886,1.1191964190518673,-2.5522718991026165,0.0396232083439827,0.24882031977176666,0.004218779296875,-0.004218779296875,0.0,0.004218779296875,0.0,0.0168751171875,-0.007957060546875,0.0198926513671875
1.431386151,0.0,0.006614797865059252,0.009773843811167193,0.2768092193663012,-0.0974766387238839,1.7825571249393681,-1.6409149294937688,3.6349972331285905,-6.1424594095912814,0.0,0.0,0.0,0.0,0.0,0.0,0.0,0.0,-0.4826476679882594,0.6079977949672553,1.8513492179811326,-2.4714134586051886,1.1191964190518673,-2.5522718991026165,0.0396232083439827,0.24882031977176666,0.0,-0.004218779296875,-0.012656337890625,0.0,-0.06750046875,0.0168751171875,-0.0039785302734375,-0.04774236328125
1.439505293,0.0,0.006614797865059252,0.009773843811167193,0.2768092193663012,-0.0974766387238839,1.7825571249393681,-1.6409149294937688,3.6349972331285905,-6.1424594095912814,0.0,0.0,0.0,0.0,0.0,0.0,0.0,0.0,-0.4826476679882594,0.6079977949672553,1.8513492179811326,-2.4714134586051886,1.1191964190518673,-2.5522718991026165,0.0396232083439827,0.24882031977176666,0.0,0.0,0.00843755859375,0.0,0.04218779296875,-0.02531267578125,0.0,0.0198926513671875
1.448018647,0.0,0.006614797865059252,0.009773843811167193,0.2768092193663012,-0.0974766387238839,1.7825571249393681,-1.6409149294937688,3.6349972331285905,-6.1424594095912814,0.0,0.0,0.0,0.0,0.0,0.0,0.0,0.0,-0.4826476679882594,0.6079977949672553,1.8513492179811326,-2.4714134586051886,1.1191964190518673,-2.5522718991026165,0.0396232083439827,0.24882031977176666,0.0,-0.00843755859375,-0.0168751171875,0.00843755859375,-0.06750046875,0.0168751171875,0.0,0.0198926513671875
1.4567664660000001,0.0,0.006614797865059252,0.009773843811167193,0.2768092193663012,-0.0974766387238839,1.7825571249393681,-1.6409149294937688,3.6349972331285905,-6.1424594095912814,0.0,0.0,0.0,0.0,0.0,0.0,0.0,0.0,-0.4826476679882594,0.6079977949672553,1.8513492179811326,-2.4714134586051886,1.1191964190518673,-2.5522718991026165,0.0396232083439827,0.24882031977176666,-0.004218779296875,0.0168751171875,0.02531267578125,0.012656337890625,0.0506253515625,0.00843755859375,0.0119355908203125,0.023871181640625
1.465347116,0.0,0.006614797865059252,0.009773843811167193,0.2768092193663012,-0.0974766387238839,1.7825571249393681,-1.6409149294937688,3.6349972331285905,-6.1424594095912814,0.0,0.0,0.0,0.0,0.0,0.0,0.0,0.0,-0.4826476679882594,0.6079977949672553,1.8513492179811326,-2.4714134586051886,1.1191964190518673,-2.5522718991026165,0.0396232083439827,0.24882031977176666,0.0,-0.004218779296875,-0.021093896484375,0.00843755859375,-0.05906291015625,0.00843755859375,0.007957060546875,-0.0517208935546875
1.473577203,0.0,0.006614797865059252,0.009773843811167193,0.2768092193663012,-0.0974766387238839,1.7825571249393681,-1.6409149294937688,3.6349972331285905,-6.1424594095912814,0.0,0.0,0.0,0.0,0.0,0.0,0.0,0.0,-0.4826476679882594,0.6079977949672553,1.8513492179811326,-2.4714134586051886,1.1191964190518673,-2.5522718991026165,0.0396232083439827,0.24882031977176666,0.0,-0.012656337890625,-0.021093896484375,0.00843755859375,-0.06750046875,0.0,-0.007957060546875,-0.0755920751953125
1.4821755810000001,0.0,0.006614797865059252,0.009773843811167193,0.2768092193663012,-0.0974766387238839,1.7825571249393681,-1.6409149294937688,3.6349972331285905,-6.1424594095912814,0.0,0.0,0.0,0.0,0.0,0.0,0.0,0.0,-0.4826476679882594,0.6079977949672553,1.8513492179811326,-2.4714134586051886,1.1191964190518673,-2.5522718991026165,0.0396232083439827,0.24882031977176666,0.0,-0.012656337890625,-0.00843755859375,0.004218779296875,0.0,0.00843755859375,0.0,-0.071613544921875
1.490511237,0.0,0.006614797865059252,0.009773843811167193,0.2768092193663012,-0.0974766387238839,1.7825571249393681,-1.6409149294937688,3.6349972331285905,-6.1424594095912814,0.0,0.0,0.0,0.0,0.0,0.0,0.0,0.0,-0.4826476679882594,0.6079977949672553,1.8513492179811326,-2.4714134586051886,1.1191964190518673,-2.5522718991026165,0.0396232083439827,0.24882031977176666,0.0,-0.00843755859375,-0.00843755859375,0.021093896484375,0.04218779296875,-0.033750234375,0.0,-0.0517208935546875
1.4995048500000001,0.0,0.006614797865059252,0.009773843811167193,0.2768092193663012,-0.0974766387238839,1.7825571249393681,-1.6409149294937688,3.6349972331285905,-6.1424594095912814,0.0,0.0,0.0,0.0,0.0,0.0,0.0,0.0,-0.4826476679882594,0.6079977949672553,1.8513492179811326,-2.4714134586051886,1.1191964190518673,-2.5522718991026165,0.0396232083439827,0.24882031977176666,0.0,0.0,-0.02531267578125,0.012656337890625,0.0,0.00843755859375,0.0,0.0278497119140625
1.506925842,0.0,0.006614797865059252,0.009773843811167193,0.2768092193663012,-0.0974766387238839,1.7825571249393681,-1.6409149294937688,3.6349972331285905,-6.1424594095912814,0.0,0.0,0.0,0.0,0.0,0.0,0.0,0.0,-0.4826476679882594,0.6079977949672553,1.8513492179811326,-2.4714134586051886,1.1191964190518673,-2.5522718991026165,0.0396232083439827,0.24882031977176666,0.004218779296875,-0.00843755859375,0.029531455078125,0.012656337890625,0.02531267578125,0.00843755859375,0.007957060546875,0.0278497119140625
1.515459163,0.0,0.006614797865059252,0.009773843811167193,0.2768092193663012,-0.0974766387238839,1.7825571249393681,-1.6409149294937688,3.6349972331285905,-6.1424594095912814,0.0,0.0,0.0,0.0,0.0,0.0,0.0,0.0,-0.4826476679882594,0.6079977949672553,1.8513492179811326,-2.4714134586051886,1.1191964190518673,-2.5522718991026165,0.0396232083439827,0.24882031977176666,0.0,-0.004218779296875,0.0,0.0168751171875,0.00843755859375,0.00843755859375,-0.007957060546875,0.0278497119140625
1.523778115,0.0,0.006614797865059252,0.009773843811167193,0.2768092193663012,-0.0974766387238839,1.7825571249393681,-1.6409149294937688,3.6349972331285905,-6.1424594095912814,0.0,0.0,0.0,0.0,0.0,0.0,0.0,0.0,-0.4826476679882594,0.6079977949672553,1.8513492179811326,-2.4714134586051886,1.1191964190518673,-2.5522718991026165,0.0396232083439827,0.24882031977176666,0.0,0.02531267578125,-0.00843755859375,-0.029531455078125,0.00843755859375,0.0168751171875,-0.007957060546875,-0.0517208935546875
1.5324291010000002,0.0,0.006614797865059252,0.009773843811167193,0.2768092193663012,-0.0974766387238839,1.7825571249393681,-1.6409149294937688,3.6349972331285905,-6.1424594095912814,0.0,0.0,0.0,0.0,0.0,0.0,0.0,0.0,-0.4826476679882594,0.6079977949672553,1.8513492179811326,-2.4714134586051886,1.1191964190518673,-2.5522718991026165,0.0396232083439827,0.24882031977176666,-0.004218779296875,-0.0168751171875,0.033750234375,0.00843755859375,0.00843755859375,0.0168751171875,0.0119355908203125,0.023871181640625
1.540322929,0.0,0.006614797865059252,0.009773843811167193,0.2768092193663012,-0.0974766387238839,1.7825571249393681,-1.6409149294937688,3.6349972331285905,-6.1424594095912814,0.0,0.0,0.0,0.0,0.0,0.0,0.0,0.0,-0.4826476679882594,0.6079977949672553,1.8513492179811326,-2.4714134586051886,1.1191964190518673,-2.5522718991026165,0.0396232083439827,0.24882031977176666,0.0,-0.00843755859375,-0.00843755859375,0.004218779296875,-0.07593802734375,0.0,0.0,0.0278497119140625
1.5484147110000002,0.0,0.006614797865059252,0.009773843811167193,0.2768092193663012,-0.0974766387238839,1.7825571249393681,-1.6409149294937688,3.6349972331285905,-6.1424594095912814,0.0,0.0,0.0,0.0,0.0,0.0,0.0,0.0,-0.4826476679882594,0.6079977949672553,1.8513492179811326,-2.4714134586051886,1.1191964190518673,-2.5522718991026165,0.0396232083439827,0.24882031977176666,0.004218779296875,-0.004218779296875,-0.00843755859375,0.0,0.05906291015625,0.00843755859375,-0.0039785302734375,0.0039785302734375
1.5572201950000002,0.0,0.006614797865059252,0.009773843811167193,0.2768092193663012,-0.0974766387238839,1.7825571249393681,-1.6409149294937688,3.6349972331285905,-6.1424594095912814,0.0,0.0,0.0,0.0,0.0,0.0,0.0,0.0,-0.4826476679882594,0.6079977949672553,1.8513492179811326,-2.4714134586051886,1.1191964190518673,-2.5522718991026165,0.0396232083439827,0.24882031977176666,0.004218779296875,-0.004218779296875,-0.012656337890625,-0.037969013671875,-0.0506253515625,-0.04218779296875,-0.007957060546875,0.023871181640625
1.565355209,0.0,0.006614797865059252,0.009773843811167193,0.2768092193663012,-0.0974766387238839,1.7825571249393681,-1.6409149294937688,3.6349972331285905,-6.1424594095912814,0.0,0.0,0.0,0.0,0.0,0.0,0.0,0.0,-0.4826476679882594,0.6079977949672553,1.8513492179811326,-2.4714134586051886,1.1191964190518673,-2.5522718991026165,0.0396232083439827,0.24882031977176666,0.0,-0.00843755859375,0.0,0.0168751171875,-0.06750046875,-0.033750234375,0.007957060546875,0.0278497119140625
1.573042955,0.0,0.006614797865059252,0.009773843811167193,0.2768092193663012,-0.0974766387238839,1.7825571249393681,-1.6409149294937688,3.6349972331285905,-6.1424594095912814,0.0,0.0,0.0,0.0,0.0,0.0,0.0,0.0,-0.4826476679882594,0.6079977949672553,1.8513492179811326,-2.4714134586051886,1.1191964190518673,-2.5522718991026165,0.0396232083439827,0.24882031977176666,0.0,-0.0168751171875,0.033750234375,0.0168751171875,0.02531267578125,-0.02531267578125,0.0119355908203125,0.0198926513671875
1.5815914130000002,0.0,0.006614797865059252,0.009773843811167193,0.2768092193663012,-0.0974766387238839,1.7825571249393681,-1.6409149294937688,3.6349972331285905,-6.1424594095912814,0.0,0.0,0.0,0.0,0.0,0.0,0.0,0.0,-0.4826476679882594,0.6079977949672553,1.8513492179811326,-2.4714134586051886,1.1191964190518673,-2.5522718991026165,0.0396232083439827,0.24882031977176666,0.0,-0.00843755859375,-0.00843755859375,0.021093896484375,0.00843755859375,0.0168751171875,-0.0039785302734375,0.0198926513671875
1.5895600250000002,0.0,0.006614797865059252,0.009773843811167193,0.2768092193663012,-0.0974766387238839,1.7825571249393681,-1.6409149294937688,3.6349972331285905,-6.1424594095912814,0.0,0.0,0.0,0.0,0.0,0.0,0.0,0.0,-0.4826476679882594,0.6079977949672553,1.8513492179811326,-2.4714134586051886,1.1191964190518673,-2.5522718991026165,0.0396232083439827,0.24882031977176666,0.0,0.0168751171875,0.0,-0.037969013671875,0.04218779296875,0.00843755859375,-0.007957060546875,0.0198926513671875
1.5995212630000002,0.0,0.006614797865059252,0.009773843811167193,0.2768092193663012,-0.0974766387238839,1.7825571249393681,-1.6409149294937688,3.6349972331285905,-6.1424594095912814,0.0,0.0,0.0,0.0,0.0,0.0,0.0,0.0,-0.4826476679882594,0.6079977949672553,1.8513492179811326,-2.4714134586051886,1.1191964190518673,-2.5522718991026165,0.0396232083439827,0.24882031977176666,0.004218779296875,-0.00843755859375,0.04218779296875,0.012656337890625,0.04218779296875,0.0168751171875,0.0,0.0278497119140625
1.6058662140000002,0.0,0.006614797865059252,0.009773843811167193,0.2768092193663012,-0.0974766387238839,1.7825571249393681,-1.6409149294937688,3.6349972331285905,-6.1424594095912814,0.0,0.0,0.0,0.0,0.0,0.0,0.0,0.0,-0.4826476679882594,0.6079977949672553,1.8513492179811326,-2.4714134586051886,1.1191964190518673,-2.5522718991026165,0.0396232083439827,0.24882031977176666,0.004218779296875,0.02531267578125,0.029531455078125,0.004218779296875,0.02531267578125,0.00843755859375,-0.0039785302734375,0.0278497119140625
1.614711346,0.0,0.006614797865059252,0.009773843811167193,0.2768092193663012,-0.0974766387238839,1.7825571249393681,-1.6409149294937688,3.6349972331285905,-6.1424594095912814,0.0,0.0,0.0,0.0,0.0,0.0,0.0,0.0,-0.4826476679882594,0.6079977949672553,1.8513492179811326,-2.4714134586051886,1.1191964190518673,-2.5522718991026165,0.0396232083439827,0.24882031977176666,-0.00843755859375,0.0,0.029531455078125,0.0,0.00843755859375,0.0168751171875,-0.007957060546875,-0.071613544921875
1.623399869,0.0,0.006614797865059252,0.009773843811167193,0.2768092193663012,-0.0974766387238839,1.7825571249393681,-1.6409149294937688,3.6349972331285905,-6.1424594095912814,0.0,0.0,0.0,0.0,0.0,0.0,0.0,0.0,-0.4826476679882594,0.6079977949672553,1.8513492179811326,-2.4714134586051886,1.1191964190518673,-2.5522718991026165,0.0396232083439827,0.24882031977176666,0.0,0.0168751171875,-0.021093896484375,-0.033750234375,0.033750234375,0.00843755859375,0.0,-0.071613544921875
1.6323747940000002,0.0,0.006614797865059252,0.009773843811167193,0.2768092193663012,-0.0974766387238839,1.7825571249393681,-1.6409149294937688,3.6349972331285905,-6.1424594095912814,0.0,0.0,0.0,0.0,0.0,0.0,0.0,0.0,-0.4826476679882594,0.6079977949672553,1.8513492179811326,-2.4714134586051886,1.1191964190518673,-2.5522718991026165,0.0396232083439827,0.24882031977176666,0.004218779296875,-0.004218779296875,0.029531455078125,0.00843755859375,0.033750234375,0.00843755859375,0.0119355908203125,0.0278497119140625
1.640606929,0.0,0.006614797865059252,0.009773843811167193,0.2768092193663012,-0.0974766387238839,1.7825571249393681,-1.6409149294937688,3.6349972331285905,-6.1424594095912814,0.0,0.0,0.0,0.0,0.0,0.0,0.0,0.0,-0.4826476679882594,0.6079977949672553,1.8513492179811326,-2.4714134586051886,1.1191964190518673,-2.5522718991026165,0.0396232083439827,0.24882031977176666,0.0,0.0,-0.0168751171875,0.021093896484375,-0.0506253515625,-0.033750234375,-0.0039785302734375,0.01591412109375
1.6501869150000001,0.0,0.006614797865059252,0.009773843811167193,0.2768092193663012,-0.0974766387238839,1.7825571249393681,-1.6409149294937688,3.6349972331285905,-6.1424594095912814,0.0,0.0,0.0,0.0,0.0,0.0,0.0,0.0,-0.4826476679882594,0.6079977949672553,1.8513492179811326,-2.4714134586051886,1.1191964190518673,-2.5522718991026165,0.0396232083439827,0.24882031977176666,0.0,-0.004218779296875,0.0,0.004218779296875,0.0506253515625,-0.033750234375,0.0,0.0198926513671875
1.658224968,0.0,0.006614797865059252,0.009773843811167193,0.2768092193663012,-0.0974766387238839,1.7825571249393681,-1.6409149294937688,3.6349972331285905,-6.1424594095912814,0.0,0.0,0.0,0.0,0.0,0.0,0.0,0.0,-0.4826476679882594,0.6079977949672553,1.8513492179811326,-2.4714134586051886,1.1191964190518673,-2.5522718991026165,0.0396232083439827,0.24882031977176666,0.0,-0.004218779296875,-0.00843755859375,0.0168751171875,0.05906291015625,0.02531267578125,0.0,-0.071613544921875
1.666692657,0.0,0.006614797865059252,0.009773843811167193,0.2768092193663012,-0.0974766387238839,1.7825571249393681,-1.6409149294937688,3.6349972331285905,-6.1424594095912814,0.0,0.0,0.0,0.0,0.0,0.0,0.0,0.0,-0.4826476679882594,0.6079977949672553,1.8513492179811326,-2.4714134586051886,1.1191964190518673,-2.5522718991026165,0.0396232083439827,0.24882031977176666,0.0,-0.00843755859375,0.0,0.00843755859375,0.0168751171875,-0.033750234375,0.0,0.0278497119140625
1.6747458460000002,0.0,0.006614797865059252,0.009773843811167193,0.2768092193663012,-0.0974766387238839,1.7825571249393681,-1.6409149294937688,3.6349972331285905,-6.1424594095912814,0.0,0.0,0.0,0.0,0.0,0.0,0.0,0.0,-0.4826476679882594,0.6079977949672553,1.8513492179811326,-2.4714134586051886,1.1191964190518673,-2.5522718991026165,0.0396232083439827,0.24882031977176666,0.0,0.02531267578125,0.0,0.012656337890625,0.05906291015625,0.0168751171875,0.0,0.0198926513671875
1.683430977,0.0,0.006614797865059252,0.009773843811167193,0.2768092193663012,-0.0974766387238839,1.7825571249393681,-1.6409149294937688,3.6349972331285905,-6.1424594095912814,0.0,0.0,0.0,0.0,0.0,0.0,0.0,0.0,-0.4826476679882594,0.6079977949672553,1.8513492179811326,-2.4714134586051886,1.1191964190518673,-2.5522718991026165,0.0396232083439827,0.24882031977176666,-0.004218779296875,0.0168751171875,0.033750234375,0.004218779296875,0.00843755859375,-0.033750234375,0.0,0.0278497119140625
1.6927304810000001,0.0,0.006614797865059252,0.009773843811167193,0.2768092193663012,-0.0974766387238839,1.7825571249393681,-1.6409149294937688,3.6349972331285905,-6.1424594095912814,0.0,0.0,0.0,0.0,0.0,0.0,0.0,0.0,-0.4826476679882594,0.6079977949672553,1.8513492179811326,-2.4714134586051886,1.1191964190518673,-2.5522718991026165,0.0396232083439827,0.24882031977176666,0.0,-0.0168751171875,-0.02531267578125,0.004218779296875,0.0,0.0168751171875,0.0,-0.04774236328125
1.7018425920000002,0.0,0.006614797865059252,0.009773843811167193,0.2768092193663012,-0.0974766387238839,1.7825571249393681,-1.6409149294937688,3.6349972331285905,-6.1424594095912814,0.0,0.0,0.0,0.0,0.0,0.0,0.0,0.0,-0.4826476679882594,0.6079977949672553,1.8513492179811326,-2.4714134586051886,1.1191964190518673,-2.5522718991026165,0.0396232083439827,0.24882031977176666,0.0,-0.004218779296875,-0.021093896484375,0.00843755859375,0.00843755859375,-0.02531267578125,0.0,0.023871181640625
1.71051361,0.0,0.006614797865059252,0.009773843811167193,0.2768092193663012,-0.0974766387238839,1.7825571249393681,-1.6409149294937688,3.6349972331285905,-6.1424594095912814,0.0,0.0,0.0,0.0,0.0,0.0,0.0,0.0,-0.4826476679882594,0.6079977949672553,1.8513492179811326,-2.4714134586051886,1.1191964190518673,-2.5522718991026165,0.0396232083439827,0.24882031977176666,0.0,-0.012656337890625,-0.021093896484375,0.00843755859375,-0.06750046875,0.00843755859375,0.007957060546875,0.023871181640625
1.7194751590000001,0.0,0.006614797865059252,0.009773843811167193,0.2768092193663012,-0.0974766387238839,1.7825571249393681,-1.6409149294937688,3.6349972331285905,-6.1424594095912814,0.0,0.0,0.0,0.0,0.0,0.0,0.0,0.0,-0.4826476679882594,0.6079977949672553,1.8513492179811326,-2.4714134586051886,1.1191964190518673,-2.5522718991026165,0.0396232083439827,0.24882031977176666,-0.004218779296875,0.0,-0.012656337890625,0.00843755859375,0.04218779296875,0.0168751171875,0.007957060546875,0.0278497119140625
1.7279520000000002,0.0,0.006614797865059252,0.009773843811167193,0.2768092193663012,-0.0974766387238839,1.7825571249393681,-1.6409149294937688,3.6349972331285905,-6.1424594095912814,0.0,0.0,0.0,0.0,0.0,0.0,0.0,0.0,-0.4826476679882594,0.6079977949672553,1.8513492179811326,-2.4714134586051886,1.1191964190518673,-2.5522718991026165,0.0396232083439827,0.24882031977176666,0.004218779296875,-0.00843755859375,-0.00843755859375,-0.037969013671875,0.0,0.00843755859375,0.007957060546875,0.0278497119140625
1.7365293220000002,0.0,0.006614797865059252,0.009773843811167193,0.2768092193663012,-0.0974766387238839,1.7825571249393681,-1.6409149294937688,3.6349972331285905,-6.1424594095912814,0.0,0.0,0.0,0.0,0.0,0.0,0.0,0.0,-0.4826476679882594,0.6079977949672553,1.8513492179811326,-2.4714134586051886,1.1191964190518673,-2.5522718991026165,0.0396232083439827,0.24882031977176666,0.0,0.0,-0.0168751171875,0.004218779296875,0.00843755859375,0.00843755859375,0.0,0.007957060546875
1.7444654540000002,0.0,0.006614797865059252,0.009773843811167193,0.2768092193663012,-0.0974766387238839,1.7825571249393681,-1.6409149294937688,3.6349972331285905,-6.1424594095912814,0.0,0.0,0.0,0.0,0.0,0.0,0.0,0.0,-0.4826476679882594,0.6079977949672553,1.8513492179811326,-2.4714134586051886,1.1191964190518673,-2.5522718991026165,0.0396232083439827,0.24882031977176666,0.0,-0.004218779296875,0.0,0.004218779296875,0.0168751171875,0.0168751171875,-0.0039785302734375,0.007957060546875
1.7530699760000001,0.0,0.006614797865059252,0.009773843811167193,0.2768092193663012,-0.0974766387238839,1.7825571249393681,-1.6409149294937688,3.6349972331285905,-6.1424594095912814,0.0,0.0,0.0,0.0,0.0,0.0,0.0,0.0,-0.4826476679882594,0.6079977949672553,1.8513492179811326,-2.4714134586051886,1.1191964190518673,-2.5522718991026165,0.0396232083439827,0.24882031977176666,0.0,-0.004218779296875,-0.0168751171875,0.021093896484375,0.04218779296875,-0.033750234375,-0.0039785302734375,0.01591412109375
1.7612663350000002,0.0,0.006614797865059252,0.009773843811167193,0.2768092193663012,-0.0974766387238839,1.7825571249393681,-1.6409149294937688,3.6349972331285905,-6.1424594095912814,0.0,0.0,0.0,0.0,0.0,0.0,0.0,0.0,-0.4826476679882594,0.6079977949672553,1.8513492179811326,-2.4714134586051886,1.1191964190518673,-2.5522718991026165,0.0396232083439827,0.24882031977176666,0.004218779296875,0.02531267578125,0.0,0.00843755859375,0.033750234375,-0.033750234375,-0.0039785302734375,0.0318282421875
1.77016894,0.0,0.006614797865059252,0.009773843811167193,0.2768092193663012,-0.0974766387238839,1.7825571249393681,-1.6409149294937688,3.6349972331285905,-6.1424594095912814,0.0,0.0,0.0,0.0,0.0,0.0,0.0,0.0,-0.4826476679882594,0.6079977949672553,1.8513492179811326,-2.4714134586051886,1.1191964190518673,-2.5522718991026165,0.0396232083439827,0.24882031977176666,0.0,0.02531267578125,0.0,0.00843755859375,0.0,0.02531267578125,0.0,0.023871181640625
1.7793153860000002,0.0,0.006614797865059252,0.009773843811167193,0.2768092193663012,-0.0974766387238839,1.7825571249393681,-1.6409149294937688,3.6349972331285905,-6.1424594095912814,0.0,0.0,0.0,0.0,0.0,0.0,0.0,0.0,-0.4826476679882594,0.6079977949672553,1.8513492179811326,-2.4714134586051886,1.1191964190518673,-2.5522718991026165,0.0396232083439827,0.24882031977176666,0.0,0.0168751171875,0.029531455078125,0.0,0.033750234375,0.00843755859375,-0.0039785302734375,0.0119355908203125
1.787857156,0.0,0.006614797865059252,0.009773843811167193,0.2768092193663012,-0.0974766387238839,1.7825571249393681,-1.6409149294937688,3.6349972331285905,-6.1424594095912814,0.0,0.0,0.0,0.0,0.0,0.0,0.0,0.0,-0.4826476679882594,0.6079977949672553,1.8513492179811326,-2.4714134586051886,1.1191964190518673,-2.5522718991026165,0.0396232083439827,0.24882031977176666,0.004218779296875,-0.004218779296875,0.033750234375,0.02531267578125,0.0506253515625,0.0,0.0,0.0039785302734375
1.7960825390000001,0.0,0.006614797865059252,0.009773843811167193,0.2768092193663012,-0.0974766387238839,1.7825571249393681,-1.6409149294937688,3.6349972331285905,-6.1424594095912814,0.0,0.0,0.0,0.0,0.0,0.0,0.0,0.0,-0.4826476679882594,0.6079977949672553,1.8513492179811326,-2.4714134586051886,1.1191964190518673,-2.5522718991026165,0.0396232083439827,0.24882031977176666,0.0,-0.004218779296875,0.0,0.021093896484375,0.04218779296875,-0.033750234375,0.0,0.0198926513671875
1.8049813670000001,0.0,0.006614797865059252,0.009773843811167193,0.2768092193663012,-0.0974766387238839,1.7825571249393681,-1.6409149294937688,3.6349972331285905,-6.1424594095912814,0.0,0.0,0.0,0.0,0.0,0.0,0.0,0.0,-0.4826476679882594,0.6079977949672553,1.8513492179811326,-2.4714134586051886,1.1191964190518673,-2.5522718991026165,0.0396232083439827,0.24882031977176666,0.0,-0.00843755859375,-0.00843755859375,0.012656337890625,0.02531267578125,0.00843755859375,-0.0039785302734375,0.023871181640625
1.814985773,0.0,0.006614797865059252,0.009773843811167193,0.2768092193663012,-0.0974766387238839,1.7825571249393681,-1.6409149294937688,3.6349972331285905,-6.1424594095912814,0.0,0.0,0.0,0.0,0.0,0.0,0.0,0.0,-0.4826476679882594,0.6079977949672553,1.8513492179811326,-2.4714134586051886,1.1191964190518673,-2.5522718991026165,0.0396232083439827,0.24882031977176666,0.0,-0.0168751171875,-0.021093896484375,-0.033750234375,0.0,0.0168751171875,-0.007957060546875,0.0278497119140625
1.823841242,0.0,0.006614797865059252,0.009773843811167193,0.2768092193663012,-0.0974766387238839,1.7825571249393681,-1.6409149294937688,3.6349972331285905,-6.1424594095912814,0.0,0.0,0.0,0.0,0.0,0.0,0.0,0.0,-0.4826476679882594,0.6079977949672553,1.8513492179811326,-2.4714134586051886,1.1191964190518673,-2.5522718991026165,0.0396232083439827,0.24882031977176666,-0.012656337890625,0.0,0.033750234375,0.00843755859375,0.04218779296875,0.0168751171875,-0.0039785302734375,-0.071613544921875
1.831945503,0.0,0.006614797865059252,0.009773843811167193,0.2768092193663012,-0.0974766387238839,1.7825571249393681,-1.6409149294937688,3.6349972331285905,-6.1424594095912814,0.0,0.0,0.0,0.0,0.0,0.0,0.0,0.0,-0.4826476679882594,0.6079977949672553,1.8513492179811326,-2.4714134586051886,1.1191964190518673,-2.5522718991026165,0.0396232083439827,0.24882031977176666,0.0,-0.00843755859375,0.037969013671875,0.00843755859375,0.033750234375,0.00843755859375,0.0,0.0278497119140625
1.840161638,0.0,0.006614797865059252,0.009773843811167193,0.2768092193663012,-0.0974766387238839,1.7825571249393681,-1.6409149294937688,3.6349972331285905,-6.1424594095912814,0.0,0.0,0.0,0.0,0.0,0.0,0.0,0.0,-0.4826476679882594,0.6079977949672553,1.8513492179811326,-2.4714134586051886,1.1191964190518673,-2.5522718991026165,0.0396232083439827,0.24882031977176666,0.0,0.02531267578125,0.0,0.012656337890625,0.0,0.0168751171875,0.0,0.0198926513671875
1.8486661590000002,0.0,0.006614797865059252,0.009773843811167193,0.2768092193663012,-0.0974766387238839,1.7825571249393681,-1.6409149294937688,3.6349972331285905,-6.1424594095912814,0.0,0.0,0.0,0.0,0.0,0.0,0.0,0.0,-0.4826476679882594,0.6079977949672553,1.8513492179811326,-2.4714134586051886,1.1191964190518673,-2.5522718991026165,0.0396232083439827,0.24882031977176666,0.0,0.029531455078125,-0.00843755859375,0.004218779296875,0.0,0.0168751171875,0.0,0.0278497119140625
1.8571701680000001,0.0,0.006614797865059252,0.009773843811167193,0.2768092193663012,-0.0974766387238839,1.7825571249393681,-1.6409149294937688,3.6349972331285905,-6.1424594095912814,0.0,0.0,0.0,0.0,0.0,0.0,0.0,0.0,-0.4826476679882594,0.6079977949672553,1.8513492179811326,-2.4714134586051886,1.1191964190518673,-2.5522718991026165,0.0396232083439827,0.24882031977176666,0.0,-0.00843755859375,-0.0168751171875,0.0168751171875,0.0,0.0,0.0,0.0198926513671875
1.8656398730000001,0.0,0.006614797865059252,0.009773843811167193,0.2768092193663012,-0.0974766387238839,1.7825571249393681,-1.6409149294937688,3.6349972331285905,-6.1424594095912814,0.0,0.0,0.0,0.0,0.0,0.0,0.0,0.0,-0.4826476679882594,0.6079977949672553,1.8513492179811326,-2.4714134586051886,1.1191964190518673,-2.5522718991026165,0.0396232083439827,0.24882031977176666,0.0,0.0168751171875,0.029531455078125,0.0,0.0,0.0168751171875,0.0,-0.0517208935546875
1.874015401,0.0,0.006614797865059252,0.009773843811167193,0.2768092193663012,-0.0974766387238839,1.7825571249393681,-1.6409149294937688,3.6349972331285905,-6.1424594095912814,0.0,0.0,0.0,0.0,0.0,0.0,0.0,0.0,-0.4826476679882594,0.6079977949672553,1.8513492179811326,-2.4714134586051886,1.1191964190518673,-2.5522718991026165,0.0396232083439827,0.24882031977176666,0.0,0.02531267578125,0.033750234375,0.004218779296875,-0.07593802734375,0.02531267578125,0.007957060546875,0.0198926513671875
1.8827976210000001,0.0,0.006614797865059252,0.009773843811167193,0.2768092193663012,-0.0974766387238839,1.7825571249393681,-1.6409149294937688,3.6349972331285905,-6.1424594095912814,0.0,0.0,0.0,0.0,0.0,0.0,0.0,0.0,-0.4826476679882594,0.6079977949672553,1.8513492179811326,-2.4714134586051886,1.1191964190518673,-2.5522718991026165,0.0396232083439827,0.24882031977176666,0.004218779296875,-0.012656337890625,-0.021093896484375,0.004218779296875,-0.0506253515625,0.0168751171875,0.0,-0.071613544921875
1.8913494380000002,0.0,0.006614797865059252,0.009773843811167193,0.2768092193663012,-0.0974766387238839,1.7825571249393681,-1.6409149294937688,3.6349972331285905,-6.1424594095912814,0.0,0.0,0.0,0.0,0.0,0.0,0.0,0.0,-0.4826476679882594,0.6079977949672553,1.8513492179811326,-2.4714134586051886,1.1191964190518673,-2.5522718991026165,0.0396232083439827,0.24882031977176666,0.0,-0.00843755859375,-0.012656337890625,0.02531267578125,-0.0506253515625,0.00843755859375,0.0119355908203125,0.01591412109375
1.899559301,0.0,0.006614797865059252,0.009773843811167193,0.2768092193663012,-0.0974766387238839,1.7825571249393681,-1.6409149294937688,3.6349972331285905,-6.1424594095912814,0.0,0.0,0.0,0.0,0.0,0.0,0.0,0.0,-0.4826476679882594,0.6079977949672553,1.8513492179811326,-2.4714134586051886,1.1191964190518673,-2.5522718991026165,0.0396232083439827,0.24882031977176666,0.0,-0.0168751171875,-0.00843755859375,-0.033750234375,-0.06750046875,0.00843755859375,0.007957060546875,-0.071613544921875
1.9079214530000002,0.0,0.006614797865059252,0.009773843811167193,0.2768092193663012,-0.0974766387238839,1.7825571249393681,-1.6409149294937688,3.6349972331285905,-6.1424594095912814,0.0,0.0,0.0,0.0,0.0,0.0,0.0,0.0,-0.4826476679882594,0.6079977949672553,1.8513492179811326,-2.4714134586051886,1.1191964190518673,-2.5522718991026165,0.0396232083439827,0.24882031977176666,0.0,0.0168751171875,-0.004218779296875,-0.033750234375,-0.07593802734375,0.0168751171875,0.0,0.023871181640625
1.9161430920000002,0.0,0.006614797865059252,0.009773843811167193,0.2768092193663012,-0.0974766387238839,1.7825571249393681,-1.6409149294937688,3.6349972331285905,-6.1424594095912814,0.0,0.0,0.0,0.0,0.0,0.0,0.0,0.0,-0.4826476679882594,0.6079977949672553,1.8513492179811326,-2.4714134586051886,1.1191964190518673,-2.5522718991026165,0.0396232083439827,0.24882031977176666,0.0,-0.012656337890625,-0.0168751171875,0.021093896484375,0.02531267578125,0.0,0.0,0.007957060546875
1.924732286,0.0,0.006614797865059252,0.009773843811167193,0.2768092193663012,-0.0974766387238839,1.7825571249393681,-1.6409149294937688,3.6349972331285905,-6.1424594095912814,0.0,0.0,0.0,0.0,0.0,0.0,0.0,0.0,-0.4826476679882594,0.6079977949672553,1.8513492179811326,-2.4714134586051886,1.1191964190518673,-2.5522718991026165,0.0396232083439827,0.24882031977176666,0.0,0.0168751171875,-0.0168751171875,0.021093896484375,0.00843755859375,0.00843755859375,0.0,0.0278497119140625
1.9326355860000002,0.0,0.006614797865059252,0.009773843811167193,0.2768092193663012,-0.0974766387238839,1.7825571249393681,-1.6409149294937688,3.6349972331285905,-6.1424594095912814,0.0,0.0,0.0,0.0,0.0,0.0,0.0,0.0,-0.4826476679882594,0.6079977949672553,1.8513492179811326,-2.4714134586051886,1.1191964190518673,-2.5522718991026165,0.0396232083439827,0.24882031977176666,0.0,-0.00843755859375,-0.0168751171875,0.021093896484375,0.0,0.00843755859375,0.01591412109375,0.0278497119140625
1.9409904100000002,0.0,0.006614797865059252,0.009773843811167193,0.2768092193663012,-0.0974766387238839,1.7825571249393681,-1.6409149294937688,3.6349972331285905,-6.1424594095912814,0.0,0.0,0.0,0.0,0.0,0.0,0.0,0.0,-0.4826476679882594,0.6079977949672553,1.8513492179811326,-2.4714134586051886,1.1191964190518673,-2.5522718991026165,0.0396232083439827,0.24882031977176666,0.0,0.0,-0.021093896484375,0.021093896484375,0.00843755859375,-0.02531267578125,-0.007957060546875,0.0278497119140625
1.949025615,0.0,0.006614797865059252,0.009773843811167193,0.2768092193663012,-0.0974766387238839,1.7825571249393681,-1.6409149294937688,3.6349972331285905,-6.1424594095912814,0.0,0.0,0.0,0.0,0.0,0.0,0.0,0.0,-0.4826476679882594,0.6079977949672553,1.8513492179811326,-2.4714134586051886,1.1191964190518673,-2.5522718991026165,0.0396232083439827,0.24882031977176666,0.0,-0.004218779296875,-0.012656337890625,-0.033750234375,-0.07593802734375,0.0168751171875,0.0,0.023871181640625
1.957659929,0.0,0.006614797865059252,0.009773843811167193,0.2768092193663012,-0.0974766387238839,1.7825571249393681,-1.6409149294937688,3.6349972331285905,-6.1424594095912814,0.0,0.0,0.0,0.0,0.0,0.0,0.0,0.0,-0.4826476679882594,0.6079977949672553,1.8513492179811326,-2.4714134586051886,1.1191964190518673,-2.5522718991026165,0.0396232083439827,0.24882031977176666,-0.00843755859375,0.0168751171875,-0.021093896484375,0.00843755859375,0.00843755859375,-0.04218779296875,0.007957060546875,0.0278497119140625
1.96752779,0.0,0.006614797865059252,0.009773843811167193,0.2768092193663012,-0.0974766387238839,1.7825571249393681,-1.6409149294937688,3.6349972331285905,-6.1424594095912814,0.0,0.0,0.0,0.0,0.0,0.0,0.0,0.0,-0.4826476679882594,0.6079977949672553,1.8513492179811326,-2.4714134586051886,1.1191964190518673,-2.5522718991026165,0.0396232083439827,0.24882031977176666,0.0,0.0168751171875,0.037969013671875,0.012656337890625,0.033750234375,0.0168751171875,0.0,-0.071613544921875
1.9764061700000002,0.0,0.006614797865059252,0.009773843811167193,0.2768092193663012,-0.0974766387238839,1.7825571249393681,-1.6409149294937688,3.6349972331285905,-6.1424594095912814,0.0,0.0,0.0,0.0,0.0,0.0,0.0,0.0,-0.4826476679882594,0.6079977949672553,1.8513492179811326,-2.4714134586051886,1.1191964190518673,-2.5522718991026165,0.0396232083439827,0.24882031977176666,0.0,0.02531267578125,-0.0168751171875,0.004218779296875,-0.06750046875,0.0,0.007957060546875,-0.0517208935546875
1.984983364,0.0,0.006614797865059252,0.009773843811167193,0.2768092193663012,-0.0974766387238839,1.7825571249393681,-1.6409149294937688,3.6349972331285905,-6.1424594095912814,0.0,0.0,0.0,0.0,0.0,0.0,0.0,0.0,-0.4826476679882594,0.6079977949672553,1.8513492179811326,-2.4714134586051886,1.1191964190518673,-2.5522718991026165,0.0396232083439827,0.24882031977176666,-0.012656337890625,-0.012656337890625,-0.004218779296875,-0.033750234375,0.0,0.00843755859375,-0.007957060546875,0.0278497119140625
1.993693423,0.0,0.006614797865059252,0.009773843811167193,0.2768092193663012,-0.0974766387238839,1.7825571249393681,-1.6409149294937688,3.6349972331285905,-6.1424594095912814,0.0,0.0,0.0,0.0,0.0,0.0,0.0,0.0,-0.4826476679882594,0.6079977949672553,1.8513492179811326,-2.4714134586051886,1.1191964190518673,-2.5522718991026165,0.0396232083439827,0.24882031977176666,-0.004218779296875,0.02531267578125,-0.00843755859375,0.004218779296875,0.0506253515625,0.0168751171875,0.0119355908203125,0.0039785302734375
2.00172946,0.0,0.006614797865059252,0.009773843811167193,0.2768092193663012,-0.0974766387238839,1.7825571249393681,-1.6409149294937688,3.6349972331285905,-6.1424594095912814,0.0,0.0,0.0,0.0,0.0,0.0,0.0,0.0,-0.4826476679882594,0.6079977949672553,1.8513492179811326,-2.4714134586051886,1.1191964190518673,-2.5522718991026165,0.0396232083439827,0.24882031977176666,0.0,-0.012656337890625,0.033750234375,-0.02531267578125,0.04218779296875,0.0168751171875,-0.0039785302734375,0.007957060546875
2.011533833,0.0,0.006614797865059252,0.009773843811167193,0.2768092193663012,-0.0974766387238839,1.7825571249393681,-1.6409149294937688,3.6349972331285905,-6.1424594095912814,0.0,0.0,0.0,0.0,0.0,0.0,0.0,0.0,-0.4826476679882594,0.6079977949672553,1.8513492179811326,-2.4714134586051886,1.1191964190518673,-2.5522718991026165,0.0396232083439827,0.24882031977176666,0.0,-0.0168751171875,-0.00843755859375,0.0,-0.0506253515625,-0.02531267578125,-0.0039785302734375,0.0198926513671875
2.020411029,0.0,0.006614797865059252,0.009773843811167193,0.2768092193663012,-0.0974766387238839,1.7825571249393681,-1.6409149294937688,3.6349972331285905,-6.1424594095912814,0.0,0.0,0.0,0.0,0.0,0.0,0.0,0.0,-0.4826476679882594,0.6079977949672553,1.8513492179811326,-2.4714134586051886,1.1191964190518673,-2.5522718991026165,0.0396232083439827,0.24882031977176666,0.0,-0.004218779296875,-0.021093896484375,0.021093896484375,0.0,-0.033750234375,0.0,-0.071613544921875
2.030223018,0.0,0.006614797865059252,0.009773843811167193,0.2768092193663012,-0.0974766387238839,1.7825571249393681,-1.6409149294937688,3.6349972331285905,-6.1424594095912814,0.0,0.0,0.0,0.0,0.0,0.0,0.0,0.0,-0.4826476679882594,0.6079977949672553,1.8513492179811326,-2.4714134586051886,1.1191964190518673,-2.5522718991026165,0.0396232083439827,0.24882031977176666,0.004218779296875,0.021093896484375,-0.012656337890625,0.012656337890625,0.0506253515625,-0.033750234375,0.0,0.023871181640625
2.038388752,0.0,0.006614797865059252,0.009773843811167193,0.2768092193663012,-0.0974766387238839,1.7825571249393681,-1.6409149294937688,3.6349972331285905,-6.1424594095912814,0.0,0.0,0.0,0.0,0.0,0.0,0.0,0.0,-0.4826476679882594,0.6079977949672553,1.8513492179811326,-2.4714134586051886,1.1191964190518673,-2.5522718991026165,0.0396232083439827,0.24882031977176666,0.0,-0.00843755859375,-0.021093896484375,-0.033750234375,0.00843755859375,-0.02531267578125,-0.0039785302734375,-0.0755920751953125
2.047883266,0.0,0.006614797865059252,0.009773843811167193,0.2768092193663012,-0.0974766387238839,1.7825571249393681,-1.6409149294937688,3.6349972331285905,-6.1424594095912814,0.0,0.0,0.0,0.0,0.0,0.0,0.0,0.0,-0.4826476679882594,0.6079977949672553,1.8513492179811326,-2.4714134586051886,1.1191964190518673,-2.5522718991026165,0.0396232083439827,0.24882031977176666,0.0,-0.012656337890625,-0.012656337890625,0.004218779296875,0.00843755859375,0.0168751171875,0.007957060546875,-0.0517208935546875
2.055877926,0.0,0.006614797865059252,0.009773843811167193,0.2768092193663012,-0.0974766387238839,1.7825571249393681,-1.6409149294937688,3.6349972331285905,-6.1424594095912814,0.0,0.0,0.0,0.0,0.0,0.0,0.0,0.0,-0.4826476679882594,0.6079977949672553,1.8513492179811326,-2.4714134586051886,1.1191964190518673,-2.5522718991026165,0.0396232083439827,0.24882031977176666,0.004218779296875,-0.004218779296875,-0.00843755859375,0.029531455078125,-0.06750046875,-0.033750234375,0.0,0.0198926513671875
2.065073366,0.0,0.006614797865059252,0.009773843811167193,0.2768092193663012,-0.0974766387238839,1.7825571249393681,-1.6409149294937688,3.6349972331285905,-6.1424594095912814,0.0,0.0,0.0,0.0,0.0,0.0,0.0,0.0,-0.4826476679882594,0.6079977949672553,1.8513492179811326,-2.4714134586051886,1.1191964190518673,-2.5522718991026165,0.0396232083439827,0.24882031977176666,-0.004218779296875,0.0,-0.00843755859375,0.004218779296875,0.04218779296875,-0.033750234375,0.0,0.0198926513671875
2.072930457,0.0,0.006614797865059252,0.009773843811167193,0.2768092193663012,-0.0974766387238839,1.7825571249393681,-1.6409149294937688,3.6349972331285905,-6.1424594095912814,0.0,0.0,0.0,0.0,0.0,0.0,0.0,0.003490658503988659,-0.4826476679882594,0.6079977949672553,1.8513492179811326,-2.4714134586051886,1.1191964190518673,-2.5522718991026165,0.0396232083439827,0.24882031977176666,0.0,0.0,-0.00843755859375,0.00843755859375,-0.06750046875,-0.0506253515625,-0.0039785302734375,0.023871181640625
2.0817096050000004,0.0,0.006614797865059252,0.009773843811167193,0.2768092193663012,-0.0974766387238839,1.7825571249393681,-1.6409149294937688,3.6349972331285905,-6.1424594095912814,0.0,0.0,0.0,0.0,0.0,0.0,0.0,0.0,-0.48256738053174697,0.6080230971389624,1.8513979447782365,-2.471243540664095,1.119207661977988,-2.5521847273096325,0.03961542621254921,0.24863823195784196,0.0,-0.0168751171875,-0.0168751171875,0.004218779296875,0.0,-0.02531267578125,0.0,-0.0517208935546875
2.0901099650000003,0.0,0.006527531402459097,0.009686577348567926,0.2768092193663012,-0.0974766387238839,1.7825571249393681,-1.6409149294937688,3.6349972331285905,-6.142372143128682,0.0,0.0,0.0,0.0,0.0,0.0,0.0,0.0,-0.48256738053174697,0.6080230971389624,1.8513979447782365,-2.471243540664095,1.119207661977988,-2.5521847273096325,0.03961542621254921,0.24881276488304138,0.0,-0.00843755859375,-0.021093896484375,-0.037969013671875,0.0,0.02531267578125,0.007957060546875,0.0278497119140625
2.099623039,0.0,0.006527531402459097,0.009686577348567926,0.2768092193663012,-0.0974766387238839,1.7825571249393681,-1.6409149294937688,3.6349972331285905,-6.142372143128682,0.0,0.0017453292519943296,0.0,0.0,0.0,0.0,0.0,0.0,-0.48223275916919217,0.6083461402992669,1.851391485124859,-2.4713107970551436,1.1190265681659992,-2.5522149468645337,0.03962601348757744,0.24882058799266815,-0.004218779296875,-0.00843755859375,-0.021093896484375,0.012656337890625,0.0,0.00843755859375,0.0,0.0198926513671875
2.107646948,0.0,0.006527531402459097,0.009773843811167193,0.2768092193663012,-0.0974766387238839,1.7825571249393681,-1.6409149294937688,3.6349972331285905,-6.142372143128682,0.0,0.0,0.0,0.0,0.0,0.0,0.0,0.0,-0.48223275916919217,0.6081716073740675,1.851391485124859,-2.4713107970551436,1.1190265681659992,-2.5522149468645337,0.03962601348757744,0.24882058799266815,0.0,-0.004218779296875,0.0,0.012656337890625,-0.0506253515625,0.00843755859375,0.0,0.0198926513671875
2.1168741630000003,0.0,0.006527531402459097,0.009773843811167193,0.2768092193663012,-0.0974766387238839,1.7825571249393681,-1.6409149294937688,3.6349972331285905,-6.142372143128682,0.0,0.0,0.0,0.0,0.0,0.0,0.0,0.0,-0.4822752721820782,0.6080874701553198,1.8513485027253953,-2.471416297276396,1.1190484728729542,-2.552288618205476,0.03961824253201485,0.24883387982845306,0.0,-0.00843755859375,-0.00843755859375,-0.033750234375,0.00843755859375,0.00843755859375,0.0,0.007957060546875
2.127586576,0.0,0.006527531402459097,0.009686577348567926,0.2768092193663012,-0.0974766387238839,1.7825571249393681,-1.6409149294937688,3.6349972331285905,-6.142372143128682,0.0,0.0,0.0,0.0,0.0,0.0,0.0,0.0,-0.4822752721820782,0.6080874701553198,1.8513485027253953,-2.471416297276396,1.1190484728729542,-2.552288618205476,0.03961824253201485,0.24883387982845306,0.0,0.00843755859375,0.0,0.004218779296875,0.033750234375,0.0168751171875,0.0,0.023871181640625
2.136020664,0.0,0.006527531402459097,0.009686577348567926,0.2768092193663012,-0.0974766387238839,1.7825571249393681,-1.6409149294937688,3.6349972331285905,-6.1424594095912814,0.0,0.0,0.0,0.0,0.0,0.0,0.0,0.0,-0.48223275916919217,0.6083461402992669,1.851391485124859,-2.4713107970551436,1.1190265681659992,-2.5522149468645337,0.03962601348757744,0.24882058799266815,-0.004218779296875,-0.012656337890625,0.033750234375,-0.033750234375,0.04218779296875,0.00843755859375,-0.0039785302734375,-0.071613544921875
2.145491882,0.0,0.006527531402459097,0.009686577348567926,0.2768092193663012,-0.0974766387238839,1.7825571249393681,-1.6409149294937688,3.6349972331285905,-6.1424594095912814,0.0,0.0,0.0,0.0,0.0,0.0,0.0,0.0,-0.48223275916919217,0.6083461402992669,1.851391485124859,-2.4713107970551436,1.1190265681659992,-2.5522149468645337,0.03962601348757744,0.24882058799266815,0.0,0.029531455078125,-0.004218779296875,0.004218779296875,0.0506253515625,0.0,0.0039785302734375,-0.04774236328125
2.15481785,0.0,0.006527531402459097,0.009686577348567926,0.2768092193663012,-0.0974766387238839,1.7825571249393681,-1.6409149294937688,3.6349972331285905,-6.1424594095912814,0.0,0.0,0.0,0.0,0.0,0.0,0.0,0.0,-0.48223275916919217,0.6083461402992669,1.851391485124859,-2.4713107970551436,1.1190265681659992,-2.5522149468645337,0.03962601348757744,0.24882058799266815,0.0,-0.00843755859375,0.033750234375,0.00843755859375,0.00843755859375,0.0168751171875,0.0,0.0278497119140625
2.164090986,0.0,0.006527531402459097,0.009686577348567926,0.2768092193663012,-0.0974766387238839,1.7825571249393681,-1.6409149294937688,3.6349972331285905,-6.1424594095912814,0.0,0.0,0.0,0.0,0.0,0.0,0.0,0.0,-0.48223275916919217,0.6083461402992669,1.851391485124859,-2.4713107970551436,1.1190265681659992,-2.5522149468645337,0.03962601348757744,0.24882058799266815,0.004218779296875,0.0,0.0,0.012656337890625,-0.05906291015625,-0.033750234375,0.0,-0.071613544921875
2.173423162,0.0,0.006527531402459097,0.009773843811167193,0.2768092193663012,-0.0974766387238839,1.7825571249393681,-1.6409149294937688,3.6349972331285905,-6.1424594095912814,0.0,0.0,0.0,0.0,0.0,0.0,0.0,0.0,-0.48223275916919217,0.6083461402992669,1.851391485124859,-2.4713107970551436,1.1190265681659992,-2.5522149468645337,0.03962601348757744,0.24882058799266815,-0.00843755859375,0.02531267578125,-0.00843755859375,0.004218779296875,0.033750234375,-0.033750234375,0.007957060546875,-0.0039785302734375
2.1821181810000003,0.0,0.006527531402459097,0.009773843811167193,0.2768092193663012,-0.0974766387238839,1.7825571249393681,-1.6409149294937688,3.6349972331285905,-6.1424594095912814,0.0,0.0,0.0,0.0,0.0,0.0,0.0,0.0,-0.48223275916919217,0.6080843409114691,1.851391485124859,-2.4713107970551436,1.1190265681659992,-2.5522149468645337,0.03962601348757744,0.24882058799266815,-0.004218779296875,0.0,0.033750234375,0.012656337890625,-0.06750046875,0.00843755859375,-0.007957060546875,0.0318282421875
2.191809016,0.0,0.006527531402459097,0.009773843811167193,0.2768092193663012,-0.0974766387238839,1.7825571249393681,-1.6409149294937688,3.6349972331285905,-6.1424594095912814,0.0,0.0,0.0,0.0,0.0,0.0,0.0,0.008726646259971648,-0.4822752721820782,0.6080874701553198,1.8513485027253953,-2.471416297276396,1.1190484728729542,-2.552288618205476,0.03961824253201485,0.24883387982845306,0.0,-0.012656337890625,-0.0168751171875,-0.033750234375,0.0,0.0,-0.007957060546875,0.0198926513671875
2.199991391,0.0,0.006527531402459097,0.009773843811167193,0.2768092193663012,-0.0974766387238839,1.7825571249393681,-1.6409149294937688,3.6348925133734706,-6.1424594095912814,0.0,0.0,0.0,0.0,0.0,0.0,0.0,0.0,-0.4822752721820782,0.6080874701553198,1.8513485027253953,-2.471416297276396,1.1190484728729542,-2.552288618205476,0.03961824253201485,0.24839754751545448,0.0,-0.012656337890625,0.0,0.02531267578125,0.00843755859375,0.0,-0.0039785302734375,0.0198926513671875
2.209064557,0.0,0.006527531402459097,0.009773843811167193,0.2768092193663012,-0.0974766387238839,1.7825571249393681,-1.6409149294937688,3.6348925133734706,-6.1424594095912814,0.0,0.0,0.0,0.0,0.0,0.0,0.0,0.0,-0.4822752721820782,0.6080874701553198,1.8513485027253953,-2.471416297276396,1.1190484728729542,-2.552288618205476,0.03961824253201485,0.24883387982845306,0.004218779296875,-0.00843755859375,-0.0168751171875,-0.033750234375,0.00843755859375,0.0,-0.0039785302734375,0.0198926513671875
2.217642999,0.0,0.006527531402459097,0.009773843811167193,0.2768092193663012,-0.0974766387238839,1.7825571249393681,-1.6409149294937688,3.6348925133734706,-6.1424594095912814,0.0,0.0,0.0,0.0,0.0,0.0,0.0,0.0,-0.4822752721820782,0.6080874701553198,1.8513485027253953,-2.471416297276396,1.1190484728729542,-2.552288618205476,0.03961824253201485,0.24883387982845306,0.0,0.02531267578125,0.033750234375,0.00843755859375,-0.06750046875,0.02531267578125,0.007957060546875,-0.0517208935546875
2.22637325,0.0,0.006527531402459097,0.009773843811167193,0.2768092193663012,-0.0974766387238839,1.7825571249393681,-1.6409149294937688,3.6348925133734706,-6.1424594095912814,0.0,0.0,0.0,0.0,0.0,0.0,0.0,0.0,-0.4822752721820782,0.6080874701553198,1.8513485027253953,-2.471416297276396,1.1190484728729542,-2.552288618205476,0.03961824253201485,0.24883387982845306,0.004218779296875,0.0168751171875,0.029531455078125,0.004218779296875,0.00843755859375,0.0168751171875,-0.007957060546875,-0.04774236328125
2.23522779,0.0,0.006527531402459097,0.009773843811167193,0.2768092193663012,-0.0974766387238839,1.7825571249393681,-1.6409149294937688,3.6349972331285905,-6.1424594095912814,0.0,0.0,0.0,0.0,0.0,0.0,0.008726646259971648,0.0,-0.4822752721820782,0.6080874701553198,1.8513485027253953,-2.471416297276396,1.1190484728729542,-2.552288618205476,0.03961824253201485,0.24883387982845306,0.004218779296875,-0.0168751171875,0.033750234375,0.004218779296875,0.02531267578125,0.0168751171875,0.0,0.007957060546875
2.2438645680000002,0.0,0.006527531402459097,0.009773843811167193,0.2768092193663012,-0.0974766387238839,1.7825571249393681,-1.6409149294937688,3.6349972331285905,-6.1424594095912814,0.0,0.0,0.0,0.0,0.0,0.0,0.0,0.0,-0.4822796531234692,0.6079719563537451,1.8518746180236665,-2.4714984846309607,1.1194960441505726,-2.5520010853990795,0.03919265395623703,0.24886633455753326,0.004218779296875,-0.00843755859375,-0.00843755859375,0.021093896484375,0.0506253515625,-0.0506253515625,-0.0039785302734375,0.023871181640625
2.253347594,0.0,0.006527531402459097,0.009773843811167193,0.2768092193663012,-0.0974766387238839,1.7825571249393681,-1.6409149294937688,3.6349972331285905,-6.1424594095912814,0.0,0.0,0.0,0.0,0.0,0.0,0.0,0.0,-0.4822796531234692,0.6079719563537451,1.8518746180236665,-2.4714984846309607,1.1194960441505726,-2.5520010853990795,0.03962898626923561,0.24886633455753326,0.0,-0.004218779296875,-0.021093896484375,-0.033750234375,0.0,-0.033750234375,0.007957060546875,-0.071613544921875
2.262155318,0.0,0.006527531402459097,0.009773843811167193,0.2768092193663012,-0.0974766387238839,1.7825571249393681,-1.6409149294937688,3.6349972331285905,-6.1424594095912814,0.0,0.0,0.0,0.0,0.0,0.0,0.0,0.0,-0.4822752721820782,0.6080874701553198,1.8513485027253953,-2.471416297276396,1.1190484728729542,-2.552288618205476,0.03961824253201485,0.24883387982845306,0.004218779296875,-0.00843755859375,0.033750234375,0.00843755859375,0.033750234375,0.0168751171875,0.0119355908203125,-0.071613544921875
2.270190011,0.0,0.006527531402459097,0.009773843811167193,0.2768092193663012,-0.0974766387238839,1.7825571249393681,-1.6409149294937688,3.6349972331285905,-6.1424594095912814,0.0,0.0,0.0,0.0,0.0,0.0,0.0,0.0,-0.4822752721820782,0.6080874701553198,1.8513485027253953,-2.471416297276396,1.1190484728729542,-2.552288618205476,0.03961824253201485,0.24883387982845306,0.004218779296875,-0.00843755859375,-0.0168751171875,-0.033750234375,0.00843755859375,0.0168751171875,0.0119355908203125,0.0119355908203125
2.2783944970000003,0.0,0.006527531402459097,0.009773843811167193,0.2768092193663012,-0.0974766387238839,1.7825571249393681,-1.6409149294937688,3.6348925133734706,-6.1424594095912814,0.0,0.0,0.0,0.0,0.0,0.0,0.0,0.0,-0.4822752721820782,0.6080874701553198,1.8513485027253953,-2.471416297276396,1.1190484728729542,-2.552288618205476,0.03961824253201485,0.24883387982845306,0.0,-0.012656337890625,0.033750234375,0.004218779296875,-0.05906291015625,0.02531267578125,-0.007957060546875,0.0119355908203125
2.287464399,0.0,0.006527531402459097,0.009773843811167193,0.2768092193663012,-0.0974766387238839,1.7825571249393681,-1.6409149294937688,3.6348925133734706,-6.1424594095912814,0.0,0.0,0.0,0.0,0.0,0.0,0.0,0.0,-0.4822752721820782,0.6080874701553198,1.8513485027253953,-2.471416297276396,1.1190484728729542,-2.552288618205476,0.03961824253201485,0.24883387982845306,0.004218779296875,0.0,-0.012656337890625,0.0,0.04218779296875,-0.02531267578125,-0.007957060546875,0.0278497119140625
2.298527951,0.0,0.006527531402459097,0.009773843811167193,0.2768092193663012,-0.0974766387238839,1.7825571249393681,-1.6409149294937688,3.6348925133734706,-6.1424594095912814,0.0,0.0,0.0,0.0,0.0,0.0,0.0,0.0,-0.4822752721820782,0.6080874701553198,1.8513485027253953,-2.471416297276396,1.1190484728729542,-2.552288618205476,0.03961824253201485,0.24883387982845306,0.0,-0.004218779296875,0.0,0.00843755859375,-0.07593802734375,-0.04218779296875,-0.007957060546875,0.0278497119140625
2.3046899560000003,0.0,0.006527531402459097,0.009773843811167193,0.2768092193663012,-0.0974766387238839,1.7825571249393681,-1.6409149294937688,3.6348925133734706,-6.1424594095912814,0.0,0.0,0.0,0.0,0.0,0.0,0.0,0.0,-0.4822752721820782,0.6080874701553198,1.8513485027253953,-2.471416297276396,1.1190484728729542,-2.552288618205476,0.03961824253201485,0.24883387982845306,-0.004218779296875,0.02531267578125,-0.0168751171875,0.012656337890625,-0.07593802734375,0.00843755859375,-0.007957060546875,-0.055699423828125
2.3130731,0.0,0.006527531402459097,0.009773843811167193,0.2768092193663012,-0.0974766387238839,1.7825571249393681,-1.6409149294937688,3.6349972331285905,-6.1424594095912814,0.0,0.0,0.0,0.0,0.0,0.0,0.0,0.0,-0.4822752721820782,0.6080874701553198,1.8513485027253953,-2.471416297276396,1.1190484728729542,-2.552288618205476,0.03961824253201485,0.24883387982845306,0.0,0.02531267578125,-0.00843755859375,0.004218779296875,0.00843755859375,0.0168751171875,-0.007957060546875,0.0198926513671875
2.3215278930000003,0.0,0.006527531402459097,0.009773843811167193,0.2768092193663012,-0.0974766387238839,1.7825571249393681,-1.6409149294937688,3.6349972331285905,-6.1424594095912814,0.0,0.0,0.0,0.0,0.0,0.0,0.0,0.0,-0.4822752721820782,0.6080874701553198,1.8513485027253953,-2.471416297276396,1.1190484728729542,-2.552288618205476,0.03961824253201485,0.24883387982845306,-0.004218779296875,-0.00843755859375,0.037969013671875,0.00843755859375,0.00843755859375,0.0168751171875,-0.007957060546875,0.01591412109375
2.3299981410000004,0.0,0.006527531402459097,0.009773843811167193,0.2768092193663012,-0.0974766387238839,1.7825571249393681,-1.6409149294937688,3.6349972331285905,-6.1424594095912814,0.0,0.0,0.0,0.0,0.0,0.0,0.0,0.0,-0.4822752721820782,0.6080874701553198,1.8513485027253953,-2.471416297276396,1.1190484728729542,-2.552288618205476,0.03961824253201485,0.24883387982845306,0.004218779296875,-0.00843755859375,-0.012656337890625,-0.029531455078125,0.0,0.00843755859375,0.0,0.0198926513671875
2.337602239,0.0,0.006527531402459097,0.009773843811167193,0.2768092193663012,-0.0974766387238839,1.7825571249393681,-1.6409149294937688,3.6349972331285905,-6.1424594095912814,0.0,0.0,0.0,0.0,0.0,0.0,0.0,0.0,-0.4822752721820782,0.6080874701553198,1.8513485027253953,-2.471416297276396,1.1190484728729542,-2.552288618205476,0.03961824253201485,0.24883387982845306,-0.004218779296875,0.0,0.0,0.00843755859375,0.0506253515625,-0.033750234375,-0.007957060546875,0.023871181640625
2.346160265,0.0,0.006527531402459097,0.009773843811167193,0.2768092193663012,-0.0974766387238839,1.7825571249393681,-1.6409149294937688,3.6349972331285905,-6.1424594095912814,0.0,0.0,0.0,0.0,0.0,0.0,0.0,0.008726646259971648,-0.4822752721820782,0.6080874701553198,1.8513485027253953,-2.471416297276396,1.1190484728729542,-2.552288618205476,0.03961824253201485,0.24883387982845306,0.004218779296875,-0.004218779296875,-0.012656337890625,0.0168751171875,0.04218779296875,0.0,-0.007957060546875,0.0278497119140625
2.3551581340000003,0.0,0.006527531402459097,0.009773843811167193,0.2768092193663012,-0.0974766387238839,1.7825571249393681,-1.6409149294937688,3.6349972331285905,-6.1424594095912814,0.0,0.0,0.0,0.0,0.0,0.0,0.0,0.0,-0.4822752721820782,0.6080874701553198,1.8513485027253953,-2.471416297276396,1.1190484728729542,-2.552288618205476,0.03961824253201485,0.24839754751545448,0.0,-0.012656337890625,-0.012656337890625,-0.033750234375,-0.0506253515625,0.0168751171875,-0.0039785302734375,-0.0517208935546875
2.364509094,0.0,0.006527531402459097,0.009773843811167193,0.2768092193663012,-0.0974766387238839,1.7825571249393681,-1.6409149294937688,3.6349972331285905,-6.1424594095912814,0.0,0.0,0.0,0.0,0.0,0.0,0.0,0.0,-0.4822752721820782,0.6080874701553198,1.8513485027253953,-2.471416297276396,1.1190484728729542,-2.552288618205476,0.03961824253201485,0.24883387982845306,0.004218779296875,-0.004218779296875,-0.021093896484375,0.00843755859375,0.0506253515625,-0.04218779296875,0.0,-0.055699423828125
2.372353834,0.0,0.006527531402459097,0.009773843811167193,0.2768092193663012,-0.0974766387238839,1.7825571249393681,-1.6409149294937688,3.6349972331285905,-6.142372143128682,0.0,0.0,0.0,0.0,0.0,0.0,0.0,0.0,-0.4822752721820782,0.6080874701553198,1.8513485027253953,-2.471416297276396,1.1190484728729542,-2.552288618205476,0.03961824253201485,0.24883387982845306,0.004218779296875,-0.004218779296875,0.0,0.0168751171875,0.00843755859375,0.00843755859375,0.007957060546875,0.0278497119140625
2.3807680820000003,0.0,0.006527531402459097,0.009773843811167193,0.2768092193663012,-0.0974766387238839,1.7825571249393681,-1.6409149294937688,3.6349972331285905,-6.142372143128682,0.0,0.0,0.0,0.0,0.0,0.0,0.0,0.0,-0.4822752721820782,0.6080874701553198,1.8513485027253953,-2.471416297276396,1.1190484728729542,-2.552288618205476,0.03961824253201485,0.24883387982845306,-0.00843755859375,0.0168751171875,-0.012656337890625,0.00843755859375,0.04218779296875,-0.033750234375,0.0,0.0119355908203125
2.3889056880000004,0.0,0.006527531402459097,0.009686577348567926,0.2768092193663012,-0.0974766387238839,1.7825571249393681,-1.6408712962624687,3.6349972331285905,-6.142372143128682,0.0,-0.010471975511965978,0.0,0.0,0.0,0.0,0.0,0.0,-0.4822752721820782,0.6080874701553198,1.8513485027253953,-2.471416297276396,1.1190484728729542,-2.552288618205476,0.03961824253201485,0.24883387982845306,0.0,0.0,0.0,0.00843755859375,0.0506253515625,0.00843755859375,0.0,0.023871181640625
2.3995738760000003,0.0,0.006527531402459097,0.009686577348567926,0.2768092193663012,-0.0974766387238839,1.7825571249393681,-1.6408712962624687,3.6349972331285905,-6.142372143128682,0.0,0.0,0.0,0.0,0.0,0.0,0.008726646259971648,0.0,-0.48228269296035275,0.6095167194651486,1.8513785881698457,-2.4712516319946234,1.1190091338074024,-2.5522885366924823,0.03966394439339638,0.24883903563022614,-0.00843755859375,0.021093896484375,-0.0168751171875,0.004218779296875,-0.06750046875,0.00843755859375,0.007957060546875,0.0278497119140625
2.4057126170000003,0.0,0.006527531402459097,0.009686577348567926,0.2768092193663012,-0.0974766387238839,1.7825571249393681,-1.6408712962624687,3.6349972331285905,-6.142372143128682,0.0,0.0,0.0,0.0,0.0,0.0,0.0,0.0,-0.48228269296035275,0.608469521913952,1.8513785881698457,-2.4712516319946234,1.1190091338074024,-2.5522885366924823,0.039227612080397795,0.24883903563022614,0.0,0.02531267578125,-0.021093896484375,0.00843755859375,0.033750234375,0.0168751171875,0.0,0.0039785302734375
2.414669558,0.0,0.006527531402459097,0.009686577348567926,0.2768092193663012,-0.0974766387238839,1.7825571249393681,-1.6408712962624687,3.6349972331285905,-6.142372143128682,0.0,0.0,0.0,0.0,0.0,0.0,0.0,0.0,-0.4821745999370526,0.6083584784607354,1.8512997535765496,-2.4712395620540564,1.1190619956767376,-2.552388761902672,0.03962922841310501,0.24882687628269196,0.0,-0.012656337890625,-0.012656337890625,-0.033750234375,0.00843755859375,0.00843755859375,0.007957060546875,0.0039785302734375
2.4225329540000002,0.0,0.006527531402459097,0.009686577348567926,0.2768092193663012,-0.0974766387238839,1.7825571249393681,-1.6408712962624687,3.6349972331285905,-6.142372143128682,0.0,0.0,0.0,0.0,0.0,0.0,0.0,0.0,-0.4821745999370526,0.6083584784607354,1.8512997535765496,-2.4712395620540564,1.1190619956767376,-2.552388761902672,0.03962922841310501,0.24882687628269196,-0.004218779296875,0.02531267578125,0.0,-0.037969013671875,0.033750234375,0.00843755859375,0.0,-0.071613544921875
2.4311563560000002,0.0,0.006527531402459097,0.009686577348567926,0.2768092193663012,-0.0974766387238839,1.7825571249393681,-1.6408712962624687,3.6349972331285905,-6.142372143128682,0.0,0.0,0.0,0.0,0.0,0.0,0.0,0.0,-0.4821745999370526,0.6083584784607354,1.8512997535765496,-2.4712395620540564,1.1190619956767376,-2.552388761902672,0.03962922841310501,0.24882687628269196,0.0,-0.012656337890625,0.033750234375,0.0,0.04218779296875,0.02531267578125,0.0,0.0278497119140625
2.439475084,0.0,0.006527531402459097,0.009686577348567926,0.2768092193663012,-0.0974766387238839,1.7825571249393681,-1.6408712962624687,3.6349972331285905,-6.142372143128682,0.0,0.0,0.0,0.0,0.0,0.0,0.0,0.0,-0.4821745999370526,0.6083584784607354,1.8512997535765496,-2.4712395620540564,1.1190619956767376,-2.552388761902672,0.03962922841310501,0.24882687628269196,0.004218779296875,-0.0168751171875,0.029531455078125,-0.037969013671875,0.0506253515625,0.0,0.0,0.007957060546875
2.447799315,0.0,0.006527531402459097,0.009686577348567926,0.2768092193663012,-0.0974766387238839,1.7825571249393681,-1.6408712962624687,3.6349972331285905,-6.1424594095912814,0.0,0.0,0.0,0.0,0.0,0.0,0.0,-0.003490658503988659,-0.4821745999370526,0.6083584784607354,1.8512997535765496,-2.4712395620540564,1.1190619956767376,-2.552388761902672,0.03962922841310501,0.24882687628269196,0.0,-0.00843755859375,-0.0168751171875,0.012656337890625,-0.05906291015625,0.0,0.0,-0.0755920751953125
2.456015514,0.0,0.006527531402459097,0.009686577348567926,0.2768092193663012,-0.0974766387238839,1.7825571249393681,-1.6408712962624687,3.6349972331285905,-6.1424594095912814,0.0,0.0,0.0,0.0,0.0,0.0,0.0,0.0,-0.4821745999370526,0.6083584784607354,1.8512997535765496,-2.4712395620540564,1.1190619956767376,-2.552388761902672,0.03962922841310501,0.24900140920789138,0.0,-0.00843755859375,-0.021093896484375,-0.037969013671875,0.00843755859375,0.0168751171875,0.007957060546875,-0.0755920751953125
2.466123313,0.0,0.006527531402459097,0.009773843811167193,0.2768092193663012,-0.0974766387238839,1.7825571249393681,-1.6408712962624687,3.6349972331285905,-6.1424594095912814,0.0,0.0,0.0,0.0,0.0,0.0,0.0,0.0,-0.4821745999370526,0.6083584784607354,1.8512997535765496,-2.4712395620540564,1.1190619956767376,-2.552388761902672,0.03962922841310501,0.24882687628269196,0.0,0.021093896484375,0.037969013671875,-0.029531455078125,0.04218779296875,0.02531267578125,-0.007957060546875,0.0119355908203125
2.4748887,0.0,0.006527531402459097,0.009773843811167193,0.2768092193663012,-0.0974766387238839,1.7825571249393681,-1.6408712962624687,3.6349972331285905,-6.1424594095912814,0.0,0.017453292519943295,0.0,0.0,0.0,0.0,0.0,0.0,-0.4821745999370526,0.6080966790729376,1.8512997535765496,-2.4712395620540564,1.1190619956767376,-2.552388761902672,0.03962922841310501,0.24882687628269196,0.004218779296875,-0.012656337890625,-0.02531267578125,-0.033750234375,0.033750234375,0.00843755859375,-0.007957060546875,-0.0517208935546875
2.4846170400000003,0.0,0.006527531402459097,0.009773843811167193,0.2768092193663012,-0.0974766387238839,1.7825571249393681,-1.6409149294937688,3.6349972331285905,-6.1424594095912814,0.0,0.0,0.0,0.0,0.0,-0.0008726646259971648,0.0,0.0,-0.48203780727729306,0.6061687807939963,1.8511256558597413,-2.471323336382288,1.119171452156287,-2.552630428934914,0.03956351801753044,0.24881985783576965,0.0,-0.004218779296875,-0.00843755859375,0.004218779296875,0.00843755859375,-0.033750234375,0.007957060546875,-0.0517208935546875
2.493075225,0.0,0.006527531402459097,0.009773843811167193,0.2768092193663012,-0.0974766387238839,1.7825571249393681,-1.6409149294937688,3.6348925133734706,-6.1424594095912814,0.0,0.0,0.0,0.0,0.0,0.0,0.0,0.0,-0.48203780727729306,0.6079141100459906,1.8511256558597413,-2.471323336382288,1.119171452156287,-2.552412262778414,0.03956351801753044,0.24881985783576965,0.0,0.0,-0.0168751171875,0.021093896484375,-0.05906291015625,0.0168751171875,0.007957060546875,0.0119355908203125
2.501665667,0.0,0.006614797865059252,0.009773843811167193,0.2768092193663012,-0.0974766387238839,1.7825571249393681,-1.6409149294937688,3.6348925133734706,-6.1424594095912814,0.008726646259971648,0.0,0.0,0.0,0.0,-0.0026179938779914945,0.0,0.0,-0.4822752721820782,0.6080874701553198,1.8513485027253953,-2.471416297276396,1.1190484728729542,-2.552288618205476,0.03961824253201485,0.24883387982845306,0.0,-0.012656337890625,-0.00843755859375,0.0,0.05906291015625,0.00843755859375,0.0,-0.055699423828125
2.5099052260000003,0.0,0.006614797865059252,0.009773843811167193,0.2768092193663012,-0.0974766387238839,1.7825571249393681,-1.6409149294937688,3.6348925133734706,-6.1424594095912814,0.0,0.0,0.0,0.0,0.0,0.0,0.0,-0.0017453292519943296,-0.48340973619587585,0.6080874701553198,1.8513485027253953,-2.471416297276396,1.1190484728729542,-2.552026818817677,0.03961824253201485,0.24883387982845306,0.004218779296875,-0.004218779296875,0.033750234375,0.021093896484375,0.04218779296875,0.00843755859375,0.0,0.0119355908203125
2.518195121,0.0,0.006614797865059252,0.009773843811167193,0.2768092193663012,-0.0974766387238839,1.7825571249393681,-1.6409149294937688,3.6348925133734706,-6.1424594095912814,0.0,0.0,0.0,0.0,0.0,0.0,0.0,0.0,-0.4826881246409007,0.607984473329148,1.8513246757686463,-2.471497925837416,1.1191905181920345,-2.552316513179231,0.03962719067931175,0.24891132642582603,0.0,0.0,0.0,0.00843755859375,-0.0506253515625,0.00843755859375,0.0,-0.0517208935546875
2.527453601,0.0,0.006614797865059252,0.009773843811167193,0.2768092193663012,-0.0974766387238839,1.7825571249393681,-1.6409149294937688,3.6348925133734706,-6.142564129346401,0.0,0.0,0.0,0.0,0.0,0.0,0.0,0.0,-0.4826881246409007,0.607984473329148,1.8513246757686463,-2.471497925837416,1.1191905181920345,-2.552316513179231,0.03962719067931175,0.24882405996322632,-0.00843755859375,-0.0168751171875,-0.0168751171875,0.012656337890625,-0.0843755859375,0.0,0.0119355908203125,0.023871181640625
2.535927242,0.0,0.006614797865059252,0.009773843811167193,0.2768092193663012,-0.0974766387238839,1.7825571249393681,-1.6409149294937688,3.6348925133734706,-6.142564129346401,0.0,0.0,0.0,0.0,0.0,0.0,0.0,0.0,-0.4826476679882594,0.6079977949672553,1.8513492179811326,-2.4714134586051886,1.1191964190518673,-2.5522718991026165,0.0396232083439827,0.24882031977176666,0.0,-0.012656337890625,-0.02531267578125,-0.033750234375,0.04218779296875,0.0,0.0,0.0278497119140625
2.5443896500000003,0.0,0.006614797865059252,0.009773843811167193,0.2768092193663012,-0.0974766387238839,1.7825571249393681,-1.6409149294937688,3.6348925133734706,-6.142564129346401,0.0,0.0,0.0,0.0,0.0,0.0,0.0,0.0,-0.4826476679882594,0.6079977949672553,1.8513492179811326,-2.4714134586051886,1.1191964190518673,-2.5522718991026165,0.0396232083439827,0.24882031977176666,0.0,-0.00843755859375,0.0506253515625,0.0168751171875,0.033750234375,0.00843755859375,-0.007957060546875,0.0198926513671875
2.5525821050000004,0.0,0.006614797865059252,0.009773843811167193,0.2768092193663012,-0.0974766387238839,1.7825571249393681,-1.6409149294937688,3.6348925133734706,-6.142564129346401,0.0,0.0,0.0,0.0,0.0,0.0,0.0,0.0,-0.4826476679882594,0.6079977949672553,1.8513492179811326,-2.4714134586051886,1.1191964190518673,-2.5522718991026165,0.0396232083439827,0.24882031977176666,0.004218779296875,0.0,-0.0168751171875,0.00843755859375,0.02531267578125,0.0168751171875,0.0,0.0278497119140625
2.5612572520000003,0.0,0.006614797865059252,0.009773843811167193,0.2768092193663012,-0.0974766387238839,1.7825571249393681,-1.6409149294937688,3.6348925133734706,-6.142564129346401,0.0,0.0,0.0,0.0,0.0,0.0,0.0,0.0,-0.4826476679882594,0.6079977949672553,1.8513492179811326,-2.4714134586051886,1.1191964190518673,-2.5522718991026165,0.0396232083439827,0.24882031977176666,0.004218779296875,-0.012656337890625,-0.00843755859375,0.00843755859375,-0.0506253515625,0.00843755859375,0.0119355908203125,0.0278497119140625
2.569248968,0.0,0.006614797865059252,0.009773843811167193,0.2768092193663012,-0.0974766387238839,1.7825571249393681,-1.6409149294937688,3.6348925133734706,-6.142564129346401,0.0,0.0,0.0,0.0,0.0,0.0,0.0,0.0,-0.4826476679882594,0.6079977949672553,1.8513492179811326,-2.4714134586051886,1.1191964190518673,-2.5522718991026165,0.0396232083439827,0.24882031977176666,-0.004218779296875,0.0168751171875,-0.0168751171875,0.004218779296875,0.00843755859375,0.0168751171875,0.0,-0.055699423828125
2.5773794060000004,0.0,0.006614797865059252,0.009773843811167193,0.2768092193663012,-0.0974766387238839,1.7825571249393681,-1.6409149294937688,3.6348925133734706,-6.142564129346401,0.0,0.0,0.0,0.0,0.0,0.0,0.0,0.0,-0.4826476679882594,0.6079977949672553,1.8513492179811326,-2.4714134586051886,1.1191964190518673,-2.5522718991026165,0.0396232083439827,0.24882031977176666,0.0,-0.0168751171875,-0.012656337890625,-0.033750234375,0.033750234375,0.0,-0.007957060546875,0.0278497119140625
2.585994104,0.0,0.006614797865059252,0.009773843811167193,0.2768092193663012,-0.0974766387238839,1.7825571249393681,-1.6409149294937688,3.6348925133734706,-6.142564129346401,0.0,0.0,0.0,0.0,0.0,0.0,0.0,0.0,-0.4826476679882594,0.6079977949672553,1.8513492179811326,-2.4714134586051886,1.1191964190518673,-2.5522718991026165,0.0396232083439827,0.24882031977176666,0.0,0.02531267578125,-0.02531267578125,0.00843755859375,-0.06750046875,0.00843755859375,0.0119355908203125,0.023871181640625
2.593838844,0.0,0.006614797865059252,0.009773843811167193,0.2768092193663012,-0.0974766387238839,1.7825571249393681,-1.6409149294937688,3.6348925133734706,-6.142564129346401,0.0,0.0,0.0,0.0,0.0,0.0,0.0,0.0,-0.4826476679882594,0.6079977949672553,1.8513492179811326,-2.4714134586051886,1.1191964190518673,-2.5522718991026165,0.0396232083439827,0.24882031977176666,0.0,-0.0168751171875,-0.00843755859375,-0.033750234375,-0.05906291015625,-0.033750234375,0.007957060546875,0.0198926513671875
2.603237453,0.0,0.006614797865059252,0.009773843811167193,0.2768092193663012,-0.0974766387238839,1.7825571249393681,-1.6409149294937688,3.6348925133734706,-6.142564129346401,0.0,0.0,0.0,0.0,0.0,0.0,0.0,0.0,-0.4826476679882594,0.6079977949672553,1.8513492179811326,-2.4714134586051886,1.1191964190518673,-2.5522718991026165,0.0396232083439827,0.24882031977176666,0.004218779296875,0.029531455078125,0.033750234375,0.0,0.00843755859375,0.0168751171875,0.007957060546875,0.0278497119140625
2.6113817150000003,0.0,0.006614797865059252,0.009773843811167193,0.2768092193663012,-0.0974766387238839,1.7825571249393681,-1.6409149294937688,3.6348925133734706,-6.142564129346401,0.0,0.0,0.0,0.0,0.0,0.0,0.0,0.0,-0.4826476679882594,0.6079977949672553,1.8513492179811326,-2.4714134586051886,1.1191964190518673,-2.5522718991026165,0.0396232083439827,0.24882031977176666,0.0,-0.00843755859375,-0.021093896484375,-0.033750234375,0.00843755859375,0.00843755859375,0.0,0.0198926513671875
2.619585433,0.0,0.006614797865059252,0.009773843811167193,0.2768092193663012,-0.0974766387238839,1.7825571249393681,-1.6409149294937688,3.6348925133734706,-6.142564129346401,0.0,0.0,0.0,0.0,0.0,0.0,0.0,0.0,-0.4826476679882594,0.6079977949672553,1.8513492179811326,-2.4714134586051886,1.1191964190518673,-2.5522718991026165,0.0396232083439827,0.24882031977176666,0.004218779296875,-0.00843755859375,0.029531455078125,-0.033750234375,0.033750234375,0.0168751171875,-0.0039785302734375,-0.071613544921875
2.628463174,0.0,0.006614797865059252,0.009773843811167193,0.2768092193663012,-0.0974766387238839,1.7825571249393681,-1.6409149294937688,3.6348925133734706,-6.142564129346401,0.0,0.0,0.0,0.0,0.0,0.0,0.0,0.0,-0.4826476679882594,0.6079977949672553,1.8513492179811326,-2.4714134586051886,1.1191964190518673,-2.5522718991026165,0.0396232083439827,0.24882031977176666,-0.004218779296875,-0.00843755859375,-0.00843755859375,0.0,-0.0506253515625,0.00843755859375,0.0,0.0198926513671875
2.636767533,0.0,0.006614797865059252,0.009773843811167193,0.2768092193663012,-0.0974766387238839,1.7825571249393681,-1.6409149294937688,3.6348925133734706,-6.142564129346401,0.0,0.0,0.0,0.0,0.0,0.0,0.0,0.0,-0.4826476679882594,0.6079977949672553,1.8513492179811326,-2.4714134586051886,1.1191964190518673,-2.5522718991026165,0.0396232083439827,0.24882031977176666,0.0,0.0168751171875,-0.02531267578125,-0.033750234375,0.0,0.00843755859375,0.0,0.0198926513671875
2.644909267,0.0,0.006614797865059252,0.009773843811167193,0.2768092193663012,-0.0974766387238839,1.7825571249393681,-1.6409149294937688,3.6348925133734706,-6.142564129346401,0.0,0.0,0.0,0.0,0.0,0.0,0.0,0.0,-0.4826476679882594,0.6079977949672553,1.8513492179811326,-2.4714134586051886,1.1191964190518673,-2.5522718991026165,0.0396232083439827,0.24882031977176666,0.004218779296875,-0.00843755859375,-0.00843755859375,0.00843755859375,0.04218779296875,0.00843755859375,-0.007957060546875,-0.071613544921875
2.6531031940000003,0.0,0.006614797865059252,0.009773843811167193,0.2768092193663012,-0.0974766387238839,1.7825571249393681,-1.6409149294937688,3.6348925133734706,-6.142564129346401,0.0,0.0,0.0,0.0,0.0,0.0,0.0,0.0,-0.4826476679882594,0.6079977949672553,1.8513492179811326,-2.4714134586051886,1.1191964190518673,-2.5522718991026165,0.0396232083439827,0.24882031977176666,0.0,0.02531267578125,0.04218779296875,0.004218779296875,0.00843755859375,0.00843755859375,-0.0039785302734375,0.0198926513671875
2.660987421,0.0,0.006614797865059252,0.009773843811167193,0.2768092193663012,-0.0974766387238839,1.7825571249393681,-1.6409149294937688,3.6348925133734706,-6.142564129346401,0.0,0.0,0.0,0.0,0.0,0.0,0.0,0.0,-0.4826476679882594,0.6079977949672553,1.8513492179811326,-2.4714134586051886,1.1191964190518673,-2.5522718991026165,0.0396232083439827,0.24882031977176666,0.0,0.0,-0.021093896484375,0.021093896484375,0.0,0.0,-0.0039785302734375,0.0198926513671875
2.6694711100000004,0.0,0.006614797865059252,0.009773843811167193,0.2768092193663012,-0.0974766387238839,1.7825571249393681,-1.6409149294937688,3.6348925133734706,-6.142564129346401,0.0,0.0,0.0,0.0,0.0,0.0,0.0,0.0,-0.4826476679882594,0.6079977949672553,1.8513492179811326,-2.4714134586051886,1.1191964190518673,-2.5522718991026165,0.0396232083439827,0.24882031977176666,0.0,0.02531267578125,-0.00843755859375,0.0,0.04218779296875,0.0168751171875,0.0,0.0278497119140625
2.678067216,0.0,0.006614797865059252,0.009773843811167193,0.2768092193663012,-0.0974766387238839,1.7825047650618084,-1.6409149294937688,3.6348925133734706,-6.142564129346401,0.0,0.0,0.0,0.0,-0.004363323129985824,0.0,0.0,0.0,-0.4826476679882594,0.6079977949672553,1.8513492179811326,-2.4714134586051886,1.1191964190518673,-2.5522718991026165,0.0396232083439827,0.24882031977176666,0.004218779296875,0.0,-0.012656337890625,0.004218779296875,0.0,0.0168751171875,-0.0039785302734375,0.0278497119140625
2.6867907790000003,0.0,0.006614797865059252,0.009773843811167193,0.2768092193663012,-0.0974766387238839,1.7825047650618084,-1.6409149294937688,3.6348925133734706,-6.142564129346401,0.0,0.0,0.0,0.0,0.0,0.0,0.0,0.0,-0.48472977743955337,0.6078989108615729,1.8505274785459367,-2.4706568744973127,1.1185852509289567,-2.5498252774461987,0.03973543271422386,0.24837268888950348,0.004218779296875,0.0,-0.00843755859375,0.0,0.033750234375,0.00843755859375,-0.0039785302734375,0.0318282421875
2.695968138,0.0,0.006614797865059252,0.009773843811167193,0.2768092193663012,-0.0974766387238839,1.7825047650618084,-1.6409149294937688,3.6348925133734706,-6.142564129346401,0.0,0.008726646259971648,0.0,0.0,0.0,0.0,0.0,0.0,-0.48472977743955337,0.6078989108615729,1.8505274785459367,-2.4706568744973127,1.118148918615958,-2.5498252774461987,0.03973543271422386,0.24837268888950348,0.004218779296875,-0.004218779296875,0.0,0.012656337890625,0.04218779296875,0.0168751171875,0.0,-0.0517208935546875
2.7056740460000004,0.0,0.006614797865059252,0.009773843811167193,0.2768092193663012,-0.0974766387238839,1.7825047650618084,-1.6409149294937688,3.6348925133734706,-6.142564129346401,0.0,0.0,0.0,0.0,0.0,0.0,-0.005235987755982989,0.0,-0.48458256886811935,0.6067208320357467,1.8503629697263566,-2.4706032973722403,1.1181485162846059,-2.5499228204473736,0.03971640393137932,0.24838101863861084,0.004218779296875,0.0168751171875,0.029531455078125,0.012656337890625,0.00843755859375,0.0,-0.0039785302734375,0.0318282421875
2.7152412960000003,0.0,0.006614797865059252,0.009773843811167193,0.2768092193663012,-0.0974766387238839,1.7825047650618084,-1.6409149294937688,3.6348925133734706,-6.142564129346401,0.0,0.0,0.0,0.0,0.0,0.0,0.0,0.0,-0.48458256886811935,0.6075934966617438,1.8503629697263566,-2.4706032973722403,1.1181485162846059,-2.5499228204473736,0.03997820331917847,0.24838101863861084,0.004218779296875,-0.004218779296875,0.0,0.012656337890625,0.00843755859375,0.0168751171875,0.0,-0.0517208935546875
2.7250053480000003,0.0,0.006614797865059252,0.009773843811167193,0.2768092193663012,-0.0974766387238839,1.7825047650618084,-1.6409149294937688,3.6348052469108705,-6.142564129346401,0.0,0.0,0.0,0.0,0.0,0.0,0.0,0.0,-0.484672556980569,0.6076867481284949,1.85042841562632,-2.4706144061879103,1.1181046621672124,-2.549838062642503,0.039745353162288666,0.24839118123054504,0.004218779296875,0.021093896484375,0.0,0.021093896484375,-0.0506253515625,-0.02531267578125,0.0,0.0198926513671875
2.7336743830000003,0.0,0.006614797865059252,0.009773843811167193,0.2768092193663012,-0.0974766387238839,1.7825047650618084,-1.6409149294937688,3.6348052469108705,-6.142564129346401,0.0,0.0,0.0,0.0,0.0,-0.004363323129985824,0.0,0.0,-0.484672556980569,0.6076867481284949,1.85042841562632,-2.4706144061879103,1.1181046621672124,-2.549838062642503,0.039745353162288666,0.24839118123054504,-0.00843755859375,-0.00843755859375,-0.021093896484375,0.004218779296875,0.0168751171875,-0.02531267578125,0.0,-0.071613544921875
2.7430792640000004,0.0,0.006614797865059252,0.009773843811167193,0.2768092193663012,-0.0974766387238839,1.7825047650618084,-1.6409149294937688,3.6348052469108705,-6.142651395809001,0.0,0.0,0.0,0.0,0.0,0.0,0.0,0.0,-0.48466737137647353,0.6077508529239508,1.8504688275754777,-2.470390419383425,1.1180988060108632,-2.5493354797668366,0.03976692631840706,0.24839363992214203,0.00843755859375,-0.00843755859375,-0.012656337890625,0.00843755859375,0.04218779296875,-0.033750234375,0.0,0.0198926513671875
2.7516824420000003,0.0,0.006614797865059252,0.009878563566287024,0.2768092193663012,-0.0974766387238839,1.7825047650618084,-1.6409672893713285,3.6348052469108705,-6.142651395809001,0.0,0.0,0.0,0.008726646259971648,0.0,0.0,0.0,-0.008726646259971648,-0.48466737137647353,0.6077508529239508,1.8504688275754777,-2.470390419383425,1.1180988060108632,-2.549771812079835,0.03976692631840706,0.24839363992214203,0.004218779296875,-0.004218779296875,-0.012656337890625,0.004218779296875,0.0168751171875,0.0,-0.0039785302734375,0.0278497119140625
2.7608236720000003,0.0,0.006614797865059252,0.009878563566287024,0.2768092193663012,-0.0974766387238839,1.7825047650618084,-1.6409672893713285,3.6348052469108705,-6.142651395809001,0.0,0.0,0.0,0.0,0.0,0.0,0.0,0.0,-0.4850232558092662,0.6073817977807532,1.8503989113271562,-2.472333218351139,1.1181361334196538,-2.549926762762555,0.03977416083216667,0.24885521480220302,0.0,-0.004218779296875,-0.00843755859375,0.021093896484375,0.033750234375,-0.04218779296875,0.0,-0.055699423828125
2.7691150710000003,0.0,0.006614797865059252,0.009878563566287024,0.2768092193663012,-0.0974766387238839,1.7825047650618084,-1.6409672893713285,3.6348052469108705,-6.14275611556412,0.0,0.0,0.0,0.0,0.0,0.0,-0.0017453292519943296,0.0,-0.4850232558092662,0.6073817977807532,1.8503989113271562,-2.4714605537251417,1.1181361334196538,-2.549926762762555,0.03977416083216667,0.2484188824892044,0.0,0.02531267578125,0.033750234375,0.0,-0.07593802734375,0.0,-0.007957060546875,0.0278497119140625
2.7782067980000003,0.0,0.006614797865059252,0.009878563566287024,0.2768092193663012,-0.0974766387238839,1.7825047650618084,-1.6409672893713285,3.6348052469108705,-6.14275611556412,0.0,0.0,0.0,0.0,0.0,0.0,0.0,0.0,-0.4847917364677974,0.6073841223618994,1.8503814322650758,-2.470811436791796,1.1179992290011853,-2.5497745026974763,0.03981734220937439,0.24839310348033905,0.0,0.0168751171875,0.033750234375,0.004218779296875,0.00843755859375,0.0,-0.007957060546875,-0.055699423828125
2.787023066,0.0,0.006614797865059252,0.009878563566287024,0.2768092193663012,-0.0974766387238839,1.7825047650618084,-1.6409672893713285,3.6348052469108705,-6.14275611556412,0.0,0.0,0.0,0.0,0.0,0.0,0.0,0.0,-0.4847917364677974,0.6073841223618994,1.8503814322650758,-2.470811436791796,1.1179992290011853,-2.5497745026974763,0.03973007574677467,0.24839310348033905,0.004218779296875,-0.004218779296875,-0.00843755859375,0.0168751171875,0.04218779296875,0.00843755859375,0.0,0.0039785302734375
2.7952735040000003,0.0,0.006614797865059252,0.009878563566287024,0.2768092193663012,-0.0974766387238839,1.7825047650618084,-1.6409672893713285,3.6348052469108705,-6.14275611556412,0.0,0.0,0.0,0.0,0.0,0.0,0.0,0.0,-0.4842116193613597,0.6073914537332068,1.8509492559135285,-2.471341217775721,1.1188206555119962,-2.5505959739117707,0.03968298062682152,0.2486308068037033,0.0,0.0,-0.012656337890625,0.00843755859375,-0.00843755859375,-0.02531267578125,0.0119355908203125,0.023871181640625
2.8034206470000003,0.0,0.006614797865059252,0.009878563566287024,0.2768092193663012,-0.0974766387238839,1.7825047650618084,-1.6409672893713285,3.6348052469108705,-6.14275611556412,0.0,0.0,0.0,0.0,0.0,0.0,0.0,0.0,-0.4842116193613597,0.6073914537332068,1.8509492559135285,-2.471341217775721,1.1188206555119962,-2.5505959739117707,0.03968298062682152,0.2486308068037033,0.0,-0.0168751171875,0.0,-0.037969013671875,0.04218779296875,0.0,-0.0039785302734375,0.0119355908203125
2.8116934540000003,0.0,0.006614797865059252,0.009878563566287024,0.2768092193663012,-0.0974766387238839,1.7825047650618084,-1.6409672893713285,3.6348052469108705,-6.14275611556412,0.0,0.0,0.0,0.0,0.0,0.0,0.0,0.0,-0.48444130586000167,0.6076192626855383,1.850875070482525,-2.4714426052764837,1.1187344448439092,-2.5505739797978486,0.03970262035727501,0.24865290522575378,0.004218779296875,-0.00843755859375,0.0,0.012656337890625,0.0506253515625,-0.0506253515625,0.0,-0.071613544921875
2.819932725,0.0,0.006614797865059252,0.009878563566287024,0.2768092193663012,-0.0974766387238839,1.7825047650618084,-1.6409672893713285,3.6348052469108705,-6.14275611556412,0.0,0.0,0.0,0.0,0.0,0.0,0.0,0.0,-0.48444130586000167,0.6076192626855383,1.850875070482525,-2.4714426052764837,1.1187344448439092,-2.5505739797978486,0.03970262035727501,0.24865290522575378,0.0,-0.00843755859375,0.0,0.0168751171875,0.04218779296875,-0.033750234375,0.0,0.0198926513671875
2.828433054,0.0,0.006614797865059252,0.009878563566287024,0.2768092193663012,-0.0974766387238839,1.7825047650618084,-1.6409672893713285,3.6348052469108705,-6.14275611556412,0.0,0.0,0.0,0.0,0.0,0.0,0.0,0.0,-0.48444130586000167,0.6076192626855383,1.850875070482525,-2.4714426052764837,1.1187344448439092,-2.5505739797978486,0.03970262035727501,0.24865290522575378,0.0,0.02531267578125,-0.012656337890625,0.00843755859375,0.0506253515625,-0.033750234375,0.007957060546875,0.023871181640625
2.8363840660000004,0.0,0.006614797865059252,0.009878563566287024,0.2768092193663012,-0.0974766387238839,1.7825047650618084,-1.6409672893713285,3.6348052469108705,-6.14275611556412,0.0,0.0,0.0,0.0,0.0,0.0,0.0,0.0,-0.48444130586000167,0.6076192626855383,1.850875070482525,-2.4714426052764837,1.1187344448439092,-2.5505739797978486,0.03970262035727501,0.24865290522575378,0.004218779296875,-0.0168751171875,0.033750234375,0.0,0.0,0.0,0.0119355908203125,0.01591412109375
2.844673673,0.0,0.006614797865059252,0.009878563566287024,0.2768092193663012,-0.0974766387238839,1.7825047650618084,-1.6409672893713285,3.6348052469108705,-6.14275611556412,0.003490658503988659,0.0,0.0,0.0,0.0,0.0,0.0,0.0,-0.48444130586000167,0.6076192626855383,1.850875070482525,-2.4714426052764837,1.1187344448439092,-2.5505739797978486,0.03970262035727501,0.24865290522575378,0.0,0.0168751171875,-0.0168751171875,0.004218779296875,0.0,0.0,0.007957060546875,-0.071613544921875
2.8528479520000003,0.0,0.006614797865059252,0.009878563566287024,0.2768092193663012,-0.0974766387238839,1.7825047650618084,-1.6409672893713285,3.6348052469108705,-6.14275611556412,0.0,0.0,0.0,0.0,0.0,0.0,0.0,0.0,-0.4847903717104005,0.6076192626855383,1.850875070482525,-2.4714426052764837,1.1187344448439092,-2.5505739797978486,0.03970262035727501,0.24865290522575378,0.004218779296875,0.0,0.0,0.021093896484375,0.033750234375,-0.04218779296875,0.007957060546875,-0.0517208935546875
2.8610725980000002,0.0,0.006614797865059252,0.009878563566287024,0.2768092193663012,-0.0974766387238839,1.7825047650618084,-1.6409672893713285,3.6348052469108705,-6.14275611556412,0.0,0.0,0.0,0.0,0.0,0.0,0.0,0.0,-0.4914215313038417,0.599100298633338,1.8518625257313577,-2.476186740119833,1.1108436764947385,-2.5546257247357453,0.0399189367890358,0.24909460544586182,0.0,-0.012656337890625,0.037969013671875,0.012656337890625,0.04218779296875,0.00843755859375,0.0,0.0278497119140625
2.869207004,0.0,0.006614797865059252,0.009878563566287024,0.2768092193663012,-0.0974766387238839,1.7825047650618084,-1.6409672893713285,3.6348052469108705,-6.14275611556412,0.0,0.0,0.0,0.0,0.0,0.0,0.0,0.0,-0.4914215313038417,0.599100298633338,1.8518625257313577,-2.476186740119833,1.1108436764947385,-2.5546257247357453,0.0399189367890358,0.24909460544586182,0.004218779296875,-0.012656337890625,0.033750234375,-0.037969013671875,0.00843755859375,0.0168751171875,-0.0039785302734375,0.007957060546875
2.8772304010000003,0.0,0.006614797865059252,0.009878563566287024,0.2768092193663012,-0.0974766387238839,1.7825047650618084,-1.6409672893713285,3.6348052469108705,-6.14275611556412,0.0,0.0,0.0,0.0,0.0,0.0,0.0,0.0,-0.4814936028561183,0.6141762802503119,1.8511338589489785,-2.466581392009634,1.1292187081448049,-2.5445211281209077,0.039348915219306946,0.24752061069011688,0.0,0.012656337890625,-0.012656337890625,0.00843755859375,0.00843755859375,-0.033750234375,0.0119355908203125,0.0318282421875
2.885240038,0.0,0.006614797865059252,0.009878563566287024,0.2768092193663012,-0.0974766387238839,1.7825047650618084,-1.6409672893713285,3.6348052469108705,-6.14275611556412,0.0,0.0,0.0,0.0,0.0,0.0,0.0,0.0,-0.4814936028561183,0.6141762802503119,1.8511338589489785,-2.466581392009634,1.1292187081448049,-2.5445211281209077,0.039348915219306946,0.24752061069011688,0.0,-0.00843755859375,-0.0168751171875,0.00843755859375,-0.05906291015625,-0.033750234375,0.0,0.01591412109375
2.893998674,0.0,0.006614797865059252,0.009878563566287024,0.2768092193663012,-0.0974766387238839,1.7825047650618084,-1.6409672893713285,3.6348052469108705,-6.14275611556412,0.0,0.0,0.0,0.0,0.0,0.0,0.0,0.0,-0.491407181485612,0.5989360580346594,1.852000838309559,-2.476414292027134,1.110302518474242,-2.554658447685727,0.039965659379959106,0.24916397035121918,0.0,0.0168751171875,-0.021093896484375,-0.037969013671875,0.0,0.0168751171875,-0.0039785302734375,0.0278497119140625
2.902044247,0.0,0.006614797865059252,0.009878563566287024,0.2768092193663012,-0.0974766387238839,1.7825047650618084,-1.6409672893713285,3.6348052469108705,-6.14275611556412,0.0,0.0,0.0,0.0,0.0,0.0,0.0,0.0,-0.491407181485612,0.5989360580346594,1.852000838309559,-2.476414292027134,1.110302518474242,-2.554658447685727,0.039965659379959106,0.24916397035121918,0.004218779296875,-0.0168751171875,0.0,0.012656337890625,-0.04218779296875,-0.033750234375,-0.0039785302734375,0.01591412109375
2.9106731210000003,0.0,0.006614797865059252,0.009878563566287024,0.2768092193663012,-0.0974766387238839,1.7825047650618084,-1.6409672893713285,3.6348052469108705,-6.14275611556412,0.0,0.0,0.0,0.0,0.0,0.0,0.0,0.0,-0.49138657317968093,0.5996353993318091,1.8519210649431077,-2.476302019228119,1.1110769616238088,-2.5535709013371553,0.039995476603507996,0.24921353161334991,-0.00843755859375,-0.00843755859375,0.029531455078125,0.012656337890625,0.04218779296875,0.0,0.0,0.023871181640625
2.9200300020000003,0.0,0.006614797865059252,0.009878563566287024,0.2768092193663012,-0.0974766387238839,1.7825047650618084,-1.6409672893713285,3.6348052469108705,-6.14275611556412,0.0,0.0,0.0,0.0,0.0,0.0,0.0,0.0,-0.49138657317968093,0.5996353993318091,1.8519210649431077,-2.476302019228119,1.1110769616238088,-2.5535709013371553,0.039995476603507996,0.24921353161334991,0.004218779296875,0.0,-0.0168751171875,0.0,-0.06750046875,0.00843755859375,-0.007957060546875,0.0278497119140625
2.9289361580000004,0.0,0.006614797865059252,0.009878563566287024,0.2768092193663012,-0.0974766387238839,1.7825047650618084,-1.6409672893713285,3.6348052469108705,-6.14275611556412,0.0,0.0,0.0,0.0,0.0,0.0,0.0,0.0,-0.48625573085160934,0.6067483494184027,1.8516603318751184,-2.4727714833811705,1.1204168828002423,-2.5494555880456056,0.039705000817775726,0.2489887773990631,-0.00843755859375,0.012656337890625,0.029531455078125,0.004218779296875,0.033750234375,-0.02531267578125,-0.007957060546875,0.01591412109375
2.937785066,0.0,0.006614797865059252,0.009878563566287024,0.2768092193663012,-0.0974766387238839,1.7825047650618084,-1.6409672893713285,3.6348052469108705,-6.14275611556412,0.0,0.0,0.0,0.0,0.0,0.0,0.0,0.0,-0.48625573085160934,0.6067483494184027,1.8516603318751184,-2.4727714833811705,1.1204168828002423,-2.5494555880456056,0.039705000817775726,0.2489887773990631,-0.00843755859375,0.0,-0.021093896484375,0.012656337890625,0.0,0.00843755859375,-0.0039785302734375,0.023871181640625
2.9469848570000003,0.0,0.006614797865059252,0.009878563566287024,0.2768092193663012,-0.0974766387238839,1.7825047650618084,-1.6409672893713285,3.6348052469108705,-6.14275611556412,0.0,0.0,0.0,0.0,0.0,0.0,0.0,0.0,-0.4871320979437419,0.6065217921636115,1.8517472354472009,-2.4730806303218786,1.120705354379794,-2.548784856977948,0.03972931578755379,0.24903035163879395,0.0,-0.004218779296875,-0.0168751171875,0.012656337890625,0.00843755859375,0.00843755859375,0.0,0.0039785302734375
2.9560129350000004,0.0,0.006614797865059252,0.009878563566287024,0.2768092193663012,-0.0974766387238839,1.7825047650618084,-1.6409672893713285,3.6348052469108705,-6.14275611556412,0.0,0.0,0.0,0.0,0.0,0.0,0.0,0.0,-0.4871320979437419,0.6065217921636115,1.8517472354472009,-2.4730806303218786,1.120705354379794,-2.548784856977948,0.03972931578755379,0.24903035163879395,0.0,-0.012656337890625,0.033750234375,-0.029531455078125,0.00843755859375,0.00843755859375,0.0119355908203125,-0.0517208935546875
2.964492432,0.0,0.006614797865059252,0.009878563566287024,0.2768092193663012,-0.0974766387238839,1.7825047650618084,-1.6409672893713285,3.6348052469108705,-6.14275611556412,0.0,0.0,0.0,0.0,0.0,0.0,0.0,0.0,-0.48625573085160934,0.6067483494184027,1.8516603318751184,-2.4727714833811705,1.1204168828002423,-2.5494555880456056,0.039705000817775726,0.2489887773990631,-0.004218779296875,-0.00843755859375,0.0,0.00843755859375,-0.05906291015625,0.02531267578125,-0.0039785302734375,0.023871181640625
2.973706335,0.0,0.006614797865059252,0.009878563566287024,0.2768092193663012,-0.0974766387238839,1.7825047650618084,-1.6409672893713285,3.6348052469108705,-6.14275611556412,0.0,0.0,0.0,0.0,0.0,0.0,0.0,0.0,-0.48625573085160934,0.6067483494184027,1.8516603318751184,-2.4727714833811705,1.1204168828002423,-2.5494555880456056,0.039705000817775726,0.2489887773990631,0.0,0.02531267578125,-0.00843755859375,0.00843755859375,-0.06750046875,0.0,-0.0039785302734375,-0.0517208935546875
2.983227729,0.0,0.006614797865059252,0.009878563566287024,0.2768092193663012,-0.0974766387238839,1.7825047650618084,-1.6409672893713285,3.6348052469108705,-6.142651395809001,0.0,0.0,0.0,0.0,0.0,0.0,0.0,0.0,-0.48625573085160934,0.6067483494184027,1.8516603318751184,-2.4727714833811705,1.1204168828002423,-2.5494555880456056,0.039705000817775726,0.2489887773990631,0.0,-0.004218779296875,-0.00843755859375,0.00843755859375,-0.07593802734375,0.0168751171875,0.0,-0.06763501464843749
2.99142828,0.0,0.006614797865059252,0.009878563566287024,0.2768092193663012,-0.0974766387238839,1.7825047650618084,-1.6409672893713285,3.6348052469108705,-6.142651395809001,0.0,0.0,0.0,0.0,0.0,0.0,0.0,0.0,-0.48625573085160934,0.6067483494184027,1.8516603318751184,-2.4727714833811705,1.1204168828002423,-2.5494555880456056,0.039705000817775726,0.2489887773990631,0.0,-0.00843755859375,0.037969013671875,0.021093896484375,0.0,0.0168751171875,-0.0039785302734375,0.0278497119140625
2.9996142700000004,0.0,0.006614797865059252,0.009878563566287024,0.2768092193663012,-0.0974766387238839,1.7825047650618084,-1.6409672893713285,3.6348052469108705,-6.142651395809001,0.0,0.0,0.0,0.0,0.0,0.0,0.0,0.0,-0.4868356244406291,0.606721080293418,1.8511961085498658,-2.472258555610556,1.1196811975709409,-2.548576002302655,0.03975370526313782,0.24875839054584503,0.004218779296875,-0.004218779296875,0.033750234375,0.004218779296875,0.0506253515625,0.0168751171875,-0.0039785302734375,0.0039785302734375
3.0078425650000002,0.0,0.006614797865059252,0.009878563566287024,0.2768092193663012,-0.0974766387238839,1.7825047650618084,-1.6409672893713285,3.6348052469108705,-6.142651395809001,0.0,0.0,0.0,0.0,0.0,0.0,0.0,0.0,-0.4868356244406291,0.606721080293418,1.8511961085498658,-2.472258555610556,1.1196811975709409,-2.548576002302655,0.03975370526313782,0.24875839054584503,0.004218779296875,0.02531267578125,-0.00843755859375,0.00843755859375,-0.00843755859375,0.00843755859375,0.0,0.0
3.0166871530000003,0.0,0.006614797865059252,0.009878563566287024,0.2768092193663012,-0.0974766387238839,1.7825047650618084,-1.6409672893713285,3.6348052469108705,-6.142651395809001,0.0,0.0,0.0,0.0,0.0,0.0,0.0,0.0,-0.4868356244406291,0.606721080293418,1.8511961085498658,-2.472258555610556,1.1196811975709409,-2.548576002302655,0.03975370526313782,0.24875839054584503,0.004218779296875,0.021093896484375,0.0,0.004218779296875,0.00843755859375,-0.033750234375,0.0,0.0318282421875
3.0249532720000003,0.0,0.006614797865059252,0.009878563566287024,0.2768092193663012,-0.0974766387238839,1.7825047650618084,-1.6409672893713285,3.6348052469108705,-6.142651395809001,0.0,0.0,0.0,0.0,0.0,0.0,0.0,0.0,-0.4868356244406291,0.606721080293418,1.8511961085498658,-2.472258555610556,1.1196811975709409,-2.548576002302655,0.03975370526313782,0.24875839054584503,-0.004218779296875,-0.004218779296875,0.033750234375,0.021093896484375,0.00843755859375,0.00843755859375,-0.0039785302734375,0.0278497119140625
3.0334197450000002,0.0,0.006614797865059252,0.009878563566287024,0.2768092193663012,-0.0974766387238839,1.7825047650618084,-1.6409672893713285,3.6348052469108705,-6.142651395809001,0.0,0.0,0.0,0.0,0.0,0.0,0.0,0.0,-0.4868356244406291,0.606721080293418,1.8511961085498658,-2.472258555610556,1.1196811975709409,-2.548576002302655,0.03975370526313782,0.24875839054584503,-0.00843755859375,-0.004218779296875,0.0,0.021093896484375,-0.00843755859375,0.0168751171875,0.0119355908203125,0.007957060546875
3.0413544690000003,0.0,0.006614797865059252,0.009878563566287024,0.2768092193663012,-0.0974766387238839,1.7825047650618084,-1.6409672893713285,3.6348052469108705,-6.142651395809001,0.0,0.0,0.0,0.0,0.0,0.0,0.0,0.0,-0.4868356244406291,0.606721080293418,1.8511961085498658,-2.472258555610556,1.1196811975709409,-2.548576002302655,0.03975370526313782,0.24875839054584503,0.0,-0.004218779296875,-0.0168751171875,0.004218779296875,0.00843755859375,0.00843755859375,0.007957060546875,0.0039785302734375
3.04984459,0.0,0.006614797865059252,0.009878563566287024,0.2768092193663012,-0.0974766387238839,1.7825047650618084,-1.6409672893713285,3.6348052469108705,-6.142651395809001,0.0,0.0,0.0,0.0,0.0,0.0,0.0,0.0,-0.4868356244406291,0.606721080293418,1.8511961085498658,-2.472258555610556,1.1196811975709409,-2.548576002302655,0.03975370526313782,0.24875839054584503,0.0,-0.012656337890625,0.029531455078125,0.012656337890625,0.033750234375,0.0,0.0039785302734375,0.0198926513671875
3.0581323090000003,0.0,0.006614797865059252,0.009878563566287024,0.2768092193663012,-0.0974766387238839,1.7825047650618084,-1.6409672893713285,3.6348052469108705,-6.142651395809001,0.0,0.0,0.0,0.0,0.0,0.0,0.0,0.0,-0.4868356244406291,0.606721080293418,1.8511961085498658,-2.472258555610556,1.1196811975709409,-2.548576002302655,0.03975370526313782,0.24875839054584503,0.0,0.0168751171875,-0.0168751171875,0.0,0.00843755859375,0.0168751171875,0.007957060546875,0.0119355908203125
3.066338908,0.0,0.006614797865059252,0.009878563566287024,0.2768092193663012,-0.0974766387238839,1.7825047650618084,-1.6409672893713285,3.6348052469108705,-6.142651395809001,0.0,0.0,0.0,0.0,0.0,0.0,0.0,0.0,-0.48741489218087874,0.6066930959126959,1.850732667535576,-2.471744465549368,1.1189472110740155,-2.5476967741875733,0.03980271518230438,0.24852795898914337,-0.004218779296875,-0.012656337890625,-0.00843755859375,0.004218779296875,-0.06750046875,0.0168751171875,0.0,0.0119355908203125
3.0746035870000004,0.0,0.006614797865059252,0.009878563566287024,0.2768092193663012,-0.0974766387238839,1.7825047650618084,-1.6409672893713285,3.6348052469108705,-6.14275611556412,0.0,0.0,0.0,0.0,0.0,0.0,0.0,0.0,-0.48741489218087874,0.6066930959126959,1.850732667535576,-2.471744465549368,1.1189472110740155,-2.5476967741875733,0.03980271518230438,0.24852795898914337,0.004218779296875,0.02531267578125,-0.02531267578125,0.004218779296875,0.033750234375,-0.033750234375,0.007957060546875,0.0198926513671875
3.083513008,0.0,0.006614797865059252,0.009878563566287024,0.2768092193663012,-0.0974766387238839,1.7825047650618084,-1.6409672893713285,3.6348052469108705,-6.14275611556412,0.0,0.0,0.0,0.0,0.0,0.0,0.0,0.0,-0.48741489218087874,0.6066930959126959,1.850732667535576,-2.471744465549368,1.1189472110740155,-2.5476967741875733,0.03980271518230438,0.24852795898914337,0.004218779296875,-0.00843755859375,0.02531267578125,0.012656337890625,0.0,0.00843755859375,-0.0039785302734375,0.0318282421875
3.091786775,0.0,0.006614797865059252,0.009878563566287024,0.2768092193663012,-0.0974766387238839,1.7825047650618084,-1.6409672893713285,3.6348052469108705,-6.14275611556412,0.0,0.0,0.0,0.0,0.0,0.0,0.0,0.0,-0.48741489218087874,0.6066930959126959,1.850732667535576,-2.471744465549368,1.1189472110740155,-2.5476967741875733,0.03980271518230438,0.24852795898914337,0.0,-0.012656337890625,-0.012656337890625,0.012656337890625,-0.05906291015625,0.0168751171875,-0.007957060546875,0.0039785302734375
3.100419329,0.0,0.006614797865059252,0.009878563566287024,0.2768092193663012,-0.0974766387238839,1.7825047650618084,-1.6409672893713285,3.6348052469108705,-6.14275611556412,0.0,0.0,0.0,0.0,0.0,0.0,0.0,0.0,-0.4868356244406291,0.606721080293418,1.8511961085498658,-2.472258555610556,1.1196811975709409,-2.548576002302655,0.03975370526313782,0.24875839054584503,0.0,-0.012656337890625,-0.00843755859375,0.004218779296875,-0.0506253515625,0.00843755859375,0.007957060546875,-0.071613544921875
3.108498023,0.0,0.006614797865059252,0.009878563566287024,0.2768092193663012,-0.0974766387238839,1.7825047650618084,-1.6409672893713285,3.6348052469108705,-6.14275611556412,0.0,0.0,0.0,0.0,0.0,0.0,0.0,0.0,-0.4868356244406291,0.606721080293418,1.8511961085498658,-2.472258555610556,1.1196811975709409,-2.548576002302655,0.03975370526313782,0.24875839054584503,0.0,-0.012656337890625,-0.0168751171875,0.004218779296875,-0.04218779296875,0.0168751171875,0.007957060546875,0.0198926513671875
3.1169866720000003,0.0,0.006614797865059252,0.009878563566287024,0.2768092193663012,-0.0974766387238839,1.7825047650618084,-1.6409672893713285,3.6348052469108705,-6.14275611556412,0.0,0.0,0.0,0.0,0.0,0.0,0.0,0.0,-0.4868356244406291,0.606721080293418,1.8511961085498658,-2.472258555610556,1.1196811975709409,-2.548576002302655,0.03975370526313782,0.24875839054584503,0.0,-0.00843755859375,0.0,0.0168751171875,-0.05906291015625,0.0168751171875,-0.0039785302734375,0.0198926513671875
3.1252020700000003,0.0,0.006614797865059252,0.009878563566287024,0.2768092193663012,-0.0974766387238839,1.7825047650618084,-1.6409672893713285,3.6348052469108705,-6.14275611556412,0.0,0.0,0.0,0.0,0.0,0.0,0.0,0.0,-0.4868356244406291,0.606721080293418,1.8511961085498658,-2.472258555610556,1.1196811975709409,-2.548576002302655,0.03975370526313782,0.24875839054584503,0.0,-0.004218779296875,-0.0168751171875,0.004218779296875,-0.06750046875,0.00843755859375,0.0119355908203125,0.0119355908203125
3.13420602,0.0,0.006614797865059252,0.009878563566287024,0.2768092193663012,-0.0974766387238839,1.7825047650618084,-1.6409672893713285,3.6348052469108705,-6.14275611556412,0.0,0.0,0.0,0.0,0.0,0.0,0.0,0.0,-0.4868356244406291,0.606721080293418,1.8511961085498658,-2.472258555610556,1.1196811975709409,-2.548576002302655,0.03975370526313782,0.24875839054584503,0.0,-0.012656337890625,-0.00843755859375,-0.029531455078125,-0.06750046875,0.0,0.0,0.01591412109375
3.1424381550000002,0.0,0.006614797865059252,0.009878563566287024,0.2768092193663012,-0.0974766387238839,1.7825047650618084,-1.6409672893713285,3.6348052469108705,-6.14275611556412,0.0,0.0,0.0,0.0,0.0,0.0,0.0,0.0,-0.4868356244406291,0.606721080293418,1.8511961085498658,-2.472258555610556,1.1196811975709409,-2.548576002302655,0.03975370526313782,0.24875839054584503,0.0,-0.004218779296875,-0.0168751171875,0.012656337890625,0.00843755859375,0.0,-0.0039785302734375,-0.0039785302734375
3.1507917940000003,0.0,0.006614797865059252,0.009878563566287024,0.2768092193663012,-0.0974766387238839,1.7825047650618084,-1.6409672893713285,3.6348052469108705,-6.14275611556412,0.0,0.0,0.0,0.0,0.0,0.0,0.0,0.0,-0.4868356244406291,0.606721080293418,1.8511961085498658,-2.472258555610556,1.1196811975709409,-2.548576002302655,0.03975370526313782,0.24875839054584503,0.0,-0.012656337890625,0.0,-0.02531267578125,-0.06750046875,0.00843755859375,0.0119355908203125,0.0278497119140625
3.159976577,0.0,0.006614797865059252,0.009878563566287024,0.2768092193663012,-0.0974766387238839,1.7825047650618084,-1.6409672893713285,3.6348052469108705,-6.14275611556412,0.0,0.0,0.0,0.0,0.0,0.0,0.0,0.0,-0.4868356244406291,0.606721080293418,1.8511961085498658,-2.472258555610556,1.1196811975709409,-2.548576002302655,0.03975370526313782,0.24875839054584503,-0.00843755859375,-0.00843755859375,-0.021093896484375,0.0,0.00843755859375,0.00843755859375,-0.0039785302734375,0.0198926513671875
3.1690685600000004,0.0,0.006614797865059252,0.009878563566287024,0.2768092193663012,-0.0974766387238839,1.7825047650618084,-1.6409672893713285,3.6348052469108705,-6.14275611556412,0.0,0.0,0.0,0.0,0.0,0.0,0.0,0.0,-0.4868356244406291,0.606721080293418,1.8511961085498658,-2.472258555610556,1.1196811975709409,-2.548576002302655,0.03975370526313782,0.24875839054584503,-0.004218779296875,-0.0168751171875,0.0,-0.033750234375,0.02531267578125,-0.033750234375,0.0119355908203125,0.0318282421875
3.177086869,0.0,0.006614797865059252,0.009878563566287024,0.2768092193663012,-0.0974766387238839,1.7825047650618084,-1.6409672893713285,3.6348052469108705,-6.14275611556412,0.0,0.0,0.0,0.0,0.0,0.0,0.0,0.0,-0.4868356244406291,0.606721080293418,1.8511961085498658,-2.472258555610556,1.1196811975709409,-2.548576002302655,0.03975370526313782,0.24875839054584503,0.0,-0.012656337890625,-0.0168751171875,-0.033750234375,0.0,0.00843755859375,0.0,0.0198926513671875
3.1856656620000003,0.0,0.006614797865059252,0.009878563566287024,0.2768092193663012,-0.0974766387238839,1.7825047650618084,-1.6409672893713285,3.6348052469108705,-6.14275611556412,0.0,0.0,0.0,0.0,0.0,0.0,0.0,0.0,-0.4868356244406291,0.606721080293418,1.8511961085498658,-2.472258555610556,1.1196811975709409,-2.548576002302655,0.03975370526313782,0.24875839054584503,0.0,-0.00843755859375,-0.00843755859375,-0.02531267578125,0.04218779296875,0.02531267578125,0.0,0.0119355908203125
3.193971142,0.0,0.006614797865059252,0.009878563566287024,0.2768092193663012,-0.0974766387238839,1.7825047650618084,-1.6409672893713285,3.6348052469108705,-6.14275611556412,0.0,0.0,0.0,0.0,0.0,0.0,0.0,0.0,-0.4868356244406291,0.606721080293418,1.8511961085498658,-2.472258555610556,1.1196811975709409,-2.548576002302655,0.03975370526313782,0.24875839054584503,0.004218779296875,-0.00843755859375,-0.012656337890625,0.012656337890625,0.02531267578125,0.00843755859375,0.0,-0.0755920751953125
3.2033171420000004,0.0,0.006614797865059252,0.009878563566287024,0.2768092193663012,-0.0974766387238839,1.7825047650618084,-1.6409672893713285,3.6348052469108705,-6.142651395809001,0.0,0.0,0.0,0.0,0.0,0.0,0.0,0.0,-0.4868356244406291,0.606721080293418,1.8511961085498658,-2.472258555610556,1.1196811975709409,-2.548576002302655,0.03975370526313782,0.24875839054584503,0.0,0.02531267578125,-0.00843755859375,-0.029531455078125,-0.05906291015625,-0.033750234375,-0.007957060546875,0.0198926513671875
3.211516253,0.0,0.006614797865059252,0.009878563566287024,0.2768092193663012,-0.0974766387238839,1.7825047650618084,-1.6409672893713285,3.6348052469108705,-6.142651395809001,0.0,0.0,0.0,0.0,0.0,0.0,0.0,0.010471975511965978,-0.4868356244406291,0.606721080293418,1.8511961085498658,-2.472258555610556,1.1196811975709409,-2.548576002302655,0.03975370526313782,0.24875839054584503,0.0,-0.004218779296875,-0.00843755859375,0.004218779296875,-0.06750046875,0.0168751171875,0.0,0.01591412109375
3.2202430480000004,0.0,0.006614797865059252,0.009878563566287024,0.2768092193663012,-0.0974766387238839,1.7825047650618084,-1.6409672893713285,3.6348052469108705,-6.142651395809001,0.0,0.0,0.0,0.0,0.0,0.0,0.0,0.0,-0.48659239278646194,0.6067990431687842,1.8513432500660745,-2.4717488911942427,1.1197164909712285,-2.5483115364937867,0.03973010927438736,0.24821236552265,-0.004218779296875,-0.004218779296875,0.029531455078125,0.00843755859375,0.0,0.00843755859375,-0.0039785302734375,0.0278497119140625
3.2288909940000003,0.0,0.006614797865059252,0.009878563566287024,0.2768092193663012,-0.0974766387238839,1.7825047650618084,-1.6409672893713285,3.6348052469108705,-6.142651395809001,0.0,0.0,0.0,0.0,0.0,0.0,0.008726646259971648,0.0,-0.48659239278646194,0.6067990431687842,1.8513432500660745,-2.4717488911942427,1.1197164909712285,-2.5483115364937867,0.03973010927438736,0.2487359642982483,0.0,-0.00843755859375,-0.0168751171875,0.0,-0.05906291015625,-0.033750234375,-0.007957060546875,0.0278497119140625
3.2371090170000003,0.0,0.006614797865059252,0.009878563566287024,0.2768092193663012,-0.0974766387238839,1.7825047650618084,-1.6409672893713285,3.6348052469108705,-6.142651395809001,0.0,0.0,0.0,0.0,0.0,0.0,0.0,0.0,-0.4868414358934947,0.6066057453057776,1.851723944932255,-2.4723407653168623,1.1201286570898503,-2.5482890059380616,0.039328127863230894,0.24879077076911926,0.004218779296875,-0.004218779296875,-0.00843755859375,-0.029531455078125,-0.0506253515625,0.0168751171875,-0.0039785302734375,0.0039785302734375
3.245601762,0.0,0.006614797865059252,0.009878563566287024,0.2768092193663012,-0.0974766387238839,1.7825047650618084,-1.6409672893713285,3.6348052469108705,-6.142651395809001,0.0,0.0,0.0,0.0,0.0,0.0,0.005235987755982989,0.0,-0.4868414358934947,0.6066057453057776,1.851723944932255,-2.4723407653168623,1.1201286570898503,-2.5482890059380616,0.03976446017622948,0.24879077076911926,0.0,-0.0168751171875,0.033750234375,-0.029531455078125,0.00843755859375,0.0,0.007957060546875,0.0278497119140625
3.253990346,0.0,0.006614797865059252,0.009878563566287024,0.2768092193663012,-0.0974766387238839,1.7825047650618084,-1.6409672893713285,3.6348925133734706,-6.142651395809001,0.0,0.0,0.0,0.0,0.0,0.0,0.0,0.0,-0.4868387536844798,0.6066521475217352,1.8515126762688485,-2.472308645863909,1.1199495972863645,-2.5484040727048005,0.03949841768278038,0.24877789616584778,0.0,-0.00843755859375,0.033750234375,0.0,0.033750234375,0.0168751171875,0.0,0.0119355908203125
3.2624613630000003,0.0,0.006614797865059252,0.009878563566287024,0.2768092193663012,-0.0974766387238839,1.7825047650618084,-1.6409672893713285,3.6348925133734706,-6.142651395809001,0.0,0.0,0.0,0.0,0.0,0.0,0.0,0.0,-0.4868387536844798,0.6066521475217352,1.8515126762688485,-2.472308645863909,1.1199495972863645,-2.5484040727048005,0.03976021707057953,0.24877789616584778,0.0,-0.012656337890625,0.02531267578125,0.004218779296875,0.00843755859375,0.0,0.0119355908203125,0.023871181640625
3.2713591350000004,0.0,0.006614797865059252,0.009878563566287024,0.2768092193663012,-0.0974766387238839,1.7825047650618084,-1.6409672893713285,3.6348925133734706,-6.142651395809001,0.0,0.0,0.0,0.0,0.0,0.0,0.0,0.0,-0.4868356244406291,0.606721080293418,1.8511961085498658,-2.472258555610556,1.1196811975709409,-2.548576002302655,0.03975370526313782,0.24875839054584503,-0.00843755859375,-0.00843755859375,0.0,0.0168751171875,0.04218779296875,-0.02531267578125,0.007957060546875,0.0278497119140625
3.279640487,0.0,0.006614797865059252,0.009878563566287024,0.2768092193663012,-0.0974766387238839,1.7825047650618084,-1.6409672893713285,3.6348925133734706,-6.142651395809001,0.0,0.0,0.0,0.0,0.0,0.0,0.0,0.0,-0.4868356244406291,0.606721080293418,1.8511961085498658,-2.472258555610556,1.1196811975709409,-2.548576002302655,0.03975370526313782,0.24875839054584503,0.004218779296875,0.0168751171875,0.0,-0.033750234375,-0.0843755859375,0.0168751171875,-0.0039785302734375,0.023871181640625
3.2881425440000003,0.0,0.006614797865059252,0.009878563566287024,0.2768092193663012,-0.0974766387238839,1.7825047650618084,-1.6409672893713285,3.6348925133734706,-6.142651395809001,0.0,0.0,0.0,0.0,0.0,0.0,0.0,0.0,-0.48741489218087874,0.6066930959126959,1.850732667535576,-2.471744465549368,1.1189472110740155,-2.5476967741875733,0.03980271518230438,0.24852795898914337,0.004218779296875,-0.00843755859375,-0.00843755859375,-0.033750234375,0.00843755859375,0.00843755859375,-0.0039785302734375,0.0198926513671875
3.2986600740000003,0.0,0.006614797865059252,0.009878563566287024,0.2768092193663012,-0.0974766387238839,1.7825047650618084,-1.6409672893713285,3.6348925133734706,-6.142651395809001,0.0,0.0,0.0,0.0,0.0,0.0,0.0,0.0,-0.48741489218087874,0.6066930959126959,1.850732667535576,-2.471744465549368,1.1189472110740155,-2.5476967741875733,0.03980271518230438,0.24852795898914337,0.0,-0.012656337890625,-0.0168751171875,0.012656337890625,-0.05906291015625,-0.02531267578125,0.007957060546875,0.0119355908203125
3.3050747850000004,0.0,0.006614797865059252,0.009878563566287024,0.2768092193663012,-0.0974766387238839,1.7825047650618084,-1.6409672893713285,3.6348925133734706,-6.142651395809001,0.0,0.0,0.0,0.0,0.0,0.0,0.0,0.0,-0.48741489218087874,0.6066930959126959,1.850732667535576,-2.471744465549368,1.1189472110740155,-2.5476967741875733,0.03980271518230438,0.24852795898914337,-0.004218779296875,0.0,-0.00843755859375,0.00843755859375,-0.05906291015625,0.00843755859375,0.0119355908203125,-0.071613544921875
3.313659115,0.0,0.006614797865059252,0.009878563566287024,0.2768092193663012,-0.0974766387238839,1.7825047650618084,-1.6409672893713285,3.6348925133734706,-6.142651395809001,0.0,0.0,0.0,0.0,0.0,0.0,0.0,0.0,-0.48741489218087874,0.6066930959126959,1.850732667535576,-2.471744465549368,1.1189472110740155,-2.5476967741875733,0.03980271518230438,0.24852795898914337,-0.004218779296875,0.0,0.037969013671875,0.004218779296875,0.00843755859375,0.00843755859375,0.0,0.0039785302734375
3.3224277030000002,0.0,0.006614797865059252,0.009878563566287024,0.2768092193663012,-0.0974766387238839,1.7825047650618084,-1.6409672893713285,3.6348925133734706,-6.142651395809001,0.0,0.0,0.0,0.0,0.0,0.0,0.0,0.0,-0.48741489218087874,0.6066930959126959,1.850732667535576,-2.471744465549368,1.1189472110740155,-2.5476967741875733,0.03980271518230438,0.24852795898914337,0.004218779296875,-0.012656337890625,0.0,-0.037969013671875,0.033750234375,0.00843755859375,0.007957060546875,-0.0517208935546875
3.3308041910000004,0.0,0.006614797865059252,0.009878563566287024,0.2768092193663012,-0.0974766387238839,1.7825047650618084,-1.6409672893713285,3.6348052469108705,-6.142651395809001,0.0,0.0,0.0,0.0,0.0,0.0,0.0,0.0,-0.48741489218087874,0.6066930959126959,1.850732667535576,-2.471744465549368,1.1189472110740155,-2.5476967741875733,0.03980271518230438,0.24852795898914337,0.004218779296875,-0.012656337890625,0.029531455078125,0.00843755859375,0.02531267578125,-0.00843755859375,-0.007957060546875,0.0198926513671875
3.3395468260000003,0.0,0.006614797865059252,0.009878563566287024,0.2768092193663012,-0.0974766387238839,1.7825047650618084,-1.6409672893713285,3.6348052469108705,-6.14275611556412,0.0,0.0,0.0,0.0,0.0,0.0,0.0,0.0,-0.48741489218087874,0.6066930959126959,1.850732667535576,-2.471744465549368,1.1189472110740155,-2.5476967741875733,0.03980271518230438,0.24852795898914337,0.004218779296875,-0.004218779296875,0.02531267578125,0.00843755859375,-0.05906291015625,0.0,0.0,0.0
3.3473987010000004,0.0,0.006614797865059252,0.009878563566287024,0.2768092193663012,-0.0974766387238839,1.7825047650618084,-1.6409672893713285,3.6348052469108705,-6.14275611556412,0.0,0.0,0.0,0.0,0.0,0.0,0.0,0.0,-0.48741489218087874,0.6066930959126959,1.850732667535576,-2.471744465549368,1.1189472110740155,-2.5476967741875733,0.03980271518230438,0.24852795898914337,0.0,-0.00843755859375,-0.0168751171875,0.021093896484375,0.0,0.00843755859375,0.007957060546875,0.01591412109375
3.356083352,0.0,0.006719517620178195,0.009878563566287024,0.2768092193663012,-0.0974766387238839,1.7825047650618084,-1.6409672893713285,3.6348052469108705,-6.14275611556412,0.0,0.0,0.0,0.0,0.0,0.0,0.0,0.0,-0.48741489218087874,0.6066930959126959,1.850732667535576,-2.471744465549368,1.1189472110740155,-2.5476967741875733,0.03980271518230438,0.24852795898914337,0.0,0.02531267578125,0.0,0.012656337890625,0.0,0.0,-0.007957060546875,-0.055699423828125
3.365430088,0.0,0.006719517620178195,0.009878563566287024,0.2768092193663012,-0.0974766387238839,1.7824611318305084,-1.6410109226026284,3.6348052469108705,-6.1428433820267205,0.0,0.0,0.0,0.0,-0.004363323129985824,-0.007853981633974483,0.0,0.0,-0.4877290514462356,0.6066930959126959,1.850732667535576,-2.471744465549368,1.1189472110740155,-2.5476967741875733,0.03980271518230438,0.24852795898914337,0.0,0.021093896484375,0.0,0.00843755859375,0.0,-0.033750234375,0.0119355908203125,-0.07957060546875
3.374320725,0.0,0.006719517620178195,0.009878563566287024,0.2768092193663012,-0.0974766387238839,1.7824611318305084,-1.6410109226026284,3.6348052469108705,-6.1428433820267205,0.0,0.0,0.0,0.0,0.0,-0.007853981633974483,0.0,0.0,-0.4873780843966369,0.6069037387273322,1.851398324757847,-2.471903028805632,1.1203656644635323,-2.547464082001205,0.03978602588176727,0.24871352314949036,-0.00843755859375,-0.012656337890625,-0.021093896484375,-0.037969013671875,0.00843755859375,0.0168751171875,-0.0039785302734375,0.0198926513671875
3.382434491,0.0,0.006719517620178195,0.009878563566287024,0.2768092193663012,-0.0974766387238839,1.7824611318305084,-1.6410109226026284,3.6348052469108705,-6.1428433820267205,0.0,0.0,0.0,0.0,0.0,0.0,0.0,0.0,-0.4873780843966369,0.6069037387273322,1.851398324757847,-2.471903028805632,1.1199293321505337,-2.547464082001205,0.03978602588176727,0.24871352314949036,0.0,0.0,-0.00843755859375,0.012656337890625,0.0506253515625,0.00843755859375,0.007957060546875,-0.0517208935546875
3.3910531890000004,0.0,0.006719517620178195,0.009878563566287024,0.2768092193663012,-0.0974766387238839,1.7824611318305084,-1.6410109226026284,3.6348052469108705,-6.1428433820267205,0.0,0.0,0.0,0.0,0.0,0.0,0.0,0.0,-0.4873315033667449,0.6065768668553839,1.8512276245057908,-2.472262265999693,1.1198950669303684,-2.5483837694292815,0.039757367223501205,0.24872736632823944,0.0,-0.00843755859375,-0.00843755859375,0.012656337890625,0.0,0.0,0.0,-0.071613544921875
3.4007220080000002,0.0,0.006719517620178195,0.009878563566287024,0.2768092193663012,-0.0974766387238839,1.7824611318305084,-1.6410109226026284,3.6348052469108705,-6.1428433820267205,0.0,0.0,0.0,0.0,0.0,0.0,0.0,0.0,-0.4873315033667449,0.6065768668553839,1.8512276245057908,-2.472262265999693,1.1198950669303684,-2.5483837694292815,0.039757367223501205,0.24872736632823944,0.004218779296875,0.02531267578125,0.037969013671875,0.004218779296875,0.033750234375,0.0168751171875,0.0,0.023871181640625
3.4098344060000003,0.0,0.006719517620178195,0.009878563566287024,0.2768092193663012,-0.0974766387238839,1.7824611318305084,-1.6410109226026284,3.6348052469108705,-6.1428433820267205,0.0,0.0,0.0,0.0,0.0,0.0,0.0,0.0,-0.4873315033667449,0.6065768668553839,1.8512276245057908,-2.472262265999693,1.1198950669303684,-2.5483837694292815,0.039757367223501205,0.24872736632823944,0.004218779296875,0.0,-0.012656337890625,0.012656337890625,-0.0506253515625,0.0168751171875,-0.007957060546875,0.023871181640625
3.417267654,0.0,0.006719517620178195,0.009878563566287024,0.2768092193663012,-0.0974766387238839,1.7824611318305084,-1.6410109226026284,3.6348052469108705,-6.1428433820267205,0.0,0.0,0.0,0.0,0.0,0.0,0.0,0.0,-0.4873315033667449,0.6065768668553839,1.8512276245057908,-2.472262265999693,1.1198950669303684,-2.5483837694292815,0.039757367223501205,0.24872736632823944,0.0,0.02531267578125,-0.012656337890625,-0.029531455078125,0.0506253515625,0.0168751171875,-0.007957060546875,0.0318282421875
3.426360085,0.0,0.006719517620178195,0.009878563566287024,0.2768092193663012,-0.0974766387238839,1.7824611318305084,-1.6410109226026284,3.6348052469108705,-6.1428433820267205,0.0,0.0,0.0,0.0,0.0,0.0,0.0,0.0,-0.49035922560623924,0.6036528119943152,1.8526128960550157,-2.473779457528967,1.1187462991610317,-2.5488426953917296,0.03980357572436333,0.24874113500118256,-0.00843755859375,-0.00843755859375,-0.021093896484375,0.0,0.00843755859375,0.00843755859375,0.0,0.0198926513671875
3.434570331,0.0,0.006719517620178195,0.009878563566287024,0.2768092193663012,-0.0974766387238839,1.7824611318305084,-1.6410109226026284,3.6348052469108705,-6.1428433820267205,0.0,0.0,0.0,0.0,0.0,0.0,0.0,0.0,-0.49035922560623924,0.6036528119943152,1.8526128960550157,-2.473779457528967,1.1187462991610317,-2.5488426953917296,0.03980357572436333,0.24874113500118256,0.0,-0.004218779296875,-0.00843755859375,0.0,0.0,0.00843755859375,-0.007957060546875,0.0278497119140625
3.4435880410000004,0.0,0.006719517620178195,0.009878563566287024,0.2768092193663012,-0.0974766387238839,1.7824611318305084,-1.6410109226026284,3.6348052469108705,-6.1428433820267205,0.0,0.0,0.0,0.0,0.0,0.0,0.0,0.0,-0.4873315033667449,0.6065768668553839,1.8512276245057908,-2.472262265999693,1.1198950669303684,-2.5483837694292815,0.039757367223501205,0.24872736632823944,0.0,-0.012656337890625,0.02531267578125,-0.033750234375,-0.05906291015625,-0.033750234375,-0.007957060546875,0.0198926513671875
3.454316613,0.0,0.006719517620178195,0.009878563566287024,0.2768092193663012,-0.0974766387238839,1.7824611318305084,-1.6410109226026284,3.6348052469108705,-6.1428433820267205,0.0,0.0,0.0,0.0,0.0,0.0,0.0,0.0,-0.4873315033667449,0.6065768668553839,1.8512276245057908,-2.472262265999693,1.1198950669303684,-2.5483837694292815,0.039757367223501205,0.24872736632823944,0.0,0.02531267578125,0.033750234375,0.004218779296875,0.02531267578125,0.0168751171875,-0.0039785302734375,0.0198926513671875
3.4623609060000002,0.0,0.006719517620178195,0.009878563566287024,0.2768092193663012,-0.0974766387238839,1.7824611318305084,-1.6410109226026284,3.6348052469108705,-6.14275611556412,0.0,0.0,0.0,0.0,0.0,0.0,0.0,0.013962634015954637,-0.4873315033667449,0.6065768668553839,1.8512276245057908,-2.472262265999693,1.1198950669303684,-2.5483837694292815,0.039757367223501205,0.24872736632823944,0.0,0.0,-0.012656337890625,-0.033750234375,0.04218779296875,0.00843755859375,0.007957060546875,0.0278497119140625
3.47021163,0.0,0.006719517620178195,0.009878563566287024,0.2768092193663012,-0.0974766387238839,1.7824611318305084,-1.6410109226026284,3.6348052469108705,-6.14275611556412,0.0,0.0,0.0,0.0,0.0,0.0,0.0,0.0,-0.4873315033667449,0.6065768668553839,1.8512276245057908,-2.472262265999693,1.1198950669303684,-2.5483837694292815,0.039757367223501205,0.24802923462744172,0.004218779296875,-0.004218779296875,0.029531455078125,0.004218779296875,0.04218779296875,0.0,0.0,0.01591412109375
3.4783681480000004,0.0,0.006719517620178195,0.009878563566287024,0.2768092193663012,-0.0974766387238839,1.7824611318305084,-1.6410109226026284,3.6348925133734706,-6.14275611556412,0.0,0.0,0.0,0.0,0.0,0.0,0.0,0.0,-0.48791099462441245,0.6065490612885962,1.8507636694014398,-2.471748131235022,1.1191600746050625,-2.5475043625002654,0.03980642184615135,0.24849699437618256,-0.00843755859375,-0.004218779296875,0.00843755859375,0.00843755859375,0.04218779296875,-0.02531267578125,-0.007957060546875,0.0278497119140625
3.4870395500000004,0.0,0.006719517620178195,0.009878563566287024,0.2768092193663012,-0.0974766387238839,1.7824611318305084,-1.6410109226026284,3.6348925133734706,-6.14275611556412,0.0,0.0,0.0,0.0,0.0,0.0,0.0,0.0,-0.48791099462441245,0.6065490612885962,1.8507636694014398,-2.471748131235022,1.1191600746050625,-2.5475043625002654,0.03980642184615135,0.24849699437618256,0.0,-0.00843755859375,0.0,0.00843755859375,0.033750234375,0.00843755859375,-0.0039785302734375,0.01591412109375
3.4955848720000002,0.0,0.006719517620178195,0.009878563566287024,0.2768092193663012,-0.0974766387238839,1.7824611318305084,-1.6410109226026284,3.6348925133734706,-6.14275611556412,0.0,0.0,0.0,0.0,0.0,0.0,0.0,0.0,-0.48791099462441245,0.6065490612885962,1.8507636694014398,-2.471748131235022,1.1191600746050625,-2.5475043625002654,0.03980642184615135,0.24849699437618256,0.004218779296875,-0.00843755859375,-0.00843755859375,0.021093896484375,0.033750234375,0.00843755859375,0.0,0.0278497119140625
3.503390539,0.0,0.006719517620178195,0.009878563566287024,0.2768092193663012,-0.0974766387238839,1.7824611318305084,-1.6410109226026284,3.6348925133734706,-6.14275611556412,0.0,0.0,0.0,0.0,0.0,0.0,0.0,0.0,-0.48791099462441245,0.6065490612885962,1.8507636694014398,-2.471748131235022,1.1191600746050625,-2.5475043625002654,0.03980642184615135,0.24849699437618256,0.0,0.0,0.033750234375,0.012656337890625,0.00843755859375,0.0168751171875,0.0,-0.071613544921875
3.5114807850000003,0.0,0.006719517620178195,0.009878563566287024,0.2768092193663012,-0.0974766387238839,1.7824611318305084,-1.6410109226026284,3.6348925133734706,-6.14275611556412,0.0,0.0,0.0,0.0,0.0,0.0,0.0,0.0,-0.48791099462441245,0.6065490612885962,1.8507636694014398,-2.471748131235022,1.1191600746050625,-2.5475043625002654,0.03980642184615135,0.24849699437618256,0.004218779296875,-0.004218779296875,-0.00843755859375,0.012656337890625,0.0,0.00843755859375,-0.007957060546875,0.0278497119140625
3.519674359,0.0,0.006719517620178195,0.009878563566287024,0.2768092193663012,-0.0974766387238839,1.7824611318305084,-1.6410109226026284,3.6348925133734706,-6.14275611556412,0.0,0.0,0.0,0.0,0.0,0.0,0.0,0.0,-0.48791099462441245,0.6065490612885962,1.8507636694014398,-2.471748131235022,1.1191600746050625,-2.5475043625002654,0.03980642184615135,0.24849699437618256,-0.004218779296875,-0.012656337890625,-0.02531267578125,-0.033750234375,0.0,0.00843755859375,0.0119355908203125,0.0198926513671875
3.528693285,0.0,0.006719517620178195,0.009878563566287024,0.2768092193663012,-0.0974766387238839,1.7824611318305084,-1.6410109226026284,3.6348925133734706,-6.14275611556412,0.0,0.0,0.0,0.0,0.0,0.0,0.0,0.0,-0.48791099462441245,0.6065490612885962,1.8507636694014398,-2.471748131235022,1.1191600746050625,-2.5475043625002654,0.03980642184615135,0.24849699437618256,0.0,-0.00843755859375,0.0,0.012656337890625,0.00843755859375,0.00843755859375,-0.007957060546875,0.0318282421875
3.5369371320000003,0.0,0.006719517620178195,0.009878563566287024,0.2768092193663012,-0.0974766387238839,1.7824611318305084,-1.6410109226026284,3.6348925133734706,-6.14275611556412,0.0,0.0,0.0,0.0,0.0,0.0,0.0,0.0,-0.48791099462441245,0.6065490612885962,1.8507636694014398,-2.471748131235022,1.1191600746050625,-2.5475043625002654,0.03980642184615135,0.24849699437618256,0.004218779296875,0.0,0.00843755859375,0.00843755859375,0.0506253515625,0.0168751171875,-0.007957060546875,-0.0596779541015625
3.545983993,0.0,0.006719517620178195,0.009878563566287024,0.2768092193663012,-0.0974766387238839,1.7824611318305084,-1.6410109226026284,3.6348925133734706,-6.14275611556412,0.0,0.0,0.0,0.0,0.0,0.0,0.008726646259971648,0.008726646259971648,-0.4873315033667449,0.6065768668553839,1.8512276245057908,-2.472262265999693,1.1198950669303684,-2.5483837694292815,0.039757367223501205,0.24872736632823944,0.0,-0.00843755859375,-0.00843755859375,0.021093896484375,-0.00843755859375,0.00843755859375,0.0,0.01591412109375
3.5546628520000003,0.0,0.006719517620178195,0.009878563566287024,0.2768092193663012,-0.0974766387238839,1.7824611318305084,-1.6410109226026284,3.6348925133734706,-6.14275611556412,0.0,0.0,0.0,0.0,0.0,0.0,0.0,0.0,-0.4873315033667449,0.6065768668553839,1.8512276245057908,-2.472262265999693,1.1198950669303684,-2.5483837694292815,0.03932103491050262,0.24829103401524086,0.0,-0.012656337890625,0.029531455078125,0.021093896484375,-0.04218779296875,-0.033750234375,-0.0039785302734375,-0.0517208935546875
3.563047436,0.0,0.006719517620178195,0.009878563566287024,0.2768092193663012,-0.0974766387238839,1.7824611318305084,-1.6410109226026284,3.6348925133734706,-6.14275611556412,0.0,0.0,0.0,0.0,0.0,0.0,0.0,0.0,-0.4873315033667449,0.6065768668553839,1.8512276245057908,-2.472262265999693,1.1198950669303684,-2.5483837694292815,0.039757367223501205,0.24872736632823944,0.0,-0.00843755859375,0.029531455078125,0.021093896484375,0.00843755859375,0.00843755859375,-0.0039785302734375,0.0278497119140625
3.571398932,0.0,0.006719517620178195,0.009878563566287024,0.2768092193663012,-0.0974766387238839,1.7824611318305084,-1.6410109226026284,3.6348925133734706,-6.14275611556412,0.0,0.0,0.0,0.0,0.0,0.0,0.0,0.0,-0.4873315033667449,0.6065768668553839,1.8512276245057908,-2.472262265999693,1.1198950669303684,-2.5483837694292815,0.039757367223501205,0.24872736632823944,0.0,-0.004218779296875,0.0,0.021093896484375,-0.05906291015625,-0.02531267578125,0.0119355908203125,0.0198926513671875
3.57971814,0.0,0.006719517620178195,0.009878563566287024,0.2768092193663012,-0.0974766387238839,1.7824611318305084,-1.6410109226026284,3.6348925133734706,-6.14275611556412,0.0,0.0,0.0,0.0,0.0,0.0,0.0,0.0,-0.48791099462441245,0.6065490612885962,1.8507636694014398,-2.471748131235022,1.1191600746050625,-2.5475043625002654,0.03980642184615135,0.24849699437618256,0.0,-0.00843755859375,-0.0168751171875,-0.037969013671875,-0.00843755859375,0.00843755859375,0.0,0.0358067724609375
3.587589599,0.0,0.006719517620178195,0.009878563566287024,0.2768092193663012,-0.0974766387238839,1.7824611318305084,-1.6410109226026284,3.6348925133734706,-6.14275611556412,0.0,0.0,0.0,0.0,0.0,0.0,0.0,0.0,-0.48791099462441245,0.6065490612885962,1.8507636694014398,-2.471748131235022,1.1191600746050625,-2.5475043625002654,0.03980642184615135,0.24849699437618256,0.004218779296875,-0.004218779296875,-0.012656337890625,0.012656337890625,-0.0506253515625,0.0168751171875,-0.0039785302734375,0.023871181640625
3.5990854420000002,0.0,0.006719517620178195,0.009878563566287024,0.2768092193663012,-0.0974766387238839,1.7824611318305084,-1.6410109226026284,3.6348925133734706,-6.14275611556412,0.0,0.0,0.0,0.0,0.0,0.0,0.0,0.0,-0.48791099462441245,0.6065490612885962,1.8507636694014398,-2.471748131235022,1.1191600746050625,-2.5475043625002654,0.03980642184615135,0.24849699437618256,0.0,-0.004218779296875,-0.012656337890625,0.012656337890625,0.0,0.00843755859375,0.0119355908203125,0.0278497119140625
3.6049350280000003,0.0,0.006719517620178195,0.009878563566287024,0.2768092193663012,-0.0974766387238839,1.7824611318305084,-1.6410109226026284,3.6348925133734706,-6.14275611556412,0.0,0.0,0.0,0.0,0.0,0.0,0.0,0.0,-0.48791099462441245,0.6065490612885962,1.8507636694014398,-2.471748131235022,1.1191600746050625,-2.5475043625002654,0.03980642184615135,0.24849699437618256,0.0,-0.0168751171875,0.033750234375,-0.033750234375,0.0,0.0,-0.007957060546875,0.023871181640625
3.613418621,0.0,0.006719517620178195,0.009878563566287024,0.2768092193663012,-0.09738937226128463,1.7824611318305084,-1.6410109226026284,3.6348925133734706,-6.14275611556412,0.0,0.0,0.0,0.0,0.0,0.0,0.0,0.0,-0.48791099462441245,0.6065490612885962,1.8507636694014398,-2.471748131235022,1.1191600746050625,-2.5475043625002654,0.03980642184615135,0.24849699437618256,-0.004218779296875,0.0168751171875,0.037969013671875,0.012656337890625,0.0,0.0168751171875,-0.0039785302734375,-0.04774236328125
3.6210245430000003,0.0,0.006719517620178195,0.009878563566287024,0.2768092193663012,-0.09738937226128463,1.7824611318305084,-1.6410109226026284,3.6348925133734706,-6.14275611556412,0.0,0.0,0.0,0.0,0.0,0.0,0.0,0.0,-0.48791099462441245,0.6065490612885962,1.8507636694014398,-2.4720099306228196,1.1191600746050625,-2.5475043625002654,0.03980642184615135,0.24849699437618256,0.004218779296875,-0.004218779296875,-0.00843755859375,0.012656337890625,-0.05906291015625,0.00843755859375,0.0119355908203125,0.0318282421875
3.6299789880000004,0.0,0.006719517620178195,0.009878563566287024,0.2768092193663012,-0.09738937226128463,1.7824611318305084,-1.6410109226026284,3.6348925133734706,-6.14275611556412,0.0,0.0,0.0,0.0,0.0,0.0,0.0,0.0,-0.4866017637007598,0.6062994370362769,1.8497556505501596,-2.472473930430654,1.1159046998754292,-2.549010780489996,0.039942819625139236,0.24882939457893372,0.0,0.02531267578125,0.0,0.004218779296875,0.0506253515625,0.0168751171875,0.0,0.0278497119140625
3.638276851,0.0,0.006719517620178195,0.009878563566287024,0.2768092193663012,-0.09738937226128463,1.7824611318305084,-1.6410109226026284,3.6348925133734706,-6.14275611556412,0.0,0.0,0.0,0.0,0.0,0.0,0.0,0.0,-0.4866017637007598,0.6062994370362769,1.8497556505501596,-2.472473930430654,1.1159046998754292,-2.549010780489996,0.039942819625139236,0.24882939457893372,0.0,-0.012656337890625,-0.004218779296875,-0.037969013671875,0.0506253515625,0.00843755859375,-0.007957060546875,0.0278497119140625
3.6475470750000003,0.0,0.006719517620178195,0.009878563566287024,0.2768092193663012,-0.09738937226128463,1.7824611318305084,-1.6410109226026284,3.6348925133734706,-6.14275611556412,0.0,0.0,0.0,0.0,0.0,0.0,0.0,0.0,-0.48779838654927055,0.606378472795249,1.8509012667239038,-2.471963640165571,1.119231801344469,-2.547538784182623,0.03980107232928276,0.2484932243824005,-0.00843755859375,-0.00843755859375,0.037969013671875,-0.02531267578125,0.0,0.0,0.0119355908203125,0.0278497119140625
3.6554507270000003,0.0,0.006719517620178195,0.009878563566287024,0.2768092193663012,-0.09738937226128463,1.7824611318305084,-1.6410109226026284,3.6348925133734706,-6.14275611556412,0.0,0.0,0.0,0.0,0.0,0.0,0.0,0.006981317007977318,-0.48779838654927055,0.606378472795249,1.8509012667239038,-2.471963640165571,1.119231801344469,-2.547538784182623,0.03980107232928276,0.2484932243824005,0.004218779296875,0.0,-0.00843755859375,0.0,0.00843755859375,0.0,0.0,0.0318282421875
3.6635078840000004,0.0,0.006719517620178195,0.009878563566287024,0.2768092193663012,-0.09738937226128463,1.7824611318305084,-1.6410109226026284,3.6348925133734706,-6.14275611556412,0.0,0.0,0.0,0.0,0.0,0.0,0.0,0.0,-0.4876364705317382,0.6064304182431708,1.8509988097250787,-2.471624027800802,1.1192549130454807,-2.547362831271246,0.03978539630770683,0.24812925737080782,0.004218779296875,-0.012656337890625,-0.021093896484375,-0.037969013671875,0.04218779296875,0.00843755859375,0.0,0.023871181640625
3.673048318,0.0,0.006719517620178195,0.009878563566287024,0.2768092193663012,-0.09738937226128463,1.7824611318305084,-1.6410109226026284,3.6348925133734706,-6.14275611556412,0.0,0.0,0.0,0.0,0.0,0.0,0.0,0.0,-0.4876364705317382,0.6064304182431708,1.8509988097250787,-2.471624027800802,1.1192549130454807,-2.547362831271246,0.03978539630770683,0.24847832322120667,0.0,-0.004218779296875,0.033750234375,0.012656337890625,0.00843755859375,0.00843755859375,-0.0039785302734375,0.01591412109375
3.681713128,0.0,0.006719517620178195,0.009878563566287024,0.2768092193663012,-0.09738937226128463,1.7824611318305084,-1.6410109226026284,3.6348925133734706,-6.14275611556412,0.0,0.0,0.0,0.0,0.0,0.0,0.0,0.0,-0.48779838654927055,0.606378472795249,1.8509012667239038,-2.471963640165571,1.119231801344469,-2.547538784182623,0.03980107232928276,0.2484932243824005,0.0,-0.012656337890625,-0.012656337890625,0.00843755859375,0.00843755859375,-0.033750234375,0.0,0.023871181640625
3.689559372,0.0,0.006719517620178195,0.009878563566287024,0.2768092193663012,-0.09738937226128463,1.7824611318305084,-1.6410109226026284,3.6348925133734706,-6.14275611556412,0.0,0.0,0.0,0.0,0.0,0.0,0.0,0.0,-0.48779838654927055,0.606378472795249,1.8509012667239038,-2.471963640165571,1.119231801344469,-2.547538784182623,0.03980107232928276,0.2484932243824005,0.0,-0.012656337890625,-0.0168751171875,0.021093896484375,0.00843755859375,-0.033750234375,0.0,0.0119355908203125
3.6995223060000004,0.0,0.006719517620178195,0.009878563566287024,0.2768092193663012,-0.09738937226128463,1.7824611318305084,-1.6410109226026284,3.6348925133734706,-6.14275611556412,0.0,0.0,0.0,0.0,0.0,0.0,0.0,0.0,-0.48779838654927055,0.606378472795249,1.8509012667239038,-2.471963640165571,1.119231801344469,-2.547538784182623,0.03980107232928276,0.2484932243824005,0.0,0.0,-0.021093896484375,0.012656337890625,-0.00843755859375,-0.02531267578125,0.0,-0.0039785302734375
3.7067291200000003,0.0,0.006719517620178195,0.009878563566287024,0.2768092193663012,-0.09738937226128463,1.7824611318305084,-1.6410109226026284,3.6348925133734706,-6.14275611556412,0.0,0.0,0.0,0.0,0.0,0.0,0.0,0.0,-0.48779838654927055,0.606378472795249,1.8509012667239038,-2.471963640165571,1.119231801344469,-2.547538784182623,0.03980107232928276,0.2484932243824005,0.0,-0.012656337890625,-0.012656337890625,0.0168751171875,0.00843755859375,-0.033750234375,-0.007957060546875,0.0278497119140625
3.7179107200000003,0.0,0.006719517620178195,0.009878563566287024,0.2768092193663012,-0.09738937226128463,1.7824611318305084,-1.6410109226026284,3.6348925133734706,-6.14275611556412,0.0,0.0,0.0,0.0,0.0,0.0,0.0,0.0,-0.48779838654927055,0.606378472795249,1.8509012667239038,-2.471963640165571,1.119231801344469,-2.547538784182623,0.03980107232928276,0.2484932243824005,0.0,-0.012656337890625,-0.00843755859375,-0.033750234375,0.0506253515625,-0.033750234375,-0.0039785302734375,-0.055699423828125
3.7267129390000004,0.0,0.006719517620178195,0.009878563566287024,0.2768092193663012,-0.09738937226128463,1.7824611318305084,-1.6410109226026284,3.6348925133734706,-6.14275611556412,0.0,0.0,0.0,0.0,0.0,0.0,0.0,0.0,-0.48779838654927055,0.606378472795249,1.8509012667239038,-2.471963640165571,1.119231801344469,-2.547538784182623,0.03980107232928276,0.2484932243824005,0.0,-0.004218779296875,-0.012656337890625,0.0168751171875,-0.0506253515625,-0.033750234375,-0.007957060546875,0.0318282421875
3.7357381050000003,0.0,0.006719517620178195,0.009878563566287024,0.2768092193663012,-0.09738937226128463,1.7824611318305084,-1.6410109226026284,3.6348925133734706,-6.14275611556412,0.0,0.0,0.0,0.0,0.0,0.0,0.0,0.0,-0.48779838654927055,0.606378472795249,1.8509012667239038,-2.471963640165571,1.119231801344469,-2.547538784182623,0.03980107232928276,0.2484932243824005,0.0,-0.012656337890625,0.0,-0.037969013671875,0.00843755859375,0.00843755859375,0.0,0.007957060546875
3.744442852,0.0,0.006719517620178195,0.009878563566287024,0.2768092193663012,-0.09738937226128463,1.7824611318305084,-1.6410109226026284,3.6348925133734706,-6.14275611556412,0.0,0.0,0.0,0.0,0.0,0.0,0.0,0.0,-0.48779838654927055,0.606378472795249,1.8509012667239038,-2.471963640165571,1.119231801344469,-2.547538784182623,0.03980107232928276,0.2484932243824005,-0.004218779296875,0.0168751171875,0.037969013671875,0.004218779296875,0.00843755859375,0.0,-0.007957060546875,-0.04774236328125
3.753448881,0.0,0.006719517620178195,0.009878563566287024,0.2768092193663012,-0.09738937226128463,1.7824611318305084,-1.6410109226026284,3.6348925133734706,-6.14275611556412,0.0,0.0,0.0,0.0,0.0,0.0,0.0,0.0,-0.48779838654927055,0.606378472795249,1.8509012667239038,-2.471963640165571,1.119231801344469,-2.547538784182623,0.03980107232928276,0.2484932243824005,0.0,0.0,-0.0168751171875,-0.029531455078125,0.033750234375,0.00843755859375,0.0119355908203125,0.023871181640625
3.7617170800000004,0.0,0.006719517620178195,0.009878563566287024,0.2768092193663012,-0.09738937226128463,1.7824611318305084,-1.6410109226026284,3.6348925133734706,-6.14275611556412,0.0,0.0,0.0,0.0,0.0,0.0,0.0,0.0,-0.48779838654927055,0.606378472795249,1.8509012667239038,-2.471963640165571,1.119231801344469,-2.547538784182623,0.03980107232928276,0.2484932243824005,-0.004218779296875,-0.004218779296875,0.029531455078125,-0.037969013671875,0.00843755859375,0.0,0.0,0.023871181640625
3.7701827210000003,0.0,0.006719517620178195,0.009878563566287024,0.2768092193663012,-0.09738937226128463,1.7824611318305084,-1.6410109226026284,3.6348925133734706,-6.14275611556412,0.0,0.0,0.0,0.0,0.0,0.0,0.0,0.0,-0.48912786815098563,0.6041993567845831,1.850293388754162,-2.4731816536309754,1.1159959843889027,-2.549658176339224,0.03985238075256348,0.24866804480552673,0.0,-0.00843755859375,-0.00843755859375,-0.029531455078125,-0.05906291015625,-0.033750234375,-0.007957060546875,0.023871181640625
3.7785178010000005,0.0,0.006719517620178195,0.009878563566287024,0.2768092193663012,-0.09738937226128463,1.7824611318305084,-1.6410109226026284,3.6348925133734706,-6.14275611556412,0.0,0.0,0.0,0.0,0.0,0.0,0.0,0.0,-0.48912786815098563,0.6041993567845831,1.850293388754162,-2.4731816536309754,1.1159959843889027,-2.549658176339224,0.03985238075256348,0.24866804480552673,0.0,-0.00843755859375,-0.02531267578125,0.021093896484375,0.0,0.0168751171875,-0.0039785302734375,-0.055699423828125
3.7871955710000003,0.0,0.006719517620178195,0.009878563566287024,0.2768092193663012,-0.09738937226128463,1.7824611318305084,-1.6410109226026284,3.6348925133734706,-6.14275611556412,0.0,0.0,0.0,0.0,0.0,0.0,0.0,0.0,-0.48721880588463584,0.6064064571759711,1.8513652218282548,-2.472478221965078,1.1199663019314556,-2.5484188169604094,0.039752088487148285,0.24872371554374695,0.0,-0.004218779296875,-0.021093896484375,0.021093896484375,-0.06750046875,0.0,-0.007957060546875,0.0198926513671875
3.7988722800000003,0.0,0.006719517620178195,0.009878563566287024,0.2768092193663012,-0.09738937226128463,1.7824611318305084,-1.6410109226026284,3.6348925133734706,-6.14275611556412,0.0,0.0,0.0,0.0,0.0,0.0,0.0,0.0,-0.48721880588463584,0.6064064571759711,1.8513652218282548,-2.472478221965078,1.1199663019314556,-2.5484188169604094,0.039752088487148285,0.24872371554374695,0.0,-0.00843755859375,-0.021093896484375,0.021093896484375,-0.05906291015625,0.0168751171875,0.0,0.0
3.8054924010000004,0.0,0.006719517620178195,0.009878563566287024,0.2768092193663012,-0.09738937226128463,1.7824611318305084,-1.6410109226026284,3.6348925133734706,-6.14275611556412,0.0,0.0,0.0,0.0,0.0,0.0,-0.0017453292519943296,0.0,-0.48721880588463584,0.6064064571759711,1.8513652218282548,-2.472478221965078,1.1199663019314556,-2.5484188169604094,0.039752088487148285,0.24872371554374695,-0.00843755859375,0.0,0.029531455078125,0.00843755859375,0.00843755859375,0.0168751171875,0.0119355908203125,0.0119355908203125
3.8143869730000004,0.0,0.006719517620178195,0.009878563566287024,0.2768092193663012,-0.09738937226128463,1.7824611318305084,-1.6410109226026284,3.6348925133734706,-6.14275611556412,0.0,0.0,0.0,0.0,0.0,0.0,0.0,0.0,-0.48721880588463584,0.6064064571759711,1.8513652218282548,-2.472478221965078,1.1199663019314556,-2.5484188169604094,0.039839354949748,0.24872371554374695,0.0,-0.00843755859375,-0.00843755859375,-0.033750234375,-0.05906291015625,0.00843755859375,-0.0039785302734375,-0.071613544921875
3.8230248070000004,0.0,0.006719517620178195,0.009878563566287024,0.2768092193663012,-0.09738937226128463,1.7824611318305084,-1.6410109226026284,3.6348925133734706,-6.14275611556412,0.0,0.0,0.0,0.0,0.0,0.0,0.0,0.0,-0.4896605995648269,0.60644588564849,1.85300150343779,-2.471943992984537,1.1251606455579548,-2.545647826827124,0.03956424817442894,0.24826833605766296,0.0,0.02531267578125,0.037969013671875,0.004218779296875,0.0168751171875,0.0168751171875,0.0,0.01591412109375
3.8313820950000004,0.0,0.006719517620178195,0.009878563566287024,0.2768092193663012,-0.09738937226128463,1.7824611318305084,-1.6410109226026284,3.6348925133734706,-6.14275611556412,0.0,0.0,0.0,0.0,0.0,0.0,0.0,-0.003490658503988659,-0.4896605995648269,0.60644588564849,1.85300150343779,-2.471943992984537,1.1251606455579548,-2.545647826827124,0.03956424817442894,0.24826833605766296,0.004218779296875,-0.012656337890625,-0.0168751171875,-0.029531455078125,0.0,0.00843755859375,0.0,0.01591412109375
3.8403028760000004,0.0,0.006719517620178195,0.009878563566287024,0.2768092193663012,-0.09738937226128463,1.7824611318305084,-1.6410109226026284,3.6348925133734706,-6.14275611556412,0.0,0.0,0.0,0.0,0.0,0.0,0.0,0.0,-0.4919597891323928,0.60472828840232,1.8550136966407624,-2.473084781182054,1.1256826257839947,-2.5447271138792784,0.039637818932533264,0.24842024902017013,-0.004218779296875,-0.0168751171875,-0.0168751171875,-0.033750234375,0.0,0.0168751171875,-0.0039785302734375,0.0278497119140625
3.8482825920000003,0.0,0.006719517620178195,0.009878563566287024,0.2768092193663012,-0.09738937226128463,1.7824611318305084,-1.6410109226026284,3.6348925133734706,-6.14275611556412,0.0,0.0,0.0,0.0,0.0,0.0,0.0,0.0,-0.4919597891323928,0.60472828840232,1.8550136966407624,-2.473084781182054,1.1256826257839947,-2.5447271138792784,0.039637818932533264,0.2482457160949707,0.004218779296875,0.0,-0.00843755859375,-0.033750234375,0.02531267578125,0.00843755859375,-0.0039785302734375,0.01591412109375
3.856361638,0.0,0.006719517620178195,0.009878563566287024,0.2768092193663012,-0.09738937226128463,1.7824611318305084,-1.6410109226026284,3.6348925133734706,-6.14275611556412,0.0,0.0,0.0,0.0,0.0,0.0,0.0,0.0,-0.4923950222485427,0.6056637534997473,1.8548511100709764,-2.471495080602411,1.1277434116736202,-2.5427359313135893,0.039544906467199326,0.24773472547531128,0.0,-0.012656337890625,-0.02531267578125,0.02531267578125,-0.00843755859375,0.0,-0.0039785302734375,-0.06763501464843749
3.8649050710000004,0.0,0.006719517620178195,0.009878563566287024,0.2768092193663012,-0.09738937226128463,1.7824611318305084,-1.6410109226026284,3.6348925133734706,-6.14275611556412,0.0,0.0,0.0,0.0,0.0,0.0,0.0,0.0,-0.4923950222485427,0.6056637534997473,1.8548511100709764,-2.471495080602411,1.1277434116736202,-2.5427359313135893,0.039544906467199326,0.24773472547531128,0.004218779296875,-0.00843755859375,0.0,0.00843755859375,-0.05906291015625,0.0168751171875,0.0119355908203125,-0.0517208935546875
3.8738707480000003,0.0,0.006719517620178195,0.009878563566287024,0.2768092193663012,-0.09738937226128463,1.7824611318305084,-1.6410109226026284,3.6348925133734706,-6.14275611556412,0.0,0.0,0.0,0.0,0.0,0.0,0.0,0.0,-0.4926125046961669,0.6051260599992285,1.8540828583538858,-2.4716884008171593,1.1244420370593815,-2.542684164679602,0.03973311558365822,0.24778002500534058,-0.004218779296875,-0.012656337890625,-0.00843755859375,-0.033750234375,-0.06750046875,0.00843755859375,-0.0039785302734375,0.0278497119140625
3.882838505,0.0,0.006719517620178195,0.009878563566287024,0.2768092193663012,-0.09738937226128463,1.7824611318305084,-1.6410109226026284,3.6348925133734706,-6.14275611556412,0.0,0.0,0.0,0.0,0.0,0.0,0.0,0.0,-0.4926125046961669,0.6051260599992285,1.8540828583538858,-2.4716884008171593,1.1244420370593815,-2.542684164679602,0.03973311558365822,0.24778002500534058,-0.004218779296875,0.021093896484375,0.0,0.004218779296875,-0.05906291015625,-0.02531267578125,0.007957060546875,-0.0517208935546875
3.891243794,0.0,0.006719517620178195,0.009878563566287024,0.2768092193663012,-0.09738937226128463,1.7824611318305084,-1.6410109226026284,3.6348925133734706,-6.14275611556412,0.0,0.0,0.0,0.0,0.0,0.0,0.0,0.0,-0.4898308304303054,0.606096662034751,1.850061131805214,-2.4712420812370812,1.1180482766166477,-2.545107898152426,0.039924368262290955,0.24807465076446533,0.004218779296875,0.02531267578125,-0.0168751171875,0.00843755859375,-0.0506253515625,-0.04218779296875,0.0,0.023871181640625
3.899528537,0.0,0.006719517620178195,0.009878563566287024,0.2768092193663012,-0.09738937226128463,1.7824611318305084,-1.6410109226026284,3.6348925133734706,-6.14275611556412,0.0,0.0,0.0,0.0,0.0,0.0,0.0,0.0,-0.4898308304303054,0.606096662034751,1.850061131805214,-2.4712420812370812,1.1180482766166477,-2.545107898152426,0.039924368262290955,0.24807465076446533,0.0,-0.00843755859375,0.029531455078125,0.004218779296875,0.04218779296875,0.00843755859375,0.0,-0.0517208935546875
3.9082792360000003,0.0,0.006719517620178195,0.009878563566287024,0.2768092193663012,-0.09738937226128463,1.7824611318305084,-1.6410109226026284,3.6348925133734706,-6.14275611556412,0.0,0.0,0.0,0.0,0.0,0.0,0.0,0.0,-0.4888891068451766,0.6078176567456732,1.8512187955677835,-2.4697793609025513,1.122215557707861,-2.5433801085119994,0.03977254033088684,0.24767732620239258,0.004218779296875,0.0,-0.00843755859375,0.004218779296875,0.033750234375,-0.033750234375,0.0119355908203125,0.0278497119140625
3.917842358,0.0,0.006719517620178195,0.009878563566287024,0.2768092193663012,-0.09738937226128463,1.7824611318305084,-1.6410109226026284,3.6348925133734706,-6.14275611556412,0.0,0.0,0.0,0.0,0.0,0.0,0.0,0.0,-0.4888891068451766,0.6078176567456732,1.8512187955677835,-2.4697793609025513,1.122215557707861,-2.5433801085119994,0.03977254033088684,0.24767732620239258,0.004218779296875,0.021093896484375,-0.0168751171875,0.00843755859375,0.0,0.0168751171875,0.007957060546875,0.0278497119140625
3.9263590400000004,0.0,0.006719517620178195,0.009878563566287024,0.2768092193663012,-0.09738937226128463,1.7824611318305084,-1.6410109226026284,3.6348925133734706,-6.14275611556412,0.0,0.0,0.0,0.0,0.0,0.0,0.0,0.0,-0.4895361003630523,0.6062878141305457,1.8495130447447625,-2.4704149550321137,1.1170291265979557,-2.544899490511969,0.039950814098119736,0.24780143797397614,0.004218779296875,-0.012656337890625,-0.0168751171875,0.021093896484375,0.0,0.0168751171875,0.0,-0.04774236328125
3.9348124240000004,0.0,0.006719517620178195,0.009878563566287024,0.2768092193663012,-0.09738937226128463,1.7824611318305084,-1.6410109226026284,3.6348925133734706,-6.14275611556412,0.0,0.0,0.0,0.0,0.0,0.0,0.0,0.0,-0.4895361003630523,0.6062878141305457,1.8495130447447625,-2.4704149550321137,1.1170291265979557,-2.544899490511969,0.039950814098119736,0.24780143797397614,-0.004218779296875,-0.004218779296875,0.02531267578125,-0.029531455078125,-0.04218779296875,0.0,0.0,0.01591412109375
3.944033976,0.0,0.006719517620178195,0.009878563566287024,0.2768092193663012,-0.09738937226128463,1.7824611318305084,-1.6410109226026284,3.6348925133734706,-6.14275611556412,0.0,0.0,0.0,0.0,0.0,0.0,0.0,0.0,-0.4895361003630523,0.6062878141305457,1.8495130447447625,-2.4704149550321137,1.1170291265979557,-2.544899490511969,0.039950814098119736,0.24780143797397614,-0.00843755859375,-0.004218779296875,0.02531267578125,0.012656337890625,0.04218779296875,0.0168751171875,-0.0039785302734375,0.0198926513671875
3.952468032,0.0,0.006719517620178195,0.009878563566287024,0.2768092193663012,-0.09738937226128463,1.7824611318305084,-1.6410109226026284,3.6348925133734706,-6.14275611556412,0.0,0.0,0.0,0.0,0.0,0.0,0.0,0.0,-0.4895361003630523,0.6062878141305457,1.8495130447447625,-2.4704149550321137,1.1170291265979557,-2.544899490511969,0.039950814098119736,0.24780143797397614,0.0,-0.012656337890625,-0.012656337890625,0.012656337890625,0.0,0.00843755859375,-0.007957060546875,0.0278497119140625
3.9609657690000004,0.0,0.006719517620178195,0.009878563566287024,0.2768092193663012,-0.09738937226128463,1.7824611318305084,-1.6410109226026284,3.6348925133734706,-6.14275611556412,0.0,0.0,0.0,0.0,0.0,0.0,0.0,0.0,-0.48715680215290824,0.6073366472623358,1.8478225825131265,-2.4703559911372697,1.1141148617997914,-2.5462030440932066,0.04007673263549805,0.24813678860664368,0.004218779296875,-0.00843755859375,-0.012656337890625,0.00843755859375,0.0506253515625,0.0,0.0119355908203125,-0.071613544921875
3.969189264,0.0,0.006719517620178195,0.009878563566287024,0.2768092193663012,-0.09738937226128463,1.7824611318305084,-1.6410109226026284,3.6348925133734706,-6.14275611556412,0.0,0.0,0.0,0.0,0.0,0.0,0.0,0.0,-0.48715680215290824,0.6073366472623358,1.8478225825131265,-2.4703559911372697,1.1141148617997914,-2.5462030440932066,0.04007673263549805,0.24813678860664368,0.004218779296875,-0.00843755859375,-0.021093896484375,-0.029531455078125,0.02531267578125,0.00843755859375,0.0119355908203125,0.023871181640625
3.9774592550000003,0.0,0.006719517620178195,0.009878563566287024,0.2768092193663012,-0.09738937226128463,1.7824611318305084,-1.6410109226026284,3.6348925133734706,-6.14275611556412,0.0,0.0,0.0,0.0,0.0,0.0,0.0,0.0,-0.4860899535172347,0.6078392932317267,1.8468492759168473,-2.470221768927816,1.1129139697685986,-2.5469534367686064,0.04010424762964249,0.24825426936149597,0.0,0.029531455078125,-0.012656337890625,0.00843755859375,-0.06750046875,0.0168751171875,-0.0039785302734375,0.023871181640625
3.985408763,0.0,0.006719517620178195,0.009878563566287024,0.2768092193663012,-0.09738937226128463,1.7824611318305084,-1.6410109226026284,3.6348925133734706,-6.14275611556412,0.0,0.0,0.0,0.0,0.0,0.0,0.0,0.0,-0.4860899535172347,0.6078392932317267,1.8468492759168473,-2.470221768927816,1.1129139697685986,-2.5469534367686064,0.04010424762964249,0.24825426936149597,0.0,0.02531267578125,0.033750234375,0.004218779296875,0.0,0.00843755859375,0.0,-0.071613544921875
3.9948629880000004,0.0,0.006719517620178195,0.009878563566287024,0.2768092193663012,-0.09738937226128463,1.7824611318305084,-1.6410109226026284,3.6348925133734706,-6.14275611556412,0.0,0.0,0.0,0.0,0.0,0.0,0.0,0.0,-0.486450576519287,0.6077271768949042,1.8471301926076737,-2.470191549372915,1.1134924328461437,-2.5466924578314574,0.04007957503199577,0.24819134175777435,0.0,-0.012656337890625,-0.012656337890625,0.004218779296875,-0.0506253515625,0.00843755859375,-0.0039785302734375,-0.0517208935546875
4.003786457,0.0,0.006719517620178195,0.009878563566287024,0.2768092193663012,-0.09738937226128463,1.7824611318305084,-1.6410109226026284,3.6348925133734706,-6.14275611556412,0.0,0.0,0.0,0.0,0.0,0.0,0.0,0.0,-0.486450576519287,0.6077271768949042,1.8471301926076737,-2.470191549372915,1.1134924328461437,-2.5466924578314574,0.04007957503199577,0.24819134175777435,0.004218779296875,-0.012656337890625,-0.021093896484375,-0.037969013671875,0.00843755859375,0.00843755859375,0.0,0.0278497119140625
4.013450092,0.0,0.006719517620178195,0.009878563566287024,0.2768092193663012,-0.09738937226128463,1.7824611318305084,-1.6410109226026284,3.6348925133734706,-6.14275611556412,0.0,0.0,0.0,0.0,0.0,0.0,0.0,0.0,-0.484763422345436,0.6117342183492194,1.8490254414975968,-2.4682316145422494,1.122216630591467,-2.543337819016531,0.03979964554309845,0.24781619012355804,-0.00843755859375,-0.012656337890625,-0.00843755859375,0.021093896484375,0.02531267578125,0.00843755859375,0.0,0.023871181640625
4.022058326000001,0.0,0.006719517620178195,0.009878563566287024,0.2768092193663012,-0.09738937226128463,1.7824611318305084,-1.6410109226026284,3.6348925133734706,-6.14275611556412,0.0,0.0,0.0,0.0,0.0,0.0,0.0,0.0,-0.484763422345436,0.6117342183492194,1.8490254414975968,-2.4682316145422494,1.122216630591467,-2.543337819016531,0.03979964554309845,0.24781619012355804,0.0,-0.00843755859375,-0.0168751171875,0.004218779296875,0.00843755859375,0.0168751171875,0.007957060546875,0.023871181640625
4.031173733,0.0,0.006719517620178195,0.009878563566287024,0.2768092193663012,-0.09738937226128463,1.7824611318305084,-1.6410109226026284,3.6348925133734706,-6.14275611556412,0.0,0.0,0.0,0.0,0.0,0.0,0.0,0.0,-0.4891862956040267,0.6065469155213843,1.849901093333992,-2.471033383023981,1.117677125944212,-2.5457572609549315,0.03992021083831787,0.24805420637130737,-0.004218779296875,0.0,-0.00843755859375,0.012656337890625,-0.06750046875,0.0168751171875,-0.007957060546875,0.023871181640625
4.039753454,0.0,0.006719517620178195,0.009878563566287024,0.2768092193663012,-0.09738937226128463,1.7824611318305084,-1.6410109226026284,3.6348925133734706,-6.14275611556412,0.0,0.0,0.0,0.0,0.0,0.0,0.0,0.0,-0.4891862956040267,0.6065469155213843,1.849901093333992,-2.471033383023981,1.117677125944212,-2.5457572609549315,0.03992021083831787,0.24805420637130737,-0.00843755859375,0.02531267578125,0.033750234375,0.00843755859375,0.02531267578125,0.0168751171875,0.0,-0.055699423828125
4.049751972,0.0,0.006719517620178195,0.009878563566287024,0.2768092193663012,-0.09738937226128463,1.7824611318305084,-1.6410109226026284,3.6348925133734706,-6.14275611556412,0.0,0.0,0.0,0.0,0.0,0.0,0.0,0.0,-0.4891862956040267,0.6065469155213843,1.849901093333992,-2.471033383023981,1.117677125944212,-2.5457572609549315,0.03992021083831787,0.24805420637130737,0.0,-0.0168751171875,-0.02531267578125,-0.033750234375,-0.00843755859375,0.02531267578125,0.0119355908203125,0.0119355908203125
4.059349399,0.0,0.006719517620178195,0.009878563566287024,0.2768092193663012,-0.09738937226128463,1.7824611318305084,-1.6410109226026284,3.6348925133734706,-6.14275611556412,0.0,0.0,0.0,0.0,0.0,0.0,0.0,0.0,-0.4891862956040267,0.6065469155213843,1.849901093333992,-2.471033383023981,1.117677125944212,-2.5457572609549315,0.03992021083831787,0.24805420637130737,0.0,-0.012656337890625,0.029531455078125,-0.037969013671875,0.0,0.0168751171875,0.0119355908203125,0.01591412109375
4.068512102000001,0.0,0.006719517620178195,0.009878563566287024,0.2768092193663012,-0.09738937226128463,1.7824611318305084,-1.6410109226026284,3.6348925133734706,-6.14275611556412,0.0,0.0,0.0,0.0,0.0,0.0,0.0,0.0,-0.4883129236452941,0.6067686447999487,1.8498171848953096,-2.4707255324842965,1.1173926106229572,-2.546430137789801,0.039896611124277115,0.2480112761259079,0.0,0.02531267578125,-0.00843755859375,0.004218779296875,-0.0506253515625,0.0,-0.007957060546875,-0.0517208935546875
4.078867615,0.0,0.006719517620178195,0.009878563566287024,0.2768092193663012,-0.09738937226128463,1.7824611318305084,-1.6410109226026284,3.6348925133734706,-6.14275611556412,0.0,0.0,0.0,0.0,0.0,0.0,0.0,0.0,-0.4883129236452941,0.6067686447999487,1.8498171848953096,-2.4707255324842965,1.1173926106229572,-2.546430137789801,0.039896611124277115,0.2480112761259079,0.0,0.0,-0.012656337890625,0.00843755859375,0.033750234375,0.02531267578125,-0.007957060546875,0.0278497119140625
4.0880824780000005,0.0,0.006719517620178195,0.009878563566287024,0.2768092193663012,-0.09738937226128463,1.7824611318305084,-1.6410109226026284,3.6348925133734706,-6.14275611556412,0.0,0.0,0.0,0.0,0.0,0.0,0.0,0.0,-0.4883129236452941,0.6067686447999487,1.8498171848953096,-2.4707255324842965,1.1173926106229572,-2.546430137789801,0.039896611124277115,0.2480112761259079,0.0,0.0,0.033750234375,0.012656337890625,0.033750234375,-0.02531267578125,-0.0039785302734375,0.0039785302734375
4.099608305,0.0,0.006719517620178195,0.009878563566287024,0.2768092193663012,-0.09738937226128463,1.7824611318305084,-1.6410109226026284,3.6348925133734706,-6.14275611556412,0.0,0.0,0.0,0.0,0.0,0.0,0.0,0.0,-0.4883129236452941,0.6067686447999487,1.8498171848953096,-2.4707255324842965,1.1173926106229572,-2.546430137789801,0.039896611124277115,0.2480112761259079,0.0,-0.00843755859375,-0.012656337890625,0.021093896484375,0.02531267578125,0.0,-0.007957060546875,0.0198926513671875
4.106594573000001,0.0,0.006719517620178195,0.009878563566287024,0.2768092193663012,-0.09738937226128463,1.7824611318305084,-1.6410109226026284,3.6348925133734706,-6.14275611556412,0.0,0.0,0.0,0.0,0.0,0.0,0.0,0.0,-0.4883129236452941,0.6067686447999487,1.8498171848953096,-2.4707255324842965,1.1173926106229572,-2.546430137789801,0.039896611124277115,0.2480112761259079,0.0,0.0,-0.00843755859375,0.00843755859375,-0.00843755859375,0.0168751171875,0.0,0.0198926513671875
4.114985717000001,0.0,0.006719517620178195,0.009878563566287024,0.2768092193663012,-0.09738937226128463,1.7824611318305084,-1.6410109226026284,3.6348925133734706,-6.14275611556412,0.0,0.0,0.0,0.0,0.0,0.0,0.0,0.0,-0.4883129236452941,0.6067686447999487,1.8498171848953096,-2.4707255324842965,1.1173926106229572,-2.546430137789801,0.039896611124277115,0.2480112761259079,-0.00843755859375,0.02531267578125,-0.00843755859375,0.00843755859375,0.0506253515625,0.00843755859375,0.0,0.0358067724609375
4.124534919,0.0,0.006719517620178195,0.009878563566287024,0.2768092193663012,-0.09738937226128463,1.7824611318305084,-1.6410109226026284,3.6348925133734706,-6.14275611556412,0.0,0.0,0.0,0.0,0.0,0.0,0.0,0.0,-0.4883129236452941,0.6067686447999487,1.8498171848953096,-2.4707255324842965,1.1173926106229572,-2.546430137789801,0.039896611124277115,0.2480112761259079,0.0,0.0,0.0,0.012656337890625,0.0,0.00843755859375,-0.0039785302734375,0.0039785302734375
4.132960016,0.0,0.006719517620178195,0.009878563566287024,0.2768092193663012,-0.09738937226128463,1.7824611318305084,-1.6410109226026284,3.6348925133734706,-6.14275611556412,0.0,0.0,0.0,0.0,0.0,0.0,0.0,0.0,-0.4883129236452941,0.6067686447999487,1.8498171848953096,-2.4707255324842965,1.1173926106229572,-2.546430137789801,0.039896611124277115,0.2480112761259079,-0.004218779296875,0.02531267578125,0.02531267578125,0.012656337890625,-0.05906291015625,0.0,0.0,-0.071613544921875
4.142201023,0.0,0.006719517620178195,0.009878563566287024,0.2768092193663012,-0.09738937226128463,1.7824611318305084,-1.6410109226026284,3.6348925133734706,-6.14275611556412,0.0,0.0,0.0,0.0,0.0,0.0,0.0,0.0,-0.4883129236452941,0.6067686447999487,1.8498171848953096,-2.4707255324842965,1.1173926106229572,-2.546430137789801,0.039896611124277115,0.2480112761259079,-0.004218779296875,0.021093896484375,-0.00843755859375,0.00843755859375,0.0,0.02531267578125,0.007957060546875,0.0119355908203125
4.1504528380000005,0.0,0.006719517620178195,0.009878563566287024,0.2768092193663012,-0.09738937226128463,1.7824611318305084,-1.6410109226026284,3.6348925133734706,-6.14275611556412,0.0,0.0,0.0,0.0,0.0,0.0,0.0,0.0,-0.4883129236452941,0.6067686447999487,1.8498171848953096,-2.4707255324842965,1.1173926106229572,-2.546430137789801,0.039896611124277115,0.2480112761259079,-0.00843755859375,-0.012656337890625,-0.00843755859375,-0.029531455078125,0.0506253515625,0.0168751171875,-0.0039785302734375,0.0198926513671875
4.159423283000001,0.0,0.006719517620178195,0.009878563566287024,0.2768092193663012,-0.09738937226128463,1.7824611318305084,-1.6410109226026284,3.6348925133734706,-6.14275611556412,0.0,0.0,0.0,0.0,0.0,0.0,0.0,0.0,-0.4883129236452941,0.6067686447999487,1.8498171848953096,-2.4707255324842965,1.1173926106229572,-2.546430137789801,0.039896611124277115,0.2480112761259079,0.0,-0.012656337890625,-0.021093896484375,-0.033750234375,-0.0506253515625,0.00843755859375,-0.007957060546875,-0.0755920751953125
4.168011933,0.0,0.006719517620178195,0.009878563566287024,0.2768092193663012,-0.09738937226128463,1.7824611318305084,-1.6410109226026284,3.6348925133734706,-6.14275611556412,0.0,0.0,0.0,0.0,0.0,0.0,0.0,0.0,-0.4883129236452941,0.6067686447999487,1.8498171848953096,-2.4707255324842965,1.1173926106229572,-2.546430137789801,0.039896611124277115,0.2480112761259079,0.0,-0.012656337890625,-0.021093896484375,0.00843755859375,-0.05906291015625,0.00843755859375,0.0,0.0039785302734375
4.176628359,0.0,0.006719517620178195,0.009878563566287024,0.2768092193663012,-0.09738937226128463,1.7824611318305084,-1.6410109226026284,3.6348925133734706,-6.14275611556412,0.0,0.0,0.0,0.0,0.0,0.0,0.0,0.0,-0.4891862956040267,0.6065469155213843,1.849901093333992,-2.471033383023981,1.117677125944212,-2.5457572609549315,0.03992021083831787,0.24805420637130737,-0.00843755859375,0.0168751171875,0.037969013671875,0.0,0.0,0.00843755859375,0.0119355908203125,0.0278497119140625
4.184599692,0.0,0.006719517620178195,0.009878563566287024,0.2768092193663012,-0.09738937226128463,1.7824611318305084,-1.6410109226026284,3.6348925133734706,-6.14275611556412,0.0,0.0,0.0,0.0,0.0,0.0,0.0,0.0,-0.4891862956040267,0.6065469155213843,1.849901093333992,-2.471033383023981,1.117677125944212,-2.5457572609549315,0.03992021083831787,0.24805420637130737,0.004218779296875,-0.004218779296875,-0.0168751171875,0.021093896484375,0.05906291015625,0.00843755859375,-0.007957060546875,0.0198926513671875
4.192786002,0.0,0.006719517620178195,0.009878563566287024,0.2768092193663012,-0.09738937226128463,1.7824611318305084,-1.6410109226026284,3.6348925133734706,-6.14275611556412,0.0,0.0,0.0,0.0,0.0,0.0,0.0,0.0,-0.48860662553242484,0.6065767774484168,1.8503640426099626,-2.4715497082593476,1.1184112018481045,-2.546637383139685,0.03987030312418938,0.24828483164310455,0.0,0.02531267578125,0.033750234375,0.021093896484375,0.04218779296875,0.0168751171875,0.0119355908203125,0.0278497119140625
4.201246715,0.0,0.006719517620178195,0.009878563566287024,0.2768092193663012,-0.09738937226128463,1.7824611318305084,-1.6410109226026284,3.6348925133734706,-6.14275611556412,0.0,0.0,0.0,0.0,0.0,0.0,0.0,0.0,-0.48860662553242484,0.6065767774484168,1.8503640426099626,-2.4715497082593476,1.1184112018481045,-2.546637383139685,0.03987030312418938,0.24828483164310455,-0.004218779296875,0.0168751171875,-0.012656337890625,0.0,0.00843755859375,0.02531267578125,-0.0039785302734375,0.01591412109375
4.210446218,0.0,0.006719517620178195,0.009878563566287024,0.2768092193663012,-0.09738937226128463,1.7824611318305084,-1.6410109226026284,3.6348925133734706,-6.14275611556412,0.0,0.0,0.0,0.0,0.0,0.0,0.0,0.0,-0.4883129236452941,0.6067686447999487,1.8498171848953096,-2.4707255324842965,1.1173926106229572,-2.546430137789801,0.039896611124277115,0.2480112761259079,0.004218779296875,0.0,-0.00843755859375,0.00843755859375,-0.0506253515625,0.02531267578125,0.0119355908203125,-0.0517208935546875
4.219015091,0.0,0.006719517620178195,0.009878563566287024,0.2768092193663012,-0.09738937226128463,1.7824611318305084,-1.6410109226026284,3.6348925133734706,-6.14275611556412,0.0,0.0,0.0,0.0,0.0,0.0,0.0,0.0,-0.4883129236452941,0.6067686447999487,1.8498171848953096,-2.4707255324842965,1.1173926106229572,-2.546430137789801,0.039896611124277115,0.2480112761259079,0.0,-0.004218779296875,-0.00843755859375,-0.033750234375,-0.05906291015625,0.02531267578125,-0.0039785302734375,0.0278497119140625
4.228113954,0.0,0.006719517620178195,0.009878563566287024,0.2768092193663012,-0.09738937226128463,1.7824611318305084,-1.6410109226026284,3.6348925133734706,-6.14275611556412,0.0,0.0,0.0,0.0,0.0,0.0,0.0,0.0,-0.4891862956040267,0.6065469155213843,1.849901093333992,-2.471033383023981,1.117677125944212,-2.5457572609549315,0.03992021083831787,0.24805420637130737,0.0,-0.00843755859375,-0.012656337890625,-0.029531455078125,-0.0506253515625,0.00843755859375,0.0,0.0278497119140625
4.236066886000001,0.0,0.006719517620178195,0.009878563566287024,0.2768092193663012,-0.09738937226128463,1.7824611318305084,-1.6410109226026284,3.6348925133734706,-6.14275611556412,0.0,0.0,0.0,0.0,0.0,0.0,0.003490658503988659,0.0,-0.4891862956040267,0.6065469155213843,1.849901093333992,-2.471033383023981,1.117677125944212,-2.5457572609549315,0.03992021083831787,0.24805420637130737,0.004218779296875,-0.0168751171875,-0.021093896484375,0.00843755859375,0.033750234375,0.0,-0.0039785302734375,0.007957060546875
4.244880146,0.0,0.006719517620178195,0.009878563566287024,0.2768092193663012,-0.09738937226128463,1.7824611318305084,-1.6410109226026284,3.6348925133734706,-6.14275611556412,0.0,0.0,0.0,0.0,0.0,0.0,0.0,0.0,-0.48485247168473045,0.6081086764237891,1.8474993539750901,-2.4707867315533196,1.1129202506080418,-2.5484079987173827,0.03992692073671921,0.24854816496372223,-0.004218779296875,-0.00843755859375,0.029531455078125,0.021093896484375,0.00843755859375,0.00843755859375,-0.007957060546875,0.0318282421875
4.2556253900000005,0.0,0.006719517620178195,0.009878563566287024,0.2768092193663012,-0.09738937226128463,1.7824611318305084,-1.6410109226026284,3.6348925133734706,-6.14275611556412,0.0,0.0,0.0,0.0,0.0,0.0,0.0,0.0,-0.48485247168473045,0.6081086764237891,1.8474993539750901,-2.4707867315533196,1.1129202506080418,-2.5484079987173827,0.04010145366191864,0.24854816496372223,0.0,-0.00843755859375,-0.0168751171875,-0.037969013671875,0.0,0.00843755859375,0.0,0.0198926513671875
4.267556373000001,0.0,0.003926990816987441,0.015149457907309927,0.29215066349133156,-0.11770500475449808,1.785428191558899,-1.6497812020939,3.636044430679787,-6.143716046652718,-0.6021385919380436,0.8290313946973066,1.6685347649065794,-2.1327923459370703,0.5105088062083414,-1.3753194505715318,0.07330382858376185,-0.008726646259971648,-0.4872363743536834,0.6060592899224768,1.8482435999214974,-2.471680756521467,1.1124661526218205,-2.548816052115515,0.040080659091472626,0.2484675645828247,-0.24468919921875,0.4218779296875,1.5314168847656249,-1.995482607421875,0.58219154296875,-1.41750984375,0.01591412109375,0.04774236328125
4.275906781000001,0.0,-0.0036477381366681882,0.025691246589355732,0.30798079980691995,-0.137654118104793,1.7926189480771155,-1.6647910336610512,3.636236416897506,-6.142564129346401,-1.0140362954087054,1.3404128655316452,1.8552849948699723,-2.291617307868555,1.08035880698449,-1.9495327744776663,-0.06457718232379019,0.2670353755551324,-0.41864493475030673,0.5073434674296775,1.6353657910557484,-2.1974546244481195,1.0525140928158145,-2.3849732685845475,0.03641546766228453,0.24890389689582332,-0.324846005859375,0.485159619140625,1.7043868359375,-2.261265703125,0.58219154296875,-1.83095021484375,0.0318282421875,0.0835491357421875
4.284356293,0.0,-0.01026253600172744,0.035761796373363186,0.32005847823072076,-0.15395549331842062,1.8024975116434034,-1.6813280283236975,3.633845315822274,-6.136333303916782,-0.6283185307179586,1.1082840750163994,1.3124875974997359,-1.8849555921538759,1.1370820076743058,-1.9617500792416265,-0.4118977034706618,1.1449359893082802,-0.26044049007403103,0.7128764750100977,1.7051907142764566,-1.4589381107243424,0.9245248733296528,-2.1109711245159333,0.07066584478770975,0.3729812795659018,-0.43031548828125,0.4893783984375,1.67907416015625,-2.1768901171875,0.93656900390625,-2.15157744140625,0.043763833007812496,0.12333443847656249
4.293243826,0.0,-0.013229595730117616,0.04822344723260241,0.3295530693615696,-0.16516050711622388,1.8100198807194992,-1.6970970781154664,3.627614490392654,-6.119351250294876,-0.22165681500327988,1.583013631558857,0.8848819307611251,-1.1780972450961724,0.6928957130417489,-1.6432274907526612,-0.9162978572970231,2.139773662945048,-0.279167872947928,0.7058777047095999,1.7232374187420778,-1.4507001566549274,0.8892168625618075,-2.0601384100515974,0.08803187084505333,0.32908624887824445,-0.3206272265625,0.594847880859375,1.767668525390625,-1.607354912109375,1.0800075,-2.20220279296875,0.13924855957031249,0.190969453125
4.302467969,0.0,-0.016196655458506903,0.058485983234329186,0.33625513368922855,-0.1783901028463406,1.8157707406048202,-1.7114785911518997,3.6173519543909274,-6.1005715075434175,-0.3996803987067015,0.9913470151327792,0.7086036763096979,-1.830850385342052,0.6387905062299246,-1.5908676131928314,-1.3857914260834978,2.3736477827122884,0.02902088876299796,0.7619227627385464,1.750145550113097,-1.001305764086627,0.897614625543751,-1.8510416185089524,0.13648797444167535,0.3740123661329142,-0.307970888671875,0.73406759765625,1.776106083984375,-1.4343849609375,0.91969388671875,-2.1262647656249998,0.13527002929687498,0.294411240234375
4.311094507,0.0,-0.019076448724297812,0.06538003377970703,0.344789793731481,-0.19641935401944277,1.8221499190208597,-1.7255721248617537,3.602691188674175,-6.076992109348975,-0.3141592653589793,0.5742133239061344,1.117010721276371,-2.3282692221604355,0.7836528341454541,-1.6109388995907665,-1.7837264955382048,3.0124382889422128,0.05572442631850799,0.7903018163759739,1.7476671825752628,-0.8963416628716888,0.8857725665689702,-1.8131330671556354,0.1599626528809991,0.3623186601445523,-0.0506253515625,0.80156806640625,1.67907416015625,-0.95344412109375,0.86906853515625,-1.93220091796875,0.20688357421875,0.2347332861328125
4.320416955000001,0.0,-0.02261946710584617,0.07037167544041045,0.3560122608218039,-0.21752038467605406,1.8292446824302164,-1.7404336034424854,3.5857091350522703,-6.046204501343794,-0.27227136331111546,0.5585053606381855,1.3823007675795091,-2.281145332356589,0.767944870877505,-1.6379915029966785,-1.916371518689774,3.5779249665883754,0.3912741325863777,0.830767515721712,1.6234628255485026,-0.46319952233268386,0.7868517499903758,-1.6320340809775886,0.1960250875370726,0.39751390260382324,-0.06750046875,0.81844318359375,1.67907416015625,-0.890162431640625,0.91969388671875,-1.856262890625,0.1472056201171875,0.2904327099609375
4.328704002,0.0,-0.022340214425527805,0.07553785002631375,0.36808993924560474,-0.2345722514680384,1.8360078332816945,-1.7540471716080412,3.5676973371716887,-6.011402636059028,0.09599310885968812,0.7225663103256525,1.450368608407288,-1.9582594207376378,0.8299040593233038,-1.5777776438028739,-2.1467549799530254,4.036946559862884,0.39771439752623644,0.8173633870663967,1.56326641964722,-0.40460881934323467,0.7671382560891004,-1.5847443848948022,0.20265733869465105,0.3692395687215151,0.033750234375,0.847974638671875,1.598917353515625,-0.544222529296875,0.7931305078124999,-1.67907416015625,0.24666887695312498,0.3620462548828125
4.337742736,0.0,-0.019181168479417643,0.07803367085666557,0.38006289791428616,-0.25347416726713723,1.8437658218068094,-1.7690482765289324,3.5477482238213938,-5.971626582406077,0.6213372137099813,0.013962634015954637,1.2252211349000193,-2.1327923459370703,0.8203047484373349,-1.684242728174528,-2.398082392240209,4.797910113732413,0.6436023769691669,0.7306453237255296,1.50038044405353,-0.2084626358013264,0.7263810963910026,-1.4540210736646222,0.2257247403196918,0.38552873010850985,0.156094833984375,0.881724873046875,1.582042236328125,-0.47250328125,0.78469294921875,-1.55251078125,0.2347332861328125,0.294411240234375
4.346170905,0.0,-0.009494591130849273,0.07745771220350739,0.38985419501797436,-0.26937411675280565,1.8498133876649696,-1.7834821494429258,3.526751912919902,-5.929337254630254,1.4381513036433278,-0.1239183768915974,1.160643952576229,-1.9093902016817967,0.6763150851478027,-1.7645278737662673,-2.5289820861397834,5.335471523346665,0.581590828645807,0.7940182288654439,1.4869763153982127,-0.13430359588408666,0.7040670619042548,-1.3983712504647834,0.238291110934051,0.34748055241503345,0.4218779296875,0.797349287109375,1.54407322265625,-0.27843943359375,0.83531830078125,-1.3331342578125,0.230754755859375,0.31430389160156247
4.354840483,0.0,0.003839724354387286,0.07572983624403284,0.3997327585842618,-0.2871241152455881,1.854935929019573,-1.799635171670133,3.502980528507739,-5.880921821179932,1.520181778487061,-0.18849555921538758,1.0506882097005865,-2.0367992370773824,0.5157447939643244,-1.8011797880581482,-2.62846585350346,5.262167694762904,0.6381094701594864,0.7125614423773131,1.4755982455423742,-0.030115627044259158,0.7223576497763926,-1.274850757928819,0.25204600012093115,0.3356095009772896,0.4556281640625,0.83531830078125,1.51032298828125,-0.130782158203125,0.81844318359375,-1.41750984375,0.230754755859375,0.2983897705078125
4.363531278,0.0,0.017645278737663084,0.07476990515543624,0.4093146161777108,-0.3049439269084502,1.8596832245849977,-1.8151162421353229,3.480535594327092,-5.835665433675718,1.583013631558857,-0.04188790204786391,1.1763519158441782,-2.1101030656611446,0.5838126347921032,-1.9154988540637765,-2.7436575841350863,5.408775351930428,0.5899034762194034,0.7242027884881158,1.4569581291310758,0.035875271973646816,0.7230470548309301,-1.2227264998180094,0.25702018848911495,0.3392746924064776,0.5695352050781249,0.73406759765625,1.447041298828125,-0.0843755859375,0.75094271484375,-1.17282064453125,0.27849711914062497,0.2864541796875
4.372263385,0.0,0.028379053637427987,0.07476990515543624,0.41870448755344025,-0.32508502647646464,1.8653380913614592,-1.8321855622198273,3.4561009847991713,-5.787250000225396,1.0821041362364843,0.0,1.160643952576229,-2.4085543677521746,0.7129669994396837,-1.9809487010135638,-2.7663468644110125,5.419247327442394,0.6025759505601717,0.5940211528997172,1.434183178107452,0.1014796550023414,0.7386523069226335,-1.1241812253429952,0.26103230839691316,0.328955553845129,0.641254453125,0.74250515625,1.472353974609375,-0.029531455078125,0.64969201171875,-1.181258203125,0.2506474072265625,0.389895966796875
4.385308361,0.0,0.038257617203715455,0.07438593271999738,0.4298222348886447,-0.34704126846655337,1.8720052491040775,-1.8502584466242284,3.4323121470944886,-5.742377585156621,1.02799892942466,-0.08028514559173917,1.2514010736799344,-2.5289820861397834,0.7775441817634738,-2.0455258833373544,-2.8099800957108703,5.4698618757502295,0.6204655753931142,0.5898323626949309,1.4075843603070588,0.1917480839154878,0.7087722701284909,-1.0664282803945033,0.26216677241070946,0.3284319550695307,0.61594177734375,0.6243793359375,1.4006347265624999,-0.029531455078125,0.7003173632812499,-1.113757734375,0.2904327099609375,0.2824756494140625
4.394284374000001,0.0,0.04668755749084763,0.07122688677388767,0.4478514860617464,-0.38069121644500425,1.8835069688747201,-1.8768136311933223,3.3948399280541706,-5.664919872953114,0.40142572795869574,-0.36302848441482055,1.551597705022959,-2.602285914723545,0.9590584239708841,-1.8980455615438334,-2.7157323161031774,5.623450849925731,0.5028277378625405,0.4428472543420681,1.4289137831768632,0.07310283476482854,0.4418935194875205,-1.1549584578781351,0.25074170685244185,0.2844705755125679,0.6581295703125,0.61594177734375,1.37532205078125,0.04218779296875,0.59906666015625,-1.1390704101562499,0.27849711914062497,0.318282421875
4.402714879,0.0,0.04756022211684563,0.0669159235214618,0.4616570404450213,-0.4032234170882507,1.8914656702638144,-1.8917711028829138,3.3729709525266816,-5.6214786278709745,-0.012217304763960306,-0.5707226654021458,1.7453292519943295,-2.6371924997634317,0.9450957899549296,-1.8570303241219668,-2.7855454861829503,5.911430176504795,0.5401952371477405,0.48059872606270543,1.3448063665232555,0.18138306155855738,0.38923693595485154,-1.0900409363502057,0.24602931787205723,0.2767911268037928,0.59906666015625,0.493597177734375,1.4006347265624999,0.02531267578125,0.48094083984374997,-1.15594552734375,0.27054005859374997,0.2506474072265625
4.411792813,0.0,0.047176249681406546,0.06106907052728072,0.4777664294409285,-0.4279547325890105,1.900192316523786,-1.9076797790148423,3.3465117610664477,-5.563202084146884,-0.054105206811824215,-0.7417649320975901,1.6894787159305111,-2.602285914723545,0.9616764178488756,-1.610066234964769,-2.802998778702894,6.321582550723463,0.44405732320007024,0.4687404951499472,1.329996313920122,0.19620848450983303,0.44686332936711126,-0.8798608742768146,0.23111599176977987,0.23035877662855664,0.58219154296875,0.527347412109375,1.37532205078125,0.113907041015625,0.371252578125,-1.28250890625,0.2586044677734375,0.2745185888671875
4.421504832,0.0,0.04602433237509018,0.05511749777797981,0.4911880113887652,-0.44924774946334134,1.908822969674898,-1.919617831098483,3.322251684463726,-5.509411036600419,-0.16057029118347835,-0.7330382858376184,1.6632987771505963,-2.387610416728243,1.0498155450745894,-1.2959069696057897,-2.9304078140984795,6.536258048718764,0.4493980307111739,0.5033852808020349,1.2872532005387822,0.26691177250812376,0.419025327797802,-0.8568312547967489,0.23198865639577704,0.20985115791762327,0.476722060546875,0.493597177734375,1.316259140625,0.164532392578125,0.371252578125,-1.20657087890625,0.23871181640625,0.230754755859375
4.432053147,0.0,0.04448844263333562,0.049567350756638096,0.5096012349973051,-0.4726351614400657,1.9182652009281873,-1.9312242706242457,3.2920574884042244,-5.437800177391091,-0.14311699866353503,-0.4468042885105484,1.8622663118779497,-2.356194490192345,0.8360127117052839,-1.0786134777324958,-2.9914943379182812,6.908013179393557,0.5143142938195925,0.49112928920833376,1.2603262880567632,0.2161277753419315,0.3620565173012579,-0.8820117555457062,0.2341409694111885,0.18298288251431816,0.493597177734375,0.44297182617187497,1.27407134765625,0.232032861328125,0.5568788671875,-1.0631323828124999,0.21086210449218748,0.1949479833984375
4.440952391000001,0.0,0.0438077642250585,0.04649557127312809,0.5279970053133249,-0.4970872242605058,1.9259795562220021,-1.9422023916192899,3.25955945773209,-5.371163506549948,-0.04014257279586959,-0.1466076571675237,1.710422666954443,-2.441715623540067,0.7033676885537149,-1.1187560505283654,-3.05956217874606,6.300638599699529,0.5171766337928618,0.4791563305396519,1.1851898637584082,0.2831484186185147,0.35511010687832034,-0.8689217861557476,0.23719529560217856,0.16439512598057848,0.527347412109375,0.44719060546875,1.278290126953125,0.223595302734375,0.44719060546875,-0.95344412109375,0.2227976953125,0.2347332861328125
4.449701203,0.0,0.04323180557189943,0.045832346157370196,0.542867210540317,-0.5181708016245974,1.9323587346380413,-1.9527441803013357,3.2320356154281393,-5.312956775995937,-0.07330382858376185,-0.04363323129985824,1.6632987771505963,-2.331759880664424,0.715584993317675,-1.2871803233458181,-3.1747539093776855,6.665412413366345,0.47190911131003893,0.3900246087478014,1.2169615928135231,0.28594183627649994,0.5040029334073859,-0.7766761189912327,0.21679676484541074,0.1782453515377744,0.4893783984375,0.4556281640625,1.185476982421875,0.24047041992187498,0.39656525390624997,-0.80156806640625,0.2426903466796875,0.13924855957031249
4.458617759,0.0,0.041713369122664545,0.0456403599396511,0.5586798935633857,-0.5395510849615279,1.9382055876322224,-1.9632946956296413,3.202225391804076,-5.2532316089926905,-0.2530727415391778,0.054105206811824215,1.820378409830086,-2.4748768793279594,0.6117379028240126,-1.0759954838545043,-3.186971214141646,6.5537113412387065,0.4769531128483053,0.3817168415083086,1.1770633661129317,0.33819699408121046,0.48364366768287237,-0.72820832566335,0.22255635137699203,0.16000666085443363,0.493597177734375,0.367033798828125,1.210789658203125,0.32906478515625,0.59906666015625,-0.87750609375,0.2745185888671875,0.21086210449218748
4.467592204000001,0.0,0.03883357585687364,0.04619886530028916,0.5742133239061347,-0.5622752718224939,1.9434328487419454,-1.9719689820120532,3.17335764597609,-5.192459244438249,-0.35953782591083194,0.03665191429188092,1.7523105690023069,-2.55167136641571,0.582939970166106,-0.9328784851909692,-3.2148964821735553,6.567673975254662,0.4359749849602863,0.3381661173572251,1.3060243942108525,0.19782152147834464,0.8305371725413366,-0.5474079201064463,0.18228586970399813,0.14696073301550303,0.451409384765625,0.371252578125,1.18969576171875,0.333283564453125,0.51469107421875,-0.83531830078125,0.2029050439453125,0.183012392578125
4.475751923000001,0.0,0.03556981015564453,0.04630358505540877,0.5893627818134459,-0.5841267940574637,1.949131348749707,-1.97915973853027,3.1479631053595725,-5.141059297967015,-0.3961897402027128,0.0,1.8256143975860688,-2.590068609959585,0.7374016089676042,-0.7836528341454541,-3.211405823669566,6.564183316750674,0.45526087319482444,0.3382359305273053,1.2662308872653834,0.2736735307700177,0.8177351824779581,-0.5356967608255643,0.1836821331055936,0.14626260131470525,0.47250328125,0.33750234375,1.244539892578125,0.2531267578125,0.6750046875,-0.75094271484375,0.21484063476562498,0.1472056201171875
4.4849476500000005,0.0,0.031258846903218895,0.04677482395344734,0.6058561432447926,-0.6065717282381096,1.9559904927100447,-1.9859141627354877,3.1193920655044254,-5.081613383644088,-0.5497787143782138,0.05934119456780721,1.895427567665842,-2.4818581963359367,0.7853981633974483,-0.7408922674715929,-3.1433379828417882,6.450736915371042,0.4924962175283285,0.33052642678338917,1.125544138381702,0.2926989763665155,0.623132840569305,-0.7160429798946,0.17940655288804241,0.11969112942003468,0.459846943359375,0.3543774609375,1.252977451171875,0.270001875,0.776255390625,-0.64969201171875,0.21484063476562498,0.14322708984375
4.49380763,0.0,0.027227136331111623,0.04687954370856695,0.6208136149343839,-0.6265033882958853,1.9621776849083645,-1.9927209468182658,3.0938928051327883,-5.028991706696459,-0.4293509959906051,-0.054105206811824215,1.6982053621904827,-2.1886428820008894,0.6475171524898963,-0.8656833089891874,-3.0176742766981954,6.307619916707507,0.5207880047031556,0.3231785906324927,1.0690827370796845,0.34921273754608817,0.5977557532453077,-0.7000557639463327,0.17600316084665352,0.12536344948901626,0.468284501953125,0.333283564453125,1.17282064453125,0.24047041992187498,0.641254453125,-0.60750421875,0.1312914990234375,0.1551626806640625
4.503292575000001,0.0,0.022043508452687988,0.045535640184531045,0.635195127970817,-0.6461732489658614,1.9681205310114054,-2.000923994302639,3.0645538204067635,-4.968009902631778,-0.5532693728822025,-0.20245819323134226,1.4748032179352084,-1.970476725501598,0.6379178416039275,-0.7592182246175333,-3.1991885189056064,6.154030942532006,0.46458970296915947,0.2648935485959326,1.063475419189468,0.25760034677594656,0.6362704713841965,-0.6410862193981219,0.14991262564900337,0.10690250459759279,0.5315661914062499,0.3543774609375,1.075788720703125,0.257345537109375,0.60750421875,-0.75094271484375,0.21881916503906249,0.1631197412109375
4.511639015,0.0,0.017645278737663084,0.04256858045614109,0.6477440452926566,-0.6637138079484037,1.9738190310191668,-2.0071984529635585,3.0361747667693355,-4.912508432418358,-0.5201081170943103,-0.41015237421866746,1.3927727430914751,-1.9617500792416265,0.6361725123519332,-0.6710790973918197,-3.0962140930379407,5.991715322096534,0.4925324242935901,0.28376055780999215,1.0426710945056963,0.29479331313594576,0.6194018641636707,-0.6271235853821675,0.15898833775937393,0.11458195330636785,0.44719060546875,0.3206272265625,1.101101396484375,0.22781408203125,0.60750421875,-0.7256300390625,0.13924855957031249,0.0994632568359375
4.520953239000001,0.0,0.013613568165554923,0.03864158963915365,0.6599264434715764,-0.6815336196112667,1.9797706037684675,-2.013193658944159,3.009226883118543,-4.859293343525051,-0.3036872898470134,-0.39444441095071847,1.233947781159991,-1.9408061282176943,0.6309365245959501,-0.651880475619882,-3.1450833120937824,5.920156822764766,0.4425715752898759,0.2840120831215244,1.0046877617870649,0.21048780961895264,0.5755478528704108,-0.6199570401603489,0.1412553753588844,0.09305652329527403,0.459846943359375,0.299533330078125,1.08844505859375,0.324846005859375,0.60750421875,-0.68344224609375,0.1551626806640625,0.1551626806640625
4.529425216,0.0,0.011309733552923085,0.03633775502652137,0.669229048384707,-0.6972590361717357,1.9844131795787723,-2.0189968787070405,2.9841988616449444,-4.808853328142415,-0.28623399732707006,-0.2059488517353309,1.1082840750163994,-1.9460421159736774,0.5384340742402507,-0.7644542123735164,-3.0735248127620145,5.743878568313338,0.4330246242814707,0.2942222592456918,0.984023063443454,0.2618528495051483,0.5582167333981071,-0.6038912843957411,0.14369883631167651,0.0966344482618624,0.409221591796875,0.282658212890625,1.0293821484375,0.206720185546875,0.59906666015625,-0.4893783984375,0.17505533203124998,0.1312914990234375
4.540431871,0.0,0.009302604913130175,0.03527310418280427,0.6808180346179489,-0.7156722597802756,1.9893524613619162,-2.0261876352252575,2.955156582891759,-4.756510903875105,-0.16755160819145565,-0.10122909661567113,1.2426744274199626,-1.820378409830086,0.5393067388662479,-0.6798057436517914,-2.979277033154321,5.6793013859895485,0.4065671075469526,0.2555241207448517,0.9898746021112756,0.17673328382335962,0.5330568747849205,-0.585352987927705,0.13127064418812953,0.07412129217873922,0.409221591796875,0.27843943359375,0.978756796875,0.24047041992187498,0.5568788671875,-0.59906666015625,0.11139884765625,0.1472056201171875
4.549186666000001,0.0,0.008534660042252007,0.03288200310757228,0.6926164603614309,-0.7360926120286093,1.9954872936826764,-2.0325580869950364,2.926480823281492,-4.70263258986604,0.047123889803846894,-0.3455751918948773,1.165879940332212,-2.1676989309769574,0.6431538293599105,-0.5934119456780721,-3.0089476304382243,5.468116546498234,0.4007202545527699,0.24824609776403703,0.9416686081711936,0.21940658403462024,0.5181517629728889,-0.5722455652452265,0.12655825520774486,0.07735015129492871,0.37969013671875,0.2868769921875,0.9956319140625,0.19406384765625,0.46406572265625,-0.6581295703125,0.1631197412109375,0.12333443847656249
4.558001878000001,0.0,0.009302604913130175,0.029914943379182102,0.7032629687985956,-0.7559370056237849,2.001098527227838,-2.038020967553779,2.8978225169637453,-4.651058110469608,0.06632251157578452,-0.2949606435870417,1.117010721276371,-2.0577431881013144,0.5009094953223726,-0.5497787143782138,-3.0106929596902186,5.478588522010201,0.36208119852267345,0.23204531120782773,0.9116275726545123,0.18903845691808938,0.4247090709478296,-0.6001252447396704,0.12188586206302127,0.05396085258193337,0.400784033203125,0.2868769921875,0.9618816796874999,0.236251640625,0.59906666015625,-0.63281689453125,0.1312914990234375,0.0755920751953125
4.5667245450000005,0.0,0.009494591130849273,0.02597049926967454,0.7125655737117262,-0.7738615370417663,2.0045019192692273,-2.0425762769014835,2.8697401692991567,-4.601770012393287,0.015707963267948967,-0.5811946409141118,0.9896016858807848,-1.9984019935335071,0.29408797896104455,-0.519235452468313,-3.0019663134302466,5.345943498858631,0.3578575017328452,0.23588503556221468,0.8845749692486021,0.23757606341605167,0.42209980371609834,-0.5880999261934289,0.12197312852562098,0.053437253806335065,0.358596240234375,0.2193765234375,0.93656900390625,0.1856262890625,0.60750421875,-0.6581295703125,0.1153773779296875,0.04774236328125
4.5755467,0.0,0.009878563566287468,0.021659536017248904,0.7204195553457002,-0.7905468846908326,2.0068057538818596,-2.046459634487171,2.8456720789141547,-4.559393418154865,0.06632251157578452,-0.3961897402027128,0.9075712110370514,-1.895427567665842,0.24609142453120048,-0.4153883619746504,-3.035127569218139,5.235987755982989,0.34012898755261467,0.23489151300432282,0.8675561938896617,0.17776655461545987,0.3601226091750584,-0.6233180674882014,0.11506847594721004,0.024748090493240938,0.34593990234375,0.24468919921875,0.8859436523437499,0.19406384765625,0.5315661914062499,-0.7003173632812499,0.103441787109375,0.04774236328125
4.584314008000001,0.0,0.010349802464326707,0.01802925117310039,0.7289542153879522,-0.8071449658772982,2.0083852768549146,-2.0495314139706813,2.8173802917393265,-4.510506745806504,0.04363323129985824,-0.44331363000655977,0.9354964790689607,-1.7523105690023069,0.1762782544514273,-0.26790804018112957,-3.0002209841782523,5.000368306963754,0.33391561541551656,0.22932391269045985,0.8521972964721131,0.21752515497589214,0.35801076078014593,-0.6220527037805056,0.11672653873660466,0.030245877637023046,0.33750234375,0.215157744140625,0.87750609375,0.172969951171875,0.3881276953125,-0.68344224609375,0.12731296875,0.039785302734375
4.593437734,0.0,0.010925761117484889,0.015236724369909638,0.7373841556750853,-0.8209505202605731,2.0102527791545484,-2.0515909024880346,2.7903451416259344,-4.462859257227059,0.09250245035569947,-0.23387411976724018,0.9354964790689607,-1.5428710587629875,0.24085543677521748,-0.20071286397934787,-3.05956217874606,4.927064478379992,0.29801598017611547,0.19502979838182555,0.8504711337160744,0.13242733837554724,0.347488049152638,-0.6537888808524507,0.10783664658454395,0.005777510507448902,0.316408447265625,0.21093896484375,0.873287314453125,0.206720185546875,0.36281501953125,-0.61594177734375,0.1551626806640625,0.0
4.602049040000001,0.0,0.011798425743482,0.012740903539557813,0.745447576819299,-0.8358905386576447,2.0117363090187435,-2.053126792229789,2.763030738832223,-4.424217667587905,0.09773843811168245,-0.2670353755551324,0.9093165402890457,-1.6929693744344996,0.10646508437165411,-0.1867502299633933,-3.024655593706173,4.7403142484166,0.29140118231105683,0.18246342776746582,0.8251813128546752,0.15290005050144004,0.3354278240213578,-0.6543299329205691,0.11080370631293433,0.009442701936636988,0.29531455078125,0.17718873046875,0.864849755859375,0.14343849609375,0.41344037109375,-0.6918798046875,0.12333443847656249,0.0198926513671875
4.6117940520000005,0.0,0.012566370614359279,0.01083849465488429,0.7540695033241507,-0.8507607438846367,2.012504253889621,-2.0553782669648624,2.735419630065673,-4.381649087131763,0.050614548307835565,-0.13613568165555773,0.9704030641088471,-1.5446163880149817,0.08028514559173917,-0.2670353755551324,-2.8920105705546044,4.618141200776996,0.2888192102166827,0.1767277774440038,0.7957820221184423,0.1030479286357292,0.23889153693784615,-0.7392361116830444,0.10970653286938879,-0.010247442285904152,0.303752109375,0.164532392578125,0.8268807421875,0.14343849609375,0.371252578125,-0.6243793359375,0.0915061962890625,0.0198926513671875
4.620098283,0.0,0.012758356832079265,0.010646508437164304,0.762412177148684,-0.8644615785127923,2.0133245586380584,-2.057202136033196,2.7112468199255515,-4.343112217247728,0.0,0.06806784082777886,1.0122909661567112,-1.6790067404185451,0.1265363707695889,-0.1893682238413848,-2.8483773392547462,4.370304446993801,0.29122776458443556,0.16934503470806692,0.763807590221907,0.13282324567475343,0.23920569620320448,-0.7244531729186506,0.10307428171181035,-0.0041387899039239786,0.29531455078125,0.139219716796875,0.80156806640625,0.12656337890625,0.236251640625,-0.75094271484375,0.13924855957031249,0.063656484375
4.628985528,0.0,0.012653637076959434,0.01207767842379992,0.7714355293814945,-0.8795237699575034,2.014956441488673,-2.0593052577818494,2.684595642247598,-4.303405976764857,-0.017453292519943295,0.20420352248333656,1.0088003076527225,-1.6126842288427605,0.19460421159736774,-0.26005405854715513,-2.752384230395058,4.361577800733829,0.2706284150403375,0.1154907337182456,0.7504075415869241,0.09769612344360404,0.16107158876348315,-0.7843529663107828,0.10002067124897884,-0.02051654962591991,0.3206272265625,0.1350009375,0.755161494140625,0.101250703125,0.19406384765625,-0.6750046875,0.0517208935546875,-0.0039785302734375
4.637258303,0.0,0.012269664641519462,0.013997540600993563,0.7803367085666655,-0.8931373381230592,2.0167279506794475,-2.061661452272042,2.6611035105157543,-4.267853619901732,-0.047123889803846894,0.24085543677521748,1.0349802464326374,-1.6336281798666925,0.222529479629277,-0.28885199120506155,-2.738421596379103,4.1381756564785555,0.27268790355769135,0.09758365559278298,0.7236865507388915,0.1362504466201589,0.1493691561288616,-0.7709750175942457,0.09522101580599443,-0.02008021731292131,0.26156431640625,0.1181258203125,0.763599052734375,0.080156806640625,0.1181258203125,-0.74250515625,0.1153773779296875,0.0278497119140625
4.645465989,0.0,0.011885692206081266,0.01591740277818765,0.7891680745817569,-0.9070301589689338,2.01902305864582,-2.064008920115974,2.6385887631650276,-4.2336102599776035,-0.05759586531581287,0.21642082724729686,0.9896016858807848,-1.6493361431346414,0.3028146252210162,-0.2530727415391778,-2.5446900494077327,3.89382956119935,0.2832526535382825,0.06373831450044315,0.6854225568014771,0.07859063822018084,-0.01906181238711607,-0.852134128536405,0.10930515638445924,-0.031544914348967446,0.270001875,0.1181258203125,0.71719248046875,0.147657275390625,0.101250703125,-0.7256300390625,0.0318282421875,0.0358067724609375
4.6537850050000005,0.0,0.011414453308042916,0.01715658654710328,0.796742803535412,-0.9213244055427676,2.0215712393537313,-2.0660684086333276,2.617208479828097,-4.203328797455502,-0.06806784082777886,0.07330382858376185,0.8604473212332044,-1.6493361431346414,0.2844886680750757,-0.25656340004316647,-2.473131550075965,3.703588672731968,0.28545176839579367,0.06042218892165295,0.6634663148113882,0.12183989708459958,-0.033975650845407324,-0.8486696499711976,0.09961857903589072,-0.019327609585007167,0.270001875,0.101250703125,0.721411259765625,0.07593802734375,0.02531267578125,-0.90281876953125,0.12731296875,0.0198926513671875
4.661978643,0.0,0.011030480872603832,0.017069320084504014,0.8030608954276324,-0.9336813366468872,2.0237267209799445,-2.068127897150681,2.5984985502467177,-4.173413854076319,-0.03316125578789226,-0.04537856055185257,0.8220500776893291,-1.5079644737231006,0.28361600344907856,-0.26529004630313807,-2.3684117949563057,3.495894491744642,0.2690224656945035,0.03924295654606745,0.6880094199316145,0.05616078572186872,-0.14531718869570165,-0.915113671179135,0.11225201383095768,-0.032759911231927674,0.270001875,0.101250703125,0.679223466796875,0.07593802734375,0.0506253515625,-0.83531830078125,0.0517208935546875,-0.0039785302734375
4.670263546,0.0,0.010646508437165636,0.016388641676226,0.8103563717009679,-0.9463524270163659,2.025786209497298,-2.070187385668034,2.5792301153047004,-4.14531405311921,-0.050614548307835565,-0.08028514559173917,0.8360127117052839,-1.4608405839192538,0.2033308578573394,-0.2059488517353309,-2.223549467040776,3.368485456349056,0.2666837244968321,0.051372994847426696,0.672894868609341,0.0790944120930735,-0.15169636711174173,-0.908062541001078,0.1070160260749747,-0.022375202182561393,0.2868769921875,0.06750046875,0.66656712890625,0.0506253515625,0.04218779296875,-0.9281314453125,0.119355908203125,-0.04774236328125
4.677815515000001,0.0,0.010454522219446538,0.016004669240786917,0.8162904911577487,-0.9569814821610119,2.027322099239053,-2.07143529608321,2.562073528757596,-4.119238834094415,0.0,-0.03490658503988659,0.715584993317675,-1.3718287920675432,0.2181661564992912,-0.15795229730548682,-2.1624629432209743,3.131120678077827,0.24517590885650206,0.037761544667033464,0.7050891324572085,0.0073140675444222925,-0.2071206224349766,-0.9798650112548284,0.1155531620837092,-0.03977445690043773,0.2531267578125,0.05906291015625,0.66656712890625,0.101250703125,0.0,-0.9618816796874999,0.0954847265625,0.0596779541015625
4.685603646000001,0.0,0.010454522219446538,0.01591740277818765,0.8223293303696493,-0.9677327103532964,2.029093608429827,-2.072779199607246,2.545772153543969,-4.095851422117692,0.0,0.0,0.6457718232379019,-1.275835683207855,0.21642082724729686,-0.17715091907742447,-2.0367992370773824,2.9775317039023266,0.2406904126788758,0.03437560591816546,0.699329545925627,0.03030005379318912,-0.21321182152443677,-0.9809209354522851,0.1124988358927191,-0.027906217986876272,0.26578309570312497,0.046406572265625,0.74250515625,0.0168751171875,-0.06750046875,-0.978756796875,0.0835491357421875,-0.039785302734375
4.6937043880000004,0.0,0.010541788682045805,0.01591740277818765,0.8274256917854723,-0.97597066442271,2.0302891589674434,-2.0738351238047024,2.5304307094189387,-4.073406487937044,0.03665191429188092,0.0,0.6946410422937432,-0.9197885158010117,0.12217304763960307,-0.079412480965742,-1.9757127132575811,2.895501229058593,0.19037103162065971,0.003654137926938361,0.7593150172258314,-0.026254445728263437,-0.18304364138260798,-0.9950526709228933,0.10872641335899369,-0.04720673722987585,0.232032861328125,0.046406572265625,0.721411259765625,0.029531455078125,-0.07593802734375,-1.0631323828124999,0.13527002929687498,0.043763833007812496
4.703026804,0.0,0.010541788682045805,0.015533430342748566,0.8322078939359367,-0.9830567011858076,2.0312490900560403,-2.073931116913562,2.51470529285847,-4.049739823280001,-0.0017453292519943296,-0.09424777960769379,0.5515240436302081,-0.8674286382411819,0.12130038301360589,0.012217304763960306,-1.9669860669976096,2.722713633111154,0.18644404080367383,0.003654137926938361,0.7391390110727781,-0.03714530026070721,-0.17720551503468793,-1.0016587421416925,0.10567208716800364,-0.04310521348768917,0.2193765234375,0.033750234375,0.78469294921875,-0.0168751171875,-0.20250140625,-1.08844505859375,0.0954847265625,-0.039785302734375
4.711446524,0.0,0.010733774899764903,0.014468779499032358,0.8369028296238019,-0.991015402574901,2.0323573741310565,-2.073931116913562,2.4950528854810137,-4.023455164744966,0.02617993877991494,-0.0994837673636768,0.4223696789826278,-0.8185594191853407,0.08639379797371932,0.0,-1.9041542139258136,2.5359634031477607,0.14197586204708035,-0.004305231579772997,0.790452403275809,-0.10242302285664887,-0.1241237165028529,-1.0235226067636027,0.10334769763800314,-0.060889302876146384,0.17718873046875,0.029531455078125,0.776255390625,0.029531455078125,-0.12656337890625,-0.9450065625,0.0994632568359375,0.0
4.7194858570000005,0.0,0.010733774899764903,0.013613568165554923,0.8402713150801508,-0.9974382142222402,2.032636626811376,-2.073931116913562,2.4823992484040547,-4.00687453685102,-0.008726646259971648,-0.12217304763960307,0.4537856055185257,-0.8237954069413236,0.011344640137963142,0.0,-1.7610372152622786,2.441715623540067,0.13860737659073213,-0.0005876802730260706,0.7892830326769715,-0.08343384059495285,-0.1239579102239131,-1.0223008762872068,0.10020610498441335,-0.05155179137797672,0.17718873046875,0.021093896484375,0.75094271484375,0.02531267578125,-0.09281314453125,-0.97031923828125,0.12333443847656249,-0.0517208935546875
4.727771432,0.0,0.010541788682045805,0.012548917321838271,0.8445822783325769,-1.004349718060138,2.0326889866889353,-2.073931116913562,2.4672497904967443,-3.985982945704648,-0.022689280275926284,-0.14137166941154067,0.45029494701453704,-0.7696902001294993,0.017453292519943295,0.008726646259971648,-1.6667894356545847,2.2898719786165604,0.12759428041933246,-0.004076074285502733,0.7946842206443099,-0.11511026862927462,-0.10326186056025184,-1.039825446513876,0.09644121637789532,-0.0700733003816199,0.139219716796875,0.012656337890625,0.788911728515625,0.012656337890625,-0.101250703125,-1.03781970703125,0.055699423828125,-0.0358067724609375
4.736078992,0.0,0.010454522219446538,0.011030480872603388,0.848038030251526,-1.0103885572720377,2.0329769660155144,-2.073878757036002,2.4548928593926242,-3.968808905865024,0.0,-0.21991148575128555,0.466002910282486,-0.7330382858376184,0.04363323129985824,0.0008726646259971648,-1.5411257295109932,2.054252529597326,0.12956650247408522,0.0010377404228409833,0.7821003967374306,-0.09978627779676384,-0.10402980543112827,-1.0406981111398732,0.09172882739751062,-0.062481118135444574,0.147657275390625,0.0,0.7931305078124999,-0.04218779296875,-0.14343849609375,-1.05469482421875,0.055699423828125,-0.06763501464843749
4.744810683,0.0,0.010349802464326707,0.009197885158009012,0.8522442737488318,-1.0163401300213386,2.033456931559813,-2.073878757036002,2.4419425163428263,-3.952228277971078,-0.024434609527920613,-0.21293016874330822,0.4782202150464463,-0.7470009198535732,0.07679448708775051,0.0,-1.450368608407288,1.9355701404617116,0.07739601910964478,-0.011396605495666415,0.8488118208243283,-0.19068783016080937,-0.02003115499200874,-1.046194259266794,0.08196691385556314,-0.07815077053785542,0.147657275390625,0.0,0.78469294921875,-0.071719248046875,-0.1181258203125,-0.97031923828125,0.11139884765625,0.0
4.751818007000001,0.0,0.009878563566287468,0.007958701389093381,0.8568519429740968,-1.0225709554509588,2.03446049587971,-2.073878757036002,2.4304407965721837,-3.9378467649346445,-0.07504915783575616,-0.10297442586766545,0.6283185307179586,-0.773180858633488,0.17453292519943295,0.0,-1.4259339988793673,1.768018532270256,0.08015363932779633,-0.00659695005268102,0.8349713598560148,-0.17143684851131114,-0.024787177203693868,-1.0461069928041944,0.07742905780037787,-0.07221665108107471,0.088594365234375,-0.00843755859375,0.847974638671875,-0.139219716796875,-0.10968826171875,-0.97031923828125,0.0994632568359375,0.0039785302734375
4.759033013000001,0.0,0.008726646259971105,0.007661995416254452,0.861354892444242,-1.027929116254581,2.0361360119616245,-2.073878757036002,2.420178260570457,-3.9254723805380047,-0.2059488517353309,0.0,0.6126105674500096,-0.7016223593017205,0.27052603405912107,0.0,-1.4154620233674013,1.6964600329384885,0.0518265397995026,-0.03393089897273052,0.843705003633851,-0.21733037691013296,0.027216441283149064,-1.0578248487345228,0.07718283184153707,-0.09105327765949385,0.10968826171875,0.0,0.810005625,-0.130782158203125,-0.1350009375,-1.07156994140625,0.071613544921875,-0.0835491357421875
4.766892825,0.0,0.007190756518216546,0.007766715171374283,0.8662418143498263,-1.0332000105956038,2.037959881029958,-2.073878757036002,2.410683669439608,-3.9143546332028007,-0.22165681500327988,0.003490658503988659,0.6719517620178169,-0.7714355293814937,0.2103121748653167,0.0,-1.2967796342317868,1.4590952546672595,0.06837226110840916,-0.04333822364098028,0.8317669515502104,-0.2084117444324432,0.012590582151436363,-1.0578248487345228,0.07665923306593878,-0.08747535269290548,0.09281314453125,0.021093896484375,0.856412197265625,-0.189845068359375,-0.101250703125,-0.98719435546875,0.055699423828125,-0.071613544921875
4.774565594,0.0,0.0052708943410229026,0.00785398163397355,0.8707447638199719,-1.0385756246917461,2.039303784553994,-2.073878757036002,2.4009970920910395,-3.9033241523301965,-0.26529004630313807,0.005235987755982989,0.5742133239061344,-0.6562437987498679,0.17278759594743864,-0.009599310885968814,-1.2252211349000193,1.3421581947836394,0.030789503105856538,-0.06985809313757632,0.8297556174259093,-0.2408707136663813,0.05650780819736359,-1.079084931456233,0.0754247088816991,-0.0984380114886988,0.105469482421875,0.012656337890625,0.856412197265625,-0.20250140625,-0.101250703125,-0.978756796875,0.0954847265625,-0.06763501464843749
4.781705784000001,0.0,0.0027750735106710778,0.007766715171374283,0.8749684606097983,-1.0437592525701698,2.0409356674046086,-2.073931116913562,2.3915199542527104,-3.893934280954467,-0.36826447217080355,-0.008726646259971648,0.4729842272904633,-0.6056292504420324,0.22863813201125718,0.0,-1.2042771838760873,1.1047934165124107,0.04091241276742329,-0.07029442545057354,0.8260206128266407,-0.236263044441117,0.05622855551704367,-1.0781250003676361,0.07184678391511072,-0.09259115849451778,0.0843755859375,-0.037969013671875,0.8606309765625,-0.2193765234375,-0.02531267578125,-1.0800075,0.0954847265625,-0.039785302734375
4.788683156,0.0,-0.00019198621771998603,0.007766715171374283,0.8782322263110274,-1.0474942571694372,2.0425675502552236,-2.073974750144862,2.382985294210458,-3.8857835933476537,-0.4363323129985824,0.008726646259971648,0.4939281783143953,-0.5253441048502933,0.22863813201125718,-0.006981317007977318,-1.1780972450961724,1.0838494654884787,0.012463396533449599,-0.07665836088037231,0.8509628393471986,-0.2868801037452646,0.13665450644640434,-1.0777909528291074,0.07000114955085765,-0.10062905485691631,0.09281314453125,-0.04218779296875,0.856412197265625,-0.29531455078125,-0.0168751171875,-1.113757734375,0.039785302734375,-0.055699423828125
4.797951427,0.0,-0.0034557519189482022,0.007766715171374283,0.8819672309102953,-1.0509500090883863,2.0441470732282783,-2.073974750144862,2.374537900630805,-3.878592836829437,-0.45902159327450864,0.0,0.4642575810304917,-0.4153883619746504,0.2076941809873252,0.0,-1.0925761117484503,0.9756390518648302,0.028171359801400675,-0.07840369013236664,0.839077147141118,-0.2837036045066362,0.13175885789455935,-1.0769619214344095,0.0686921526118619,-0.09958185730571972,0.071719248046875,-0.004218779296875,0.881724873046875,-0.282658212890625,0.0506253515625,-1.113757734375,0.06763501464843749,-0.12333443847656249
4.8035944200000005,0.0,-0.006510078109938533,0.007661995416254452,0.8850390103938048,-1.0535330963813379,2.045534609983614,-2.073974750144862,2.3664919327791116,-3.872082758719498,-0.38571776469074687,-0.024434609527920613,0.45204027626653137,-0.3752457891787808,0.18238690683340744,0.0,-1.1205013797803596,0.809832772925369,0.021310218039922918,-0.06970834894459665,0.8138153465646323,-0.31293504467565125,0.18956830993934398,-1.0835651150954275,0.06447091265989509,-0.10904569435468753,0.06750046875,-0.054844130859375,0.847974638671875,-0.307970888671875,0.1181258203125,-1.01250703125,0.043763833007812496,-0.08752766601562499
4.810902739,0.0,-0.00804596785169398,0.007382742735935199,0.8883900425576345,-1.0565001561097285,2.0466341674123703,-2.073974750144862,2.3584285116348975,-3.8665151584056363,-0.09075712110370514,-0.03665191429188092,0.41887902047863906,-0.3420845333908886,0.11868238913561442,0.0,-1.0227629416686772,0.7225663103256525,0.02314281375451773,-0.0669507287264451,0.8058217385904997,-0.3092000400763836,0.18793642708872912,-1.0835651150954275,0.06586717606149055,-0.10075538040771446,0.0506253515625,-0.021093896484375,0.797349287109375,-0.333283564453125,0.1856262890625,-1.1306328515625,0.071613544921875,-0.07957060546875
4.818167057,0.0,-0.008237954069413078,0.007086036763096271,0.8908858633879864,-1.0586120045046417,2.0474021122832475,-2.073974750144862,2.350679249756043,-3.8620122089354907,0.012217304763960306,-0.04537856055185257,0.3351032163829113,-0.2617993877991494,0.10559241974565695,0.0,-1.0751228192285072,0.5707226654021458,-0.0164758933090997,-0.06956619361763061,0.7622589319729962,-0.3010938441064527,0.200084807466571,-1.0898241392386465,0.06577918429425597,-0.10362080056266937,0.05906291015625,-0.06750046875,0.81844318359375,-0.291095771484375,0.20250140625,-1.113757734375,0.0954847265625,-0.0517208935546875
4.825333711,0.0,-0.00804596785169398,0.006702064327657187,0.8928929920277797,-1.0599559080286771,2.0480304308139656,-2.073931116913562,2.343296507020107,-3.858748443234261,0.003490658503988659,-0.07853981633974483,0.28274333882308134,-0.1658062789394613,0.07679448708775051,0.004363323129985824,-1.0088003076527225,0.38571776469074687,-0.02619737724270895,-0.06780341107311666,0.7631490498915136,-0.30278681348088704,0.19908996979293492,-1.0898241392386465,0.06839717817224747,-0.09602861831649401,0.0,-0.05906291015625,0.788911728515625,-0.324846005859375,0.24468919921875,-1.10532017578125,0.0954847265625,-0.04774236328125
4.833126866000001,0.0,-0.00804596785169398,0.006038839211899738,0.8951968266404124,-1.0610031055798737,2.0485103963582643,-2.073931116913562,2.3361057505018903,-3.856357342159029,0.0,-0.07679448708775051,0.27401669256310973,-0.11868238913561442,0.051487212933832724,0.0,-0.9302604913129777,0.29670597283903605,-0.04959809967515396,-0.07465256914673897,0.7573886904472937,-0.32615216700958555,0.21662101161092992,-1.0881269609882058,0.068446308485735,-0.0914012275733168,0.02531267578125,-0.063281689453125,0.76781783203125,-0.299533330078125,0.236251640625,-1.08844505859375,0.04774236328125,-0.039785302734375
4.840222927,0.0,-0.00804596785169398,0.005550147021341267,0.8968374361372873,-1.0618757702058708,2.048842008916143,-2.073931116913562,2.3290022604462735,-3.8551007050975934,0.0,-0.05235987755982988,0.2111848394913139,-0.10995574287564278,0.046251225177849735,0.0,-0.9093165402890457,0.08377580409572782,-0.049249033824755095,-0.07283742672466606,0.7513498512353928,-0.3277229633363807,0.21771184239342578,-1.0876906286752073,0.06451931766874776,-0.08695063798073126,0.02531267578125,-0.06750046875,0.7593802734375,-0.3543774609375,0.1856262890625,-1.0293821484375,0.0318282421875,-0.103441787109375
4.848408117,0.0,-0.00804596785169398,0.005270894341022014,0.8985478588042413,-1.0623470091039091,2.049129988242722,-2.073931116913562,2.3224921823363345,-3.854908718879874,0.017453292519943295,-0.048869219055841226,0.2111848394913139,-0.02617993877991494,0.017453292519943295,0.0,-0.8307767239493008,-0.022689280275926284,-0.0713873388331665,-0.08302860699122638,0.7650269283716957,-0.3537965672136971,0.23339012809470167,-1.0883498262441007,0.06820172074080116,-0.07985588836934482,0.00843755859375,-0.07593802734375,0.746723935546875,-0.36281501953125,0.20250140625,-1.08844505859375,0.0318282421875,-0.04774236328125
4.855165359,0.0,-0.007958701389094713,0.004694935687863833,0.9000837485459963,-1.062538995321629,2.0492259813515816,-2.073931116913562,2.316435889831914,-3.8553974110704323,0.0,-0.10122909661567113,0.2059488517353309,0.0,0.012217304763960306,0.0,-0.8290313946973066,-0.10995574287564278,-0.07313266808516083,-0.0825399148006675,0.7598956603708338,-0.36076043092915483,0.23540598338075502,-1.0883498262441007,0.06427472992381392,-0.0745326341507621,0.004218779296875,-0.071719248046875,0.7593802734375,-0.371252578125,0.2531267578125,-1.1390704101562499,0.0517208935546875,-0.11139884765625
4.863145076,0.0,-0.00804596785169398,0.0035430183815479133,0.9017243580428711,-1.062538995321629,2.049374334338001,-2.073931116913562,2.3102050644022945,-3.8567413145944682,0.0,-0.18500490071139894,0.21293016874330822,0.0,0.022689280275926284,0.0,-0.7853981633974483,-0.1954768762233649,-0.08935699273031794,-0.08124976134202491,0.7464473276979233,-0.345971649289019,0.236095164374193,-1.0897196303880063,0.07113525280242552,-0.07046974078218603,-0.004218779296875,-0.07593802734375,0.746723935546875,-0.371252578125,0.19406384765625,-1.0293821484375,0.0915061962890625,-0.11139884765625
4.870736117,0.0,-0.008150687606813811,0.0019198621771927549,0.9030682615669066,-1.062538995321629,2.0496099537870207,-2.073931116913562,2.3044629311632328,-3.858661176771662,-0.020943951023931956,-0.21991148575128555,0.16406094968746698,0.0,0.03316125578789226,0.0,-0.773180858633488,-0.2879793265790644,-0.08909519334252014,-0.06941642901350438,0.7408273675065011,-0.345971649289019,0.23460290786373802,-1.0897196303880063,0.06895359123743261,-0.06619368411479992,-0.021093896484375,-0.071719248046875,0.74250515625,-0.358596240234375,0.17718873046875,-1.01250703125,0.10742031738281249,-0.0517208935546875
4.8787930180000005,0.0,-0.008342673824532909,0.00019198621771865376,0.9042201788732229,-1.062538995321629,2.0498542998822997,-2.073931116913562,2.2985113584139323,-3.8611569976020137,-0.04188790204786391,-0.21293016874330822,0.13264502315156904,0.0,0.025307274153917782,0.0,-0.7120943348136866,-0.33335788713091696,-0.10224195369444443,-0.0745197506295416,0.7459517168185327,-0.3455732965468239,0.22442605628233706,-1.1057964335954038,0.07630910284030286,-0.06079053471818118,-0.04218779296875,-0.063281689453125,0.738286376953125,-0.3206272265625,0.270001875,-1.1306328515625,0.0318282421875,-0.063656484375
4.8861958340000005,0.0,-0.00891863247769109,-0.0012566370614366384,0.9051626566693001,-1.062451728859029,2.0499939262224594,-2.073931116913562,2.293432450290629,-3.8639320711126848,-0.09424777960769379,-0.14311699866353503,0.13788101090755203,0.017453292519943295,0.01658062789394613,0.0,-0.7208209810736581,-0.3961897402027128,-0.09957159993889393,-0.07003425445191702,0.7456375575531734,-0.3455732965468239,0.22447841615989744,-1.1057964335954038,0.07325477664931279,-0.05852160669058855,-0.05906291015625,-0.071719248046875,0.74250515625,-0.36281501953125,0.26156431640625,-1.113757734375,0.071613544921875,-0.063656484375
4.894110814,0.0,-0.009965830028887623,-0.0017278759594749893,0.9065065601933355,-1.062451728859029,2.0501335525626185,-2.073931116913562,2.287498330833848,-3.867475089494233,-0.1466076571675237,-0.003490658503988659,0.16057029118347835,0.0,0.022689280275926284,0.0,-0.6684611035138283,-0.44331363000655977,-0.0931512635285626,-0.07341717739552456,0.7932960164753498,-0.4094349813895072,0.25460634063923127,-1.1238419782197324,0.07898677675963842,-0.05767489716897966,-0.07593802734375,-0.071719248046875,0.738286376953125,-0.316408447265625,0.168751171875,-1.1306328515625,0.0318282421875,-0.07957060546875
4.903596655,0.0,-0.011030480872603832,-0.0015358897417558914,0.907850463717371,-1.062538995321629,2.050377898657898,-2.073931116913562,2.282890661608583,-3.8704421492226233,-0.1308996938995747,0.048869219055841226,0.19198621771937624,0.0,0.04188790204786391,0.0,-0.6544984694978736,-0.4729842272904633,-0.08477368311899,-0.08596609471736413,0.7869953778756508,-0.40768965213751285,0.2535765963805557,-1.1238419782197324,0.07636878288164693,-0.055318702678787315,-0.080156806640625,-0.071719248046875,0.822661962890625,-0.41344037109375,0.270001875,-1.113757734375,0.0358067724609375,-0.07957060546875
4.910687404,0.0,-0.012077678423801252,-0.0012566370614366384,0.9095783396768455,-1.062538995321629,2.0508578642021966,-2.073931116913562,2.276851822396683,-3.8749625519852886,-0.09250245035569947,0.0,0.17453292519943295,0.0,0.05672320068981571,0.0,-0.6213372137099813,-0.45029494701453704,-0.08206874731544651,-0.08738399602688837,0.7672709457856662,-0.3792513811587166,0.25428933178941077,-1.1293840478932706,0.08222289664875043,-0.05311891869948746,-0.080156806640625,-0.080156806640625,0.772036611328125,-0.4218779296875,0.26156431640625,-1.14750796875,0.04774236328125,-0.0198926513671875
4.9180398190000005,0.0,-0.012566370614359279,-0.0013439035240367936,0.9107302569831619,-1.062451728859029,2.0511894767600753,-2.073974750144862,2.272540859144257,-3.8784008506117176,-0.05934119456780721,-0.017453292519943295,0.12915436464758037,0.0,0.028797932657906436,0.0,-0.5445427266222309,-0.47647488579445196,-0.08276687901624177,-0.08333483216226201,0.7638326471592369,-0.3792513811587166,0.2513659052923197,-1.1293840478932706,0.08056483385935581,-0.054253382713283775,-0.07593802734375,-0.080156806640625,0.763599052734375,-0.400784033203125,0.29531455078125,-1.1390704101562499,0.07957060546875,-0.01591412109375
4.925263497,0.0,-0.01303760951239763,-0.0014486232791561804,0.9114109353914399,-1.062538995321629,2.051285469868935,-2.073974750144862,2.2683171623544305,-3.8818566025306662,-0.061086523819801536,0.0,0.08377580409572782,0.0,0.0,-0.004363323129985824,-0.5759586531581288,-0.5078908123303499,-0.08036531381036711,-0.0830210882443424,0.7597828807872792,-0.3651974263713309,0.2709176946849932,-1.1221351019156485,0.079396086769611,-0.05213579661384567,-0.080156806640625,-0.09281314453125,0.76781783203125,-0.383908916015625,0.27843943359375,-1.05469482421875,0.0915061962890625,-0.071613544921875
4.932666697,0.0,-0.013316862192716883,-0.0014486232791561804,0.9118821742894783,-1.062451728859029,2.051285469868935,-2.074027110022422,2.264774143972882,-3.8850156484767764,-0.03665191429188092,0.0,0.05759586531581287,0.008726646259971648,0.006981317007977318,-0.009599310885968814,-0.5410520681182421,-0.4694935687864747,-0.07877706419105264,-0.08445225823097857,0.7622787016176303,-0.36493562698353044,0.2735095086242052,-1.12169876960265,0.0809668830964059,-0.05056500028705078,-0.097031923828125,-0.0843755859375,0.763599052734375,-0.33750234375,0.19406384765625,-1.1643830859375,0.103441787109375,-0.055699423828125
4.941536021,0.0,-0.013421581947836714,-0.0014486232791561804,0.9123534131875171,-1.062451728859029,2.051337829746495,-2.0741667363625815,2.2606377136456555,-3.8890473590488828,-0.010471975511965978,0.0,0.05934119456780721,0.0,0.0,-0.01832595714594046,-0.4956735075663896,-0.4974188368183839,-0.0777743411876457,-0.08927284720712336,0.7587374805019081,-0.35500343071233204,0.28259855645307436,-1.117548475019674,0.08104797054548998,-0.05160612608748214,-0.0843755859375,-0.088594365234375,0.780474169921875,-0.3881276953125,0.31218966796875,-1.14750796875,0.043763833007812496,-0.0358067724609375
4.948516465,0.0,-0.013421581947836714,-0.0014486232791561804,0.9128421053780755,-1.0623470091039091,2.051337829746495,-2.0743587225803,2.256815442583788,-3.89307906962099,0.0,0.0,0.054105206811824215,0.008726646259971648,0.0,-0.028797932657906436,-0.44331363000655977,-0.5288347633542818,-0.08007817580027769,-0.08927284720712336,0.7571492308825923,-0.35413076608633487,0.28313960852119235,-1.1162569313731978,0.07877904251789736,-0.05020986268588669,-0.080156806640625,-0.0843755859375,0.7593802734375,-0.32906478515625,0.2193765234375,-1.12219529296875,0.0278497119140625,-0.0517208935546875
4.956373749,0.0,-0.013421581947836714,-0.0014486232791561804,0.9132260778135133,-1.0623470091039091,2.051381462977795,-2.07460306867558,2.2532549709097194,-3.897669285553735,0.0,0.0,0.050614548307835565,0.008726646259971648,0.006981317007977318,-0.031415926535897934,-0.4241150082346221,-0.5358160803622591,-0.08250031839599181,-0.09797224569492968,0.7687366030926187,-0.36545490954251086,0.2840635177681139,-1.1218656365217659,0.07915065370906632,-0.048123195609141384,-0.080156806640625,-0.097031923828125,0.75094271484375,-0.32906478515625,0.2868769921875,-1.1390704101562499,0.0318282421875,-0.0119355908203125
4.96300683,0.0,-0.013421581947836714,-0.0014486232791561804,0.9135053304938325,-1.0622597426413098,2.051433822855355,-2.074838688124599,2.250671883616768,-3.9008457847923648,0.0,0.0,0.04188790204786391,0.019198621771937627,0.008726646259971648,-0.04188790204786391,-0.4049163864626845,-0.5044001538263613,-0.08250031839599181,-0.09797224569492968,0.7679337516367043,-0.36545490954251086,0.2832344863734159,-1.120870798848127,0.07819072262046944,-0.04777412975874251,-0.080156806640625,-0.105469482421875,0.76781783203125,-0.367033798828125,0.2868769921875,-1.046257265625,0.0755920751953125,-0.01591412109375
4.970374733,0.0,-0.013421581947836714,-0.0014486232791561804,0.9138893029292716,-1.06215502288619,2.051433822855355,-2.0750830342198783,2.247792090350977,-3.9046680558542324,0.008726646259971648,0.0,0.05235987755982988,0.005235987755982989,0.0,-0.029670597283903605,-0.3647738136668149,-0.5201081170943103,-0.08392340909232665,-0.10108164119892749,0.7750416433940155,-0.3683083224322804,0.28780695772314097,-1.1214864746145319,0.07998081573135835,-0.04914916953093383,-0.097031923828125,-0.101250703125,0.776255390625,-0.33750234375,0.31218966796875,-1.181258203125,0.0835491357421875,-0.0835491357421875
4.976814916,0.0,-0.013421581947836714,-0.0015358897417558914,0.9142732753647103,-1.0619630366684705,2.0514774560866544,-2.075222660560038,2.2455929754934645,-3.907844555092862,0.0,-0.019198621771937627,0.04363323129985824,0.019198621771937627,0.008726646259971648,-0.014835298641951803,-0.31590459461097364,-0.4939281783143953,-0.08479607371832382,-0.10108164119892749,0.7728425285365016,-0.36722621829604446,0.28867962234913813,-1.1219751668050895,0.07797368709156485,-0.04836377136753638,-0.080156806640625,-0.105469482421875,0.776255390625,-0.371252578125,0.29531455078125,-1.1643830859375,0.063656484375,-0.0517208935546875
4.984597159000001,0.0,-0.013421581947836714,-0.0017278759594749893,0.9145699813375496,-1.0617710504507514,2.051573449195514,-2.075275020437598,2.243201874418232,-3.9114748399370103,0.0,-0.015707963267948967,0.02617993877991494,0.031415926535897934,0.013962634015954637,0.0,-0.3246312408709453,-0.46774823953448036,-0.08777501653422881,-0.10783146743262538,0.7839690120641449,-0.36375337723663226,0.30026388845355084,-1.123988246756472,0.0782588671719454,-0.050090663921633,-0.080156806640625,-0.101250703125,0.78469294921875,-0.37969013671875,0.303752109375,-1.12219529296875,0.0517208935546875,-0.0755920751953125
4.991426626,0.0,-0.013421581947836714,-0.0018325957145948202,0.9147619675552687,-1.0614917977704321,2.051721802181934,-2.075275020437598,2.2411772924859186,-3.9146513391756397,0.0,-0.020943951023931956,0.031415926535897934,0.03316125578789226,0.029670597283903605,0.0,-0.27227136331111546,-0.4276056667386107,-0.08777501653422881,-0.10760457462986696,0.7848242233976211,-0.3655510663661856,0.2994523103513739,-1.1253146969879873,0.07869519948494398,-0.05139966086062874,-0.101250703125,-0.10968826171875,0.7931305078124999,-0.333283564453125,0.3206272265625,-1.17282064453125,0.04774236328125,-0.08752766601562499
4.999431623,0.0,-0.013421581947836714,-0.0019198621771949753,0.9148492340178689,-1.0611950917975927,2.0520534147398126,-2.0753186536688975,2.239257430308725,-3.918002371339469,0.0,-0.013962634015954637,0.015707963267948967,0.024434609527920613,0.046251225177849735,0.0,-0.24260076602721178,-0.4206243497306334,-0.084930131542583,-0.11027170381215289,0.786902457802743,-0.36390600345432156,0.3036777989807818,-1.127182944973827,0.0784546299960764,-0.05351191719264481,-0.101250703125,-0.10968826171875,0.788911728515625,-0.32906478515625,0.22781408203125,-1.1306328515625,0.103441787109375,-0.0954847265625
5.007458283,0.0,-0.013421581947836714,-0.002024581932314362,0.915041220235588,-1.0609158391172744,2.0525333802841113,-2.0753186536688975,2.2375470076417705,-3.920969431067859,0.0,-0.010471975511965978,0.017453292519943295,0.029670597283903605,0.07592182246175334,0.0,-0.20420352248333656,-0.3612831551628263,-0.084930131542583,-0.11070803612515015,0.7882114547417375,-0.3639234567468425,0.301024898517751,-1.1270520452799282,0.07697110013188123,-0.05386098304304368,-0.097031923828125,-0.113907041015625,0.788911728515625,-0.367033798828125,0.21093896484375,-1.1643830859375,0.0596779541015625,-0.103441787109375
5.015422480000001,0.0,-0.013508848410436869,-0.002216568150033904,0.9152332064533075,-1.0607238528995544,2.0533536850325484,-2.0753186536688975,2.235819131682296,-3.924041210551369,-0.017453292519943295,-0.017453292519943295,0.022689280275926284,0.022689280275926284,0.08988445647770799,0.0,-0.1867502299633933,-0.36302848441482055,-0.07329942505349685,-0.10902525605705364,0.7859207046365787,-0.3625406008167757,0.30170352220741,-1.1261620883287868,0.07633120299775539,-0.055950334574794015,-0.080156806640625,-0.088594365234375,0.788911728515625,-0.371252578125,0.303752109375,-1.0631323828124999,0.055699423828125,-0.0915061962890625
5.022332331,0.0,-0.013508848410436869,-0.002408554367753002,0.9154251926710266,-1.060619133144435,2.0538772838081467,-2.0753186536688975,2.2346672143759796,-3.926240325408882,-0.008726646259971648,-0.022689280275926284,0.022689280275926284,0.017453292519943295,0.06632251157578452,0.0,-0.1518436449235067,-0.2949606435870417,-0.07129229641370205,-0.10775116570309728,0.7848211472078218,-0.36241842776913796,0.29784634456050296,-1.1261620883287868,0.07545853837175823,-0.055863068112194304,-0.071719248046875,-0.088594365234375,0.78469294921875,-0.36281501953125,0.3206272265625,-1.15594552734375,0.1153773779296875,-0.0755920751953125
5.03061173,0.0,-0.013700834628155967,-0.002495820830353157,0.9156171788887457,-1.0605318666818353,2.0542612562435854,-2.0753186536688975,2.2337072832873828,-3.9281601875860757,-0.017453292519943295,-0.017453292519943295,0.027925268031909273,0.0,0.04450589592585541,0.0,-0.12217304763960307,-0.23736477827122884,-0.052628890514053006,-0.10055664591586697,0.783676381429573,-0.3657226820684071,0.2930279375395362,-1.1290865008177242,0.07456008681389385,-0.0572621124119794,-0.06750046875,-0.1181258203125,0.788911728515625,-0.367033798828125,0.24468919921875,-1.05469482421875,0.039785302734375,-0.071613544921875
5.040817802,0.0,-0.01380555438327491,-0.002495820830353157,0.9158091651064653,-1.0605318666818353,2.0545492355701644,-2.0753186536688975,2.232747352198786,-3.930184769518389,-0.006981317007977318,0.0,0.017453292519943295,0.0,0.027925268031909273,0.0,-0.1117010721276371,-0.2303834612632515,-0.05118026723489855,-0.1008184453036648,0.7825768240008173,-0.3642391522042119,0.2940576817982132,-1.1290865008177242,0.07307655694969865,-0.06014190567777004,-0.05906291015625,-0.113907041015625,0.788911728515625,-0.375471357421875,0.2531267578125,-1.1643830859375,0.06763501464843749,-0.023871181640625
5.048528332,0.0,-0.013892820845875065,-0.002495820830353157,0.9160011513241844,-1.060427146926716,2.0547848550191836,-2.075275020437598,2.23159543489247,-3.932191898158183,0.0,0.0,0.017453292519943295,0.0,0.014835298641951803,0.0,-0.0994837673636768,-0.16231562043547265,-0.024095467626775457,-0.09244907495353205,0.7913607203743268,-0.37619241667908065,0.29594017997088856,-1.1307066444696865,0.07171228681360765,-0.058354837916966676,-0.071719248046875,-0.080156806640625,0.788911728515625,-0.367033798828125,0.3206272265625,-1.181258203125,0.0755920751953125,-0.04774236328125
5.056841204,0.0,-0.013892820845875065,-0.002495820830353157,0.9161931375419043,-1.060427146926716,2.054880848128043,-2.075275020437598,2.2309322097767117,-3.9334310819270986,0.0,0.0,0.017453292519943295,0.0,0.008726646259971648,0.0,-0.09424777960769379,-0.1832595714594046,-0.024531799939772725,-0.09244907495353205,0.7907847617211695,-0.3765065759444388,0.29654231856282676,-1.1308375441635854,0.07110142157540965,-0.06175822995835561,-0.046406572265625,-0.101250703125,0.7931305078124999,-0.383908916015625,0.29531455078125,-1.12219529296875,0.0596779541015625,-0.0517208935546875
5.0650732110000005,0.0,-0.013892820845875065,-0.002408554367753002,0.9162978572970237,-1.060427146926716,2.054976841236903,-2.075275020437598,2.2301642649058344,-3.934966971668854,0.0,0.017453292519943295,0.005235987755982989,0.008726646259971648,0.006108652381980153,0.0,-0.09424777960769379,-0.16231562043547265,-0.0034751124804230926,-0.0860217254308222,0.8051234051092541,-0.38601102829219425,0.3059145530075997,-1.130550637205959,0.06931477146148286,-0.0597190248535816,-0.037969013671875,-0.07593802734375,0.788911728515625,-0.37969013671875,0.3206272265625,-1.1390704101562499,0.071613544921875,-0.055699423828125
5.0719028690000005,0.0,-0.01380555438327491,-0.002303834612633171,0.9164898435147437,-1.0603398804641158,2.054976841236903,-2.075275020437598,2.229396320034957,-3.9361188889751704,0.0017453292519943296,0.010471975511965978,0.017453292519943295,0.017453292519943295,0.003490658503988659,0.0,-0.09599310885968812,-0.14835298641951802,-0.0034751124804230926,-0.088028854070617,0.806030976320292,-0.3868836929181914,0.30588837306881883,-1.130550637205959,0.06931477146148286,-0.060766222404778185,-0.04218779296875,-0.097031923828125,0.80156806640625,-0.392346474609375,0.31218966796875,-1.1390704101562499,0.0596779541015625,-0.0517208935546875
5.079871546000001,0.0,-0.013700834628155967,-0.002303834612633171,0.9166818297324624,-1.0602351607089964,2.055029201114463,-2.075275020437598,2.2286283751640794,-3.9372708062814863,0.008726646259971648,0.003490658503988659,0.031415926535897934,0.017453292519943295,0.007853981633974483,0.0,-0.08901179185171082,-0.1518436449235067,0.008693194140712446,-0.08466076764391824,0.800046850656808,-0.3782158899766134,0.29002374838244505,-1.136798664292217,0.07002618796184809,-0.05913882673559987,-0.029531455078125,-0.105469482421875,0.805786845703125,-0.39656525390624997,0.3206272265625,-1.0631323828124999,0.0517208935546875,-0.04774236328125
5.087924223,0.0,-0.013700834628155967,-0.002303834612633171,0.9168738159501815,-1.0599559080286771,2.055029201114463,-2.075275020437598,2.228139682973521,-3.938230737370083,0.006981317007977318,0.0,0.022689280275926284,0.04188790204786391,0.0,0.0,-0.06632251157578452,-0.12042771838760874,0.007680903174557886,-0.0839626359431205,0.7980746286020566,-0.37853004924197153,0.2894303364367667,-1.136798664292217,0.06967712211144922,-0.05896429381040044,-0.0168751171875,-0.105469482421875,0.797349287109375,-0.39656525390624997,0.303752109375,-1.17282064453125,0.063656484375,-0.0517208935546875
5.098640315,0.0,-0.013613568165555812,-0.002303834612633171,0.9170658021679015,-1.0594846691306388,2.055029201114463,-2.075275020437598,2.2276684440754826,-3.9391906684586804,0.0,0.0,0.031415926535897934,0.047123889803846894,0.0,0.0,-0.04014257279586959,-0.0994837673636768,0.015935266656865243,-0.08690007521073406,0.7985568987352435,-0.3745601843848608,0.27266988551531,-1.145889743527294,0.06959006816854905,-0.05784324752159094,-0.00843755859375,-0.06750046875,0.797349287109375,-0.383908916015625,0.29531455078125,-1.17282064453125,0.0596779541015625,-0.0517208935546875
5.10412497,0.0,-0.013613568165555812,-0.002303834612633171,0.9172577883856206,-1.0591006966951997,2.055029201114463,-2.075275020437598,2.2273717381026437,-3.939853893574438,0.0,-0.017453292519943295,0.020943951023931956,0.04363323129985824,0.0,0.0,-0.02617993877991494,-0.07504915783575616,0.01637159896986251,-0.08690007521073406,0.7971082754560863,-0.3764974998545741,0.27266988551531,-1.145889743527294,0.0682810712295533,-0.05889044507278754,-0.004218779296875,-0.101250703125,0.80156806640625,-0.3543774609375,0.2868769921875,-1.17282064453125,0.0994632568359375,-0.0517208935546875
5.111651339000001,0.0,-0.013613568165555812,-0.002408554367753002,0.9174497746033401,-1.0588039907223608,2.055029201114463,-2.075275020437598,2.227179751884924,-3.940429852227596,0.0,0.0,0.020943951023931956,0.027925268031909273,0.0,0.0,-0.003490658503988659,-0.07155849933176751,0.023715258147285034,-0.08707432471960208,0.8097184323963086,-0.3786823595054159,0.28294042146120235,-1.1438549303616292,0.06655258383684579,-0.05944630971065589,-0.004218779296875,-0.097031923828125,0.788911728515625,-0.371252578125,0.27843943359375,-1.07156994140625,0.0994632568359375,-0.0835491357421875
5.1187658,0.0,-0.013613568165555812,-0.002408554367753002,0.9175370410659398,-1.0586120045046417,2.055029201114463,-2.075275020437598,2.227179751884924,-3.9409185444181545,0.0,0.0,0.017453292519943295,0.027925268031909273,0.0026179938779914945,0.0,0.0,-0.07330382858376185,0.023715258147285034,-0.08850549470623692,0.80914247374315,-0.3780016810971378,0.28294042146120235,-1.1438549303616292,0.06541811982304947,-0.05962084263585532,-0.004218779296875,-0.09281314453125,0.810005625,-0.375471357421875,0.303752109375,-1.15594552734375,0.0596779541015625,-0.04774236328125
5.126615883,0.0,-0.013613568165555812,-0.002408554367753002,0.9176417608210601,-1.058524738042042,2.055029201114463,-2.075275020437598,2.227179751884924,-3.941389783316193,0.0,0.0,0.003490658503988659,0.015707963267948967,0.0,0.0,0.019198621771937627,-0.06632251157578452,0.03155820773886209,-0.08753026586016377,0.8130765643749086,-0.3718566498077444,0.2972457439367684,-1.1366504275406606,0.0640673041343689,-0.059337745112846056,-0.004218779296875,-0.09281314453125,0.810005625,-0.358596240234375,0.29531455078125,-1.17282064453125,0.0517208935546875,-0.04774236328125
5.134236429,0.0,-0.013613568165555812,-0.002408554367753002,0.9177290272836593,-1.0583327518243224,2.0550728343457627,-2.075275020437598,2.2273717381026437,-3.9418784755067513,0.0,0.0,0.0,0.019198621771937627,0.006108652381980153,0.0,0.017453292519943295,-0.05759586531581287,0.03155820773886209,-0.08753026586016377,0.8141586685111433,-0.37089671871914753,0.2975075433245675,-1.1366504275406606,0.06310737304577202,-0.05968681096324492,0.00843755859375,-0.105469482421875,0.81844318359375,-0.37969013671875,0.24468919921875,-1.0631323828124999,0.0596779541015625,-0.0517208935546875
5.142968440000001,0.0,-0.013613568165555812,-0.002408554367753002,0.9178337470387787,-1.0582280320692026,2.0550728343457627,-2.075275020437598,2.227476457857763,-3.94226244794219,0.0,0.008726646259971648,0.012217304763960306,0.012217304763960306,0.0,0.0,0.017453292519943295,-0.04537856055185257,0.029490322377250244,-0.09857930179675778,0.8226512180671968,-0.3610008179869567,0.30513301882139515,-1.1393540942276723,0.06328253400767364,-0.060318229278593365,0.0,-0.097031923828125,0.81844318359375,-0.371252578125,0.2531267578125,-1.0631323828124999,0.0596779541015625,-0.06763501464843749
5.151104862,0.0,-0.013613568165555812,-0.002408554367753002,0.9178337470387787,-1.0581407656066033,2.0550728343457627,-2.0753186536688975,2.2275637243203628,-3.942541700622509,0.0,0.0,0.003490658503988659,0.017453292519943295,0.005235987755982989,0.0,0.0,-0.027925268031909273,0.029490322377250244,-0.09945196642275494,0.8211153283254425,-0.36061684555151846,0.3057438840595932,-1.1393540942276723,0.06328253400767364,-0.06092909451679138,0.00843755859375,-0.09281314453125,0.822661962890625,-0.371252578125,0.32906478515625,-1.17282064453125,0.0954847265625,-0.06763501464843749
5.159223203000001,0.0,-0.013613568165555812,-0.002408554367753002,0.9179210135013784,-1.0580360458514835,2.0550728343457627,-2.0753186536688975,2.227476457857763,-3.942838406595348,0.0017453292519943296,0.0,0.008726646259971648,0.012217304763960306,0.0,0.0,-0.008726646259971648,-0.031415926535897934,0.026455062012836983,-0.10515648063262661,0.8222026143761147,-0.35143908892212894,0.31153574757523556,-1.1400790874304256,0.06442731618881226,-0.06204645856133331,0.0168751171875,-0.101250703125,0.8268807421875,-0.36281501953125,0.3206272265625,-1.08844505859375,0.055699423828125,-0.0198926513671875
5.166385025,0.0,-0.013508848410436869,-0.002408554367753002,0.9179210135013784,-1.0579487793888833,2.0550728343457627,-2.0753186536688975,2.2273717381026437,-3.942925673057948,0.017453292519943295,0.0,0.008726646259971648,0.0,0.0,0.0,-0.020943951023931956,-0.022689280275926284,0.02628052908763755,-0.10515648063262661,0.8214172162127173,-0.3512296494118901,0.3120593463508339,-1.1400790874304256,0.06486364850181084,-0.061871925636133876,0.0,-0.105469482421875,0.810005625,-0.358596240234375,0.31218966796875,-1.15594552734375,0.055699423828125,-0.06763501464843749
5.174605416,0.0,-0.013508848410436869,-0.002408554367753002,0.9180257332564978,-1.0579487793888833,2.0551251942233226,-2.0753186536688975,2.227179751884924,-3.9432223790307868,0.013962634015954637,0.0,0.017453292519943295,0.003490658503988659,0.0,0.0,-0.022689280275926284,-0.022689280275926284,0.02478771804139857,-0.10919442336996754,0.8221816457819617,-0.34778304234558766,0.3185687770573349,-1.1401057307066402,0.06546428409284928,-0.062414994966764,0.0,-0.10968826171875,0.810005625,-0.33750234375,0.3206272265625,-1.1643830859375,0.0915061962890625,-0.11139884765625
5.182659437000001,0.0,-0.013508848410436869,-0.002408554367753002,0.9180257332564978,-1.057844059633764,2.0551251942233226,-2.0753186536688975,2.2269877656672046,-3.943309645493387,0.0,0.0,0.0,0.0,0.0008726646259971648,0.0,-0.027925268031909273,-0.017453292519943295,0.025136783891797434,-0.10919442336996754,0.8209948218906064,-0.3481321081959865,0.31841169742465514,-1.1401057307066402,0.06555155055544899,-0.062414994966764,0.0168751171875,-0.1181258203125,0.8268807421875,-0.35015868164062497,0.3206272265625,-1.15594552734375,0.063656484375,-0.071613544921875
5.190937428000001,0.0,-0.013421581947836714,-0.002495820830353157,0.9181129997190975,-1.0577567931711642,2.0551251942233226,-2.0753186536688975,2.2267085129868858,-3.9434143652485063,0.0,-0.0017453292519943296,0.005235987755982989,0.003490658503988659,0.0,0.0,-0.029670597283903605,-0.012217304763960306,0.027601211887864352,-0.10953330930312832,0.8266920732016598,-0.3510695809377662,0.33228157379195045,-1.136507636720129,0.0651219807673372,-0.06338167143309631,0.00843755859375,-0.10968826171875,0.822661962890625,-0.36281501953125,0.34593990234375,-1.17282064453125,0.055699423828125,-0.06763501464843749
5.199422429,0.0,-0.013421581947836714,-0.002495820830353157,0.9181129997190975,-1.0577567931711642,2.0551251942233226,-2.0753186536688975,2.2265165267691662,-3.943501631711106,0.005235987755982989,-0.006981317007977318,0.0,0.0017453292519943296,0.0,0.0,-0.02617993877991494,0.0,0.027339412500063887,-0.10909697699012842,0.8259066750382624,-0.35168044617596417,0.33236884025455016,-1.136507636720129,0.06520924722993691,-0.06364347082089547,0.012656337890625,-0.10968826171875,0.8268807421875,-0.3543774609375,0.34593990234375,-1.0631323828124999,0.0915061962890625,-0.04774236328125
5.2068885090000006,0.0,-0.013421581947836714,-0.002687807048072255,0.9182177194742178,-1.0576520734160448,2.0551251942233226,-2.0753186536688975,2.2262198207963273,-3.943501631711106,0.0,-0.010471975511965978,0.015707963267948967,0.0,0.0,0.0,-0.022689280275926284,0.0,0.028760012928910474,-0.10792915631263651,0.826770601434367,-0.34955348860534086,0.3454396918189575,-1.131764418298193,0.06450259383850518,-0.06508119404315948,0.02531267578125,-0.088594365234375,0.810005625,-0.358596240234375,0.3543774609375,-1.181258203125,0.0596779541015625,-0.0358067724609375
5.2142372120000005,0.0,-0.013421581947836714,-0.002792526803192086,0.9183049859368171,-1.0575648069534447,2.0551251942233226,-2.0753186536688975,2.2260278345786078,-3.943501631711106,0.0,-0.022689280275926284,0.015707963267948967,0.006981317007977318,0.004363323129985824,0.0,-0.029670597283903605,0.0,0.029283611704508772,-0.10700413180908035,0.8248856458422112,-0.3496931149454996,0.3454396918189575,-1.131764418298193,0.06432806091330574,-0.06508119404315948,0.0168751171875,-0.113907041015625,0.8310995214843749,-0.341721123046875,0.3543774609375,-1.1306328515625,0.055699423828125,-0.06763501464843749
5.222963559,0.0,-0.013421581947836714,-0.002967059728391064,0.9183049859368171,-1.0575648069534447,2.0551688274546223,-2.0753186536688975,2.225835848360888,-3.9434143652485063,0.0,-0.012217304763960306,0.017453292519943295,0.012217304763960306,0.0,0.0,-0.02617993877991494,0.015707963267948967,0.02896944400380086,-0.10787302126311035,0.8206661576459723,-0.34729644026589407,0.34611971724969903,-1.1322527591528377,0.06515517091596444,-0.06536132842302322,0.021093896484375,-0.10968826171875,0.83531830078125,-0.33750234375,0.31218966796875,-1.15594552734375,0.055699423828125,-0.0318282421875
5.230538024,0.0,-0.013421581947836714,-0.0030717794835108947,0.9183049859368171,-1.0574600871983253,2.0551688274546223,-2.0753186536688975,2.225643862143169,-3.943309645493387,0.0,-0.017453292519943295,0.0,0.0,0.0,0.0,-0.031415926535897934,0.013962634015954637,0.02896944400380086,-0.10839662003871002,0.8204916247207729,-0.34782003904149233,0.3464251498687987,-1.1322527591528377,0.064980637990765,-0.06614672658642066,0.029531455078125,-0.09281314453125,0.810005625,-0.3543774609375,0.3543774609375,-1.14750796875,0.055699423828125,-0.06763501464843749
5.238855632,0.0,-0.013421581947836714,-0.0032637657012304366,0.9184097056919369,-1.0574600871983253,2.0551688274546223,-2.0753186536688975,2.22536460946285,-3.943309645493387,0.0,-0.020943951023931956,0.0,0.0,0.0,0.0,-0.03665191429188092,0.0,0.024069503550331106,-0.11237889218035224,0.8220124083747371,-0.3452330473592631,0.34567734999544664,-1.1340689722837887,0.06612359519402054,-0.06641613431815689,0.02531267578125,-0.105469482421875,0.822661962890625,-0.3543774609375,0.3543774609375,-1.17282064453125,0.063656484375,-0.0994632568359375
5.247249144,0.0,-0.013421581947836714,-0.0034557519189495345,0.9184097056919369,-1.0574600871983253,2.0551688274546223,-2.0753186536688975,2.225067903490011,-3.9432223790307868,0.0,-0.017453292519943295,0.0,0.0,0.0,0.0,-0.03490658503988659,0.0,0.024069503550331106,-0.11145386767679476,0.8216982491093776,-0.3452330473592631,0.34567734999544664,-1.1340689722837887,0.06638539458181969,-0.06571800261735916,0.033750234375,-0.09281314453125,0.810005625,-0.3543774609375,0.36281501953125,-1.1390704101562499,0.063656484375,-0.1153773779296875
5.255405086000001,0.0,-0.013421581947836714,-0.0034557519189495345,0.9184969721545362,-1.0573728207357256,2.0551688274546223,-2.0753186536688975,2.224701384347092,-3.943309645493387,0.0,0.0,0.0,0.0,0.0,0.0,-0.04014257279586959,-0.015707963267948967,0.021317682829598894,-0.11277144670416595,0.8161095089989803,-0.340757334583079,0.3433629835952048,-1.1348005894960842,0.06726560836147233,-0.06559854745864868,0.029531455078125,-0.122344599609375,0.8268807421875,-0.341721123046875,0.3543774609375,-1.15594552734375,0.055699423828125,-0.06763501464843749
5.26360106,0.0,-0.013421581947836714,-0.0035430183815492455,0.9184969721545362,-1.0573728207357256,2.055221187332182,-2.0753186536688975,2.224404678374253,-3.9434143652485063,0.0,0.0,0.0,0.0,0.0,0.0,-0.04363323129985824,-0.017453292519943295,0.021317682829598894,-0.11451677595616028,0.8158477096111825,-0.34101913397087813,0.3433629835952048,-1.1348005894960842,0.06752740774927148,-0.06481314929525124,0.012656337890625,-0.1181258203125,0.814224404296875,-0.34593990234375,0.36281501953125,-1.1306328515625,0.071613544921875,-0.0994632568359375
5.271505992000001,0.0,-0.013421581947836714,-0.0035430183815492455,0.918601691909656,-1.0573728207357256,2.055221187332182,-2.0753186536688975,2.2240207059388144,-3.943501631711106,0.0,0.0,0.0,0.0,0.0,0.0,-0.04014257279586959,-0.008726646259971648,0.014964365069667807,-0.11856234720124803,0.8149215428383401,-0.33852079038395644,0.34244297195998064,-1.135140872413107,0.06853189810006524,-0.06482639861548462,0.029531455078125,-0.097031923828125,0.822661962890625,-0.35015868164062497,0.36281501953125,-1.1306328515625,0.06763501464843749,-0.06763501464843749
5.280494197,0.0,-0.013421581947836714,-0.0036477381366690764,0.918601691909656,-1.0572681009806053,2.055221187332182,-2.0753186536688975,2.2236367335033758,-3.943606351466226,0.0,-0.008726646259971648,0.006981317007977318,0.005235987755982989,0.0,0.0,-0.04537856055185257,-0.012217304763960306,0.014964365069667807,-0.11856234720124803,0.8146073835729806,-0.33852079038395644,0.34244297195998064,-1.135140872413107,0.0683573651748658,-0.06526273092848321,0.021093896484375,-0.113907041015625,0.81844318359375,-0.33750234375,0.3543774609375,-1.15594552734375,0.071613544921875,-0.06763501464843749
5.288230712000001,0.0,-0.013316862192716883,-0.0037350045992687875,0.9186889583722562,-1.0572681009806053,2.055221187332182,-2.0753186536688975,2.2233574808230565,-3.9436936179288256,0.0,0.0,0.0017453292519943296,0.0,0.0,0.0,-0.038397243543875255,-0.015707963267948967,0.007967065689067354,-0.12305579380292192,0.8147523595725308,-0.3411811541540187,0.3375196208509528,-1.1401693884672603,0.07025937262817476,-0.06513688009690408,0.029531455078125,-0.101250703125,0.80156806640625,-0.341721123046875,0.36281501953125,-1.17282064453125,0.071613544921875,-0.10742031738281249
5.298721906,0.0,-0.013316862192716883,-0.0037350045992687875,0.9186889583722562,-1.0572681009806053,2.055221187332182,-2.0753186536688975,2.222973508387618,-3.943798337683945,0.0,-0.017453292519943295,0.008726646259971648,0.0,0.0,0.0,-0.03665191429188092,0.0,0.0076529064237078614,-0.12366665904111995,0.8150141589603286,-0.34065755537842035,0.3375196208509528,-1.1401693884672603,0.06991030677777589,-0.06496234717170464,0.0168751171875,-0.12656337890625,0.81844318359375,-0.341721123046875,0.33750234375,-1.15594552734375,0.0755920751953125,-0.0358067724609375
5.3041447370000006,0.0,-0.013316862192716883,-0.0038397243543886184,0.9187936781273764,-1.057180834518006,2.055221187332182,-2.0753186536688975,2.222676802414779,-3.943798337683945,0.0,-0.008726646259971648,0.0,0.015707963267948967,0.0,0.0,-0.03316125578789226,-0.005235987755982989,0.004212503975530524,-0.12306129097219676,0.8104084510561846,-0.3394020580420327,0.33195166786042085,-1.1433133844675503,0.07134074593451134,-0.06544587761163712,0.021093896484375,-0.105469482421875,0.822661962890625,-0.341721123046875,0.3543774609375,-1.15594552734375,0.07957060546875,-0.06763501464843749
5.312889964,0.0,-0.013316862192716883,-0.003926990816987885,0.9188809445899757,-1.057180834518006,2.055221187332182,-2.0753186536688975,2.2224848161970594,-3.943798337683945,0.0,-0.012217304763960306,0.013962634015954637,0.0,0.0,0.0,-0.031415926535897934,0.0,0.004212503975530524,-0.12361979633283443,0.8109669564168209,-0.34123465375662543,0.33195166786042085,-1.1433133844675503,0.0711662130093119,-0.06518407822383797,0.012656337890625,-0.130782158203125,0.81844318359375,-0.341721123046875,0.31218966796875,-1.17282064453125,0.063656484375,-0.10742031738281249
5.320687823,0.0,-0.013316862192716883,-0.003926990816987885,0.9188809445899757,-1.0570761147628862,2.055221187332182,-2.0753186536688975,2.22229282997934,-3.943798337683945,0.0,0.0,0.006981317007977318,0.003490658503988659,0.0,0.0,-0.020943951023931956,0.0,0.004943277409573454,-0.12074225213550653,0.8030873757069336,-0.3376226516660137,0.3268080850395285,-1.1429189209284267,0.07181712772051362,-0.06485562771558762,0.0168751171875,-0.12656337890625,0.81844318359375,-0.32906478515625,0.33750234375,-1.1981333203125,0.0755920751953125,-0.0517208935546875
5.328247568,0.0,-0.013316862192716883,-0.004031710572107716,0.9188809445899757,-1.0570761147628862,2.055221187332182,-2.0753186536688975,2.2221008437616208,-3.943798337683945,0.0,0.0,0.0,0.008726646259971648,0.0,0.0,0.0,0.0,0.004943277409573454,-0.12196398261190255,0.8037855074077314,-0.338285876781772,0.3268080850395285,-1.1429189209284267,0.07129352894491532,-0.06485562771558762,0.0168751171875,-0.105469482421875,0.788911728515625,-0.341721123046875,0.33750234375,-1.14750796875,0.071613544921875,-0.0278497119140625
5.33659676,0.0,-0.013316862192716883,-0.004031710572107716,0.9189856643450951,-1.056988848300287,2.055221187332182,-2.0753186536688975,2.2221008437616208,-3.943798337683945,0.0,0.0,0.0017453292519943296,0.017453292519943295,0.0,0.0,-0.015707963267948967,0.0017453292519943296,0.012341410575707812,-0.11650803984086489,0.8022767175310754,-0.3417361232204868,0.32620371629324785,-1.140266752654501,0.06993907690048218,-0.06413017213344574,0.00843755859375,-0.1350009375,0.814224404296875,-0.33750234375,0.33750234375,-1.0631323828124999,0.0755920751953125,-0.039785302734375
5.344252953000001,0.0,-0.013316862192716883,-0.004031710572107716,0.9189856643450951,-1.056988848300287,2.0552648205634823,-2.0753186536688975,2.2220135772990206,-3.943798337683945,0.0,0.0,0.0,0.0,0.0,0.0,0.0,0.0,0.012341410575707812,-0.11650803984086489,0.8017880253405179,-0.34287058723428177,0.32620371629324785,-1.140266752654501,0.07072447506387962,-0.06421743859604545,0.0,-0.12656337890625,0.788911728515625,-0.34593990234375,0.33750234375,-1.1643830859375,0.0596779541015625,-0.043763833007812496
5.352373535,0.0,-0.013316862192716883,-0.004031710572107716,0.9189856643450951,-1.056988848300287,2.0552648205634823,-2.0753186536688975,2.2220135772990206,-3.943798337683945,0.0,0.0,0.0,0.0,0.0,0.0,0.0,0.0,0.02194354282905664,-0.1108181692747352,0.8035466262064292,-0.3479505858555174,0.3280412227401519,-1.1369662944616756,0.06889041513204575,-0.06361895054578781,0.0,-0.105469482421875,0.805786845703125,-0.34593990234375,0.29531455078125,-1.17282064453125,0.071613544921875,-0.043763833007812496
5.359413052000001,0.0,-0.013316862192716883,-0.004031710572107716,0.9189856643450951,-1.056988848300287,2.0552648205634823,-2.0753186536688975,2.2220135772990206,-3.943798337683945,0.0,0.0,0.0,0.0,0.0,0.0,0.0,0.0,0.02194354282905664,-0.1108181692747352,0.8035466262064292,-0.3479505858555174,0.3280412227401519,-1.1369662944616756,0.06889041513204575,-0.06361895054578781,0.0168751171875,-0.113907041015625,0.810005625,-0.3543774609375,0.33750234375,-1.14750796875,0.0755920751953125,-0.06763501464843749
5.368643467,0.0,-0.013316862192716883,-0.004031710572107716,0.9189856643450951,-1.056988848300287,2.0552648205634823,-2.0753186536688975,2.2221008437616208,-3.943798337683945,0.0,0.0,0.008726646259971648,0.0,0.0,0.0,0.0,-0.005235987755982989,0.030360015763243098,-0.10408301950376009,0.8028159030638053,-0.35345161773112777,0.3248746738323951,-1.1364271704496822,0.06806531548500061,-0.06288712471723557,0.021093896484375,-0.1181258203125,0.805786845703125,-0.33750234375,0.303752109375,-1.181258203125,0.0596779541015625,-0.039785302734375
5.376096107,0.0,-0.013316862192716883,-0.004031710572107716,0.9190729308076948,-1.056988848300287,2.0552648205634823,-2.0753186536688975,2.2221008437616208,-3.943798337683945,0.0,0.0,0.008726646259971648,0.0,0.003490658503988659,0.0,0.0,-0.008726646259971648,0.030360015763243098,-0.10408301950376009,0.8019432384378082,-0.35345161773112777,0.3248746738323951,-1.1364271704496822,0.06806531548500061,-0.06262532532943642,0.029531455078125,-0.088594365234375,0.814224404296875,-0.358596240234375,0.34593990234375,-1.1981333203125,0.071613544921875,-0.06763501464843749
5.384194128000001,0.0,-0.013316862192716883,-0.004031710572107716,0.9190729308076948,-1.056988848300287,2.0552648205634823,-2.0753186536688975,2.2221008437616208,-3.943885604146545,0.0,0.0,0.008726646259971648,0.0,0.004363323129985824,0.0,0.0,-0.006981317007977318,0.04121914012571182,-0.09758775980155443,0.8015518436511062,-0.3579676083460188,0.3197869940188691,-1.1365352634729824,0.0670284554362297,-0.06137073761445542,0.02531267578125,-0.088594365234375,0.805786845703125,-0.358596240234375,0.34593990234375,-1.14750796875,0.071613544921875,-0.06763501464843749
5.391592368,0.0,-0.013316862192716883,-0.004031710572107716,0.9190729308076948,-1.056988848300287,2.0552648205634823,-2.0753186536688975,2.2221008437616208,-3.943885604146545,0.0,0.0,0.012217304763960306,0.0,0.0,0.0,0.0,0.0,0.04121914012571182,-0.09758775980155443,0.8015518436511062,-0.3579676083460188,0.3196997275562694,-1.1365352634729824,0.0670284554362297,-0.06145800407705513,0.02531267578125,-0.105469482421875,0.805786845703125,-0.358596240234375,0.33750234375,-1.1390704101562499,0.071613544921875,-0.039785302734375
5.400378972,0.0,-0.013316862192716883,-0.004031710572107716,0.9190729308076948,-1.056988848300287,2.0552648205634823,-2.0753186536688975,2.2221008437616208,-3.943885604146545,0.0,0.0,0.0,0.0,0.003490658503988659,0.0,0.0,0.0,0.05301305903335418,-0.08958589211981272,0.8005512245275063,-0.3613384298220015,0.3181799248347068,-1.134762680942007,0.06557567417621613,-0.06071516498923302,0.029531455078125,-0.101250703125,0.78469294921875,-0.367033798828125,0.33750234375,-1.17282064453125,0.0755920751953125,-0.043763833007812496
5.408251967,0.0,-0.013316862192716883,-0.004031710572107716,0.9190729308076948,-1.056988848300287,2.055317180441042,-2.0753186536688975,2.2220135772990206,-3.943885604146545,0.0,0.0,0.0,0.0,0.004363323129985824,0.0,0.0,0.0,0.05301305903335418,-0.08958589211981272,0.8017729550039023,-0.3613384298220015,0.31783085898430796,-1.134762680942007,0.06557567417621613,-0.06071516498923302,0.033750234375,-0.0843755859375,0.805786845703125,-0.36281501953125,0.34593990234375,-1.1306328515625,0.06763501464843749,-0.0358067724609375
5.416988618,0.0,-0.013316862192716883,-0.003926990816987885,0.9191601972702945,-1.056988848300287,2.055317180441042,-2.0753186536688975,2.2220135772990206,-3.943885604146545,0.0,0.003490658503988659,0.0,0.0,0.006981317007977318,0.0,-0.008726646259971648,0.0,0.06788551407148447,-0.07748645842950319,0.7977435618077964,-0.36412283100036147,0.317449183787466,-1.1287352208437404,0.06330665200948715,-0.059425678104162216,0.04218779296875,-0.101250703125,0.805786845703125,-0.367033798828125,0.32906478515625,-1.0631323828124999,0.055699423828125,-0.06763501464843749
5.4249030220000005,0.0,-0.013316862192716883,-0.003926990816987885,0.9191601972702945,-1.056988848300287,2.055317180441042,-2.0753186536688975,2.2220135772990206,-3.943885604146545,0.0,0.0017453292519943296,0.0,0.0,0.004363323129985824,0.0,-0.006981317007977318,0.0,0.06788551407148447,-0.07814968354526156,0.7974817624199972,-0.36412283100036147,0.3171873843996668,-1.1287352208437404,0.06374298432248574,-0.059425678104162216,0.02531267578125,-0.0843755859375,0.80156806640625,-0.367033798828125,0.32906478515625,-1.0631323828124999,0.06763501464843749,-0.0358067724609375
5.433119957000001,0.0,-0.013316862192716883,-0.003926990816987885,0.9191601972702945,-1.056988848300287,2.055317180441042,-2.0753186536688975,2.221908857543901,-3.943885604146545,0.005235987755982989,0.0017453292519943296,0.0,0.0,0.0,0.0,-0.006981317007977318,0.008726646259971648,0.09915840039243307,-0.05004673865946031,0.7878764143097983,-0.3783334872856474,0.31562067719853015,-1.1203388337435207,0.05940918121757302,-0.05629748851060867,0.0506253515625,-0.09281314453125,0.80156806640625,-0.367033798828125,0.32906478515625,-1.17282064453125,0.063656484375,-0.0358067724609375
5.44095228,0.0,-0.013229595730117616,-0.0038397243543886184,0.9191601972702945,-1.056988848300287,2.055317180441042,-2.0753186536688975,2.2218215910813015,-3.943885604146545,0.02617993877991494,0.003490658503988659,0.0,0.0,0.0,0.0,-0.010471975511965978,0.0,0.09863480161683477,-0.05004673865946031,0.7878764143097983,-0.3783334872856474,0.3160570095115287,-1.1203388337435207,0.05940918121757302,-0.056733820823607256,0.071719248046875,-0.054844130859375,0.776255390625,-0.37969013671875,0.3206272265625,-1.046257265625,0.063656484375,-0.06763501464843749
5.4495879060000005,0.0,-0.012950343049798363,-0.0037350045992687875,0.9191601972702945,-1.056988848300287,2.055317180441042,-2.075275020437598,2.2217168713261817,-3.943885604146545,0.022689280275926284,0.010471975511965978,0.0,0.0,0.0,0.0,-0.015707963267948967,0.0,0.12388634982364427,-0.032238749514415875,0.7892597189057455,-0.3874146870508528,0.31080397021108697,-1.1155227486433468,0.05538422419163872,-0.05345229431986809,0.06750046875,-0.071719248046875,0.772036611328125,-0.367033798828125,0.3206272265625,-1.1390704101562499,0.063656484375,-0.06763501464843749
5.457153027,0.0,-0.012758356832079265,-0.0037350045992687875,0.9191601972702945,-1.056988848300287,2.055317180441042,-2.075275020437598,2.2217168713261817,-3.943885604146545,0.031415926535897934,0.0,0.0,0.0,0.0,0.0,-0.013962634015954637,0.0,0.12339765763308538,-0.0332510404805731,0.7892597189057455,-0.3874146870508528,0.31080397021108697,-1.1156536483372457,0.05564602357943787,-0.05345229431986809,0.10968826171875,-0.06750046875,0.797349287109375,-0.3881276953125,0.2868769921875,-1.15594552734375,0.063656484375,-0.039785302734375
5.464658948,0.0,-0.012461650859239448,-0.0036477381366690764,0.9191601972702945,-1.056988848300287,2.055317180441042,-2.075275020437598,2.221629604863582,-3.943885604146545,0.03665191429188092,0.017453292519943295,0.0,0.0,0.0,0.0,-0.008726646259971648,0.0,0.14480452293737647,-0.019956423944605728,0.7965834459174261,-0.3942806056871748,0.3062323014073951,-1.1127590977753408,0.051627368857904136,-0.05135562643408775,0.1181258203125,-0.05906291015625,0.7931305078124999,-0.392346474609375,0.32906478515625,-1.1306328515625,0.06763501464843749,-0.0358067724609375
5.472379878,0.0,-0.011990411961201097,-0.0036477381366690764,0.9191601972702945,-1.056988848300287,2.055317180441042,-2.075275020437598,2.221437618645863,-3.943885604146545,0.047123889803846894,0.0,0.0,0.0,0.0,0.0,-0.019198621771937627,0.008726646259971648,0.14339080624325873,-0.02196355258439919,0.7965834459174261,-0.3942806056871748,0.3062323014073951,-1.1127590977753408,0.05136556947010498,-0.05135562643408775,0.12656337890625,-0.046406572265625,0.805786845703125,-0.37969013671875,0.31218966796875,-1.1643830859375,0.0517208935546875,-0.039785302734375
5.480254826,0.0,-0.011606439525762902,-0.0035430183815492455,0.9192649170254139,-1.056988848300287,2.055317180441042,-2.075275020437598,2.2212456324281433,-3.943885604146545,0.05934119456780721,0.008726646259971648,0.0,0.0,0.0,0.0,-0.022689280275926284,0.0,0.15446929194964346,-0.015081628224789867,0.8051941862214194,-0.392274223937068,0.3072471598916633,-1.1060992621983297,0.0483914782833162,-0.05121455737727623,0.1350009375,-0.046406572265625,0.805786845703125,-0.392346474609375,0.3206272265625,-1.1306328515625,0.063656484375,-0.039785302734375
5.487838475,0.0,-0.011030480872603832,-0.0035430183815492455,0.9192649170254139,-1.056988848300287,2.055317180441042,-2.075275020437598,2.2210536462104242,-3.943885604146545,0.05759586531581287,0.0,0.0,0.0,0.0,0.0,-0.02617993877991494,0.0,0.15209564416693286,-0.016268452116146526,0.8048800269560612,-0.392274223937068,0.3072471598916633,-1.1060992621983297,0.048566011208515635,-0.05077822506427765,0.113907041015625,-0.04218779296875,0.810005625,-0.39656525390624997,0.303752109375,-1.1306328515625,0.063656484375,-0.0358067724609375
5.49587464,0.0,-0.010646508437165636,-0.0034557519189495345,0.9192649170254139,-1.056988848300287,2.055317180441042,-2.075275020437598,2.220756940237585,-3.943885604146545,0.050614548307835565,0.0,0.0,0.0,0.0,0.006981317007977318,-0.03316125578789226,0.0,0.16052090097901814,-0.009915370905389409,0.8103231231169499,-0.3939311585560179,0.30829887639814446,-1.0995924019421346,0.04572299566202584,-0.050555601716041565,0.113907041015625,-0.0168751171875,0.805786845703125,-0.39656525390624997,0.303752109375,-1.15594552734375,0.0596779541015625,-0.039785302734375
5.504230488,0.0,-0.010349802464326707,-0.0034557519189495345,0.9193521834880141,-1.056988848300287,2.055317180441042,-2.075275020437598,2.220477687557266,-3.943885604146545,0.04014257279586959,0.003490658503988659,0.008726646259971648,0.0,0.0,0.0,-0.031415926535897934,0.0,0.1600671153735013,-0.010177170293188542,0.8103231231169499,-0.3939311585560179,0.30829887639814446,-1.1002905336429323,0.04607206151242471,-0.050555601716041565,0.16031361328125,-0.033750234375,0.810005625,-0.39656525390624997,0.32906478515625,-1.1390704101562499,0.055699423828125,-0.0278497119140625
5.512270333,0.0,-0.009965830028887623,-0.0033510321638301477,0.9193521834880141,-1.056988848300287,2.055317180441042,-2.075275020437598,2.2201809815844267,-3.943885604146545,0.04363323129985824,0.003490658503988659,0.0,0.0,0.0,0.0,-0.03490658503988659,0.0,0.16673666554956565,-0.007050809913007793,0.8092486958816023,-0.39049006320384505,0.30598100077444146,-1.0949134671295888,0.043884863809743206,-0.050440140068531036,0.130782158203125,-0.029531455078125,0.7931305078124999,-0.37969013671875,0.3206272265625,-1.12219529296875,0.063656484375,-0.06763501464843749
5.519892606,0.0,-0.00958185759344854,-0.0033510321638301477,0.9193521834880141,-1.056988848300287,2.055317180441042,-2.075275020437598,2.2199889953667076,-3.943885604146545,0.061086523819801536,0.0,0.0,0.0,0.0,0.0,-0.03665191429188092,0.0,0.16523568239284953,-0.007364969178365954,0.8101213605075994,-0.39049006320384505,0.30598100077444146,-1.0949134671295888,0.044059396734942635,-0.050440140068531036,0.14343849609375,-0.033750234375,0.814224404296875,-0.383908916015625,0.27843943359375,-1.12219529296875,0.0198926513671875,-0.043763833007812496
5.528099077,0.0,-0.009110618695411077,-0.0032637657012304366,0.9193521834880141,-1.056988848300287,2.055317180441042,-2.075275020437598,2.2196050229312685,-3.943885604146545,0.05759586531581287,0.0,0.0,0.0,0.0,0.0,-0.03665191429188092,0.0,0.16436200607408186,-0.0064943771216823265,0.8107785017162481,-0.38779167152789595,0.3034917319946868,-1.0895148062313802,0.042446053275133296,-0.050658926367759705,0.14343849609375,-0.021093896484375,0.814224404296875,-0.39656525390624997,0.31218966796875,-1.0968826171875,0.063656484375,-0.0198926513671875
5.53517229,0.0,-0.008621926504852162,-0.0032637657012304366,0.9193521834880141,-1.056988848300287,2.055317180441042,-2.075275020437598,2.2194130367135494,-3.943885604146545,0.05585053606381855,0.0,0.008726646259971648,0.0,0.0,0.0,-0.038397243543875255,0.008726646259971648,0.16329735523036834,-0.00675617650948146,0.8107785017162481,-0.38779167152789595,0.3034917319946868,-1.0895148062313802,0.042446053275133296,-0.050658926367759705,0.139219716796875,-0.02531267578125,0.814224404296875,-0.39656525390624997,0.3206272265625,-1.0968826171875,0.063656484375,-0.0198926513671875
5.543522953,0.0,-0.008150687606813811,-0.0032637657012304366,0.9194569032431334,-1.056988848300287,2.055317180441042,-2.075275020437598,2.21913378403323,-3.943885604146545,0.05585053606381855,0.010471975511965978,0.0,0.0,0.0,0.0,-0.03316125578789226,0.0,0.16289527679671298,-0.0072469299552557764,0.8121951024844618,-0.38865364409831527,0.3013244847589118,-1.0866235637272603,0.04133442818743051,-0.05146564566868286,0.189845068359375,0.0,0.7931305078124999,-0.39656525390624997,0.3206272265625,-1.08844505859375,0.0596779541015625,-0.01591412109375
5.552280181,0.0,-0.007853981633974882,-0.0032637657012304366,0.9194569032431334,-1.056988848300287,2.055317180441042,-2.075275020437598,2.218837078060391,-3.943885604146545,0.04537856055185257,0.0,0.0,0.0,0.0,0.0,-0.03316125578789226,0.0,0.16148156010259793,-0.008294127506452375,0.8127536078451008,-0.38865364409831527,0.3013244847589118,-1.0866235637272603,0.04107262879963136,-0.05102931335568428,0.181407509765625,-0.029531455078125,0.81844318359375,-0.375471357421875,0.31218966796875,-1.12219529296875,0.04774236328125,-0.10742031738281249
5.559998103000001,0.0,-0.0076619954162548964,-0.0031590459461106057,0.9194569032431334,-1.056988848300287,2.055317180441042,-2.075275020437598,2.218557825380072,-3.943885604146545,0.0,0.010471975511965978,0.010471975511965978,0.0,0.0,0.0,-0.03316125578789226,0.0,0.16001735614448415,-0.008291390527558118,0.8158280005214542,-0.39060897447017195,0.3003119285040481,-1.0843055986965902,0.04042573958988405,-0.05163613706827164,0.189845068359375,0.004218779296875,0.81844318359375,-0.392346474609375,0.303752109375,-1.12219529296875,0.0039785302734375,-0.103441787109375
5.567373302,0.0,-0.0075747289536556295,-0.0031590459461106057,0.9195441697057332,-1.056988848300287,2.055317180441042,-2.075275020437598,2.218261119407233,-3.943885604146545,0.0,0.0,0.0,0.0,0.0,0.0,-0.029670597283903605,0.0,0.16397925354650944,-0.009652747344114209,0.8147808029702576,-0.39060897447017195,0.3003119285040481,-1.0843055986965902,0.04042573958988405,-0.05163613706827164,0.12656337890625,-0.021093896484375,0.822661962890625,-0.400784033203125,0.270001875,-1.0968826171875,0.055699423828125,-0.10742031738281249
5.57529481,0.0,-0.0075747289536556295,-0.0031590459461106057,0.9195441697057332,-1.056988848300287,2.055317180441042,-2.075275020437598,2.217981866726914,-3.943885604146545,0.0,0.0,0.0,0.0,0.0,0.0,-0.04014257279586959,0.0,0.1623980531925442,-0.008122481155367733,0.816770602388309,-0.39206438578513625,0.2996106873088462,-1.0832696401680715,0.039772506861332255,-0.052211228758096695,0.181407509765625,0.0168751171875,0.81844318359375,-0.37969013671875,0.31218966796875,-1.0968826171875,0.0517208935546875,-0.0278497119140625
5.582349431,0.0,-0.0075747289536556295,-0.0031590459461106057,0.9195441697057332,-1.056988848300287,2.055317180441042,-2.075275020437598,2.217702614046595,-3.943885604146545,0.0,0.0,0.0,0.0,0.0,0.0,-0.050614548307835565,0.0,0.1623980531925442,-0.008122481155367733,0.816770602388309,-0.39206438578513625,0.2996106873088462,-1.0832696401680715,0.040296105636930556,-0.052211228758096695,0.17718873046875,-0.0168751171875,0.80156806640625,-0.400784033203125,0.270001875,-1.10532017578125,0.0039785302734375,-0.103441787109375
5.589544373000001,0.0,-0.0075747289536556295,-0.0031590459461106057,0.9196488894608525,-1.056988848300287,2.055317180441042,-2.075275020437598,2.217318641611156,-3.943885604146545,0.0,0.0,0.003490658503988659,0.0,0.0,0.0,-0.05934119456780721,0.0,0.1606435308689358,-0.00793106363263929,0.8174077611397967,-0.3945507041349745,0.2979007567101104,-1.0843081020916707,0.04063848766596017,-0.05262487009167671,0.12656337890625,-0.0168751171875,0.822661962890625,-0.400784033203125,0.27843943359375,-1.10532017578125,0.063656484375,-0.01591412109375
5.598443361,0.0,-0.0075747289536556295,-0.0030717794835108947,0.9196488894608525,-1.056988848300287,2.055317180441042,-2.075275020437598,2.2169346691757172,-3.943885604146545,0.0,0.0,0.005235987755982989,0.0,0.0,0.0,-0.06457718232379019,0.0,0.1606435308689358,-0.00793106363263929,0.8167445360240397,-0.3945507041349745,0.2979007567101104,-1.0843081020916707,0.04107481997895875,-0.05262487009167671,0.172969951171875,-0.02531267578125,0.822661962890625,-0.400784033203125,0.303752109375,-1.1306328515625,0.06763501464843749,-0.0358067724609375
5.603760655,0.0,-0.0075747289536556295,-0.0030717794835108947,0.9197361559234527,-1.056988848300287,2.055317180441042,-2.075275020437598,2.216358710522559,-3.943885604146545,0.0,0.0,0.008726646259971648,0.0,0.0,0.0,-0.07504915783575616,0.0,0.15946005084459802,-0.006656080189484825,0.8153534872001358,-0.39644510365870955,0.29608697991901467,-1.0849744522179372,0.04120307143484834,-0.05278399959206581,0.12656337890625,-0.0168751171875,0.7931305078124999,-0.400784033203125,0.303752109375,-1.02094458984375,0.0596779541015625,-0.0994632568359375
5.61175618,0.0,-0.0075747289536556295,-0.002967059728391064,0.9198408756785716,-1.056988848300287,2.055317180441042,-2.075275020437598,2.2158700183320006,-3.943885604146545,0.0,0.008726646259971648,0.006981317007977318,0.0,0.0,0.0,-0.08203047484373349,0.0,0.15946005084459802,-0.006656080189484825,0.8147426219619365,-0.39644510365870955,0.29608697991901467,-1.0849744522179372,0.04172667021044664,-0.05278399959206581,0.1350009375,-0.0168751171875,0.797349287109375,-0.4050028125,0.31218966796875,-1.0968826171875,0.071613544921875,-0.043763833007812496
5.619365941000001,0.0,-0.0075747289536556295,-0.002967059728391064,0.9199281421411718,-1.056988848300287,2.055317180441042,-2.075275020437598,2.2151020734611233,-3.943885604146545,0.0,0.005235987755982989,0.010471975511965978,0.0,0.0,0.0,-0.09250245035569947,0.0,0.15792690017168542,-0.007513553959522189,0.8115641869183565,-0.3962027213707304,0.2910572792225463,-1.086896344384075,0.04231903477023805,-0.052601445466279984,0.164532392578125,0.0168751171875,0.822661962890625,-0.400784033203125,0.303752109375,-1.1306328515625,-0.007957060546875,-0.043763833007812496
5.626254736,0.0,-0.0075747289536556295,-0.0028797932657913528,0.9200328618962921,-1.056988848300287,2.055317180441042,-2.075275020437598,2.2144388483453654,-3.943885604146545,0.0,0.017453292519943295,0.008726646259971648,0.0,0.0,0.0,-0.10821041362364843,0.0,0.15792690017168542,-0.007164488109123323,0.8109533216801571,-0.3962027213707304,0.2910572792225463,-1.086896344384075,0.04284263354583635,-0.052601445466279984,0.172969951171875,-0.021093896484375,0.822661962890625,-0.39656525390624997,0.303752109375,-1.0968826171875,0.063656484375,-0.10742031738281249
5.634841978000001,0.0,-0.0075747289536556295,-0.0028797932657913528,0.9201201283588918,-1.056988848300287,2.055317180441042,-2.075275020437598,2.2134789172567686,-3.943798337683945,0.0,0.008726646259971648,0.017453292519943295,0.0,0.0,0.0,-0.10995574287564278,0.0,0.15436982163136026,-0.0090858299216775,0.8082827182100596,-0.39556180752662184,0.28697976272636483,-1.0870200836266286,0.04366526226047663,-0.052577219903469086,0.168751171875,-0.0168751171875,0.81844318359375,-0.3881276953125,0.303752109375,-1.1306328515625,0.071613544921875,-0.103441787109375
5.641710133,0.0,-0.0075747289536556295,-0.0028797932657913528,0.9203121145766109,-1.056988848300287,2.055317180441042,-2.075275020437598,2.2127109723858913,-3.943798337683945,0.0,0.0,0.017453292519943295,0.0,0.0,0.0,-0.10995574287564278,0.0,0.15436982163136026,-0.008213165295680334,0.8071482541962632,-0.39556180752662184,0.28697976272636483,-1.0870200836266286,0.04375252872307635,-0.052577219903469086,0.168751171875,0.0168751171875,0.81844318359375,-0.400784033203125,0.2868769921875,-1.08844505859375,-0.0039785302734375,-0.103441787109375
5.649236789000001,0.0,-0.0075747289536556295,-0.0028797932657913528,0.9204168343317303,-1.056988848300287,2.055317180441042,-2.075275020437598,2.2118383077598938,-3.943798337683945,0.0,0.0,0.022689280275926284,0.0,0.0,0.0,-0.11344640137963143,0.0,0.15154234864656946,-0.008117852339650344,0.8051667733158187,-0.3953172794714308,0.2847157324486358,-1.0876673006619222,0.04390308260519839,-0.052596356719732285,0.16031361328125,-0.0168751171875,0.814224404296875,-0.400784033203125,0.29531455078125,-1.01250703125,0.071613544921875,-0.0358067724609375
5.655756429,0.0,-0.0075747289536556295,-0.0028797932657913528,0.9206088205494498,-1.056988848300287,2.055317180441042,-2.075275020437598,2.2110703628890165,-3.943798337683945,0.0,0.0,0.020943951023931956,0.0,0.0,0.0,-0.10646508437165411,0.0,0.15154234864656946,-0.008117852339650344,0.8043290152748622,-0.3953172794714308,0.2847157324486358,-1.0876673006619222,0.04407761553039782,-0.052596356719732285,0.16031361328125,-0.02531267578125,0.81844318359375,-0.4050028125,0.29531455078125,-1.12219529296875,0.06763501464843749,-0.06763501464843749
5.66369957,0.0,-0.0075747289536556295,-0.0028797932657913528,0.9208008067671689,-1.056988848300287,2.055317180441042,-2.075275020437598,2.210319871310659,-3.943798337683945,0.0,0.0,0.024434609527920613,0.0,0.0,0.0,-0.09599310885968812,0.008726646259971648,0.1495702321166279,-0.00883525663813467,0.8031425516717275,-0.3952812484636641,0.2836134339504821,-1.0881724500263936,0.04395288666177233,-0.052619531750679016,0.156094833984375,-0.021093896484375,0.805786845703125,-0.400784033203125,0.303752109375,-1.1306328515625,0.0596779541015625,-0.06763501464843749
5.670482092,0.0,-0.0075747289536556295,-0.0028797932657913528,0.920992792984888,-1.056988848300287,2.055317180441042,-2.075275020437598,2.209551926439781,-3.943798337683945,0.0,0.0,0.022689280275926284,0.0,0.0,0.0,-0.10297442586766545,0.0,0.1495702321166279,-0.00883525663813467,0.8022175271681714,-0.3952812484636641,0.2836134339504821,-1.0881724500263936,0.043429287886174034,-0.0530558640636776,0.16031361328125,0.0168751171875,0.814224404296875,-0.400784033203125,0.29531455078125,-1.02094458984375,0.0318282421875,-0.0954847265625
5.677641737,0.0,-0.0075747289536556295,-0.0028797932657913528,0.921184779202608,-1.056988848300287,2.055317180441042,-2.075275020437598,2.208783981568904,-3.943798337683945,0.0,0.008726646259971648,0.022689280275926284,0.0,0.0,0.0,-0.09773843811168245,0.0,0.1482010538214924,-0.00947636605998392,0.8012485460126623,-0.3953836194410658,0.2831995020442588,-1.0886246704663045,0.0440462207354838,-0.052632663398981094,0.168751171875,-0.021093896484375,0.822661962890625,-0.3881276953125,0.24468919921875,-1.12219529296875,0.0358067724609375,-0.039785302734375
5.685109706,0.0,-0.0075747289536556295,-0.0028797932657913528,0.9213767654203275,-1.056988848300287,2.055317180441042,-2.075275020437598,2.208103303160626,-3.943798337683945,0.0,0.0,0.022689280275926284,0.0,0.0,0.0,-0.09075712110370514,0.0,0.1482010538214924,-0.010349030685981085,0.8006725873595023,-0.3953836194410658,0.2831995020442588,-1.0886246704663045,0.04378442134768465,-0.052632663398981094,0.147657275390625,-0.02531267578125,0.810005625,-0.392346474609375,0.29531455078125,-1.02094458984375,0.043763833007812496,-0.103441787109375
5.692108678,0.0,-0.0075747289536556295,-0.002792526803192086,0.9216560181006463,-1.056988848300287,2.055317180441042,-2.075275020437598,2.2074400780448684,-3.943798337683945,0.0,0.0,0.031415926535897934,0.0,0.0,0.0,-0.08377580409572782,0.0,0.14748092540447733,-0.010070900039876651,0.8000029749082403,-0.39553301848319533,0.28349881421857903,-1.0888193094338185,0.04373148999898142,-0.05264631658792496,0.156094833984375,-0.00843755859375,0.805786845703125,-0.400784033203125,0.236251640625,-1.02094458984375,0.04774236328125,-0.039785302734375
5.69933082,0.0,-0.0075747289536556295,-0.002792526803192086,0.9218480043183659,-1.056988848300287,2.055317180441042,-2.075275020437598,2.2068641193917102,-3.943798337683945,0.0,0.0,0.031415926535897934,0.0,0.0,0.0,-0.08377580409572782,0.0,0.14748092540447733,-0.010332699427674452,0.7982925522412867,-0.39553301848319533,0.28349881421857903,-1.0888193094338185,0.04338242414858255,-0.05264631658792496,0.16031361328125,0.0168751171875,0.81844318359375,-0.4050028125,0.29531455078125,-1.10532017578125,0.0517208935546875,-0.023871181640625
5.705645946000001,0.0,-0.0075747289536556295,-0.002792526803192086,0.922039990536085,-1.056988848300287,2.055317180441042,-2.075275020437598,2.206288160738552,-3.943798337683945,0.0,0.0,0.02617993877991494,0.0,0.0,0.0,-0.08726646259971647,0.0,0.1469701657528164,-0.010930906078140179,0.7974938808329248,-0.39583400703814986,0.2838817666106803,-1.0890831493939168,0.04367542195584688,-0.05263982713222504,0.164532392578125,-0.02531267578125,0.814224404296875,-0.39656525390624997,0.236251640625,-1.1390704101562499,0.043763833007812496,-0.023871181640625
5.712545749,0.0,-0.0075747289536556295,-0.002792526803192086,0.9222319767538041,-1.056988848300287,2.055317180441042,-2.075275020437598,2.205712202085394,-3.943798337683945,0.0,0.0,0.03490658503988659,0.0,0.0,0.0,-0.07330382858376185,0.0,0.1469701657528164,-0.010930906078140179,0.7974415209553659,-0.39583400703814986,0.2838817666106803,-1.0890831493939168,0.043849954881046316,-0.05263982713222504,0.113907041015625,-0.02531267578125,0.805786845703125,-0.400784033203125,0.2531267578125,-1.1390704101562499,0.04774236328125,-0.01591412109375
5.719650898,0.0,-0.0075747289536556295,-0.002792526803192086,0.9224239629715245,-1.056988848300287,2.055317180441042,-2.075275020437598,2.2051362434322357,-3.943798337683945,0.0,0.0,0.027925268031909273,0.0,0.0,0.0,-0.07155849933176751,0.0,0.1468396539325001,-0.011474269936154524,0.7959996479022322,-0.3960248015060759,0.28459038388067315,-1.0892039382065541,0.043446542071630796,-0.05263226479291916,0.156094833984375,-0.021093896484375,0.80156806640625,-0.383908916015625,0.29531455078125,-1.1390704101562499,0.043763833007812496,-0.0278497119140625
5.727054226,0.0,-0.0075747289536556295,-0.002792526803192086,0.9226159491892436,-1.056988848300287,2.055317180441042,-2.075275020437598,2.204647551241677,-3.943798337683945,0.0,0.0,0.02617993877991494,0.0,0.0,0.0,-0.06632251157578452,0.0,0.1468396539325001,-0.011474269936154524,0.7961218209498686,-0.3960248015060759,0.28459038388067315,-1.0892039382065541,0.04335927560903108,-0.05263226479291916,0.122344599609375,-0.00843755859375,0.76781783203125,-0.400784033203125,0.29531455078125,-1.12219529296875,0.043763833007812496,-0.0278497119140625
5.734523954,0.0,-0.0075747289536556295,-0.002792526803192086,0.9228079354069627,-1.056988848300287,2.055317180441042,-2.075275020437598,2.2042635788062386,-3.943798337683945,0.0,0.0,0.022689280275926284,0.0,0.0,0.0,-0.05235987755982988,0.0,0.1467766890758755,-0.011927554877768198,0.7958122161771873,-0.3963471583261824,0.28541891824537347,-1.0893149816597707,0.04336554811110925,-0.05261124670505524,0.156094833984375,-0.0168751171875,0.810005625,-0.39656525390624997,0.26156431640625,-1.113757734375,0.039785302734375,-0.103441787109375
5.740947849,0.0,-0.0075747289536556295,-0.002792526803192086,0.9229126551620821,-1.056988848300287,2.055317180441042,-2.075275020437598,2.2039843261259193,-3.943798337683945,0.0,0.0,0.017453292519943295,0.0,0.0,0.0,-0.03665191429188092,0.0,0.1467766890758755,-0.011927554877768198,0.7955853233744289,-0.3963471583261824,0.28541891824537347,-1.0893149816597707,0.04266741641031152,-0.05261124670505524,0.156094833984375,0.0168751171875,0.81844318359375,-0.400784033203125,0.303752109375,-1.00406947265625,0.039785302734375,-0.11139884765625
5.750411834,0.0,-0.0075747289536556295,-0.002792526803192086,0.9229999216246823,-1.056988848300287,2.055317180441042,-2.075275020437598,2.2037923399082002,-3.943798337683945,0.0,0.0,0.006981317007977318,0.0,0.0,0.0,-0.022689280275926284,0.0,0.1474945599669697,-0.012011238402048985,0.7964057700982615,-0.39577325500396254,0.2869134674602134,-1.0879916691387899,0.04203875238564126,-0.05264931917190552,0.1181258203125,-0.021093896484375,0.810005625,-0.3881276953125,0.29531455078125,-1.02094458984375,0.0198926513671875,-0.0318282421875
5.756916306,0.0,-0.0075747289536556295,-0.002792526803192086,0.9231919078424013,-1.056988848300287,2.055360813672342,-2.075275020437598,2.2036003536904807,-3.943798337683945,0.0,0.0,0.015707963267948967,0.0,0.003490658503988659,0.0,-0.012217304763960306,0.0,0.1474945599669697,-0.012011238402048985,0.7971911682616577,-0.39577325500396254,0.2869134674602134,-1.0879916691387899,0.04134062068484353,-0.05264931917190552,0.1181258203125,-0.0168751171875,0.805786845703125,-0.3881276953125,0.24468919921875,-1.1390704101562499,0.0198926513671875,-0.0954847265625
5.7656866540000005,0.0,-0.0075747289536556295,-0.002792526803192086,0.9232966275975207,-1.056988848300287,2.055360813672342,-2.075275020437598,2.203513087227881,-3.943798337683945,0.0,0.0,0.012217304763960306,0.0,0.005235987755982989,0.0,-0.013962634015954637,0.0,0.15075040408318063,-0.011402652161489168,0.7951199148631795,-0.3963902971878386,0.2841133017110664,-1.0895319723690755,0.04128245595384476,-0.05213218554854393,0.164532392578125,-0.0168751171875,0.81844318359375,-0.383908916015625,0.303752109375,-0.9956319140625,0.055699423828125,-0.0318282421875
5.773438336000001,0.0,-0.0075747289536556295,-0.002792526803192086,0.9233838940601204,-1.056988848300287,2.055360813672342,-2.075275020437598,2.203513087227881,-3.943798337683945,0.0,0.0,0.005235987755982989,0.0,0.0026179938779914945,0.0,0.0,0.0,0.15075040408318063,-0.011402652161489168,0.7951548214482201,-0.3963902971878386,0.28393876878586694,-1.0895319723690755,0.04136972241644448,-0.05213218554854393,0.1181258203125,-0.021093896484375,0.76781783203125,-0.400784033203125,0.303752109375,-1.02094458984375,0.0198926513671875,-0.039785302734375
5.782674991,0.0,-0.0075747289536556295,-0.002792526803192086,0.9234886138152407,-1.056988848300287,2.0554131735499017,-2.075275020437598,2.203513087227881,-3.943798337683945,0.0,0.0,0.0,0.0,0.0,0.0,0.0,0.0,0.15193902500813028,-0.01174703662313048,0.7983241906369436,-0.3961959711447096,0.2873061638815595,-1.0878856324757344,0.040527235716581345,-0.05216497555375099,0.156094833984375,-0.021093896484375,0.805786845703125,-0.3881276953125,0.2531267578125,-1.14750796875,0.039785302734375,-0.0358067724609375
5.789092231000001,0.0,-0.0075747289536556295,-0.002792526803192086,0.9234886138152407,-1.056988848300287,2.0554131735499017,-2.075275020437598,2.203513087227881,-3.943798337683945,0.0,0.0,0.003490658503988659,0.0,0.0,0.0,0.0,0.0,0.15193902500813028,-0.01174703662313048,0.798533630147181,-0.3961959711447096,0.2874108836366789,-1.0878856324757344,0.040527235716581345,-0.05216497555375099,0.1181258203125,-0.021093896484375,0.81844318359375,-0.4050028125,0.29531455078125,-1.08844505859375,0.0596779541015625,-0.01591412109375
5.799309438000001,0.0,-0.0075747289536556295,-0.002792526803192086,0.92357588027784,-1.056988848300287,2.0554131735499017,-2.075275020437598,2.203513087227881,-3.943798337683945,0.0,0.0,0.003490658503988659,0.0,0.0,0.0,0.0,0.0,0.15319110252802393,-0.011501715081105868,0.7991017456694247,-0.396207147015605,0.2891402155472891,-1.0872559392060048,0.04046637564897537,-0.05217606946825981,0.1181258203125,-0.021093896484375,0.810005625,-0.39656525390624997,0.236251640625,-1.0968826171875,0.039785302734375,-0.01591412109375
5.804032423000001,0.0,-0.0075747289536556295,-0.002792526803192086,0.92357588027784,-1.056988848300287,2.0554131735499017,-2.075275020437598,2.203513087227881,-3.943798337683945,0.0,0.0,0.005235987755982989,0.0,0.0,0.0,0.0,0.0,0.15319110252802393,-0.011501715081105868,0.7988399462816269,-0.396207147015605,0.2891402155472891,-1.0872559392060048,0.04046637564897537,-0.05217606946825981,0.164532392578125,0.0168751171875,0.805786845703125,-0.400784033203125,0.29531455078125,-1.10532017578125,0.039785302734375,-0.0954847265625
5.8107052800000005,0.0,-0.0075747289536556295,-0.002792526803192086,0.9236806000329603,-1.056988848300287,2.0554131735499017,-2.075275020437598,2.203513087227881,-3.943798337683945,0.0,0.0,0.017453292519943295,0.0,0.0,0.0,0.0,0.0,0.155555760347295,-0.010556309046517054,0.7985706866747182,-0.3955175510778761,0.28991899493476314,-1.0866163217629201,0.040239378809928894,-0.05205154791474342,0.16031361328125,-0.02531267578125,0.810005625,-0.39656525390624997,0.2868769921875,-1.14750796875,0.055699423828125,-0.039785302734375
5.817416762000001,0.0,-0.0075747289536556295,-0.002792526803192086,0.92376786649556,-1.056988848300287,2.0554131735499017,-2.075275020437598,2.203513087227881,-3.943798337683945,0.0,0.0,0.0,0.0,0.0,0.0,0.0,0.0,0.155555760347295,-0.010556309046517054,0.7970347969329613,-0.3955175510778761,0.28991899493476314,-1.0866163217629201,0.040239378809928894,-0.05205154791474342,0.156094833984375,-0.02531267578125,0.81844318359375,-0.400784033203125,0.29531455078125,-1.10532017578125,0.039785302734375,-0.0994632568359375
5.824520599,0.0,-0.0075747289536556295,-0.002792526803192086,0.92376786649556,-1.056988848300287,2.0554131735499017,-2.075275020437598,2.203513087227881,-3.943798337683945,0.0,0.0,0.0,0.0,0.0,0.0,0.0,0.0,0.15718491175119897,-0.010162219899068514,0.798502680577903,-0.3955091021194792,0.2900544464900152,-1.0863440775479085,0.04004598408937454,-0.05191807076334953,0.16031361328125,0.0168751171875,0.810005625,-0.4050028125,0.2868769921875,-1.0800075,0.0198926513671875,-0.0358067724609375
5.830532586,0.0,-0.0075747289536556295,-0.002792526803192086,0.92376786649556,-1.056988848300287,2.0554131735499017,-2.075275020437598,2.203513087227881,-3.943798337683945,0.0,0.0,0.006981317007977318,0.0,0.0,0.0,0.0,0.0,0.15718491175119897,-0.010162219899068514,0.798502680577903,-0.3955091021194792,0.2900544464900152,-1.0863440775479085,0.04004598408937454,-0.05191807076334953,0.168751171875,-0.0168751171875,0.763599052734375,-0.4050028125,0.2868769921875,-0.97031923828125,0.055699423828125,-0.043763833007812496
5.837499334,0.0,-0.0075747289536556295,-0.002792526803192086,0.9238725862506794,-1.056988848300287,2.0554131735499017,-2.075275020437598,2.203513087227881,-3.943798337683945,0.0,0.0,0.0,0.0,0.0,0.0,0.0,0.0,0.15836714007799646,-0.009946919540236632,0.7978439773496242,-0.3954155824318266,0.2899503320767538,-1.086140944918514,0.03989294916391373,-0.05181165039539337,0.164532392578125,-0.021093896484375,0.814224404296875,-0.4050028125,0.29531455078125,-1.0968826171875,0.039785302734375,-0.0358067724609375
5.843463161000001,0.0,-0.0075747289536556295,-0.002792526803192086,0.9238725862506794,-1.056988848300287,2.0554131735499017,-2.075275020437598,2.203513087227881,-3.943798337683945,0.0,0.0,0.005235987755982989,0.0,0.0,0.0,0.0,0.0,0.15836714007799646,-0.009946919540236632,0.7982279497850637,-0.3954155824318266,0.2899503320767538,-1.086140944918514,0.03989294916391373,-0.05181165039539337,0.17718873046875,-0.012656337890625,0.797349287109375,-0.400784033203125,0.236251640625,-1.1306328515625,0.039785302734375,-0.0994632568359375
5.851909698,0.0,-0.0075747289536556295,-0.002792526803192086,0.9238725862506794,-1.056988848300287,2.0554131735499017,-2.075275020437598,2.203513087227881,-3.943798337683945,0.0,0.0,0.0,0.0,0.0,0.0,-0.015707963267948967,0.0,0.15912969210093042,-0.009830659749279658,0.79772138303671,-0.3954526863231993,0.2897383705093519,-1.086049928625942,0.039789747446775436,-0.05171745643019676,0.164532392578125,0.0168751171875,0.80156806640625,-0.383908916015625,0.2531267578125,-1.0968826171875,0.023871181640625,-0.0358067724609375
5.858044791,0.0,-0.0075747289536556295,-0.002792526803192086,0.9239598527132791,-1.056988848300287,2.0554568067812014,-2.075275020437598,2.203408367472761,-3.943798337683945,0.008726646259971648,0.0,0.012217304763960306,0.0,0.0,0.0,-0.017453292519943295,0.0,0.15912969210093042,-0.009830659749279658,0.7982449818123083,-0.3954526863231993,0.2897383705093519,-1.086049928625942,0.04057514561017289,-0.05171745643019676,0.17718873046875,-0.0168751171875,0.763599052734375,-0.400784033203125,0.2531267578125,-1.12219529296875,0.039785302734375,-0.0318282421875
5.864335853,0.0,-0.007470009198535799,-0.002792526803192086,0.9239598527132791,-1.056988848300287,2.0554568067812014,-2.075275020437598,2.203408367472761,-3.943798337683945,0.010471975511965978,0.0,0.0,0.0,0.0,0.0,-0.008726646259971648,0.0,0.15843376269727288,-0.009729437092612425,0.7960614400987097,-0.39547119356540206,0.28872169364002653,-1.086284085472942,0.040591560776586155,-0.05158776417374611,0.172969951171875,-0.02531267578125,0.814224404296875,-0.400784033203125,0.2531267578125,-1.00406947265625,0.039785302734375,-0.103441787109375
5.8715535150000004,0.0,-0.007470009198535799,-0.002792526803192086,0.9239598527132791,-1.056988848300287,2.0554568067812014,-2.075275020437598,2.2033211010101614,-3.943798337683945,0.0,0.0,0.013962634015954637,0.0,0.0,0.0,-0.015707963267948967,0.0,0.15794507050671397,-0.009729437092612425,0.7972831705751058,-0.39547119356540206,0.28872169364002653,-1.086284085472942,0.04015522846358757,-0.05158776417374611,0.16031361328125,-0.02531267578125,0.80156806640625,-0.4050028125,0.303752109375,-1.00406947265625,0.055699423828125,-0.103441787109375
5.878632167,0.0,-0.007470009198535799,-0.002792526803192086,0.9240645724683985,-1.056988848300287,2.0554568067812014,-2.075275020437598,2.203216381255042,-3.943798337683945,0.0,0.0,0.013962634015954637,0.0,0.0,0.0,-0.010471975511965978,0.0,0.16030360004529154,-0.009333436871240774,0.7959111364616115,-0.3954010985031462,0.288482775872025,-1.0866563760842092,0.04036532608469262,-0.051392655819654465,0.130782158203125,-0.0168751171875,0.80156806640625,-0.400784033203125,0.24468919921875,-1.10532017578125,0.039785302734375,-0.103441787109375
5.884823965000001,0.0,-0.007470009198535799,-0.002792526803192086,0.9240645724683985,-1.056988848300287,2.0554568067812014,-2.075275020437598,2.2031291147924423,-3.943798337683945,0.0,0.0,0.0,0.0,0.0,0.0,-0.013962634015954637,0.0,0.16030360004529154,-0.009333436871240774,0.7955969771962533,-0.3954010985031462,0.288482775872025,-1.0866563760842092,0.04010352669689347,-0.051392655819654465,0.168751171875,0.0168751171875,0.805786845703125,-0.39656525390624997,0.2868769921875,-0.9956319140625,0.039785302734375,-0.0915061962890625
5.892144892,0.0,-0.007470009198535799,-0.002792526803192086,0.9240645724683985,-1.056988848300287,2.0554568067812014,-2.075275020437598,2.2030243950373225,-3.943798337683945,0.0,0.0,0.0,0.0,0.0,0.0,-0.006981317007977318,0.0,0.16110023847445643,-0.009034110727081934,0.7971087096959399,-0.39544772423652175,0.288318043535027,-1.0866637968624837,0.0401693146729905,-0.05123426020145416,0.17718873046875,-0.02531267578125,0.810005625,-0.39656525390624997,0.303752109375,-1.10532017578125,0.0278497119140625,-0.0198926513671875
5.899241944000001,0.0,-0.007470009198535799,-0.002792526803192086,0.9241518389309986,-1.056988848300287,2.0555091666587613,-2.075275020437598,2.202937128574723,-3.943798337683945,0.0,0.0,0.005235987755982989,0.0,0.0,0.0,-0.015707963267948967,0.0,0.16110023847445643,-0.009034110727081934,0.7971087096959399,-0.39544772423652175,0.288318043535027,-1.0866637968624837,0.039820248822591636,-0.05123426020145416,0.168751171875,0.0168751171875,0.810005625,-0.4050028125,0.31218966796875,-1.1306328515625,0.0198926513671875,-0.0318282421875
5.907403071,0.0,-0.007470009198535799,-0.002792526803192086,0.9241518389309986,-1.056988848300287,2.0555091666587613,-2.075275020437598,2.202937128574723,-3.943798337683945,0.0,0.0,0.017453292519943295,0.0,0.0,0.0,0.0,0.0,0.16183326384648478,-0.00849538206152145,0.7958093108783206,-0.3945275030269957,0.2878091251348187,-1.0857767009342916,0.040061349846918726,-0.05113076791167259,0.16031361328125,-0.021093896484375,0.80156806640625,-0.383908916015625,0.303752109375,-1.12219529296875,0.039785302734375,-0.0278497119140625
5.915888391,0.0,-0.007470009198535799,-0.002792526803192086,0.9241518389309986,-1.056988848300287,2.0555091666587613,-2.075275020437598,2.202832408819603,-3.943798337683945,0.0,0.0,0.006981317007977318,0.0,0.0,0.0,-0.015707963267948967,0.0,0.16183326384648478,-0.00849538206152145,0.7945875804019246,-0.3945275030269957,0.2878091251348187,-1.0857767009342916,0.03927595168352127,-0.05113076791167259,0.122344599609375,-0.0168751171875,0.763599052734375,-0.39656525390624997,0.303752109375,-1.0968826171875,0.039785302734375,-0.0954847265625
5.923194278,0.0,-0.007470009198535799,-0.002792526803192086,0.924256558686118,-1.056988848300287,2.0555091666587613,-2.075275020437598,2.2027451423570037,-3.943798337683945,0.0,0.0,0.0,0.0,0.0,0.0,-0.017453292519943295,0.0,0.16244132063016092,-0.008365938933859507,0.7955733553666802,-0.39427421308902266,0.28739854598986403,-1.0854401731098897,0.03989480701883569,-0.05105376988649368,0.17718873046875,-0.0168751171875,0.810005625,-0.400784033203125,0.2531267578125,-1.1306328515625,0.0278497119140625,-0.0358067724609375
5.929421276,0.0,-0.007470009198535799,-0.002792526803192086,0.924256558686118,-1.056988848300287,2.0555091666587613,-2.075275020437598,2.2027451423570037,-3.943798337683945,0.0,0.0,0.0,0.0,0.0,0.0,0.0,0.0,0.16244132063016092,-0.008365938933859507,0.7959573278021197,-0.39427421308902266,0.28739854598986403,-1.0854401731098897,0.0399820734814354,-0.05105376988649368,0.17718873046875,-0.021093896484375,0.805786845703125,-0.39656525390624997,0.303752109375,-1.0968826171875,0.0278497119140625,-0.023871181640625
5.936173366,0.0,-0.007470009198535799,-0.002792526803192086,0.924256558686118,-1.056988848300287,2.0555091666587613,-2.075275020437598,2.2027451423570037,-3.943885604146545,0.0,0.0,0.0,0.0,0.0,0.0,0.0,0.0,0.1631943731628338,-0.00833942138619248,0.7965565779995303,-0.39430452205089095,0.28752472157227293,-1.0849912607277639,0.03903483971953392,-0.05101022124290466,0.17718873046875,-0.021093896484375,0.810005625,-0.383908916015625,0.2531267578125,-1.0800075,0.039785302734375,-0.0994632568359375
5.943847128000001,0.0,-0.007470009198535799,-0.002792526803192086,0.924256558686118,-1.056988848300287,2.0555091666587613,-2.075275020437598,2.202640422601884,-3.943885604146545,0.0,0.008726646259971648,0.0,0.0,0.0,0.0,-0.015707963267948967,0.0,0.1631943731628338,-0.00833942138619248,0.7965565779995303,-0.39430452205089095,0.28752472157227293,-1.0849912607277639,0.03903483971953392,-0.05101022124290466,0.1350009375,-0.021093896484375,0.80156806640625,-0.39656525390624997,0.2868769921875,-1.0968826171875,0.039785302734375,-0.04774236328125
5.95109519,0.0,-0.007470009198535799,-0.002792526803192086,0.9243438251487177,-1.056988848300287,2.0555091666587613,-2.075275020437598,2.202553156139284,-3.943885604146545,0.008726646259971648,0.0,0.0,0.0,0.0,0.0,-0.006981317007977318,0.0,0.1634109391890446,-0.009083421004538792,0.7963696727346758,-0.39444283462909224,0.2869579931591679,-1.0850924694145925,0.039725950785477304,-0.05094926804304123,0.1856262890625,-0.012656337890625,0.814224404296875,-0.392346474609375,0.303752109375,-1.01250703125,0.04774236328125,-0.103441787109375
5.957246699000001,0.0,-0.007470009198535799,-0.002792526803192086,0.9243438251487177,-1.056988848300287,2.0555091666587613,-2.075275020437598,2.202553156139284,-3.943885604146545,0.0,0.0,0.0,0.0,0.0,0.0,-0.008726646259971648,0.0,0.16253827456304742,-0.008210756378541628,0.7961078733468767,-0.39444283462909224,0.2869579931591679,-1.0850924694145925,0.03928961847247872,-0.05094926804304123,0.172969951171875,-0.021093896484375,0.805786845703125,-0.383908916015625,0.29531455078125,-1.113757734375,0.039785302734375,-0.06763501464843749
5.963315839000001,0.0,-0.0073827427359356435,-0.002792526803192086,0.9243438251487177,-1.056988848300287,2.0555527998900613,-2.075275020437598,2.2024484363841643,-3.943885604146545,0.0,0.0,0.008726646259971648,0.0,0.0,0.0,-0.013962634015954637,0.0,0.16358986488207972,-0.008174624787936846,0.7961718887353655,-0.39442687548545363,0.2868434404824902,-1.0850618922318227,0.03935269289988022,-0.05091920867562294,0.168751171875,-0.0168751171875,0.805786845703125,-0.392346474609375,0.29531455078125,-1.1306328515625,0.0596779541015625,-0.0278497119140625
5.969506612,0.0,-0.0073827427359356435,-0.002792526803192086,0.9243438251487177,-1.056988848300287,2.0555527998900613,-2.075275020437598,2.2023611699215646,-3.943885604146545,0.0,0.0,0.0,0.0,0.0,0.0,-0.012217304763960306,0.0,0.16332806549427925,-0.008174624787936846,0.7952992241093684,-0.39442687548545363,0.28671254078859,-1.0850618922318227,0.039614492287679375,-0.05091920867562294,0.168751171875,0.0168751171875,0.814224404296875,-0.39656525390624997,0.2868769921875,-1.00406947265625,0.039785302734375,-0.0954847265625
5.978971205000001,0.0,-0.0073827427359356435,-0.002792526803192086,0.9244485449038371,-1.056988848300287,2.0555527998900613,-2.075275020437598,2.2021691837038455,-3.943885604146545,0.0,0.0,0.012217304763960306,0.0,0.0,0.0,-0.017453292519943295,0.0,0.16346760741827904,-0.007812526570926348,0.7957323193813082,-0.39357500590232375,0.2864705384802213,-1.084057673176647,0.03936719107914803,-0.05091990903019905,0.181407509765625,-0.021093896484375,0.7593802734375,-0.37969013671875,0.236251640625,-1.10532017578125,0.039785302734375,-0.06763501464843749
5.986946186,0.0,-0.0073827427359356435,-0.002792526803192086,0.9244485449038371,-1.056988848300287,2.0555527998900613,-2.075275020437598,2.2020644639487257,-3.943798337683945,0.0,0.0,0.0,0.0,0.004363323129985824,0.0,-0.017453292519943295,0.0,0.16346760741827904,-0.007812526570926348,0.794196429639554,-0.39357500590232375,0.2864705384802213,-1.084057673176647,0.03962899046694718,-0.05091990903019905,0.181407509765625,0.0168751171875,0.76781783203125,-0.37969013671875,0.303752109375,-1.113757734375,0.0318282421875,-0.0358067724609375
5.993664323,0.0,-0.0073827427359356435,-0.002792526803192086,0.9244485449038371,-1.056988848300287,2.0555527998900613,-2.075275020437598,2.201977197486126,-3.943798337683945,0.0,0.0,0.0,0.0,0.0,0.0,-0.0017453292519943296,0.0,0.1647349064743322,-0.007425025599370638,0.7951107342593597,-0.3935516706838942,0.2855908593688028,-1.0843628191555745,0.039434511686915974,-0.050763633102178574,0.172969951171875,0.0168751171875,0.81844318359375,-0.400784033203125,0.29531455078125,-1.0968826171875,0.039785302734375,-0.043763833007812496
5.99961327,0.0,-0.0073827427359356435,-0.002792526803192086,0.9245358113664368,-1.056988848300287,2.0555527998900613,-2.075275020437598,2.201977197486126,-3.943798337683945,0.0,0.0,0.0,0.0,0.0,0.0,-0.017453292519943295,0.008726646259971648,0.1647349064743322,-0.007425025599370638,0.7951107342593597,-0.3935516706838942,0.28602719168180135,-1.0843628191555745,0.038649113523518526,-0.050763633102178574,0.181407509765625,-0.0168751171875,0.797349287109375,-0.400784033203125,0.29531455078125,-1.01250703125,0.039785302734375,-0.01591412109375
6.005890508,0.0,-0.0073827427359356435,-0.002792526803192086,0.9245358113664368,-1.056988848300287,2.0555527998900613,-2.075275020437598,2.2018724777310066,-3.943798337683945,0.0,0.0,0.0,0.0,0.0,0.0,-0.017453292519943295,0.0,0.16561610154269157,-0.007236642325590292,0.7947135727232757,-0.39339476145652297,0.28554881970399526,-1.0844938897694356,0.039321907337064366,-0.05109878653067093,0.139219716796875,-0.0168751171875,0.80156806640625,-0.39656525390624997,0.2531267578125,-1.1306328515625,0.0517208935546875,-0.0358067724609375
6.012384004,0.0,-0.0073827427359356435,-0.002792526803192086,0.9245358113664368,-1.056988848300287,2.0555527998900613,-2.075275020437598,2.2018724777310066,-3.943798337683945,0.0,0.005235987755982989,0.003490658503988659,0.0,0.0,0.0,-0.015707963267948967,0.0,0.16561610154269157,-0.007236642325590292,0.7947135727232757,-0.39339476145652297,0.28554881970399526,-1.0844938897694356,0.039321907337064366,-0.05066245421767235,0.181407509765625,0.0168751171875,0.805786845703125,-0.400784033203125,0.303752109375,-1.10532017578125,0.0318282421875,-0.06763501464843749
6.0188162510000005,0.0,-0.0073827427359356435,-0.002687807048072255,0.9245358113664368,-1.056988848300287,2.0555527998900613,-2.075275020437598,2.2018724777310066,-3.943798337683945,0.0017453292519943296,0.006981317007977318,0.0,0.0,0.0,0.0,0.0,0.0,0.1662922640836042,-0.008050843081129721,0.7941769310557687,-0.3947508416309691,0.28197904537433294,-1.086537911852718,0.03953481359084382,-0.05030890181660652,0.172969951171875,0.0168751171875,0.814224404296875,-0.39656525390624997,0.303752109375,-1.08844505859375,0.039785302734375,-0.04774236328125
6.026711903000001,0.0,-0.0073827427359356435,-0.002687807048072255,0.9246405311215562,-1.056988848300287,2.0555527998900613,-2.075275020437598,2.2017852112684064,-3.943798337683945,0.0,0.017453292519943295,0.0,0.0,0.0,0.0,0.0,0.0,0.16611773115840478,-0.008539535271688646,0.7945259969061675,-0.3947508416309691,0.28197904537433294,-1.086537911852718,0.038749415427446365,-0.05030890181660652,0.189845068359375,-0.0168751171875,0.76781783203125,-0.37969013671875,0.303752109375,-1.113757734375,0.0318282421875,-0.0358067724609375
6.033650939,0.0,-0.0073827427359356435,-0.002687807048072255,0.9246405311215562,-1.056988848300287,2.0555527998900613,-2.075275020437598,2.2016804915132866,-3.943798337683945,0.0,0.0,0.0,0.0,0.0,0.0,-0.017453292519943295,0.0,0.16644155136702476,-0.00925768025912854,0.795394691816377,-0.39400518752482894,0.28347238759511617,-1.084704085549236,0.03855990245938301,-0.05030621960759163,0.172969951171875,0.0168751171875,0.814224404296875,-0.400784033203125,0.27843943359375,-0.9956319140625,0.039785302734375,-0.0278497119140625
6.040609718000001,0.0,-0.0073827427359356435,-0.002687807048072255,0.9246405311215562,-1.056988848300287,2.0555527998900613,-2.075275020437598,2.2016804915132866,-3.943798337683945,0.0,0.0,0.0,0.0,0.0,0.0,-0.0017453292519943296,0.0,0.16644155136702476,-0.00751235100713421,0.795394691816377,-0.39400518752482894,0.28347238759511617,-1.084704085549236,0.03943256708538018,-0.05030621960759163,0.168751171875,-0.021093896484375,0.810005625,-0.383908916015625,0.29531455078125,-1.113757734375,0.0358067724609375,-0.043763833007812496
6.0479603420000005,0.0,-0.0073827427359356435,-0.002687807048072255,0.9246405311215562,-1.056988848300287,2.0555527998900613,-2.075275020437598,2.2015932250506873,-3.943798337683945,0.0,0.0,0.0017453292519943296,0.0,0.004363323129985824,0.0,-0.012217304763960306,0.0,0.16793811223862587,-0.006826476634413492,0.7957415461454862,-0.3937594077720976,0.2843365282844892,-1.0846916579808004,0.03846418266252228,-0.05019717290997505,0.17718873046875,0.0168751171875,0.814224404296875,-0.39656525390624997,0.29531455078125,-1.07156994140625,0.039785302734375,-0.0358067724609375
6.054845009,0.0,-0.0073827427359356435,-0.002687807048072255,0.9247277975841564,-1.056988848300287,2.0555527998900613,-2.075275020437598,2.2014885052955675,-3.943885604146545,0.0,0.0,0.0,0.0,0.0,0.0,-0.006981317007977318,0.0,0.16793811223862587,-0.006826476634413492,0.7955670132202868,-0.3937594077720976,0.28390019597149063,-1.0846916579808004,0.03898778143812058,-0.05019717290997505,0.130782158203125,-0.012656337890625,0.76781783203125,-0.400784033203125,0.2868769921875,-1.01250703125,0.0318282421875,-0.0318282421875
6.0613023120000005,0.0,-0.0073827427359356435,-0.002687807048072255,0.9247277975841564,-1.056988848300287,2.0555527998900613,-2.075275020437598,2.2014885052955675,-3.943885604146545,0.0,0.0,0.0,0.0,0.0,0.0,-0.005235987755982989,0.0,0.16894648871777473,-0.0063797295772736184,0.7952749153959151,-0.39364089883712294,0.28445897112601903,-1.084710612257839,0.03857315574111733,-0.05008787289261818,0.19406384765625,-0.012656337890625,0.763599052734375,-0.400784033203125,0.29531455078125,-1.00406947265625,0.039785302734375,-0.043763833007812496
6.067472061,0.0,-0.0073827427359356435,-0.002687807048072255,0.9247277975841564,-1.056988848300287,2.0555527998900613,-2.075275020437598,2.201401238832968,-3.943885604146545,0.0,0.0,0.0,0.0,0.0,0.0,0.0,0.0,0.16894648871777473,-0.0063797295772736184,0.7952749153959151,-0.39364089883712294,0.28445897112601903,-1.084710612257839,0.038485889278517614,-0.05008787289261818,0.1181258203125,-0.0168751171875,0.805786845703125,-0.39656525390624997,0.303752109375,-1.0968826171875,0.0358067724609375,-0.0198926513671875
6.074026293,0.0,-0.0073827427359356435,-0.002687807048072255,0.9247277975841564,-1.056988848300287,2.0555527998900613,-2.075275020437598,2.201401238832968,-3.943885604146545,0.0,0.0,0.0,0.0,0.0,0.0,0.0,0.0,0.16986206076500832,-0.00614575713214327,0.7954671403753157,-0.3935271284714079,0.2846370251011243,-1.0844587528313405,0.03811126574873924,-0.050010621547698975,0.139219716796875,-0.012656337890625,0.763599052734375,-0.383908916015625,0.2531267578125,-1.113757734375,0.039785302734375,-0.06763501464843749
6.08009601,0.0,-0.0073827427359356435,-0.002687807048072255,0.9248325173392762,-1.056988848300287,2.0555527998900613,-2.075275020437598,2.2012965190778484,-3.943798337683945,0.008726646259971648,0.0,0.0,0.0,0.0,0.0,-0.0017453292519943296,0.013962634015954637,0.16986206076500832,-0.00614575713214327,0.7954671403753157,-0.3935271284714079,0.2846370251011243,-1.0844587528313405,0.03811126574873924,-0.050010621547698975,0.181407509765625,-0.00843755859375,0.755161494140625,-0.39656525390624997,0.2531267578125,-1.113757734375,0.039785302734375,-0.0198926513671875
6.087179686000001,0.0,-0.0073827427359356435,-0.002687807048072255,0.9248325173392762,-1.056988848300287,2.0555527998900613,-2.075275020437598,2.2012965190778484,-3.943798337683945,0.0,0.006981317007977318,0.0,0.0,0.0,0.0,-0.010471975511965978,0.0,0.16982085858188606,-0.005845447511345636,0.7946476529315505,-0.39253350414184096,0.2842503176164022,-1.083589538296581,0.03802580167607018,-0.05069705956224984,0.1856262890625,-0.00843755859375,0.810005625,-0.392346474609375,0.2531267578125,-1.02094458984375,0.0318282421875,-0.0198926513671875
6.0938019510000005,0.0,-0.0073827427359356435,-0.002687807048072255,0.9248325173392762,-1.056988848300287,2.0555527998900613,-2.075275020437598,2.2012965190778484,-3.943798337683945,0.0,0.0,0.017453292519943295,0.0,0.0,0.0,0.0,0.0,0.17069352320788322,-0.006543579212143368,0.7946476529315505,-0.39253350414184096,0.2842503176164022,-1.083589538296581,0.03846213398906876,-0.0499989278614521,0.1856262890625,-0.00843755859375,0.805786845703125,-0.392346474609375,0.303752109375,-1.1390704101562499,0.0358067724609375,-0.039785302734375
6.1008936600000006,0.0,-0.0073827427359356435,-0.002687807048072255,0.9248325173392762,-1.056988848300287,2.0556051597676213,-2.075275020437598,2.2012092526152482,-3.943798337683945,0.0,0.0,0.013962634015954637,0.0,0.0,0.0,0.0,0.0,0.17081180862544,-0.005976099030048143,0.7936300963922637,-0.39117523349669936,0.28690590570682195,-1.0814358138645894,0.037468865513801575,-0.05023273080587387,0.181407509765625,0.0168751171875,0.805786845703125,-0.39656525390624997,0.29531455078125,-1.0800075,0.039785302734375,-0.0278497119140625
6.107274995,0.0,-0.0073827427359356435,-0.002687807048072255,0.9248325173392762,-1.056988848300287,2.0556051597676213,-2.075275020437598,2.2012092526152482,-3.943798337683945,0.0,0.0,0.0,0.0,0.0,0.0,0.0,0.0,0.17081180862544,-0.005976099030048143,0.7939791622426625,-0.39117523349669936,0.2867488260741422,-1.0814358138645894,0.037468865513801575,-0.05023273080587387,0.139219716796875,-0.004218779296875,0.7593802734375,-0.39656525390624997,0.2531267578125,-1.0968826171875,0.039785302734375,-0.0119355908203125
6.1136460900000005,0.0,-0.0073827427359356435,-0.002687807048072255,0.9248325173392762,-1.056988848300287,2.0556051597676213,-2.075275020437598,2.2012092526152482,-3.943798337683945,0.0,0.0,0.008726646259971648,0.0,0.004363323129985824,0.0,-0.008726646259971648,0.0,0.17172411731837212,-0.005674895339578878,0.7946651319936309,-0.3922941169872618,0.2851589690323064,-1.0823579573239095,0.03747768700122833,-0.050072696059942245,0.1856262890625,0.0168751171875,0.763599052734375,-0.400784033203125,0.303752109375,-1.12219529296875,0.039785302734375,-0.0358067724609375
6.120059265,0.0,-0.0073827427359356435,-0.002687807048072255,0.9249197838018763,-1.056988848300287,2.0556051597676213,-2.075275020437598,2.201104532860129,-3.943798337683945,0.0,0.0,0.0,0.0,0.0,0.0,0.0,0.0,0.17172411731837212,-0.005674895339578878,0.7937924673676338,-0.3922941169872618,0.28472263671930786,-1.0823579573239095,0.037914019314226916,-0.050072696059942245,0.181407509765625,-0.0168751171875,0.805786845703125,-0.400784033203125,0.2868769921875,-1.0800075,0.0358067724609375,-0.023871181640625
6.126450456000001,0.0,-0.0073827427359356435,-0.002687807048072255,0.9249197838018763,-1.056988848300287,2.0556051597676213,-2.075275020437598,2.201104532860129,-3.943885604146545,0.0,0.0,0.0,0.0,0.0,0.0,0.0,0.0,0.17204008154032646,-0.005562709153563272,0.7943037779478943,-0.3926602832212782,0.28426494406415914,-1.0826536261643178,0.03748631104826927,-0.04995568096637726,0.189845068359375,-0.021093896484375,0.805786845703125,-0.392346474609375,0.2531267578125,-1.1306328515625,0.0318282421875,-0.0278497119140625
6.132670893,0.0,-0.007278022980816701,-0.002687807048072255,0.9249197838018763,-1.056988848300287,2.0556051597676213,-2.075275020437598,2.201104532860129,-3.943885604146545,0.0,0.0,0.0,0.0,0.0,0.0,0.0,-0.008726646259971648,0.17204008154032646,-0.005562709153563272,0.7943037779478943,-0.3926602832212782,0.28426494406415914,-1.0826536261643178,0.03748631104826927,-0.04995568096637726,0.17718873046875,-0.00843755859375,0.81844318359375,-0.392346474609375,0.2868769921875,-1.0968826171875,0.039785302734375,-0.039785302734375
6.139975916,0.0,-0.007278022980816701,-0.002687807048072255,0.9249197838018763,-1.056988848300287,2.0556051597676213,-2.075275020437598,2.201017266397529,-3.943885604146545,0.0,0.0,0.0,0.0,0.0,0.0,0.0,0.0,0.1717521408680902,-0.00544073430162717,0.7944950194506561,-0.392824076785121,0.2838371317262838,-1.0824682855213887,0.037469908595085144,-0.04942543408495445,0.147657275390625,-0.012656337890625,0.80156806640625,-0.37969013671875,0.29531455078125,-1.1306328515625,0.039785302734375,-0.0358067724609375
6.149380925,0.0,-0.007278022980816701,-0.002600540585472544,0.9249197838018763,-1.056988848300287,2.0556051597676213,-2.075275020437598,2.2009125466424093,-3.943885604146545,0.0,0.0,0.013962634015954637,0.0,0.0,0.0,-0.017453292519943295,0.005235987755982989,0.1717521408680902,-0.00544073430162717,0.7944950194506561,-0.392824076785121,0.2838371317262838,-1.0824682855213887,0.037469908595085144,-0.04986176639795303,0.17718873046875,-0.021093896484375,0.80156806640625,-0.383908916015625,0.303752109375,-1.0968826171875,0.0358067724609375,-0.0198926513671875
6.159845622000001,0.0,-0.007278022980816701,-0.002600540585472544,0.9250245035569957,-1.056988848300287,2.0556051597676213,-2.075275020437598,2.20072056042469,-3.943798337683945,0.0,0.0,0.0,0.0,0.0,0.0,-0.012217304763960306,0.0,0.17146650795974594,-0.005450260755704761,0.7920272135476111,-0.3918303183451033,0.28274775253488516,-1.0820750736798055,0.038171612198705296,-0.05012612878547752,0.172969951171875,-0.012656337890625,0.7593802734375,-0.39656525390624997,0.29531455078125,-1.113757734375,0.0318282421875,-0.0994632568359375
6.169847884,0.0,-0.007278022980816701,-0.002600540585472544,0.9250245035569957,-1.056988848300287,2.0556051597676213,-2.075275020437598,2.2005285742069707,-3.943798337683945,0.0,0.0,0.008726646259971648,0.0,0.0,0.0,-0.017453292519943295,0.008726646259971648,0.17146650795974594,-0.005450260755704761,0.7931093176838484,-0.3918303183451033,0.28274775253488516,-1.0820750736798055,0.03790981281090615,-0.049864329397678375,0.189845068359375,-0.0168751171875,0.755161494140625,-0.37969013671875,0.29531455078125,-1.113757734375,0.0358067724609375,-0.103441787109375
6.179925539,0.0,-0.007278022980816701,-0.002600540585472544,0.9250245035569957,-1.056988848300287,2.0556051597676213,-2.075275020437598,2.200441307744371,-3.943798337683945,0.0,0.0,0.0,0.0,0.0,0.0,-0.008726646259971648,0.0,0.17120825593509537,-0.005575457052426458,0.7917987824361701,-0.3916696987285948,0.28191843585922216,-1.0820615732277639,0.03806396621024094,-0.0502966831006382,0.181407509765625,0.0168751171875,0.805786845703125,-0.39656525390624997,0.303752109375,-1.12219529296875,0.0358067724609375,-0.039785302734375
6.1872242260000005,0.0,-0.007278022980816701,-0.002600540585472544,0.9251117700195954,-1.056988848300287,2.0556051597676213,-2.075275020437598,2.200336587989251,-3.943798337683945,0.0,0.0,0.0,0.0,0.0,0.0,-0.008726646259971648,0.0,0.17120825593509537,-0.005575457052426458,0.7926714470621672,-0.3916696987285948,0.28191843585922216,-1.0820615732277639,0.03762763389724236,-0.04986035078763962,0.19406384765625,-0.012656337890625,0.805786845703125,-0.392346474609375,0.29531455078125,-1.113757734375,0.0358067724609375,-0.043763833007812496
6.195898572000001,0.0,-0.007278022980816701,-0.002600540585472544,0.9251117700195954,-1.056988848300287,2.0556051597676213,-2.075275020437598,2.2002493215266514,-3.943798337683945,0.0,0.0,0.017453292519943295,0.0,0.0,0.0,-0.003490658503988659,0.0,0.1710350299362169,-0.005622068815963388,0.7925716530988676,-0.3918990275993681,0.28168056862308477,-1.0818397545422322,0.03759293654340248,-0.04982597008347511,0.19406384765625,0.0168751171875,0.7593802734375,-0.39656525390624997,0.29531455078125,-1.0800075,0.0358067724609375,-0.06763501464843749
6.202744647,0.0,-0.007278022980816701,-0.002600540585472544,0.9251117700195954,-1.056988848300287,2.0556051597676213,-2.075275020437598,2.200144601771532,-3.943798337683945,0.0,0.0,0.008726646259971648,0.0,0.0,0.0,0.0,0.0,0.1710350299362169,-0.005622068815963388,0.7908263238468732,-0.3918990275993681,0.28168056862308477,-1.0818397545422322,0.037331137155603336,-0.04982597008347511,0.1856262890625,0.0,0.810005625,-0.400784033203125,0.27843943359375,-1.0800075,0.0358067724609375,-0.103441787109375
6.209432768,0.0,-0.007278022980816701,-0.002600540585472544,0.9251117700195954,-1.056988848300287,2.0556051597676213,-2.075275020437598,2.200144601771532,-3.943798337683945,0.0,0.0,0.0,0.0,0.0,0.0,-0.003490658503988659,0.0,0.17249605153837066,-0.005221475311653734,0.7921572438830649,-0.3919176689520216,0.28182207750036214,-1.0820626461113698,0.03711117058992386,-0.04968865215778351,0.1856262890625,-0.012656337890625,0.805786845703125,-0.37969013671875,0.29531455078125,-1.02094458984375,0.0318282421875,-0.0198926513671875
6.215981657,0.0,-0.007278022980816701,-0.002600540585472544,0.9251117700195954,-1.056988848300287,2.0556051597676213,-2.075275020437598,2.2000573353089323,-3.943798337683945,0.010471975511965978,0.0,0.0,0.0,0.0,0.0,-0.008726646259971648,0.0,0.17249605153837066,-0.005221475311653734,0.793029908509062,-0.3919176689520216,0.28182207750036214,-1.0820626461113698,0.037285703515123295,-0.04968865215778351,0.181407509765625,-0.0168751171875,0.80156806640625,-0.37969013671875,0.2868769921875,-1.1390704101562499,0.0318282421875,-0.0119355908203125
6.223108278000001,0.0,-0.007278022980816701,-0.002600540585472544,0.9251117700195954,-1.056988848300287,2.0556051597676213,-2.075275020437598,2.1999526155538125,-3.943798337683945,0.0,0.0,0.0,0.0,0.007853981633974483,0.0,-0.013962634015954637,0.0,0.1721659649190474,-0.00488411348788631,0.7930133682201368,-0.39200090683845046,0.2813954051013181,-1.082122995814205,0.037482585994181444,-0.04954015836119652,0.17718873046875,-0.012656337890625,0.805786845703125,-0.392346474609375,0.2868769921875,-1.12219529296875,0.039785302734375,-0.043763833007812496
6.2293197870000006,0.0,-0.007278022980816701,-0.002495820830353157,0.9252164897747148,-1.056988848300287,2.0556051597676213,-2.075275020437598,2.199865349091213,-3.943798337683945,0.0,0.0,0.0,0.0,0.0,0.0,-0.017453292519943295,0.0,0.173213162470244,-0.00488411348788631,0.7930133682201368,-0.39200090683845046,0.28061000693792065,-1.082122995814205,0.0377443853819806,-0.04954015836119652,0.17718873046875,0.0168751171875,0.76781783203125,-0.39656525390624997,0.27843943359375,-1.08844505859375,0.0318282421875,-0.06763501464843749
6.238596059000001,0.0,-0.007278022980816701,-0.002495820830353157,0.9252164897747148,-1.056988848300287,2.0556051597676213,-2.075275020437598,2.199760629336093,-3.943798337683945,0.0,0.0,0.0,0.0,0.0,0.0,-0.017453292519943295,0.0,0.17326264922656875,-0.004700966056173872,0.7919182838000927,-0.39135056055930617,0.2807239811296651,-1.0815718912686116,0.03768751072442017,-0.04945903643965721,0.1856262890625,-0.012656337890625,0.805786845703125,-0.39656525390624997,0.2868769921875,-1.08844505859375,0.039785302734375,-0.071613544921875
6.2478272740000005,0.0,-0.007278022980816701,-0.002495820830353157,0.9252164897747148,-1.056988848300287,2.0556051597676213,-2.075275020437598,2.199568643118374,-3.943798337683945,0.0,0.0,0.013962634015954637,0.0,0.0,0.0,-0.020943951023931956,0.0,0.17326264922656875,-0.004700966056173872,0.7919182838000927,-0.39135056055930617,0.2807239811296651,-1.0815718912686116,0.03768751072442017,-0.04945903643965721,0.189845068359375,-0.0168751171875,0.7931305078124999,-0.37969013671875,0.29531455078125,-1.0800075,0.0358067724609375,-0.0358067724609375
6.2549813830000005,0.0,-0.007190756518216546,-0.002495820830353157,0.9252164897747148,-1.056988848300287,2.0556051597676213,-2.075275020437598,2.1993766569006543,-3.943798337683945,0.0,0.0,0.0,0.0,0.0,0.0,-0.019198621771937627,0.0,0.17342704628743988,-0.004602396271860432,0.7900215648998018,-0.39099798418429854,0.28000025408222173,-1.0814538740719564,0.03769983705944398,-0.04940293729305267,0.172969951171875,-0.00843755859375,0.797349287109375,-0.39656525390624997,0.303752109375,-1.0968826171875,0.0358067724609375,-0.0119355908203125
6.261358046000001,0.0,-0.007190756518216546,-0.002495820830353157,0.9253037562373145,-1.056988848300287,2.0556051597676213,-2.075275020437598,2.1992893904380546,-3.943798337683945,0.0,0.0,0.0,0.0,0.0,0.0,-0.024434609527920613,0.0,0.1731652468996394,-0.004602396271860432,0.7914178283013973,-0.39099798418429854,0.28000025408222173,-1.0814538740719564,0.03761257059684426,-0.04940293729305267,0.139219716796875,-0.00843755859375,0.80156806640625,-0.37969013671875,0.2531267578125,-0.9956319140625,0.0278497119140625,-0.0278497119140625
6.269159201000001,0.0,-0.007190756518216546,-0.002495820830353157,0.9253037562373145,-1.056988848300287,2.0556051597676213,-2.075275020437598,2.1990974042203355,-3.943798337683945,0.0,0.0,0.0,0.0,0.0,0.0,-0.020943951023931956,0.0,0.17298334842494612,-0.004606915514653753,0.7909632674923945,-0.3910740695133543,0.2794687073106954,-1.0813328170384175,0.03775255671717401,-0.04935479536652565,0.168751171875,-0.00843755859375,0.805786845703125,-0.39656525390624997,0.29531455078125,-1.0968826171875,0.0358067724609375,-0.0318282421875
6.275477207000001,0.0,-0.007190756518216546,-0.002495820830353157,0.9253037562373145,-1.056988848300287,2.0556051597676213,-2.075275020437598,2.198905418002616,-3.943798337683945,0.0,0.0,0.0,0.0,0.0,0.0,-0.020943951023931956,0.003490658503988659,0.17298334842494612,-0.004606915514653753,0.7909632674923945,-0.3910740695133543,0.2794687073106954,-1.0813328170384175,0.03757802379197457,-0.04935479536652565,0.1856262890625,0.0168751171875,0.755161494140625,-0.400784033203125,0.29531455078125,-1.113757734375,0.0318282421875,-0.01591412109375
6.283095769,0.0,-0.007190756518216546,-0.002495820830353157,0.9253037562373145,-1.056988848300287,2.0556051597676213,-2.075275020437598,2.1987134317848964,-3.943798337683945,0.0,0.0,0.0,0.0,0.0,0.0,-0.022689280275926284,0.0,0.1729874834971774,-0.00463696324053986,0.7910263888112117,-0.39100987531093123,0.2792497272963712,-1.081231608351589,0.037519305766290215,-0.04952404210479157,0.181407509765625,-0.00843755859375,0.805786845703125,-0.39656525390624997,0.2868769921875,-1.1390704101562499,0.0278497119140625,-0.039785302734375
6.28885201,0.0,-0.007190756518216546,-0.002495820830353157,0.9254084759924344,-1.056988848300287,2.0556051597676213,-2.075275020437598,2.198608712029777,-3.943798337683945,0.0,0.0,0.017453292519943295,0.0,0.0,0.0,-0.024434609527920613,0.0,0.1729874834971774,-0.00463696324053986,0.7910263888112117,-0.39100987531093123,0.2792497272963712,-1.081231608351589,0.03760657222888993,-0.04934950917959213,0.17718873046875,-0.00843755859375,0.797349287109375,-0.392346474609375,0.270001875,-1.01250703125,0.0318282421875,-0.0358067724609375
6.295041631,0.0,-0.007190756518216546,-0.002495820830353157,0.9254084759924344,-1.056988848300287,2.0556051597676213,-2.075275020437598,2.1984167258120575,-3.943798337683945,0.0,0.0,0.0017453292519943296,0.0,0.0,0.0,-0.020943951023931956,0.0,0.1730274931149829,-0.004682423889374565,0.7886066796231578,-0.3909082195892668,0.2788297604198644,-1.08134345646751,0.037688206052558376,-0.04932311549782753,0.181407509765625,-0.012656337890625,0.814224404296875,-0.39656525390624997,0.29531455078125,-1.113757734375,0.0318282421875,-0.0954847265625
6.301616920000001,0.0,-0.007190756518216546,-0.002495820830353157,0.9254084759924344,-1.056988848300287,2.0556051597676213,-2.075275020437598,2.198329459349458,-3.943798337683945,0.0,0.0,0.0,0.0,0.0,0.0,-0.017453292519943295,0.0,0.1730274931149829,-0.004682423889374565,0.7901774759499527,-0.3909082195892668,0.2788297604198644,-1.08134345646751,0.03751367312735894,-0.04932311549782753,0.181407509765625,-0.00843755859375,0.805786845703125,-0.39656525390624997,0.29531455078125,-1.00406947265625,0.0278497119140625,-0.01591412109375
6.311517869,0.0,-0.007190756518216546,-0.002495820830353157,0.9254957424550341,-1.056988848300287,2.0556051597676213,-2.075275020437598,2.198224739594338,-3.943798337683945,0.0,0.0,0.008726646259971648,0.0,0.0,0.0,-0.017453292519943295,0.0,0.17301008110812788,-0.004718051168805193,0.7906576912958827,-0.39106508411315444,0.27889815674974416,-1.0811959349716909,0.03733038204466782,-0.04930694401264191,0.189845068359375,0.0,0.7593802734375,-0.400784033203125,0.29531455078125,-1.12219529296875,0.0318282421875,-0.0278497119140625
6.319507058,0.0,-0.007190756518216546,-0.002495820830353157,0.9254957424550341,-1.056988848300287,2.0556051597676213,-2.075275020437598,2.198032753376619,-3.943798337683945,0.0,0.0,0.008726646259971648,0.0,0.0,0.0,-0.005235987755982989,0.0,0.17301008110812788,-0.004718051168805193,0.7895232272820865,-0.39106508411315444,0.27889815674974416,-1.0811959349716909,0.03733038204466782,-0.04930694401264191,0.172969951171875,-0.012656337890625,0.805786845703125,-0.39656525390624997,0.270001875,-1.02094458984375,0.0318282421875,-0.0358067724609375
6.325975113,0.0,-0.007190756518216546,-0.002495820830353157,0.9254957424550341,-1.056988848300287,2.0556051597676213,-2.075275020437598,2.198032753376619,-3.943798337683945,0.0,0.0,0.012217304763960306,0.0,0.0,0.0,-0.017453292519943295,0.0,0.17466314887574796,-0.004329735755657982,0.7900540364461337,-0.39109820939448836,0.2792783598776052,-1.081415250262142,0.036708743266926656,-0.04917426407337189,0.17718873046875,0.029531455078125,0.755161494140625,-0.4050028125,0.29531455078125,-1.0968826171875,0.04774236328125,-0.103441787109375
6.334260848,0.0,-0.007190756518216546,-0.002495820830353157,0.9254957424550341,-1.056988848300287,2.0556051597676213,-2.075275020437598,2.198032753376619,-3.943798337683945,0.012217304763960306,0.0,0.006981317007977318,0.0,0.0,0.0,0.0,0.0,0.17466314887574796,-0.004329735755657982,0.7897049705957347,-0.39109820939448836,0.2792783598776052,-1.081415250262142,0.03731960850512467,-0.04917426407337189,0.189845068359375,-0.012656337890625,0.810005625,-0.39656525390624997,0.2868769921875,-1.0968826171875,0.0318282421875,-0.01591412109375
6.342422486,0.0,-0.007190756518216546,-0.002495820830353157,0.9256004622101535,-1.056988848300287,2.0556051597676213,-2.075275020437598,2.197945486914019,-3.943798337683945,0.0,0.0,0.0,0.0,0.0,0.0,0.0,0.0,0.17713251798345456,-0.0021729030345736255,0.7907305894919539,-0.38846061445621016,0.2820076863641927,-1.0778910958374746,0.03561932221055031,-0.04909813776612282,0.172969951171875,0.0168751171875,0.788911728515625,-0.400784033203125,0.2868769921875,-1.08844505859375,0.0318282421875,-0.0119355908203125
6.348666700000001,0.0,-0.007190756518216546,-0.002495820830353157,0.9256004622101535,-1.056988848300287,2.0556051597676213,-2.075275020437598,2.197945486914019,-3.943798337683945,0.0,0.0,0.0,0.0,0.0,0.0,0.0,0.0,0.1783542484598506,-0.0021729030345736255,0.7911145619273934,-0.38846061445621016,0.2820076863641927,-1.0778910958374746,0.03561932221055031,-0.04909813776612282,0.147657275390625,0.0,0.755161494140625,-0.37969013671875,0.2868769921875,-1.10532017578125,0.04774236328125,-0.0198926513671875
6.355364166,0.0,-0.007190756518216546,-0.002495820830353157,0.9256004622101535,-1.056988848300287,2.0556051597676213,-2.075275020437598,2.197945486914019,-3.943798337683945,0.0,0.0,0.0,0.0,0.0,0.0,0.0,0.0,0.1817004830198634,-0.001193669035768341,0.7902167818666253,-0.3882810405626631,0.27997354375078176,-1.078189625700832,0.03526546061038971,-0.04874806106090546,0.1856262890625,-0.00843755859375,0.797349287109375,-0.3881276953125,0.29531455078125,-1.12219529296875,0.023871181640625,-0.0198926513671875
6.362591172,0.0,-0.007190756518216546,-0.002495820830353157,0.9256004622101535,-1.056988848300287,2.0556051597676213,-2.075275020437598,2.197945486914019,-3.943798337683945,0.008726646259971648,0.0,0.008726646259971648,0.0,0.0,0.0,0.0,0.0,0.1817004830198634,-0.001193669035768341,0.7902167818666253,-0.3882810405626631,0.27997354375078176,-1.078189625700832,0.03526546061038971,-0.04874806106090546,0.19406384765625,0.0168751171875,0.797349287109375,-0.39656525390624997,0.29531455078125,-1.0968826171875,0.04774236328125,-0.039785302734375
6.3701061800000005,0.0,-0.007086036763096715,-0.002495820830353157,0.9256004622101535,-1.056988848300287,2.0556051597676213,-2.075275020437598,2.197945486914019,-3.943798337683945,0.017453292519943295,0.0,0.0,0.0,0.0,0.0,0.0,0.0,0.18294823873058957,-0.0007741729428230038,0.7892404945656861,-0.3881514898672438,0.27816164450599645,-1.0780263685787923,0.034983810037374496,-0.04844409227371216,0.189845068359375,-0.00843755859375,0.805786845703125,-0.375471357421875,0.24468919921875,-1.10532017578125,0.0517208935546875,-0.0318282421875
6.3764949390000005,0.0,-0.007086036763096715,-0.002495820830353157,0.9256004622101535,-1.056988848300287,2.0556051597676213,-2.075275020437598,2.197945486914019,-3.943798337683945,0.0,0.0,0.0,0.0,0.0,0.0,0.0,0.0,0.18176141483923292,-0.0007741729428230038,0.7901131591916832,-0.3881514898672438,0.27816164450599645,-1.0780263685787923,0.034983810037374496,-0.04844409227371216,0.20250140625,-0.00843755859375,0.805786845703125,-0.39656525390624997,0.2868769921875,-1.113757734375,0.0358067724609375,-0.01591412109375
6.384260062,0.0,-0.007086036763096715,-0.002408554367753002,0.9256877286727532,-1.056988848300287,2.0556051597676213,-2.075275020437598,2.197945486914019,-3.943798337683945,0.0,0.0,0.0,0.0,0.0,0.0,0.0,0.0,0.18464234668464918,-0.0004997857545672169,0.7905045381904396,-0.3881178281441069,0.2770509641046712,-1.0777326666916616,0.034719113260507584,-0.04825012385845184,0.189845068359375,-0.004218779296875,0.755161494140625,-0.39656525390624997,0.24468919921875,-1.07156994140625,0.0318282421875,-0.0994632568359375
6.390625236,0.0,-0.007086036763096715,-0.002408554367753002,0.9256877286727532,-1.056988848300287,2.0556051597676213,-2.075275020437598,2.197945486914019,-3.943798337683945,0.008726646259971648,0.0,0.006981317007977318,0.0,0.0,0.0,0.0,0.0,0.18464234668464918,-0.0007615851423676823,0.7902427388026405,-0.3881178281441069,0.2770509641046712,-1.0777326666916616,0.034719113260507584,-0.04825012385845184,0.19406384765625,-0.012656337890625,0.7931305078124999,-0.392346474609375,0.24468919921875,-1.1390704101562499,0.0318282421875,-0.023871181640625
6.400157190000001,0.0,-0.007086036763096715,-0.002408554367753002,0.9256877286727532,-1.056988848300287,2.0556051597676213,-2.075275020437598,2.197945486914019,-3.943798337683945,0.003490658503988659,0.0,0.0,0.0,0.0,0.0,0.0,0.008726646259971648,0.1844110652893382,-0.0005753169021542881,0.7896754094948024,-0.3881992331877089,0.275889969932575,-1.0775460743511922,0.034558411687612534,-0.048088520765304565,0.147657275390625,-0.00843755859375,0.7931305078124999,-0.392346474609375,0.2868769921875,-0.978756796875,0.0318282421875,-0.043763833007812496
6.408057642,0.0,-0.007086036763096715,-0.002408554367753002,0.9256877286727532,-1.056988848300287,2.0556051597676213,-2.075275020437598,2.197945486914019,-3.943798337683945,0.0,0.0,0.0,0.0,0.0,0.0,0.0,0.0,0.1849346640649365,-0.0005753169021542881,0.7903735411956001,-0.3881992331877089,0.275889969932575,-1.0775460743511922,0.034558411687612534,-0.04852485307830315,0.1518760546875,0.02531267578125,0.80156806640625,-0.375471357421875,0.2868769921875,-1.10532017578125,0.0318282421875,-0.0994632568359375
6.416085231,0.0,-0.007086036763096715,-0.002408554367753002,0.9256877286727532,-1.056988848300287,2.0556051597676213,-2.075275020437598,2.197945486914019,-3.943798337683945,0.0,0.0,0.0,0.0,0.0,0.0,0.0,0.0,0.1843509693786647,-0.0008186072296436642,0.7905379159047294,-0.38815743543056014,0.2752337451453397,-1.077049239834667,0.03447749838232994,-0.048147525638341904,0.189845068359375,-0.012656337890625,0.788911728515625,-0.39656525390624997,0.29531455078125,-1.08844505859375,0.0318282421875,-0.103441787109375
6.4239452980000005,0.0,-0.006998770300497448,-0.002408554367753002,0.9256877286727532,-1.056988848300287,2.0556051597676213,-2.075275020437598,2.197945486914019,-3.943798337683945,0.0,0.0,0.0,0.0,0.0,0.0,0.0,0.0,0.1843509693786647,-0.0008186072296436642,0.7905379159047294,-0.38815743543056014,0.2752337451453397,-1.077049239834667,0.03447749838232994,-0.048147525638341904,0.189845068359375,-0.012656337890625,0.80156806640625,-0.392346474609375,0.2531267578125,-1.12219529296875,0.0318282421875,-0.023871181640625
6.430925934,0.0,-0.006998770300497448,-0.002408554367753002,0.9256877286727532,-1.056988848300287,2.0556051597676213,-2.075275020437598,2.197945486914019,-3.943798337683945,0.0,0.0,0.0,0.0,0.0,0.0,0.0,0.0,0.1846638779757912,-0.0005232052131529663,0.7907820416285682,-0.38826561786082747,0.2749189432139585,-1.07726471062553,0.03438868373632431,-0.04807446897029877,0.189845068359375,-0.012656337890625,0.755161494140625,-0.37969013671875,0.270001875,-1.01250703125,0.0358067724609375,-0.0358067724609375
6.440790787,0.0,-0.006998770300497448,-0.002303834612633171,0.9256877286727532,-1.056988848300287,2.0556051597676213,-2.075275020437598,2.197945486914019,-3.943798337683945,0.0,0.0,0.0,0.0,0.0,0.0,0.0,0.0,0.1846638779757912,-0.0005232052131529663,0.7907820416285682,-0.38826561786082747,0.2749189432139585,-1.07726471062553,0.03438868373632431,-0.04807446897029877,0.147657275390625,-0.00843755859375,0.810005625,-0.392346474609375,0.29531455078125,-1.113757734375,0.0517208935546875,-0.0278497119140625
6.448988714,0.0,-0.006998770300497448,-0.002303834612633171,0.9256877286727532,-1.056988848300287,2.0556051597676213,-2.075275020437598,2.197945486914019,-3.943798337683945,0.0,0.0,0.0,0.0,0.0,0.0,0.0,0.0,0.18479890484794925,-0.000616360234572344,0.7908731026246238,-0.38842793620971205,0.27453317450239156,-1.0772939467037923,0.034296490252017975,-0.048014841973781586,0.19828262695312499,-0.00843755859375,0.746723935546875,-0.3881276953125,0.24468919921875,-1.1306328515625,0.0517208935546875,-0.0198926513671875
6.455119742000001,0.0,-0.006998770300497448,-0.002303834612633171,0.9257924484278726,-1.056988848300287,2.055648792998921,-2.075275020437598,2.197945486914019,-3.943798337683945,0.0,0.0,0.0,0.0,0.0,0.0,0.0,0.0,0.18479890484794925,-0.000616360234572344,0.7908731026246238,-0.38842793620971205,0.27453317450239156,-1.0772939467037923,0.034296490252017975,-0.048014841973781586,0.156094833984375,0.0168751171875,0.75094271484375,-0.392346474609375,0.2868769921875,-1.0800075,0.04774236328125,-0.0994632568359375
6.464509551000001,0.0,-0.006998770300497448,-0.002303834612633171,0.9257924484278726,-1.056988848300287,2.055648792998921,-2.075275020437598,2.197945486914019,-3.943798337683945,0.0,0.0,0.0,0.0,0.0,0.0,0.0,0.0,0.1849378209231789,-0.00044160314138119716,0.7905509861391882,-0.38849311388877394,0.2741437545629406,-1.0772960924710042,0.034254297614097595,-0.04796417057514191,0.19406384765625,0.021093896484375,0.810005625,-0.375471357421875,0.2868769921875,-1.10532017578125,0.04774236328125,-0.103441787109375
6.470709956,0.0,-0.006998770300497448,-0.002303834612633171,0.9257924484278726,-1.056988848300287,2.055648792998921,-2.075275020437598,2.197945486914019,-3.943798337683945,0.0,0.0,0.0,0.0,0.0,0.0,0.0,0.0,0.1849378209231789,-0.00044160314138119716,0.7905509861391882,-0.38849311388877394,0.2741437545629406,-1.0772960924710042,0.034254297614097595,-0.04796417057514191,0.147657275390625,0.0,0.755161494140625,-0.392346474609375,0.270001875,-1.02094458984375,0.04774236328125,-0.039785302734375
6.478767145000001,0.0,-0.006998770300497448,-0.002303834612633171,0.9257924484278726,-1.056988848300287,2.055648792998921,-2.075275020437598,2.197945486914019,-3.943798337683945,0.0,0.0,0.0,0.0,0.0,0.0,0.0,0.0,0.18635134507402729,0.00041710188378507596,0.7902229519766668,-0.38774495638755324,0.27385347249230385,-1.0768813335503347,0.034042902290821075,-0.04780934005975723,0.20250140625,-0.00843755859375,0.75094271484375,-0.392346474609375,0.2868769921875,-1.07156994140625,0.0358067724609375,-0.0954847265625
6.485762789000001,0.0,-0.006998770300497448,-0.002303834612633171,0.9257924484278726,-1.056988848300287,2.055648792998921,-2.075275020437598,2.197945486914019,-3.943798337683945,0.0,0.0,0.0,0.0,0.0,0.0,0.0,0.0,0.18635134507402729,0.00041710188378507596,0.7902229519766668,-0.38774495638755324,0.27385347249230385,-1.0768813335503347,0.034042902290821075,-0.04780934005975723,0.19406384765625,-0.012656337890625,0.755161494140625,-0.375471357421875,0.29531455078125,-1.10532017578125,0.0278497119140625,-0.0278497119140625
6.492493887,0.0,-0.006998770300497448,-0.002303834612633171,0.9257924484278726,-1.056988848300287,2.055648792998921,-2.075275020437598,2.197945486914019,-3.943798337683945,0.0,0.0,0.0,0.0,0.0,0.0,0.0,0.0,0.18738623071894,0.0008010112098317812,0.7902079316061834,-0.3874994001522398,0.27341649594029427,-1.0766406499947316,0.03384808450937271,-0.04768584668636322,0.147657275390625,-0.00843755859375,0.788911728515625,-0.392346474609375,0.2868769921875,-1.00406947265625,0.0278497119140625,-0.039785302734375
6.4997183650000006,0.0,-0.006998770300497448,-0.002303834612633171,0.9257924484278726,-1.056988848300287,2.055648792998921,-2.075275020437598,2.197945486914019,-3.943798337683945,0.0,0.0,0.0,0.0,0.0,0.0,0.0,0.0,0.18738623071894,0.0008010112098317812,0.7902079316061834,-0.3874994001522398,0.27341649594029427,-1.0766406499947316,0.03384808450937271,-0.04768584668636322,0.19828262695312499,0.02531267578125,0.80156806640625,-0.37969013671875,0.2868769921875,-1.0968826171875,0.023871181640625,-0.0954847265625
6.505691216000001,0.0,-0.006998770300497448,-0.002303834612633171,0.9257924484278726,-1.056988848300287,2.055648792998921,-2.075275020437598,2.197945486914019,-3.943798337683945,0.005235987755982989,0.0,0.0,0.0,0.0,0.0,-0.008726646259971648,0.0,0.1881019334910805,0.0010303191258471678,0.7902714105528692,-0.3874011418953276,0.2729756078334713,-1.0764823102558858,0.033697839826345444,-0.04759152978658676,0.20250140625,-0.0168751171875,0.797349287109375,-0.3881276953125,0.236251640625,-1.12219529296875,0.0517208935546875,-0.0994632568359375
6.5112557760000005,0.0,-0.006998770300497448,-0.002303834612633171,0.9257924484278726,-1.056988848300287,2.055648792998921,-2.075275020437598,2.197945486914019,-3.943798337683945,0.0,0.0,0.0,0.0,0.0,0.0,0.0,0.0,0.18757833471548221,0.0010303191258471678,0.7902714105528692,-0.3874011418953276,0.2729756078334713,-1.0764823102558858,0.03413417213934403,-0.04759152978658676,0.156094833984375,-0.00843755859375,0.797349287109375,-0.375471357421875,0.236251640625,-1.12219529296875,0.04774236328125,-0.0358067724609375
6.517530774000001,0.0,-0.006998770300497448,-0.002303834612633171,0.9257924484278726,-1.056988848300287,2.055648792998921,-2.075275020437598,2.197945486914019,-3.943798337683945,0.0,0.0,0.0,0.0,0.0026179938779914945,0.0,0.0,0.0,0.18736922104343723,0.000750198715822048,0.7902582230252126,-0.38726895369437697,0.27255043300112725,-1.0759126090611226,0.03364507853984833,-0.04766851291060448,0.19406384765625,-0.004218779296875,0.814224404296875,-0.3881276953125,0.270001875,-1.08844505859375,0.0278497119140625,-0.0358067724609375
6.524670995,0.0,-0.006998770300497448,-0.002303834612633171,0.9257924484278726,-1.056988848300287,2.055701152876481,-2.075222660560038,2.1978407671588993,-3.943798337683945,0.0,0.0,0.0,0.0,0.008726646259971648,0.0,0.0,0.008726646259971648,0.18736922104343723,0.000750198715822048,0.7902582230252126,-0.38726895369437697,0.2722886336133281,-1.0759126090611226,0.03364507853984833,-0.04766851291060448,0.20250140625,0.02531267578125,0.80156806640625,-0.392346474609375,0.27843943359375,-1.12219529296875,0.0278497119140625,-0.0954847265625
6.530941033,0.0,-0.006998770300497448,-0.002303834612633171,0.9257924484278726,-1.056988848300287,2.055701152876481,-2.075222660560038,2.1978407671588993,-3.943798337683945,0.0,0.0,0.0,0.0,0.008726646259971648,0.0,0.0,0.0,0.18707413334831546,0.0004682300961476038,0.7901411893051962,-0.38719657875445845,0.2713599573672329,-1.0759939609926152,0.033577192574739456,-0.048195876417336275,0.189845068359375,0.029531455078125,0.755161494140625,-0.392346474609375,0.2868769921875,-1.0968826171875,0.0318282421875,-0.039785302734375
6.537803684,0.0,-0.006998770300497448,-0.002303834612633171,0.9258797148904723,-1.056988848300287,2.055701152876481,-2.075222660560038,2.1978407671588993,-3.943798337683945,0.0,0.0,0.0,0.0,0.0,0.0,0.0,0.0,0.18707413334831546,0.0004682300961476038,0.7901411893051962,-0.38719657875445845,0.2713599573672329,-1.0759939609926152,0.033577192574739456,-0.04775954410433769,0.19828262695312499,-0.012656337890625,0.7931305078124999,-0.392346474609375,0.270001875,-1.12219529296875,0.0278497119140625,-0.0954847265625
6.545608071,0.0,-0.006998770300497448,-0.002303834612633171,0.9258797148904723,-1.056988848300287,2.055701152876481,-2.075222660560038,2.1978407671588993,-3.943798337683945,0.0,0.0,0.0,0.0,0.0,0.0,0.0,0.0,0.18675155301079105,0.00047344363992030125,0.7898139887209172,-0.38745840705779555,0.27202139803330727,-1.0759919940393377,0.033603351563215256,-0.047770317643880844,0.19406384765625,-0.00843755859375,0.80156806640625,-0.392346474609375,0.2868769921875,-1.10532017578125,0.0278497119140625,-0.039785302734375
6.551757116,0.0,-0.006998770300497448,-0.002303834612633171,0.9258797148904723,-1.056988848300287,2.055701152876481,-2.075222660560038,2.1978407671588993,-3.943798337683945,0.0,0.0,0.0,0.0,0.0,0.0,0.0,0.0,0.18675155301079105,0.00047344363992030125,0.7898139887209172,-0.38745840705779555,0.27202139803330727,-1.0759919940393377,0.033603351563215256,-0.047770317643880844,0.181407509765625,0.02531267578125,0.814224404296875,-0.3881276953125,0.2868769921875,-1.08844505859375,0.0278497119140625,-0.0954847265625
6.55918678,0.0,-0.006998770300497448,-0.002303834612633171,0.9258797148904723,-1.056988848300287,2.055701152876481,-2.075222660560038,2.1978407671588993,-3.943798337683945,0.0,0.0,0.0,0.0,0.0,0.0,0.0,0.0,0.18722096194013904,0.0009106576791864107,0.7872192644233937,-0.38654994286445143,0.26845578112761803,-1.0771925507944036,0.03396374732255936,-0.04739399254322052,0.147657275390625,-0.00843755859375,0.7931305078124999,-0.3881276953125,0.24468919921875,-0.9956319140625,0.023871181640625,-0.103441787109375
6.566025751000001,0.0,-0.006998770300497448,-0.002303834612633171,0.9258797148904723,-1.056988848300287,2.055701152876481,-2.075222660560038,2.1978407671588993,-3.943798337683945,0.0,0.0,0.0,0.0,0.0,0.0,0.0,0.0,0.18722096194013904,0.0009106576791864107,0.7872192644233937,-0.38654994286445143,0.26845578112761803,-1.0771925507944036,0.03396374732255936,-0.04739399254322052,0.189845068359375,0.0168751171875,0.7931305078124999,-0.392346474609375,0.29531455078125,-1.1306328515625,0.0318282421875,-0.04774236328125
6.572291948,0.0,-0.006998770300497448,-0.002303834612633171,0.9258797148904723,-1.056988848300287,2.055701152876481,-2.075222660560038,2.1978407671588993,-3.943798337683945,0.0,0.0,0.0,0.0,0.0,0.0,0.0,0.0,0.18642868210062336,0.0001790712005358408,0.7893036537523503,-0.3871940306558943,0.26991400876204796,-1.0764934777181554,0.03377779200673103,-0.047511227428913116,0.156094833984375,0.0,0.7593802734375,-0.375471357421875,0.2868769921875,-1.10532017578125,0.0318282421875,-0.0954847265625
6.578464129,0.0,-0.006998770300497448,-0.002303834612633171,0.9258797148904723,-1.056988848300287,2.055701152876481,-2.075222660560038,2.1978407671588993,-3.943798337683945,0.0,0.0,0.0,0.0,0.0,0.0,0.0,0.0,0.18642868210062336,0.0001790712005358408,0.7893036537523503,-0.3871940306558943,0.26991400876204796,-1.0764934777181554,0.03377779200673103,-0.047511227428913116,0.189845068359375,-0.00843755859375,0.805786845703125,-0.37969013671875,0.236251640625,-1.113757734375,0.0278497119140625,-0.039785302734375
6.585383741,0.0,-0.006998770300497448,-0.002303834612633171,0.9258797148904723,-1.056988848300287,2.055701152876481,-2.075222660560038,2.1978407671588993,-3.943798337683945,0.0,0.0,0.0,0.0,0.0017453292519943296,0.0,0.0,0.0,0.1861527274964745,0.00021482141454631787,0.7898305290098424,-0.38732425190356734,0.27080874898593255,-1.0762544034879613,0.033734168857336044,-0.04762241989374161,0.189845068359375,-0.012656337890625,0.805786845703125,-0.37969013671875,0.2868769921875,-1.113757734375,0.0278497119140625,-0.0358067724609375
6.5913664480000005,0.0,-0.006998770300497448,-0.002303834612633171,0.9258797148904723,-1.056988848300287,2.055701152876481,-2.075222660560038,2.1978407671588993,-3.943798337683945,0.0,0.0,0.005235987755982989,0.0,0.0,0.0,0.0,0.0,0.1861527274964745,0.00021482141454631787,0.7898305290098424,-0.38732425190356734,0.2706342160607331,-1.0762544034879613,0.033734168857336044,-0.04762241989374161,0.1518760546875,-0.00843755859375,0.75094271484375,-0.375471357421875,0.29531455078125,-1.113757734375,0.0278497119140625,-0.043763833007812496
6.59925986,0.0,-0.006998770300497448,-0.002303834612633171,0.9258797148904723,-1.056988848300287,2.055701152876481,-2.075222660560038,2.1977535006963,-3.943798337683945,0.0,0.0,0.0,0.0,0.0,0.0,0.0,0.0,0.1882722314117844,0.0013690248480897615,0.7885849242709186,-0.3894135586157179,0.2681112066761715,-1.078676795856278,0.033982403576374054,-0.04720393568277359,0.19828262695312499,-0.00843755859375,0.797349287109375,-0.37969013671875,0.2868769921875,-1.10532017578125,0.043763833007812496,-0.039785302734375
6.6043872960000005,0.0,-0.006998770300497448,-0.002303834612633171,0.9258797148904723,-1.056988848300287,2.055701152876481,-2.075222660560038,2.1977535006963,-3.943798337683945,0.0,0.0,0.0,0.0,0.0,0.0,0.0,0.0,0.1882722314117844,0.0013690248480897615,0.7891085230465169,-0.3894135586157179,0.2681112066761715,-1.078676795856278,0.033982403576374054,-0.04720393568277359,0.20250140625,-0.00843755859375,0.810005625,-0.39656525390624997,0.2868769921875,-1.0800075,0.023871181640625,-0.023871181640625
6.6111241860000005,0.0,-0.006998770300497448,-0.002303834612633171,0.9258797148904723,-1.056988848300287,2.055701152876481,-2.075222660560038,2.1977535006963,-3.943798337683945,0.0,0.0,0.0,0.0,0.0,0.0,0.0,0.0,0.1882559816955025,0.0013998045935195158,0.7902154260034795,-0.3879174671306944,0.2698853985325558,-1.0773175417344976,0.03375869616866112,-0.04727208614349365,0.19406384765625,-0.012656337890625,0.797349287109375,-0.39656525390624997,0.24468919921875,-1.0968826171875,0.023871181640625,-0.01591412109375
6.617356079,0.0,-0.006998770300497448,-0.002303834612633171,0.9258797148904723,-1.056988848300287,2.055701152876481,-2.075222660560038,2.1977535006963,-3.943798337683945,0.0,0.0,0.0,0.0,0.0,0.0,0.0,0.0,0.1882559816955025,0.0013998045935195158,0.7902154260034795,-0.3879174671306944,0.2698853985325558,-1.0773175417344976,0.03375869616866112,-0.04727208614349365,0.19828262695312499,-0.00843755859375,0.788911728515625,-0.375471357421875,0.2868769921875,-1.1306328515625,0.04774236328125,-0.0954847265625
6.6238711750000006,0.0,-0.006998770300497448,-0.002303834612633171,0.9258797148904723,-1.056988848300287,2.055701152876481,-2.075222660560038,2.1977535006963,-3.943798337683945,0.0,0.0,0.0,0.0,0.0,0.0,0.0,0.0,0.18987047035679172,0.001965217047826595,0.7904717110748525,-0.38751750506309035,0.27071332940022774,-1.0773127137582708,0.03355121240019798,-0.04716502130031586,0.19828262695312499,-0.012656337890625,0.797349287109375,-0.3881276953125,0.27843943359375,-1.0968826171875,0.0278497119140625,-0.0954847265625
6.630415839,0.0,-0.006998770300497448,-0.002303834612633171,0.9258797148904723,-1.056988848300287,2.055701152876481,-2.075222660560038,2.1977535006963,-3.943798337683945,0.0,0.0,0.0,0.0,0.0,0.0,0.0,0.0,0.18987047035679172,0.001965217047826595,0.7904717110748525,-0.38751750506309035,0.27071332940022774,-1.0773127137582708,0.03355121240019798,-0.04716502130031586,0.147657275390625,-0.00843755859375,0.805786845703125,-0.392346474609375,0.24468919921875,-1.1306328515625,0.0318282421875,-0.0954847265625
6.637038296,0.0,-0.006998770300497448,-0.002303834612633171,0.9258797148904723,-1.056988848300287,2.055701152876481,-2.075222660560038,2.1977535006963,-3.943798337683945,0.0,0.0,0.0,0.0,0.0,0.0,0.0,0.0,0.1910883273600037,0.002360393048719711,0.7904674195404287,-0.387296938075099,0.27097169318358727,-1.0771606325071263,0.03337782248854637,-0.047063540667295456,0.21093896484375,-0.012656337890625,0.755161494140625,-0.392346474609375,0.24468919921875,-1.0800075,0.0278497119140625,-0.0278497119140625
6.643545008,0.0,-0.006998770300497448,-0.002303834612633171,0.9258797148904723,-1.056988848300287,2.055701152876481,-2.075222660560038,2.1977535006963,-3.943798337683945,0.0,0.0,0.0,0.0,0.0,0.0,0.0,0.0,0.1910883273600037,0.002360393048719711,0.7904674195404287,-0.387296938075099,0.27097169318358727,-1.0771606325071263,0.03337782248854637,-0.047063540667295456,0.156094833984375,-0.00843755859375,0.788911728515625,-0.37969013671875,0.270001875,-1.10532017578125,0.04774236328125,-0.0358067724609375
6.6506633410000005,0.0,-0.006998770300497448,-0.002303834612633171,0.9258797148904723,-1.056988848300287,2.055701152876481,-2.075222660560038,2.1977535006963,-3.943798337683945,0.0,0.0,0.008726646259971648,0.0,0.0,0.0,0.0,0.0,0.1919687177656586,0.0026049532345395754,0.7904706381912465,-0.38718473233130934,0.2709709332243664,-1.0769980906408239,0.03323700651526451,-0.04697742685675621,0.20250140625,-0.004218779296875,0.797349287109375,-0.37969013671875,0.27843943359375,-1.1306328515625,0.0278497119140625,-0.103441787109375
6.6569304670000005,0.0,-0.006998770300497448,-0.002303834612633171,0.9258797148904723,-1.056988848300287,2.055701152876481,-2.075222660560038,2.1977535006963,-3.943798337683945,0.008726646259971648,0.0,0.0,0.0,0.0,0.0,0.0,0.0,0.1919687177656586,0.0026049532345395754,0.7895979735652494,-0.38718473233130934,0.2709709332243664,-1.0769980906408239,0.03323700651526451,-0.04697742685675621,0.156094833984375,-0.004218779296875,0.805786845703125,-0.392346474609375,0.270001875,-1.0968826171875,0.0198926513671875,-0.0954847265625
6.662885910000001,0.0,-0.006998770300497448,-0.002216568150033904,0.9258797148904723,-1.056988848300287,2.055701152876481,-2.075222660560038,2.1977535006963,-3.943798337683945,0.0,0.0,0.0,0.0,0.0,0.0,0.0,0.0,0.19175352962443698,0.00274779902537281,0.7905047022457357,-0.3871533504858351,0.27072450527112313,-1.076783782140534,0.03314841538667679,-0.0468900091946125,0.20250140625,0.029531455078125,0.805786845703125,-0.3881276953125,0.2868769921875,-1.12219529296875,0.0278497119140625,-0.0119355908203125
6.670111252000001,0.0,-0.006998770300497448,-0.002216568150033904,0.9258797148904723,-1.056988848300287,2.055701152876481,-2.075222660560038,2.1977535006963,-3.943798337683945,0.0,0.0,0.0,0.0,0.0,0.0,0.0,0.0,0.19262619425043415,0.0024859996375750093,0.7905047022457357,-0.3871533504858351,0.27072450527112313,-1.076783782140534,0.03314841538667679,-0.0468900091946125,0.156094833984375,-0.004218779296875,0.80156806640625,-0.3881276953125,0.29531455078125,-0.978756796875,0.0198926513671875,-0.10742031738281249
6.676417482000001,0.0,-0.006998770300497448,-0.002216568150033904,0.9259844346455925,-1.056988848300287,2.055701152876481,-2.075222660560038,2.1977535006963,-3.943798337683945,0.0,0.0,0.0,0.0,0.0,0.0,0.0,0.0,0.19282818694099735,0.0025797847521613626,0.7905952715034719,-0.38725330747512343,0.27057211109559365,-1.0767433701913762,0.03303653374314308,-0.04684208333492279,0.20250140625,-0.00843755859375,0.805786845703125,-0.39656525390624997,0.27843943359375,-1.00406947265625,0.0278497119140625,-0.103441787109375
6.683306309000001,0.0,-0.006998770300497448,-0.002216568150033904,0.9259844346455925,-1.056988848300287,2.055701152876481,-2.075222660560038,2.1977535006963,-3.943798337683945,0.0,0.0,0.0,0.0,0.0,0.0,0.0,0.0,0.19282818694099735,0.0025797847521613626,0.790281112238111,-0.38725330747512343,0.27057211109559365,-1.0767433701913762,0.03303653374314308,-0.04684208333492279,0.19828262695312499,-0.00843755859375,0.80156806640625,-0.392346474609375,0.236251640625,-1.0968826171875,0.0278497119140625,-0.0994632568359375
6.689895838,0.0,-0.006998770300497448,-0.002216568150033904,0.9259844346455925,-1.056988848300287,2.055701152876481,-2.075222660560038,2.1977535006963,-3.943798337683945,0.0,0.0,0.0,0.0,0.0,0.0,0.0,0.0,0.19306945164188694,0.002967055221379855,0.7897563380443473,-0.38647434927371505,0.27025263765017815,-1.0758905171316075,0.032864999026060104,-0.04682600870728493,0.16031361328125,-0.004218779296875,0.80156806640625,-0.375471357421875,0.270001875,-1.113757734375,0.043763833007812496,-0.0278497119140625
6.69578088,0.0,-0.006998770300497448,-0.002216568150033904,0.9259844346455925,-1.056988848300287,2.055701152876481,-2.075222660560038,2.1977535006963,-3.943798337683945,0.0,0.0,0.0,0.0,0.0,0.0,0.0,0.0,0.19306945164188694,0.002967055221379855,0.7897563380443473,-0.38647434927371505,0.27025263765017815,-1.0758905171316075,0.032864999026060104,-0.04682600870728493,0.21093896484375,0.0168751171875,0.763599052734375,-0.37969013671875,0.27843943359375,-1.113757734375,0.0278497119140625,-0.0119355908203125
6.703093519,0.0,-0.006998770300497448,-0.002216568150033904,0.9259844346455925,-1.056988848300287,2.0557447861077804,-2.075222660560038,2.1977535006963,-3.943798337683945,0.0,0.006981317007977318,0.0,0.0,0.0,0.0,0.0,0.0,0.1933010827420647,0.0030267106232355623,0.7896591079675574,-0.3863291523590422,0.26991011955897637,-1.0755906461637426,0.03272897005081177,-0.04681211709976196,0.156094833984375,-0.00843755859375,0.805786845703125,-0.392346474609375,0.24468919921875,-1.00406947265625,0.0278497119140625,-0.0994632568359375
6.709314245000001,0.0,-0.006998770300497448,-0.002216568150033904,0.9259844346455925,-1.056988848300287,2.0557447861077804,-2.075222660560038,2.1977535006963,-3.943798337683945,0.0,0.0,0.0,0.0,0.0,0.0,0.0,0.0,0.1933010827420647,0.0023285789224378305,0.7896591079675574,-0.3863291523590422,0.26977921986507747,-1.0755906461637426,0.03272897005081177,-0.04681211709976196,0.19828262695312499,0.02531267578125,0.80156806640625,-0.3881276953125,0.270001875,-1.08844505859375,0.0278497119140625,-0.043763833007812496
6.716361601,0.0,-0.006998770300497448,-0.002216568150033904,0.9259844346455925,-1.056988848300287,2.0557447861077804,-2.075222660560038,2.1977535006963,-3.943798337683945,0.0,0.0,0.0,0.0,0.0,0.0,0.0,0.0,0.19340369958862613,0.0027814491515170126,0.7901284945451637,-0.3871487013235426,0.26968040281462047,-1.0762908815305638,0.03276090323925018,-0.04676938056945801,0.21093896484375,0.02531267578125,0.80156806640625,-0.392346474609375,0.270001875,-1.0800075,0.0278497119140625,-0.0198926513671875
6.7226649190000005,0.0,-0.006998770300497448,-0.002216568150033904,0.9259844346455925,-1.056988848300287,2.0557447861077804,-2.075222660560038,2.1977535006963,-3.943798337683945,0.0,0.0,0.0,0.0,0.0,0.0,0.0,0.0,0.19340369958862613,0.0027814491515170126,0.7901284945451637,-0.3871487013235426,0.26968040281462047,-1.0762908815305638,0.03276090323925018,-0.04676938056945801,0.2193765234375,-0.004218779296875,0.80156806640625,-0.392346474609375,0.236251640625,-1.1306328515625,0.04774236328125,-0.0358067724609375
6.729597395000001,0.0,-0.006998770300497448,-0.002216568150033904,0.9259844346455925,-1.056988848300287,2.0557971459853404,-2.075222660560038,2.1977535006963,-3.943798337683945,0.0,0.0,0.0,0.0,0.008726646259971648,0.0,0.0,0.0,0.19340146441444706,0.0028238951091776876,0.7902418625795264,-0.3872976980343199,0.26970034056829784,-1.076499289171021,0.03280525654554367,-0.04674380645155907,0.21093896484375,-0.004218779296875,0.814224404296875,-0.39656525390624997,0.26156431640625,-1.113757734375,0.0278497119140625,-0.0318282421875
6.735899049,0.0,-0.006998770300497448,-0.002216568150033904,0.9259844346455925,-1.056988848300287,2.0557971459853404,-2.075222660560038,2.1977535006963,-3.943798337683945,0.0,0.0,0.0,0.0,0.008726646259971648,0.0,0.0,0.0,0.19340146441444706,0.0028238951091776876,0.7902418625795264,-0.3872976980343199,0.2686705963096209,-1.076499289171021,0.03280525654554367,-0.04674380645155907,0.156094833984375,0.0,0.797349287109375,-0.375471357421875,0.27843943359375,-1.113757734375,0.0198926513671875,-0.0358067724609375
6.744099119,0.0,-0.006998770300497448,-0.002216568150033904,0.9259844346455925,-1.056988848300287,2.0558407792166404,-2.075222660560038,2.1977535006963,-3.943798337683945,0.0,0.0,0.0,0.0,0.0,0.0,0.0,0.0,0.1935398663996155,0.0031255542163859396,0.7897433293306251,-0.3864437273874617,0.2686788217505999,-1.0756321309965062,0.03267243504524231,-0.04674480855464935,0.164532392578125,-0.004218779296875,0.755161494140625,-0.39656525390624997,0.2868769921875,-1.0800075,0.0278497119140625,-0.0994632568359375
6.751466062,0.0,-0.006998770300497448,-0.002216568150033904,0.9259844346455925,-1.056988848300287,2.0558407792166404,-2.075222660560038,2.1977535006963,-3.943798337683945,0.0,0.0,0.0,0.0,0.0,0.0,0.0,0.0,0.1935398663996155,0.0031255542163859396,0.7897433293306251,-0.3864437273874617,0.26942058668269686,-1.0756321309965062,0.03267243504524231,-0.04674480855464935,0.21093896484375,-0.00843755859375,0.805786845703125,-0.375471357421875,0.236251640625,-0.9956319140625,0.04774236328125,-0.023871181640625
6.75883387,0.0,-0.006998770300497448,-0.002216568150033904,0.9259844346455925,-1.056988848300287,2.0558931390942004,-2.075222660560038,2.1977535006963,-3.943798337683945,0.0,0.0,0.0,0.0,0.0008726646259971648,0.0,0.0,0.0,0.19378662962898563,0.0032780350049148588,0.7897689444267173,-0.3863080970182753,0.2692971603645282,-1.0753123222749639,0.03259566053748131,-0.04672803357243538,0.156094833984375,-0.004218779296875,0.755161494140625,-0.392346474609375,0.27843943359375,-0.978756796875,0.04774236328125,-0.0278497119140625
6.7650561950000005,0.0,-0.006998770300497448,-0.002216568150033904,0.9259844346455925,-1.056988848300287,2.0558931390942004,-2.075222660560038,2.1977535006963,-3.943798337683945,0.0,0.0,0.0,0.0,0.0,0.0,0.0,0.0,0.19378662962898563,0.0032780350049148588,0.7897689444267173,-0.3863080970182753,0.26905281426924876,-1.0753123222749639,0.03259566053748131,-0.04672803357243538,0.20250140625,-0.004218779296875,0.810005625,-0.392346474609375,0.270001875,-1.0800075,0.0278497119140625,-0.0198926513671875
6.774523956,0.0,-0.006998770300497448,-0.002216568150033904,0.9259844346455925,-1.056988848300287,2.0559367723255,-2.075222660560038,2.1977535006963,-3.943798337683945,0.0,0.0,0.0,0.0,0.008726646259971648,0.0,0.0,0.0,0.19402928013786624,0.0033963232164393453,0.7898642522537132,-0.38630282200721267,0.26905751339767336,-1.075140839711945,0.032535504549741745,-0.046706605702638626,0.156094833984375,-0.004218779296875,0.797349287109375,-0.375471357421875,0.27843943359375,-1.0631323828124999,0.023871181640625,-0.0954847265625
6.780043044,0.0,-0.006998770300497448,-0.002216568150033904,0.9259844346455925,-1.056988848300287,2.0559367723255,-2.075222660560038,2.1977535006963,-3.943798337683945,0.0,0.0,0.0,0.0,0.004363323129985824,0.0,0.0,0.0,0.19402928013786624,0.0033963232164393453,0.7898642522537132,-0.38630282200721267,0.2680539490777773,-1.075140839711945,0.032535504549741745,-0.046706605702638626,0.21093896484375,-0.00843755859375,0.810005625,-0.375471357421875,0.24468919921875,-1.113757734375,0.023871181640625,-0.0198926513671875
6.788930256,0.0,-0.006998770300497448,-0.002216568150033904,0.9259844346455925,-1.056988848300287,2.0559367723255,-2.075222660560038,2.1977535006963,-3.943798337683945,0.0,0.0,0.0,0.0,0.0,0.0,0.0,0.0,0.19424752254471134,0.0034612326745997457,0.7899035913192649,-0.3862959376707411,0.26847007541619705,-1.0750126301210332,0.032471913844347,-0.04668634757399559,0.21093896484375,-0.00843755859375,0.814224404296875,-0.392346474609375,0.27843943359375,-1.0968826171875,0.0278497119140625,-0.06763501464843749
6.795946348,0.0,-0.006998770300497448,-0.002216568150033904,0.9259844346455925,-1.056988848300287,2.0559367723255,-2.075222660560038,2.1977535006963,-3.943798337683945,0.0,0.0,0.0,0.0,0.0,0.0,0.0,0.0,0.19424752254471134,0.0034612326745997457,0.7899035913192649,-0.3862959376707411,0.2689064077291956,-1.0750126301210332,0.032471913844347,-0.04668634757399559,0.21093896484375,-0.00843755859375,0.75094271484375,-0.392346474609375,0.2868769921875,-0.9956319140625,0.0198926513671875,-0.0994632568359375
6.803591118000001,0.0,-0.006998770300497448,-0.002216568150033904,0.9259844346455925,-1.056988848300287,2.0559367723255,-2.075222660560038,2.1977535006963,-3.943798337683945,0.0,0.0,0.0,0.0,0.0,0.0,0.0,0.0,0.19441511590465854,0.0035668907550285844,0.7899893326007743,-0.38631256736663344,0.26882900364737417,-1.0749567507665563,0.03244646266102791,-0.04666962847113609,0.206720185546875,-0.004218779296875,0.7931305078124999,-0.3881276953125,0.236251640625,-1.12219529296875,0.023871181640625,-0.0915061962890625
6.8116060350000005,0.0,-0.006998770300497448,-0.002216568150033904,0.9259844346455925,-1.056988848300287,2.0559367723255,-2.075222660560038,2.1977535006963,-3.943798337683945,0.0,0.0,0.0,0.0,0.0,0.0026179938779914945,0.0,0.0,0.19441511590465854,0.0035668907550285844,0.7899893326007743,-0.38631256736663344,0.26882900364737417,-1.0749567507665563,0.03244646266102791,-0.04666962847113609,0.206720185546875,0.02531267578125,0.80156806640625,-0.37969013671875,0.236251640625,-1.10532017578125,0.023871181640625,-0.023871181640625
6.819733816,0.0,-0.006998770300497448,-0.002216568150033904,0.9259844346455925,-1.056988848300287,2.0559367723255,-2.075222660560038,2.1977535006963,-3.943798337683945,0.0,0.0,0.0,0.0,0.0,0.0,0.0,0.0,0.19511146206840824,0.003668116205663541,0.7893105996095557,-0.3881911865606642,0.2651462636147013,-1.0775804140059027,0.03283258527517319,-0.0463172122836113,0.164532392578125,-0.004218779296875,0.797349287109375,-0.3881276953125,0.27843943359375,-1.0968826171875,0.043763833007812496,-0.0954847265625
6.8279353590000005,0.0,-0.006998770300497448,-0.002216568150033904,0.9259844346455925,-1.056988848300287,2.0559367723255,-2.075222660560038,2.1977535006963,-3.943798337683945,0.0,0.0,0.0,0.0,0.0,0.0,0.0,0.0,0.19511146206840824,0.003668116205663541,0.7893105996095557,-0.3881911865606642,0.2651462636147013,-1.0773186146181035,0.03283258527517319,-0.0463172122836113,0.16031361328125,-0.004218779296875,0.755161494140625,-0.392346474609375,0.270001875,-1.10532017578125,0.0198926513671875,-0.103441787109375
6.834639320000001,0.0,-0.006998770300497448,-0.002216568150033904,0.9259844346455925,-1.056988848300287,2.0559367723255,-2.075222660560038,2.1977535006963,-3.943798337683945,0.0,0.0,0.0,0.0,0.0,0.0,0.0,0.0,0.1956610913990433,0.0036787109312723665,0.7892534685575385,-0.38662692226317885,0.26409854807000066,-1.0776687323015142,0.03294241800904274,-0.04606417194008827,0.21093896484375,0.0,0.810005625,-0.375471357421875,0.26156431640625,-1.0968826171875,0.0278497119140625,-0.007957060546875
6.840828973000001,0.0,-0.006998770300497448,-0.002216568150033904,0.9259844346455925,-1.056988848300287,2.0559367723255,-2.075222660560038,2.1977535006963,-3.943798337683945,0.0,0.0,0.0,0.0,0.0,0.0,0.0,0.0,0.1956610913990433,0.0036787109312723665,0.7892534685575385,-0.38662692226317885,0.26409854807000066,-1.0776687323015142,0.03294241800904274,-0.04606417194008827,0.21093896484375,0.029531455078125,0.80156806640625,-0.3881276953125,0.27843943359375,-1.113757734375,0.0318282421875,-0.039785302734375
6.848840082000001,0.0,-0.006998770300497448,-0.002216568150033904,0.9260717011081927,-1.056988848300287,2.0559367723255,-2.075222660560038,2.1977535006963,-3.943798337683945,0.0,0.0,0.008726646259971648,0.0,0.0,0.0,0.0,0.0,0.1960118125794823,0.004064004668326238,0.7902784300290961,-0.38614998079684737,0.2660210437331667,-1.0763810037534642,0.032630037516355515,-0.04608411714434624,0.20250140625,0.0,0.755161494140625,-0.3881276953125,0.270001875,-1.12219529296875,0.0318282421875,-0.039785302734375
6.856103409,0.0,-0.006998770300497448,-0.002216568150033904,0.9260717011081927,-1.056988848300287,2.0559367723255,-2.075222660560038,2.1977535006963,-3.943798337683945,0.0,0.0,0.0,0.0,0.0,0.0,0.0,0.0,0.1960118125794823,0.004064004668326238,0.7891439660152986,-0.38614998079684737,0.2660210437331667,-1.0763810037534642,0.032630037516355515,-0.04608411714434624,0.156094833984375,0.0,0.797349287109375,-0.37969013671875,0.27843943359375,-1.12219529296875,0.023871181640625,-0.043763833007812496
6.865137694,0.0,-0.006998770300497448,-0.002111848394914073,0.9260717011081927,-1.056988848300287,2.0559367723255,-2.075222660560038,2.1977535006963,-3.943798337683945,0.0,0.012217304763960306,0.0,0.0,0.0,0.0,0.0,0.0,0.1978610392330582,0.004855498005927661,0.7902688029921792,-0.3860825232401228,0.2670227593932619,-1.076347476140778,0.03238390013575554,-0.04595378786325455,0.20250140625,0.02531267578125,0.810005625,-0.392346474609375,0.270001875,-1.08844505859375,0.0318282421875,-0.01591412109375
6.875302197000001,0.0,-0.006998770300497448,-0.002111848394914073,0.9260717011081927,-1.056988848300287,2.0559367723255,-2.075222660560038,2.1977535006963,-3.943798337683945,0.0,0.0,0.0,0.0,0.0,0.0,0.0,0.0,0.1978610392330582,0.0033196082641721372,0.7902688029921792,-0.3860825232401228,0.2670227593932619,-1.076347476140778,0.03238390013575554,-0.04595378786325455,0.21093896484375,0.02531267578125,0.797349287109375,-0.39656525390624997,0.24468919921875,-1.01250703125,0.023871181640625,-0.0994632568359375
6.882828342000001,0.0,-0.006998770300497448,-0.002111848394914073,0.9260717011081927,-1.056988848300287,2.0559367723255,-2.075222660560038,2.1977535006963,-3.943798337683945,0.0,0.0,0.0,0.0,0.0,0.0,-0.008726646259971648,0.0,0.20021559406503986,0.005506541433464296,0.7903922293103478,-0.3862116269007063,0.26735884018282796,-1.0765956698816228,0.032098833471536636,-0.04568859934806824,0.20250140625,-0.00843755859375,0.810005625,-0.375471357421875,0.2868769921875,-1.01250703125,0.043763833007812496,-0.023871181640625
6.890339222000001,0.0,-0.006998770300497448,-0.002111848394914073,0.9260717011081927,-1.056988848300287,2.0559367723255,-2.075222660560038,2.19764878094118,-3.943798337683945,0.0,0.0,0.0,0.0,0.0,0.0,0.0,0.0,0.20021559406503986,0.005506541433464296,0.7903922293103478,-0.3862116269007063,0.26735884018282796,-1.0765956698816228,0.03253516578453522,-0.04568859934806824,0.20250140625,-0.0168751171875,0.788911728515625,-0.392346474609375,0.270001875,-1.10532017578125,0.04774236328125,-0.0278497119140625
6.899321412000001,0.0,-0.006998770300497448,-0.002111848394914073,0.9260717011081927,-1.056988848300287,2.0559367723255,-2.075222660560038,2.19764878094118,-3.943798337683945,0.0,0.0,0.0,0.0,0.0,0.0,0.0,0.0,0.2019101913689072,0.006161506141256101,0.7904502544320366,-0.38606115497497084,0.26733369447331334,-1.0764308928411412,0.03186033293604851,-0.045485369861125946,0.20250140625,0.029531455078125,0.80156806640625,-0.3881276953125,0.24468919921875,-1.12219529296875,0.0278497119140625,-0.039785302734375
6.905703610000001,0.0,-0.006998770300497448,-0.002111848394914073,0.9260717011081927,-1.056988848300287,2.0559367723255,-2.075222660560038,2.19764878094118,-3.943798337683945,0.0,0.0,0.0,0.0,0.0,0.0,0.0,0.0,0.2019101913689072,0.006161506141256101,0.7904502544320366,-0.38606115497497084,0.26733369447331334,-1.0764308928411412,0.03186033293604851,-0.045485369861125946,0.164532392578125,-0.004218779296875,0.7931305078124999,-0.375471357421875,0.270001875,-1.0968826171875,0.0318282421875,-0.0198926513671875
6.913943169,0.0,-0.006894050545377617,-0.002111848394914073,0.9260717011081927,-1.056988848300287,2.0559367723255,-2.075222660560038,2.19764878094118,-3.943798337683945,0.0,0.0,0.0,0.0,0.0,0.0,0.0,0.0,0.20228918750271152,0.006172014253865488,0.7911791000283501,-0.3836167684927321,0.27049704708199407,-1.073904520170014,0.031304966658353806,-0.04568348452448845,0.2193765234375,-0.00843755859375,0.780474169921875,-0.392346474609375,0.2868769921875,-1.10532017578125,0.0318282421875,-0.023871181640625
6.920722523,0.0,-0.006894050545377617,-0.002111848394914073,0.9260717011081927,-1.056988848300287,2.0559367723255,-2.075222660560038,2.19764878094118,-3.943798337683945,0.0,0.008726646259971648,0.0,0.0,0.0,0.0,0.0,0.0,0.20197502823735203,0.006172014253865488,0.7911791000283501,-0.3836167684927321,0.27049704708199407,-1.073904520170014,0.031304966658353806,-0.04568348452448845,0.21093896484375,-0.004218779296875,0.80156806640625,-0.371252578125,0.27843943359375,-1.10532017578125,0.0278497119140625,-0.0278497119140625
6.928403069000001,0.0,-0.006894050545377617,-0.002111848394914073,0.9260717011081927,-1.056988848300287,2.0559367723255,-2.075222660560038,2.19764878094118,-3.943798337683945,0.0,0.0,0.0,0.0,0.0,0.0,0.0,0.0,0.20263668449784245,0.005587159037069468,0.7900178376353524,-0.38437368787673476,0.2683818570528498,-1.0736982582967687,0.031211141496896744,-0.045613404363393784,0.2193765234375,0.029531455078125,0.7593802734375,-0.375471357421875,0.2531267578125,-1.0968826171875,0.023871181640625,-0.0119355908203125
6.936938918,0.0,-0.006894050545377617,-0.002111848394914073,0.9260717011081927,-1.056988848300287,2.0559367723255,-2.075222660560038,2.19764878094118,-3.943798337683945,0.0,0.0,0.0,0.0,0.0,0.0,0.0,0.0,0.20263668449784245,0.006459823663066633,0.7900178376353524,-0.38437368787673476,0.2683818570528498,-1.0736982582967687,0.031211141496896744,-0.045613404363393784,0.2193765234375,0.02531267578125,0.7931305078124999,-0.383908916015625,0.24468919921875,-1.10532017578125,0.0318282421875,-0.0994632568359375
6.945165581,0.0,-0.006894050545377617,-0.002111848394914073,0.9260717011081927,-1.056988848300287,2.0559367723255,-2.075222660560038,2.19764878094118,-3.943798337683945,0.008726646259971648,0.006981317007977318,0.0,0.0,0.0,0.0,0.0,0.0,0.20265756102467503,0.006423689278494127,0.7899275813020012,-0.38475858487037184,0.2671869999919405,-1.073669916288178,0.031144455075263977,-0.04558170214295387,0.2193765234375,0.029531455078125,0.80156806640625,-0.37969013671875,0.270001875,-0.9956319140625,0.0198926513671875,-0.0954847265625
6.952435947000001,0.0,-0.006894050545377617,-0.002024581932314362,0.9260717011081927,-1.056988848300287,2.0559367723255,-2.075222660560038,2.19764878094118,-3.943798337683945,0.0,0.0,0.0,0.0,0.0,0.0,-0.008726646259971648,0.0,0.20178489639867786,0.005725557577696395,0.7899275813020012,-0.38475858487037184,0.2671869999919405,-1.073669916288178,0.031144455075263977,-0.04558170214295387,0.20250140625,-0.004218779296875,0.80156806640625,-0.383908916015625,0.27843943359375,-1.0968826171875,0.04774236328125,-0.0358067724609375
6.960074573000001,0.0,-0.006894050545377617,-0.002024581932314362,0.9260717011081927,-1.056988848300287,2.0559367723255,-2.075222660560038,2.19764878094118,-3.943798337683945,0.0,0.0,0.0,0.0,0.0,0.0,0.0,0.0,0.20199945869112934,0.005847037667894739,0.7901616040385506,-0.38592981614020827,0.2662623307857981,-1.0747287630002904,0.03163435706275444,-0.045529499650001526,0.21093896484375,-0.012656337890625,0.788911728515625,-0.3881276953125,0.24468919921875,-0.9956319140625,0.04774236328125,-0.01591412109375
6.969014106,0.0,-0.006894050545377617,-0.002024581932314362,0.9260717011081927,-1.056988848300287,2.0559367723255,-2.075222660560038,2.19764878094118,-3.943798337683945,0.0,0.0,0.0,0.0,0.0,0.0,0.0,0.0,0.20199945869112934,0.005847037667894739,0.7901616040385506,-0.38592981614020827,0.2662623307857981,-1.0747287630002904,0.03119802474975586,-0.045529499650001526,0.2193765234375,0.02531267578125,0.80156806640625,-0.371252578125,0.236251640625,-1.0800075,0.0318282421875,-0.0119355908203125
6.975876053,0.0,-0.006894050545377617,-0.002024581932314362,0.9260717011081927,-1.056988848300287,2.0559367723255,-2.075222660560038,2.19764878094118,-3.943798337683945,0.0,0.0,0.0,0.0,0.0,0.0,-0.008726646259971648,0.0,0.20165231378937687,0.005831346745157617,0.7905106488383553,-0.3861356756821013,0.26613141663412954,-1.0749102591436315,0.03129424899816513,-0.04552645981311798,0.164532392578125,-0.004218779296875,0.80156806640625,-0.375471357421875,0.24468919921875,-1.00406947265625,0.0278497119140625,-0.0278497119140625
6.9828348,0.0,-0.006894050545377617,-0.002024581932314362,0.9260717011081927,-1.056988848300287,2.0559367723255,-2.075222660560038,2.19764878094118,-3.943798337683945,0.0,0.0,0.0,0.0,0.0,0.0,0.0,0.0,0.20165231378937687,0.005831346745157617,0.7905106488383553,-0.3861356756821013,0.26613141663412954,-1.0749102591436315,0.031730581311163714,-0.04552645981311798,0.2193765234375,-0.00843755859375,0.788911728515625,-0.3881276953125,0.2868769921875,-1.0968826171875,0.0198926513671875,-0.0278497119140625
6.99006779,0.0,-0.006894050545377617,-0.002024581932314362,0.9260717011081927,-1.056988848300287,2.0559367723255,-2.075222660560038,2.19764878094118,-3.943798337683945,0.0,0.0,0.0,0.0,0.0,0.0,0.0,0.0,0.20141967686081852,0.005867017331087965,0.7906614783919594,-0.38617139376548293,0.2661056003723612,-1.0750126301210332,0.03136246278882027,-0.04553588107228279,0.168751171875,0.0,0.755161494140625,-0.392346474609375,0.27843943359375,-1.0968826171875,0.0318282421875,-0.0119355908203125
6.999249021000001,0.0,-0.006894050545377617,-0.002024581932314362,0.9260717011081927,-1.056988848300287,2.0559367723255,-2.075222660560038,2.19764878094118,-3.943798337683945,0.0,0.0,0.0,0.0,0.0,0.0,0.0,0.0,0.20141967686081852,0.005867017331087965,0.7906614783919594,-0.38617139376548293,0.2661056003723612,-1.0750126301210332,0.03136246278882027,-0.04553588107228279,0.20250140625,-0.004218779296875,0.75094271484375,-0.392346474609375,0.27843943359375,-0.9956319140625,0.0358067724609375,-0.0278497119140625
7.008475852,0.0,-0.006894050545377617,-0.002024581932314362,0.9260717011081927,-1.056988848300287,2.0559367723255,-2.075222660560038,2.19764878094118,-3.943798337683945,0.0,0.0,0.0,0.0,0.004363323129985824,0.0,0.0,0.0,0.20256106855536427,0.006648649359608072,0.7903626356042168,-0.38543360747245314,0.26599866963963414,-1.074673151866715,0.03122749552130699,-0.04542072117328644,0.2193765234375,0.0168751171875,0.797349287109375,-0.37969013671875,0.270001875,-1.10532017578125,0.0278497119140625,-0.01591412109375
7.015313255000001,0.0,-0.006894050545377617,-0.002024581932314362,0.9260717011081927,-1.056988848300287,2.0559367723255,-2.075222660560038,2.19764878094118,-3.943798337683945,0.0,0.0,0.0,0.0,0.0,0.0,0.0,0.0,0.20256106855536427,0.006648649359608072,0.7903626356042168,-0.38543360747245314,0.2655623373266356,-1.074673151866715,0.03122749552130699,-0.04542072117328644,0.21093896484375,0.029531455078125,0.805786845703125,-0.3881276953125,0.236251640625,-1.0800075,0.0318282421875,-0.0198926513671875
7.022184482,0.0,-0.006894050545377617,-0.002024581932314362,0.9260717011081927,-1.056988848300287,2.0559367723255,-2.075222660560038,2.19764878094118,-3.943798337683945,0.0,0.0,0.0,0.0,0.0,0.0,0.0,0.0,0.20341139586831058,0.006979122655952352,0.7903374675429604,-0.3851982883348799,0.26571670241694356,-1.0744811057012487,0.031085550785064697,-0.045326218008995056,0.172969951171875,-0.004218779296875,0.746723935546875,-0.383908916015625,0.236251640625,-1.07156994140625,0.04774236328125,-0.023871181640625
7.029872708,0.0,-0.006894050545377617,-0.002024581932314362,0.9260717011081927,-1.056988848300287,2.0559367723255,-2.075222660560038,2.19764878094118,-3.943798337683945,0.0,0.0,0.0,0.0,0.0,0.0,0.0,0.0,0.20341139586831058,0.006979122655952352,0.7903374675429604,-0.3851982883348799,0.26571670241694356,-1.0744811057012487,0.031085550785064697,-0.045326218008995056,0.17718873046875,0.02531267578125,0.75094271484375,-0.383908916015625,0.236251640625,-1.0968826171875,0.043763833007812496,-0.01591412109375
7.038243052,0.0,-0.006894050545377617,-0.002024581932314362,0.9260717011081927,-1.056988848300287,2.0559367723255,-2.075222660560038,2.19764878094118,-3.943798337683945,0.0,0.0,0.0,0.0,0.0,0.0,0.0,0.0,0.20280304851199116,0.006721236641073602,0.790290394774749,-0.3850274763241148,0.2653651765738001,-1.0738935231130529,0.031028520315885544,-0.04540093243122101,0.20250140625,-0.004218779296875,0.805786845703125,-0.371252578125,0.236251640625,-1.10532017578125,0.023871181640625,-0.0954847265625
7.045626955,0.0,-0.006894050545377617,-0.002024581932314362,0.926158967570792,-1.056988848300287,2.0559367723255,-2.075222660560038,2.19764878094118,-3.943798337683945,0.0,0.0,0.0,0.0,0.0,0.0,0.0,0.0,0.20280304851199116,0.006721236641073602,0.790290394774749,-0.3850274763241148,0.2653651765738001,-1.0738935231130529,0.031028520315885544,-0.04540093243122101,0.21093896484375,-0.004218779296875,0.805786845703125,-0.3881276953125,0.236251640625,-1.08844505859375,0.023871181640625,-0.0198926513671875
7.052499238,0.0,-0.006894050545377617,-0.002024581932314362,0.926158967570792,-1.056988848300287,2.0559367723255,-2.075222660560038,2.19764878094118,-3.943798337683945,0.0,0.0017453292519943296,0.0,0.0,0.0,0.0,0.0,0.0,0.2023722857441994,0.006512879292035478,0.7899779016365698,-0.38512747801688674,0.2651215649400225,-1.0738079606454778,0.031027227640151978,-0.04545627906918526,0.2193765234375,-0.004218779296875,0.75094271484375,-0.371252578125,0.270001875,-1.00406947265625,0.023871181640625,-0.039785302734375
7.061290162000001,0.0,-0.006894050545377617,-0.002024581932314362,0.926158967570792,-1.056988848300287,2.0559367723255,-2.075222660560038,2.19764878094118,-3.943798337683945,0.0,0.0,0.0,0.0,0.0,0.0,-0.008726646259971648,0.0,0.2023722857441994,0.006338346366836045,0.7899779016365698,-0.38512747801688674,0.2651215649400225,-1.0738079606454778,0.031027227640151978,-0.04545627906918526,0.172969951171875,0.0,0.75094271484375,-0.3881276953125,0.22781408203125,-1.00406947265625,0.023871181640625,-0.0119355908203125
7.069180181,0.0,-0.006894050545377617,-0.002024581932314362,0.926158967570792,-1.056988848300287,2.0559367723255,-2.075222660560038,2.19756151447858,-3.943798337683945,0.0,0.0,0.0,0.0,0.0,0.0,0.0,0.0,0.2018055349793526,0.006411639871561903,0.7896404797424963,-0.38522913373855117,0.26474263586144353,-1.0740058182638097,0.03146389522927742,-0.045485783368349075,0.2193765234375,0.02531267578125,0.805786845703125,-0.383908916015625,0.270001875,-0.9956319140625,0.0278497119140625,-0.039785302734375
7.076426420000001,0.0,-0.006894050545377617,-0.002024581932314362,0.926158967570792,-1.056988848300287,2.0559367723255,-2.075222660560038,2.19756151447858,-3.943798337683945,0.0,0.0,0.0,0.0,0.0,0.0,0.0,0.0,0.2018055349793526,0.006411639871561903,0.7896404797424963,-0.38522913373855117,0.26474263586144353,-1.0740058182638097,0.03102756291627884,-0.045485783368349075,0.172969951171875,0.0,0.755161494140625,-0.392346474609375,0.26156431640625,-1.08844505859375,0.0198926513671875,-0.0198926513671875
7.083544433,0.0,-0.006894050545377617,-0.002024581932314362,0.926158967570792,-1.056988848300287,2.0559367723255,-2.075222660560038,2.19756151447858,-3.943798337683945,0.0,0.0,0.0,0.0,0.0,0.0,0.0,0.0,0.20161310883427586,0.006305734524989504,0.7897970313419989,-0.38524174012092116,0.2648265219483843,-1.0739124773900914,0.03105955943465233,-0.04552431404590607,0.21093896484375,0.029531455078125,0.80156806640625,-0.392346474609375,0.236251640625,-1.08844505859375,0.0278497119140625,-0.0915061962890625
7.091123346000001,0.0,-0.006894050545377617,-0.002024581932314362,0.926158967570792,-1.056988848300287,2.0559367723255,-2.075222660560038,2.19756151447858,-3.943798337683945,0.0,0.0,0.0,0.0,0.0,0.0,0.0,0.0,0.20161310883427586,0.006305734524989504,0.7897970313419989,-0.38524174012092116,0.2648265219483843,-1.0739124773900914,0.03105955943465233,-0.04552431404590607,0.21093896484375,0.029531455078125,0.7931305078124999,-0.392346474609375,0.27843943359375,-1.10532017578125,0.043763833007812496,-0.0278497119140625
7.099414969000001,0.0,-0.006894050545377617,-0.002024581932314362,0.926158967570792,-1.056988848300287,2.0559367723255,-2.075222660560038,2.19756151447858,-3.943798337683945,0.0,0.0,0.0,0.0,0.0,0.0,0.0,0.0,0.20148192646170582,0.0062557755881194055,0.7898590350737265,-0.3852766982450819,0.26489080555777456,-1.073908990518372,0.031085964292287827,-0.04555370286107063,0.21093896484375,0.02531267578125,0.810005625,-0.383908916015625,0.236251640625,-1.10532017578125,0.0278497119140625,-0.01591412109375
7.104551365000001,0.0,-0.006894050545377617,-0.002024581932314362,0.926158967570792,-1.056988848300287,2.0559367723255,-2.075222660560038,2.19756151447858,-3.943798337683945,0.0,0.0,0.0,0.0,0.0,0.0,0.0,0.0,0.20148192646170582,0.0062557755881194055,0.7898590350737265,-0.3852766982450819,0.26489080555777456,-1.073908990518372,0.031085964292287827,-0.04555370286107063,0.21093896484375,0.029531455078125,0.78469294921875,-0.392346474609375,0.26156431640625,-0.9956319140625,0.0517208935546875,-0.0278497119140625
7.114542267,0.0,-0.006894050545377617,-0.002024581932314362,0.926158967570792,-1.056988848300287,2.0559367723255,-2.075222660560038,2.19756151447858,-3.943798337683945,0.0,0.0,0.0,0.0,0.0,0.0,0.0,0.0,0.2013865739312264,0.006229045698905367,0.7898794645657232,-0.3853067836895323,0.2649420804534426,-1.0739247261445928,0.031106431037187576,-0.045575037598609924,0.21093896484375,-0.012656337890625,0.788911728515625,-0.3881276953125,0.236251640625,-1.0968826171875,0.04774236328125,-0.01591412109375
7.121331893000001,0.0,-0.006894050545377617,-0.002024581932314362,0.926158967570792,-1.056988848300287,2.0559367723255,-2.075222660560038,2.19756151447858,-3.943798337683945,0.0,0.0,0.0,0.0,0.0,0.0,0.0,0.0,0.2013865739312264,0.006229045698905367,0.7898794645657232,-0.3853067836895323,0.2649420804534426,-1.0739247261445928,0.031106431037187576,-0.045575037598609924,0.21093896484375,0.029531455078125,0.805786845703125,-0.383908916015625,0.236251640625,-1.00406947265625,0.0278497119140625,-0.007957060546875
7.127668908,0.0,-0.006894050545377617,-0.002024581932314362,0.926158967570792,-1.056988848300287,2.0559367723255,-2.075222660560038,2.19756151447858,-3.943798337683945,0.0,0.0,0.0,0.0,0.0,0.0,0.0,0.0,0.20131614359284367,0.006211991319919008,0.789883443175762,-0.3853285989895201,0.26498459346632863,-1.073941266433518,0.03112177923321724,-0.04559025913476944,0.21093896484375,-0.012656337890625,0.7931305078124999,-0.3881276953125,0.26156431640625,-1.08844505859375,0.04774236328125,-0.0278497119140625
7.134536422,0.0,-0.006894050545377617,-0.002024581932314362,0.926158967570792,-1.056988848300287,2.0559367723255,-2.075222660560038,2.19756151447858,-3.943798337683945,0.0,0.0,0.0,0.0,0.0,0.0,0.0,0.0,0.20131614359284367,0.006211991319919008,0.789883443175762,-0.3853285989895201,0.26498459346632863,-1.073941266433518,0.03112177923321724,-0.04559025913476944,0.2193765234375,-0.004218779296875,0.80156806640625,-0.3881276953125,0.270001875,-1.08844505859375,0.0278497119140625,-0.0994632568359375
7.140911005,0.0,-0.006894050545377617,-0.002024581932314362,0.926158967570792,-1.056988848300287,2.0559367723255,-2.075222660560038,2.19756151447858,-3.943798337683945,0.0,0.0,0.0,0.0,0.0,0.0,0.0,0.0,0.20246395023728336,0.00664442767437734,0.7899720454802206,-0.3854264102115965,0.2650568566475382,-1.0744124411504674,0.031076211482286453,-0.04545281082391739,0.21093896484375,-0.004218779296875,0.788911728515625,-0.3881276953125,0.27843943359375,-1.10532017578125,0.0198926513671875,-0.0994632568359375
7.148829377,0.0,-0.006894050545377617,-0.002024581932314362,0.926158967570792,-1.056988848300287,2.0559367723255,-2.075222660560038,2.19756151447858,-3.943798337683945,0.0,0.0,0.0,0.0,0.0,0.0,0.0,0.0,0.20246395023728336,0.00664442767437734,0.7899720454802206,-0.3854264102115965,0.2650568566475382,-1.0744124411504674,0.031076211482286453,-0.04545281082391739,0.168751171875,-0.004218779296875,0.763599052734375,-0.392346474609375,0.270001875,-1.01250703125,0.023871181640625,-0.0198926513671875
7.1566284200000005,0.0,-0.006894050545377617,-0.002024581932314362,0.926158967570792,-1.056988848300287,2.0559367723255,-2.075222660560038,2.19756151447858,-3.943798337683945,0.0,0.0,0.0,0.0,0.0,0.0,0.0,0.0,0.2032449871506783,0.006942935185993093,0.7900004321922949,-0.38533937252906325,0.2650098285828104,-1.0744700192373204,0.031017113476991653,-0.04534419998526573,0.21093896484375,-0.012656337890625,0.80156806640625,-0.383908916015625,0.270001875,-1.0631323828124999,0.0278497119140625,-0.0915061962890625
7.163286877000001,0.0,-0.006894050545377617,-0.002024581932314362,0.926158967570792,-1.056988848300287,2.0559367723255,-2.075222660560038,2.19756151447858,-3.943798337683945,0.0,0.0,0.0,0.0,0.0,0.0,0.0,0.0,0.2032449871506783,0.006942935185993093,0.7900004321922949,-0.38533937252906325,0.2650098285828104,-1.0744700192373204,0.031017113476991653,-0.04534419998526573,0.21093896484375,0.029531455078125,0.810005625,-0.3881276953125,0.27843943359375,-0.9956319140625,0.0198926513671875,-0.0278497119140625
7.173296979000001,0.0,-0.006894050545377617,-0.002024581932314362,0.926158967570792,-1.056988848300287,2.0559367723255,-2.075222660560038,2.19756151447858,-3.943798337683945,0.0,0.0,0.0,0.0,0.0,0.0,0.0,0.0,0.2037989080157372,0.00712631446358003,0.7900458956350973,-0.38524786449817183,0.2649069658670893,-1.0744225441377568,0.03095616027712822,-0.045262642204761505,0.2193765234375,0.021093896484375,0.7931305078124999,-0.392346474609375,0.270001875,-1.08844505859375,0.0278497119140625,-0.0318282421875
7.179527145000001,0.0,-0.006894050545377617,-0.002024581932314362,0.926158967570792,-1.056988848300287,2.0559367723255,-2.075222660560038,2.19756151447858,-3.943798337683945,0.0,0.0,0.0,0.0,0.0,0.0,0.0,0.0,0.2037989080157372,0.00712631446358003,0.7900458956350973,-0.38524786449817183,0.2649069658670893,-1.0744225441377568,0.03095616027712822,-0.045262642204761505,0.21093896484375,0.0,0.75094271484375,-0.392346474609375,0.270001875,-0.98719435546875,0.04774236328125,-0.0278497119140625
7.1893057570000005,0.0,-0.006894050545377617,-0.002024581932314362,0.926158967570792,-1.056988848300287,2.0559367723255,-2.075222660560038,2.19756151447858,-3.943798337683945,0.0,0.0,0.0,0.0,0.0,0.0,-0.008726646259971648,0.0,0.2041943773832413,0.00724465576049127,0.7900962764610937,-0.38517946816829207,0.26478253372054006,-1.0743610321443486,0.030902206897735596,-0.04520267993211746,0.2193765234375,0.0168751171875,0.75094271484375,-0.3881276953125,0.270001875,-1.10532017578125,0.0278497119140625,-0.0954847265625
7.195404689,0.0,-0.006894050545377617,-0.002024581932314362,0.926158967570792,-1.056988848300287,2.0559367723255,-2.075222660560038,2.19756151447858,-3.943798337683945,0.0,0.0,0.0,0.0,0.0,0.0,0.0,0.0,0.2041943773832413,0.00724465576049127,0.7900962764610937,-0.38517946816829207,0.26478253372054006,-1.0743610321443486,0.03133853921073418,-0.04520267993211746,0.2193765234375,0.0,0.763599052734375,-0.3881276953125,0.27843943359375,-1.10532017578125,0.023871181640625,-0.0278497119140625
7.203191124000001,0.0,-0.006894050545377617,-0.002024581932314362,0.926158967570792,-1.056988848300287,2.0559367723255,-2.075222660560038,2.19756151447858,-3.943798337683945,0.0,0.0,0.0,0.0,0.0,0.0,0.0,0.0,0.20327558668518986,0.006881177323425192,0.7900519753088644,-0.3850495598450041,0.2646201259646883,-1.0738501607339788,0.030914954841136932,-0.04530729725956917,0.172969951171875,0.0,0.755161494140625,-0.392346474609375,0.27843943359375,-1.0631323828124999,0.0198926513671875,-0.0358067724609375
7.209673131000001,0.0,-0.006894050545377617,-0.002024581932314362,0.926158967570792,-1.056988848300287,2.0559367723255,-2.075222660560038,2.19756151447858,-3.943798337683945,0.0,0.0,0.0,0.0,0.0,0.0,0.0,0.0,0.20327558668518986,0.006881177323425192,0.7900519753088644,-0.3850495598450041,0.2646201259646883,-1.0738501607339788,0.030914954841136932,-0.04530729725956917,0.172969951171875,0.012656337890625,0.7931305078124999,-0.383908916015625,0.27843943359375,-1.00406947265625,0.04774236328125,-0.01591412109375
7.216924266,0.0,-0.006894050545377617,-0.002024581932314362,0.926158967570792,-1.056988848300287,2.0559367723255,-2.075222660560038,2.19756151447858,-3.943798337683945,0.0,0.0,0.0,0.0,0.0,0.0,0.0,0.0,0.2026544988360497,0.0066327572711948335,0.7900573397268942,-0.38511487163451674,0.2645801834021082,-1.0737627207200933,0.03094785287976265,-0.04539226368069649,0.21093896484375,-0.004218779296875,0.810005625,-0.375471357421875,0.270001875,-1.0968826171875,0.0278497119140625,-0.0278497119140625
7.223266016,0.0,-0.006894050545377617,-0.002024581932314362,0.926158967570792,-1.056988848300287,2.0559367723255,-2.075222660560038,2.19756151447858,-3.943798337683945,0.0,0.008726646259971648,0.0,0.0,0.0,0.0,0.0,0.0,0.2026544988360497,0.0066327572711948335,0.7900573397268942,-0.38511487163451674,0.2645801834021082,-1.0737627207200933,0.03094785287976265,-0.04539226368069649,0.172969951171875,0.029531455078125,0.80156806640625,-0.383908916015625,0.236251640625,-1.12219529296875,0.0278497119140625,-0.0278497119140625
7.230616767000001,0.0,-0.006894050545377617,-0.002024581932314362,0.926158967570792,-1.056988848300287,2.0559367723255,-2.075222660560038,2.19756151447858,-3.943798337683945,0.0,0.0,0.0,0.0,0.0,0.0,-0.015707963267948967,0.0,0.20350916238690342,0.006061561762600699,0.7902130419602087,-0.3853319517507887,0.2645838490877619,-1.0741853474538732,0.03092418983578682,-0.045300956815481186,0.172969951171875,0.0,0.7931305078124999,-0.383908916015625,0.236251640625,-0.9956319140625,0.0278497119140625,-0.039785302734375
7.236937685,0.0,-0.00680678408277835,-0.002024581932314362,0.926158967570792,-1.056988848300287,2.0559367723255,-2.075222660560038,2.19756151447858,-3.943798337683945,0.0,0.0,0.0,0.0,0.0,0.0,0.0,0.0,0.20350916238690342,0.006934226388597864,0.7902130419602087,-0.3853319517507887,0.2645838490877619,-1.0741853474538732,0.03170958799918427,-0.045300956815481186,0.168751171875,0.012656337890625,0.755161494140625,-0.383908916015625,0.27843943359375,-1.08844505859375,0.04774236328125,-0.039785302734375
7.244731192000001,0.0,-0.00680678408277835,-0.002024581932314362,0.926158967570792,-1.056988848300287,2.0559367723255,-2.075222660560038,2.19756151447858,-3.943798337683945,0.0,0.0,0.0,0.0,0.0,0.0,-0.003490658503988659,0.0,0.20367982449927347,0.007134053754175085,0.7902650768150976,-0.38523668862727645,0.2646337828789225,-1.0741612075727391,0.03088676556944847,-0.04524809122085571,0.20250140625,-0.004218779296875,0.7931305078124999,-0.371252578125,0.236251640625,-1.12219529296875,0.0517208935546875,-0.0119355908203125
7.250976238000001,0.0,-0.00680678408277835,-0.002024581932314362,0.926158967570792,-1.056988848300287,2.0559367723255,-2.075222660560038,2.19756151447858,-3.943798337683945,0.0,0.0,0.0,0.0,0.0,0.0,0.0,0.0,0.20367982449927347,0.007134053754175085,0.7902650768150976,-0.38523668862727645,0.2646337828789225,-1.0741612075727391,0.031061298494647907,-0.04524809122085571,0.21093896484375,-0.012656337890625,0.805786845703125,-0.383908916015625,0.270001875,-1.07156994140625,0.0278497119140625,-0.0278497119140625
7.259574232,0.0,-0.00680678408277835,-0.002024581932314362,0.926158967570792,-1.056988848300287,2.0559367723255,-2.075222660560038,2.1974567947234607,-3.943798337683945,0.0,0.0,0.0,0.0,0.0,0.0,0.0,0.0,0.20400191309847848,0.0072533589699510514,0.7903011078228643,-0.3851770094766951,0.2646114311371317,-1.0741170405309606,0.030848443508148193,-0.04520794376730919,0.2193765234375,0.029531455078125,0.797349287109375,-0.371252578125,0.236251640625,-1.10532017578125,0.04774236328125,-0.0954847265625
7.267618365000001,0.0,-0.00680678408277835,-0.002024581932314362,0.926158967570792,-1.056988848300287,2.0559367723255,-2.075222660560038,2.1974567947234607,-3.943798337683945,0.0,0.0,0.0,0.0,0.0,0.0,0.0,0.0,0.20400191309847848,0.0072533589699510514,0.7903011078228643,-0.3851770094766951,0.2646114311371317,-1.0741170405309606,0.030848443508148193,-0.04520794376730919,0.2193765234375,-0.004218779296875,0.755161494140625,-0.3881276953125,0.27843943359375,-1.12219529296875,0.04774236328125,-0.0954847265625
