time_sec,time_nanosec,pos_0,pos_1,pos_2,pos_3,pos_4,pos_5,pos_6,pos_7,motor_speed_dps_0,motor_speed_dps_1,motor_speed_dps_2,motor_speed_dps_3,motor_speed_dps_4,motor_speed_dps_5,motor_speed_dps_6,motor_speed_dps_7,eff_0,eff_1,eff_2,eff_3,eff_4,eff_5,eff_6,eff_7,target_value_0,target_value_1,target_value_2,target_value_3,target_value_4,target_value_5,target_value_6,target_value_7,torque_command_0,torque_command_1,torque_command_2,torque_command_3,torque_command_4,torque_command_5,torque_command_6,torque_command_7
1765457104,162067529,0.059184114935127714,0.017645278737662674,0.004694935687864747,-0.03768165855055758,-0.07438593271999834,-0.021781709064889233,1.2582951242253118,-4.08457659514981,0.0,0.0,0.0,0.0,0.0,0.0,0.0,0.0,0.01611328125,0.01611328125,0.01611328125,0.04833984375,-0.01611328125,0.01611328125,0.01611328125,0.0,nan,nan,nan,nan,nan,nan,nan,nan,nan,nan,nan,nan,nan,nan,nan,nan
1765457104,184274494,0.059184114935127714,0.017645278737662674,0.004694935687864747,-0.03768165855055758,-0.07438593271999834,-0.021781709064889233,1.2582951242253118,-4.08457659514981,0.0,0.0,0.0,0.0,0.0,0.0,0.0,0.0,0.0,0.01611328125,0.0,0.08056640625,-0.01611328125,-0.04833984375,0.01611328125,0.0,nan,nan,nan,nan,nan,nan,nan,nan,nan,nan,nan,nan,nan,nan,nan,nan
1765457104,208590452,0.059184114935127714,0.017645278737662674,0.004694935687864747,-0.03768165855055758,-0.07438593271999834,-0.021781709064889233,1.2582951242253118,-4.08457659514981,0.0,0.0,0.0,0.0,0.0,0.0,0.0,0.0,0.04833984375,0.01611328125,-0.01611328125,0.01611328125,0.0,0.01611328125,0.0322265625,0.0,nan,nan,nan,nan,nan,nan,nan,nan,nan,nan,nan,nan,nan,nan,nan,nan
1765457104,239592294,0.059184114935127714,0.017645278737662674,0.004694935687864747,-0.03768165855055758,-0.07438593271999834,-0.021781709064889233,1.2582951242253118,-4.08457659514981,0.0,0.0,0.0,0.0,0.0,0.0,0.0,0.0,0.0,0.0322265625,0.0,0.04833984375,-0.01611328125,0.0,0.01611328125,0.0,nan,nan,nan,nan,nan,nan,nan,nan,nan,nan,nan,nan,nan,nan,nan,nan
1765457104,264262258,0.059184114935127714,0.017645278737662674,0.004694935687864747,-0.03768165855055758,-0.07438593271999834,-0.021781709064889233,1.2582951242253118,-4.08457659514981,0.0,0.0,0.0,0.0,0.0,0.0,0.0,0.0,0.01611328125,0.01611328125,0.0,0.01611328125,-0.0322265625,0.0,0.0322265625,0.01611328125,nan,nan,nan,nan,nan,nan,nan,nan,nan,nan,nan,nan,nan,nan,nan,nan
1765457104,287106510,0.059184114935127714,0.017645278737662674,0.004694935687864747,-0.03768165855055758,-0.07438593271999834,-0.021781709064889233,1.2582951242253118,-4.08457659514981,0.0,0.0,0.0,0.0,0.0,0.0,0.0,0.0,-0.0966796875,0.0322265625,0.0,0.04833984375,-0.01611328125,0.01611328125,0.0,0.01611328125,nan,nan,nan,nan,nan,nan,nan,nan,nan,nan,nan,nan,nan,nan,nan,nan
1765457104,311301789,0.059184114935127714,0.017645278737662674,0.004694935687864747,-0.03768165855055758,-0.07438593271999834,-0.021781709064889233,1.2582951242253118,-4.08457659514981,0.0,0.0,0.0,0.0,0.0,0.0,0.0,0.0,0.01611328125,0.01611328125,0.0,0.01611328125,-0.01611328125,0.0,0.01611328125,-0.01611328125,nan,nan,nan,nan,nan,nan,nan,nan,nan,nan,nan,nan,nan,nan,nan,nan
1765457104,332988017,0.059184114935127714,0.017645278737662674,0.004694935687864747,-0.03768165855055758,-0.07438593271999834,-0.021781709064889233,1.2582951242253118,-4.08457659514981,0.0,0.0,0.0,0.0,0.0,0.0,0.0,0.0,0.0,0.0322265625,0.0,0.04833984375,-0.01611328125,-0.0322265625,0.01611328125,0.01611328125,nan,nan,nan,nan,nan,nan,nan,nan,nan,nan,nan,nan,nan,nan,nan,nan
1765457104,351488354,0.059184114935127714,0.017645278737662674,0.004694935687864747,-0.03768165855055758,-0.07438593271999834,-0.021781709064889233,1.2582951242253118,-4.08457659514981,0.0,0.0,0.0,0.0,0.0,0.0,0.0,0.0,0.01611328125,0.01611328125,0.0,0.064453125,-0.0322265625,-0.01611328125,0.01611328125,-0.01611328125,nan,nan,nan,nan,nan,nan,nan,nan,nan,nan,nan,nan,nan,nan,nan,nan
1765457104,371088215,0.059184114935127714,0.017645278737662674,0.004694935687864747,-0.03768165855055758,-0.07438593271999834,-0.021781709064889233,1.2582951242253118,-4.08457659514981,0.0,0.0,0.0,0.0,0.0,0.0,0.0,0.0,0.01611328125,0.0322265625,0.01611328125,-0.11279296875,-0.01611328125,0.0,0.0322265625,0.0,nan,nan,nan,nan,nan,nan,nan,nan,nan,nan,nan,nan,nan,nan,nan,nan
1765457104,392271821,0.059184114935127714,0.017645278737662674,0.004694935687864747,-0.03768165855055758,-0.07438593271999834,-0.021781709064889233,1.2582951242253118,-4.08457659514981,0.0,0.0,0.0,0.0,0.0,0.0,0.0,0.0,0.0,0.01611328125,0.0,0.0322265625,-0.01611328125,0.0,0.0322265625,0.0,nan,nan,nan,nan,nan,nan,nan,nan,nan,nan,nan,nan,nan,nan,nan,nan
1765457104,412554731,0.059184114935127714,0.017645278737662674,0.004694935687864747,-0.03768165855055758,-0.07438593271999834,-0.021781709064889233,1.2582951242253118,-4.08457659514981,0.0,0.0,0.0,0.0,0.0,0.0,0.0,0.0,0.01611328125,0.01611328125,0.0,0.0,0.0,0.0,0.0322265625,0.0,nan,nan,nan,nan,nan,nan,nan,nan,nan,nan,nan,nan,nan,nan,nan,nan
1765457104,432557625,0.059184114935127714,0.017645278737662674,0.004694935687864747,-0.03768165855055758,-0.07438593271999834,-0.021781709064889233,1.2582951242253118,-4.08457659514981,0.0,0.0,0.0,0.0,0.0,0.0,0.0,0.0,0.01611328125,0.0322265625,0.0,-0.08056640625,-0.01611328125,0.01611328125,0.0322265625,0.0,nan,nan,nan,nan,nan,nan,nan,nan,nan,nan,nan,nan,nan,nan,nan,nan
1765457104,452650443,0.059184114935127714,0.017645278737662674,0.004694935687864747,-0.03768165855055758,-0.07438593271999834,-0.021781709064889233,1.2582951242253118,-4.08457659514981,0.0,0.0,0.0,0.0,0.0,0.0,0.0,0.0,0.0,0.01611328125,0.0,-0.0966796875,-0.0322265625,0.0,0.01611328125,0.0,nan,nan,nan,nan,nan,nan,nan,nan,nan,nan,nan,nan,nan,nan,nan,nan
1765457104,472007185,0.059184114935127714,0.017645278737662674,0.004694935687864747,-0.03768165855055758,-0.07438593271999834,-0.021781709064889233,1.2582951242253118,-4.08457659514981,0.0,0.0,0.0,0.0,0.0,0.0,0.0,0.0,0.01611328125,0.01611328125,0.0,-0.0966796875,-0.01611328125,0.0,0.01611328125,0.01611328125,nan,nan,nan,nan,nan,nan,nan,nan,nan,nan,nan,nan,nan,nan,nan,nan
1765457104,492322994,0.059184114935127714,0.017645278737662674,0.004694935687864747,-0.03768165855055758,-0.07438593271999834,-0.021781709064889233,1.2582951242253118,-4.08457659514981,0.0,0.0,0.0,0.0,0.0,0.0,0.0,0.0,0.01611328125,0.0,0.01611328125,0.0,-0.01611328125,0.01611328125,0.01611328125,0.0,nan,nan,nan,nan,nan,nan,nan,nan,nan,nan,nan,nan,nan,nan,nan,nan
1765457104,515570630,0.059184114935127714,0.017645278737662674,0.004694935687864747,-0.03768165855055758,-0.07438593271999834,-0.021781709064889233,1.2582951242253118,-4.08457659514981,0.0,0.0,0.0,0.0,0.0,0.0,0.0,0.0,0.0,0.01611328125,0.0,0.0,-0.0322265625,0.01611328125,0.01611328125,0.0,nan,nan,nan,nan,nan,nan,nan,nan,nan,nan,nan,nan,nan,nan,nan,nan
1765457104,539954241,0.059184114935127714,0.017645278737662674,0.004694935687864747,-0.03768165855055758,-0.07438593271999834,-0.021781709064889233,1.2582951242253118,-4.08457659514981,0.0,0.0,0.0,0.0,0.0,0.0,0.0,0.0,0.01611328125,0.0322265625,0.0,0.04833984375,0.0,0.0,0.0322265625,0.0,nan,nan,nan,nan,nan,nan,nan,nan,nan,nan,nan,nan,nan,nan,nan,nan
1765457104,561295552,0.059184114935127714,0.017645278737662674,0.004694935687864747,-0.03768165855055758,-0.07438593271999834,-0.021781709064889233,1.2582951242253118,-4.08457659514981,0.0,0.0,0.0,0.0,0.0,0.0,0.0,0.0,0.0,0.0,0.0,-0.08056640625,-0.01611328125,0.01611328125,0.0322265625,-0.01611328125,nan,nan,nan,nan,nan,nan,nan,nan,nan,nan,nan,nan,nan,nan,nan,nan
1765457104,584548789,0.059184114935127714,0.017645278737662674,0.004694935687864747,-0.03768165855055758,-0.07438593271999834,-0.021781709064889233,1.2582951242253118,-4.08457659514981,0.0,0.0,0.0,0.0,0.0,0.0,0.0,0.0,0.0,0.0322265625,0.0,0.04833984375,-0.01611328125,0.0,0.01611328125,0.0,nan,nan,nan,nan,nan,nan,nan,nan,nan,nan,nan,nan,nan,nan,nan,nan
1765457104,610156539,0.059184114935127714,0.017645278737662674,0.004694935687864747,-0.03768165855055758,-0.07438593271999834,-0.021781709064889233,1.2582951242253118,-4.08457659514981,0.0,0.0,0.0,0.0,0.0,0.0,0.0,0.0,0.01611328125,0.0322265625,0.0,0.01611328125,-0.0322265625,0.0,0.01611328125,0.0,nan,nan,nan,nan,nan,nan,nan,nan,nan,nan,nan,nan,nan,nan,nan,nan
1765457104,631989657,0.059184114935127714,0.017645278737662674,0.004694935687864747,-0.03768165855055758,-0.07438593271999834,-0.021781709064889233,1.2582951242253118,-4.08457659514981,0.0,0.0,0.0,0.0,0.0,0.0,0.0,0.0,-0.14501953125,0.01611328125,0.0,0.0,-0.01611328125,-0.01611328125,0.0322265625,0.0,nan,nan,nan,nan,nan,nan,nan,nan,nan,nan,nan,nan,nan,nan,nan,nan
1765457104,651061069,0.059184114935127714,0.017645278737662674,0.004694935687864747,-0.03768165855055758,-0.07438593271999834,-0.021781709064889233,1.2582951242253118,-4.08457659514981,0.0,0.0,0.0,0.0,0.0,0.0,0.0,0.0,0.08056640625,0.0322265625,0.0,0.01611328125,-0.01611328125,-0.01611328125,0.0,0.0,nan,nan,nan,nan,nan,nan,nan,nan,nan,nan,nan,nan,nan,nan,nan,nan
1765457104,679671947,0.059184114935127714,0.017645278737662674,0.004694935687864747,-0.03768165855055758,-0.07438593271999834,-0.021781709064889233,1.2582951242253118,-4.08457659514981,0.0,0.0,0.0,0.0,0.0,0.0,0.0,0.0,0.01611328125,0.01611328125,0.0,0.0,0.064453125,0.01611328125,0.0,0.0,nan,nan,nan,nan,nan,nan,nan,nan,nan,nan,nan,nan,nan,nan,nan,nan
1765457104,717989310,0.059184114935127714,0.017645278737662674,0.004694935687864747,-0.03768165855055758,-0.07438593271999834,-0.021781709064889233,1.2582951242253118,-4.08457659514981,0.0,0.0,0.0,0.0,0.0,0.0,0.0,0.0,0.01611328125,0.0,0.0,0.01611328125,-0.01611328125,0.01611328125,0.0322265625,0.01611328125,0.0,0.0,0.0,0.0,0.0,0.0,0.0,0.0,nan,nan,nan,nan,nan,nan,nan,nan
1765457104,751037869,0.059184114935127714,0.017645278737662674,0.004694935687864747,-0.03768165855055758,-0.07438593271999834,-0.021781709064889233,1.2582951242253118,-4.08457659514981,0.0,0.0,0.0,0.0,0.0,0.0,0.0,0.0,0.0,0.01611328125,0.0,-0.0966796875,-0.01611328125,0.01611328125,0.01611328125,0.0,0.0,0.0,0.0,0.0,0.0,0.0,0.0,0.0,nan,nan,nan,nan,nan,nan,nan,nan
1765457104,777848125,0.059184114935127714,0.017645278737662674,0.004694935687864747,-0.03768165855055758,-0.07438593271999834,-0.021781709064889233,1.2582951242253118,-4.08457659514981,0.0,0.0,0.0,0.0,0.0,0.0,0.0,0.0,0.0322265625,0.01611328125,-0.01611328125,0.0322265625,0.01611328125,-0.04833984375,0.01611328125,0.0,0.0,0.0,0.0,0.0,0.0,0.0,0.0,0.0,nan,nan,nan,nan,nan,nan,nan,nan
1765457104,801674709,0.059184114935127714,0.017645278737662674,0.004694935687864747,-0.03768165855055758,-0.07438593271999834,-0.021781709064889233,1.2582951242253118,-4.08457659514981,0.0,0.0,0.0,0.0,0.0,0.0,0.0,0.0,0.0,0.01611328125,0.0,0.04833984375,0.04833984375,0.01611328125,0.01611328125,0.0,0.0,0.0,0.0,0.0,0.0,0.0,0.0,0.0,nan,nan,nan,nan,nan,nan,nan,nan
1765457104,825546288,0.059184114935127714,0.017645278737662674,0.004694935687864747,-0.03768165855055758,-0.07438593271999834,-0.021781709064889233,1.2582951242253118,-4.08457659514981,0.0,0.0,0.0,0.0,0.0,0.0,0.0,0.0,0.01611328125,-0.08056640625,0.0,0.0322265625,-0.0322265625,0.01611328125,0.0322265625,0.01611328125,0.0,0.0,0.0,0.0,0.0,0.0,0.0,0.0,-0.017755229026079178,-0.00529358210042119,-0.0012676322367042303,0.010174045339226723,0.05207013711333275,0.015247192233800888,0.0,0.0
1765457104,848435151,0.05913175505756789,0.017645278737662674,0.004694935687864747,-0.03768165855055758,-0.07431611954991854,-0.021781709064889233,1.2582951242253118,-4.08457659514981,0.0,0.0,0.0,0.0,0.0,0.0,0.0,0.0,-0.04833984375,0.01611328125,0.0,0.04833984375,0.14501953125,0.064453125,0.01611328125,-0.01611328125,0.0,0.0,0.0,0.0,0.0,0.0,0.0,0.0,-0.017755234614014626,-0.005293583497405052,-0.0012676325859501958,0.010174048133194447,0.05207015201449394,0.015247195959091187,0.0,0.0
1765457104,872115838,0.05911430176504794,0.017645278737662674,0.004694935687864747,-0.03768165855055758,-0.07428121296487868,-0.021781709064889233,1.2582951242253118,-4.08457659514981,0.0,0.0,0.0,0.0,0.0,0.0,0.0,0.0,-0.04833984375,-0.01611328125,0.0,0.04833984375,0.1611328125,0.064453125,0.01611328125,0.0,0.0,0.0,0.0,0.0,0.0,0.0,0.0,0.0,-0.01773952692747116,-0.005293583497405052,-0.0012676325859501958,0.010174048133194447,0.05202128365635872,0.015247195959091187,0.0,0.0
1765457104,894397528,0.059096848472528,0.017645278737662674,0.004694935687864747,-0.037664205258037625,-0.07428121296487868,-0.021781709064889233,1.2582951242253118,-4.08457659514981,0.0,0.0,0.0,0.0,0.0,0.0,0.0,0.0,-0.04833984375,0.0,0.0,0.064453125,0.17724609375,0.064453125,0.0322265625,0.01611328125,0.0,0.0,0.0,0.0,0.0,0.0,0.0,0.0,-0.017734291031956673,-0.005293583497405052,-0.0012676325859501958,0.010174048133194447,0.05199684947729111,0.015247195959091187,0.0,0.0
1765457104,917238323,0.05907939518000806,0.017645278737662674,0.004694935687864747,-0.037664205258037625,-0.07421139979479888,-0.021781709064889233,1.2582951242253118,-4.08457659514981,0.0,0.0,0.0,0.0,5.0,0.0,0.0,0.0,-0.0322265625,-0.01611328125,0.0,0.04833984375,0.17724609375,0.08056640625,0.0322265625,0.0,0.0,0.0,0.0,0.0,0.0,0.0,0.0,0.0,-0.017729055136442184,-0.005293583497405052,-0.0012676325859501958,0.010169335640966892,0.05199684947729111,0.015247195959091187,0.0,0.0
1765457104,943513922,0.05906194188748811,0.017645278737662674,0.004694935687864747,-0.037664205258037625,-0.07421139979479888,-0.021781709064889233,1.2582951242253118,-4.08457659514981,0.0,0.0,0.0,0.0,5.0,0.0,0.0,0.0,-0.0322265625,0.01611328125,-0.01611328125,0.064453125,0.17724609375,0.064453125,0.01611328125,0.0,0.0,0.0,0.0,0.0,0.0,0.0,0.0,0.0,-0.017723819240927696,-0.005293583497405052,-0.0012676325859501958,0.010169335640966892,0.051947981119155884,0.015247195959091187,0.0,0.0
1765457104,963444523,0.059044488594968164,0.017645278737662674,0.004694935687864747,-0.037664205258037625,-0.07421139979479888,-0.021781709064889233,1.2582951242253118,-4.08457659514981,0.0,0.0,0.0,0.0,0.0,0.0,0.0,0.0,-0.04833984375,0.0,0.0,-0.04833984375,0.17724609375,0.064453125,0.0322265625,-0.01611328125,0.0,0.0,0.0,0.0,0.0,0.0,0.0,0.0,-0.017718583345413208,-0.005293583497405052,-0.0012676325859501958,0.010169335640966892,0.051947981119155884,0.015247195959091187,0.0,0.0
1765457104,985865229,0.059044488594968164,0.017645278737662674,0.004694935687864747,-0.037664205258037625,-0.07421139979479888,-0.021781709064889233,1.2582951242253118,-4.08457659514981,-5.0,0.0,0.0,0.0,0.0,0.0,0.0,0.0,-0.04833984375,0.0,0.0,0.04833984375,0.17724609375,0.064453125,0.0,0.01611328125,0.0,0.0,0.0,0.0,0.0,0.0,0.0,0.0,-0.017713334411382675,-0.005293583497405052,-0.0012676325859501958,0.010169335640966892,0.051947981119155884,0.015247195959091187,0.0,0.0
1765457105,10253351,0.059044488594968164,0.017645278737662674,0.004694935687864747,-0.037664205258037625,-0.07421139979479888,-0.021781709064889233,1.2582951242253118,-4.08457659514981,0.0,0.0,0.0,0.0,0.0,0.0,0.0,0.0,-0.04833984375,0.01611328125,0.0,0.064453125,0.17724609375,0.064453125,0.0322265625,0.0,0.0,0.0,0.0,0.0,0.0,0.0,0.0,0.0,-0.01771334744989872,-0.005293583497405052,-0.0012676325859501958,0.010169335640966892,0.051947981119155884,0.015247195959091187,0.0,0.0
1765457105,32441977,0.059044488594968164,0.017645278737662674,0.004694935687864747,-0.037664205258037625,-0.07421139979479888,-0.021781709064889233,1.2582951242253118,-4.08457659514981,0.0,0.0,0.0,0.0,0.0,0.0,0.0,0.0,-0.0322265625,0.0,0.0,0.04833984375,0.1611328125,0.064453125,0.01611328125,0.0,0.0,0.0,0.0,0.0,0.0,0.0,0.0,0.0,-0.01771334744989872,-0.005293583497405052,-0.0012676325859501958,0.010169335640966892,0.051947981119155884,0.015247195959091187,0.0,0.0
1765457105,55098664,0.059044488594968164,0.017645278737662674,0.004694935687864747,-0.037664205258037625,-0.07417649320975901,-0.021781709064889233,1.2582951242253118,-4.08457659514981,0.0,0.0,0.0,0.0,0.0,0.0,0.0,0.0,-0.04833984375,0.0,0.0,0.064453125,0.17724609375,0.064453125,0.0322265625,-0.01611328125,0.0,0.0,0.0,0.0,0.0,0.0,0.0,0.0,-0.01771334744989872,-0.005293583497405052,-0.0012676325859501958,0.010169335640966892,0.051947981119155884,0.015247195959091187,0.0,0.0
1765457105,79722703,0.059044488594968164,0.017645278737662674,0.004694935687864747,-0.037664205258037625,-0.07417649320975901,-0.021781709064889233,1.2582951242253118,-4.08457659514981,0.0,0.0,0.0,0.0,0.0,0.0,0.0,0.0,-0.04833984375,0.0,0.0,0.064453125,0.17724609375,0.064453125,0.01611328125,0.01611328125,0.0,0.0,0.0,0.0,0.0,0.0,0.0,0.0,-0.01771334744989872,-0.005293583497405052,-0.0012676325859501958,0.010169335640966892,0.05192354694008827,0.015247195959091187,0.0,0.0
1765457105,100004396,0.059044488594968164,0.017645278737662674,0.004694935687864747,-0.037664205258037625,-0.07417649320975901,-0.021781709064889233,1.2582951242253118,-4.08457659514981,0.0,0.0,0.0,0.0,0.0,0.0,0.0,0.0,-0.0322265625,0.01611328125,0.0,0.064453125,0.17724609375,0.08056640625,0.01611328125,0.0,0.0,0.0,0.0,0.0,0.0,0.0,0.0,0.0,-0.01771334744989872,-0.005293583497405052,-0.0012676325859501958,0.010169335640966892,0.05192354694008827,0.015247195959091187,0.0,0.0
1765457105,121637340,0.059044488594968164,0.017645278737662674,0.004694935687864747,-0.037664205258037625,-0.07417649320975901,-0.021781709064889233,1.2582951242253118,-4.08457659514981,0.0,0.0,0.0,0.0,0.0,0.0,0.0,0.0,-0.08056640625,0.0,0.0,0.04833984375,0.2255859375,0.08056640625,0.0322265625,-0.01611328125,0.0,0.0,0.0,0.0,0.0,0.0,0.0,0.0,-0.01771334744989872,-0.005293583497405052,-0.0012676325859501958,0.010169335640966892,0.05192354694008827,0.015247195959091187,0.0,0.0
1765457105,145334986,0.059044488594968164,0.017645278737662674,0.004694935687864747,-0.037664205258037625,-0.07417649320975901,-0.021781709064889233,1.2582951242253118,-4.08457659514981,0.0,0.0,0.0,0.0,0.0,0.0,0.0,0.0,-0.14501953125,0.0,0.0,0.08056640625,0.17724609375,0.08056640625,0.01611328125,0.01611328125,0.0,0.0,0.0,0.0,0.0,0.0,0.0,0.0,-0.01771334744989872,-0.005293583497405052,-0.0012676325859501958,0.010169335640966892,0.05192354694008827,0.015247195959091187,0.0,0.0
1765457105,168779209,0.059044488594968164,0.017645278737662674,0.004694935687864747,-0.037664205258037625,-0.07417649320975901,-0.021781709064889233,1.2582951242253118,-4.08457659514981,0.0,0.0,0.0,0.0,0.0,0.0,0.0,0.0,-0.08056640625,-0.01611328125,0.0,0.08056640625,0.17724609375,0.08056640625,0.0,0.0,0.0,0.0,0.0,0.0,0.0,0.0,0.0,0.0,-0.01771334744989872,-0.005293583497405052,-0.0012676325859501958,0.010169335640966892,0.05192354694008827,0.015247195959091187,0.0,0.0
1765457105,190865877,0.059044488594968164,0.017645278737662674,0.004694935687864747,-0.037664205258037625,-0.07417649320975901,-0.021781709064889233,1.2582951242253118,-4.08457659514981,0.0,0.0,0.0,0.0,0.0,0.0,0.0,0.0,-0.0322265625,0.0,0.0,0.08056640625,0.1611328125,0.064453125,0.01611328125,0.0,0.0,0.0,0.0,0.0,0.0,0.0,0.0,0.0,-0.01771334744989872,-0.005293583497405052,-0.0012676325859501958,0.010169335640966892,0.05192354694008827,0.015247195959091187,0.0,0.0
1765457105,213787412,0.059044488594968164,0.017645278737662674,0.004694935687864747,-0.037664205258037625,-0.07417649320975901,-0.021781709064889233,1.2582951242253118,-4.08457659514981,0.0,0.0,0.0,0.0,0.0,0.0,0.0,0.0,-0.064453125,0.0,0.0,0.064453125,0.17724609375,0.064453125,0.0,0.01611328125,0.0,0.0,0.0,0.0,0.0,0.0,0.0,0.0,-0.01771334744989872,-0.005293583497405052,-0.0012676325859501958,0.010169335640966892,0.05192354694008827,0.015247195959091187,0.0,0.0
1765457105,236115246,0.059044488594968164,0.017645278737662674,0.004694935687864747,-0.037664205258037625,-0.07417649320975901,-0.021781709064889233,1.2582951242253118,-4.08457659514981,0.0,0.0,0.0,0.0,0.0,0.0,0.0,0.0,-0.04833984375,0.01611328125,0.0,0.08056640625,0.17724609375,0.08056640625,0.0322265625,0.0,0.0,0.0,0.0,0.0,0.0,0.0,0.0,0.0,-0.01771334744989872,-0.005293583497405052,-0.0012676325859501958,0.010169335640966892,0.05192354694008827,0.015247195959091187,0.0,0.0
1765457105,265423733,0.059044488594968164,0.017645278737662674,0.004694935687864747,-0.037664205258037625,-0.07417649320975901,-0.021781709064889233,1.2582951242253118,-4.08457659514981,0.0,0.0,0.0,0.0,0.0,0.0,0.0,0.0,-0.04833984375,-0.01611328125,0.0,0.0966796875,0.2255859375,0.064453125,0.0322265625,-0.01611328125,0.0,0.0,0.0,0.0,0.0,0.0,0.0,0.0,-0.01771334744989872,-0.005293583497405052,-0.0012676325859501958,0.010169335640966892,0.05192354694008827,0.015247195959091187,0.0,0.0
1765457105,289431862,0.059044488594968164,0.017645278737662674,0.004694935687864747,-0.037664205258037625,-0.07417649320975901,-0.021781709064889233,1.2582951242253118,-4.08457659514981,0.0,0.0,0.0,0.0,0.0,0.0,0.0,0.0,-0.12890625,0.01611328125,0.0,0.04833984375,0.17724609375,0.08056640625,0.01611328125,0.0,0.0,0.0,0.0,0.0,0.0,0.0,0.0,0.0,-0.01771334744989872,-0.005293583497405052,-0.0012676325859501958,0.010169335640966892,0.05192354694008827,0.015247195959091187,0.0,0.0
1765457105,311311989,0.059044488594968164,0.017645278737662674,0.004694935687864747,-0.037664205258037625,-0.07417649320975901,-0.021781709064889233,1.2582951242253118,-4.08457659514981,0.0,0.0,0.0,0.0,0.0,0.0,0.0,0.0,-0.0322265625,-0.0966796875,0.0,0.08056640625,0.17724609375,0.08056640625,0.0322265625,0.0,0.0,0.0,0.0,0.0,0.0,0.0,0.0,0.0,-0.01771334744989872,-0.005293583497405052,-0.0012676325859501958,0.010169335640966892,0.05192354694008827,0.015247195959091187,0.0,0.0
1765457105,334957537,0.059044488594968164,0.017645278737662674,0.004694935687864747,-0.037664205258037625,-0.07417649320975901,-0.021781709064889233,1.2582951242253118,-4.08457659514981,0.0,0.0,0.0,0.0,0.0,0.0,0.0,0.0,-0.12890625,0.0,0.0,0.0322265625,0.17724609375,0.08056640625,0.0,0.0,0.0,0.0,0.0,0.0,0.0,0.0,0.0,0.0,-0.01771334744989872,-0.005293583497405052,-0.0012676325859501958,0.010169335640966892,0.05192354694008827,0.015247195959091187,0.0,0.0
1765457105,360075942,0.059044488594968164,0.017645278737662674,0.004694935687864747,-0.037664205258037625,-0.07417649320975901,-0.021781709064889233,1.2582951242253118,-4.08457659514981,0.0,0.0,0.0,0.0,0.0,0.0,0.0,0.0,-0.12890625,0.01611328125,0.0,0.064453125,0.17724609375,0.064453125,0.01611328125,0.0,0.0,0.0,0.0,0.0,0.0,0.0,0.0,0.0,-0.01771334744989872,-0.005293583497405052,-0.0012676325859501958,0.010169335640966892,0.05192354694008827,0.015247195959091187,0.0,0.0
1765457105,382233591,0.059044488594968164,0.017645278737662674,0.004694935687864747,-0.037664205258037625,-0.07417649320975901,-0.021781709064889233,1.2582951242253118,-4.08457659514981,0.0,0.0,0.0,0.0,0.0,0.0,0.0,0.0,-0.12890625,0.01611328125,0.0,0.064453125,0.1611328125,0.064453125,0.04833984375,0.0,0.0,0.0,0.0,0.0,0.0,0.0,0.0,0.0,-0.01771334744989872,-0.005293583497405052,-0.0012676325859501958,0.010169335640966892,0.05192354694008827,0.015247195959091187,0.0,0.0
1765457105,404658519,0.059044488594968164,0.017645278737662674,0.004694935687864747,-0.037664205258037625,-0.07417649320975901,-0.021781709064889233,1.2582951242253118,-4.08457659514981,0.0,0.0,0.0,0.0,0.0,0.0,0.0,0.0,-0.12890625,-0.01611328125,0.0,0.04833984375,0.17724609375,0.064453125,0.0322265625,-0.01611328125,0.0,0.0,0.0,0.0,0.0,0.0,0.0,0.0,-0.01771334744989872,-0.005293583497405052,-0.0012676325859501958,0.010169335640966892,0.05192354694008827,0.015247195959091187,0.0,0.0
1765457105,428756382,0.059044488594968164,0.017645278737662674,0.004694935687864747,-0.037664205258037625,-0.07417649320975901,-0.021781709064889233,1.2582951242253118,-4.08457659514981,0.0,0.0,0.0,0.0,0.0,0.0,0.0,0.0,-0.12890625,-0.08056640625,0.0,0.08056640625,0.17724609375,0.08056640625,0.0322265625,-0.01611328125,0.0,0.0,0.0,0.0,0.0,0.0,0.0,0.0,-0.01771334744989872,-0.005293583497405052,-0.0012676325859501958,0.010169335640966892,0.05192354694008827,0.015247195959091187,0.0,0.0
1765457105,450462674,0.059044488594968164,0.017645278737662674,0.004694935687864747,-0.037664205258037625,-0.07417649320975901,-0.021781709064889233,1.2582951242253118,-4.08457659514981,0.0,0.0,0.0,0.0,0.0,0.0,0.0,0.0,-0.08056640625,0.01611328125,0.0,0.064453125,0.17724609375,0.064453125,0.01611328125,0.0,0.0,0.0,0.0,0.0,0.0,0.0,0.0,0.0,-0.01771334744989872,-0.005293583497405052,-0.0012676325859501958,0.010169335640966892,0.05192354694008827,0.015247195959091187,0.0,0.0
1765457105,472532317,0.059044488594968164,0.017645278737662674,0.004694935687864747,-0.037664205258037625,-0.07417649320975901,-0.021781709064889233,1.2582951242253118,-4.08457659514981,0.0,0.0,0.0,0.0,0.0,0.0,0.0,0.0,-0.04833984375,0.0,0.0,0.04833984375,0.17724609375,0.08056640625,0.01611328125,0.0,0.0,0.0,0.0,0.0,0.0,0.0,0.0,0.0,-0.01771334744989872,-0.005293583497405052,-0.0012676325859501958,0.010169335640966892,0.05192354694008827,0.015247195959091187,0.0,0.0
1765457105,495579619,0.059044488594968164,0.017645278737662674,0.004694935687864747,-0.037664205258037625,-0.07417649320975901,-0.021781709064889233,1.2582951242253118,-4.08457659514981,0.0,0.0,0.0,0.0,0.0,0.0,0.0,0.0,-0.0322265625,0.0,0.0,-0.0966796875,0.17724609375,0.064453125,0.01611328125,0.0,0.0,0.0,0.0,0.0,0.0,0.0,0.0,0.0,-0.01771334744989872,-0.005293583497405052,-0.0012676325859501958,0.010169335640966892,0.05192354694008827,0.015247195959091187,0.0,0.0
1765457105,519391321,0.059044488594968164,0.017645278737662674,0.004694935687864747,-0.037664205258037625,-0.07414158662471912,-0.021781709064889233,1.2582951242253118,-4.08457659514981,0.0,0.0,0.0,0.0,0.0,0.0,0.0,0.0,-0.12890625,-0.01611328125,0.0,0.04833984375,0.17724609375,0.08056640625,0.0322265625,0.0,0.0,0.0,0.0,0.0,0.0,0.0,0.0,0.0,-0.01771334744989872,-0.005293583497405052,-0.0012676325859501958,0.010169335640966892,0.05192354694008827,0.015247195959091187,0.0,0.0
1765457105,544358997,0.059044488594968164,0.017645278737662674,0.004694935687864747,-0.037664205258037625,-0.07414158662471912,-0.021781709064889233,1.2582951242253118,-4.08457659514981,0.0,0.0,0.0,0.0,0.0,0.0,0.0,0.0,-0.08056640625,0.01611328125,0.0,0.04833984375,0.193359375,0.064453125,0.01611328125,0.0,0.0,0.0,0.0,0.0,0.0,0.0,0.0,0.0,-0.01771334744989872,-0.005293583497405052,-0.0012676325859501958,0.010169335640966892,0.05189910903573036,0.015247195959091187,0.0,0.0
1765457105,566886236,0.059044488594968164,0.017645278737662674,0.004694935687864747,-0.037664205258037625,-0.07414158662471912,-0.021781709064889233,1.2582951242253118,-4.08457659514981,0.0,0.0,0.0,0.0,0.0,0.0,0.0,0.0,-0.12890625,-0.04833984375,0.0,0.04833984375,0.17724609375,0.08056640625,0.0322265625,0.0,0.0,0.0,0.0,0.0,0.0,0.0,0.0,0.0,-0.01771334744989872,-0.005293583497405052,-0.0012676325859501958,0.010169335640966892,0.05189910903573036,0.015247195959091187,0.0,0.0
1765457105,598061238,0.059044488594968164,0.017645278737662674,0.004694935687864747,-0.037664205258037625,-0.07414158662471912,-0.021781709064889233,1.2582951242253118,-4.08457659514981,0.0,0.0,0.0,0.0,0.0,0.0,0.0,0.0,-0.12890625,0.0,0.01611328125,0.04833984375,0.17724609375,0.064453125,0.01611328125,0.0,0.0,0.0,0.0,0.0,0.0,0.0,0.0,0.0,-0.01771334744989872,-0.005293583497405052,-0.0012676325859501958,0.010169335640966892,0.05189910903573036,0.015247195959091187,0.0,0.0
1765457105,626062540,0.059044488594968164,0.017645278737662674,0.004694935687864747,-0.037664205258037625,-0.07414158662471912,-0.021781709064889233,1.2582951242253118,-4.08457659514981,0.0,0.0,0.0,0.0,0.0,0.0,0.0,0.0,-0.0322265625,0.0,0.0,0.08056640625,0.17724609375,0.08056640625,0.01611328125,0.0,0.0,0.0,0.0,0.0,0.0,0.0,0.0,0.0,-0.01771334744989872,-0.005293583497405052,-0.0012676325859501958,0.010169335640966892,0.05189910903573036,0.015247195959091187,0.0,0.0
1765457105,654765710,0.059044488594968164,0.017645278737662674,0.004694935687864747,-0.037664205258037625,-0.07414158662471912,-0.021781709064889233,1.2582951242253118,-4.08457659514981,0.0,0.0,0.0,0.0,0.0,0.0,0.0,0.0,-0.04833984375,0.0,0.0,0.04833984375,0.193359375,0.08056640625,0.01611328125,-0.01611328125,0.0,0.0,0.0,0.0,0.0,0.0,0.0,0.0,-0.01771334744989872,-0.005293583497405052,-0.0012676325859501958,0.010169335640966892,0.05189910903573036,0.015247195959091187,0.0,0.0
1765457105,681987093,0.059044488594968164,0.017645278737662674,0.004694935687864747,-0.037664205258037625,-0.07414158662471912,-0.021781709064889233,1.2582951242253118,-4.08457659514981,0.0,0.0,0.0,0.0,0.0,0.0,0.0,0.0,-0.1611328125,0.0,0.0,0.04833984375,0.193359375,0.064453125,0.0322265625,0.01611328125,0.0,0.0,0.0,0.0,0.0,0.0,0.0,0.0,-0.01771334744989872,-0.005293583497405052,-0.0012676325859501958,0.010169335640966892,0.05189910903573036,0.015247195959091187,0.0,0.0
1765457105,705920722,0.059044488594968164,0.017645278737662674,0.004694935687864747,-0.037664205258037625,-0.07414158662471912,-0.021781709064889233,1.2582951242253118,-4.08457659514981,0.0,0.0,0.0,0.0,0.0,0.0,0.0,0.0,-0.01611328125,0.01611328125,0.0,0.064453125,0.17724609375,0.08056640625,0.0322265625,0.01611328125,0.0,0.0,0.0,0.0,0.0,0.0,0.0,0.0,-0.01771334744989872,-0.005293583497405052,-0.0012676325859501958,0.010169335640966892,0.05189910903573036,0.015247195959091187,0.0,0.0
1765457105,735653203,0.059044488594968164,0.017645278737662674,0.004694935687864747,-0.037664205258037625,-0.07414158662471912,-0.021781709064889233,1.2582951242253118,-4.08457659514981,0.0,0.0,0.0,0.0,0.0,0.0,0.0,0.0,-0.1611328125,0.01611328125,-0.01611328125,0.04833984375,0.17724609375,0.08056640625,0.01611328125,0.0,0.0,0.0,0.0,0.0,0.0,0.0,0.0,0.0,-0.01771334744989872,-0.005293583497405052,-0.0012676325859501958,0.010169335640966892,0.05189910903573036,0.015247195959091187,0.0,0.0
1765457105,761306233,0.059044488594968164,0.017645278737662674,0.004694935687864747,-0.037664205258037625,-0.07414158662471912,-0.021781709064889233,1.2582951242253118,-4.08457659514981,0.0,0.0,0.0,0.0,0.0,0.0,0.0,0.0,-0.0322265625,0.0,-0.01611328125,0.064453125,0.17724609375,0.0322265625,0.01611328125,0.0,0.0,0.0,0.0,0.0,0.0,0.0,0.0,0.0,-0.01771334744989872,-0.005293583497405052,-0.0012676325859501958,0.010169335640966892,0.05189910903573036,0.015247195959091187,0.0,0.0
1765457105,783054832,0.059044488594968164,0.017645278737662674,0.004694935687864747,-0.037664205258037625,-0.07414158662471912,-0.021781709064889233,1.2582951242253118,-4.08457659514981,0.0,0.0,0.0,0.0,0.0,0.0,0.0,0.0,-0.08056640625,0.0,0.0,0.064453125,0.17724609375,0.064453125,0.0322265625,0.0,0.0,0.0,0.0,0.0,0.0,0.0,0.0,0.0,-0.01771334744989872,-0.005293583497405052,-0.0012676325859501958,0.010169335640966892,0.05189910903573036,0.015247195959091187,0.0,0.0
1765457105,804396558,0.059044488594968164,0.017645278737662674,0.004694935687864747,-0.037664205258037625,-0.07414158662471912,-0.021781709064889233,1.2582951242253118,-4.08457659514981,0.0,0.0,0.0,0.0,0.0,0.0,0.0,0.0,-0.12890625,0.0,0.0,0.064453125,0.17724609375,0.064453125,0.0322265625,0.0,0.0,0.0,0.0,0.0,0.0,0.0,0.0,0.0,-0.01771334744989872,-0.005293583497405052,-0.0012676325859501958,0.010169335640966892,0.05189910903573036,0.015247195959091187,0.0,0.0
1765457105,825825713,0.059044488594968164,0.017645278737662674,0.004694935687864747,-0.037664205258037625,-0.07414158662471912,-0.021781709064889233,1.2582951242253118,-4.08457659514981,0.0,0.0,0.0,0.0,0.0,0.0,0.0,0.0,-0.12890625,-0.08056640625,0.0,0.064453125,0.193359375,0.064453125,0.0322265625,0.0,0.0,0.0,0.0,0.0,0.0,0.0,0.0,0.0,-0.01771334744989872,-0.005293583497405052,-0.0012676325859501958,0.010169335640966892,0.05189910903573036,0.015247195959091187,0.0,0.0
1765457105,849220845,0.059044488594968164,0.017645278737662674,0.004694935687864747,-0.037664205258037625,-0.07414158662471912,-0.021781709064889233,1.2582951242253118,-4.08457659514981,0.0,0.0,0.0,0.0,0.0,0.0,0.0,0.0,-0.0322265625,-0.01611328125,0.0,0.08056640625,0.193359375,0.08056640625,0.0322265625,0.0,0.0,0.0,0.0,0.0,0.0,0.0,0.0,0.0,-0.01771334744989872,-0.005293583497405052,-0.0012676325859501958,0.010169335640966892,0.05189910903573036,0.015247195959091187,0.0,0.0
1765457105,869653907,0.059044488594968164,0.017645278737662674,0.004694935687864747,-0.037664205258037625,-0.07414158662471912,-0.021781709064889233,1.2582951242253118,-4.08457659514981,0.0,0.0,0.0,0.0,0.0,0.0,0.0,0.0,-0.0322265625,0.0,0.0,0.04833984375,0.193359375,0.064453125,0.0322265625,0.0,0.0,0.0,0.0,0.0,0.0,0.0,0.0,0.0,-0.01771334744989872,-0.005293583497405052,-0.0012676325859501958,0.010169335640966892,0.05189910903573036,0.015247195959091187,0.0,0.0
1765457105,893683030,0.059044488594968164,0.017645278737662674,0.004694935687864747,-0.037664205258037625,-0.07414158662471912,-0.021781709064889233,1.2582951242253118,-4.08457659514981,0.0,0.0,0.0,0.0,0.0,0.0,0.0,0.0,-0.04833984375,0.0,0.0,0.08056640625,0.2255859375,0.08056640625,0.0,0.0,0.0,0.0,0.0,0.0,0.0,0.0,0.0,0.0,-0.01771334744989872,-0.005293583497405052,-0.0012676325859501958,0.010169335640966892,0.05189910903573036,0.015247195959091187,0.0,0.0
1765457105,918786139,0.059044488594968164,0.017645278737662674,0.004694935687864747,-0.037664205258037625,-0.07414158662471912,-0.021781709064889233,1.2582951242253118,-4.08457659514981,0.0,0.0,0.0,0.0,0.0,0.0,0.0,0.0,-0.0322265625,0.0322265625,0.0,0.04833984375,0.17724609375,0.064453125,0.04833984375,0.0,0.0,0.0,0.0,0.0,0.0,0.0,0.0,0.0,-0.01771334744989872,-0.005293583497405052,-0.0012676325859501958,0.010169335640966892,0.05189910903573036,0.015247195959091187,0.0,0.0
1765457105,942197272,0.059044488594968164,0.017645278737662674,0.004694935687864747,-0.037664205258037625,-0.07414158662471912,-0.021781709064889233,1.2582951242253118,-4.08457659514981,0.0,0.0,0.0,0.0,0.0,0.0,0.0,0.0,-0.12890625,-0.01611328125,0.0,0.064453125,0.14501953125,0.08056640625,0.01611328125,0.0,0.0,0.0,0.0,0.0,0.0,0.0,0.0,0.0,-0.01771334744989872,-0.005293583497405052,-0.0012676325859501958,0.010169335640966892,0.05189910903573036,0.015247195959091187,0.0,0.0
1765457105,966040111,0.059044488594968164,0.017645278737662674,0.004694935687864747,-0.037664205258037625,-0.07414158662471912,-0.021781709064889233,1.2582951242253118,-4.08457659514981,0.0,0.0,0.0,0.0,0.0,0.0,0.0,0.0,-0.04833984375,0.01611328125,0.0,0.01611328125,0.17724609375,0.08056640625,0.01611328125,-0.01611328125,0.0,0.0,0.0,0.0,0.0,0.0,0.0,0.0,-0.01771334744989872,-0.005293583497405052,-0.0012676325859501958,0.010169335640966892,0.05189910903573036,0.015247195959091187,0.0,0.0
1765457105,988129627,0.059044488594968164,0.017645278737662674,0.004694935687864747,-0.037664205258037625,-0.07414158662471912,-0.021781709064889233,1.2582951242253118,-4.08457659514981,0.0,0.0,0.0,0.0,0.0,0.0,0.0,0.0,-0.04833984375,0.0,0.0,0.04833984375,0.193359375,0.08056640625,-0.01611328125,0.0,0.0,0.0,0.0,0.0,0.0,0.0,0.0,0.0,-0.01771334744989872,-0.005293583497405052,-0.0012676325859501958,0.010169335640966892,0.05189910903573036,0.015247195959091187,0.0,0.0
1765457106,8224620,0.059044488594968164,0.017645278737662674,0.004694935687864747,-0.037664205258037625,-0.07414158662471912,-0.021781709064889233,1.2582951242253118,-4.08457659514981,0.0,0.0,0.0,0.0,0.0,0.0,0.0,0.0,-0.04833984375,0.01611328125,-0.01611328125,0.064453125,0.17724609375,0.064453125,0.064453125,0.0,0.0,0.0,0.0,0.0,0.0,0.0,0.0,0.0,-0.01771334744989872,-0.005293583497405052,-0.0012676325859501958,0.010169335640966892,0.05189910903573036,0.015247195959091187,0.0,0.0
1765457106,29026343,0.059044488594968164,0.017645278737662674,0.004694935687864747,-0.037664205258037625,-0.07414158662471912,-0.021781709064889233,1.2582951242253118,-4.08457659514981,0.0,0.0,0.0,0.0,0.0,0.0,0.0,0.0,-0.12890625,0.0,0.0,0.04833984375,0.17724609375,0.08056640625,0.01611328125,0.0,0.0,0.0,0.0,0.0,0.0,0.0,0.0,0.0,-0.01771334744989872,-0.005293583497405052,-0.0012676325859501958,0.010169335640966892,0.05189910903573036,0.015247195959091187,0.0,0.0
1765457106,49961707,0.059044488594968164,0.017645278737662674,0.004694935687864747,-0.037664205258037625,-0.07414158662471912,-0.021781709064889233,1.2582951242253118,-4.08457659514981,0.0,0.0,0.0,0.0,0.0,0.0,0.0,0.0,-0.04833984375,-0.01611328125,0.0,0.064453125,0.17724609375,0.064453125,0.0,0.0,0.0,0.0,0.0,0.0,0.0,0.0,0.0,0.0,-0.01771334744989872,-0.005293583497405052,-0.0012676325859501958,0.010169335640966892,0.05189910903573036,0.015247195959091187,0.0,0.0
1765457106,71473105,0.059044488594968164,0.017645278737662674,0.004694935687864747,-0.037664205258037625,-0.07414158662471912,-0.021781709064889233,1.2582951242253118,-4.08457659514981,0.0,0.0,0.0,0.0,0.0,0.0,0.0,0.0,-0.04833984375,0.0,0.0,0.064453125,0.17724609375,0.08056640625,0.0322265625,0.0,0.0,0.0,0.0,0.0,0.0,0.0,0.0,0.0,-0.01771334744989872,-0.005293583497405052,-0.0012676325859501958,0.010169335640966892,0.05189910903573036,0.015247195959091187,0.0,0.0
1765457106,95920748,0.059044488594968164,0.017645278737662674,0.004694935687864747,-0.037664205258037625,-0.07414158662471912,-0.021781709064889233,1.2582951242253118,-4.08457659514981,0.0,0.0,0.0,0.0,0.0,0.0,0.0,0.0,-0.04833984375,0.0,0.0,0.04833984375,0.20947265625,0.08056640625,0.0,0.0,0.0,0.0,0.0,0.0,0.0,0.0,0.0,0.0,-0.01771334744989872,-0.005293583497405052,-0.0012676325859501958,0.010169335640966892,0.05189910903573036,0.015247195959091187,0.0,0.0
1765457106,116574142,0.059044488594968164,0.017645278737662674,0.004694935687864747,-0.037664205258037625,-0.07414158662471912,-0.021781709064889233,1.2582951242253118,-4.08457659514981,0.0,0.0,0.0,0.0,0.0,0.0,0.0,0.0,-0.01611328125,0.0,0.0,0.064453125,0.17724609375,0.08056640625,0.0322265625,0.0,0.0,0.0,0.0,0.0,0.0,0.0,0.0,0.0,-0.01771334744989872,-0.005293583497405052,-0.0012676325859501958,0.010169335640966892,0.05189910903573036,0.015247195959091187,0.0,0.0
1765457106,139284270,0.059044488594968164,0.017645278737662674,0.004694935687864747,-0.037664205258037625,-0.07414158662471912,-0.021781709064889233,1.2582951242253118,-4.08457659514981,0.0,0.0,0.0,0.0,0.0,0.0,0.0,0.0,-0.04833984375,0.01611328125,-0.01611328125,-0.0322265625,0.17724609375,0.064453125,0.0322265625,0.0,0.0,0.0,0.0,0.0,0.0,0.0,0.0,0.0,-0.01771334744989872,-0.005293583497405052,-0.0012676325859501958,0.010169335640966892,0.05189910903573036,0.015247195959091187,0.0,0.0
1765457106,161183117,0.059044488594968164,0.017645278737662674,0.004694935687864747,-0.037664205258037625,-0.07414158662471912,-0.021781709064889233,1.2582951242253118,-4.08457659514981,0.0,0.0,0.0,0.0,0.0,0.0,0.0,0.0,-0.04833984375,0.0,-0.01611328125,0.064453125,0.17724609375,0.0966796875,0.01611328125,0.0,0.0,0.0,0.0,0.0,0.0,0.0,0.0,0.0,-0.01771334744989872,-0.005293583497405052,-0.0012676325859501958,0.010169335640966892,0.05189910903573036,0.015247195959091187,0.0,0.0
1765457106,183649326,0.059044488594968164,0.017645278737662674,0.004694935687864747,-0.037664205258037625,-0.07414158662471912,-0.021781709064889233,1.2582951242253118,-4.08457659514981,0.0,0.0,0.0,0.0,0.0,0.0,0.0,0.0,-0.04833984375,0.0,-0.01611328125,0.04833984375,0.1611328125,0.0966796875,0.01611328125,0.0,0.0,0.0,0.0,0.0,0.0,0.0,0.0,0.0,-0.01771334744989872,-0.005293583497405052,-0.0012676325859501958,0.010169335640966892,0.05189910903573036,0.015247195959091187,0.0,0.0
1765457106,212885902,0.059044488594968164,0.017645278737662674,0.004694935687864747,-0.037664205258037625,-0.07414158662471912,-0.021781709064889233,1.2582951242253118,-4.08457659514981,0.0,0.0,0.0,0.0,0.0,0.0,0.0,0.0,-0.064453125,0.0,0.0,0.064453125,0.1611328125,0.064453125,0.0322265625,-0.01611328125,0.0,0.0,0.0,0.0,0.0,0.0,0.0,0.0,-0.01771334744989872,-0.005293583497405052,-0.0012676325859501958,0.010169335640966892,0.05189910903573036,0.015247195959091187,0.0,0.0
1765457106,233818833,0.059044488594968164,0.017645278737662674,0.004694935687864747,-0.037664205258037625,-0.07414158662471912,-0.021781709064889233,1.2582951242253118,-4.08457659514981,0.0,0.0,0.0,0.0,0.0,0.0,0.0,0.0,-0.12890625,-0.01611328125,0.01611328125,0.0966796875,0.1611328125,0.08056640625,0.0322265625,0.0,0.0,0.0,0.0,0.0,0.0,0.0,0.0,0.0,-0.01771334744989872,-0.005293583497405052,-0.0012676325859501958,0.010169335640966892,0.05189910903573036,0.015247195959091187,0.0,0.0
1765457106,255461824,0.059044488594968164,0.017645278737662674,0.004694935687864747,-0.037664205258037625,-0.07414158662471912,-0.021781709064889233,1.2582951242253118,-4.08457659514981,0.0,0.0,0.0,0.0,0.0,0.0,0.0,0.0,-0.12890625,-0.01611328125,0.0,0.04833984375,0.193359375,0.064453125,0.01611328125,0.0,0.0,0.0,0.0,0.0,0.0,0.0,0.0,0.0,-0.01771334744989872,-0.005293583497405052,-0.0012676325859501958,0.010169335640966892,0.05189910903573036,0.015247195959091187,0.0,0.0
1765457106,276303006,0.059044488594968164,0.017645278737662674,0.004694935687864747,-0.037664205258037625,-0.07414158662471912,-0.021781709064889233,1.2582951242253118,-4.08457659514981,0.0,0.0,0.0,0.0,0.0,0.0,0.0,0.0,-0.04833984375,-0.01611328125,0.0,0.064453125,0.1611328125,0.08056640625,-0.0322265625,-0.01611328125,0.0,0.0,0.0,0.0,0.0,0.0,0.0,0.0,-0.01771334744989872,-0.005293583497405052,-0.0012676325859501958,0.010169335640966892,0.05189910903573036,0.015247195959091187,0.0,0.0
1765457106,297112057,0.059044488594968164,0.017645278737662674,0.004694935687864747,-0.037664205258037625,-0.07414158662471912,-0.021781709064889233,1.2582951242253118,-4.08457659514981,0.0,0.0,0.0,0.0,0.0,0.0,0.0,0.0,-0.064453125,0.01611328125,0.0,0.04833984375,0.17724609375,0.064453125,0.0322265625,0.01611328125,0.0,0.0,0.0,0.0,0.0,0.0,0.0,0.0,-0.01771334744989872,-0.005293583497405052,-0.0012676325859501958,0.010169335640966892,0.05189910903573036,0.015247195959091187,0.0,0.0
1765457106,321896584,0.059044488594968164,0.017645278737662674,0.004694935687864747,-0.037664205258037625,-0.07414158662471912,-0.021781709064889233,1.2582951242253118,-4.08457659514981,0.0,0.0,0.0,0.0,0.0,0.0,0.0,0.0,-0.064453125,0.01611328125,0.0,0.08056640625,0.1611328125,0.08056640625,0.0322265625,0.01611328125,0.0,0.0,0.0,0.0,0.0,0.0,0.0,0.0,-0.01771334744989872,-0.005293583497405052,-0.0012676325859501958,0.010169335640966892,0.05189910903573036,0.015247195959091187,0.0,0.0
1765457106,346764349,0.059044488594968164,0.017645278737662674,0.004694935687864747,-0.037664205258037625,-0.07414158662471912,-0.021781709064889233,1.2582951242253118,-4.08457659514981,0.0,0.0,0.0,0.0,0.0,0.0,0.0,0.0,-0.12890625,-0.01611328125,0.0,0.04833984375,0.1611328125,0.064453125,0.01611328125,0.0,0.0,0.0,0.0,0.0,0.0,0.0,0.0,0.0,-0.01771334744989872,-0.005293583497405052,-0.0012676325859501958,0.010169335640966892,0.05189910903573036,0.015247195959091187,0.0,0.0
1765457106,369183931,0.059044488594968164,0.017645278737662674,0.004694935687864747,-0.037664205258037625,-0.07414158662471912,-0.021781709064889233,1.2582951242253118,-4.08457659514981,0.0,0.0,0.0,0.0,0.0,0.0,0.0,0.0,-0.08056640625,0.0,0.0,0.04833984375,0.17724609375,0.064453125,0.01611328125,0.0,0.0,0.0,0.0,0.0,0.0,0.0,0.0,0.0,-0.01771334744989872,-0.005293583497405052,-0.0012676325859501958,0.010169335640966892,0.05189910903573036,0.015247195959091187,0.0,0.0
1765457106,391171903,0.059044488594968164,0.017645278737662674,0.004694935687864747,-0.037664205258037625,-0.07414158662471912,-0.021781709064889233,1.2582951242253118,-4.08457659514981,0.0,0.0,0.0,0.0,0.0,0.0,0.0,0.0,-0.12890625,-0.0322265625,0.0,0.064453125,0.193359375,0.064453125,0.01611328125,0.0,0.0,0.0,0.0,0.0,0.0,0.0,0.0,0.0,-0.01771334744989872,-0.005293583497405052,-0.0012676325859501958,0.010169335640966892,0.05189910903573036,0.015247195959091187,0.0,0.0
1765457106,415350153,0.059044488594968164,0.017645278737662674,0.004694935687864747,-0.037664205258037625,-0.07414158662471912,-0.021781709064889233,1.2582951242253118,-4.08457659514981,0.0,0.0,0.0,0.0,0.0,0.0,0.0,0.0,-0.08056640625,0.01611328125,0.0,0.064453125,0.17724609375,0.08056640625,0.01611328125,0.01611328125,0.0,0.0,0.0,0.0,0.0,0.0,0.0,0.0,-0.01771334744989872,-0.005293583497405052,-0.0012676325859501958,0.010169335640966892,0.05189910903573036,0.015247195959091187,0.0,0.0
1765457106,435569665,0.059044488594968164,0.017645278737662674,0.004694935687864747,-0.037664205258037625,-0.07414158662471912,-0.021781709064889233,1.2582951242253118,-4.08457659514981,0.0,0.0,0.0,0.0,0.0,0.0,0.0,0.0,-0.0322265625,0.01611328125,0.0,0.08056640625,0.17724609375,0.064453125,0.0,0.0,0.0,0.0,0.0,0.0,0.0,0.0,0.0,0.0,-0.01771334744989872,-0.005293583497405052,-0.0012676325859501958,0.010169335640966892,0.05189910903573036,0.015247195959091187,0.0,0.0
1765457106,457584102,0.059044488594968164,0.017645278737662674,0.004694935687864747,-0.037664205258037625,-0.07414158662471912,-0.021781709064889233,1.2582951242253118,-4.08457659514981,0.0,0.0,0.0,0.0,0.0,0.0,0.0,0.0,-0.04833984375,0.0,0.0,0.064453125,0.17724609375,0.08056640625,0.01611328125,0.01611328125,0.0,0.0,0.0,0.0,0.0,0.0,0.0,0.0,-0.01771334744989872,-0.005293583497405052,-0.0012676325859501958,0.010169335640966892,0.05189910903573036,0.015247195959091187,0.0,0.0
1765457106,480235411,0.059044488594968164,0.017645278737662674,0.004694935687864747,-0.037664205258037625,-0.07414158662471912,-0.021781709064889233,1.2582951242253118,-4.08457659514981,0.0,0.0,0.0,0.0,0.0,0.0,0.0,0.0,-0.0322265625,-0.01611328125,0.0,0.04833984375,0.193359375,0.08056640625,0.0322265625,0.0,0.0,0.0,0.0,0.0,0.0,0.0,0.0,0.0,-0.01771334744989872,-0.005293583497405052,-0.0012676325859501958,0.010169335640966892,0.05189910903573036,0.015247195959091187,0.0,0.0
1765457106,501150293,0.059044488594968164,0.017645278737662674,0.004694935687864747,-0.037664205258037625,-0.07414158662471912,-0.021781709064889233,1.2582951242253118,-4.08457659514981,0.0,0.0,0.0,0.0,0.0,0.0,0.0,0.0,-0.12890625,0.01611328125,0.0,0.01611328125,0.193359375,0.064453125,0.0322265625,0.0,0.0,0.0,0.0,0.0,0.0,0.0,0.0,0.0,-0.01771334744989872,-0.005293583497405052,-0.0012676325859501958,0.010169335640966892,0.05189910903573036,0.015247195959091187,0.0,0.0
1765457106,523399881,0.059044488594968164,0.017645278737662674,0.004694935687864747,-0.037664205258037625,-0.07414158662471912,-0.021781709064889233,1.2582951242253118,-4.08457659514981,0.0,0.0,0.0,0.0,0.0,0.0,0.0,0.0,-0.08056640625,0.0,-0.01611328125,0.04833984375,0.17724609375,0.08056640625,0.01611328125,0.0,0.0,0.0,0.0,0.0,0.0,0.0,0.0,0.0,-0.01771334744989872,-0.005293583497405052,-0.0012676325859501958,0.010169335640966892,0.05189910903573036,0.015247195959091187,0.0,0.0
1765457106,546345959,0.059044488594968164,0.017645278737662674,0.004694935687864747,-0.037664205258037625,-0.07414158662471912,-0.021781709064889233,1.2582951242253118,-4.08457659514981,0.0,0.0,0.0,0.0,0.0,0.0,0.0,0.0,-0.04833984375,0.01611328125,0.0,0.064453125,0.17724609375,0.064453125,0.0322265625,0.01611328125,0.0,0.0,0.0,0.0,0.0,0.0,0.0,0.0,-0.01771334744989872,-0.005293583497405052,-0.0012676325859501958,0.010169335640966892,0.05189910903573036,0.015247195959091187,0.0,0.0
1765457106,566859985,0.059044488594968164,0.017645278737662674,0.004694935687864747,-0.037664205258037625,-0.07414158662471912,-0.021781709064889233,1.2582951242253118,-4.08457659514981,0.0,0.0,0.0,0.0,0.0,0.0,0.0,0.0,-0.04833984375,-0.01611328125,-0.01611328125,0.01611328125,0.1611328125,0.08056640625,-0.01611328125,0.0,0.0,0.0,0.0,0.0,0.0,0.0,0.0,0.0,-0.01771334744989872,-0.005293583497405052,-0.0012676325859501958,0.010169335640966892,0.05189910903573036,0.015247195959091187,0.0,0.0
1765457106,587740945,0.059044488594968164,0.017645278737662674,0.004694935687864747,-0.037664205258037625,-0.07414158662471912,-0.021781709064889233,1.2582951242253118,-4.08457659514981,0.0,0.0,0.0,0.0,0.0,0.0,0.0,0.0,-0.04833984375,0.0,0.0,0.04833984375,0.17724609375,0.0966796875,0.0322265625,0.0,0.0,0.0,0.0,0.0,0.0,0.0,0.0,0.0,-0.01771334744989872,-0.005293583497405052,-0.0012676325859501958,0.010169335640966892,0.05189910903573036,0.015247195959091187,0.0,0.0
1765457106,609338813,0.059044488594968164,0.017645278737662674,0.004694935687864747,-0.037664205258037625,-0.07414158662471912,-0.021781709064889233,1.2582951242253118,-4.08457659514981,0.0,0.0,0.0,0.0,0.0,0.0,0.0,0.0,-0.04833984375,0.01611328125,0.0,0.064453125,0.1611328125,0.08056640625,0.01611328125,0.01611328125,0.0,0.0,0.0,0.0,0.0,0.0,0.0,0.0,-0.01771334744989872,-0.005293583497405052,-0.0012676325859501958,0.010169335640966892,0.05189910903573036,0.015247195959091187,0.0,0.0
1765457106,633457507,0.059044488594968164,0.017645278737662674,0.004694935687864747,-0.037664205258037625,-0.07414158662471912,-0.021781709064889233,1.2582951242253118,-4.08457659514981,0.0,0.0,0.0,0.0,0.0,0.0,0.0,0.0,-0.04833984375,0.01611328125,0.0,0.064453125,0.193359375,0.064453125,0.0322265625,0.0,0.0,0.0,0.0,0.0,0.0,0.0,0.0,0.0,-0.01771334744989872,-0.005293583497405052,-0.0012676325859501958,0.010169335640966892,0.05189910903573036,0.015247195959091187,0.0,0.0
1765457106,654802560,0.059044488594968164,0.017645278737662674,0.004694935687864747,-0.037664205258037625,-0.07414158662471912,-0.021781709064889233,1.2582951242253118,-4.08457659514981,0.0,0.0,0.0,0.0,0.0,0.0,0.0,0.0,-0.04833984375,-0.0322265625,0.0,0.04833984375,0.17724609375,0.08056640625,0.0322265625,0.0,0.0,0.0,0.0,0.0,0.0,0.0,0.0,0.0,-0.01771334744989872,-0.005293583497405052,-0.0012676325859501958,0.010169335640966892,0.05189910903573036,0.015247195959091187,0.0,0.0
1765457106,676317575,0.059044488594968164,0.017645278737662674,0.004694935687864747,-0.037664205258037625,-0.07414158662471912,-0.021781709064889233,1.2582951242253118,-4.08457659514981,0.0,0.0,0.0,0.0,0.0,0.0,0.0,0.0,-0.08056640625,-0.01611328125,0.0,0.064453125,0.17724609375,0.08056640625,0.0322265625,-0.01611328125,0.0,0.0,0.0,0.0,0.0,0.0,0.0,0.0,-0.01771334744989872,-0.005293583497405052,-0.0012676325859501958,0.010169335640966892,0.05189910903573036,0.015247195959091187,0.0,0.0
1765457106,701676185,0.059044488594968164,0.017645278737662674,0.004694935687864747,-0.037664205258037625,-0.07414158662471912,-0.021781709064889233,1.2582951242253118,-4.08457659514981,0.0,0.0,0.0,0.0,0.0,0.0,0.0,0.0,-0.01611328125,0.01611328125,0.0,0.08056640625,0.17724609375,0.064453125,0.0,0.0,0.0,0.0,0.0,0.0,0.0,0.0,0.0,0.0,-0.01771334744989872,-0.005293583497405052,-0.0012676325859501958,0.010169335640966892,0.05189910903573036,0.015247195959091187,0.0,0.0
1765457106,723164382,0.059044488594968164,0.017645278737662674,0.004694935687864747,-0.037664205258037625,-0.07414158662471912,-0.021781709064889233,1.2582951242253118,-4.08457659514981,0.0,0.0,0.0,0.0,0.0,0.0,0.0,0.0,-0.04833984375,0.0,0.0,0.04833984375,0.17724609375,0.08056640625,0.01611328125,-0.01611328125,0.0,0.0,0.0,0.0,0.0,0.0,0.0,0.0,-0.01771334744989872,-0.005293583497405052,-0.0012676325859501958,0.010169335640966892,0.05189910903573036,0.015247195959091187,0.0,0.0
1765457106,746419792,0.059044488594968164,0.017645278737662674,0.004694935687864747,-0.037664205258037625,-0.07414158662471912,-0.021781709064889233,1.2582951242253118,-4.08457659514981,0.0,0.0,0.0,0.0,0.0,0.0,0.0,0.0,-0.08056640625,0.0,0.0,0.04833984375,0.2255859375,0.064453125,0.0322265625,0.01611328125,0.0,0.0,0.0,0.0,0.0,0.0,0.0,0.0,-0.01771334744989872,-0.005293583497405052,-0.0012676325859501958,0.010169335640966892,0.05189910903573036,0.015247195959091187,0.0,0.0
1765457106,767230476,0.059044488594968164,0.017645278737662674,0.004694935687864747,-0.037664205258037625,-0.07414158662471912,-0.021781709064889233,1.2582951242253118,-4.08457659514981,0.0,0.0,0.0,0.0,0.0,0.0,0.0,0.0,-0.12890625,0.01611328125,0.0,0.04833984375,0.17724609375,0.0966796875,0.01611328125,0.01611328125,0.0,0.0,0.0,0.0,0.0,0.0,0.0,0.0,-0.01771334744989872,-0.005293583497405052,-0.0012676325859501958,0.010169335640966892,0.05189910903573036,0.015247195959091187,0.0,0.0
1765457106,787909023,0.059044488594968164,0.017645278737662674,0.004694935687864747,-0.037664205258037625,-0.07414158662471912,-0.021781709064889233,1.2582951242253118,-4.08457659514981,0.0,0.0,0.0,0.0,0.0,0.0,0.0,0.0,-0.08056640625,0.01611328125,0.0,0.04833984375,0.17724609375,0.064453125,0.01611328125,0.0,0.0,0.0,0.0,0.0,0.0,0.0,0.0,0.0,-0.01771334744989872,-0.005293583497405052,-0.0012676325859501958,0.010169335640966892,0.05189910903573036,0.015247195959091187,0.0,0.0
1765457106,810356895,0.059044488594968164,0.017645278737662674,0.004694935687864747,-0.037664205258037625,-0.07414158662471912,-0.021781709064889233,1.2582951242253118,-4.08457659514981,0.0,0.0,0.0,0.0,0.0,0.0,0.0,0.0,-0.04833984375,0.0,0.0,0.064453125,0.17724609375,0.08056640625,0.0,-0.01611328125,0.0,0.0,0.0,0.0,0.0,0.0,0.0,0.0,-0.01771334744989872,-0.005293583497405052,-0.0012676325859501958,0.010169335640966892,0.05189910903573036,0.015247195959091187,0.0,0.0
1765457106,831717949,0.059044488594968164,0.017645278737662674,0.004694935687864747,-0.037664205258037625,-0.07414158662471912,-0.021781709064889233,1.2582951242253118,-4.08457659514981,0.0,0.0,0.0,0.0,0.0,0.0,0.0,0.0,-0.1611328125,0.0,0.0,0.04833984375,0.1611328125,0.064453125,0.01611328125,-0.01611328125,0.0,0.0,0.0,0.0,0.0,0.0,0.0,0.0,-0.01771334744989872,-0.005293583497405052,-0.0012676325859501958,0.010169335640966892,0.05189910903573036,0.015247195959091187,0.0,0.0
1765457106,854514450,0.059044488594968164,0.017645278737662674,0.004694935687864747,-0.037664205258037625,-0.07414158662471912,-0.021781709064889233,1.2582951242253118,-4.08457659514981,0.0,0.0,0.0,0.0,0.0,0.0,0.0,0.0,-0.04833984375,0.0,0.0,0.064453125,0.17724609375,0.08056640625,0.0322265625,0.01611328125,0.0,0.0,0.0,0.0,0.0,0.0,0.0,0.0,-0.01771334744989872,-0.005293583497405052,-0.0012676325859501958,0.010169335640966892,0.05189910903573036,0.015247195959091187,0.0,0.0
1765457106,879251838,0.059044488594968164,0.017645278737662674,0.004694935687864747,-0.037664205258037625,-0.07414158662471912,-0.021781709064889233,1.2582951242253118,-4.08457659514981,0.0,0.0,0.0,0.0,0.0,0.0,0.0,0.0,-0.08056640625,0.0,0.01611328125,0.064453125,0.193359375,0.08056640625,0.0322265625,-0.01611328125,0.0,0.0,0.0,0.0,0.0,0.0,0.0,0.0,-0.01771334744989872,-0.005293583497405052,-0.0012676325859501958,0.010169335640966892,0.05189910903573036,0.015247195959091187,0.0,0.0
1765457106,907691214,0.059044488594968164,0.017645278737662674,0.004694935687864747,-0.037664205258037625,-0.07414158662471912,-0.021781709064889233,1.2582951242253118,-4.08457659514981,0.0,0.0,0.0,0.0,0.0,0.0,0.0,0.0,-0.12890625,0.01611328125,0.0,0.04833984375,0.17724609375,0.08056640625,0.0322265625,0.0,0.0,0.0,0.0,0.0,0.0,0.0,0.0,0.0,-0.01771334744989872,-0.005293583497405052,-0.0012676325859501958,0.010169335640966892,0.05189910903573036,0.015247195959091187,0.0,0.0
1765457106,930627436,0.059044488594968164,0.017645278737662674,0.004694935687864747,-0.037664205258037625,-0.07414158662471912,-0.021781709064889233,1.2582951242253118,-4.08457659514981,0.0,0.0,0.0,0.0,0.0,0.0,0.0,0.0,-0.08056640625,0.0,0.0,0.0966796875,0.17724609375,0.0322265625,0.0322265625,0.0,0.0,0.0,0.0,0.0,0.0,0.0,0.0,0.0,-0.01771334744989872,-0.005293583497405052,-0.0012676325859501958,0.010169335640966892,0.05189910903573036,0.015247195959091187,0.0,0.0
1765457106,953581291,0.059044488594968164,0.017645278737662674,0.004694935687864747,-0.037664205258037625,-0.07414158662471912,-0.021781709064889233,1.2582951242253118,-4.08457659514981,0.0,0.0,0.0,0.0,0.0,0.0,0.0,0.0,-0.0322265625,0.0,0.0,0.0322265625,0.17724609375,0.0966796875,0.01611328125,0.0,0.0,0.0,0.0,0.0,0.0,0.0,0.0,0.0,-0.01771334744989872,-0.005293583497405052,-0.0012676325859501958,0.010169335640966892,0.05189910903573036,0.015247195959091187,0.0,0.0
1765457106,978232114,0.059044488594968164,0.017645278737662674,0.004694935687864747,-0.037664205258037625,-0.07414158662471912,-0.021781709064889233,1.2582951242253118,-4.08457659514981,0.0,0.0,0.0,0.0,0.0,0.0,0.0,0.0,-0.0322265625,0.0,0.0,0.04833984375,0.17724609375,0.08056640625,0.01611328125,0.0,0.0,0.0,0.0,0.0,0.0,0.0,0.0,0.0,-0.01771334744989872,-0.005293583497405052,-0.0012676325859501958,0.010169335640966892,0.05189910903573036,0.015247195959091187,0.0,0.0
1765457107,5203591,0.059044488594968164,0.017645278737662674,0.004694935687864747,-0.037664205258037625,-0.07414158662471912,-0.021781709064889233,1.2582951242253118,-4.08457659514981,0.0,0.0,0.0,0.0,0.0,0.0,0.0,0.0,-0.1611328125,-0.08056640625,-0.01611328125,0.04833984375,0.17724609375,0.08056640625,0.0322265625,0.01611328125,0.0,0.0,0.0,0.0,0.0,0.0,0.0,0.0,-0.01771334744989872,-0.005293583497405052,-0.0012676325859501958,0.010169335640966892,0.05189910903573036,0.015247195959091187,0.0,0.0
1765457107,30002901,0.059044488594968164,0.017645278737662674,0.004694935687864747,-0.037664205258037625,-0.07414158662471912,-0.021781709064889233,1.2582951242253118,-4.08457659514981,0.0,0.0,0.0,0.0,0.0,0.0,0.0,0.0,-0.01611328125,0.0,0.0,0.0966796875,0.17724609375,0.0966796875,0.01611328125,0.0,0.0,0.0,0.0,0.0,0.0,0.0,0.0,0.0,-0.01771334744989872,-0.005293583497405052,-0.0012676325859501958,0.010169335640966892,0.05189910903573036,0.015247195959091187,0.0,0.0
1765457107,50585250,0.059044488594968164,0.017645278737662674,0.004694935687864747,-0.037664205258037625,-0.07414158662471912,-0.021781709064889233,1.2582951242253118,-4.08457659514981,0.0,0.0,0.0,0.0,0.0,0.0,0.0,0.0,-0.12890625,0.0,0.01611328125,-0.01611328125,0.1611328125,0.0966796875,0.0322265625,0.01611328125,0.0,0.0,0.0,0.0,0.0,0.0,0.0,0.0,-0.01771334744989872,-0.005293583497405052,-0.0012676325859501958,0.010169335640966892,0.05189910903573036,0.015247195959091187,0.0,0.0
1765457107,72396729,0.059044488594968164,0.017645278737662674,0.004694935687864747,-0.037664205258037625,-0.07414158662471912,-0.021781709064889233,1.2582951242253118,-4.08457659514981,0.0,0.0,0.0,0.0,0.0,0.0,0.0,0.0,-0.08056640625,0.0,0.0,0.04833984375,0.17724609375,0.08056640625,0.04833984375,0.01611328125,0.0,0.0,0.0,0.0,0.0,0.0,0.0,0.0,-0.01771334744989872,-0.005293583497405052,-0.0012676325859501958,0.010169335640966892,0.05189910903573036,0.015247195959091187,0.0,0.0
1765457107,92398369,0.059044488594968164,0.017645278737662674,0.004694935687864747,-0.037664205258037625,-0.07414158662471912,-0.021781709064889233,1.2582951242253118,-4.08457659514981,0.0,0.0,0.0,0.0,0.0,0.0,0.0,0.0,-0.04833984375,0.0,0.0,-0.04833984375,0.17724609375,0.064453125,0.01611328125,-0.01611328125,0.0,0.0,0.0,0.0,0.0,0.0,0.0,0.0,-0.01771334744989872,-0.005293583497405052,-0.0012676325859501958,0.010169335640966892,0.05189910903573036,0.015247195959091187,0.0,0.0
1765457107,114638483,0.059044488594968164,0.017645278737662674,0.004694935687864747,-0.037664205258037625,-0.07414158662471912,-0.021781709064889233,1.2582951242253118,-4.08457659514981,0.0,0.0,0.0,0.0,0.0,0.0,0.0,0.0,-0.04833984375,-0.01611328125,0.0,0.04833984375,0.17724609375,0.08056640625,0.01611328125,0.01611328125,0.0,0.0,0.0,0.0,0.0,0.0,0.0,0.0,-0.01771334744989872,-0.005293583497405052,-0.0012676325859501958,0.010169335640966892,0.05189910903573036,0.015247195959091187,0.0,0.0
1765457107,136067251,0.059044488594968164,0.017645278737662674,0.004694935687864747,-0.037664205258037625,-0.07414158662471912,-0.021781709064889233,1.2582951242253118,-4.08457659514981,0.0,0.0,0.0,0.0,0.0,0.0,0.0,0.0,-0.064453125,0.0,0.0,0.04833984375,0.17724609375,0.064453125,0.0322265625,0.01611328125,0.0,0.0,0.0,0.0,0.0,0.0,0.0,0.0,-0.01771334744989872,-0.005293583497405052,-0.0012676325859501958,0.010169335640966892,0.05189910903573036,0.015247195959091187,0.0,0.0
1765457107,157688031,0.059044488594968164,0.017645278737662674,0.004694935687864747,-0.037664205258037625,-0.07414158662471912,-0.021781709064889233,1.2582951242253118,-4.08457659514981,0.0,0.0,0.0,0.0,0.0,0.0,0.0,0.0,-0.08056640625,0.0,0.0,0.064453125,0.17724609375,0.064453125,0.0322265625,0.0,0.0,0.0,0.0,0.0,0.0,0.0,0.0,0.0,-0.01771334744989872,-0.005293583497405052,-0.0012676325859501958,0.010169335640966892,0.05189910903573036,0.015247195959091187,0.0,0.0
1765457107,180863433,0.059044488594968164,0.017645278737662674,0.004694935687864747,-0.037664205258037625,-0.07414158662471912,-0.021781709064889233,1.2582951242253118,-4.08457659514981,0.0,0.0,0.0,0.0,0.0,0.0,0.0,0.0,-0.01611328125,0.01611328125,0.01611328125,0.04833984375,0.17724609375,0.08056640625,0.0322265625,0.01611328125,0.0,0.0,0.0,0.0,0.0,0.0,0.0,0.0,-0.01771334744989872,-0.005293583497405052,-0.0012676325859501958,0.010169335640966892,0.05189910903573036,0.015247195959091187,0.0,0.0
1765457107,202767271,0.059044488594968164,0.017645278737662674,0.004694935687864747,-0.037664205258037625,-0.07414158662471912,-0.021781709064889233,1.2582951242253118,-4.08457659514981,0.0,0.0,0.0,0.0,0.0,0.0,0.0,0.0,-0.04833984375,-0.08056640625,0.0,-0.0322265625,0.17724609375,0.08056640625,-0.04833984375,0.0,0.0,0.0,0.0,0.0,0.0,0.0,0.0,0.0,-0.01771334744989872,-0.005293583497405052,-0.0012676325859501958,0.010169335640966892,0.05189910903573036,0.015247195959091187,0.0,0.0
1765457107,225388047,0.059044488594968164,0.017645278737662674,0.004694935687864747,-0.037664205258037625,-0.07414158662471912,-0.021781709064889233,1.2582951242253118,-4.08457659514981,0.0,0.0,0.0,0.0,0.0,0.0,0.0,0.0,-0.12890625,0.0,0.0,0.08056640625,0.17724609375,0.0966796875,0.01611328125,0.0,0.0,0.0,0.0,0.0,0.0,0.0,0.0,0.0,-0.01771334744989872,-0.005293583497405052,-0.0012676325859501958,0.010169335640966892,0.05189910903573036,0.015247195959091187,0.0,0.0
1765457107,249883051,0.059044488594968164,0.017645278737662674,0.004694935687864747,-0.037664205258037625,-0.07414158662471912,-0.021781709064889233,1.2582951242253118,-4.08457659514981,0.0,0.0,0.0,0.0,0.0,0.0,0.0,0.0,-0.01611328125,0.0,0.0,0.0322265625,0.17724609375,0.08056640625,0.0322265625,0.0,0.0,0.0,0.0,20.0,0.0,0.0,0.0,0.0,-0.01771334744989872,-0.005293583497405052,-0.0012676325859501958,0.10440602898597717,0.05189910903573036,0.015247195959091187,0.0,0.0
1765457107,271781864,0.059044488594968164,0.017645278737662674,0.004694935687864747,-0.03754203221039803,-0.07414158662471912,-0.021781709064889233,1.2582951242253118,-4.08457659514981,0.0,0.0,0.0,2.0,0.0,0.0,0.0,0.0,-0.0322265625,0.0,0.0,0.2255859375,0.17724609375,0.01611328125,0.01611328125,0.0,0.0,0.0,0.0,20.0,0.0,0.0,0.0,0.0,-0.01771334744989872,-0.005293583497405052,-0.0012676325859501958,0.1044171154499054,0.05189910903573036,0.015247195959091187,0.0,0.0
1765457107,293937940,0.059044488594968164,0.017645278737662674,0.004677482395344803,-0.037088246604879506,-0.07414158662471912,-0.021781709064889233,1.2582951242253118,-4.08457659514981,0.0,0.0,0.0,2.0,0.0,0.0,0.0,0.0,-0.04833984375,0.0,0.0,0.33837890625,0.1611328125,0.064453125,0.01611328125,0.0,0.0,0.0,0.0,20.0,0.0,0.0,0.0,0.0,-0.01771334744989872,-0.005293583497405052,-0.0012676325859501958,0.10438412427902222,0.05189910903573036,0.015247195959091187,0.0,0.0
1765457107,315124005,0.059044488594968164,0.017645278737662674,0.00460766922526503,-0.03630284844148206,-0.07414158662471912,-0.021781709064889233,1.2582951242253118,-4.08457659514981,0.0,0.0,0.0,21.0,0.0,0.0,0.0,0.0,-0.04833984375,0.0,0.0,0.4189453125,0.1611328125,0.08056640625,0.0322265625,-0.01611328125,0.0,0.0,0.0,20.0,0.0,0.0,0.0,0.0,-0.01771334744989872,-0.005293583497405052,-0.0012629203265532851,0.10426157712936401,0.05189910903573036,0.015247195959091187,0.0,0.0
1765457107,341715937,0.059044488594968164,0.017645278737662674,0.004590215932745087,-0.0351509311351658,-0.07414158662471912,-0.021781709064889233,1.2582951242253118,-4.08457659514981,0.0,0.0,0.0,33.0,0.0,0.0,0.0,0.0,-0.12890625,0.0,0.0,0.451171875,0.1611328125,0.064453125,0.01611328125,0.0,0.0,0.0,0.0,20.0,0.0,0.0,0.0,0.0,-0.01771334744989872,-0.005293583497405052,-0.0012440707068890333,0.10404951125383377,0.05189910903573036,0.015247195959091187,0.0,0.0
1765457107,364447665,0.059044488594968164,0.017645278737662674,0.004590215932745087,-0.033021629447732716,-0.07414158662471912,-0.021711895894809458,1.2582951242253118,-4.08457659514981,0.0,0.0,0.0,44.0,0.0,0.0,0.0,0.0,-0.064453125,0.01611328125,0.0,0.43505859375,0.17724609375,0.064453125,0.0322265625,0.0,0.0,0.0,0.0,20.0,0.0,0.0,0.0,0.0,-0.01771334744989872,-0.005293583497405052,-0.0012393583310768008,0.10373847186565399,0.05189910903573036,0.015247195959091187,0.0,0.0
1765457107,397621216,0.059044488594968164,0.017645278737662674,0.004590215932745087,-0.030525808617380825,-0.07414158662471912,-0.021711895894809458,1.2582951242253118,-4.08457659514981,0.0,0.0,0.0,58.0,0.0,0.0,0.0,0.0,-0.1611328125,0.01611328125,0.0,0.37060546875,0.1611328125,0.0322265625,0.01611328125,0.0,0.0,0.0,0.0,20.0,0.0,0.0,0.0,0.0,-0.01771334744989872,-0.005293583497405052,-0.0012393583310768008,0.10316354036331177,0.05189910903573036,0.015198326669633389,0.0,0.0
1765457107,421466036,0.059044488594968164,0.017645278737662674,0.00476474885794452,-0.027506389011430633,-0.07414158662471912,-0.021711895894809458,1.2582951242253118,-4.08457659514981,0.0,0.0,0.0,76.0,0.0,0.0,0.0,0.0,-0.04833984375,0.01611328125,0.0,0.3544921875,0.17724609375,0.08056640625,0.0322265625,0.0,0.0,0.0,0.0,20.0,0.0,0.0,0.0,0.0,-0.01771334744989872,-0.005293583497405052,-0.0012393583310768008,0.10248972475528717,0.05189910903573036,0.015198326669633389,0.0,0.0
1765457107,441391864,0.059044488594968164,0.017645278737662674,0.00486946861306418,-0.02398082392240209,-0.07414158662471912,-0.021676989309769572,1.2582951242253118,-4.084594048442329,0.0,0.0,0.0,76.0,0.0,0.0,0.0,0.0,-0.1611328125,0.0,0.0,0.3544921875,0.2255859375,0.064453125,0.0322265625,0.0,0.0,0.0,0.0,20.0,0.0,0.0,0.0,0.0,-0.01771334744989872,-0.005293583497405052,-0.001286476617679,0.10167446732521057,0.05189910903573036,0.015198326669633389,0.0,0.0
1765457107,471547246,0.059044488594968164,0.017627825445142728,0.004834562028024293,-0.01960004749989632,-0.07414158662471912,-0.021642082724729686,1.2582951242253118,-4.084594048442329,0.0,0.0,0.0,75.0,0.0,0.0,0.0,0.0,-0.12890625,0.0,0.0,0.2900390625,0.17724609375,0.064453125,0.01611328125,0.01611328125,0.0,0.0,0.0,20.0,0.0,0.0,0.0,0.0,-0.01771334744989872,-0.005293583497405052,-0.0013147564604878426,0.10072243213653564,0.05189910903573036,0.015173892490565777,0.0,0.0
1765457107,495045100,0.059044488594968164,0.017627825445142728,0.005131268000863328,-0.016161748873467493,-0.07414158662471912,-0.021642082724729686,1.2582951242253118,-4.084594048442329,0.0,0.0,11.0,90.0,0.0,0.0,0.0,0.0,-0.04833984375,0.0,0.0,0.38671875,0.1611328125,0.064453125,0.0322265625,-0.01611328125,0.0,0.0,0.0,20.0,0.0,0.0,0.0,0.0,-0.01771334744989872,-0.005288347601890564,-0.0013053317088633776,0.09953965991735458,0.05189910903573036,0.015149458311498165,0.0,0.0
1765457107,515011923,0.059044488594968164,0.017627825445142728,0.0053058009260627615,-0.0124965574442794,-0.07414158662471912,-0.021642082724729686,1.2582951242253118,-4.08457659514981,0.0,0.0,0.0,87.0,0.0,0.0,0.0,0.0,-0.04833984375,0.01611328125,0.0,0.3544921875,0.17724609375,0.064453125,0.0322265625,0.0,0.0,0.0,0.0,20.0,0.0,0.0,0.0,0.0,-0.01771334744989872,-0.005288347601890564,-0.001385452109389007,0.09861140698194504,0.05189910903573036,0.015149458311498165,0.0,0.0
1765457107,539436746,0.059044488594968164,0.017627825445142728,0.005288347633542819,-0.008168140899333463,-0.07414158662471912,-0.021642082724729686,1.2582951242253118,-4.084594048442329,0.0,0.0,0.0,120.0,0.0,0.0,0.0,-3.0,-0.12890625,0.0,0.0,0.40283203125,0.17724609375,0.064453125,0.01611328125,0.0,0.0,0.0,0.0,20.0,0.0,0.0,0.0,0.0,-0.01771334744989872,-0.005288347601890564,-0.0014325659722089767,0.09762170165777206,0.05189910903573036,0.015149458311498165,0.0,0.0
1765457107,564141299,0.059027035302448225,0.0175754655675829,0.005270894341022875,-0.004206243497306334,-0.07414158662471912,-0.021642082724729686,1.2582951242253118,-4.08457659514981,0.0,0.0,0.0,120.0,0.0,0.0,0.0,-3.0,-0.0322265625,0.01611328125,0.01611328125,0.40283203125,0.17724609375,0.064453125,0.01611328125,0.0,0.0,0.0,0.0,20.0,0.0,0.0,0.0,0.0,-0.01771334744989872,-0.005288347601890564,-0.001427853829227388,0.09645296633243561,0.05189910903573036,0.015149458311498165,0.0,6.347640464809956e-06
1765457107,585228158,0.059027035302448225,0.017592918860102842,0.005131268000863328,0.0004886921905584122,-0.07414158662471912,-0.021642082724729686,1.2582951242253118,-4.084594048442329,0.0,0.0,0.0,78.0,0.0,0.0,0.0,0.0,-0.04833984375,0.01611328125,0.0,0.40283203125,0.17724609375,0.08056640625,-0.0322265625,-0.01611328125,0.0,0.0,0.0,20.0,0.0,0.0,0.0,0.0,-0.017708109691739082,-0.005272639915347099,-0.0014231414534151554,0.09538333863019943,0.05189910903573036,0.015149458311498165,0.0,1.5510919126882072e-07
1765457107,611176530,0.059027035302448225,0.01761037215262279,0.004939281783143953,0.00486946861306418,-0.07414158662471912,-0.021642082724729686,1.2582951242253118,-4.084594048442329,0.0,0.0,0.0,137.0,0.0,0.0,0.0,-10.0,-0.04833984375,0.0,0.0,0.38671875,0.1611328125,0.08056640625,0.01611328125,0.0,0.0,0.0,0.0,20.0,0.0,0.0,0.0,0.0,-0.017708109691739082,-0.0052778758108615875,-0.0013854423305019736,0.09411559253931046,0.05189910903573036,0.015149458311498165,0.0,2.1313027900760062e-05
1765457107,639871567,0.059027035302448225,0.017592918860102842,0.00466002910282486,0.008325220532012952,-0.07414158662471912,-0.021642082724729686,1.2582951242253118,-4.084559141857289,0.0,0.0,0.0,66.0,0.0,0.0,0.0,0.0,-0.12890625,-0.08056640625,0.0,0.38671875,0.1611328125,0.0966796875,0.01611328125,0.0,0.0,0.0,0.0,20.0,0.0,0.0,0.0,0.0,-0.017708109691739082,-0.005283111706376076,-0.0013335886178538203,0.09293282777070999,0.05189910903573036,0.015149458311498165,0.0,1.135331785917515e-05
1765457107,661073921,0.059027035302448225,0.017592918860102842,0.004904375198104066,0.012252211349000194,-0.07414158662471912,-0.021642082724729686,1.2582951242253118,-4.084594048442329,0.0,0.0,7.0,96.0,0.0,0.0,0.0,0.0,-0.08056640625,0.0,0.0,0.33837890625,0.24169921875,0.08056640625,0.04833984375,0.0,0.0,0.0,0.0,20.0,0.0,0.0,0.0,0.0,-0.017708109691739082,-0.0052778758108615875,-0.001258208299987018,0.09199985861778259,0.05189910903573036,0.015149458311498165,0.0,1.032392674460425e-06
1765457107,685432500,0.059027035302448225,0.01761037215262279,0.00476474885794452,0.01610938899590766,-0.07414158662471912,-0.021642082724729686,1.2582951242253118,-4.08457659514981,0.0,0.0,-10.0,87.0,0.0,0.0,0.0,0.0,-0.08056640625,0.0,0.0,0.322265625,0.17724609375,0.08056640625,0.01611328125,0.0,0.0,0.0,0.0,20.0,0.0,0.0,0.0,0.0,-0.017708109691739082,-0.0052778758108615875,-0.0013241935521364212,0.09093951433897018,0.05189910903573036,0.015149458311498165,0.0,1.0323332162442966e-06
1765457107,707238251,0.059027035302448225,0.01761037215262279,0.004241150082346221,0.019739673840055868,-0.07410668003967924,-0.021642082724729686,1.2582951242253118,-4.084594048442329,0.0,0.0,-10.0,106.0,0.0,0.0,0.0,0.0,-0.04833984375,0.0,0.0,0.4189453125,0.17724609375,0.01611328125,0.01611328125,0.0,0.0,0.0,0.0,20.0,0.0,0.0,0.0,0.0,-0.017708109691739082,-0.005283111706376076,-0.0012864649761468172,0.08989810198545456,0.05189910903573036,0.015149458311498165,0.0,1.0323332162442966e-06
1765457107,735830018,0.059027035302448225,0.0175754655675829,0.003996803987067014,0.023474678439323732,-0.07410668003967924,-0.021642082724729686,1.2582951242253118,-4.08457659514981,0.0,0.0,-10.0,66.0,0.0,0.0,0.0,0.0,-0.12890625,0.01611328125,0.0,0.43505859375,0.1611328125,0.064453125,0.0322265625,0.0,0.0,0.0,0.0,20.0,0.0,0.0,0.0,0.0,-0.017708109691739082,-0.005283111706376076,-0.0011450931197032332,0.08891788125038147,0.05187467485666275,0.015149458311498165,0.0,1.0323332162442966e-06
1765457107,762519236,0.059027035302448225,0.01761037215262279,0.004031710572106902,0.026878070480712675,-0.07410668003967924,-0.021642082724729686,1.2582951242253118,-4.08457659514981,0.0,0.0,-10.0,66.0,0.0,0.0,0.0,0.0,-0.04833984375,0.01611328125,0.0,0.2900390625,0.193359375,0.064453125,0.01611328125,0.0,0.0,0.0,0.0,20.0,0.0,0.0,0.0,0.0,-0.017708109691739082,-0.005272639449685812,-0.0010791196255013347,0.0879095047712326,0.05187467485666275,0.015149458311498165,0.0,1.0323332162442966e-06
1765457107,784227637,0.059027035302448225,0.01761037215262279,0.004328416544945937,0.02965314399138366,-0.07410668003967924,-0.021642082724729686,1.2582951242253118,-4.08457659514981,0.0,0.0,5.0,80.0,0.0,0.0,0.0,0.0,-0.04833984375,0.01611328125,0.0,0.33837890625,0.17724609375,0.08056640625,0.0,0.01611328125,0.0,0.0,0.0,20.0,0.0,0.0,0.0,0.0,-0.017708109691739082,-0.005283111706376076,-0.0010885705705732107,0.08699056506156921,0.05187467485666275,0.015149458311498165,0.0,1.0323332162442966e-06
1765457107,808655724,0.059027035302448225,0.0175754655675829,0.0046251225177849735,0.031171580440618726,-0.07410668003967924,-0.021642082724729686,1.2582951242253118,-4.08457659514981,0.0,0.0,4.0,64.0,0.0,0.0,0.0,0.0,-0.04833984375,0.0,0.0,0.33837890625,0.17724609375,0.11279296875,0.01611328125,-0.01611328125,0.0,0.0,0.0,20.0,0.0,0.0,0.0,0.0,-0.017708109691739082,-0.005283111706376076,-0.0011686794459819794,0.08624131977558136,0.05187467485666275,0.015149458311498165,0.0,1.0323332162442966e-06
1765457107,831766035,0.059027035302448225,0.017592918860102842,0.005689773361501514,0.03244567079457458,-0.07410668003967924,-0.021642082724729686,1.2582951242253118,-4.08457659514981,0.0,0.0,23.0,27.0,0.0,0.0,0.0,0.0,-0.04833984375,-0.0966796875,0.01611328125,0.27392578125,0.17724609375,0.08056640625,0.01611328125,0.0,0.0,0.0,0.0,20.0,0.0,0.0,0.0,0.0,-0.017708109691739082,-0.005272639915347099,-0.0012488035717979074,0.0858314037322998,0.05187467485666275,0.015149458311498165,0.0,1.0323332162442966e-06
1765457107,854190352,0.059027035302448225,0.017592918860102842,0.005934119456780722,0.033492868345771185,-0.07410668003967924,-0.021642082724729686,1.2582951242253118,-4.08457659514981,0.0,0.0,0.0,22.0,0.0,0.0,0.0,0.0,-0.0322265625,0.01611328125,0.0,0.30615234375,0.17724609375,0.064453125,0.0322265625,0.0,0.0,0.0,0.0,20.0,0.0,0.0,0.0,0.0,-0.017708109691739082,-0.0052778758108615875,-0.0015362788690254092,0.08548740297555923,0.05187467485666275,0.015149458311498165,0.0,1.0323332162442966e-06
1765457107,876537064,0.059027035302448225,0.017592918860102842,0.005934119456780722,0.034191000046568915,-0.07410668003967924,-0.021642082724729686,1.2582951242253118,-4.08457659514981,0.0,0.0,0.0,22.0,0.0,0.0,0.0,0.0,-0.0322265625,0.0,-0.0322265625,0.322265625,0.17724609375,0.08056640625,0.01611328125,0.01611328125,0.0,0.0,0.0,20.0,0.0,0.0,0.0,0.0,-0.017708109691739082,-0.0052778758108615875,-0.001602211850695312,0.08520466834306717,0.05187467485666275,0.015149458311498165,0.0,1.0323332162442966e-06
1765457107,898786715,0.059027035302448225,0.017558012275062956,0.005934119456780722,0.03422590663160881,-0.07410668003967924,-0.021642082724729686,1.2582951242253118,-4.08457659514981,0.0,0.0,0.0,0.0,0.0,0.0,0.0,0.0,-0.12890625,0.0,0.0,0.30615234375,0.17724609375,0.01611328125,0.01611328125,0.0,0.0,0.0,0.0,20.0,0.0,0.0,0.0,0.0,-0.017708109691739082,-0.0052778758108615875,-0.0016022121999412775,0.08501618355512619,0.05187467485666275,0.015149458311498165,0.0,1.0323332162442966e-06
1765457107,921847902,0.059027035302448225,0.0175754655675829,0.005811946409141117,0.034173546754048975,-0.07410668003967924,-0.021642082724729686,1.2582951242253118,-4.08457659514981,0.0,5.0,0.0,0.0,0.0,0.0,0.0,0.0,-0.064453125,0.0,0.0,0.322265625,0.1611328125,0.08056640625,0.01611328125,0.0,0.0,0.0,0.0,20.0,0.0,0.0,0.0,0.0,-0.017708109691739082,-0.005267403554171324,-0.0016022121999412775,0.08500678837299347,0.05187467485666275,0.015149458311498165,0.0,1.0323332162442966e-06
1765457107,944310846,0.059027035302448225,0.0175754655675829,0.005375614096142535,0.0339815605363296,-0.07410668003967924,-0.021642082724729686,1.2582951242253118,-4.08457659514981,0.0,5.0,0.0,0.0,0.0,0.0,0.0,0.0,-0.04833984375,-0.0966796875,0.0,0.30615234375,0.17724609375,0.064453125,0.04833984375,0.0,0.0,0.0,0.0,20.0,0.0,0.0,0.0,0.0,-0.017708109691739082,-0.005272652953863144,-0.00156922556925565,0.08502092212438583,0.05187467485666275,0.015149458311498165,0.0,1.0323332162442966e-06
1765457107,967120274,0.059027035302448225,0.0175754655675829,0.005166174585903216,0.03337069529813158,-0.07410668003967924,-0.021642082724729686,1.2582951242253118,-4.08457659514981,0.0,0.0,-5.0,-20.0,0.0,0.0,0.0,0.0,-0.0322265625,0.0,0.0,0.30615234375,0.17724609375,0.08056640625,0.0,0.0,0.0,0.0,0.0,20.0,0.0,0.0,0.0,0.0,-0.017708109691739082,-0.005272639449685812,-0.001451393822208047,0.08507277816534042,0.05187467485666275,0.015149458311498165,0.0,1.0323332162442966e-06
1765457107,988062804,0.059027035302448225,0.017558012275062956,0.005166174585903216,0.03269001688985379,-0.07410668003967924,-0.0216071761396898,1.2582951242253118,-4.08457659514981,0.0,0.0,0.0,-18.0,0.0,0.0,0.0,0.0,-0.04833984375,0.01611328125,0.0,0.322265625,0.17724609375,0.08056640625,0.0,0.0,0.0,0.0,0.0,20.0,0.0,0.0,0.0,0.0,-0.017708109691739082,-0.005272639449685812,-0.001394858700223267,0.08523772656917572,0.05187467485666275,0.015149458311498165,0.0,1.0323332162442966e-06
1765457108,13168404,0.059027035302448225,0.0175754655675829,0.005166174585903216,0.03214896482173556,-0.07410668003967924,-0.021572269554649914,1.2582951242253118,-4.08457659514981,0.0,0.0,0.0,-18.0,0.0,0.0,0.0,0.0,-0.04833984375,-0.08056640625,0.0,0.30615234375,0.17724609375,0.08056640625,0.01611328125,0.0,0.0,0.0,0.0,20.0,0.0,0.0,0.0,0.0,-0.017708109691739082,-0.005267403554171324,-0.0013948670821264386,0.08542150259017944,0.05187467485666275,0.015125023201107979,0.0,1.0323332162442966e-06
1765457108,33812387,0.059027035302448225,0.0175754655675829,0.005166174585903216,0.03183480555637657,-0.07410668003967924,-0.021537362969610025,1.2582951242253118,-4.08457659514981,0.0,0.0,0.0,-10.0,0.0,0.0,0.0,0.0,-0.01611328125,0.0,0.0,0.30615234375,0.193359375,0.0322265625,0.0,0.0,0.0,0.0,0.0,20.0,0.0,0.0,0.0,0.0,-0.017708109691739082,-0.005272639449685812,-0.0013948670821264386,0.08556757867336273,0.05187467485666275,0.015100589022040367,0.0,1.0323332162442966e-06
1765457108,57241115,0.059027035302448225,0.0175754655675829,0.005288347633542819,0.031660272631177135,-0.07410668003967924,-0.021537362969610025,1.2582951242253118,-4.08457659514981,0.0,0.0,0.0,-10.0,0.0,0.0,0.0,0.0,-0.1611328125,0.01611328125,0.0,0.2900390625,0.17724609375,0.0966796875,0.0322265625,0.0,0.0,0.0,0.0,20.0,0.0,0.0,0.0,0.0,-0.017708109691739082,-0.005272639449685812,-0.0013948670821264386,0.08565239608287811,0.05187467485666275,0.01507615391165018,0.0,1.0323332162442966e-06
1765457108,79942983,0.059027035302448225,0.0175754655675829,0.0055152404363020815,0.0316079127536173,-0.07410668003967924,-0.02150245638457014,1.2582951242253118,-4.08457659514981,0.0,0.0,1.0,0.0,0.0,0.0,0.0,0.0,-0.04833984375,0.0,0.01611328125,0.30615234375,0.193359375,0.0966796875,0.0322265625,0.0,0.0,0.0,0.0,20.0,0.0,0.0,0.0,0.0,-0.017708109691739082,-0.005272639449685812,-0.001427865936420858,0.08569950610399246,0.05187467485666275,0.01507615391165018,0.0,1.0323332162442966e-06
1765457108,101748125,0.059027035302448225,0.0175754655675829,0.0057246799465414016,0.03159045946109736,-0.07410668003967924,-0.02150245638457014,1.2582951242253118,-4.08457659514981,0.0,0.0,0.0,0.0,0.0,0.0,0.0,0.0,-0.08056640625,0.0,0.0,0.2900390625,0.24169921875,0.064453125,0.0,0.0,0.0,0.0,0.0,20.0,0.0,0.0,0.0,0.0,-0.017708109691739082,-0.005272639449685812,-0.001489116344600916,0.08571363985538483,0.05187467485666275,0.015051719732582569,0.0,1.0323332162442966e-06
1765457108,124260957,0.059027035302448225,0.0175754655675829,0.005881759579220891,0.031642819338657195,-0.07410668003967924,-0.02150245638457014,1.2582951242253118,-4.08457659514981,0.0,0.0,10.0,0.0,0.0,0.0,0.0,0.0,-0.04833984375,0.01611328125,0.0,0.3544921875,0.17724609375,0.064453125,0.0,0.0,0.0,0.0,0.0,20.0,0.0,0.0,0.0,0.0,-0.017708109691739082,-0.005272639449685812,-0.0015456635737791657,0.08571835607290268,0.05187467485666275,0.015051719732582569,0.0,1.0323332162442966e-06
1765457108,144634171,0.059027035302448225,0.0175754655675829,0.0060737457969402674,0.031660272631177135,-0.07410668003967924,-0.02150245638457014,1.2582951242253118,-4.08457659514981,0.0,0.0,10.0,0.0,0.0,0.0,0.0,0.0,-0.01611328125,-0.08056640625,0.0,0.30615234375,0.17724609375,0.08056640625,0.01611328125,0.0,0.0,0.0,0.0,20.0,0.0,0.0,0.0,0.0,-0.017708109691739082,-0.005272639449685812,-0.0015880923019722104,0.08570421487092972,0.05187467485666275,0.015051719732582569,0.0,1.0323332162442966e-06
1765457108,165141473,0.059027035302448225,0.0175754655675829,0.006161012259539982,0.03169517921621703,-0.07410668003967924,-0.02150245638457014,1.2582951242253118,-4.08457659514981,0.0,0.0,0.0,0.0,0.0,0.0,0.0,0.0,-0.0322265625,0.01611328125,0.0,0.2900390625,0.17724609375,0.08056640625,0.01611328125,0.0,0.0,0.0,0.0,20.0,0.0,0.0,0.0,0.0,-0.017708109691739082,-0.005272639449685812,-0.0016399233136326075,0.08569950610399246,0.05187467485666275,0.015051719732582569,0.0,1.0323332162442966e-06
1765457108,190002545,0.059027035302448225,0.0175754655675829,0.006143558967020039,0.03173008580125691,-0.07410668003967924,-0.02150245638457014,1.2582951242253118,-4.08457659514981,0.0,0.0,-5.0,5.0,0.0,0.0,0.0,0.0,-0.12890625,-0.01611328125,0.0,0.2900390625,0.17724609375,0.064453125,0.01611328125,0.0,0.0,0.0,0.0,20.0,0.0,0.0,0.0,0.0,-0.017708109691739082,-0.005272639449685812,-0.0016634733183309436,0.08569008111953735,0.05187467485666275,0.015051719732582569,0.0,1.0323332162442966e-06
1765457108,210872525,0.059027035302448225,0.0175754655675829,0.006038839211900381,0.03174753909377685,-0.07410668003967924,-0.02150245638457014,1.2582951242253118,-4.08457659514981,0.0,0.0,0.0,0.0,0.0,0.0,0.0,0.0,-0.064453125,-0.01611328125,0.0,0.27392578125,0.17724609375,0.08056640625,0.01611328125,0.01611328125,0.0,0.0,0.0,20.0,0.0,0.0,0.0,0.0,-0.017708109691739082,-0.005272639449685812,-0.001658752211369574,0.08568064868450165,0.05187467485666275,0.015051719732582569,0.0,1.0323332162442966e-06
1765457108,230967194,0.059027035302448225,0.0175754655675829,0.005916666164260778,0.03174753909377685,-0.07410668003967924,-0.02150245638457014,1.2582951242253118,-4.08457659514981,0.0,0.0,-7.0,0.0,0.0,0.0,0.0,0.0,-0.0322265625,0.0322265625,0.0,0.37060546875,0.193359375,0.0966796875,-0.01611328125,0.0,0.0,0.0,0.0,20.0,0.0,0.0,0.0,0.0,-0.017708109691739082,-0.005272639449685812,-0.0016304899472743273,0.08567594736814499,0.05187467485666275,0.015051719732582569,0.0,1.0323332162442966e-06
1765457108,254073055,0.059027035302448225,0.0175754655675829,0.005759586531581288,0.03178244567881674,-0.07410668003967924,-0.02150245638457014,1.2582951242253118,-4.08457659514981,0.0,0.0,0.0,0.0,0.0,0.0,0.0,0.0,-0.08056640625,0.01611328125,0.0,0.2900390625,0.17724609375,0.08056640625,0.0322265625,0.01611328125,0.0,0.0,0.0,20.0,0.0,0.0,0.0,0.0,-0.017708109691739082,-0.005272639449685812,-0.0015974876005202532,0.08567594736814499,0.05187467485666275,0.015051719732582569,0.0,1.0323332162442966e-06
1765457108,275490972,0.059027035302448225,0.0175754655675829,0.0056374134839416844,0.031799898971336685,-0.07410668003967924,-0.02150245638457014,1.2582951242253118,-4.08457659514981,0.0,0.0,-5.0,0.0,0.0,0.0,0.0,0.0,0.0,0.0,0.0,0.30615234375,0.1611328125,0.064453125,0.0322265625,0.0,0.0,0.0,0.0,20.0,0.0,0.0,0.0,0.0,-0.017708109691739082,-0.005272639449685812,-0.0015550885582342744,0.08566652238368988,0.05187467485666275,0.015051719732582569,0.0,1.0323332162442966e-06
1765457108,300772006,0.059027035302448225,0.0175754655675829,0.005619960191421741,0.031817352263856624,-0.07410668003967924,-0.02150245638457014,1.2582951242253118,-4.08457659514981,0.0,0.0,-5.0,0.0,0.0,0.0,0.0,0.0,-0.04833984375,0.01611328125,0.0,0.30615234375,0.17724609375,0.08056640625,0.01611328125,0.01611328125,0.0,0.0,0.0,20.0,0.0,0.0,0.0,0.0,-0.017708109691739082,-0.005272639449685812,-0.0015220929635688663,0.08566180616617203,0.05187467485666275,0.015051719732582569,0.0,1.0323332162442966e-06
1765457108,321973078,0.059027035302448225,0.0175754655675829,0.005585053606381855,0.0318871654339364,-0.07410668003967924,-0.02150245638457014,1.2582951242253118,-4.08457659514981,0.0,0.0,0.0,0.0,0.0,0.0,0.0,0.0,-0.0322265625,0.01611328125,0.0,0.30615234375,0.17724609375,0.08056640625,0.0322265625,0.01611328125,0.0,0.0,0.0,20.0,0.0,0.0,0.0,0.0,-0.017708109691739082,-0.005272639449685812,-0.0015173893189057708,0.08565709739923477,0.05187467485666275,0.015051719732582569,0.0,1.0323332162442966e-06
1765457108,344170148,0.059027035302448225,0.0175754655675829,0.005567600313861911,0.03192207201897628,-0.07410668003967924,-0.02150245638457014,1.2582951242253118,-4.08457659514981,0.0,0.0,0.0,0.0,0.0,0.0,0.0,0.0,-0.12890625,0.01611328125,0.0,0.2900390625,0.1611328125,0.08056640625,0.0322265625,-0.01611328125,0.0,0.0,0.0,20.0,0.0,0.0,0.0,0.0,-0.017708109691739082,-0.005272639449685812,-0.001507964450865984,0.08563824743032455,0.05187467485666275,0.015051719732582569,0.0,1.0323332162442966e-06
1765457108,367976819,0.059027035302448225,0.0175754655675829,0.005602506898901799,0.03192207201897628,-0.07410668003967924,-0.02150245638457014,1.2582951242253118,-4.08457659514981,0.0,0.0,2.0,0.0,0.0,0.0,0.0,0.0,-0.04833984375,0.0,0.0,0.30615234375,0.17724609375,0.064453125,0.0322265625,0.0,0.0,0.0,0.0,20.0,0.0,0.0,0.0,0.0,-0.017708109691739082,-0.005272639449685812,-0.0015032520750537515,0.08562882244586945,0.05187467485666275,0.015051719732582569,0.0,1.0323332162442966e-06
1765457108,389563451,0.059027035302448225,0.0175754655675829,0.005689773361501514,0.03190461872645634,-0.07410668003967924,-0.02150245638457014,1.2582951242253118,-4.08457659514981,0.0,0.0,0.0,0.0,0.0,0.0,0.0,0.0,-0.12890625,0.01611328125,0.0,0.2900390625,0.17724609375,0.08056640625,0.0322265625,0.0,0.0,0.0,0.0,20.0,0.0,0.0,0.0,0.0,-0.017708109691739082,-0.005272639449685812,-0.0015126792713999748,0.08562882244586945,0.05187467485666275,0.015051719732582569,0.0,1.0323332162442966e-06
1765457108,411302124,0.059027035302448225,0.0175754655675829,0.005707226654021458,0.0318871654339364,-0.07410668003967924,-0.02150245638457014,1.2582951242253118,-4.08457659514981,0.0,0.0,0.0,0.0,0.0,0.0,0.0,0.0,0.0,-0.08056640625,0.0,0.30615234375,0.17724609375,0.0966796875,0.0322265625,-0.01611328125,0.0,0.0,0.0,20.0,0.0,0.0,0.0,0.0,-0.017708109691739082,-0.005272639449685812,-0.001536236028186977,0.0856335312128067,0.05187467485666275,0.015051719732582569,0.0,1.0323332162442966e-06
1765457108,435708513,0.059027035302448225,0.0175754655675829,0.0057421332390613445,0.031817352263856624,-0.07410668003967924,-0.02150245638457014,1.2582951242253118,-4.08457659514981,0.0,0.0,0.0,0.0,0.0,0.0,0.0,0.0,-0.04833984375,-0.08056640625,0.0,0.30615234375,0.17724609375,0.064453125,0.0,0.0,0.0,0.0,0.0,20.0,0.0,0.0,0.0,0.0,-0.017708109691739082,-0.005272639449685812,-0.0015409511979669333,0.08563824743032455,0.05187467485666275,0.015051719732582569,0.0,1.0323332162442966e-06
1765457108,455716744,0.059027035302448225,0.0175754655675829,0.005777039824101231,0.03174753909377685,-0.07410668003967924,-0.02150245638457014,1.2582951242253118,-4.08457659514981,0.0,0.0,0.0,0.0,0.0,0.0,0.0,0.0,-0.0322265625,0.01611328125,0.0,0.30615234375,0.17724609375,0.0966796875,0.01611328125,0.0,0.0,0.0,0.0,20.0,0.0,0.0,0.0,0.0,-0.017708109691739082,-0.005272639449685812,-0.0015503759495913982,0.08565709739923477,0.05187467485666275,0.015051719732582569,0.0,1.0323332162442966e-06
1765457108,479285993,0.059027035302448225,0.0175754655675829,0.005794493116621174,0.03171263250873697,-0.07410668003967924,-0.02150245638457014,1.2582951242253118,-4.08457659514981,0.0,0.0,0.0,0.0,0.0,0.0,0.0,0.0,-0.12890625,0.0,0.01611328125,0.30615234375,0.24169921875,0.064453125,0.0322265625,0.0,0.0,0.0,0.0,20.0,0.0,0.0,0.0,0.0,-0.017708109691739082,-0.005272639449685812,-0.0015598007012158632,0.08567594736814499,0.05187467485666275,0.015051719732582569,0.0,1.0323332162442966e-06
1765457108,504228734,0.059027035302448225,0.0175754655675829,0.005794493116621174,0.03171263250873697,-0.07410668003967924,-0.02150245638457014,1.2582951242253118,-4.08457659514981,0.0,0.0,0.0,0.0,0.0,0.0,0.0,0.0,-0.12890625,0.0,0.0,0.27392578125,0.24169921875,0.08056640625,0.0322265625,0.0,0.0,0.0,0.0,20.0,0.0,0.0,0.0,0.0,-0.017708109691739082,-0.005272639449685812,-0.0015645130770280957,0.0856853723526001,0.05187467485666275,0.015051719732582569,0.0,1.0323332162442966e-06
1765457108,526807779,0.059027035302448225,0.0175754655675829,0.005811946409141117,0.03169517921621703,-0.07410668003967924,-0.02150245638457014,1.2582951242253118,-4.08457659514981,0.0,0.0,0.0,0.0,0.0,0.0,0.0,0.0,-0.12890625,0.0,0.0,0.30615234375,0.17724609375,0.0322265625,0.01611328125,0.0,0.0,0.0,0.0,20.0,0.0,0.0,0.0,0.0,-0.017708109691739082,-0.005272639449685812,-0.0015689946012571454,0.08568985015153885,0.05187467485666275,0.015051719732582569,0.0,1.0323332162442966e-06
1765457108,566673864,0.059027035302448225,0.0175754655675829,0.005811946409141117,0.03174753909377685,-0.07410668003967924,-0.02150245638457014,1.2582951242253118,-4.08457659514981,0.0,0.0,0.0,0.0,0.0,0.0,0.0,0.0,-0.12890625,0.0,0.0,0.2900390625,0.17724609375,0.0322265625,0.04833984375,0.01611328125,0.0,0.0,0.0,20.0,0.0,0.0,0.0,0.0,-0.017708109691739082,-0.005272639449685812,-0.00156922556925565,0.08569008111953735,0.05187467485666275,0.015051719732582569,0.0,1.0323332162442966e-06
1765457108,599311540,0.059027035302448225,0.0175754655675829,0.005811946409141117,0.031799898971336685,-0.07410668003967924,-0.02150245638457014,1.2582951242253118,-4.08457659514981,0.0,0.0,0.0,5.0,0.0,0.0,0.0,0.0,-0.01611328125,0.0,-0.01611328125,0.24169921875,0.17724609375,0.0966796875,0.0322265625,0.0,0.0,0.0,0.0,20.0,0.0,0.0,0.0,0.0,-0.017708109691739082,-0.005272639449685812,-0.00156922556925565,0.08567594736814499,0.05187467485666275,0.015051719732582569,0.0,1.0323332162442966e-06
1765457108,624290827,0.059027035302448225,0.0175754655675829,0.005759586531581288,0.03183480555637657,-0.07410668003967924,-0.02150245638457014,1.2582951242253118,-4.08457659514981,0.0,0.0,0.0,5.0,0.0,0.0,0.0,0.0,-0.12890625,0.01611328125,-0.0322265625,0.30615234375,0.193359375,0.04833984375,0.04833984375,0.0,0.0,0.0,0.0,20.0,0.0,0.0,0.0,0.0,-0.017708109691739082,-0.005272639449685812,-0.00156922556925565,0.08566179871559143,0.05187467485666275,0.015051719732582569,0.0,1.0323332162442966e-06
1765457108,652572781,0.059027035302448225,0.0175754655675829,0.005689773361501514,0.03185225884889651,-0.07410668003967924,-0.02150245638457014,1.2582951242253118,-4.08457659514981,0.0,0.0,0.0,0.0,0.0,0.0,0.0,0.0,-0.0322265625,0.01611328125,0.0,0.30615234375,0.20947265625,0.08056640625,0.0322265625,-0.01611328125,0.0,0.0,0.0,20.0,0.0,0.0,0.0,0.0,-0.017708109691739082,-0.005272639449685812,-0.0015550883254036307,0.08565237373113632,0.05187467485666275,0.015051719732582569,0.0,1.0323332162442966e-06
1765457108,677843766,0.059027035302448225,0.0175754655675829,0.005672320068981571,0.03185225884889651,-0.07410668003967924,-0.02150245638457014,1.2582951242253118,-4.08457659514981,0.0,0.0,0.0,0.0,0.0,0.0,0.0,0.0,-0.04833984375,0.0,0.01611328125,0.37060546875,0.17724609375,0.064453125,0.01611328125,0.0,0.0,0.0,0.0,20.0,0.0,0.0,0.0,0.0,-0.017708109691739082,-0.005272639449685812,-0.0015362389385700226,0.08564767241477966,0.05187467485666275,0.015051719732582569,0.0,1.0323332162442966e-06
1765457108,701509245,0.059027035302448225,0.0175754655675829,0.005654866776461627,0.03185225884889651,-0.07410668003967924,-0.02150245638457014,1.2582951242253118,-4.08457659514981,0.0,0.0,0.0,0.0,0.0,0.0,0.0,0.0,-0.0322265625,-0.08056640625,0.0,0.2900390625,0.17724609375,0.08056640625,0.0322265625,-0.01611328125,0.0,0.0,0.0,20.0,0.0,0.0,0.0,0.0,-0.017708109691739082,-0.005272639449685812,-0.0015315264463424683,0.08564767241477966,0.05187467485666275,0.015051719732582569,0.0,1.0323332162442966e-06
1765457108,724065440,0.059027035302448225,0.0175754655675829,0.005654866776461627,0.03185225884889651,-0.07410668003967924,-0.02150245638457014,1.2582951242253118,-4.08457659514981,0.0,0.0,0.0,0.0,0.0,0.0,0.0,0.0,-0.0322265625,0.0,0.0,0.30615234375,0.1611328125,0.08056640625,0.01611328125,0.0,0.0,0.0,0.0,20.0,0.0,0.0,0.0,0.0,-0.017708109691739082,-0.005272639449685812,-0.0015268140705302358,0.08564767241477966,0.05187467485666275,0.015051719732582569,0.0,1.0323332162442966e-06
1765457108,744915067,0.059027035302448225,0.0175754655675829,0.005672320068981571,0.03185225884889651,-0.07410668003967924,-0.02150245638457014,1.2582951242253118,-4.08457659514981,0.0,0.0,5.0,0.0,0.0,0.0,0.0,0.0,-0.08056640625,0.01611328125,0.0,0.2900390625,0.17724609375,0.064453125,0.01611328125,-0.01611328125,0.0,0.0,0.0,20.0,0.0,0.0,0.0,0.0,-0.017708109691739082,-0.005272639449685812,-0.0015268140705302358,0.08564767241477966,0.05187467485666275,0.015051719732582569,0.0,1.0323332162442966e-06
1765457108,772477968,0.059027035302448225,0.0175754655675829,0.005689773361501514,0.03185225884889651,-0.07410668003967924,-0.02150245638457014,1.2582951242253118,-4.08457659514981,0.0,0.0,0.0,-5.0,0.0,0.0,0.0,0.0,-0.04833984375,0.01611328125,0.0,0.30615234375,0.17724609375,0.064453125,0.0,0.0,0.0,0.0,0.0,20.0,0.0,0.0,0.0,0.0,-0.017708109691739082,-0.005272639449685812,-0.0015315351774916053,0.08564767241477966,0.05187467485666275,0.015051719732582569,0.0,1.0323332162442966e-06
1765457108,800331287,0.059027035302448225,0.0175754655675829,0.005759586531581288,0.031817352263856624,-0.07410668003967924,-0.02150245638457014,1.2582951242253118,-4.08457659514981,0.0,0.0,5.0,0.0,0.0,0.0,0.0,0.0,-0.04833984375,0.0,0.0,0.2900390625,0.17724609375,0.064453125,0.01611328125,-0.01611328125,0.0,0.0,0.0,20.0,0.0,0.0,0.0,0.0,-0.017708109691739082,-0.005272639449685812,-0.0015362388221547008,0.08564767986536026,0.05187467485666275,0.015051719732582569,0.0,1.0323332162442966e-06
1765457108,823287155,0.059027035302448225,0.0175754655675829,0.005777039824101231,0.0317649923862968,-0.07410668003967924,-0.02150245638457014,1.2582951242253118,-4.08457659514981,0.0,0.0,0.0,-5.0,0.0,0.0,0.0,0.0,-0.04833984375,0.01611328125,0.0,0.30615234375,0.1611328125,0.08056640625,0.01611328125,0.0,0.0,0.0,0.0,20.0,0.0,0.0,0.0,0.0,-0.017708109691739082,-0.005272639449685812,-0.0015550970565527678,0.08565709739923477,0.05187467485666275,0.015051719732582569,0.0,1.0323332162442966e-06
1765457108,846280049,0.059027035302448225,0.0175754655675829,0.005794493116621174,0.03174753909377685,-0.07410668003967924,-0.02150245638457014,1.2582951242253118,-4.08457659514981,0.0,0.0,0.0,-3.0,0.0,0.0,0.0,0.0,-0.0322265625,0.01611328125,-0.01611328125,0.30615234375,0.17724609375,0.064453125,0.0322265625,-0.01611328125,0.0,0.0,0.0,20.0,0.0,0.0,0.0,0.0,-0.017708109691739082,-0.005272639449685812,-0.0015598007012158632,0.08567123860120773,0.05187467485666275,0.015051719732582569,0.0,1.0323332162442966e-06
1765457108,869682728,0.059027035302448225,0.0175754655675829,0.005811946409141117,0.03174753909377685,-0.07410668003967924,-0.02150245638457014,1.2582951242253118,-4.08457659514981,0.0,0.0,0.0,-3.0,0.0,0.0,0.0,0.0,-0.04833984375,0.01611328125,0.0,0.30615234375,0.193359375,0.08056640625,0.0322265625,0.0,0.0,0.0,0.0,20.0,0.0,0.0,0.0,0.0,-0.017708109691739082,-0.005272639449685812,-0.0015645131934434175,0.08567594736814499,0.05187467485666275,0.015051719732582569,0.0,1.0323332162442966e-06
1765457108,890930555,0.059027035302448225,0.0175754655675829,0.005811946409141117,0.03174753909377685,-0.07410668003967924,-0.02150245638457014,1.2582951242253118,-4.08457659514981,0.0,0.0,0.0,0.0,0.0,0.0,0.0,0.0,-0.04833984375,-0.01611328125,0.0,0.30615234375,0.17724609375,0.08056640625,0.01611328125,0.01611328125,0.0,0.0,0.0,20.0,0.0,0.0,0.0,0.0,-0.017708109691739082,-0.005272639449685812,-0.0015692254528403282,0.08567594736814499,0.05187467485666275,0.015051719732582569,0.0,1.0323332162442966e-06
1765457108,911434465,0.059027035302448225,0.0175754655675829,0.005811946409141117,0.03174753909377685,-0.07410668003967924,-0.02150245638457014,1.2582951242253118,-4.08457659514981,0.0,0.0,0.0,0.0,0.0,0.0,0.0,0.0,-0.01611328125,0.01611328125,0.0,0.322265625,0.17724609375,0.08056640625,0.01611328125,0.0,0.0,0.0,0.0,20.0,0.0,0.0,0.0,0.0,-0.017708109691739082,-0.005272639449685812,-0.00156922556925565,0.08567594736814499,0.05187467485666275,0.015051719732582569,0.0,1.0323332162442966e-06
1765457108,935724686,0.059027035302448225,0.0175754655675829,0.005811946409141117,0.0317649923862968,-0.07410668003967924,-0.02150245638457014,1.2582951242253118,-4.08457659514981,0.0,0.0,0.0,0.0,0.0,0.0,0.0,0.0,-0.04833984375,0.0,0.0,0.27392578125,0.1611328125,0.08056640625,0.01611328125,0.0,0.0,0.0,0.0,20.0,0.0,0.0,0.0,0.0,-0.017708109691739082,-0.005272639449685812,-0.00156922556925565,0.08567594736814499,0.05187467485666275,0.015051719732582569,0.0,1.0323332162442966e-06
1765457108,958735789,0.059027035302448225,0.0175754655675829,0.005811946409141117,0.03178244567881674,-0.07410668003967924,-0.02150245638457014,1.2582951242253118,-4.08457659514981,0.0,0.0,0.0,0.0,0.0,0.0,0.0,0.0,-0.04833984375,0.01611328125,0.0,0.30615234375,0.14501953125,0.04833984375,0.0322265625,0.0,0.0,0.0,0.0,20.0,0.0,0.0,0.0,0.0,-0.017708109691739082,-0.005272639449685812,-0.00156922556925565,0.08567123115062714,0.05187467485666275,0.015051719732582569,0.0,1.0323332162442966e-06
1765457108,979874362,0.059027035302448225,0.0175754655675829,0.005777039824101231,0.031817352263856624,-0.07410668003967924,-0.02150245638457014,1.2582951242253118,-4.08457659514981,0.0,0.0,0.0,0.0,0.0,0.0,0.0,0.0,-0.04833984375,0.01611328125,0.0,0.30615234375,0.1611328125,0.0322265625,0.01611328125,0.01611328125,0.0,0.0,0.0,20.0,0.0,0.0,0.0,0.0,-0.017708109691739082,-0.005272639449685812,-0.00156922556925565,0.08566652238368988,0.05187467485666275,0.015051719732582569,0.0,1.0323332162442966e-06
1765457109,459972,0.059027035302448225,0.0175754655675829,0.0057421332390613445,0.03183480555637657,-0.07410668003967924,-0.02150245638457014,1.2582951242253118,-4.08457659514981,0.0,0.0,0.0,0.0,0.0,0.0,0.0,0.0,-0.08056640625,0.0,0.0,0.27392578125,0.1611328125,0.01611328125,0.0322265625,0.01611328125,0.0,0.0,0.0,20.0,0.0,0.0,0.0,0.0,-0.017708109691739082,-0.005272639449685812,-0.001559800817631185,0.08565709739923477,0.05187467485666275,0.015051719732582569,0.0,1.0323332162442966e-06
1765457109,22092334,0.059027035302448225,0.0175754655675829,0.005707226654021458,0.03185225884889651,-0.07410668003967924,-0.02150245638457014,1.2582951242253118,-4.08457659514981,0.0,0.0,0.0,0.0,0.0,0.0,0.0,0.0,-0.04833984375,-0.01611328125,0.0,0.2900390625,0.193359375,0.064453125,0.0322265625,0.0,0.0,0.0,0.0,20.0,0.0,0.0,0.0,0.0,-0.017708109691739082,-0.005272639449685812,-0.00155037606600672,0.08565238118171692,0.05187467485666275,0.015051719732582569,0.0,1.0323332162442966e-06
1765457109,44183411,0.059027035302448225,0.0175754655675829,0.005689773361501514,0.03185225884889651,-0.07410668003967924,-0.02150245638457014,1.2582951242253118,-4.08457659514981,0.0,0.0,0.0,0.0,0.0,0.0,0.0,0.0,-0.01611328125,0.0,0.0,0.2900390625,0.17724609375,0.064453125,0.0322265625,0.01611328125,0.0,0.0,0.0,20.0,0.0,0.0,0.0,0.0,-0.017708109691739082,-0.005272639449685812,-0.0015409511979669333,0.08564767241477966,0.05187467485666275,0.015051719732582569,0.0,1.0323332162442966e-06
1765457109,66384414,0.059027035302448225,0.0175754655675829,0.005689773361501514,0.03185225884889651,-0.07410668003967924,-0.02150245638457014,1.2582951242253118,-4.08457659514981,0.0,0.0,0.0,0.0,0.0,0.0,0.0,0.0,-0.08056640625,0.0,0.0,0.30615234375,0.193359375,0.0966796875,0.01611328125,0.01611328125,0.0,0.0,0.0,20.0,0.0,0.0,0.0,0.0,-0.017708109691739082,-0.005272639449685812,-0.0015362388221547008,0.08564767241477966,0.05187467485666275,0.015051719732582569,0.0,1.0323332162442966e-06
1765457109,87790874,0.059027035302448225,0.0175754655675829,0.005689773361501514,0.03185225884889651,-0.07410668003967924,-0.02150245638457014,1.2582951242253118,-4.08457659514981,0.0,0.0,0.0,0.0,0.0,0.0,0.0,0.0,-0.04833984375,-0.08056640625,0.0,0.30615234375,0.17724609375,0.08056640625,0.01611328125,0.0,0.0,0.0,0.0,20.0,0.0,0.0,0.0,0.0,-0.017708109691739082,-0.005272639449685812,-0.0015362388221547008,0.08564767241477966,0.05187467485666275,0.015051719732582569,0.0,1.0323332162442966e-06
1765457109,109658225,0.059027035302448225,0.0175754655675829,0.005689773361501514,0.03185225884889651,-0.07410668003967924,-0.02150245638457014,1.2582951242253118,-4.08457659514981,0.0,0.0,0.0,0.0,0.0,0.0,0.0,0.0,-0.04833984375,0.01611328125,0.0,0.3544921875,0.17724609375,0.08056640625,0.01611328125,-0.01611328125,0.0,0.0,0.0,20.0,0.0,0.0,0.0,0.0,-0.017708109691739082,-0.005272639449685812,-0.0015362388221547008,0.08564767241477966,0.05187467485666275,0.015051719732582569,0.0,1.0323332162442966e-06
1765457109,131093070,0.059027035302448225,0.0175754655675829,0.005707226654021458,0.03183480555637657,-0.07410668003967924,-0.02150245638457014,1.2582951242253118,-4.08457659514981,0.0,0.0,0.0,-2.0,0.0,0.0,0.0,0.0,-0.04833984375,0.01611328125,0.0,0.30615234375,0.1611328125,0.08056640625,0.0322265625,0.0,0.0,0.0,0.0,20.0,0.0,0.0,0.0,0.0,-0.017708109691739082,-0.005272639449685812,-0.0015362388221547008,0.08564767241477966,0.05187467485666275,0.015051719732582569,0.0,1.0323332162442966e-06
1765457109,153740629,0.059027035302448225,0.0175754655675829,0.0057421332390613445,0.031817352263856624,-0.07410668003967924,-0.02150245638457014,1.2582951242253118,-4.08457659514981,0.0,0.0,9.0,0.0,0.0,0.0,0.0,0.0,-0.0322265625,0.01611328125,0.0,0.30615234375,0.17724609375,0.08056640625,0.01611328125,0.0,0.0,0.0,0.0,20.0,0.0,0.0,0.0,0.0,-0.017708109691739082,-0.005272639449685812,-0.0015409511979669333,0.08565238863229752,0.05187467485666275,0.015051719732582569,0.0,1.0323332162442966e-06
1765457109,173168215,0.059027035302448225,0.0175754655675829,0.005759586531581288,0.031799898971336685,-0.07410668003967924,-0.02150245638457014,1.2582951242253118,-4.08457659514981,0.0,0.0,0.0,-1.0,0.0,0.0,0.0,0.0,-0.08056640625,0.0,0.0,0.38671875,0.1611328125,0.08056640625,0.01611328125,-0.01611328125,0.0,0.0,0.0,20.0,0.0,0.0,0.0,0.0,-0.017708109691739082,-0.005272639449685812,-0.0015503916656598449,0.08565709739923477,0.05187467485666275,0.015051719732582569,0.0,1.0323332162442966e-06
1765457109,195225306,0.059027035302448225,0.0175754655675829,0.005777039824101231,0.0317649923862968,-0.07410668003967924,-0.02150245638457014,1.2582951242253118,-4.08457659514981,0.0,0.0,0.0,-5.0,0.0,0.0,0.0,0.0,-0.12890625,0.01611328125,0.0,0.27392578125,0.17724609375,0.08056640625,0.01611328125,0.01611328125,0.0,0.0,0.0,20.0,0.0,0.0,0.0,0.0,-0.017708109691739082,-0.005272639449685812,-0.0015550883254036307,0.08566180616617203,0.05187467485666275,0.015051719732582569,0.0,1.0323332162442966e-06
1765457109,219298264,0.059027035302448225,0.0175754655675829,0.005794493116621174,0.0317649923862968,-0.07410668003967924,-0.02150245638457014,1.2582951242253118,-4.08457659514981,0.0,0.0,0.0,-5.0,0.0,0.0,0.0,0.0,-0.12890625,0.0,0.0,0.30615234375,0.17724609375,0.08056640625,0.0322265625,0.0,0.0,0.0,0.0,20.0,0.0,0.0,0.0,0.0,-0.017708109691739082,-0.005272639449685812,-0.0015598007012158632,0.08567123860120773,0.05187467485666275,0.015051719732582569,0.0,1.0323332162442966e-06
1765457109,240096302,0.059027035302448225,0.0175754655675829,0.005794493116621174,0.0317649923862968,-0.07410668003967924,-0.021467549799530253,1.2582951242253118,-4.08457659514981,0.0,0.0,0.0,0.0,0.0,0.0,0.0,0.0,-0.12890625,0.0,0.0,0.2900390625,0.17724609375,0.08056640625,0.0322265625,0.01611328125,0.0,0.0,0.0,20.0,0.0,0.0,0.0,0.0,-0.017708109691739082,-0.005272639449685812,-0.0015645130770280957,0.08567123115062714,0.05187467485666275,0.015051719732582569,0.0,1.0323332162442966e-06
1765457109,261564301,0.059027035302448225,0.0175754655675829,0.005794493116621174,0.0317649923862968,-0.07410668003967924,-0.021467549799530253,1.2582951242253118,-4.08457659514981,0.0,0.0,0.0,0.0,0.0,0.0,0.0,0.0,-0.12890625,-0.01611328125,0.0,0.30615234375,0.17724609375,0.08056640625,0.0322265625,0.0,0.0,0.0,0.0,20.0,0.0,0.0,0.0,0.0,-0.017708109691739082,-0.005272639449685812,-0.0015645131934434175,0.08567123115062714,0.05187467485666275,0.015027287416160107,0.0,1.0323332162442966e-06
1765457109,282859170,0.059027035302448225,0.0175754655675829,0.005794493116621174,0.0317649923862968,-0.07410668003967924,-0.021467549799530253,1.2582951242253118,-4.08457659514981,0.0,0.0,0.0,0.0,0.0,0.0,0.0,0.0,-0.01611328125,0.0,0.01611328125,0.30615234375,0.17724609375,0.08056640625,0.0,0.0,0.0,0.0,0.0,20.0,0.0,0.0,0.0,0.0,-0.017708109691739082,-0.005272639449685812,-0.0015645131934434175,0.08567123115062714,0.05187467485666275,0.015027284622192383,0.0,1.0323332162442966e-06
1765457109,306164913,0.059027035302448225,0.0175754655675829,0.005794493116621174,0.03178244567881674,-0.07410668003967924,-0.021467549799530253,1.2582951242253118,-4.08457659514981,0.0,0.0,0.0,0.0,0.0,0.0,0.0,0.0,-0.0322265625,0.0,0.0,0.30615234375,0.17724609375,0.064453125,0.01611328125,-0.01611328125,0.0,0.0,0.0,20.0,0.0,0.0,0.0,0.0,-0.017708109691739082,-0.005272639449685812,-0.0015645131934434175,0.08567123115062714,0.05187467485666275,0.015027284622192383,0.0,1.0323332162442966e-06
1765457109,328516646,0.059027035302448225,0.0175754655675829,0.005794493116621174,0.031799898971336685,-0.07410668003967924,-0.021467549799530253,1.2582951242253118,-4.08457659514981,0.0,0.0,0.0,0.0,0.0,0.0,0.0,0.0,-0.04833984375,0.01611328125,0.0,0.27392578125,0.17724609375,0.01611328125,0.01611328125,0.01611328125,0.0,0.0,0.0,20.0,0.0,0.0,0.0,0.0,-0.017708109691739082,-0.005272639449685812,-0.0015645131934434175,0.08566652238368988,0.05187467485666275,0.015027284622192383,0.0,1.0323332162442966e-06
1765457109,349297915,0.059027035302448225,0.0175754655675829,0.005759586531581288,0.031817352263856624,-0.07410668003967924,-0.021467549799530253,1.2582951242253118,-4.08457659514981,0.0,0.0,0.0,0.0,0.0,0.0,0.0,0.0,-0.0322265625,0.0,0.0,0.2900390625,0.1611328125,0.064453125,-0.04833984375,0.0,0.0,0.0,0.0,20.0,0.0,0.0,0.0,0.0,-0.017708109691739082,-0.005272639449685812,-0.0015645131934434175,0.08566180616617203,0.05187467485666275,0.015027284622192383,0.0,1.0323332162442966e-06
1765457109,371472421,0.059027035302448225,0.0175754655675829,0.0057421332390613445,0.03183480555637657,-0.07410668003967924,-0.021467549799530253,1.2582951242253118,-4.08457659514981,0.0,0.0,0.0,0.0,0.0,0.0,0.0,0.0,-0.0322265625,0.01611328125,0.0,0.30615234375,0.2578125,0.064453125,0.0322265625,0.01611328125,0.0,0.0,0.0,20.0,0.0,0.0,0.0,0.0,-0.017708109691739082,-0.005272639449685812,-0.001555089489556849,0.08565709739923477,0.05187467485666275,0.015027284622192383,0.0,1.0323332162442966e-06
1765457109,391982186,0.059027035302448225,0.0175754655675829,0.005707226654021458,0.03183480555637657,-0.07410668003967924,-0.021467549799530253,1.2582951242253118,-4.08457659514981,0.0,0.0,0.0,0.0,0.0,0.0,0.0,0.0,-0.064453125,0.01611328125,0.0,0.30615234375,0.193359375,0.064453125,0.01611328125,0.0,0.0,0.0,0.0,20.0,0.0,0.0,0.0,0.0,-0.017708109691739082,-0.005272639449685812,-0.0015503759495913982,0.08565238118171692,0.05187467485666275,0.015027284622192383,0.0,1.0323332162442966e-06
1765457109,416100747,0.059027035302448225,0.0175754655675829,0.005707226654021458,0.03183480555637657,-0.07410668003967924,-0.021467549799530253,1.2582951242253118,-4.08457659514981,0.0,0.0,0.0,0.0,0.0,0.0,0.0,0.0,-0.064453125,0.0,0.0,0.30615234375,0.20947265625,0.0966796875,0.0322265625,0.0,0.0,0.0,0.0,20.0,0.0,0.0,0.0,0.0,-0.017708109691739082,-0.005272639449685812,-0.0015409511979669333,0.08565238118171692,0.05187467485666275,0.015027284622192383,0.0,1.0323332162442966e-06
1765457109,440922134,0.059027035302448225,0.0175754655675829,0.005707226654021458,0.03183480555637657,-0.07410668003967924,-0.021467549799530253,1.2582951242253118,-4.08457659514981,0.0,0.0,0.0,0.0,0.0,0.0,0.0,0.0,-0.04833984375,0.01611328125,0.0,0.2900390625,0.17724609375,0.064453125,0.0322265625,0.01611328125,0.0,0.0,0.0,20.0,0.0,0.0,0.0,0.0,-0.017708109691739082,-0.005272639449685812,-0.0015409511979669333,0.08565238118171692,0.05187467485666275,0.015027284622192383,0.0,1.0323332162442966e-06
1765457109,461837364,0.059027035302448225,0.0175754655675829,0.005707226654021458,0.03183480555637657,-0.07410668003967924,-0.021467549799530253,1.2582951242253118,-4.08457659514981,0.0,0.0,0.0,0.0,0.0,0.0,0.0,0.0,-0.04833984375,0.0,0.0,0.2900390625,0.17724609375,0.08056640625,0.01611328125,-0.01611328125,0.0,0.0,0.0,20.0,0.0,0.0,0.0,0.0,-0.017708109691739082,-0.005272639449685812,-0.0015409511979669333,0.08565238118171692,0.05187467485666275,0.015027284622192383,0.0,1.0323332162442966e-06
1765457109,483909687,0.059027035302448225,0.0175754655675829,0.005707226654021458,0.03183480555637657,-0.07410668003967924,-0.021467549799530253,1.2582951242253118,-4.08457659514981,0.0,0.0,0.0,0.0,0.0,0.0,0.0,0.0,-0.0322265625,0.0,0.0,0.30615234375,0.17724609375,0.08056640625,0.0,0.01611328125,0.0,0.0,0.0,20.0,0.0,0.0,0.0,0.0,-0.017708109691739082,-0.005272639449685812,-0.0015409511979669333,0.08565238118171692,0.05187467485666275,0.015027284622192383,0.0,1.0323332162442966e-06
1765457109,506058208,0.059027035302448225,0.0175754655675829,0.0057246799465414016,0.031817352263856624,-0.07410668003967924,-0.021467549799530253,1.2582951242253118,-4.08457659514981,0.0,0.0,0.0,0.0,0.0,0.0,0.0,0.0,-0.04833984375,-0.01611328125,0.0,0.33837890625,0.17724609375,0.064453125,0.0,0.0,0.0,0.0,0.0,20.0,0.0,0.0,0.0,0.0,-0.017708109691739082,-0.005272639449685812,-0.0015409511979669333,0.08565238118171692,0.05187467485666275,0.015027284622192383,0.0,1.0323332162442966e-06
1765457109,526489152,0.059027035302448225,0.0175754655675829,0.005759586531581288,0.031817352263856624,-0.07410668003967924,-0.021467549799530253,1.2582951242253118,-4.08457659514981,0.0,0.0,0.0,0.0,0.0,0.0,0.0,0.0,-0.0322265625,0.01611328125,0.0,0.30615234375,0.1611328125,0.08056640625,0.0322265625,-0.01611328125,0.0,0.0,0.0,20.0,0.0,0.0,0.0,0.0,-0.017708109691739082,-0.005272639449685812,-0.0015456635737791657,0.08565710484981537,0.05187467485666275,0.015027284622192383,0.0,1.0323332162442966e-06
1765457109,550846959,0.059027035302448225,0.0175754655675829,0.005759586531581288,0.031799898971336685,-0.07410668003967924,-0.021467549799530253,1.2582951242253118,-4.08457659514981,0.0,0.0,0.0,0.0,0.0,0.0,0.0,0.0,-0.04833984375,0.01611328125,0.0,0.2900390625,0.17724609375,0.08056640625,0.0322265625,0.0,0.0,0.0,0.0,20.0,0.0,0.0,0.0,0.0,-0.017708109691739082,-0.005272639449685812,-0.0015550883254036307,0.08565709739923477,0.05187467485666275,0.015027284622192383,0.0,1.0323332162442966e-06
1765457109,577180311,0.059027035302448225,0.0175754655675829,0.005777039824101231,0.0317649923862968,-0.07410668003967924,-0.021467549799530253,1.2582951242253118,-4.08457659514981,0.0,0.0,0.0,-2.0,0.0,0.0,0.0,0.0,-0.04833984375,-0.01611328125,0.0,0.30615234375,0.24169921875,0.08056640625,-0.04833984375,0.01611328125,0.0,0.0,0.0,20.0,0.0,0.0,0.0,0.0,-0.017708109691739082,-0.005272639449685812,-0.0015550883254036307,0.08566157519817352,0.05187467485666275,0.015027284622192383,0.0,1.0323332162442966e-06
1765457109,600314524,0.059027035302448225,0.0175754655675829,0.005777039824101231,0.0317649923862968,-0.07410668003967924,-0.021467549799530253,1.2582951242253118,-4.08457659514981,0.0,0.0,0.0,0.0,0.0,0.0,0.0,0.0,-0.08056640625,0.01611328125,0.0,0.30615234375,0.17724609375,0.08056640625,0.0322265625,0.0,0.0,0.0,0.0,20.0,0.0,0.0,0.0,0.0,-0.017708109691739082,-0.005272639449685812,-0.0015550883254036307,0.08566157519817352,0.05187467485666275,0.015027284622192383,0.0,1.0323332162442966e-06
1765457109,624657099,0.059027035302448225,0.0175754655675829,0.005777039824101231,0.0317649923862968,-0.07410668003967924,-0.021467549799530253,1.2582951242253118,-4.08457659514981,0.0,0.0,0.0,0.0,0.0,0.0,0.0,0.0,-0.04833984375,0.01611328125,0.01611328125,0.30615234375,0.20947265625,0.08056640625,-0.01611328125,0.0,0.0,0.0,0.0,20.0,0.0,0.0,0.0,0.0,-0.017708109691739082,-0.005272639449685812,-0.0015550883254036307,0.08566157519817352,0.05187467485666275,0.015027284622192383,0.0,1.0323332162442966e-06
1765457109,644594604,0.059027035302448225,0.0175754655675829,0.005777039824101231,0.03178244567881674,-0.07410668003967924,-0.021467549799530253,1.2582951242253118,-4.08457659514981,0.0,0.0,0.0,0.0,0.0,0.0,0.0,0.0,-0.04833984375,0.01611328125,0.0,0.2900390625,0.17724609375,0.0966796875,0.0322265625,0.0,0.0,0.0,0.0,20.0,0.0,0.0,0.0,0.0,-0.017708109691739082,-0.005272639449685812,-0.0015550883254036307,0.08566157519817352,0.05187467485666275,0.015027284622192383,0.0,1.0323332162442966e-06
1765457109,664113620,0.059027035302448225,0.0175754655675829,0.005777039824101231,0.03178244567881674,-0.07410668003967924,-0.021467549799530253,1.2582951242253118,-4.08457659514981,0.0,0.0,0.0,0.0,0.0,0.0,0.0,0.0,-0.08056640625,0.01611328125,0.0,0.30615234375,0.193359375,0.04833984375,0.0322265625,-0.01611328125,0.0,0.0,0.0,20.0,0.0,0.0,0.0,0.0,-0.017708109691739082,-0.005272639449685812,-0.0015550883254036307,0.08566157519817352,0.05187467485666275,0.015027284622192383,0.0,1.0323332162442966e-06
1765457109,688661807,0.059027035302448225,0.0175754655675829,0.005777039824101231,0.031799898971336685,-0.07410668003967924,-0.021467549799530253,1.2582951242253118,-4.08457659514981,0.0,0.0,0.0,0.0,0.0,0.0,0.0,0.0,-0.04833984375,-0.08056640625,0.0,0.2900390625,0.193359375,0.08056640625,0.0,0.0,0.0,0.0,0.0,20.0,0.0,0.0,0.0,0.0,-0.017708109691739082,-0.005272639449685812,-0.0015550883254036307,0.08566157519817352,0.05187467485666275,0.015027284622192383,0.0,1.0323332162442966e-06
1765457109,710857595,0.059027035302448225,0.0175754655675829,0.005759586531581288,0.031817352263856624,-0.07410668003967924,-0.021467549799530253,1.2582951242253118,-4.08457659514981,0.0,0.0,0.0,0.0,0.0,0.0,0.0,0.0,-0.01611328125,0.01611328125,0.01611328125,0.30615234375,0.17724609375,0.0966796875,0.01611328125,0.0,0.0,0.0,0.0,20.0,0.0,0.0,0.0,0.0,-0.017708109691739082,-0.005272639449685812,-0.0015550883254036307,0.08566157519817352,0.05187467485666275,0.015027284622192383,0.0,1.0323332162442966e-06
1765457109,731380672,0.059027035302448225,0.0175754655675829,0.0057421332390613445,0.031817352263856624,-0.07410668003967924,-0.021467549799530253,1.2582951242253118,-4.08457659514981,0.0,0.0,0.0,0.0,0.0,0.0,0.0,0.0,-0.04833984375,0.01611328125,0.0,0.2900390625,0.17724609375,0.11279296875,0.01611328125,0.0,0.0,0.0,0.0,20.0,0.0,0.0,0.0,0.0,-0.017708109691739082,-0.005272639449685812,-0.0015550883254036307,0.08566157519817352,0.05187467485666275,0.015027284622192383,0.0,1.0323332162442966e-06
1765457109,753226646,0.059027035302448225,0.0175754655675829,0.0057421332390613445,0.03183480555637657,-0.07410668003967924,-0.021467549799530253,1.2582951242253118,-4.08457659514981,0.0,0.0,0.0,0.0,0.0,0.0,0.0,0.0,-0.12890625,0.0,0.0,0.33837890625,0.17724609375,0.08056640625,0.0,0.0,0.0,0.0,0.0,20.0,0.0,0.0,0.0,0.0,-0.017708109691739082,-0.005272639449685812,-0.0015550883254036307,0.08566157519817352,0.05187467485666275,0.015027284622192383,0.0,1.0323332162442966e-06
1765457109,773060433,0.059027035302448225,0.0175754655675829,0.0057421332390613445,0.03183480555637657,-0.07410668003967924,-0.021467549799530253,1.2582951242253118,-4.08457659514981,0.0,0.0,0.0,0.0,0.0,0.0,0.0,0.0,-0.04833984375,-0.08056640625,0.01611328125,0.4189453125,0.1611328125,0.08056640625,0.01611328125,-0.01611328125,0.0,0.0,0.0,20.0,0.0,0.0,0.0,0.0,-0.017708109691739082,-0.005272639449685812,-0.0015550883254036307,0.08566157519817352,0.05187467485666275,0.015027284622192383,0.0,1.0323332162442966e-06
1765457109,794112919,0.059027035302448225,0.0175754655675829,0.0057421332390613445,0.03183480555637657,-0.07410668003967924,-0.021467549799530253,1.2582951242253118,-4.08457659514981,0.0,0.0,0.0,0.0,0.0,0.0,0.0,0.0,-0.04833984375,-0.01611328125,0.01611328125,0.30615234375,0.17724609375,0.0966796875,0.01611328125,0.01611328125,0.0,0.0,0.0,20.0,0.0,0.0,0.0,0.0,-0.017708109691739082,-0.005272639449685812,-0.0015550883254036307,0.08566157519817352,0.05187467485666275,0.015027284622192383,0.0,1.0323332162442966e-06
1765457109,816230557,0.059027035302448225,0.0175754655675829,0.0057421332390613445,0.03183480555637657,-0.07410668003967924,-0.021467549799530253,1.2582951242253118,-4.08457659514981,0.0,0.0,0.0,0.0,0.0,0.0,0.0,0.0,-0.04833984375,0.0,0.0,0.30615234375,0.17724609375,0.08056640625,0.01611328125,0.0,0.0,0.0,0.0,20.0,0.0,0.0,0.0,0.0,-0.017708109691739082,-0.005272639449685812,-0.0015550883254036307,0.08566157519817352,0.05187467485666275,0.015027284622192383,0.0,1.0323332162442966e-06
1765457109,837668411,0.059027035302448225,0.0175754655675829,0.0057421332390613445,0.03183480555637657,-0.07410668003967924,-0.021467549799530253,1.2582951242253118,-4.08457659514981,0.0,0.0,0.0,-5.0,0.0,0.0,0.0,0.0,-0.12890625,0.0322265625,0.0,0.30615234375,0.17724609375,0.08056640625,0.0322265625,0.0,0.0,0.0,0.0,20.0,0.0,0.0,0.0,0.0,-0.017708109691739082,-0.005272639449685812,-0.0015550883254036307,0.08566157519817352,0.05187467485666275,0.015027284622192383,0.0,1.0323332162442966e-06
1765457109,858845096,0.059027035302448225,0.0175754655675829,0.0057421332390613445,0.031817352263856624,-0.07410668003967924,-0.021467549799530253,1.2582951242253118,-4.08457659514981,0.0,0.0,5.0,0.0,0.0,0.0,0.0,0.0,-0.12890625,0.0,0.0,0.27392578125,0.17724609375,0.08056640625,0.01611328125,0.01611328125,0.0,0.0,0.0,20.0,0.0,0.0,0.0,0.0,-0.017708109691739082,-0.005272639449685812,-0.0015550883254036307,0.08566157519817352,0.05187467485666275,0.015027284622192383,0.0,1.0323332162442966e-06
1765457109,880461104,0.059027035302448225,0.0175754655675829,0.0057421332390613445,0.031817352263856624,-0.07410668003967924,-0.021467549799530253,1.2582951242253118,-4.08457659514981,0.0,0.0,0.0,0.0,0.0,0.0,0.0,0.0,-0.064453125,0.0,0.0,0.27392578125,0.17724609375,0.0966796875,-0.01611328125,0.0,0.0,0.0,0.0,20.0,0.0,0.0,0.0,0.0,-0.017708109691739082,-0.005272639449685812,-0.0015550883254036307,0.08566157519817352,0.05187467485666275,0.015027284622192383,0.0,1.0323332162442966e-06
1765457109,901733411,0.059027035302448225,0.0175754655675829,0.005759586531581288,0.031799898971336685,-0.07410668003967924,-0.021467549799530253,1.2582951242253118,-4.08457659514981,0.0,0.0,0.0,0.0,0.0,0.0,0.0,0.0,-0.0322265625,0.0,0.0,0.30615234375,0.17724609375,0.064453125,0.01611328125,0.0,0.0,0.0,0.0,20.0,0.0,0.0,0.0,0.0,-0.017708109691739082,-0.005272639449685812,-0.0015550883254036307,0.08566157519817352,0.05187467485666275,0.015027284622192383,0.0,1.0323332162442966e-06
1765457109,923188993,0.059027035302448225,0.0175754655675829,0.005759586531581288,0.031799898971336685,-0.07410668003967924,-0.021467549799530253,1.2582951242253118,-4.08457659514981,0.0,0.0,0.0,0.0,0.0,0.0,0.0,0.0,-0.04833984375,-0.08056640625,-0.01611328125,0.2900390625,0.1611328125,0.08056640625,0.01611328125,0.01611328125,0.0,0.0,0.0,20.0,0.0,0.0,0.0,0.0,-0.017708109691739082,-0.005272639449685812,-0.0015550883254036307,0.08566157519817352,0.05187467485666275,0.015027284622192383,0.0,1.0323332162442966e-06
1765457109,945097339,0.059027035302448225,0.0175754655675829,0.005777039824101231,0.031799898971336685,-0.07410668003967924,-0.021467549799530253,1.2582951242253118,-4.08457659514981,0.0,0.0,0.0,0.0,0.0,0.0,0.0,0.0,-0.12890625,-0.01611328125,0.0,0.30615234375,0.17724609375,0.08056640625,0.01611328125,0.0,0.0,0.0,0.0,20.0,0.0,0.0,0.0,0.0,-0.017708109691739082,-0.005272639449685812,-0.0015550883254036307,0.08566157519817352,0.05187467485666275,0.015027284622192383,0.0,1.0323332162442966e-06
1765457109,968314437,0.059027035302448225,0.0175754655675829,0.005777039824101231,0.031799898971336685,-0.07410668003967924,-0.021467549799530253,1.2582951242253118,-4.08457659514981,0.0,0.0,0.0,0.0,0.0,0.0,0.0,0.0,-0.04833984375,0.0,0.0,0.2900390625,0.17724609375,0.08056640625,0.0322265625,0.01611328125,0.0,0.0,0.0,20.0,0.0,0.0,0.0,0.0,-0.017708109691739082,-0.005272639449685812,-0.0015550883254036307,0.08566157519817352,0.05187467485666275,0.015027284622192383,0.0,1.0323332162442966e-06
1765457109,991014799,0.059027035302448225,0.0175754655675829,0.005777039824101231,0.031799898971336685,-0.07410668003967924,-0.021467549799530253,1.2582951242253118,-4.08457659514981,0.0,0.0,0.0,0.0,0.0,0.0,0.0,0.0,-0.01611328125,0.01611328125,0.0,0.30615234375,0.193359375,0.064453125,0.0322265625,0.0,0.0,0.0,0.0,20.0,0.0,0.0,0.0,0.0,-0.017708109691739082,-0.005272639449685812,-0.0015550883254036307,0.08566157519817352,0.05187467485666275,0.015027284622192383,0.0,1.0323332162442966e-06
1765457110,12408713,0.059027035302448225,0.0175754655675829,0.005777039824101231,0.031799898971336685,-0.07410668003967924,-0.021467549799530253,1.2582951242253118,-4.08457659514981,0.0,0.0,0.0,0.0,0.0,0.0,0.0,0.0,-0.04833984375,-0.08056640625,-0.0322265625,0.30615234375,0.17724609375,0.064453125,0.0322265625,0.0,0.0,0.0,0.0,20.0,0.0,0.0,0.0,0.0,-0.017708109691739082,-0.005272639449685812,-0.0015550883254036307,0.08566157519817352,0.05187467485666275,0.015027284622192383,0.0,1.0323332162442966e-06
1765457110,37512644,0.059027035302448225,0.0175754655675829,0.005777039824101231,0.031799898971336685,-0.07410668003967924,-0.021467549799530253,1.2582951242253118,-4.08457659514981,0.0,0.0,0.0,0.0,0.0,0.0,0.0,0.0,-0.1611328125,-0.08056640625,0.01611328125,0.30615234375,0.17724609375,0.08056640625,0.0322265625,0.0,0.0,0.0,0.0,20.0,0.0,0.0,0.0,0.0,-0.017708109691739082,-0.005272639449685812,-0.0015550883254036307,0.08566157519817352,0.05187467485666275,0.015027284622192383,0.0,1.0323332162442966e-06
1765457110,59068839,0.059027035302448225,0.0175754655675829,0.005759586531581288,0.031799898971336685,-0.07410668003967924,-0.021467549799530253,1.2582951242253118,-4.08457659514981,0.0,0.0,0.0,0.0,0.0,0.0,0.0,0.0,-0.0322265625,0.0,0.0,0.3544921875,0.17724609375,0.08056640625,0.0322265625,-0.01611328125,0.0,0.0,0.0,20.0,0.0,0.0,0.0,0.0,-0.017708109691739082,-0.005272639449685812,-0.0015550883254036307,0.08566157519817352,0.05187467485666275,0.015027284622192383,0.0,1.0323332162442966e-06
1765457110,81851284,0.059027035302448225,0.0175754655675829,0.005759586531581288,0.031799898971336685,-0.07410668003967924,-0.021467549799530253,1.2582951242253118,-4.08457659514981,0.0,0.0,0.0,0.0,0.0,0.0,0.0,0.0,-0.0322265625,0.0,0.0,0.1611328125,0.064453125,0.064453125,0.01611328125,-0.01611328125,0.0,0.0,0.0,20.0,0.0,0.0,0.0,0.0,-0.017708109691739082,-0.005272639449685812,-0.0015550883254036307,0.08566157519817352,0.05187467485666275,0.015027284622192383,0.0,1.0323332162442966e-06
1765457110,104322543,0.05906194188748811,0.0175754655675829,0.005759586531581288,0.03139847324337799,-0.07410668003967924,-0.021467549799530253,1.2582951242253118,-4.084594048442329,5.0,0.0,0.0,-8.0,0.0,0.0,0.0,0.0,0.01611328125,0.01611328125,0.0,0.0322265625,0.01611328125,0.01611328125,0.0322265625,0.01611328125,0.0,0.0,0.0,20.0,0.0,0.0,0.0,0.0,-0.017708109691739082,-0.005272639449685812,-0.0015550883254036307,0.08566157519817352,0.05187467485666275,0.015027284622192383,0.0,1.0323332162442966e-06
1765457110,126389232,0.05907939518000806,0.0175754655675829,0.005759586531581288,0.031119220563058898,-0.07410668003967924,-0.021467549799530253,1.2582951242253118,-4.084594048442329,0.0,0.0,0.0,-8.0,0.0,0.0,0.0,0.0,0.0,-0.08056640625,0.0,-0.01611328125,0.01611328125,-0.01611328125,0.0322265625,0.0,0.0,0.0,0.0,20.0,0.0,0.0,0.0,0.0,-0.017708109691739082,-0.005272639449685812,-0.0015550883254036307,0.08566157519817352,0.05187467485666275,0.015027284622192383,0.0,1.0323332162442966e-06
1765457110,148114077,0.05911430176504794,0.0175754655675829,0.005759586531581288,0.030839967882739804,-0.07410668003967924,-0.021467549799530253,1.2582951242253118,-4.084594048442329,0.0,0.0,0.0,-3.0,0.0,0.0,0.0,0.0,0.0,0.01611328125,0.01611328125,-0.01611328125,-0.01611328125,0.0322265625,0.01611328125,-0.01611328125,0.0,0.0,0.0,20.0,0.0,0.0,0.0,0.0,-0.017708109691739082,-0.005272639449685812,-0.0015550883254036307,0.08566157519817352,0.05187467485666275,0.015027284622192383,0.0,1.0323332162442966e-06
1765457110,170543573,0.05911430176504794,0.0175754655675829,0.0057421332390613445,0.03045599544730105,-0.07410668003967924,-0.021467549799530253,1.2582951242253118,-4.084594048442329,0.0,0.0,0.0,-8.0,0.0,0.0,0.0,0.0,0.04833984375,0.01611328125,0.01611328125,0.11279296875,-0.01611328125,0.0,0.0322265625,0.0,0.0,0.0,0.0,20.0,0.0,0.0,0.0,0.0,-0.017708109691739082,-0.005272639449685812,-0.0015550883254036307,0.08566157519817352,0.05187467485666275,0.015027284622192383,0.0,1.0323332162442966e-06
1765457110,191863242,0.05913175505756789,0.0175754655675829,0.005707226654021458,0.030106929596902185,-0.07410668003967924,-0.021467549799530253,1.2582951242253118,-4.084594048442329,0.0,0.0,0.0,-11.0,0.0,0.0,0.0,0.0,0.0322265625,-0.01611328125,0.0,-0.04833984375,-0.01611328125,0.01611328125,0.0322265625,0.0,0.0,0.0,0.0,20.0,0.0,0.0,0.0,0.0,-0.017708109691739082,-0.005272639449685812,-0.0015550883254036307,0.08566157519817352,0.05187467485666275,0.015027284622192383,0.0,1.0323332162442966e-06
1765457110,213721055,0.05914920835008783,0.0175754655675829,0.005689773361501514,0.02977531703902326,-0.07410668003967924,-0.021467549799530253,1.2582951242253118,-4.084594048442329,0.0,0.0,0.0,-5.0,0.0,0.0,0.0,0.0,0.01611328125,0.01611328125,0.0,-0.01611328125,-0.04833984375,0.0,0.0322265625,0.01611328125,0.0,0.0,0.0,20.0,0.0,0.0,0.0,0.0,-0.017708109691739082,-0.005272639449685812,-0.0015550883254036307,0.08566157519817352,0.05187467485666275,0.015027284622192383,0.0,1.0323332162442966e-06
1765457110,236701784,0.05914920835008783,0.0175754655675829,0.005689773361501514,0.029356438018544623,-0.07410668003967924,-0.021467549799530253,1.2582951242253118,-4.084594048442329,0.0,0.0,0.0,-10.0,0.0,0.0,0.0,0.0,0.0,0.01611328125,0.01611328125,0.064453125,-0.0322265625,0.0,0.01611328125,0.0,0.0,0.0,0.0,20.0,0.0,0.0,0.0,0.0,-0.017708109691739082,-0.005272639449685812,-0.0015550883254036307,0.08566157519817352,0.05187467485666275,0.015027284622192383,0.0,1.0323332162442966e-06
1765457110,257374437,0.05914920835008783,0.0175754655675829,0.005759586531581288,0.028972465583105875,-0.07410668003967924,-0.021467549799530253,1.2582951242253118,-4.084594048442329,0.0,0.0,4.0,-10.0,0.0,0.0,0.0,0.0,0.0,0.0322265625,0.0,-0.01611328125,-0.01611328125,0.01611328125,0.0,0.0,0.0,0.0,0.0,20.0,0.0,0.0,0.0,0.0,-0.017708109691739082,-0.005272639449685812,-0.0015550883254036307,0.08566157519817352,0.05187467485666275,0.015027284622192383,0.0,1.0323332162442966e-06
1765457110,278801376,0.05914920835008783,0.017592918860102842,0.005794493116621174,0.02871066619530672,-0.07410668003967924,-0.021467549799530253,1.2582951242253118,-4.084594048442329,0.0,0.0,0.0,-10.0,0.0,0.0,0.0,0.0,0.0322265625,0.0,0.0,-0.04833984375,0.0,0.0322265625,0.04833984375,0.0,0.0,0.0,0.0,20.0,0.0,0.0,0.0,0.0,-0.017708109691739082,-0.005272639449685812,-0.0015550883254036307,0.08566157519817352,0.05187467485666275,0.015027284622192383,0.0,1.0323332162442966e-06
1765457110,300134421,0.05914920835008783,0.017592918860102842,0.005794493116621174,0.02841396022246769,-0.07410668003967924,-0.021467549799530253,1.2582951242253118,-4.084594048442329,0.0,0.0,0.0,-9.0,0.0,0.0,0.0,0.0,0.01611328125,0.0322265625,0.01611328125,-0.0322265625,0.0,0.0,0.0322265625,0.0,0.0,0.0,0.0,20.0,0.0,0.0,0.0,0.0,-0.017708109691739082,-0.005272639449685812,-0.0015550883254036307,0.08566157519817352,0.05187467485666275,0.015027284622192383,0.0,1.0323332162442966e-06
1765457110,371796360,0.05914920835008783,0.017592918860102842,0.005811946409141117,0.02806489437206882,-0.07410668003967924,-0.021467549799530253,1.2582951242253118,-4.084594048442329,0.0,0.0,0.0,-10.0,0.0,0.0,0.0,0.0,-0.01611328125,0.0322265625,0.01611328125,-0.04833984375,0.0,-0.064453125,0.0322265625,-0.01611328125,0.0,0.0,0.0,20.0,0.0,0.0,0.0,0.0,-0.017708109691739082,-0.005272639449685812,-0.0015550883254036307,0.08566157519817352,0.05187467485666275,0.015027284622192383,0.0,1.0323332162442966e-06
1765457110,393967088,0.05914920835008783,0.017592918860102842,0.005794493116621174,0.026982790235832332,-0.07410668003967924,-0.021467549799530253,1.2582951242253118,-4.084594048442329,0.0,0.0,-10.0,-4.0,0.0,0.0,0.0,0.0,0.01611328125,0.01611328125,0.01611328125,-0.04833984375,-0.01611328125,0.0,0.01611328125,0.0,0.0,0.0,0.0,20.0,0.0,0.0,0.0,0.0,-0.017708109691739082,-0.005272639449685812,-0.0015550883254036307,0.08566157519817352,0.05187467485666275,0.015027284622192383,0.0,1.0323332162442966e-06
1765457110,418973573,0.05914920835008783,0.017592918860102842,0.0057421332390613445,0.026773350725593018,-0.07410668003967924,-0.021467549799530253,1.2582951242253118,-4.084594048442329,0.0,0.0,-3.0,0.0,0.0,0.0,0.0,0.0,-0.14501953125,0.01611328125,0.0,-0.04833984375,0.0,0.0,0.01611328125,0.01611328125,0.0,0.0,0.0,20.0,0.0,0.0,0.0,0.0,-0.017708109691739082,-0.005272639449685812,-0.0015550883254036307,0.08566157519817352,0.05187467485666275,0.015027284622192383,0.0,1.0323332162442966e-06
1765457110,442864310,0.05914920835008783,0.017592918860102842,0.005689773361501514,0.02663372438543347,-0.07410668003967924,-0.021467549799530253,1.2582951242253118,-4.084594048442329,0.0,0.0,0.0,0.0,0.0,0.0,0.0,0.0,0.0,0.0322265625,-0.01611328125,-0.04833984375,0.0,0.01611328125,0.0322265625,0.0,0.0,0.0,0.0,20.0,0.0,0.0,0.0,0.0,-0.017708109691739082,-0.005272639449685812,-0.0015550883254036307,0.08566157519817352,0.05187467485666275,0.015027284622192383,0.0,1.0323332162442966e-06
1765457110,465236651,0.05914920835008783,0.017592918860102842,0.005689773361501514,0.026616271092913528,-0.07410668003967924,-0.021467549799530253,1.2582951242253118,-4.084594048442329,0.0,0.0,0.0,0.0,0.0,0.0,0.0,0.0,0.01611328125,0.0,0.01611328125,0.0,-0.01611328125,0.0322265625,0.0322265625,0.0,0.0,0.0,0.0,20.0,0.0,0.0,0.0,0.0,-0.017708109691739082,-0.005272639449685812,-0.0015550883254036307,0.08566157519817352,0.05187467485666275,0.015027284622192383,0.0,1.0323332162442966e-06
1765457110,488678112,0.05914920835008783,0.017592918860102842,0.005689773361501514,0.02663372438543347,-0.07410668003967924,-0.021467549799530253,1.2582951242253118,-4.084594048442329,0.0,0.0,0.0,0.0,0.0,0.0,0.0,0.0,0.0,0.01611328125,0.0,-0.08056640625,-0.01611328125,0.0,0.01611328125,0.0,0.0,0.0,0.0,20.0,0.0,0.0,0.0,0.0,-0.017708109691739082,-0.005272639449685812,-0.0015550883254036307,0.08566157519817352,0.05187467485666275,0.015027284622192383,0.0,1.0323332162442966e-06
