time_sec,time_nanosec,pos_0,pos_1,pos_2,pos_3,pos_4,pos_5,pos_6,pos_7,motor_speed_dps_0,motor_speed_dps_1,motor_speed_dps_2,motor_speed_dps_3,motor_speed_dps_4,motor_speed_dps_5,motor_speed_dps_6,motor_speed_dps_7,eff_0,eff_1,eff_2,eff_3,eff_4,eff_5,eff_6,eff_7,target_value_0,target_value_1,target_value_2,target_value_3,target_value_4,target_value_5,target_value_6,target_value_7,torque_command_0,torque_command_1,torque_command_2,torque_command_3,torque_command_4,torque_command_5,torque_command_6,torque_command_7
1765455460,851082281,0.0666366708411435,0.0009424777960769379,0.03834488366631542,-0.051731559029111925,-0.022375121010567305,-0.07819075048934597,1.1240094915768681,-1.8050893255826155,nan,nan,nan,nan,nan,nan,nan,nan,0.0,-0.04833984375,0.0,0.0,0.01611328125,0.01611328125,0.0322265625,-0.08056640625,nan,nan,nan,nan,nan,nan,nan,nan,nan,nan,nan,nan,nan,nan,nan,nan
1765455460,877947759,0.0666366708411435,0.0009424777960769379,0.03834488366631542,-0.051731559029111925,-0.022375121010567305,-0.07819075048934597,1.1240094915768681,-1.8050893255826155,0.0,0.0,0.0,0.0,0.0,0.0,0.0,0.0,0.0,-0.0322265625,0.01611328125,0.0,0.01611328125,0.01611328125,0.01611328125,-0.08056640625,nan,nan,nan,nan,nan,nan,nan,nan,nan,nan,nan,nan,nan,nan,nan,nan
1765455460,916618834,0.0666366708411435,0.0009424777960769379,0.03834488366631542,-0.051731559029111925,-0.022375121010567305,-0.07819075048934597,1.1240094915768681,-1.8050893255826155,0.0,0.0,0.0,0.0,0.0,0.0,0.0,0.0,0.0,-0.0322265625,0.01611328125,0.01611328125,-0.01611328125,0.01611328125,0.01611328125,-0.12890625,nan,nan,nan,nan,nan,nan,nan,nan,nan,nan,nan,nan,nan,nan,nan,nan
1765455460,954053444,0.0666366708411435,0.0009424777960769379,0.03834488366631542,-0.051731559029111925,-0.022375121010567305,-0.07819075048934597,1.1240094915768681,-1.8050893255826155,0.0,0.0,0.0,0.0,0.0,0.0,0.0,0.0,0.0,-0.04833984375,0.0,0.0,0.01611328125,0.01611328125,0.0322265625,-0.1611328125,nan,nan,nan,nan,nan,nan,nan,nan,nan,nan,nan,nan,nan,nan,nan,nan
1765455460,976946325,0.0666366708411435,0.0009424777960769379,0.03834488366631542,-0.051731559029111925,-0.022375121010567305,-0.07819075048934597,1.1240094915768681,-1.8050893255826155,0.0,0.0,0.0,0.0,0.0,0.0,0.0,0.0,0.0,-0.04833984375,-0.0322265625,0.0,0.01611328125,0.01611328125,0.0322265625,-0.0966796875,nan,nan,nan,nan,nan,nan,nan,nan,nan,nan,nan,nan,nan,nan,nan,nan
1765455461,1647454,0.0666366708411435,0.0009424777960769379,0.03834488366631542,-0.051731559029111925,-0.022375121010567305,-0.07819075048934597,1.1240094915768681,-1.8050893255826155,0.0,0.0,0.0,0.0,0.0,0.0,0.0,0.0,0.0,0.0,0.0,0.0,0.01611328125,0.01611328125,0.0322265625,-0.1611328125,nan,nan,nan,nan,nan,nan,nan,nan,nan,nan,nan,nan,nan,nan,nan,nan
1765455461,31581676,0.0666366708411435,0.0009424777960769379,0.03834488366631542,-0.051731559029111925,-0.022375121010567305,-0.07819075048934597,1.1240094915768681,-1.8050893255826155,0.0,0.0,0.0,0.0,0.0,0.0,0.0,0.0,-0.01611328125,-0.0322265625,0.0,0.0,0.01611328125,0.01611328125,0.04833984375,-0.0966796875,nan,nan,nan,nan,nan,nan,nan,nan,nan,nan,nan,nan,nan,nan,nan,nan
1765455461,81626598,0.0666366708411435,0.0009424777960769379,0.03834488366631542,-0.051731559029111925,-0.022375121010567305,-0.07819075048934597,1.1240094915768681,-1.8050893255826155,0.0,0.0,0.0,0.0,0.0,0.0,0.0,0.0,-0.01611328125,-0.04833984375,-0.0322265625,0.01611328125,0.0,0.0,0.01611328125,-0.14501953125,nan,nan,nan,nan,nan,nan,nan,nan,nan,nan,nan,nan,nan,nan,nan,nan
1765455461,119611072,0.0666366708411435,0.0009424777960769379,0.03834488366631542,-0.051731559029111925,-0.022375121010567305,-0.07819075048934597,1.1240094915768681,-1.8050893255826155,0.0,0.0,0.0,0.0,0.0,0.0,0.0,0.0,0.0,-0.0322265625,0.0322265625,0.0,0.0,0.01611328125,0.01611328125,-0.12890625,nan,nan,nan,nan,nan,nan,nan,nan,nan,nan,nan,nan,nan,nan,nan,nan
1765455461,155766401,0.0666366708411435,0.0009424777960769379,0.03834488366631542,-0.051731559029111925,-0.022375121010567305,-0.07819075048934597,1.1240094915768681,-1.8050893255826155,0.0,0.0,0.0,0.0,0.0,0.0,0.0,0.0,0.01611328125,-0.0322265625,0.0,0.01611328125,-0.01611328125,0.01611328125,0.01611328125,-0.04833984375,nan,nan,nan,nan,nan,nan,nan,nan,nan,nan,nan,nan,nan,nan,nan,nan
1765455461,204413289,0.0666366708411435,0.0009424777960769379,0.03834488366631542,-0.051731559029111925,-0.022375121010567305,-0.07819075048934597,1.1240094915768681,-1.8050893255826155,0.0,0.0,0.0,0.0,0.0,0.0,0.0,0.0,0.0,-0.0322265625,-0.0322265625,0.01611328125,0.01611328125,0.01611328125,0.0322265625,-0.0966796875,nan,nan,nan,nan,nan,nan,nan,nan,nan,nan,nan,nan,nan,nan,nan,nan
1765455461,230398595,0.0666366708411435,0.0009424777960769379,0.03834488366631542,-0.051731559029111925,-0.022375121010567305,-0.07819075048934597,1.1240094915768681,-1.8050893255826155,0.0,0.0,0.0,0.0,0.0,0.0,0.0,0.0,0.0,-0.0322265625,0.0966796875,0.0,0.01611328125,0.01611328125,0.0322265625,-0.12890625,nan,nan,nan,nan,nan,nan,nan,nan,nan,nan,nan,nan,nan,nan,nan,nan
1765455461,261972743,0.0666366708411435,0.0009424777960769379,0.03834488366631542,-0.051731559029111925,-0.022375121010567305,-0.07819075048934597,1.1240094915768681,-1.8050893255826155,0.0,0.0,0.0,0.0,0.0,0.0,0.0,0.0,0.0,-0.04833984375,-0.04833984375,0.0,0.01611328125,0.01611328125,0.04833984375,-0.12890625,nan,nan,nan,nan,nan,nan,nan,nan,nan,nan,nan,nan,nan,nan,nan,nan
1765455461,288599561,0.0666366708411435,0.0009424777960769379,0.03834488366631542,-0.051731559029111925,-0.022375121010567305,-0.07819075048934597,1.1240094915768681,-1.8050893255826155,0.0,0.0,0.0,0.0,0.0,0.0,0.0,0.0,-0.01611328125,-0.0322265625,-0.04833984375,0.01611328125,-0.01611328125,0.0,0.01611328125,-0.12890625,nan,nan,nan,nan,nan,nan,nan,nan,nan,nan,nan,nan,nan,nan,nan,nan
1765455461,309027833,0.0666366708411435,0.0009424777960769379,0.03834488366631542,-0.051731559029111925,-0.022375121010567305,-0.07819075048934597,1.1240094915768681,-1.8050893255826155,0.0,0.0,0.0,0.0,0.0,0.0,0.0,0.0,0.0,-0.0322265625,-0.04833984375,0.01611328125,0.01611328125,-0.04833984375,0.0322265625,-0.0966796875,nan,nan,nan,nan,nan,nan,nan,nan,nan,nan,nan,nan,nan,nan,nan,nan
1765455461,331595814,0.0666366708411435,0.0009424777960769379,0.03834488366631542,-0.051731559029111925,-0.022375121010567305,-0.07819075048934597,1.1240094915768681,-1.8050893255826155,0.0,0.0,0.0,0.0,0.0,0.0,0.0,0.0,0.0,-0.0322265625,0.0,0.01611328125,-0.01611328125,0.0322265625,0.04833984375,-0.12890625,nan,nan,nan,nan,nan,nan,nan,nan,nan,nan,nan,nan,nan,nan,nan,nan
1765455461,359335511,0.0666366708411435,0.0009424777960769379,0.03834488366631542,-0.051731559029111925,-0.022375121010567305,-0.07819075048934597,1.1240094915768681,-1.8050893255826155,0.0,0.0,0.0,0.0,0.0,0.0,0.0,0.0,0.0,0.0,0.0,0.01611328125,0.01611328125,0.01611328125,0.01611328125,-0.11279296875,nan,nan,nan,nan,nan,nan,nan,nan,nan,nan,nan,nan,nan,nan,nan,nan
1765455461,386881573,0.0666366708411435,0.0009424777960769379,0.03834488366631542,-0.051731559029111925,-0.022375121010567305,-0.07819075048934597,1.1240094915768681,-1.8050893255826155,0.0,0.0,0.0,0.0,0.0,0.0,0.0,0.0,-0.01611328125,-0.0322265625,0.04833984375,0.0,-0.01611328125,0.0,0.0322265625,-0.0966796875,nan,nan,nan,nan,nan,nan,nan,nan,nan,nan,nan,nan,nan,nan,nan,nan
1765455461,411656335,0.0666366708411435,0.0009424777960769379,0.03834488366631542,-0.051731559029111925,-0.022375121010567305,-0.07819075048934597,1.1240094915768681,-1.8050893255826155,0.0,0.0,0.0,0.0,0.0,0.0,0.0,0.0,-0.01611328125,-0.0322265625,0.0,0.0,0.0,0.0322265625,0.0322265625,-0.0966796875,nan,nan,nan,nan,nan,nan,nan,nan,nan,nan,nan,nan,nan,nan,nan,nan
1765455461,436231478,0.0666366708411435,0.0009424777960769379,0.03834488366631542,-0.051731559029111925,-0.022375121010567305,-0.07819075048934597,1.1240094915768681,-1.8050893255826155,0.0,0.0,0.0,0.0,0.0,0.0,0.0,0.0,-0.01611328125,0.0,0.0,0.01611328125,0.01611328125,0.01611328125,0.01611328125,-0.11279296875,nan,nan,nan,nan,nan,nan,nan,nan,nan,nan,nan,nan,nan,nan,nan,nan
1765455461,459136199,0.0666366708411435,0.0009424777960769379,0.03834488366631542,-0.051731559029111925,-0.022375121010567305,-0.07819075048934597,1.1240094915768681,-1.8050893255826155,0.0,0.0,0.0,0.0,0.0,0.0,0.0,0.0,-0.01611328125,0.0,0.0,0.0,0.01611328125,0.01611328125,0.04833984375,-0.12890625,nan,nan,nan,nan,nan,nan,nan,nan,nan,nan,nan,nan,nan,nan,nan,nan
1765455461,491932636,0.0666366708411435,0.0009424777960769379,0.03834488366631542,-0.051731559029111925,-0.022375121010567305,-0.07819075048934597,1.1240094915768681,-1.8050893255826155,0.0,0.0,0.0,0.0,0.0,0.0,0.0,0.0,0.0,0.0,-0.0322265625,0.01611328125,0.01611328125,0.01611328125,0.01611328125,-0.11279296875,nan,nan,nan,nan,nan,nan,nan,nan,nan,nan,nan,nan,nan,nan,nan,nan
1765455461,522853751,0.0666366708411435,0.0009424777960769379,0.03834488366631542,-0.051731559029111925,-0.022375121010567305,-0.07819075048934597,1.1240094915768681,-1.8050893255826155,0.0,0.0,0.0,0.0,0.0,0.0,0.0,0.0,0.0,-0.0322265625,0.0322265625,0.0,-0.01611328125,0.01611328125,0.04833984375,-0.0966796875,nan,nan,nan,nan,nan,nan,nan,nan,nan,nan,nan,nan,nan,nan,nan,nan
1765455461,547533536,0.0666366708411435,0.0009424777960769379,0.03834488366631542,-0.051731559029111925,-0.022375121010567305,-0.07819075048934597,1.1240094915768681,-1.8050893255826155,0.0,0.0,0.0,0.0,0.0,0.0,0.0,0.0,0.0,0.0,0.0,0.0,0.0,0.01611328125,-0.04833984375,-0.12890625,nan,nan,nan,nan,nan,nan,nan,nan,nan,nan,nan,nan,nan,nan,nan,nan
1765455461,584625486,0.0666366708411435,0.0009424777960769379,0.03834488366631542,-0.051731559029111925,-0.022375121010567305,-0.07819075048934597,1.1240094915768681,-1.8050893255826155,0.0,0.0,0.0,0.0,0.0,0.0,0.0,0.0,-0.01611328125,0.0,0.01611328125,0.01611328125,0.01611328125,0.01611328125,0.04833984375,-0.0966796875,nan,nan,nan,nan,nan,nan,nan,nan,nan,nan,nan,nan,nan,nan,nan,nan
1765455461,613645808,0.0666366708411435,0.0009424777960769379,0.03834488366631542,-0.051731559029111925,-0.022375121010567305,-0.07819075048934597,1.1240094915768681,-1.8050893255826155,0.0,0.0,0.0,0.0,0.0,0.0,0.0,0.0,-0.01611328125,-0.0322265625,0.0,0.0,0.01611328125,0.0,0.01611328125,-0.11279296875,nan,nan,nan,nan,nan,nan,nan,nan,nan,nan,nan,nan,nan,nan,nan,nan
1765455461,634684936,0.0666366708411435,0.0009424777960769379,0.03834488366631542,-0.051731559029111925,-0.022375121010567305,-0.07819075048934597,1.1240094915768681,-1.8050893255826155,0.0,0.0,0.0,0.0,0.0,0.0,0.0,0.0,0.0,0.0,0.0,0.0,0.0,0.01611328125,-0.01611328125,-0.0966796875,nan,nan,nan,nan,nan,nan,nan,nan,nan,nan,nan,nan,nan,nan,nan,nan
1765455461,657318773,0.0666366708411435,0.0009424777960769379,0.03834488366631542,-0.051731559029111925,-0.022375121010567305,-0.07819075048934597,1.1240094915768681,-1.8050893255826155,0.0,0.0,0.0,0.0,0.0,0.0,0.0,0.0,-0.01611328125,-0.04833984375,0.01611328125,0.01611328125,0.0,0.01611328125,0.04833984375,-0.1611328125,nan,nan,nan,nan,nan,nan,nan,nan,nan,nan,nan,nan,nan,nan,nan,nan
1765455461,682374979,0.0666366708411435,0.0009424777960769379,0.03834488366631542,-0.051731559029111925,-0.022375121010567305,-0.07819075048934597,1.1240094915768681,-1.8050893255826155,0.0,0.0,0.0,0.0,0.0,0.0,0.0,0.0,0.0,-0.0322265625,0.0,0.0,0.0,0.01611328125,0.0322265625,-0.12890625,nan,nan,nan,nan,nan,nan,nan,nan,nan,nan,nan,nan,nan,nan,nan,nan
1765455461,707667155,0.0666366708411435,0.0009424777960769379,0.03834488366631542,-0.051731559029111925,-0.022375121010567305,-0.07819075048934597,1.1240094915768681,-1.8050893255826155,0.0,0.0,0.0,0.0,0.0,0.0,0.0,0.0,0.0,-0.04833984375,0.0,0.0,0.0,-0.04833984375,0.04833984375,-0.08056640625,nan,nan,nan,nan,nan,nan,nan,nan,nan,nan,nan,nan,nan,nan,nan,nan
1765455461,736249840,0.0666366708411435,0.0009424777960769379,0.03834488366631542,-0.051731559029111925,-0.022375121010567305,-0.07819075048934597,1.1240094915768681,-1.8050893255826155,0.0,0.0,0.0,0.0,0.0,0.0,0.0,0.0,-0.01611328125,-0.0322265625,0.0,0.0,0.01611328125,0.0322265625,0.01611328125,-0.08056640625,nan,nan,nan,nan,nan,nan,nan,nan,nan,nan,nan,nan,nan,nan,nan,nan
1765455461,783420100,0.0666366708411435,0.0009424777960769379,0.03834488366631542,-0.051731559029111925,-0.022375121010567305,-0.07819075048934597,1.1240094915768681,-1.8050893255826155,0.0,0.0,0.0,0.0,0.0,0.0,0.0,0.0,0.0,-0.04833984375,0.0,0.01611328125,0.01611328125,0.01611328125,0.0322265625,-0.12890625,nan,nan,nan,nan,nan,nan,nan,nan,nan,nan,nan,nan,nan,nan,nan,nan
1765455461,811320311,0.0666366708411435,0.0009424777960769379,0.03834488366631542,-0.051731559029111925,-0.022375121010567305,-0.07819075048934597,1.1240094915768681,-1.8050893255826155,0.0,0.0,0.0,0.0,0.0,0.0,0.0,0.0,0.0,-0.0322265625,0.0,0.0,0.0,0.01611328125,0.04833984375,-0.11279296875,nan,nan,nan,nan,nan,nan,nan,nan,nan,nan,nan,nan,nan,nan,nan,nan
1765455461,836101281,0.0666366708411435,0.0009424777960769379,0.03834488366631542,-0.051731559029111925,-0.022375121010567305,-0.07819075048934597,1.1240094915768681,-1.8050893255826155,0.0,0.0,0.0,0.0,0.0,0.0,0.0,0.0,0.0,-0.0322265625,-0.064453125,0.01611328125,0.0,0.0,0.0322265625,-0.12890625,nan,nan,nan,nan,nan,nan,nan,nan,nan,nan,nan,nan,nan,nan,nan,nan
1765455461,863034823,0.0666366708411435,0.0009424777960769379,0.03834488366631542,-0.051731559029111925,-0.022375121010567305,-0.07819075048934597,1.1240094915768681,-1.8050893255826155,0.0,0.0,0.0,0.0,0.0,0.0,0.0,0.0,0.0,0.0,0.0,0.01611328125,0.01611328125,0.0322265625,0.0,-0.08056640625,nan,nan,nan,nan,nan,nan,nan,nan,nan,nan,nan,nan,nan,nan,nan,nan
1765455461,887528397,0.0666366708411435,0.0009424777960769379,0.03834488366631542,-0.051731559029111925,-0.022375121010567305,-0.07819075048934597,1.1240094915768681,-1.8050893255826155,0.0,0.0,0.0,0.0,0.0,0.0,0.0,0.0,0.0,-0.04833984375,-0.0322265625,0.0,0.01611328125,0.01611328125,0.0322265625,-0.0966796875,nan,nan,nan,nan,nan,nan,nan,nan,nan,nan,nan,nan,nan,nan,nan,nan
1765455461,916135402,0.0666366708411435,0.0009424777960769379,0.03834488366631542,-0.051731559029111925,-0.022375121010567305,-0.07819075048934597,1.1240094915768681,-1.8050893255826155,0.0,0.0,0.0,0.0,0.0,0.0,0.0,0.0,0.0,-0.0322265625,0.0,0.0,0.01611328125,0.01611328125,0.0322265625,-0.12890625,nan,nan,nan,nan,nan,nan,nan,nan,nan,nan,nan,nan,nan,nan,nan,nan
1765455461,938832280,0.0666366708411435,0.0009424777960769379,0.03834488366631542,-0.051731559029111925,-0.022375121010567305,-0.07819075048934597,1.1240094915768681,-1.8050893255826155,0.0,0.0,0.0,0.0,0.0,0.0,0.0,0.0,-0.01611328125,0.0,-0.04833984375,0.0,0.0,0.0,0.0322265625,-0.12890625,nan,nan,nan,nan,nan,nan,nan,nan,nan,nan,nan,nan,nan,nan,nan,nan
1765455461,960957503,0.0666366708411435,0.0009424777960769379,0.03834488366631542,-0.051731559029111925,-0.022375121010567305,-0.07819075048934597,1.1240094915768681,-1.8050893255826155,0.0,0.0,0.0,0.0,0.0,0.0,0.0,0.0,0.01611328125,0.01611328125,0.0,0.0,0.0,0.0,0.0322265625,-0.11279296875,nan,nan,nan,nan,nan,nan,nan,nan,nan,nan,nan,nan,nan,nan,nan,nan
1765455461,989999553,0.0666366708411435,0.0009424777960769379,0.03834488366631542,-0.051731559029111925,-0.022375121010567305,-0.07819075048934597,1.1240094915768681,-1.8050893255826155,0.0,0.0,0.0,0.0,0.0,0.0,0.0,0.0,-0.01611328125,0.0,0.0,0.0,0.01611328125,0.0,0.0322265625,-0.11279296875,nan,nan,nan,nan,nan,nan,nan,nan,nan,nan,nan,nan,nan,nan,nan,nan
1765455462,10884311,0.0666366708411435,0.0009424777960769379,0.03834488366631542,-0.051731559029111925,-0.022375121010567305,-0.07819075048934597,1.1240094915768681,-1.8050893255826155,0.0,0.0,0.0,0.0,0.0,0.0,0.0,0.0,-0.01611328125,0.0,-0.04833984375,0.0,0.0,0.01611328125,-0.0322265625,-0.11279296875,nan,nan,nan,nan,nan,nan,nan,nan,nan,nan,nan,nan,nan,nan,nan,nan
1765455462,36460844,0.0666366708411435,0.0009424777960769379,0.03834488366631542,-0.051731559029111925,-0.022375121010567305,-0.07819075048934597,1.1240094915768681,-1.8050893255826155,0.0,0.0,0.0,0.0,0.0,0.0,0.0,0.0,-0.01611328125,-0.04833984375,0.01611328125,0.0,0.0,0.01611328125,0.01611328125,-0.0966796875,nan,nan,nan,nan,nan,nan,nan,nan,nan,nan,nan,nan,nan,nan,nan,nan
1765455462,68093457,0.0666366708411435,0.0009424777960769379,0.03834488366631542,-0.051731559029111925,-0.022375121010567305,-0.07819075048934597,1.1240094915768681,-1.8050893255826155,0.0,0.0,0.0,0.0,0.0,0.0,0.0,0.0,0.01611328125,0.0,0.0,0.0,0.01611328125,0.0,0.0322265625,-0.12890625,nan,nan,nan,nan,nan,nan,nan,nan,nan,nan,nan,nan,nan,nan,nan,nan
1765455462,98594983,0.0666366708411435,0.0009424777960769379,0.03834488366631542,-0.051731559029111925,-0.022375121010567305,-0.07819075048934597,1.1240094915768681,-1.8050893255826155,0.0,0.0,0.0,0.0,0.0,0.0,0.0,0.0,-0.01611328125,0.0,0.0,-0.01611328125,-0.01611328125,0.01611328125,0.0322265625,-0.12890625,nan,nan,nan,nan,nan,nan,nan,nan,nan,nan,nan,nan,nan,nan,nan,nan
1765455462,122204641,0.0666366708411435,0.0009424777960769379,0.03834488366631542,-0.051731559029111925,-0.022375121010567305,-0.07819075048934597,1.1240094915768681,-1.8050893255826155,0.0,0.0,0.0,0.0,0.0,0.0,0.0,0.0,0.0,-0.04833984375,0.0,0.0,0.0,0.01611328125,0.04833984375,-0.11279296875,nan,nan,nan,nan,nan,nan,nan,nan,nan,nan,nan,nan,nan,nan,nan,nan
1765455462,164513396,0.0666366708411435,0.0009424777960769379,0.03834488366631542,-0.051731559029111925,-0.022375121010567305,-0.07819075048934597,1.1240094915768681,-1.8050893255826155,0.0,0.0,0.0,0.0,0.0,0.0,0.0,0.0,0.0,0.08056640625,0.0,0.0322265625,0.0,0.0,0.0322265625,-0.12890625,nan,nan,nan,nan,nan,nan,nan,nan,nan,nan,nan,nan,nan,nan,nan,nan
1765455462,201710211,0.0666366708411435,0.0009424777960769379,0.03834488366631542,-0.051731559029111925,-0.022375121010567305,-0.07819075048934597,1.1240094915768681,-1.8050893255826155,0.0,0.0,0.0,0.0,0.0,0.0,0.0,0.0,0.0,0.0,-0.0322265625,0.01611328125,0.0,0.01611328125,0.0322265625,-0.14501953125,nan,nan,nan,nan,nan,nan,nan,nan,nan,nan,nan,nan,nan,nan,nan,nan
1765455462,232610302,0.0666366708411435,0.0009424777960769379,0.03834488366631542,-0.051731559029111925,-0.022375121010567305,-0.07819075048934597,1.1240094915768681,-1.8050893255826155,0.0,0.0,0.0,0.0,0.0,0.0,0.0,0.0,0.0,-0.04833984375,0.01611328125,0.01611328125,0.0,0.01611328125,0.0322265625,-0.12890625,nan,nan,nan,nan,nan,nan,nan,nan,nan,nan,nan,nan,nan,nan,nan,nan
1765455462,268550301,0.0666366708411435,0.0009424777960769379,0.03834488366631542,-0.051731559029111925,-0.022375121010567305,-0.07819075048934597,1.1240094915768681,-1.8050893255826155,0.0,0.0,0.0,0.0,0.0,0.0,0.0,0.0,0.0,-0.0322265625,0.0,0.01611328125,0.0,0.01611328125,0.0322265625,-0.12890625,nan,nan,nan,nan,nan,nan,nan,nan,nan,nan,nan,nan,nan,nan,nan,nan
1765455462,299521721,0.0666366708411435,0.0009424777960769379,0.03834488366631542,-0.051731559029111925,-0.022375121010567305,-0.07819075048934597,1.1240094915768681,-1.8050893255826155,0.0,0.0,0.0,0.0,0.0,0.0,0.0,0.0,-0.01611328125,-0.0322265625,0.0,0.0,-0.01611328125,0.01611328125,0.0322265625,-0.12890625,nan,nan,nan,nan,nan,nan,nan,nan,nan,nan,nan,nan,nan,nan,nan,nan
1765455462,321920387,0.0666366708411435,0.0009424777960769379,0.03834488366631542,-0.051731559029111925,-0.022375121010567305,-0.07819075048934597,1.1240094915768681,-1.8050893255826155,0.0,0.0,0.0,0.0,0.0,0.0,0.0,0.0,-0.01611328125,-0.0322265625,-0.04833984375,0.0,0.01611328125,0.0,0.01611328125,-0.0966796875,nan,nan,nan,nan,nan,nan,nan,nan,nan,nan,nan,nan,nan,nan,nan,nan
1765455462,344895797,0.0666366708411435,0.0009424777960769379,0.03834488366631542,-0.051731559029111925,-0.022375121010567305,-0.07819075048934597,1.1240094915768681,-1.8050893255826155,0.0,0.0,0.0,0.0,0.0,0.0,0.0,0.0,-0.01611328125,-0.04833984375,0.01611328125,0.0,0.01611328125,0.0322265625,0.0322265625,-0.0966796875,nan,nan,nan,nan,nan,nan,nan,nan,nan,nan,nan,nan,nan,nan,nan,nan
1765455462,366088431,0.0666366708411435,0.0009424777960769379,0.03834488366631542,-0.051731559029111925,-0.022375121010567305,-0.07819075048934597,1.1240094915768681,-1.8050893255826155,0.0,0.0,0.0,0.0,0.0,0.0,0.0,0.0,-0.01611328125,0.0,-0.0322265625,0.0,0.0,0.01611328125,0.0322265625,-0.0966796875,nan,nan,nan,nan,nan,nan,nan,nan,nan,nan,nan,nan,nan,nan,nan,nan
1765455462,387359946,0.0666366708411435,0.0009424777960769379,0.03834488366631542,-0.051731559029111925,-0.022375121010567305,-0.07819075048934597,1.1240094915768681,-1.8050893255826155,0.0,0.0,0.0,0.0,0.0,0.0,0.0,0.0,0.0,-0.04833984375,0.0,0.0,0.0,0.01611328125,-0.01611328125,-0.12890625,nan,nan,nan,nan,nan,nan,nan,nan,nan,nan,nan,nan,nan,nan,nan,nan
1765455462,406437128,0.0666366708411435,0.0009424777960769379,0.03834488366631542,-0.051731559029111925,-0.022375121010567305,-0.07819075048934597,1.1240094915768681,-1.8050893255826155,0.0,0.0,0.0,0.0,0.0,0.0,0.0,0.0,0.0,0.0,0.0,0.0,0.01611328125,0.01611328125,0.0322265625,-0.0966796875,nan,nan,nan,nan,nan,nan,nan,nan,nan,nan,nan,nan,nan,nan,nan,nan
1765455462,426803959,0.0666366708411435,0.0009424777960769379,0.03834488366631542,-0.051731559029111925,-0.022375121010567305,-0.07819075048934597,1.1240094915768681,-1.8050893255826155,0.0,0.0,0.0,0.0,0.0,0.0,0.0,0.0,-0.01611328125,0.0,0.0,0.01611328125,0.01611328125,0.0322265625,0.0322265625,-0.12890625,nan,nan,nan,nan,nan,nan,nan,nan,nan,nan,nan,nan,nan,nan,nan,nan
1765455462,446001207,0.0666366708411435,0.0009424777960769379,0.03834488366631542,-0.051731559029111925,-0.022375121010567305,-0.07819075048934597,1.1240094915768681,-1.8050893255826155,0.0,0.0,0.0,0.0,0.0,0.0,0.0,0.0,0.0,0.0,-0.0322265625,0.0,0.01611328125,0.01611328125,0.04833984375,-0.11279296875,nan,nan,nan,nan,nan,nan,nan,nan,nan,nan,nan,nan,nan,nan,nan,nan
1765455462,465949760,0.0666366708411435,0.0009424777960769379,0.03834488366631542,-0.051731559029111925,-0.022375121010567305,-0.07819075048934597,1.1240094915768681,-1.8050893255826155,0.0,0.0,0.0,0.0,0.0,0.0,0.0,0.0,0.0,-0.0322265625,0.0,0.01611328125,0.0,0.01611328125,0.0322265625,-0.12890625,nan,nan,nan,nan,nan,nan,nan,nan,nan,nan,nan,nan,nan,nan,nan,nan
1765455462,485679463,0.0666366708411435,0.0009424777960769379,0.03834488366631542,-0.051731559029111925,-0.022375121010567305,-0.07819075048934597,1.1240094915768681,-1.8050893255826155,0.0,0.0,0.0,0.0,0.0,0.0,0.0,0.0,0.0,0.0,-0.0322265625,0.01611328125,0.0,0.0,0.0322265625,-0.12890625,nan,nan,nan,nan,nan,nan,nan,nan,nan,nan,nan,nan,nan,nan,nan,nan
1765455462,505534447,0.0666366708411435,0.0009424777960769379,0.03834488366631542,-0.051731559029111925,-0.022375121010567305,-0.07819075048934597,1.1240094915768681,-1.8050893255826155,0.0,0.0,0.0,0.0,0.0,0.0,0.0,0.0,-0.01611328125,-0.0322265625,0.01611328125,0.0,0.01611328125,0.0,0.01611328125,-0.11279296875,nan,nan,nan,nan,nan,nan,nan,nan,nan,nan,nan,nan,nan,nan,nan,nan
1765455462,525398999,0.0666366708411435,0.0009424777960769379,0.03834488366631542,-0.051731559029111925,-0.022375121010567305,-0.07819075048934597,1.1240094915768681,-1.8050893255826155,0.0,0.0,0.0,0.0,0.0,0.0,0.0,0.0,-0.01611328125,0.0,0.0,0.01611328125,-0.01611328125,0.01611328125,0.01611328125,-0.12890625,nan,nan,nan,nan,nan,nan,nan,nan,nan,nan,nan,nan,nan,nan,nan,nan
1765455462,546211340,0.0666366708411435,0.0009424777960769379,0.03834488366631542,-0.051731559029111925,-0.022375121010567305,-0.07819075048934597,1.1240094915768681,-1.8050893255826155,0.0,0.0,0.0,0.0,0.0,0.0,0.0,0.0,0.0,-0.04833984375,-0.01611328125,0.0,0.01611328125,0.01611328125,0.0322265625,-0.11279296875,nan,nan,nan,nan,nan,nan,nan,nan,nan,nan,nan,nan,nan,nan,nan,nan
1765455462,566486362,0.0666366708411435,0.0009424777960769379,0.03834488366631542,-0.051731559029111925,-0.022375121010567305,-0.07819075048934597,1.1240094915768681,-1.8050893255826155,0.0,0.0,0.0,0.0,0.0,0.0,0.0,0.0,-0.01611328125,0.0,0.01611328125,0.01611328125,0.0,0.01611328125,0.0322265625,-0.064453125,nan,nan,nan,nan,nan,nan,nan,nan,nan,nan,nan,nan,nan,nan,nan,nan
1765455462,590804158,0.0666366708411435,0.0009424777960769379,0.03834488366631542,-0.051731559029111925,-0.022375121010567305,-0.07819075048934597,1.1240094915768681,-1.8050893255826155,0.0,0.0,0.0,0.0,0.0,0.0,0.0,0.0,0.0,-0.0322265625,-0.0322265625,0.0,0.01611328125,0.01611328125,0.0322265625,-0.11279296875,nan,nan,nan,nan,nan,nan,nan,nan,nan,nan,nan,nan,nan,nan,nan,nan
1765455462,612105721,0.0666366708411435,0.0009424777960769379,0.03834488366631542,-0.051731559029111925,-0.022375121010567305,-0.07819075048934597,1.1240094915768681,-1.8050893255826155,0.0,0.0,0.0,0.0,0.0,0.0,0.0,0.0,0.0,-0.0322265625,0.01611328125,0.01611328125,0.0,0.01611328125,0.0322265625,-0.11279296875,nan,nan,nan,nan,nan,nan,nan,nan,nan,nan,nan,nan,nan,nan,nan,nan
1765455462,635300014,0.0666366708411435,0.0009424777960769379,0.03834488366631542,-0.051731559029111925,-0.022375121010567305,-0.07819075048934597,1.1240094915768681,-1.8050893255826155,0.0,0.0,0.0,0.0,0.0,0.0,0.0,0.0,-0.01611328125,-0.04833984375,0.0,0.01611328125,0.01611328125,0.0,0.0322265625,-0.11279296875,nan,nan,nan,nan,nan,nan,nan,nan,nan,nan,nan,nan,nan,nan,nan,nan
1765455462,662528024,0.0666366708411435,0.0009424777960769379,0.03834488366631542,-0.051731559029111925,-0.022375121010567305,-0.07819075048934597,1.1240094915768681,-1.8050893255826155,0.0,0.0,0.0,0.0,0.0,0.0,0.0,0.0,0.0,0.01611328125,-0.04833984375,0.0,0.0,0.01611328125,0.04833984375,-0.0966796875,nan,nan,nan,nan,nan,nan,nan,nan,nan,nan,nan,nan,nan,nan,nan,nan
1765455462,682378785,0.0666366708411435,0.0009424777960769379,0.03834488366631542,-0.051731559029111925,-0.022375121010567305,-0.07819075048934597,1.1240094915768681,-1.8050893255826155,0.0,0.0,0.0,0.0,0.0,0.0,0.0,0.0,0.0,-0.01611328125,-0.0322265625,0.0,0.0,0.0322265625,0.04833984375,-0.064453125,nan,nan,nan,nan,nan,nan,nan,nan,nan,nan,nan,nan,nan,nan,nan,nan
1765455462,702011590,0.0666366708411435,0.0009424777960769379,0.03834488366631542,-0.051731559029111925,-0.022375121010567305,-0.07819075048934597,1.1240094915768681,-1.8050893255826155,0.0,0.0,0.0,0.0,0.0,0.0,0.0,0.0,0.0,-0.04833984375,0.0,0.01611328125,-0.01611328125,0.0,0.01611328125,-0.0966796875,nan,nan,nan,nan,nan,nan,nan,nan,nan,nan,nan,nan,nan,nan,nan,nan
1765455462,721528426,0.0666366708411435,0.0009424777960769379,0.03834488366631542,-0.051731559029111925,-0.022375121010567305,-0.07819075048934597,1.1240094915768681,-1.8050893255826155,0.0,0.0,0.0,0.0,0.0,0.0,0.0,0.0,0.0,-0.0322265625,-0.04833984375,0.0322265625,0.0,0.01611328125,0.01611328125,-0.11279296875,nan,nan,nan,nan,nan,nan,nan,nan,nan,nan,nan,nan,nan,nan,nan,nan
1765455462,741329265,0.0666366708411435,0.0009424777960769379,0.03834488366631542,-0.051731559029111925,-0.022375121010567305,-0.07819075048934597,1.1240094915768681,-1.8050893255826155,0.0,0.0,0.0,0.0,0.0,0.0,0.0,0.0,0.0,-0.0322265625,0.0,0.01611328125,0.01611328125,-0.04833984375,0.0322265625,-0.0966796875,nan,nan,nan,nan,nan,nan,nan,nan,nan,nan,nan,nan,nan,nan,nan,nan
1765455462,761432541,0.0666366708411435,0.0009424777960769379,0.03834488366631542,-0.051731559029111925,-0.022375121010567305,-0.07819075048934597,1.1240094915768681,-1.8050893255826155,0.0,0.0,0.0,0.0,0.0,0.0,0.0,0.0,0.0,0.0,-0.04833984375,0.0,0.01611328125,0.0322265625,0.0322265625,-0.11279296875,nan,nan,nan,nan,nan,nan,nan,nan,nan,nan,nan,nan,nan,nan,nan,nan
1765455462,782382356,0.0666366708411435,0.0009424777960769379,0.03834488366631542,-0.051731559029111925,-0.022375121010567305,-0.07819075048934597,1.1240094915768681,-1.8050893255826155,0.0,0.0,0.0,0.0,0.0,0.0,0.0,0.0,0.0,-0.04833984375,0.01611328125,0.01611328125,0.01611328125,0.01611328125,0.0322265625,-0.064453125,nan,nan,nan,nan,nan,nan,nan,nan,nan,nan,nan,nan,nan,nan,nan,nan
1765455462,802929413,0.0666366708411435,0.0009424777960769379,0.03834488366631542,-0.051731559029111925,-0.022375121010567305,-0.07819075048934597,1.1240094915768681,-1.8050893255826155,0.0,0.0,0.0,0.0,0.0,0.0,0.0,0.0,0.0,-0.04833984375,0.0,0.0322265625,-0.01611328125,0.01611328125,0.01611328125,-0.08056640625,nan,nan,nan,nan,nan,nan,nan,nan,nan,nan,nan,nan,nan,nan,nan,nan
1765455462,823498007,0.0666366708411435,0.0009424777960769379,0.03834488366631542,-0.051731559029111925,-0.022375121010567305,-0.07819075048934597,1.1240094915768681,-1.8050893255826155,0.0,0.0,0.0,0.0,0.0,0.0,0.0,0.0,0.0,-0.04833984375,-0.0322265625,0.01611328125,0.01611328125,0.01611328125,0.0322265625,-0.0966796875,nan,nan,nan,nan,nan,nan,nan,nan,nan,nan,nan,nan,nan,nan,nan,nan
1765455462,845790655,0.0666366708411435,0.0009424777960769379,0.03834488366631542,-0.051731559029111925,-0.022375121010567305,-0.07819075048934597,1.1240094915768681,-1.8050893255826155,0.0,0.0,0.0,0.0,0.0,0.0,0.0,0.0,-0.01611328125,0.064453125,0.0,0.01611328125,0.0,0.01611328125,0.0322265625,-0.12890625,nan,nan,nan,nan,nan,nan,nan,nan,nan,nan,nan,nan,nan,nan,nan,nan
1765455462,868467213,0.0666366708411435,0.0009424777960769379,0.03834488366631542,-0.051731559029111925,-0.022375121010567305,-0.07819075048934597,1.1240094915768681,-1.8050893255826155,0.0,0.0,0.0,0.0,0.0,0.0,0.0,0.0,-0.01611328125,0.0,0.0,0.0,0.0,-0.04833984375,-0.0322265625,-0.0966796875,nan,nan,nan,nan,nan,nan,nan,nan,nan,nan,nan,nan,nan,nan,nan,nan
1765455462,893351960,0.0666366708411435,0.0009424777960769379,0.03834488366631542,-0.051731559029111925,-0.022375121010567305,-0.07819075048934597,1.1240094915768681,-1.8050893255826155,0.0,0.0,0.0,0.0,0.0,0.0,0.0,0.0,0.0,-0.04833984375,-0.04833984375,0.0,0.01611328125,0.01611328125,0.0322265625,-0.12890625,nan,nan,nan,nan,nan,nan,nan,nan,nan,nan,nan,nan,nan,nan,nan,nan
1765455462,915564928,0.0666366708411435,0.0009424777960769379,0.03834488366631542,-0.051731559029111925,-0.022375121010567305,-0.07819075048934597,1.1240094915768681,-1.8050893255826155,0.0,0.0,0.0,0.0,0.0,0.0,0.0,0.0,-0.01611328125,0.0,0.0,0.0,0.0,0.01611328125,0.04833984375,-0.064453125,nan,nan,nan,nan,nan,nan,nan,nan,nan,nan,nan,nan,nan,nan,nan,nan
1765455462,935946671,0.0666366708411435,0.0009424777960769379,0.03834488366631542,-0.051731559029111925,-0.022375121010567305,-0.07819075048934597,1.1240094915768681,-1.8050893255826155,0.0,0.0,0.0,0.0,0.0,0.0,0.0,0.0,-0.01611328125,0.0,0.0,0.0,0.01611328125,0.01611328125,-0.04833984375,-0.11279296875,nan,nan,nan,nan,nan,nan,nan,nan,nan,nan,nan,nan,nan,nan,nan,nan
1765455462,960057808,0.0666366708411435,0.0009424777960769379,0.03834488366631542,-0.051731559029111925,-0.022375121010567305,-0.07819075048934597,1.1240094915768681,-1.8050893255826155,0.0,0.0,0.0,0.0,0.0,0.0,0.0,0.0,-0.01611328125,0.0,0.01611328125,0.0,0.0,0.0322265625,0.0322265625,-0.12890625,nan,nan,nan,nan,nan,nan,nan,nan,nan,nan,nan,nan,nan,nan,nan,nan
1765455462,986023434,0.0666366708411435,0.0009424777960769379,0.03834488366631542,-0.051731559029111925,-0.022375121010567305,-0.07819075048934597,1.1240094915768681,-1.8050893255826155,0.0,0.0,0.0,0.0,0.0,0.0,0.0,0.0,0.0,-0.0322265625,0.0,0.01611328125,0.0,0.01611328125,0.01611328125,-0.12890625,nan,nan,nan,nan,nan,nan,nan,nan,nan,nan,nan,nan,nan,nan,nan,nan
1765455463,10715763,0.0666366708411435,0.0009424777960769379,0.03834488366631542,-0.051731559029111925,-0.022375121010567305,-0.07819075048934597,1.1240094915768681,-1.8050893255826155,0.0,0.0,0.0,0.0,0.0,0.0,0.0,0.0,0.0,-0.04833984375,0.0,0.01611328125,0.01611328125,0.0322265625,0.01611328125,-0.14501953125,nan,nan,nan,nan,nan,nan,nan,nan,nan,nan,nan,nan,nan,nan,nan,nan
1765455463,31617321,0.0666366708411435,0.0009424777960769379,0.03834488366631542,-0.051731559029111925,-0.022375121010567305,-0.07819075048934597,1.1240094915768681,-1.8050893255826155,0.0,0.0,0.0,0.0,0.0,0.0,0.0,0.0,-0.01611328125,-0.0322265625,0.0,0.0,0.0,0.01611328125,0.0322265625,-0.064453125,nan,nan,nan,nan,nan,nan,nan,nan,nan,nan,nan,nan,nan,nan,nan,nan
1765455463,54640027,0.0666366708411435,0.0009424777960769379,0.03834488366631542,-0.051731559029111925,-0.022375121010567305,-0.07819075048934597,1.1240094915768681,-1.8050893255826155,0.0,0.0,0.0,0.0,0.0,0.0,0.0,0.0,0.0,-0.064453125,0.01611328125,0.0,0.01611328125,0.01611328125,0.01611328125,-0.11279296875,nan,nan,nan,nan,nan,nan,nan,nan,nan,nan,nan,nan,nan,nan,nan,nan
1765455463,76007159,0.0666366708411435,0.0009424777960769379,0.03834488366631542,-0.051731559029111925,-0.022375121010567305,-0.07819075048934597,1.1240094915768681,-1.8050893255826155,0.0,0.0,0.0,0.0,0.0,0.0,0.0,0.0,-0.01611328125,-0.04833984375,0.0,0.0,0.0,0.01611328125,0.0322265625,-0.0966796875,nan,nan,nan,nan,nan,nan,nan,nan,nan,nan,nan,nan,nan,nan,nan,nan
1765455463,98250527,0.0666366708411435,0.0009424777960769379,0.03834488366631542,-0.051731559029111925,-0.022375121010567305,-0.07819075048934597,1.1240094915768681,-1.8050893255826155,0.0,0.0,0.0,0.0,0.0,0.0,0.0,0.0,0.01611328125,-0.0322265625,0.0,0.01611328125,0.01611328125,0.0322265625,0.0322265625,-0.12890625,nan,nan,nan,nan,nan,nan,nan,nan,nan,nan,nan,nan,nan,nan,nan,nan
1765455463,123627857,0.0666366708411435,0.0009424777960769379,0.03834488366631542,-0.051731559029111925,-0.022375121010567305,-0.07819075048934597,1.1240094915768681,-1.8050893255826155,0.0,0.0,0.0,0.0,0.0,0.0,0.0,0.0,0.0,0.11279296875,0.0,0.0,0.01611328125,0.01611328125,0.04833984375,-0.12890625,nan,nan,nan,nan,nan,nan,nan,nan,nan,nan,nan,nan,nan,nan,nan,nan
1765455463,144746954,0.0666366708411435,0.0009424777960769379,0.03834488366631542,-0.051731559029111925,-0.022375121010567305,-0.07819075048934597,1.1240094915768681,-1.8050893255826155,0.0,0.0,0.0,0.0,0.0,0.0,0.0,0.0,0.0,-0.04833984375,-0.064453125,0.01611328125,0.0,0.01611328125,0.0322265625,-0.0966796875,nan,nan,nan,nan,nan,nan,nan,nan,nan,nan,nan,nan,nan,nan,nan,nan
1765455463,169545876,0.0666366708411435,0.0009424777960769379,0.03834488366631542,-0.051731559029111925,-0.022375121010567305,-0.07819075048934597,1.1240094915768681,-1.8050893255826155,0.0,0.0,0.0,0.0,0.0,0.0,0.0,0.0,-0.01611328125,0.0,0.0,0.01611328125,-0.01611328125,0.01611328125,0.04833984375,-0.0966796875,nan,nan,nan,nan,nan,nan,nan,nan,nan,nan,nan,nan,nan,nan,nan,nan
1765455463,192097984,0.0666366708411435,0.0009424777960769379,0.03834488366631542,-0.051731559029111925,-0.022375121010567305,-0.07819075048934597,1.1240094915768681,-1.8050893255826155,0.0,0.0,0.0,0.0,0.0,0.0,0.0,0.0,0.0,0.0,0.01611328125,0.01611328125,0.0,0.01611328125,0.0322265625,-0.064453125,nan,nan,nan,nan,nan,nan,nan,nan,nan,nan,nan,nan,nan,nan,nan,nan
1765455463,216050431,0.0666366708411435,0.0009424777960769379,0.03834488366631542,-0.051731559029111925,-0.022375121010567305,-0.07819075048934597,1.1240094915768681,-1.8050893255826155,0.0,0.0,0.0,0.0,0.0,0.0,0.0,0.0,0.0,0.0,0.0,0.01611328125,-0.01611328125,0.0,-0.0322265625,-0.12890625,nan,nan,nan,nan,nan,nan,nan,nan,nan,nan,nan,nan,nan,nan,nan,nan
1765455463,239630969,0.0666366708411435,0.0009424777960769379,0.03834488366631542,-0.051731559029111925,-0.022375121010567305,-0.07819075048934597,1.1240094915768681,-1.8050893255826155,0.0,0.0,0.0,0.0,0.0,0.0,0.0,0.0,-0.01611328125,-0.04833984375,0.0,0.01611328125,0.01611328125,0.01611328125,0.0322265625,-0.0966796875,nan,nan,nan,nan,nan,nan,nan,nan,nan,nan,nan,nan,nan,nan,nan,nan
1765455463,262469609,0.0666366708411435,0.0009424777960769379,0.03834488366631542,-0.051731559029111925,-0.022375121010567305,-0.07819075048934597,1.1240094915768681,-1.8050893255826155,0.0,0.0,0.0,0.0,0.0,0.0,0.0,0.0,0.0,-0.04833984375,-0.04833984375,0.0,0.01611328125,0.01611328125,0.01611328125,-0.12890625,nan,nan,nan,nan,nan,nan,nan,nan,nan,nan,nan,nan,nan,nan,nan,nan
1765455463,287272755,0.0666366708411435,0.0009424777960769379,0.03834488366631542,-0.051731559029111925,-0.022375121010567305,-0.07819075048934597,1.1240094915768681,-1.8050893255826155,0.0,0.0,0.0,0.0,0.0,0.0,0.0,0.0,0.0,-0.0322265625,0.0,0.0,0.0,0.0322265625,0.0322265625,-0.064453125,nan,nan,nan,nan,nan,nan,nan,nan,nan,nan,nan,nan,nan,nan,nan,nan
1765455463,310583273,0.0666366708411435,0.0009424777960769379,0.03834488366631542,-0.051731559029111925,-0.022375121010567305,-0.07819075048934597,1.1240094915768681,-1.8050893255826155,0.0,0.0,0.0,0.0,0.0,0.0,0.0,0.0,-0.01611328125,0.0,-0.01611328125,0.0,0.01611328125,0.01611328125,0.01611328125,-0.11279296875,nan,nan,nan,nan,nan,nan,nan,nan,nan,nan,nan,nan,nan,nan,nan,nan
1765455463,337010249,0.0666366708411435,0.0009424777960769379,0.03834488366631542,-0.051731559029111925,-0.022375121010567305,-0.07819075048934597,1.1240094915768681,-1.8050893255826155,0.0,0.0,0.0,0.0,0.0,0.0,0.0,0.0,0.0,0.0,0.01611328125,0.0,0.0,0.01611328125,0.01611328125,-0.0966796875,nan,nan,nan,nan,nan,nan,nan,nan,nan,nan,nan,nan,nan,nan,nan,nan
1765455463,359783448,0.0666366708411435,0.0009424777960769379,0.03834488366631542,-0.051731559029111925,-0.022375121010567305,-0.07819075048934597,1.1240094915768681,-1.8050893255826155,0.0,0.0,0.0,0.0,0.0,0.0,0.0,0.0,0.0,-0.04833984375,0.0,0.0,0.0,0.01611328125,0.0322265625,-0.0966796875,nan,nan,nan,nan,nan,nan,nan,nan,nan,nan,nan,nan,nan,nan,nan,nan
1765455463,382732201,0.0666366708411435,0.0009424777960769379,0.03834488366631542,-0.051731559029111925,-0.022375121010567305,-0.07819075048934597,1.1240094915768681,-1.8050893255826155,0.0,0.0,0.0,0.0,0.0,0.0,0.0,0.0,0.0,-0.0322265625,0.0,0.0322265625,0.0,0.01611328125,0.0322265625,-0.0966796875,nan,nan,nan,nan,nan,nan,nan,nan,nan,nan,nan,nan,nan,nan,nan,nan
1765455463,404334473,0.0666366708411435,0.0009424777960769379,0.03834488366631542,-0.051731559029111925,-0.022375121010567305,-0.07819075048934597,1.1240094915768681,-1.8050893255826155,0.0,0.0,0.0,0.0,0.0,0.0,0.0,0.0,-0.01611328125,-0.0322265625,0.01611328125,0.01611328125,0.0,0.01611328125,0.0,-0.12890625,nan,nan,nan,nan,nan,nan,nan,nan,nan,nan,nan,nan,nan,nan,nan,nan
1765455463,426021577,0.0666366708411435,0.0009424777960769379,0.03834488366631542,-0.051731559029111925,-0.022375121010567305,-0.07819075048934597,1.1240094915768681,-1.8050893255826155,0.0,0.0,0.0,0.0,0.0,0.0,0.0,0.0,0.0,0.0,0.0,0.0,0.01611328125,0.01611328125,0.04833984375,-0.11279296875,nan,nan,nan,nan,nan,nan,nan,nan,nan,nan,nan,nan,nan,nan,nan,nan
1765455463,452576427,0.0666366708411435,0.0009424777960769379,0.03834488366631542,-0.051731559029111925,-0.022375121010567305,-0.07819075048934597,1.1240094915768681,-1.8050893255826155,0.0,0.0,0.0,0.0,0.0,0.0,0.0,0.0,0.0,0.0,-0.0322265625,0.0,0.0,0.0,0.01611328125,-0.0966796875,nan,nan,nan,nan,nan,nan,nan,nan,nan,nan,nan,nan,nan,nan,nan,nan
1765455463,474191338,0.0666366708411435,0.0009424777960769379,0.03834488366631542,-0.051731559029111925,-0.022375121010567305,-0.07819075048934597,1.1240094915768681,-1.8050893255826155,0.0,0.0,0.0,0.0,0.0,0.0,0.0,0.0,0.0,-0.0322265625,0.0,0.0,0.01611328125,0.0,0.01611328125,-0.11279296875,nan,nan,nan,nan,nan,nan,nan,nan,nan,nan,nan,nan,nan,nan,nan,nan
1765455463,497315966,0.0666366708411435,0.0009424777960769379,0.03834488366631542,-0.051731559029111925,-0.022375121010567305,-0.07819075048934597,1.1240094915768681,-1.8050893255826155,0.0,0.0,0.0,0.0,0.0,0.0,0.0,0.0,0.0,0.064453125,0.01611328125,0.0,0.0,0.01611328125,0.0322265625,-0.08056640625,nan,nan,nan,nan,nan,nan,nan,nan,nan,nan,nan,nan,nan,nan,nan,nan
1765455463,518970910,0.0666366708411435,0.0009424777960769379,0.03834488366631542,-0.051731559029111925,-0.022375121010567305,-0.07819075048934597,1.1240094915768681,-1.8050893255826155,0.0,0.0,0.0,0.0,0.0,0.0,0.0,0.0,0.0,-0.04833984375,0.0,0.0,0.01611328125,0.01611328125,0.0322265625,-0.12890625,nan,nan,nan,nan,nan,nan,nan,nan,nan,nan,nan,nan,nan,nan,nan,nan
1765455463,540548957,0.0666366708411435,0.0009424777960769379,0.03834488366631542,-0.051731559029111925,-0.022375121010567305,-0.07819075048934597,1.1240094915768681,-1.8050893255826155,0.0,0.0,0.0,0.0,0.0,0.0,0.0,0.0,0.0,-0.04833984375,0.0,0.0,-0.01611328125,0.0322265625,0.01611328125,-0.11279296875,nan,nan,nan,nan,nan,nan,nan,nan,nan,nan,nan,nan,nan,nan,nan,nan
1765455463,565070852,0.0666366708411435,0.0009424777960769379,0.03834488366631542,-0.051731559029111925,-0.022375121010567305,-0.07819075048934597,1.1240094915768681,-1.8050893255826155,0.0,0.0,0.0,0.0,0.0,0.0,0.0,0.0,0.01611328125,0.0,0.01611328125,0.0,0.0,0.01611328125,0.04833984375,-0.11279296875,nan,nan,nan,nan,nan,nan,nan,nan,nan,nan,nan,nan,nan,nan,nan,nan
1765455463,587752146,0.0666366708411435,0.0009424777960769379,0.03834488366631542,-0.051731559029111925,-0.022375121010567305,-0.07819075048934597,1.1240094915768681,-1.8050893255826155,0.0,0.0,0.0,0.0,0.0,0.0,0.0,0.0,-0.01611328125,-0.04833984375,0.0,0.01611328125,0.0,0.01611328125,0.04833984375,-0.12890625,nan,nan,nan,nan,nan,nan,nan,nan,nan,nan,nan,nan,nan,nan,nan,nan
1765455463,614809242,0.0666366708411435,0.0009424777960769379,0.03834488366631542,-0.051731559029111925,-0.022375121010567305,-0.07819075048934597,1.1240094915768681,-1.8050893255826155,0.0,0.0,0.0,0.0,0.0,0.0,0.0,0.0,0.0,-0.0322265625,-0.04833984375,0.01611328125,0.01611328125,-0.04833984375,0.0322265625,-0.11279296875,nan,nan,nan,nan,nan,nan,nan,nan,nan,nan,nan,nan,nan,nan,nan,nan
1765455463,639356736,0.0666366708411435,0.0009424777960769379,0.03834488366631542,-0.051731559029111925,-0.022375121010567305,-0.07819075048934597,1.1240094915768681,-1.8050893255826155,0.0,0.0,0.0,0.0,0.0,0.0,0.0,0.0,0.01611328125,0.0,-0.0322265625,0.0,0.0,0.0322265625,0.0322265625,-0.1611328125,nan,nan,nan,nan,nan,nan,nan,nan,nan,nan,nan,nan,nan,nan,nan,nan
1765455463,664056137,0.0666366708411435,0.0009424777960769379,0.03834488366631542,-0.051731559029111925,-0.022375121010567305,-0.07819075048934597,1.1240094915768681,-1.8050893255826155,0.0,0.0,0.0,0.0,0.0,0.0,0.0,0.0,-0.01611328125,0.0,0.0,0.0,0.01611328125,0.0322265625,0.0322265625,-0.12890625,nan,nan,nan,nan,nan,nan,nan,nan,nan,nan,nan,nan,nan,nan,nan,nan
1765455463,686857657,0.0666366708411435,0.0009424777960769379,0.03834488366631542,-0.051731559029111925,-0.022375121010567305,-0.07819075048934597,1.1240094915768681,-1.8050893255826155,0.0,0.0,0.0,0.0,0.0,0.0,0.0,0.0,0.01611328125,-0.0322265625,0.064453125,0.0,0.0,0.0322265625,0.04833984375,-0.12890625,nan,nan,nan,nan,nan,nan,nan,nan,nan,nan,nan,nan,nan,nan,nan,nan
1765455463,708584186,0.0666366708411435,0.0009424777960769379,0.03834488366631542,-0.051731559029111925,-0.022375121010567305,-0.07819075048934597,1.1240094915768681,-1.8050893255826155,0.0,0.0,0.0,0.0,0.0,0.0,0.0,0.0,-0.01611328125,-0.0322265625,0.01611328125,0.0,0.0,0.0322265625,0.04833984375,-0.12890625,nan,nan,nan,nan,nan,nan,nan,nan,nan,nan,nan,nan,nan,nan,nan,nan
1765455463,731195175,0.0666366708411435,0.0009424777960769379,0.03834488366631542,-0.051731559029111925,-0.022375121010567305,-0.07819075048934597,1.1240094915768681,-1.8050893255826155,0.0,0.0,0.0,0.0,0.0,0.0,0.0,0.0,0.01611328125,0.0,0.04833984375,0.0,0.01611328125,0.0322265625,0.0,-0.12890625,nan,nan,nan,nan,nan,nan,nan,nan,nan,nan,nan,nan,nan,nan,nan,nan
1765455463,753733458,0.0666366708411435,0.0009424777960769379,0.03834488366631542,-0.051731559029111925,-0.022375121010567305,-0.07819075048934597,1.1240094915768681,-1.8050893255826155,0.0,0.0,0.0,0.0,0.0,0.0,0.0,0.0,0.0,-0.0322265625,0.0,0.0,-0.01611328125,0.01611328125,0.01611328125,-0.12890625,nan,nan,nan,nan,nan,nan,nan,nan,nan,nan,nan,nan,nan,nan,nan,nan
1765455463,779313159,0.0666366708411435,0.0009424777960769379,0.03834488366631542,-0.051731559029111925,-0.022375121010567305,-0.07819075048934597,1.1240094915768681,-1.8050893255826155,0.0,0.0,0.0,0.0,0.0,0.0,0.0,0.0,0.0,-0.04833984375,0.0,0.01611328125,0.01611328125,0.0,0.01611328125,-0.11279296875,nan,nan,nan,nan,nan,nan,nan,nan,nan,nan,nan,nan,nan,nan,nan,nan
1765455463,802034581,0.0666366708411435,0.0009424777960769379,0.03834488366631542,-0.051731559029111925,-0.022375121010567305,-0.07819075048934597,1.1240094915768681,-1.8050893255826155,0.0,0.0,0.0,0.0,0.0,0.0,0.0,0.0,0.0,-0.0322265625,-0.04833984375,0.0,0.01611328125,0.01611328125,0.01611328125,-0.12890625,nan,nan,nan,nan,nan,nan,nan,nan,nan,nan,nan,nan,nan,nan,nan,nan
1765455463,824956646,0.0666366708411435,0.0009424777960769379,0.03834488366631542,-0.051731559029111925,-0.022375121010567305,-0.07819075048934597,1.1240094915768681,-1.8050893255826155,0.0,0.0,0.0,0.0,0.0,0.0,0.0,0.0,-0.01611328125,0.0,0.0,0.01611328125,0.01611328125,0.0322265625,0.01611328125,-0.0966796875,nan,nan,nan,nan,nan,nan,nan,nan,nan,nan,nan,nan,nan,nan,nan,nan
1765455463,849626351,0.0666366708411435,0.0009424777960769379,0.03834488366631542,-0.051731559029111925,-0.022375121010567305,-0.07819075048934597,1.1240094915768681,-1.8050893255826155,0.0,0.0,0.0,0.0,0.0,0.0,0.0,0.0,0.0,-0.0322265625,-0.0322265625,0.01611328125,0.0,0.0322265625,-0.01611328125,-0.11279296875,nan,nan,nan,nan,nan,nan,nan,nan,nan,nan,nan,nan,nan,nan,nan,nan
1765455463,875877868,0.0666366708411435,0.0009424777960769379,0.03834488366631542,-0.051731559029111925,-0.022375121010567305,-0.07819075048934597,1.1240094915768681,-1.8050893255826155,0.0,0.0,0.0,0.0,0.0,0.0,0.0,0.0,0.0,-0.0322265625,0.0322265625,0.01611328125,-0.01611328125,-0.064453125,0.01611328125,-0.14501953125,nan,nan,nan,nan,nan,nan,nan,nan,nan,nan,nan,nan,nan,nan,nan,nan
1765455463,896753858,0.0666366708411435,0.0009424777960769379,0.03834488366631542,-0.051731559029111925,-0.022375121010567305,-0.07819075048934597,1.1240094915768681,-1.8050893255826155,0.0,0.0,0.0,0.0,0.0,0.0,0.0,0.0,0.0,-0.0322265625,-0.0322265625,-0.01611328125,-0.01611328125,0.0322265625,0.0322265625,-0.12890625,nan,nan,nan,nan,nan,nan,nan,nan,nan,nan,nan,nan,nan,nan,nan,nan
1765455463,920015319,0.0666366708411435,0.0009424777960769379,0.03834488366631542,-0.051731559029111925,-0.022375121010567305,-0.07819075048934597,1.1240094915768681,-1.8050893255826155,0.0,0.0,0.0,0.0,0.0,0.0,0.0,0.0,0.0,-0.04833984375,-0.0322265625,0.01611328125,0.01611328125,0.0322265625,0.0322265625,-0.12890625,nan,nan,nan,nan,nan,nan,nan,nan,nan,nan,nan,nan,nan,nan,nan,nan
1765455463,943518832,0.0666366708411435,0.0009424777960769379,0.03834488366631542,-0.051731559029111925,-0.022375121010567305,-0.07819075048934597,1.1240094915768681,-1.8050893255826155,0.0,0.0,0.0,0.0,0.0,0.0,0.0,0.0,-0.01611328125,-0.04833984375,-0.04833984375,0.0,0.0,0.01611328125,0.0322265625,-0.12890625,nan,nan,nan,nan,nan,nan,nan,nan,nan,nan,nan,nan,nan,nan,nan,nan
1765455463,963782046,0.0666366708411435,0.0009424777960769379,0.03834488366631542,-0.051731559029111925,-0.022375121010567305,-0.07819075048934597,1.1240094915768681,-1.8050893255826155,0.0,0.0,0.0,0.0,0.0,0.0,0.0,0.0,0.0,-0.04833984375,0.0,0.0,0.01611328125,0.0,0.04833984375,-0.12890625,nan,nan,nan,nan,nan,nan,nan,nan,nan,nan,nan,nan,nan,nan,nan,nan
1765455463,987942879,0.0666366708411435,0.0009424777960769379,0.03834488366631542,-0.051731559029111925,-0.022375121010567305,-0.07819075048934597,1.1240094915768681,-1.8050893255826155,0.0,0.0,0.0,0.0,0.0,0.0,0.0,0.0,0.01611328125,-0.04833984375,-0.01611328125,0.0322265625,0.01611328125,0.01611328125,0.0322265625,-0.11279296875,nan,nan,nan,nan,nan,nan,nan,nan,nan,nan,nan,nan,nan,nan,nan,nan
1765455464,9496350,0.0666366708411435,0.0009424777960769379,0.03834488366631542,-0.051731559029111925,-0.022375121010567305,-0.07819075048934597,1.1240094915768681,-1.8050893255826155,0.0,0.0,0.0,0.0,0.0,0.0,0.0,0.0,0.0,-0.0322265625,-0.0322265625,0.0,0.0,0.01611328125,0.01611328125,-0.12890625,nan,nan,nan,nan,nan,nan,nan,nan,nan,nan,nan,nan,nan,nan,nan,nan
1765455464,31080125,0.0666366708411435,0.0009424777960769379,0.03834488366631542,-0.051731559029111925,-0.022375121010567305,-0.07819075048934597,1.1240094915768681,-1.8050893255826155,0.0,0.0,0.0,0.0,0.0,0.0,0.0,0.0,0.0,-0.0322265625,0.0,0.0,0.0,0.0,0.0322265625,-0.08056640625,nan,nan,nan,nan,nan,nan,nan,nan,nan,nan,nan,nan,nan,nan,nan,nan
1765455464,53117475,0.0666366708411435,0.0009424777960769379,0.03834488366631542,-0.051731559029111925,-0.022375121010567305,-0.07819075048934597,1.1240094915768681,-1.8050893255826155,0.0,0.0,0.0,0.0,0.0,0.0,0.0,0.0,0.01611328125,-0.04833984375,0.0,0.0,0.01611328125,0.01611328125,0.0322265625,-0.12890625,nan,nan,nan,nan,nan,nan,nan,nan,nan,nan,nan,nan,nan,nan,nan,nan
1765455464,79884263,0.0666366708411435,0.0009424777960769379,0.03834488366631542,-0.051731559029111925,-0.022375121010567305,-0.07819075048934597,1.1240094915768681,-1.8050893255826155,0.0,0.0,0.0,0.0,0.0,0.0,0.0,0.0,-0.01611328125,-0.04833984375,0.0,0.01611328125,0.01611328125,0.01611328125,0.04833984375,-0.064453125,nan,nan,nan,nan,nan,nan,nan,nan,nan,nan,nan,nan,nan,nan,nan,nan
1765455464,102342482,0.0666366708411435,0.0009424777960769379,0.03834488366631542,-0.051731559029111925,-0.022375121010567305,-0.07819075048934597,1.1240094915768681,-1.8050893255826155,0.0,0.0,0.0,0.0,0.0,0.0,0.0,0.0,0.0,0.0,0.0,0.01611328125,0.01611328125,0.01611328125,-0.0322265625,-0.11279296875,nan,nan,nan,nan,nan,nan,nan,nan,nan,nan,nan,nan,nan,nan,nan,nan
1765455464,124348886,0.0666366708411435,0.0009424777960769379,0.03834488366631542,-0.051731559029111925,-0.022375121010567305,-0.07819075048934597,1.1240094915768681,-1.8050893255826155,0.0,0.0,0.0,0.0,0.0,0.0,0.0,0.0,0.0,-0.0322265625,-0.064453125,0.01611328125,0.01611328125,0.01611328125,0.04833984375,-0.1611328125,nan,nan,nan,nan,nan,nan,nan,nan,nan,nan,nan,nan,nan,nan,nan,nan
1765455464,146745664,0.0666366708411435,0.0009424777960769379,0.03834488366631542,-0.051731559029111925,-0.022375121010567305,-0.07819075048934597,1.1240094915768681,-1.8050893255826155,0.0,0.0,0.0,0.0,0.0,0.0,0.0,0.0,0.0,-0.0322265625,-0.04833984375,0.0,0.01611328125,0.01611328125,-0.01611328125,-0.12890625,nan,nan,nan,nan,nan,nan,nan,nan,nan,nan,nan,nan,nan,nan,nan,nan
1765455464,172618137,0.0666366708411435,0.0009424777960769379,0.03834488366631542,-0.051731559029111925,-0.022375121010567305,-0.07819075048934597,1.1240094915768681,-1.8050893255826155,0.0,0.0,0.0,0.0,0.0,0.0,0.0,0.0,0.0,-0.01611328125,0.0,0.0,0.0,0.01611328125,0.0322265625,-0.11279296875,nan,nan,nan,nan,nan,nan,nan,nan,nan,nan,nan,nan,nan,nan,nan,nan
1765455464,196102929,0.0666366708411435,0.0009424777960769379,0.03834488366631542,-0.051731559029111925,-0.022375121010567305,-0.07819075048934597,1.1240094915768681,-1.8050893255826155,0.0,0.0,0.0,0.0,0.0,0.0,0.0,0.0,-0.01611328125,0.0,0.01611328125,0.0,0.01611328125,0.01611328125,0.04833984375,-0.11279296875,nan,nan,nan,nan,nan,nan,nan,nan,nan,nan,nan,nan,nan,nan,nan,nan
1765455464,216810341,0.0666366708411435,0.0009424777960769379,0.03834488366631542,-0.051731559029111925,-0.022375121010567305,-0.07819075048934597,1.1240094915768681,-1.8050893255826155,0.0,0.0,0.0,0.0,0.0,0.0,0.0,0.0,-0.01611328125,-0.0322265625,0.01611328125,0.0,0.0,0.01611328125,0.0,-0.12890625,nan,nan,nan,nan,nan,nan,nan,nan,nan,nan,nan,nan,nan,nan,nan,nan
1765455464,239969913,0.0666366708411435,0.0009424777960769379,0.03834488366631542,-0.051731559029111925,-0.022375121010567305,-0.07819075048934597,1.1240094915768681,-1.8050893255826155,0.0,0.0,0.0,0.0,0.0,0.0,0.0,0.0,0.01611328125,0.11279296875,-0.0322265625,0.0,0.01611328125,0.01611328125,0.01611328125,-0.11279296875,nan,nan,nan,nan,nan,nan,nan,nan,nan,nan,nan,nan,nan,nan,nan,nan
1765455464,262489733,0.0666366708411435,0.0009424777960769379,0.03834488366631542,-0.051731559029111925,-0.022375121010567305,-0.07819075048934597,1.1240094915768681,-1.8050893255826155,0.0,0.0,0.0,0.0,0.0,0.0,0.0,0.0,0.0,0.0,0.01611328125,0.0,0.01611328125,0.0322265625,0.0322265625,-0.12890625,nan,nan,nan,nan,nan,nan,nan,nan,nan,nan,nan,nan,nan,nan,nan,nan
1765455464,285139602,0.0666366708411435,0.0009424777960769379,0.03834488366631542,-0.051731559029111925,-0.022375121010567305,-0.07819075048934597,1.1240094915768681,-1.8050893255826155,0.0,0.0,0.0,0.0,0.0,0.0,0.0,0.0,0.0,0.0966796875,0.0,0.0,0.01611328125,0.0,0.0322265625,-0.08056640625,nan,nan,nan,nan,nan,nan,nan,nan,nan,nan,nan,nan,nan,nan,nan,nan
1765455464,312771778,0.0666366708411435,0.0009424777960769379,0.03834488366631542,-0.051731559029111925,-0.022375121010567305,-0.07819075048934597,1.1242712909646673,-1.8050893255826155,0.0,0.0,0.0,0.0,0.0,0.0,27.0,0.0,0.0,-0.04833984375,0.0,0.01611328125,0.0,0.01611328125,0.01611328125,-0.12890625,nan,nan,nan,nan,nan,nan,nan,nan,nan,nan,nan,nan,nan,nan,nan,nan
1765455464,336721056,0.0666366708411435,0.0009424777960769379,0.04757767540936542,-0.052429690729909655,-0.011868238913561443,-0.07819075048934597,1.1240618514544278,-1.8050893255826155,-3.0,0.0,245.0,-16.0,204.0,0.0,0.0,0.0,0.0,-0.064453125,1.43408203125,0.0,-0.064453125,0.01611328125,0.0322265625,-0.12890625,nan,nan,nan,nan,nan,nan,nan,nan,0.0,0.0,0.3769911229610443,0.0,0.0,0.0,0.0,0.0
1765455464,358254847,0.0666366708411435,0.0010297442586766545,0.060807271139482436,-0.05469861875750229,0.006667157742618338,-0.07819075048934597,1.1240094915768681,-1.8051067788751352,-3.0,0.0,245.0,-16.0,204.0,0.0,0.0,0.0,-0.01611328125,0.0,1.46630859375,-0.0322265625,-0.01611328125,0.01611328125,0.01611328125,-0.12890625,nan,nan,nan,nan,nan,nan,nan,nan,0.0,0.0,0.3769911229610443,0.0,0.0,0.0,0.0,0.0
1765455464,382646083,0.0666366708411435,0.000890117918517108,0.07374016089676041,-0.05438445949214331,0.024539329283040277,-0.07819075048934597,1.1239745849918281,-1.8050893255826155,10.0,1.0,333.0,-20.0,183.0,0.0,-10.0,0.0,0.0,-0.04833984375,1.41796875,-0.0322265625,0.04833984375,0.0,0.01611328125,-0.0966796875,nan,nan,nan,nan,nan,nan,nan,nan,0.0,0.0,0.3769911229610443,0.0,0.0,0.0,0.0,0.0
1765455464,408923489,0.06660176425610362,0.0008377580409572782,0.0883660200284729,-0.054349552907103416,0.045727626402251434,-0.07819075048934597,1.1238349586516687,-1.8050893255826155,0.0,0.0,403.0,0.0,240.0,0.0,-11.0,0.0,0.01611328125,-0.0322265625,1.3857421875,-0.01611328125,0.01611328125,0.0322265625,0.01611328125,-0.0966796875,nan,nan,nan,nan,nan,nan,nan,nan,-0.0199886467307806,-0.00026696993154473603,0.35708290338516235,0.014682059176266193,-0.01717551238834858,0.054727084934711456,5.064390643383376e-05,0.0
1765455464,434612023,0.06642723133090418,0.0009250245035569946,0.10372491744602301,-0.05331980864842677,0.052324970974790004,-0.0780860307342263,1.1236255191414295,-1.8051067788751352,-16.0,0.0,208.0,54.0,23.0,0.0,0.0,0.0,-0.064453125,-0.0322265625,1.2568359375,-0.01611328125,0.0,0.0966796875,0.0,-0.04833984375,nan,nan,nan,nan,nan,nan,nan,nan,-0.019980529323220253,-0.000251327408477664,0.35313159227371216,0.014674379490315914,-0.03200933709740639,0.0547335259616375,5.190464071347378e-05,0.0
1765455464,457842156,0.06653195108602385,0.0009075712110370515,0.10976375665792337,-0.04954989746411901,0.052324970974790004,-0.07805112414918643,1.1238873185292286,-1.8050893255826155,10.0,0.0,177.0,69.0,0.0,0.0,-11.0,0.0,-0.08056640625,0.0,1.3857421875,0.08056640625,-0.0966796875,0.193359375,0.01611328125,-0.0966796875,nan,nan,nan,nan,nan,nan,nan,nan,-0.01992812752723694,-0.0002775073517113924,0.3489850163459778,0.01439625397324562,-0.036627478897571564,0.05466021969914436,2.0014410893054446e-06,0.0
1765455464,482700087,0.06649704450098395,0.0008377580409572782,0.11836822987025543,-0.04797910113732413,0.052324970974790004,-0.07801621756414652,1.1238873185292286,-1.8050893255826155,-5.0,0.0,256.0,14.0,0.0,0.0,0.0,0.0,-0.08056640625,0.0,1.30517578125,0.0966796875,-0.14501953125,0.2255859375,0.0,-0.12890625,nan,nan,nan,nan,nan,nan,nan,nan,-0.01995961181819439,-0.00027227139798924327,0.34735459089279175,0.013378357514739037,-0.036627478897571564,0.05463578552007675,5.290348417474888e-05,0.0
1765455464,504953151,0.0665144977935039,0.0010297442586766545,0.13217378425353057,-0.04843288674284264,0.052324970974790004,-0.07794640439406676,1.1239047718217483,-1.8050893255826155,0.0,10.0,318.0,0.0,0.0,0.0,0.0,0.0,-0.064453125,-0.04833984375,1.30517578125,0.08056640625,-0.12890625,0.2255859375,0.0322265625,-0.0966796875,nan,nan,nan,nan,nan,nan,nan,nan,-0.01994910091161728,-0.0002513298823032528,0.3450315296649933,0.01295438315719366,-0.036627478897571564,0.05461135506629944,3.58012221113313e-06,0.0
1765455464,529464677,0.06649704450098395,0.0010297442586766545,0.1427330262280963,-0.04834562028024293,0.052324970974790004,-0.07794640439406676,1.1239396784067885,-1.8050893255826155,0.0,0.0,243.0,4.0,0.0,0.0,7.0,0.0,-0.0966796875,-0.0322265625,1.353515625,0.064453125,-0.11279296875,0.2255859375,0.01611328125,-0.08056640625,nan,nan,nan,nan,nan,nan,nan,nan,-0.019954349845647812,-0.000308949121972546,0.34130367636680603,0.01307687908411026,-0.036627478897571564,0.05456248298287392,3.5742514228331856e-06,0.0
1765455464,552391574,0.0665144977935039,0.0009250245035569946,0.1546885316042574,-0.04808382089244378,0.052324970974790004,-0.07794640439406676,1.1239222251142684,-1.8050893255826155,0.0,0.0,313.0,11.0,0.0,0.0,0.0,0.0,-0.064453125,-0.04833984375,1.27294921875,0.064453125,-0.14501953125,0.24169921875,0.0,-0.11279296875,nan,nan,nan,nan,nan,nan,nan,nan,-0.019949113950133324,-0.0003089232777711004,0.3384527862071991,0.013053310103714466,-0.036627478897571564,0.05456248298287392,-2.8977205147384666e-05,0.0
1765455464,578953304,0.06646213791594408,0.0009250245035569946,0.1711993463281238,-0.04834562028024293,0.052324970974790004,-0.07794640439406676,1.1239222251142684,-1.8050893255826155,0.0,0.0,368.0,-9.0,0.0,0.0,0.0,0.0,-0.08056640625,0.0,1.2568359375,0.064453125,-0.11279296875,0.2255859375,0.01611328125,-0.1611328125,nan,nan,nan,nan,nan,nan,nan,nan,-0.019954349845647812,-0.0002775073517113924,0.3352246582508087,0.01298261247575283,-0.036627478897571564,0.05456248298287392,2.779569285848993e-06,0.0
1765455464,605514425,0.06642723133090418,0.0010297442586766545,0.18423695584052144,-0.0481361807700036,0.052324970974790004,-0.07794640439406676,1.1239222251142684,-1.8050893255826155,0.0,0.0,368.0,-9.0,0.0,0.0,0.0,0.0,-0.0966796875,-0.04833984375,1.27294921875,0.0966796875,-0.14501953125,0.20947265625,0.0322265625,-0.11279296875,nan,nan,nan,nan,nan,nan,nan,nan,-0.019938642159104347,-0.0002775073517113924,0.3307666778564453,0.013053332455456257,-0.036627478897571564,0.05456248298287392,2.7795783807960106e-06,0.0
1765455464,630117824,0.06644468462342412,0.0009075712110370515,0.19558159597848454,-0.046635197613288486,0.052324970974790004,-0.07794640439406676,1.1239396784067885,-1.8050893255826155,0.0,-10.0,243.0,23.0,0.0,0.0,4.0,0.0,-0.08056640625,-0.0322265625,1.30517578125,0.11279296875,-0.14501953125,0.2255859375,0.0322265625,-0.0966796875,nan,nan,nan,nan,nan,nan,nan,nan,-0.01992816850543022,-0.0003089468227699399,0.32724666595458984,0.012996732257306576,-0.036627478897571564,0.05456248298287392,2.7795783807960106e-06,0.0
1765455464,650723571,0.06640977803838424,0.0008552113334772215,0.20980602938223838,-0.046949356878647465,0.052324970974790004,-0.07794640439406676,1.1239222251142684,-1.8050893255826155,0.0,0.0,349.0,-21.0,0.0,0.0,0.0,0.0,-0.08056640625,-0.04833984375,1.224609375,0.064453125,-0.14501953125,0.20947265625,0.0322265625,-0.12890625,nan,nan,nan,nan,nan,nan,nan,nan,-0.01993340626358986,-0.0002722454082686454,0.3241836726665497,0.012591465376317501,-0.036627478897571564,0.05456248298287392,-1.5696095942985266e-05,0.0
1765455464,671316037,0.06640977803838424,0.0009250245035569946,0.22225022694895794,-0.04783947479716458,0.052324970974790004,-0.07791149780902688,1.1239222251142684,-1.8050893255826155,0.0,10.0,351.0,-33.0,0.0,0.0,0.0,0.0,-0.08056640625,-0.04833984375,1.24072265625,0.064453125,-0.0966796875,0.20947265625,0.0322265625,-0.0966796875,nan,nan,nan,nan,nan,nan,nan,nan,-0.019922934472560883,-0.0002565652539487928,0.32034334540367126,0.012676352635025978,-0.036627478897571564,0.05456248298287392,2.3457184852304636e-06,0.0
1765455464,694049171,0.06642723133090418,0.0009424777960769379,0.23209388393020594,-0.04804891430740389,0.052324970974790004,-0.07791149780902688,1.1239571316993082,-1.8050893255826155,0.0,10.0,351.0,-33.0,0.0,0.0,0.0,0.0,-0.08056640625,-0.0322265625,1.2568359375,0.04833984375,-0.0966796875,0.2255859375,0.01611328125,-0.11279296875,nan,nan,nan,nan,nan,nan,nan,nan,-0.019922932609915733,-0.00027753107133321464,0.31698334217071533,0.0129166878759861,-0.036627478897571564,0.0545380525290966,2.3478532966692e-06,0.0
1765455464,714556292,0.06646213791594408,0.0008377580409572782,0.2410299697004169,-0.0477696616270848,0.052324970974790004,-0.07791149780902688,1.1239571316993082,-1.8050893255826155,2.0,0.0,223.0,0.0,0.0,0.0,0.0,0.0,-0.0966796875,0.11279296875,1.24072265625,0.0966796875,-0.08056640625,0.2255859375,0.0322265625,-0.11279296875,nan,nan,nan,nan,nan,nan,nan,nan,-0.01992817409336567,-0.00028274330543354154,0.31432539224624634,0.012973206117749214,-0.036627478897571564,0.054538048803806305,2.3478532966692e-06,0.0
1765455464,736781260,0.06642723133090418,0.0008028514559173916,0.25085617338914495,-0.04787438138220446,0.052324970974790004,-0.07791149780902688,1.1239571316993082,-1.8050893255826155,-7.0,5.0,278.0,0.0,0.0,0.0,0.0,0.0,-0.08056640625,-0.04833984375,1.20849609375,0.064453125,-0.20947265625,0.2255859375,0.01611328125,-0.11279296875,nan,nan,nan,nan,nan,nan,nan,nan,-0.019938642159104347,-0.0002513247891329229,0.3119126260280609,0.012897809036076069,-0.036627478897571564,0.054538048803806305,-6.953011506993789e-06,0.0
1765455464,762172318,0.06644468462342412,0.0009773843811168245,0.2615375884113503,-0.04843288674284264,0.052324970974790004,-0.07787659122398698,1.1239222251142684,-1.8050893255826155,-7.0,5.0,278.0,0.0,0.0,0.0,0.0,0.0,-0.064453125,-0.0322265625,1.14404296875,0.064453125,-0.17724609375,0.20947265625,0.0,-0.12890625,nan,nan,nan,nan,nan,nan,nan,nan,-0.01992815174162388,-0.00024086858320515603,0.30925947427749634,0.01292608305811882,-0.036627478897571564,0.054538048803806305,2.1202993139013415e-06,0.0
1765455464,785265745,0.06646213791594408,0.0009948376736367678,0.26933921016776496,-0.048171087355043496,0.052324970974790004,-0.07787659122398698,1.1239222251142684,-1.8050893255826155,0.0,0.0,165.0,14.0,0.0,0.0,0.0,0.0,-0.0966796875,0.0,1.17626953125,0.064453125,-0.12890625,0.2255859375,0.0,-0.0966796875,nan,nan,nan,nan,nan,nan,nan,nan,-0.01993340626358986,-0.0002932228671852499,0.30637553334236145,0.013076887466013432,-0.036627478897571564,0.05451361462473869,2.1203516098466935e-06,0.0
1765455464,812554108,0.06646213791594408,0.0008552113334772215,0.2781007630127765,-0.04822344723260333,0.052324970974790004,-0.07787659122398698,1.1239571316993082,-1.8050893255826155,0.0,0.0,165.0,14.0,0.0,0.0,0.0,0.0,-0.08056640625,0.0,1.17626953125,0.064453125,-0.0966796875,0.2255859375,0.0322265625,-0.0966796875,nan,nan,nan,nan,nan,nan,nan,nan,-0.019938642159104347,-0.0002984513121191412,0.3042692542076111,0.013006169348955154,-0.036627478897571564,0.05451361462473869,2.1203516098466935e-06,0.0
1765455464,833863128,0.06642723133090418,0.0009424777960769379,0.2830400447959204,-0.048467793327882536,0.052324970974790004,-0.0778416846389471,1.1239745849918281,-1.8050893255826155,0.0,0.0,156.0,-1.0,0.0,0.0,0.0,0.0,-0.064453125,-0.064453125,1.17626953125,0.064453125,-0.08056640625,0.20947265625,0.01611328125,-0.14501953125,nan,nan,nan,nan,nan,nan,nan,nan,-0.019938642159104347,-0.0002565636532381177,0.3019036650657654,0.013020331971347332,-0.036627478897571564,0.05451361462473869,2.1203516098466935e-06,0.0
1765455464,854796718,0.06646213791594408,0.0009773843811168245,0.2852042530683934,-0.04803146101488395,0.05225515780471023,-0.0778416846389471,1.1239920382843482,-1.8050893255826155,0.0,0.0,33.0,10.0,0.0,0.0,0.0,0.0,-0.08056640625,0.0,1.1923828125,0.0966796875,-0.1611328125,0.2255859375,0.0322265625,-0.0966796875,nan,nan,nan,nan,nan,nan,nan,nan,-0.01992817036807537,-0.00028276676312088966,0.3005700707435608,0.013086304068565369,-0.036627478897571564,0.05448918044567108,2.1203516098466935e-06,0.0
1765455464,877035318,0.06646213791594408,0.0009424777960769379,0.28555331891879226,-0.04714134309636684,0.05225515780471023,-0.0778416846389471,1.1239571316993082,-1.8050893255826155,0.0,0.0,8.0,10.0,0.0,0.0,0.0,0.0,-0.0966796875,0.0,1.20849609375,0.08056640625,-0.0966796875,0.2255859375,0.0322265625,-0.12890625,nan,nan,nan,nan,nan,nan,nan,nan,-0.019938642159104347,-0.00029321524198167026,0.2999859154224396,0.012968477793037891,-0.03657861053943634,0.05448918044567108,2.1203516098466935e-06,0.0
1765455464,899677347,0.0663923247458643,0.0009075712110370515,0.28614673086447034,-0.047263516144006444,0.05225515780471023,-0.0778416846389471,1.1239571316993082,-1.8050893255826155,0.0,0.0,4.0,-11.0,0.0,0.0,0.0,0.0,-0.08056640625,0.0,1.16015625,0.0966796875,-0.2578125,0.2255859375,0.0322265625,-0.11279296875,nan,nan,nan,nan,nan,nan,nan,nan,-0.019938642159104347,-0.0002827433927450329,0.29989171028137207,0.012728146277368069,-0.03657861053943634,0.05448918044567108,2.1203516098466935e-06,0.0
1765455464,921032735,0.0663923247458643,0.0009075712110370515,0.28565803867391193,-0.047664941871965134,0.05225515780471023,-0.0778416846389471,1.1239571316993082,-1.8050893255826155,5.0,0.0,-30.0,-7.0,0.0,0.0,0.0,0.0,-0.08056640625,-0.0322265625,1.14404296875,0.064453125,-0.12890625,0.2255859375,0.0322265625,-0.12890625,nan,nan,nan,nan,nan,nan,nan,nan,-0.019917696714401245,-0.0002722714270930737,0.2997314929962158,0.01276116818189621,-0.03657861053943634,0.05448918044567108,2.1203516098466935e-06,0.0
1765455464,943666253,0.0663923247458643,0.0009075712110370515,0.28358109686403865,-0.04778711491960474,0.05225515780471023,-0.0778416846389471,1.1239571316993082,-1.8050893255826155,5.0,0.0,-30.0,-7.0,0.0,0.0,0.0,0.0,-0.08056640625,-0.0322265625,1.1923828125,0.064453125,-0.14501953125,0.193359375,0.01611328125,-0.04833984375,nan,nan,nan,nan,nan,nan,nan,nan,-0.01991770975291729,-0.0002722713688854128,0.2998634874820709,0.012869546189904213,-0.03657861053943634,0.05448918044567108,2.1203516098466935e-06,0.0
1765455464,963689047,0.06644468462342412,0.0009075712110370515,0.28101546286360696,-0.048310713695203046,0.05225515780471023,-0.0778416846389471,1.1239222251142684,-1.8050893255826155,0.0,0.0,-74.0,-18.0,0.0,0.0,0.0,0.0,-0.08056640625,0.0,1.17626953125,0.064453125,-0.14501953125,0.2255859375,0.0322265625,-0.0966796875,nan,nan,nan,nan,nan,nan,nan,nan,-0.019917696714401245,-0.0002722713688854128,0.30042433738708496,0.012902520596981049,-0.03657861053943634,0.05448918044567108,2.1203516098466935e-06,0.0
1765455464,985121844,0.06640977803838424,0.000890117918517108,0.27759461752969816,-0.04876449930072156,0.05225515780471023,-0.0778416846389471,1.1239571316993082,-1.8050893255826155,0.0,0.0,-112.0,-7.0,0.0,0.0,0.0,0.0,-0.08056640625,0.0322265625,1.16015625,0.064453125,-0.14501953125,0.20947265625,0.01611328125,-0.11279296875,nan,nan,nan,nan,nan,nan,nan,nan,-0.01993340440094471,-0.0002722713688854128,0.30111706256866455,0.013043923303484917,-0.03657861053943634,0.05448918044567108,2.1203516098466935e-06,0.0
1765455465,6913558,0.0663923247458643,0.000890117918517108,0.2730393081819929,-0.04855505979048225,0.05225515780471023,-0.0778416846389471,1.1239571316993082,-1.8050893255826155,0.0,0.0,-134.0,10.0,0.0,0.0,0.0,0.0,-0.08056640625,-0.04833984375,1.16015625,0.064453125,-0.12890625,0.20947265625,0.0322265625,-0.12890625,nan,nan,nan,nan,nan,nan,nan,nan,-0.019922932609915733,-0.0002670354151632637,0.3020407557487488,0.013166426680982113,-0.03657861053943634,0.05448918044567108,2.1203516098466935e-06,0.0
1765455465,36308605,0.06640977803838424,0.0009075712110370515,0.2669481090925327,-0.04822344723260333,0.05225515780471023,-0.0778416846389471,1.1239396784067885,-1.8050893255826155,0.0,0.0,-142.0,3.0,0.0,0.0,0.0,0.0,-0.0966796875,-0.0322265625,1.14404296875,0.064453125,-0.12890625,0.193359375,0.0322265625,-0.11279296875,nan,nan,nan,nan,nan,nan,nan,nan,-0.019917696714401245,-0.0002670353860594332,0.30327072739601135,0.013109848834574223,-0.03657861053943634,0.05448918044567108,2.1203516098466935e-06,0.0
1765455465,57638393,0.06644468462342412,0.0009424777960769379,0.25939083343139724,-0.04810127418496373,0.05225515780471023,-0.0778416846389471,1.1239222251142684,-1.8050893255826155,0.0,0.0,-129.0,0.0,0.0,0.0,0.0,0.0,-0.08056640625,0.0966796875,1.17626953125,0.064453125,-0.12890625,0.193359375,0.0322265625,-0.08056640625,nan,nan,nan,nan,nan,nan,nan,nan,-0.019922932609915733,-0.0002722713688854128,0.3049153685569763,0.01302032545208931,-0.03657861053943634,0.05448918044567108,2.1203516098466935e-06,0.0
1765455465,80581482,0.06640977803838424,0.0009250245035569946,0.2537359666549356,-0.04790928796724435,0.05225515780471023,-0.0778416846389471,1.1239571316993082,-1.8050893255826155,0.0,0.0,-182.0,4.0,0.0,0.0,1.0,0.0,-0.08056640625,0.0,1.16015625,-0.01611328125,-0.11279296875,0.2255859375,0.0,-0.12890625,nan,nan,nan,nan,nan,nan,nan,nan,-0.01993340440094471,-0.0002827432763297111,0.30695581436157227,0.012987344525754452,-0.03657861053943634,0.05448918044567108,2.1203516098466935e-06,0.0
1765455465,101087963,0.06644468462342412,0.0009250245035569946,0.24651030355167913,-0.04783947479716458,0.05229006438975012,-0.0778416846389471,1.1239571316993082,-1.8050893255826155,0.0,0.0,-194.0,11.0,0.0,0.0,0.0,0.0,-0.04833984375,-0.0322265625,1.1923828125,0.064453125,-0.1611328125,0.24169921875,0.0322265625,-0.0966796875,nan,nan,nan,nan,nan,nan,nan,nan,-0.019922932609915733,-0.00027750738081522286,0.30848270654678345,0.012935501523315907,-0.03657861053943634,0.05448918044567108,-2.505410520825535e-06,0.0
1765455465,124788727,0.06644468462342412,0.0009250245035569946,0.23952898654370178,-0.047664941871965134,0.05229006438975012,-0.0778416846389471,1.1239396784067885,-1.8050893255826155,0.0,0.0,-210.0,12.0,0.0,0.0,0.0,0.0,-0.08056640625,-0.04833984375,1.17626953125,0.064453125,-0.24169921875,0.20947265625,0.0,-0.11279296875,nan,nan,nan,nan,nan,nan,nan,nan,-0.01993340440094471,-0.0002775073517113924,0.31043365597724915,0.01291663944721222,-0.03660304471850395,0.05448918044567108,2.0085706182726426e-06,0.0
1765455465,147499045,0.06646213791594408,0.0009250245035569946,0.23237313661052506,-0.04757767540936542,0.05229006438975012,-0.0778416846389471,1.1239571316993082,-1.8050893255826155,0.0,0.0,-184.0,0.0,0.0,0.0,0.0,0.0,-0.08056640625,-0.04833984375,1.20849609375,0.064453125,-0.14501953125,0.2255859375,0.0322265625,-0.0966796875,nan,nan,nan,nan,nan,nan,nan,nan,-0.01993340626358986,-0.0002775073517113924,0.3123186528682709,0.012869513593614101,-0.03660304471850395,0.05448918044567108,2.0085967662453186e-06,0.0
1765455465,169410760,0.06640977803838424,0.0009250245035569946,0.22460642143915027,-0.047664941871965134,0.05229006438975012,-0.0778416846389471,1.1239571316993082,-1.8050893255826155,0.0,0.0,-175.0,0.0,0.0,0.0,0.0,0.0,-0.08056640625,-0.04833984375,1.1923828125,0.08056640625,-0.08056640625,0.1611328125,0.01611328125,-0.11279296875,nan,nan,nan,nan,nan,nan,nan,nan,-0.019938642159104347,-0.0002775073517113924,0.3142506778240204,0.012845972552895546,-0.03660304471850395,0.05448918044567108,2.0085967662453186e-06,0.0
1765455465,193911182,0.06640977803838424,0.0009250245035569946,0.21870720856740944,-0.04803146101488395,0.052324970974790004,-0.0778416846389471,1.1239222251142684,-1.8050893255826155,0.0,0.0,-153.0,-9.0,0.0,0.0,0.0,0.0,-0.08056640625,-0.0322265625,1.17626953125,0.01611328125,-0.14501953125,0.20947265625,0.01611328125,-0.11279296875,nan,nan,nan,nan,nan,nan,nan,nan,-0.019922932609915733,-0.0002775073517113924,0.3163476884365082,0.012869534082710743,-0.03660304471850395,0.05448918044567108,2.0085967662453186e-06,0.0
1765455465,218198993,0.06640977803838424,0.0009250245035569946,0.21177825143699194,-0.04825835381764321,0.052324970974790004,-0.0778416846389471,1.1239396784067885,-1.8050893255826155,0.0,0.0,-165.0,-16.0,0.0,0.0,0.0,0.0,-0.08056640625,0.0,1.14404296875,0.04833984375,-0.12890625,0.20947265625,0.0322265625,-0.0966796875,nan,nan,nan,nan,nan,nan,nan,nan,-0.019922932609915733,-0.0002775073517113924,0.31794044375419617,0.012968510389328003,-0.036627478897571564,0.05448918044567108,2.0085967662453186e-06,0.0
1765455465,240300151,0.06640977803838424,0.0009250245035569946,0.20455258833373544,-0.04825835381764321,0.052324970974790004,-0.0778416846389471,1.1239222251142684,-1.8050893255826155,0.0,0.0,-152.0,0.0,0.0,0.0,0.0,0.0,-0.08056640625,0.0,1.224609375,0.064453125,-0.0966796875,0.2255859375,0.0,-0.11279296875,nan,nan,nan,nan,nan,nan,nan,nan,-0.019922932609915733,-0.0002775073517113924,0.31981125473976135,0.01302978303283453,-0.036627478897571564,0.05448918044567108,2.0085967662453186e-06,0.0
1765455465,265456966,0.06640977803838424,0.0009075712110370515,0.19868828204703448,-0.048171087355043496,0.052324970974790004,-0.0778416846389471,1.1239222251142684,-1.8050893255826155,0.0,0.0,-120.0,-3.0,0.0,0.0,0.0,0.0,-0.0322265625,0.0,1.20849609375,0.064453125,-0.14501953125,0.193359375,0.0322265625,-0.0966796875,nan,nan,nan,nan,nan,nan,nan,nan,-0.019922932609915733,-0.0002775073517113924,0.32176217436790466,0.013029755093157291,-0.036627478897571564,0.05448918044567108,2.0085967662453186e-06,0.0
1765455465,287793071,0.06640977803838424,0.0009075712110370515,0.19250981649497456,-0.04803146101488395,0.052324970974790004,-0.0778416846389471,1.1239222251142684,-1.8050893255826155,0.0,0.0,-120.0,-3.0,0.0,0.0,0.0,0.0,-0.08056640625,-0.0322265625,1.224609375,0.04833984375,-0.08056640625,0.20947265625,0.01611328125,-0.0966796875,nan,nan,nan,nan,nan,nan,nan,nan,-0.019922932609915733,-0.0002722713688854128,0.32334548234939575,0.013006199151277542,-0.036627478897571564,0.05448918044567108,2.0085967662453186e-06,0.0
1765455465,309179052,0.0663923247458643,0.0009250245035569946,0.18764034788191036,-0.04792674125976429,0.052324970974790004,-0.0778416846389471,1.1239222251142684,-1.8050893255826155,0.0,0.0,-114.0,-3.0,0.0,0.0,0.0,0.0,-0.08056640625,0.0,1.24072265625,0.064453125,-0.1611328125,0.2255859375,0.0,0.0,nan,nan,nan,nan,nan,nan,nan,nan,-0.019922932609915733,-0.0002722713688854128,0.325013667345047,0.012968494556844234,-0.036627478897571564,0.05448918044567108,2.0085967662453186e-06,0.0
1765455465,330901677,0.06642723133090418,0.0009250245035569946,0.18432422230312112,-0.04808382089244378,0.052324970974790004,-0.0778416846389471,1.1239222251142684,-1.8050893255826155,6.0,0.0,-79.0,0.0,0.0,0.0,0.0,0.0,-0.08056640625,-0.04833984375,1.2568359375,0.01611328125,-0.14501953125,0.2255859375,0.0322265625,-0.11279296875,nan,nan,nan,nan,nan,nan,nan,nan,-0.019917696714401245,-0.00027750732260756195,0.32632842659950256,0.012940225191414356,-0.036627478897571564,0.05448918044567108,2.0085967662453186e-06,0.0
1765455465,351672001,0.06640977803838424,0.0009250245035569946,0.1819505745204089,-0.04822344723260333,0.052324970974790004,-0.0778416846389471,1.1239222251142684,-1.8050893255826155,6.0,0.0,-79.0,0.0,0.0,0.0,0.0,0.0,-0.0966796875,-0.0322265625,1.27294921875,0.064453125,-0.0966796875,0.193359375,-0.01611328125,-0.0966796875,nan,nan,nan,nan,nan,nan,nan,nan,-0.019928183406591415,-0.0002775073517113924,0.32722359895706177,0.01298262644559145,-0.036627478897571564,0.05448918044567108,2.0085967662453186e-06,0.0
1765455465,376036037,0.06644468462342412,0.0009250245035569946,0.1791580477172179,-0.048310713695203046,0.052324970974790004,-0.0778416846389471,1.1239222251142684,-1.8050893255826155,0.0,0.0,-64.0,4.0,0.0,0.0,0.0,0.0,-0.08056640625,0.0966796875,1.30517578125,0.064453125,-0.08056640625,0.2255859375,0.0322265625,-0.11279296875,nan,nan,nan,nan,nan,nan,nan,nan,-0.019922932609915733,-0.0002775073517113924,0.3278645873069763,0.013020330108702183,-0.036627478897571564,0.05448918044567108,2.0085967662453186e-06,0.0
1765455465,396997884,0.06642723133090418,0.0009250245035569946,0.17786650407074214,-0.048171087355043496,0.05235987755982988,-0.0778416846389471,1.1239222251142684,-1.8050893255826155,0.0,0.0,-64.0,4.0,0.0,0.0,0.0,0.0,-0.08056640625,-0.0322265625,1.2568359375,0.08056640625,-0.12890625,0.24169921875,0.01611328125,-0.1611328125,nan,nan,nan,nan,nan,nan,nan,nan,-0.01993340440094471,-0.0002775073517113924,0.32861846685409546,0.013043883256614208,-0.036627478897571564,0.05448918044567108,2.0085967662453186e-06,0.0
1765455465,418156438,0.06642723133090418,0.0009250245035569946,0.17749998492782332,-0.048118727477483664,0.05239478414486978,-0.0778416846389471,1.1239222251142684,-1.8050893255826155,0.0,0.0,0.0,0.0,0.0,0.0,0.0,0.0,-0.08056640625,-0.0322265625,1.20849609375,0.0966796875,-0.0966796875,0.2255859375,-0.04833984375,-0.12890625,nan,nan,nan,nan,nan,nan,nan,nan,-0.01992816850543022,-0.0002775073517113924,0.3289671838283539,0.013006193563342094,-0.036651913076639175,0.05448918044567108,2.0085967662453186e-06,0.0
1765455465,445897927,0.06642723133090418,0.0009250245035569946,0.17760470468294298,-0.04804891430740389,0.05239478414486978,-0.0778416846389471,1.1239222251142684,-1.8050893255826155,0.0,0.0,10.0,10.0,0.0,0.0,0.0,0.0,-0.08056640625,-0.0322265625,1.224609375,0.064453125,-0.14501953125,0.2255859375,-0.0322265625,-0.12890625,nan,nan,nan,nan,nan,nan,nan,nan,-0.01992816850543022,-0.0002775073517113924,0.32906612753868103,0.012992056086659431,-0.03667634725570679,0.05448918044567108,2.0085967662453186e-06,0.0
1765455465,468183375,0.06642723133090418,0.0009250245035569946,0.17802358370342164,-0.04763003528692525,0.052429690729909655,-0.0778416846389471,1.1239222251142684,-1.8050893255826155,0.0,0.0,20.0,10.0,0.0,0.0,0.0,0.0,-0.08056640625,0.0,1.24072265625,0.064453125,-0.11279296875,0.2255859375,0.0322265625,-0.12890625,nan,nan,nan,nan,nan,nan,nan,nan,-0.01992816850543022,-0.0002775073517113924,0.3290378451347351,0.012973189353942871,-0.03667634725570679,0.05448918044567108,2.0085967662453186e-06,0.0
1765455465,489660909,0.06642723133090418,0.0009250245035569946,0.17898351479201852,-0.04738568919164604,0.052429690729909655,-0.0778416846389471,1.1239222251142684,-1.8050893255826155,0.0,0.0,22.0,0.0,0.0,0.0,0.0,0.0,-0.08056640625,0.0966796875,1.2568359375,0.08056640625,-0.11279296875,0.2255859375,0.01611328125,-0.12890625,nan,nan,nan,nan,nan,nan,nan,nan,-0.01992816850543022,-0.0002775073517113924,0.3289247155189514,0.012860092334449291,-0.0367007851600647,0.05448918044567108,2.0085967662453186e-06,0.0
1765455465,511649586,0.06642723133090418,0.0009250245035569946,0.1800307123432151,-0.04731587602156627,0.052429690729909655,-0.0778416846389471,1.1239222251142684,-1.8050893255826155,0.0,0.0,22.0,0.0,0.0,0.0,0.0,0.0,-0.08056640625,0.0,1.24072265625,0.064453125,-0.0966796875,0.20947265625,0.01611328125,-0.12890625,nan,nan,nan,nan,nan,nan,nan,nan,-0.01992816850543022,-0.0002775073517113924,0.32866552472114563,0.012794136069715023,-0.0367007851600647,0.05448918044567108,2.0085967662453186e-06,0.0
1765455465,532873964,0.06642723133090418,0.0009250245035569946,0.18149678891489035,-0.047263516144006444,0.052429690729909655,-0.0778416846389471,1.1239222251142684,-1.8050893255826155,0.0,0.0,36.0,1.0,0.0,0.0,0.0,0.0,-0.0966796875,-0.04833984375,1.24072265625,0.064453125,-0.1611328125,0.24169921875,0.0,-0.11279296875,nan,nan,nan,nan,nan,nan,nan,nan,-0.01992816850543022,-0.0002775073517113924,0.3283827602863312,0.012775285169482231,-0.0367007851600647,0.05448918044567108,2.0085967662453186e-06,0.0
1765455465,557778744,0.06640977803838424,0.0009250245035569946,0.1831723049968049,-0.04759512870188536,0.052429690729909655,-0.0778416846389471,1.1239222251142684,-1.8050893255826155,0.0,0.0,36.0,0.0,0.0,0.0,0.0,0.0,-0.0966796875,-0.04833984375,1.2568359375,0.064453125,-0.11279296875,0.2255859375,0.01611328125,-0.11279296875,nan,nan,nan,nan,nan,nan,nan,nan,-0.01992816850543022,-0.0002775073517113924,0.3279869258403778,0.012761149555444717,-0.0367007851600647,0.05448918044567108,2.0085967662453186e-06,0.0
1765455465,583946900,0.06640977803838424,0.0009250245035569946,0.18530160668423798,-0.04796164784480418,0.052429690729909655,-0.0778416846389471,1.1239222251142684,-1.8050893255826155,0.0,0.0,48.0,-14.0,0.0,0.0,0.0,0.0,-0.0966796875,0.01611328125,1.2568359375,0.064453125,-0.14501953125,0.2255859375,0.0322265625,-0.0966796875,nan,nan,nan,nan,nan,nan,nan,nan,-0.019922932609915733,-0.0002775073517113924,0.3275345265865326,0.012850701808929443,-0.0367007851600647,0.05448918044567108,2.0085967662453186e-06,0.0
1765455465,606503040,0.06640977803838424,0.0009250245035569946,0.18666296350079353,-0.04825835381764321,0.052429690729909655,-0.0778416846389471,1.1239222251142684,-1.8050893255826155,0.0,0.0,48.0,-14.0,0.0,0.0,0.0,0.0,-0.08056640625,0.0,1.27294921875,0.064453125,-0.14501953125,0.20947265625,0.01611328125,-0.12890625,nan,nan,nan,nan,nan,nan,nan,nan,-0.019922932609915733,-0.0002775073517113924,0.32695960998535156,0.012949668802320957,-0.0367007851600647,0.05448918044567108,2.0085967662453186e-06,0.0
1765455465,629285199,0.06642723133090418,0.0009250245035569946,0.18779742751458986,-0.04824090052512327,0.052429690729909655,-0.0778416846389471,1.1239222251142684,-1.8050893255826155,0.0,0.0,29.0,0.0,0.0,0.0,0.0,0.0,-0.08056640625,-0.0322265625,1.30517578125,0.064453125,-0.14501953125,0.193359375,0.01611328125,-0.11279296875,nan,nan,nan,nan,nan,nan,nan,nan,-0.019922932609915733,-0.0002775073517113924,0.3265920877456665,0.013029755093157291,-0.0367007851600647,0.05448918044567108,2.0085967662453186e-06,0.0
1765455465,653982296,0.06642723133090418,0.0009250245035569946,0.18919369091618532,-0.04825835381764321,0.052429690729909655,-0.0778416846389471,1.1239222251142684,-1.8050893255826155,0.0,0.0,37.0,0.0,0.0,0.0,0.0,0.0,-0.0966796875,0.0,1.2568359375,0.064453125,-0.2255859375,0.2255859375,0.04833984375,-0.12890625,nan,nan,nan,nan,nan,nan,nan,nan,-0.01992816850543022,-0.0002775073517113924,0.3262857496738434,0.013025043532252312,-0.0367007851600647,0.05448918044567108,2.0085967662453186e-06,0.0
1765455465,674668363,0.06642723133090418,0.0009250245035569946,0.19085175370557994,-0.048328166987722986,0.052429690729909655,-0.0778416846389471,1.1239222251142684,-1.8050893255826155,0.0,0.0,44.0,0.0,0.0,0.0,0.0,0.0,-0.0966796875,0.0966796875,1.2568359375,0.0966796875,-0.14501953125,0.20947265625,0.0322265625,-0.12890625,nan,nan,nan,nan,nan,nan,nan,nan,-0.01992816850543022,-0.0002775073517113924,0.32590875029563904,0.013029755093157291,-0.0367007851600647,0.05448918044567108,2.0085967662453186e-06,0.0
1765455465,701630289,0.06642723133090418,0.0009250245035569946,0.19252726978749451,-0.048450340035362596,0.052429690729909655,-0.0778416846389471,1.1239222251142684,-1.8050893255826155,0.0,0.0,38.0,0.0,0.0,0.0,0.0,0.0,-0.08056640625,-0.0322265625,1.20849609375,0.064453125,-0.08056640625,0.2255859375,0.01611328125,-0.08056640625,nan,nan,nan,nan,nan,nan,nan,nan,-0.01992816850543022,-0.0002775073517113924,0.3250308632850647,0.013079975731670856,-0.0367007851600647,0.05448918044567108,2.0085967662453186e-06,0.0
1765455465,724708709,0.06642723133090418,0.0009250245035569946,0.19395843977412983,-0.048450340035362596,0.052429690729909655,-0.0778416846389471,1.1239222251142684,-1.8050893255826155,0.0,0.0,24.0,0.0,0.0,0.0,0.0,0.0,-0.064453125,-0.064453125,1.2568359375,0.0,-0.1611328125,0.2255859375,0.01611328125,-0.11279296875,nan,nan,nan,nan,nan,nan,nan,nan,-0.01992816850543022,-0.0002775073517113924,0.32500869035720825,0.013081591576337814,-0.0367007851600647,0.05448918044567108,2.0085967662453186e-06,0.0
1765455465,745681404,0.06642723133090418,0.0009250245035569946,0.1945518517198079,-0.048171087355043496,0.052429690729909655,-0.0778416846389471,1.1239222251142684,-1.8050893255826155,0.0,0.0,24.0,0.0,0.0,0.0,0.0,0.0,-0.0966796875,-0.0322265625,1.2568359375,0.064453125,-0.08056640625,0.2255859375,0.0322265625,-0.0966796875,nan,nan,nan,nan,nan,nan,nan,nan,-0.01992816850543022,-0.0002775073517113924,0.3246223032474518,0.013081591576337814,-0.0367007851600647,0.05448918044567108,2.0085967662453186e-06,0.0
1765455465,770345540,0.06642723133090418,0.0009250245035569946,0.19493582415524666,-0.047717301749524973,0.052429690729909655,-0.0778416846389471,1.1239222251142684,-1.8050893255826155,0.0,0.0,10.0,5.0,0.0,0.0,0.0,0.0,-0.0966796875,-0.0322265625,1.27294921875,0.064453125,-0.14501953125,0.193359375,-0.01611328125,-0.11279296875,nan,nan,nan,nan,nan,nan,nan,nan,-0.01992816850543022,-0.0002775073517113924,0.32446208596229553,0.013006176799535751,-0.0367007851600647,0.05448918044567108,2.0085967662453186e-06,0.0
1765455465,793110259,0.06642723133090418,0.0009250245035569946,0.19493582415524666,-0.047403142484165994,0.052429690729909655,-0.0778416846389471,1.1239222251142684,-1.8050893255826155,0.0,0.0,10.0,5.0,0.0,0.0,0.0,0.0,-0.064453125,-0.0322265625,1.30517578125,0.08056640625,-0.12890625,0.20947265625,0.0,-0.11279296875,nan,nan,nan,nan,nan,nan,nan,nan,-0.01992816850543022,-0.0002775073517113924,0.32435843348503113,0.012883663177490234,-0.0367007851600647,0.05448918044567108,2.0085967662453186e-06,0.0
1765455465,817114194,0.06642723133090418,0.0009250245035569946,0.19491837086272676,-0.04738568919164604,0.052429690729909655,-0.0778416846389471,1.1239222251142684,-1.8050893255826155,0.0,0.0,-8.0,0.0,0.0,0.0,0.0,0.0,-0.11279296875,0.0,1.2568359375,0.064453125,-0.0966796875,0.2255859375,0.01611328125,-0.12890625,nan,nan,nan,nan,nan,nan,nan,nan,-0.01992816850543022,-0.0002775073517113924,0.32436293363571167,0.012794367037713528,-0.0367007851600647,0.05448918044567108,2.0085967662453186e-06,0.0
1765455465,842096382,0.06642723133090418,0.0009250245035569946,0.1946565714749276,-0.04759512870188536,0.052429690729909655,-0.0778416846389471,1.1239222251142684,-1.8050893255826155,0.0,0.0,-8.0,0.0,0.0,0.0,0.0,0.0,-0.11279296875,0.0,1.2890625,0.064453125,-0.14501953125,0.193359375,0.04833984375,-0.12890625,nan,nan,nan,nan,nan,nan,nan,nan,-0.01992816850543022,-0.0002775073517113924,0.32436317205429077,0.012794136069715023,-0.0367007851600647,0.05448918044567108,2.0085967662453186e-06,0.0
1765455465,868676864,0.06642723133090418,0.0009250245035569946,0.19423769245444894,-0.04773475504204491,0.052429690729909655,-0.0778416846389471,1.1239222251142684,-1.8050893255826155,0.0,0.0,-11.0,0.0,0.0,0.0,0.0,0.0,-0.08056640625,-0.04833984375,1.224609375,0.064453125,-0.11279296875,0.2255859375,0.01611328125,-0.11279296875,nan,nan,nan,nan,nan,nan,nan,nan,-0.01992816850543022,-0.0002775073517113924,0.3244338631629944,0.012850687839090824,-0.0367007851600647,0.05448918044567108,2.0085967662453186e-06,0.0
1765455465,891782643,0.06642723133090418,0.0009250245035569946,0.19359192063121103,-0.04773475504204491,0.052429690729909655,-0.0778416846389471,1.1239222251142684,-1.8050893255826155,0.0,0.0,-11.0,0.0,0.0,0.0,0.0,0.0,-0.08056640625,-0.04833984375,1.20849609375,0.064453125,-0.08056640625,0.2255859375,0.0322265625,-0.12890625,nan,nan,nan,nan,nan,nan,nan,nan,-0.01992816850543022,-0.0002775073517113924,0.3245469629764557,0.01288838405162096,-0.0367007851600647,0.05448918044567108,2.0085967662453186e-06,0.0
1765455465,915949557,0.06642723133090418,0.0009250245035569946,0.19319049490325238,-0.04773475504204491,0.052429690729909655,-0.0778416846389471,1.1239222251142684,-1.8050893255826155,0.0,0.0,-7.0,0.0,0.0,0.0,0.0,0.0,-0.064453125,0.0,1.30517578125,0.0,-0.0966796875,0.193359375,0.0322265625,-0.12890625,nan,nan,nan,nan,nan,nan,nan,nan,-0.01992816850543022,-0.0002775073517113924,0.3247213363647461,0.01288838405162096,-0.0367007851600647,0.05448918044567108,2.0085967662453186e-06,0.0
1765455465,945410173,0.06642723133090418,0.0009250245035569946,0.19315558831821247,-0.04782202150464464,0.052429690729909655,-0.0778416846389471,1.1239222251142684,-1.8050893255826155,0.0,0.0,-7.0,0.0,0.0,0.0,0.0,0.0,-0.08056640625,-0.0322265625,1.27294921875,0.0966796875,-0.14501953125,0.2255859375,0.0322265625,-0.0966796875,nan,nan,nan,nan,nan,nan,nan,nan,-0.01992816850543022,-0.0002775073517113924,0.32482969760894775,0.01288838405162096,-0.0367007851600647,0.05448918044567108,2.0085967662453186e-06,0.0
1765455465,969553182,0.06642723133090418,0.0009250245035569946,0.1932603080733321,-0.04783947479716458,0.052429690729909655,-0.0778416846389471,1.1239222251142684,-1.8050893255826155,0.0,0.0,0.0,0.0,0.0,0.0,0.0,0.0,-0.064453125,-0.04833984375,1.2568359375,0.064453125,-0.11279296875,0.24169921875,0.01611328125,-0.12890625,nan,nan,nan,nan,nan,nan,nan,nan,-0.01992816850543022,-0.0002775073517113924,0.32483911514282227,0.012911945581436157,-0.0367007851600647,0.05448918044567108,2.0085967662453186e-06,0.0
1765455465,991943688,0.06642723133090418,0.0009250245035569946,0.19339993441349163,-0.04778711491960474,0.052429690729909655,-0.0778416846389471,1.1239222251142684,-1.8050893255826155,0.0,0.0,0.0,0.0,0.0,0.0,0.0,0.0,-0.0966796875,-0.0322265625,1.30517578125,0.01611328125,-0.14501953125,0.20947265625,0.0322265625,-0.064453125,nan,nan,nan,nan,nan,nan,nan,nan,-0.01992816850543022,-0.0002775073517113924,0.32481083273887634,0.012916658073663712,-0.0367007851600647,0.05448918044567108,2.0085967662453186e-06,0.0
1765455466,15189629,0.06642723133090418,0.0009250245035569946,0.19353956075365122,-0.047664941871965134,0.052429690729909655,-0.0778416846389471,1.1239222251142684,-1.8050893255826155,0.0,0.0,0.0,3.0,0.0,0.0,0.0,0.0,-0.08056640625,-0.04833984375,1.2890625,0.064453125,-0.1611328125,0.17724609375,0.0322265625,-0.12890625,nan,nan,nan,nan,nan,nan,nan,nan,-0.01992816850543022,-0.0002775073517113924,0.3247731328010559,0.012902521528303623,-0.0367007851600647,0.05448918044567108,2.0085967662453186e-06,0.0
1765455466,39665475,0.06642723133090418,0.0009250245035569946,0.19367918709381074,-0.04763003528692525,0.052429690729909655,-0.0778416846389471,1.1239222251142684,-1.8050893255826155,0.0,0.0,5.0,0.0,0.0,0.0,0.0,0.0,-0.11279296875,-0.04833984375,1.24072265625,0.064453125,-0.14501953125,0.20947265625,-0.01611328125,-0.08056640625,nan,nan,nan,nan,nan,nan,nan,nan,-0.01992816850543022,-0.0002775073517113924,0.3247354328632355,0.01286952942609787,-0.0367007851600647,0.05448918044567108,2.0085967662453186e-06,0.0
1765455466,61983948,0.06642723133090418,0.0009250245035569946,0.19388862660405007,-0.04768239516448509,0.052429690729909655,-0.0778416846389471,1.1239222251142684,-1.8050893255826155,0.0,0.0,5.0,0.0,0.0,0.0,0.0,0.0,-0.08056640625,-0.064453125,1.27294921875,0.064453125,-0.14501953125,0.24169921875,0.0322265625,-0.12890625,nan,nan,nan,nan,nan,nan,nan,nan,-0.01992816850543022,-0.0002775073517113924,0.32469773292541504,0.012860110029578209,-0.0367007851600647,0.05448918044567108,2.0085967662453186e-06,0.0
1765455466,85373475,0.06642723133090418,0.0009250245035569946,0.19392353318908995,-0.04778711491960474,0.052429690729909655,-0.0778416846389471,1.1239222251142684,-1.8050893255826155,0.0,0.0,0.0,-5.0,0.0,0.0,0.0,0.0,-0.0966796875,-0.0322265625,1.2568359375,0.064453125,-0.0966796875,0.2255859375,0.01611328125,-0.11279296875,nan,nan,nan,nan,nan,nan,nan,nan,-0.01992816850543022,-0.0002775073517113924,0.3246411979198456,0.012874246574938297,-0.0367007851600647,0.05448918044567108,2.0085967662453186e-06,0.0
1765455466,109325890,0.06642723133090418,0.0009250245035569946,0.19392353318908995,-0.04782202150464464,0.052429690729909655,-0.0778416846389471,1.1239222251142684,-1.8050893255826155,0.0,0.0,0.0,-5.0,0.0,0.0,0.0,0.0,-0.08056640625,-0.04833984375,1.2568359375,0.064453125,-0.2255859375,0.20947265625,-0.01611328125,-0.11279296875,nan,nan,nan,nan,nan,nan,nan,nan,-0.01992816850543022,-0.0002775073517113924,0.3246317505836487,0.012902529910206795,-0.0367007851600647,0.05448918044567108,2.0085967662453186e-06,0.0
1765455466,130272248,0.06642723133090418,0.0009250245035569946,0.19380136014145039,-0.04787438138220446,0.052429690729909655,-0.0778416846389471,1.1239222251142684,-1.8050893255826155,0.0,0.0,-5.0,0.0,0.0,0.0,0.0,0.0,-0.0966796875,0.0,1.2568359375,0.064453125,-0.11279296875,0.2255859375,0.01611328125,-0.11279296875,nan,nan,nan,nan,nan,nan,nan,nan,-0.01992816850543022,-0.0002775073517113924,0.3246317505836487,0.012911963276565075,-0.0367007851600647,0.05448918044567108,2.0085967662453186e-06,0.0
1765455466,152686179,0.06642723133090418,0.0009250245035569946,0.19373154697137057,-0.04792674125976429,0.052429690729909655,-0.0778416846389471,1.1239222251142684,-1.8050893255826155,0.0,0.0,0.0,0.0,0.0,0.0,0.0,0.0,-0.08056640625,-0.0322265625,1.27294921875,0.064453125,-0.11279296875,0.2255859375,0.0322265625,-0.0966796875,nan,nan,nan,nan,nan,nan,nan,nan,-0.01992816850543022,-0.0002775073517113924,0.32466477155685425,0.01292608305811882,-0.0367007851600647,0.05448918044567108,2.0085967662453186e-06,0.0
1765455466,176254844,0.06642723133090418,0.0009250245035569946,0.19373154697137057,-0.048014007722364,0.052429690729909655,-0.0778416846389471,1.1239222251142684,-1.8050893255826155,0.0,0.0,0.0,0.0,0.0,0.0,0.0,0.0,-0.08056640625,-0.04833984375,1.1923828125,0.064453125,-0.14501953125,0.193359375,0.0322265625,-0.08056640625,nan,nan,nan,nan,nan,nan,nan,nan,-0.01992816850543022,-0.0002775073517113924,0.32468360662460327,0.012940219603478909,-0.0367007851600647,0.05448918044567108,2.0085967662453186e-06,0.0
1765455466,197476534,0.06642723133090418,0.0009250245035569946,0.19373154697137057,-0.048014007722364,0.052429690729909655,-0.0778416846389471,1.1239222251142684,-1.8050893255826155,0.0,0.0,0.0,-8.0,0.0,0.0,0.0,0.0,-0.0966796875,-0.0322265625,1.2568359375,0.064453125,-0.1611328125,0.2255859375,0.0322265625,-0.0966796875,nan,nan,nan,nan,nan,nan,nan,nan,-0.01992816850543022,-0.0002775073517113924,0.32468360662460327,0.0129637960344553,-0.0367007851600647,0.05448918044567108,2.0085967662453186e-06,0.0
1765455466,220803725,0.06642723133090418,0.0009250245035569946,0.19373154697137057,-0.04794419455228423,0.052429690729909655,-0.0778416846389471,1.1239222251142684,-1.8050893255826155,0.0,0.0,0.0,0.0,0.0,0.0,0.0,0.0,-0.08056640625,-0.04833984375,1.3212890625,0.0966796875,-0.14501953125,0.2255859375,0.0322265625,-0.11279296875,nan,nan,nan,nan,nan,nan,nan,nan,-0.01992816850543022,-0.0002775073517113924,0.32468360662460327,0.01296378206461668,-0.0367007851600647,0.05448918044567108,2.0085967662453186e-06,0.0
1765455466,245263122,0.06642723133090418,0.0009250245035569946,0.19373154697137057,-0.04787438138220446,0.052429690729909655,-0.0778416846389471,1.1239222251142684,-1.8050893255826155,0.0,0.0,0.0,0.0,0.0,0.0,0.0,0.0,-0.064453125,0.0,1.27294921875,0.064453125,-0.14501953125,0.20947265625,0.0322265625,-0.12890625,nan,nan,nan,nan,nan,nan,nan,nan,-0.01992816850543022,-0.0002775073517113924,0.32468360662460327,0.012944933027029037,-0.0367007851600647,0.05448918044567108,2.0085967662453186e-06,0.0
1765455466,266770480,0.06642723133090418,0.0009250245035569946,0.19373154697137057,-0.0477696616270848,0.052429690729909655,-0.0778416846389471,1.1239222251142684,-1.8050893255826155,0.0,0.0,0.0,0.0,0.0,0.0,0.0,0.0,-0.04833984375,-0.04833984375,1.14404296875,0.0966796875,-0.064453125,0.2255859375,0.01611328125,-0.0966796875,nan,nan,nan,nan,nan,nan,nan,nan,-0.01992816850543022,-0.0002775073517113924,0.32468360662460327,0.01292608305811882,-0.0367007851600647,0.05448918044567108,2.0085967662453186e-06,0.0
1765455466,289587744,0.06642723133090418,0.0009250245035569946,0.19374900026389053,-0.04775220833456485,0.052429690729909655,-0.0778416846389471,1.1239222251142684,-1.8050893255826155,0.0,0.0,1.0,0.0,0.0,0.0,0.0,0.0,-0.04833984375,-0.04833984375,1.30517578125,0.064453125,-0.14501953125,0.2255859375,0.01611328125,-0.1611328125,nan,nan,nan,nan,nan,nan,nan,nan,-0.01992816850543022,-0.0002775073517113924,0.32468360662460327,0.012897809036076069,-0.0367007851600647,0.05448918044567108,2.0085967662453186e-06,0.0
1765455466,314127558,0.06642723133090418,0.0009250245035569946,0.19374900026389053,-0.04775220833456485,0.052429690729909655,-0.0778416846389471,1.1239222251142684,-1.8050893255826155,0.0,0.0,1.0,0.0,0.0,0.0,0.0,0.0,-0.08056640625,-0.04833984375,1.1923828125,0.064453125,-0.14501953125,0.2255859375,0.04833984375,-0.11279296875,nan,nan,nan,nan,nan,nan,nan,nan,-0.01992816850543022,-0.0002775073517113924,0.324678897857666,0.012893096543848515,-0.0367007851600647,0.05448918044567108,2.0085967662453186e-06,0.0
1765455466,334769337,0.06642723133090418,0.0009250245035569946,0.19374900026389053,-0.0477696616270848,0.052429690729909655,-0.0778416846389471,1.1239222251142684,-1.8050893255826155,0.0,0.0,0.0,0.0,0.0,0.0,0.0,0.0,-0.08056640625,-0.04833984375,1.27294921875,0.04833984375,-0.08056640625,0.193359375,0.0,-0.11279296875,nan,nan,nan,nan,nan,nan,nan,nan,-0.01992816850543022,-0.0002775073517113924,0.324678897857666,0.012893096543848515,-0.0367007851600647,0.05448918044567108,2.0085967662453186e-06,0.0
1765455466,358538101,0.06642723133090418,0.0009250245035569946,0.19367918709381074,-0.047804568212124685,0.052429690729909655,-0.0778416846389471,1.1239222251142684,-1.8050893255826155,0.0,0.0,0.0,0.0,0.0,0.0,0.0,0.0,-0.064453125,-0.04833984375,1.27294921875,0.0966796875,-0.14501953125,0.24169921875,0.0,-0.12890625,nan,nan,nan,nan,nan,nan,nan,nan,-0.01992816850543022,-0.0002775073517113924,0.324678897857666,0.012897809036076069,-0.0367007851600647,0.05448918044567108,2.0085967662453186e-06,0.0
1765455466,379021030,0.06642723133090418,0.0009250245035569946,0.19362682721625088,-0.04782202150464464,0.052429690729909655,-0.0778416846389471,1.1239222251142684,-1.8050893255826155,0.0,0.0,0.0,0.0,0.0,0.0,0.0,0.0,-0.064453125,-0.04833984375,1.2568359375,0.064453125,-0.12890625,0.193359375,0.0322265625,-0.11279296875,nan,nan,nan,nan,nan,nan,nan,nan,-0.01992816850543022,-0.0002775073517113924,0.32469773292541504,0.012907233089208603,-0.0367007851600647,0.05448918044567108,2.0085967662453186e-06,0.0
1765455466,404013010,0.06642723133090418,0.0009250245035569946,0.19362682721625088,-0.04785692808968452,0.052429690729909655,-0.0778416846389471,1.1239222251142684,-1.8050893255826155,0.0,0.0,0.0,0.0,0.0,0.0,0.0,0.0,-0.08056640625,0.0,1.2890625,0.064453125,-0.14501953125,0.2255859375,0.0322265625,-0.12890625,nan,nan,nan,nan,nan,nan,nan,nan,-0.01992816850543022,-0.0002775073517113924,0.3247118890285492,0.012911945581436157,-0.0367007851600647,0.05448918044567108,2.0085967662453186e-06,0.0
1765455466,433231127,0.06642723133090418,0.0009250245035569946,0.19367918709381074,-0.04787438138220446,0.052429690729909655,-0.0778416846389471,1.1239222251142684,-1.8050893255826155,0.0,0.0,0.0,0.0,0.0,0.0,0.0,0.0,-0.08056640625,-0.0322265625,1.24072265625,0.064453125,-0.11279296875,0.2255859375,0.0322265625,-0.12890625,nan,nan,nan,nan,nan,nan,nan,nan,-0.01992816850543022,-0.0002775073517113924,0.3247118890285492,0.012921370565891266,-0.0367007851600647,0.05448918044567108,2.0085967662453186e-06,0.0
1765455466,455269084,0.06642723133090418,0.0009250245035569946,0.19373154697137057,-0.04787438138220446,0.052429690729909655,-0.0778416846389471,1.1239222251142684,-1.8050893255826155,0.0,0.0,0.0,0.0,0.0,0.0,0.0,0.0,-0.08056640625,-0.0322265625,1.1279296875,0.0,-0.14501953125,0.20947265625,0.0322265625,0.0,nan,nan,nan,nan,nan,nan,nan,nan,-0.01992816850543022,-0.0002775073517113924,0.32469773292541504,0.01292608305811882,-0.0367007851600647,0.05448918044567108,2.0085967662453186e-06,0.0
1765455466,475993648,0.06642723133090418,0.0009250245035569946,0.19374900026389053,-0.04787438138220446,0.052429690729909655,-0.0778416846389471,1.1239222251142684,-1.8050893255826155,0.0,0.0,0.0,0.0,0.0,0.0,0.0,0.0,-0.08056640625,-0.04833984375,1.2568359375,0.064453125,-0.12890625,0.2255859375,0.0322265625,-0.12890625,nan,nan,nan,nan,nan,nan,nan,nan,-0.01992816850543022,-0.0002775073517113924,0.3246835768222809,0.01292608305811882,-0.0367007851600647,0.05448918044567108,2.0085967662453186e-06,0.0
1765455466,498587900,0.06642723133090418,0.0009250245035569946,0.19376645355641048,-0.04787438138220446,0.052429690729909655,-0.0778416846389471,1.1239222251142684,-1.8050893255826155,0.0,0.0,0.0,0.0,0.0,0.0,0.0,0.0,-0.08056640625,0.0,1.27294921875,0.064453125,-0.12890625,0.2255859375,0.01611328125,-0.12890625,nan,nan,nan,nan,nan,nan,nan,nan,-0.01992816850543022,-0.0002775073517113924,0.324678897857666,0.01292608305811882,-0.0367007851600647,0.05448918044567108,2.0085967662453186e-06,0.0
1765455466,521845682,0.06642723133090418,0.0009250245035569946,0.19376645355641048,-0.04787438138220446,0.052429690729909655,-0.0778416846389471,1.1239222251142684,-1.8050893255826155,0.0,0.0,0.0,0.0,0.0,0.0,0.0,0.0,-0.08056640625,-0.0322265625,1.2568359375,0.0966796875,-0.1611328125,0.20947265625,0.0322265625,-0.12890625,nan,nan,nan,nan,nan,nan,nan,nan,-0.01992816850543022,-0.0002775073517113924,0.32467418909072876,0.01292608305811882,-0.0367007851600647,0.05448918044567108,2.0085967662453186e-06,0.0
1765455466,548763704,0.06642723133090418,0.0009250245035569946,0.19378390684893038,-0.04787438138220446,0.052429690729909655,-0.0778416846389471,1.1239222251142684,-1.8050893255826155,0.0,0.0,0.0,0.0,0.0,0.0,0.0,0.0,-0.064453125,-0.04833984375,1.24072265625,0.064453125,-0.0966796875,0.193359375,0.01611328125,-0.0966796875,nan,nan,nan,nan,nan,nan,nan,nan,-0.01992816850543022,-0.0002775073517113924,0.32467418909072876,0.01292608305811882,-0.0367007851600647,0.05448918044567108,2.0085967662453186e-06,0.0
1765455466,575064534,0.06642723133090418,0.0009250245035569946,0.19376645355641048,-0.04787438138220446,0.052429690729909655,-0.0778416846389471,1.1239222251142684,-1.8050893255826155,0.0,0.0,0.0,0.0,0.0,0.0,0.0,0.0,-0.08056640625,0.0,1.24072265625,0.064453125,-0.08056640625,0.2255859375,-0.01611328125,0.0,nan,nan,nan,nan,nan,nan,nan,nan,-0.01992816850543022,-0.0002775073517113924,0.3246694505214691,0.01292608305811882,-0.0367007851600647,0.05448918044567108,2.0085967662453186e-06,0.0
1765455466,598438733,0.06642723133090418,0.0009250245035569946,0.19373154697137057,-0.04787438138220446,0.052429690729909655,-0.0778416846389471,1.1239222251142684,-1.8050893255826155,0.0,0.0,0.0,0.0,0.0,0.0,0.0,0.0,-0.0966796875,0.0,1.2568359375,0.064453125,-0.11279296875,0.2255859375,0.01611328125,-0.11279296875,nan,nan,nan,nan,nan,nan,nan,nan,-0.01992816850543022,-0.0002775073517113924,0.32467418909072876,0.01292608305811882,-0.0367007851600647,0.05448918044567108,2.0085967662453186e-06,0.0
1765455466,620299344,0.06642723133090418,0.0009250245035569946,0.19367918709381074,-0.04787438138220446,0.052429690729909655,-0.0778416846389471,1.1239222251142684,-1.8050893255826155,0.0,0.0,0.0,0.0,0.0,0.0,0.0,0.0,-0.08056640625,-0.064453125,1.20849609375,0.08056640625,-0.14501953125,0.193359375,-0.01611328125,-0.14501953125,nan,nan,nan,nan,nan,nan,nan,nan,-0.01992816850543022,-0.0002775073517113924,0.32468360662460327,0.01292608305811882,-0.0367007851600647,0.05448918044567108,2.0085967662453186e-06,0.0
1765455466,641550538,0.06642723133090418,0.0009250245035569946,0.19367918709381074,-0.04787438138220446,0.052429690729909655,-0.0778416846389471,1.1239222251142684,-1.8050893255826155,0.0,0.0,0.0,0.0,0.0,0.0,0.0,0.0,-0.08056640625,-0.04833984375,1.224609375,0.04833984375,-0.08056640625,0.2255859375,0.0322265625,-0.08056640625,nan,nan,nan,nan,nan,nan,nan,nan,-0.01992816850543022,-0.0002775073517113924,0.32469773292541504,0.01292608305811882,-0.0367007851600647,0.05448918044567108,2.0085967662453186e-06,0.0
1765455466,666568279,0.06642723133090418,0.0009250245035569946,0.19367918709381074,-0.04787438138220446,0.052429690729909655,-0.0778416846389471,1.1239222251142684,-1.8050893255826155,0.0,0.0,0.0,0.0,0.0,0.0,0.0,0.0,-0.0966796875,-0.0322265625,1.27294921875,0.04833984375,-0.17724609375,0.2255859375,0.01611328125,-0.14501953125,nan,nan,nan,nan,nan,nan,nan,nan,-0.01992816850543022,-0.0002775073517113924,0.32469773292541504,0.01292608305811882,-0.0367007851600647,0.05448918044567108,2.0085967662453186e-06,0.0
1765455466,690288147,0.06642723133090418,0.0009250245035569946,0.19367918709381074,-0.04782202150464464,0.052429690729909655,-0.0778416846389471,1.1239222251142684,-1.8050893255826155,0.0,0.0,0.0,0.0,0.0,0.0,0.0,0.0,-0.064453125,-0.04833984375,1.27294921875,0.064453125,-0.08056640625,0.2255859375,0.0322265625,-0.11279296875,nan,nan,nan,nan,nan,nan,nan,nan,-0.01992816850543022,-0.0002775073517113924,0.32469773292541504,0.01292608305811882,-0.0367007851600647,0.05448918044567108,2.0085967662453186e-06,0.0
1765455466,713671594,0.06642723133090418,0.0009250245035569946,0.19367918709381074,-0.04778711491960474,0.052429690729909655,-0.0778416846389471,1.1239222251142684,-1.8050893255826155,0.0,0.0,0.0,0.0,0.0,0.0,0.0,0.0,-0.0966796875,-0.0322265625,1.2568359375,0.064453125,-0.1611328125,0.2255859375,0.01611328125,-0.12890625,nan,nan,nan,nan,nan,nan,nan,nan,-0.01992816850543022,-0.0002775073517113924,0.32469773292541504,0.012911945581436157,-0.0367007851600647,0.05448918044567108,2.0085967662453186e-06,0.0
1765455466,733843670,0.06642723133090418,0.0009250245035569946,0.1936966403863307,-0.04778711491960474,0.052429690729909655,-0.0778416846389471,1.1239222251142684,-1.8050893255826155,0.0,0.0,0.0,0.0,0.0,0.0,0.0,0.0,-0.08056640625,-0.04833984375,1.16015625,0.064453125,-0.11279296875,0.2255859375,0.0322265625,-0.0966796875,nan,nan,nan,nan,nan,nan,nan,nan,-0.01992816850543022,-0.0002775073517113924,0.32469773292541504,0.012902521528303623,-0.0367007851600647,0.05448918044567108,2.0085967662453186e-06,0.0
1765455466,755835675,0.06642723133090418,0.0009250245035569946,0.19371409367885065,-0.047804568212124685,0.052429690729909655,-0.0778416846389471,1.1239222251142684,-1.8050893255826155,0.0,0.0,0.0,0.0,0.0,0.0,0.0,0.0,-0.08056640625,-0.0322265625,1.30517578125,0.064453125,-0.11279296875,0.20947265625,0.0,-0.12890625,nan,nan,nan,nan,nan,nan,nan,nan,-0.01992816850543022,-0.0002775073517113924,0.3246930241584778,0.012902520596981049,-0.0367007851600647,0.05448918044567108,2.0085967662453186e-06,0.0
1765455466,777167894,0.06642723133090418,0.0009250245035569946,0.19371409367885065,-0.04783947479716458,0.052429690729909655,-0.0778416846389471,1.1239222251142684,-1.8050893255826155,0.0,0.0,0.0,0.0,0.0,0.0,0.0,0.0,-0.08056640625,-0.0322265625,1.30517578125,0.0966796875,-0.17724609375,0.2255859375,0.01611328125,-0.11279296875,nan,nan,nan,nan,nan,nan,nan,nan,-0.01992816850543022,-0.0002775073517113924,0.3246883153915405,0.012907233089208603,-0.0367007851600647,0.05448918044567108,2.0085967662453186e-06,0.0
1765455466,800072231,0.06642723133090418,0.0009250245035569946,0.19371409367885065,-0.04785692808968452,0.052429690729909655,-0.0778416846389471,1.1239222251142684,-1.8050893255826155,0.0,0.0,0.0,0.0,0.0,0.0,0.0,0.0,-0.064453125,-0.0322265625,1.2568359375,0.064453125,-0.14501953125,0.2255859375,0.0322265625,-0.11279296875,nan,nan,nan,nan,nan,nan,nan,nan,-0.01992816850543022,-0.0002775073517113924,0.3246883153915405,0.012916658073663712,-0.0367007851600647,0.05448918044567108,2.0085967662453186e-06,0.0
1765455466,824183240,0.06642723133090418,0.0009250245035569946,0.19371409367885065,-0.04785692808968452,0.052429690729909655,-0.0778416846389471,1.1239222251142684,-1.8050893255826155,0.0,0.0,0.0,0.0,0.0,0.0,0.0,0.0,-0.08056640625,-0.04833984375,1.27294921875,0.064453125,-0.12890625,0.193359375,0.01611328125,-0.12890625,nan,nan,nan,nan,nan,nan,nan,nan,-0.01992816850543022,-0.0002775073517113924,0.3246883153915405,0.012921370565891266,-0.0367007851600647,0.05448918044567108,2.0085967662453186e-06,0.0
1765455466,845638661,0.06642723133090418,0.0009250245035569946,0.19371409367885065,-0.04787438138220446,0.052429690729909655,-0.0778416846389471,1.1239222251142684,-1.8050893255826155,0.0,0.0,0.0,0.0,0.0,0.0,0.0,0.0,-0.0966796875,-0.0322265625,1.2568359375,0.064453125,-0.1611328125,0.2255859375,0.01611328125,-0.12890625,nan,nan,nan,nan,nan,nan,nan,nan,-0.01992816850543022,-0.0002775073517113924,0.3246883153915405,0.012921370565891266,-0.0367007851600647,0.05448918044567108,2.0085967662453186e-06,0.0
1765455466,869084125,0.06642723133090418,0.0009250245035569946,0.19373154697137057,-0.0478918346747244,0.052429690729909655,-0.0778416846389471,1.1239222251142684,-1.8050893255826155,0.0,0.0,0.0,0.0,0.0,0.0,0.0,0.0,-0.08056640625,-0.04833984375,1.27294921875,0.064453125,-0.2255859375,0.193359375,0.0322265625,-0.12890625,nan,nan,nan,nan,nan,nan,nan,nan,-0.01992816850543022,-0.0002775073517113924,0.3246883153915405,0.01292608305811882,-0.0367007851600647,0.05448918044567108,2.0085967662453186e-06,0.0
1765455466,894431951,0.06642723133090418,0.0009250245035569946,0.19373154697137057,-0.0478918346747244,0.052429690729909655,-0.0778416846389471,1.1239222251142684,-1.8050893255826155,0.0,0.0,0.0,0.0,0.0,0.0,0.0,0.0,-0.11279296875,-0.064453125,1.224609375,0.064453125,-0.1611328125,0.2255859375,0.0322265625,-0.0966796875,nan,nan,nan,nan,nan,nan,nan,nan,-0.01992816850543022,-0.0002775073517113924,0.32468360662460327,0.012930795550346375,-0.0367007851600647,0.05448918044567108,2.0085967662453186e-06,0.0
1765455466,915259780,0.06642723133090418,0.0009250245035569946,0.19373154697137057,-0.0478918346747244,0.052429690729909655,-0.0778416846389471,1.1239222251142684,-1.8050893255826155,0.0,0.0,0.0,0.0,0.0,0.0,0.0,0.0,-0.064453125,0.0,1.2568359375,0.064453125,-0.14501953125,0.2255859375,0.0322265625,-0.0966796875,nan,nan,nan,nan,nan,nan,nan,nan,-0.01992816850543022,-0.0002775073517113924,0.32468360662460327,0.012930795550346375,-0.0367007851600647,0.05448918044567108,2.0085967662453186e-06,0.0
1765455466,936953060,0.06642723133090418,0.0009250245035569946,0.19373154697137057,-0.0478918346747244,0.052429690729909655,-0.0778416846389471,1.1239222251142684,-1.8050893255826155,0.0,0.0,0.0,0.0,0.0,0.0,0.0,0.0,-0.08056640625,-0.0322265625,1.2568359375,0.08056640625,-0.0966796875,0.2255859375,0.01611328125,-0.11279296875,nan,nan,nan,nan,nan,nan,nan,nan,-0.01992816850543022,-0.0002775073517113924,0.32468360662460327,0.012930795550346375,-0.0367007851600647,0.05448918044567108,2.0085967662453186e-06,0.0
1765455466,959445743,0.06642723133090418,0.0009250245035569946,0.19373154697137057,-0.0478918346747244,0.052429690729909655,-0.0778416846389471,1.1239222251142684,-1.8050893255826155,0.0,0.0,0.0,0.0,0.0,0.0,0.0,0.0,-0.08056640625,-0.04833984375,1.2568359375,0.064453125,-0.08056640625,0.2255859375,0.01611328125,-0.12890625,nan,nan,nan,nan,nan,nan,nan,nan,-0.01992816850543022,-0.0002775073517113924,0.32468360662460327,0.012930795550346375,-0.0367007851600647,0.05448918044567108,2.0085967662453186e-06,0.0
1765455466,980862316,0.06642723133090418,0.0009250245035569946,0.19373154697137057,-0.0478918346747244,0.052429690729909655,-0.0778416846389471,1.1239222251142684,-1.8050893255826155,0.0,0.0,0.0,0.0,0.0,0.0,0.0,0.0,-0.08056640625,0.0,1.30517578125,0.064453125,-0.12890625,0.2255859375,-0.01611328125,-0.064453125,nan,nan,nan,nan,nan,nan,nan,nan,-0.01992816850543022,-0.0002775073517113924,0.32468360662460327,0.012930795550346375,-0.0367007851600647,0.05448918044567108,2.0085967662453186e-06,0.0
1765455467,4495079,0.06642723133090418,0.0009250245035569946,0.19373154697137057,-0.0478918346747244,0.052429690729909655,-0.0778416846389471,1.1239222251142684,-1.8050893255826155,0.0,0.0,0.0,0.0,0.0,0.0,0.0,0.0,-0.11279296875,0.0,1.3212890625,0.064453125,-0.08056640625,0.2255859375,-0.01611328125,-0.11279296875,nan,nan,nan,nan,nan,nan,nan,nan,-0.01992816850543022,-0.0002775073517113924,0.32468360662460327,0.012930795550346375,-0.0367007851600647,0.05448918044567108,2.0085967662453186e-06,0.0
1765455467,26562508,0.06642723133090418,0.0009250245035569946,0.1936966403863307,-0.04787438138220446,0.052429690729909655,-0.0778416846389471,1.1239222251142684,-1.8050893255826155,0.0,0.0,0.0,0.0,0.0,0.0,0.0,0.0,-0.0966796875,-0.0322265625,1.2568359375,0.08056640625,-0.12890625,0.2255859375,-0.0322265625,-0.0966796875,nan,nan,nan,nan,nan,nan,nan,nan,-0.01992816850543022,-0.0002775073517113924,0.32468360662460327,0.012930795550346375,-0.0367007851600647,0.05448918044567108,2.0085967662453186e-06,0.0
1765455467,47459010,0.06642723133090418,0.0009250245035569946,0.19367918709381074,-0.04785692808968452,0.052429690729909655,-0.0778416846389471,1.1239222251142684,-1.8050893255826155,0.0,0.0,0.0,0.0,0.0,0.0,0.0,0.0,-0.0966796875,-0.04833984375,1.2568359375,0.0966796875,-0.0966796875,0.2255859375,0.0322265625,-0.064453125,nan,nan,nan,nan,nan,nan,nan,nan,-0.01992816850543022,-0.0002775073517113924,0.3246930241584778,0.01292608305811882,-0.0367007851600647,0.05448918044567108,2.0085967662453186e-06,0.0
1765455467,71254143,0.06642723133090418,0.0009250245035569946,0.19367918709381074,-0.04785692808968452,0.052429690729909655,-0.0778416846389471,1.1239222251142684,-1.8050893255826155,0.0,0.0,0.0,0.0,0.0,0.0,0.0,0.0,-0.0966796875,-0.0322265625,1.2568359375,-0.0322265625,-0.12890625,0.20947265625,0.0,-0.0966796875,nan,nan,nan,nan,nan,nan,nan,nan,-0.01992816850543022,-0.0002775073517113924,0.32469773292541504,0.01292137149721384,-0.0367007851600647,0.05448918044567108,2.0085967662453186e-06,0.0
1765455467,92392536,0.06642723133090418,0.0009250245035569946,0.19367918709381074,-0.04785692808968452,0.052429690729909655,-0.0778416846389471,1.1239222251142684,-1.8050893255826155,0.0,0.0,0.0,0.0,0.0,0.0,0.0,0.0,-0.08056640625,0.0,1.17626953125,0.04833984375,-0.0966796875,0.2255859375,-0.0322265625,-0.11279296875,nan,nan,nan,nan,nan,nan,nan,nan,-0.01992816850543022,-0.0002775073517113924,0.32469773292541504,0.012921370565891266,-0.0367007851600647,0.05448918044567108,2.0085967662453186e-06,0.0
1765455467,114801666,0.06642723133090418,0.0009250245035569946,0.1936966403863307,-0.04785692808968452,0.052429690729909655,-0.0778416846389471,1.1239222251142684,-1.8050893255826155,0.0,0.0,0.0,0.0,0.0,0.0,0.0,0.0,-0.08056640625,0.01611328125,1.2568359375,0.0966796875,-0.0966796875,0.2255859375,0.0322265625,-0.0966796875,nan,nan,nan,nan,nan,nan,nan,nan,-0.01992816850543022,-0.0002775073517113924,0.32469773292541504,0.012921370565891266,-0.0367007851600647,0.05448918044567108,2.0085967662453186e-06,0.0
1765455467,137055178,0.06642723133090418,0.0009250245035569946,0.1936966403863307,-0.04785692808968452,0.052429690729909655,-0.0778416846389471,1.1239222251142684,-1.8050893255826155,0.0,0.0,0.0,0.0,0.0,0.0,0.0,0.0,-0.064453125,-0.0322265625,1.2568359375,0.064453125,-0.1611328125,0.20947265625,0.0322265625,-0.0966796875,nan,nan,nan,nan,nan,nan,nan,nan,-0.01992816850543022,-0.0002775073517113924,0.3246930241584778,0.012921370565891266,-0.0367007851600647,0.05448918044567108,2.0085967662453186e-06,0.0
1765455467,156640751,0.06642723133090418,0.0009250245035569946,0.1936966403863307,-0.04785692808968452,0.052429690729909655,-0.0778416846389471,1.1239222251142684,-1.8050893255826155,0.0,0.0,0.0,0.0,0.0,0.0,0.0,0.0,-0.08056640625,0.11279296875,1.17626953125,0.064453125,-0.0966796875,0.24169921875,0.0322265625,-0.0966796875,nan,nan,nan,nan,nan,nan,nan,nan,-0.01992816850543022,-0.0002775073517113924,0.3246930241584778,0.012921370565891266,-0.0367007851600647,0.05448918044567108,2.0085967662453186e-06,0.0
1765455467,179636961,0.06642723133090418,0.0009250245035569946,0.19371409367885065,-0.04785692808968452,0.052429690729909655,-0.0778416846389471,1.1239222251142684,-1.8050893255826155,0.0,0.0,0.0,0.0,0.0,0.0,0.0,0.0,-0.0966796875,0.0,1.27294921875,0.064453125,-0.0966796875,0.24169921875,0.0322265625,-0.12890625,nan,nan,nan,nan,nan,nan,nan,nan,-0.01992816850543022,-0.0002775073517113924,0.3246930241584778,0.012921370565891266,-0.0367007851600647,0.05448918044567108,2.0085967662453186e-06,0.0
1765455467,201506243,0.06642723133090418,0.0009250245035569946,0.19373154697137057,-0.04785692808968452,0.052429690729909655,-0.0778416846389471,1.1239222251142684,-1.8050893255826155,0.0,0.0,0.0,0.0,0.0,0.0,0.0,0.0,-0.08056640625,0.01611328125,1.2568359375,0.064453125,-0.0966796875,0.2255859375,0.01611328125,-0.11279296875,nan,nan,nan,nan,nan,nan,nan,nan,-0.01992816850543022,-0.0002775073517113924,0.3246883153915405,0.012921370565891266,-0.0367007851600647,0.05448918044567108,2.0085967662453186e-06,0.0
1765455467,225351713,0.06642723133090418,0.0009250245035569946,0.19373154697137057,-0.04787438138220446,0.052429690729909655,-0.0778416846389471,1.1239222251142684,-1.8050893255826155,0.0,0.0,0.0,0.0,0.0,0.0,0.0,0.0,-0.08056640625,0.0,1.24072265625,0.01611328125,-0.14501953125,0.20947265625,0.0322265625,-0.12890625,nan,nan,nan,nan,nan,nan,nan,nan,-0.01992816850543022,-0.0002775073517113924,0.32468360662460327,0.012921370565891266,-0.0367007851600647,0.05448918044567108,2.0085967662453186e-06,0.0
1765455467,248469556,0.06642723133090418,0.0009250245035569946,0.19373154697137057,-0.04787438138220446,0.052429690729909655,-0.0778416846389471,1.1239222251142684,-1.8050893255826155,0.0,0.0,0.0,0.0,0.0,0.0,0.0,0.0,-0.08056640625,0.0,1.1279296875,0.064453125,-0.14501953125,0.2255859375,0.01611328125,-0.12890625,nan,nan,nan,nan,nan,nan,nan,nan,-0.01992816850543022,-0.0002775073517113924,0.32468360662460327,0.01292608305811882,-0.0367007851600647,0.05448918044567108,2.0085967662453186e-06,0.0
1765455467,274553487,0.06642723133090418,0.0009250245035569946,0.19373154697137057,-0.04787438138220446,0.052429690729909655,-0.0778416846389471,1.1239222251142684,-1.8050893255826155,0.0,0.0,0.0,0.0,0.0,0.0,0.0,0.0,-0.064453125,0.0,1.1923828125,0.064453125,-0.14501953125,0.2255859375,0.0322265625,-0.08056640625,nan,nan,nan,nan,nan,nan,nan,nan,-0.01992816850543022,-0.0002775073517113924,0.32468360662460327,0.01292608305811882,-0.0367007851600647,0.05448918044567108,2.0085967662453186e-06,0.0
1765455467,300999535,0.06642723133090418,0.0009250245035569946,0.19373154697137057,-0.04787438138220446,0.052429690729909655,-0.0778416846389471,1.1239222251142684,-1.8050893255826155,0.0,0.0,0.0,0.0,0.0,0.0,0.0,0.0,-0.08056640625,-0.04833984375,1.30517578125,0.064453125,-0.1611328125,0.193359375,0.0322265625,-0.11279296875,nan,nan,nan,nan,nan,nan,nan,nan,-0.01992816850543022,-0.0002775073517113924,0.32468360662460327,0.01292608305811882,-0.0367007851600647,0.05448918044567108,2.0085967662453186e-06,0.0
1765455467,327673746,0.06642723133090418,0.0009250245035569946,0.19373154697137057,-0.04787438138220446,0.052429690729909655,-0.0778416846389471,1.1239222251142684,-1.8050893255826155,0.0,0.0,0.0,0.0,0.0,0.0,0.0,0.0,-0.08056640625,0.0,1.30517578125,0.064453125,-0.14501953125,0.2255859375,0.0,-0.0966796875,nan,nan,nan,nan,nan,nan,nan,nan,-0.01992816850543022,-0.0002775073517113924,0.32468360662460327,0.01292608305811882,-0.0367007851600647,0.05448918044567108,2.0085967662453186e-06,0.0
1765455467,348833259,0.06642723133090418,0.0009250245035569946,0.19373154697137057,-0.04787438138220446,0.052429690729909655,-0.0778416846389471,1.1239222251142684,-1.8050893255826155,0.0,0.0,0.0,0.0,0.0,0.0,0.0,0.0,-0.064453125,-0.04833984375,1.27294921875,0.04833984375,-0.1611328125,0.2255859375,0.0322265625,-0.11279296875,nan,nan,nan,nan,nan,nan,nan,nan,-0.01992816850543022,-0.0002775073517113924,0.32468360662460327,0.01292608305811882,-0.0367007851600647,0.05448918044567108,2.0085967662453186e-06,0.0
1765455467,369926788,0.06642723133090418,0.0009250245035569946,0.19373154697137057,-0.04787438138220446,0.052429690729909655,-0.0778416846389471,1.1239222251142684,-1.8050893255826155,0.0,0.0,0.0,0.0,0.0,0.0,0.0,0.0,-0.08056640625,-0.0322265625,1.2568359375,0.04833984375,-0.0966796875,0.2255859375,0.0,-0.0966796875,nan,nan,nan,nan,nan,nan,nan,nan,-0.01992816850543022,-0.0002775073517113924,0.32468360662460327,0.01292608305811882,-0.0367007851600647,0.05448918044567108,2.0085967662453186e-06,0.0
1765455467,390753561,0.06642723133090418,0.0009250245035569946,0.1936966403863307,-0.04785692808968452,0.052429690729909655,-0.0778416846389471,1.1239222251142684,-1.8050893255826155,0.0,0.0,0.0,0.0,0.0,0.0,0.0,0.0,-0.11279296875,-0.0322265625,1.2568359375,0.064453125,-0.12890625,0.24169921875,-0.0322265625,-0.0966796875,nan,nan,nan,nan,nan,nan,nan,nan,-0.01992816850543022,-0.0002775073517113924,0.32468360662460327,0.01292608305811882,-0.0367007851600647,0.05448918044567108,2.0085967662453186e-06,0.0
1765455467,411771376,0.06642723133090418,0.0009250245035569946,0.1936966403863307,-0.04785692808968452,0.052429690729909655,-0.0778416846389471,1.1239222251142684,-1.8050893255826155,0.0,0.0,0.0,0.0,0.0,0.0,0.0,0.0,-0.08056640625,-0.04833984375,1.2568359375,0.064453125,-0.1611328125,0.193359375,0.0322265625,-0.12890625,nan,nan,nan,nan,nan,nan,nan,nan,-0.01992816850543022,-0.0002775073517113924,0.3246930241584778,0.01292137149721384,-0.0367007851600647,0.05448918044567108,2.0085967662453186e-06,0.0
1765455467,432232001,0.06642723133090418,0.0009250245035569946,0.1936966403863307,-0.04785692808968452,0.052429690729909655,-0.0778416846389471,1.1239222251142684,-1.8050893255826155,0.0,0.0,0.0,0.0,0.0,0.0,0.0,0.0,-0.08056640625,-0.04833984375,1.30517578125,0.04833984375,-0.14501953125,0.2255859375,-0.01611328125,-0.12890625,nan,nan,nan,nan,nan,nan,nan,nan,-0.01992816850543022,-0.0002775073517113924,0.3246930241584778,0.012921370565891266,-0.0367007851600647,0.05448918044567108,2.0085967662453186e-06,0.0
1765455467,456199999,0.06642723133090418,0.0009250245035569946,0.1936966403863307,-0.04785692808968452,0.052429690729909655,-0.0778416846389471,1.1239222251142684,-1.8050893255826155,0.0,0.0,0.0,0.0,0.0,0.0,0.0,0.0,-0.08056640625,0.0,1.30517578125,0.064453125,-0.14501953125,0.193359375,0.0322265625,-0.0966796875,nan,nan,nan,nan,nan,nan,nan,nan,-0.01992816850543022,-0.0002775073517113924,0.3246930241584778,0.012921370565891266,-0.0367007851600647,0.05448918044567108,2.0085967662453186e-06,0.0
1765455467,478258629,0.06642723133090418,0.0009250245035569946,0.1936966403863307,-0.04785692808968452,0.052429690729909655,-0.0778416846389471,1.1239222251142684,-1.8050893255826155,0.0,0.0,0.0,0.0,0.0,0.0,0.0,0.0,-0.08056640625,-0.04833984375,1.30517578125,0.064453125,-0.12890625,0.17724609375,0.0322265625,-0.0966796875,nan,nan,nan,nan,nan,nan,nan,nan,-0.01992816850543022,-0.0002775073517113924,0.3246930241584778,0.012921370565891266,-0.0367007851600647,0.05448918044567108,2.0085967662453186e-06,0.0
1765455467,499264828,0.06642723133090418,0.0009250245035569946,0.1936966403863307,-0.04785692808968452,0.052429690729909655,-0.0778416846389471,1.1239222251142684,-1.8050893255826155,0.0,0.0,0.0,0.0,0.0,0.0,0.0,0.0,-0.08056640625,0.064453125,1.27294921875,0.064453125,-0.12890625,0.2255859375,0.0,-0.12890625,nan,nan,nan,nan,nan,nan,nan,nan,-0.01992816850543022,-0.0002775073517113924,0.3246930241584778,0.012921370565891266,-0.0367007851600647,0.05448918044567108,2.0085967662453186e-06,0.0
1765455467,521722439,0.06642723133090418,0.0009250245035569946,0.1936966403863307,-0.04785692808968452,0.052429690729909655,-0.0778416846389471,1.1239222251142684,-1.8050893255826155,0.0,0.0,0.0,0.0,0.0,0.0,0.0,0.0,-0.0966796875,0.0,1.224609375,0.064453125,-0.1611328125,0.193359375,0.01611328125,-0.0966796875,nan,nan,nan,nan,nan,nan,nan,nan,-0.01992816850543022,-0.0002775073517113924,0.3246930241584778,0.012921370565891266,-0.0367007851600647,0.05448918044567108,2.0085967662453186e-06,0.0
1765455467,542269496,0.06642723133090418,0.0009250245035569946,0.1936966403863307,-0.04785692808968452,0.052429690729909655,-0.0778416846389471,1.1239222251142684,-1.8050893255826155,0.0,0.0,0.0,0.0,0.0,0.0,0.0,0.0,-0.08056640625,-0.064453125,1.24072265625,0.064453125,-0.11279296875,0.193359375,0.01611328125,-0.0966796875,nan,nan,nan,nan,nan,nan,nan,nan,-0.01992816850543022,-0.0002775073517113924,0.3246930241584778,0.012921370565891266,-0.0367007851600647,0.05448918044567108,2.0085967662453186e-06,0.0
1765455467,565124808,0.06642723133090418,0.0009250245035569946,0.19371409367885065,-0.04785692808968452,0.052429690729909655,-0.0778416846389471,1.1239222251142684,-1.8050893255826155,0.0,0.0,0.0,0.0,0.0,0.0,0.0,0.0,-0.08056640625,-0.04833984375,1.27294921875,0.064453125,-0.20947265625,0.2255859375,0.0322265625,-0.11279296875,nan,nan,nan,nan,nan,nan,nan,nan,-0.01992816850543022,-0.0002775073517113924,0.3246930241584778,0.012921370565891266,-0.0367007851600647,0.05448918044567108,2.0085967662453186e-06,0.0
1765455467,585711290,0.06642723133090418,0.0009250245035569946,0.19371409367885065,-0.04785692808968452,0.052429690729909655,-0.0778416846389471,1.1239222251142684,-1.8050893255826155,0.0,0.0,0.0,0.0,0.0,0.0,0.0,0.0,-0.0966796875,0.0,1.17626953125,0.08056640625,-0.08056640625,0.20947265625,0.0322265625,-0.12890625,nan,nan,nan,nan,nan,nan,nan,nan,-0.01992816850543022,-0.0002775073517113924,0.3246883153915405,0.012921370565891266,-0.0367007851600647,0.05448918044567108,2.0085967662453186e-06,0.0
1765455467,608881870,0.06642723133090418,0.0009250245035569946,0.19371409367885065,-0.04785692808968452,0.052429690729909655,-0.0778416846389471,1.1239222251142684,-1.8050893255826155,0.0,0.0,0.0,0.0,0.0,0.0,0.0,0.0,-0.064453125,-0.04833984375,1.27294921875,0.08056640625,-0.12890625,0.2255859375,0.0322265625,-0.12890625,nan,nan,nan,nan,nan,nan,nan,nan,-0.01992816850543022,-0.0002775073517113924,0.3246883153915405,0.012921370565891266,-0.0367007851600647,0.05448918044567108,2.0085967662453186e-06,0.0
1765455467,631441051,0.06642723133090418,0.0009250245035569946,0.19371409367885065,-0.04785692808968452,0.052429690729909655,-0.0778416846389471,1.1239222251142684,-1.8050893255826155,0.0,0.0,0.0,0.0,0.0,0.0,0.0,0.0,-0.0966796875,-0.04833984375,1.2568359375,0.064453125,-0.14501953125,0.2255859375,0.0322265625,-0.0966796875,nan,nan,nan,nan,nan,nan,nan,nan,-0.01992816850543022,-0.0002775073517113924,0.3246883153915405,0.012921370565891266,-0.0367007851600647,0.05448918044567108,2.0085967662453186e-06,0.0
1765455467,654492525,0.06642723133090418,0.0009250245035569946,0.19373154697137057,-0.04787438138220446,0.052429690729909655,-0.0778416846389471,1.1239222251142684,-1.8050893255826155,0.0,0.0,0.0,0.0,0.0,0.0,0.0,0.0,-0.08056640625,-0.0322265625,1.2568359375,0.064453125,-0.14501953125,0.20947265625,0.0322265625,-0.12890625,nan,nan,nan,nan,nan,nan,nan,nan,-0.01992816850543022,-0.0002775073517113924,0.3246883153915405,0.012921370565891266,-0.0367007851600647,0.05448918044567108,2.0085967662453186e-06,0.0
1765455467,677376318,0.06642723133090418,0.0009250245035569946,0.19373154697137057,-0.04787438138220446,0.052429690729909655,-0.0778416846389471,1.1239222251142684,-1.8050893255826155,0.0,0.0,0.0,0.0,0.0,0.0,0.0,0.0,-0.064453125,-0.0322265625,1.224609375,0.064453125,-0.0966796875,0.2255859375,0.0,-0.12890625,nan,nan,nan,nan,nan,nan,nan,nan,-0.01992816850543022,-0.0002775073517113924,0.32468360662460327,0.01292608305811882,-0.0367007851600647,0.05448918044567108,2.0085967662453186e-06,0.0
1765455467,700046411,0.06642723133090418,0.0009250245035569946,0.19373154697137057,-0.04787438138220446,0.052429690729909655,-0.0778416846389471,1.1239222251142684,-1.8050893255826155,0.0,0.0,0.0,0.0,0.0,0.0,0.0,0.0,-0.064453125,-0.04833984375,1.2568359375,0.064453125,-0.0966796875,0.24169921875,0.01611328125,-0.12890625,nan,nan,nan,nan,nan,nan,nan,nan,-0.01992816850543022,-0.0002775073517113924,0.32468360662460327,0.01292608305811882,-0.0367007851600647,0.05448918044567108,2.0085967662453186e-06,0.0
1765455467,720944929,0.06642723133090418,0.0009250245035569946,0.19373154697137057,-0.04787438138220446,0.052429690729909655,-0.0778416846389471,1.1239222251142684,-1.8050893255826155,0.0,0.0,0.0,0.0,0.0,0.0,0.0,0.0,-0.08056640625,0.0,1.30517578125,0.064453125,-0.0966796875,0.2255859375,0.01611328125,-0.12890625,nan,nan,nan,nan,nan,nan,nan,nan,-0.01992816850543022,-0.0002775073517113924,0.32468360662460327,0.01292608305811882,-0.0367007851600647,0.05448918044567108,2.0085967662453186e-06,0.0
1765455467,746132880,0.06642723133090418,0.0009250245035569946,0.19373154697137057,-0.04787438138220446,0.052429690729909655,-0.0778416846389471,1.1239222251142684,-1.8050893255826155,0.0,0.0,0.0,0.0,0.0,0.0,0.0,0.0,-0.064453125,0.0,1.2568359375,0.08056640625,-0.0966796875,0.2255859375,0.0322265625,-0.12890625,nan,nan,nan,nan,nan,nan,nan,nan,-0.01992816850543022,-0.0002775073517113924,0.32468360662460327,0.01292608305811882,-0.0367007851600647,0.05448918044567108,2.0085967662453186e-06,0.0
1765455467,769520775,0.06642723133090418,0.0009250245035569946,0.19373154697137057,-0.04787438138220446,0.052429690729909655,-0.0778416846389471,1.1239222251142684,-1.8050893255826155,0.0,0.0,0.0,0.0,0.0,0.0,0.0,0.0,-0.08056640625,-0.0322265625,1.30517578125,0.064453125,-0.1611328125,0.2255859375,0.0322265625,-0.12890625,nan,nan,nan,nan,nan,nan,nan,nan,-0.01992816850543022,-0.0002775073517113924,0.32468360662460327,0.01292608305811882,-0.0367007851600647,0.05448918044567108,2.0085967662453186e-06,0.0
1765455467,790020920,0.06642723133090418,0.0009250245035569946,0.19373154697137057,-0.04787438138220446,0.052429690729909655,-0.0778416846389471,1.1239222251142684,-1.8050893255826155,0.0,0.0,0.0,0.0,0.0,0.0,0.0,0.0,-0.08056640625,0.0,1.2568359375,0.064453125,-0.14501953125,0.2255859375,0.0322265625,-0.11279296875,nan,nan,nan,nan,nan,nan,nan,nan,-0.01992816850543022,-0.0002775073517113924,0.32468360662460327,0.01292608305811882,-0.0367007851600647,0.05448918044567108,2.0085967662453186e-06,0.0
1765455467,812482819,0.06642723133090418,0.0009250245035569946,0.19373154697137057,-0.04785692808968452,0.052429690729909655,-0.0778416846389471,1.1239222251142684,-1.8050893255826155,0.0,0.0,0.0,0.0,0.0,0.0,0.0,0.0,-0.08056640625,-0.04833984375,1.27294921875,0.064453125,-0.0966796875,0.193359375,0.01611328125,-0.0966796875,nan,nan,nan,nan,nan,nan,nan,nan,-0.01992816850543022,-0.0002775073517113924,0.32468360662460327,0.01292608305811882,-0.0367007851600647,0.05448918044567108,2.0085967662453186e-06,0.0
1765455467,834270757,0.06642723133090418,0.0009250245035569946,0.19373154697137057,-0.04785692808968452,0.052429690729909655,-0.0778416846389471,1.1239222251142684,-1.8050893255826155,0.0,0.0,0.0,0.0,0.0,0.0,0.0,0.0,-0.08056640625,-0.0322265625,1.30517578125,0.064453125,-0.08056640625,0.2255859375,0.01611328125,-0.12890625,nan,nan,nan,nan,nan,nan,nan,nan,-0.01992816850543022,-0.0002775073517113924,0.32468360662460327,0.01292137149721384,-0.0367007851600647,0.05448918044567108,2.0085967662453186e-06,0.0
1765455467,857753949,0.06642723133090418,0.0009250245035569946,0.19373154697137057,-0.04785692808968452,0.052429690729909655,-0.0778416846389471,1.1239222251142684,-1.8050893255826155,0.0,0.0,0.0,0.0,0.0,0.0,0.0,0.0,-0.04833984375,-0.0322265625,1.27294921875,0.064453125,-0.14501953125,0.2255859375,0.01611328125,-0.0966796875,nan,nan,nan,nan,nan,nan,nan,nan,-0.01992816850543022,-0.0002775073517113924,0.32468360662460327,0.012921370565891266,-0.0367007851600647,0.05448918044567108,2.0085967662453186e-06,0.0
1765455467,883196912,0.06642723133090418,0.0009250245035569946,0.19373154697137057,-0.04785692808968452,0.052429690729909655,-0.0778416846389471,1.1239222251142684,-1.8050893255826155,0.0,0.0,0.0,0.0,0.0,0.0,0.0,0.0,-0.08056640625,0.0,1.2568359375,0.064453125,-0.1611328125,0.2255859375,0.0322265625,-0.0966796875,nan,nan,nan,nan,nan,nan,nan,nan,-0.01992816850543022,-0.0002775073517113924,0.32468360662460327,0.012921370565891266,-0.0367007851600647,0.05448918044567108,2.0085967662453186e-06,0.0
1765455467,908082651,0.06642723133090418,0.0009250245035569946,0.19373154697137057,-0.04785692808968452,0.052429690729909655,-0.0778416846389471,1.1239222251142684,-1.8050893255826155,0.0,0.0,0.0,0.0,0.0,0.0,0.0,0.0,-0.064453125,-0.04833984375,1.2568359375,0.064453125,-0.1611328125,0.20947265625,0.01611328125,-0.11279296875,nan,nan,nan,nan,nan,nan,nan,nan,-0.01992816850543022,-0.0002775073517113924,0.32468360662460327,0.012921370565891266,-0.0367007851600647,0.05448918044567108,2.0085967662453186e-06,0.0
1765455467,931601555,0.06642723133090418,0.0009250245035569946,0.19373154697137057,-0.04785692808968452,0.052429690729909655,-0.0778416846389471,1.1239222251142684,-1.8050893255826155,0.0,0.0,0.0,0.0,0.0,0.0,0.0,0.0,-0.08056640625,-0.0322265625,1.27294921875,0.064453125,-0.08056640625,0.2255859375,0.0322265625,-0.12890625,nan,nan,nan,nan,nan,nan,nan,nan,-0.01992816850543022,-0.0002775073517113924,0.32468360662460327,0.012921370565891266,-0.0367007851600647,0.05448918044567108,2.0085967662453186e-06,0.0
1765455467,953812603,0.06642723133090418,0.0009250245035569946,0.19373154697137057,-0.04785692808968452,0.052429690729909655,-0.0778416846389471,1.1239222251142684,-1.8050893255826155,0.0,0.0,0.0,0.0,0.0,0.0,0.0,0.0,-0.08056640625,-0.04833984375,1.2568359375,0.064453125,-0.064453125,0.193359375,0.01611328125,-0.12890625,nan,nan,nan,nan,nan,nan,nan,nan,-0.01992816850543022,-0.0002775073517113924,0.32468360662460327,0.012921370565891266,-0.0367007851600647,0.05448918044567108,2.0085967662453186e-06,0.0
1765455467,976161540,0.06642723133090418,0.0009250245035569946,0.19373154697137057,-0.04785692808968452,0.052429690729909655,-0.0778416846389471,1.1239222251142684,-1.8050893255826155,0.0,0.0,0.0,0.0,0.0,0.0,0.0,0.0,-0.08056640625,0.0966796875,1.2568359375,0.064453125,-0.12890625,0.24169921875,0.01611328125,-0.12890625,nan,nan,nan,nan,nan,nan,nan,nan,-0.01992816850543022,-0.0002775073517113924,0.32468360662460327,0.012921370565891266,-0.0367007851600647,0.05448918044567108,2.0085967662453186e-06,0.0
1765455467,995983500,0.06642723133090418,0.0009250245035569946,0.19373154697137057,-0.04785692808968452,0.052429690729909655,-0.0778416846389471,1.1239222251142684,-1.8050893255826155,0.0,0.0,0.0,0.0,0.0,0.0,0.0,0.0,-0.064453125,-0.04833984375,1.30517578125,0.064453125,-0.12890625,0.24169921875,0.01611328125,-0.0966796875,nan,nan,nan,nan,nan,nan,nan,nan,-0.01992816850543022,-0.0002775073517113924,0.32468360662460327,0.012921370565891266,-0.0367007851600647,0.05448918044567108,2.0085967662453186e-06,0.0
1765455468,18450775,0.06642723133090418,0.0009250245035569946,0.19373154697137057,-0.04785692808968452,0.052429690729909655,-0.0778416846389471,1.1239222251142684,-1.8050893255826155,0.0,0.0,0.0,0.0,0.0,0.0,0.0,0.0,-0.08056640625,-0.0322265625,1.20849609375,0.0,-0.14501953125,0.2255859375,0.01611328125,-0.0966796875,nan,nan,nan,nan,nan,nan,nan,nan,-0.01992816850543022,-0.0002775073517113924,0.32468360662460327,0.012921370565891266,-0.0367007851600647,0.05448918044567108,2.0085967662453186e-06,0.0
1765455468,40553693,0.06642723133090418,0.0009250245035569946,0.19373154697137057,-0.04785692808968452,0.052429690729909655,-0.0778416846389471,1.1239222251142684,-1.8050893255826155,0.0,0.0,0.0,0.0,0.0,0.0,0.0,0.0,-0.08056640625,-0.0322265625,1.30517578125,0.0966796875,-0.1611328125,0.2255859375,0.04833984375,-0.12890625,nan,nan,nan,nan,nan,nan,nan,nan,-0.01992816850543022,-0.0002775073517113924,0.32468360662460327,0.012921370565891266,-0.0367007851600647,0.05448918044567108,2.0085967662453186e-06,0.0
1765455468,64161335,0.06642723133090418,0.0009250245035569946,0.19373154697137057,-0.04785692808968452,0.052429690729909655,-0.0778416846389471,1.1239222251142684,-1.8050893255826155,0.0,0.0,0.0,0.0,0.0,0.0,0.0,0.0,-0.08056640625,-0.04833984375,1.27294921875,0.064453125,-0.11279296875,0.24169921875,0.01611328125,-0.0966796875,nan,nan,nan,nan,nan,nan,nan,nan,-0.01992816850543022,-0.0002775073517113924,0.32468360662460327,0.012921370565891266,-0.0367007851600647,0.05448918044567108,2.0085967662453186e-06,0.0
1765455468,88850591,0.06642723133090418,0.0009250245035569946,0.19373154697137057,-0.04785692808968452,0.052429690729909655,-0.0778416846389471,1.1239222251142684,-1.8050893255826155,0.0,0.0,0.0,0.0,0.0,0.0,0.0,0.0,-0.08056640625,-0.0322265625,1.30517578125,0.064453125,-0.0966796875,0.20947265625,0.0322265625,-0.0966796875,nan,nan,nan,nan,nan,nan,nan,nan,-0.01992816850543022,-0.0002775073517113924,0.32468360662460327,0.012921370565891266,-0.0367007851600647,0.05448918044567108,2.0085967662453186e-06,0.0
1765455468,114966042,0.06642723133090418,0.0009250245035569946,0.19373154697137057,-0.04785692808968452,0.052429690729909655,-0.0778416846389471,1.1239222251142684,-1.8050893255826155,0.0,0.0,0.0,0.0,0.0,0.0,0.0,0.0,-0.08056640625,-0.04833984375,1.2568359375,0.064453125,-0.08056640625,0.2255859375,0.0322265625,-0.12890625,nan,nan,nan,nan,nan,nan,nan,nan,-0.01992816850543022,-0.0002775073517113924,0.32468360662460327,0.012921370565891266,-0.0367007851600647,0.05448918044567108,2.0085967662453186e-06,0.0
1765455468,137091521,0.06642723133090418,0.0009250245035569946,0.19373154697137057,-0.04785692808968452,0.052429690729909655,-0.0778416846389471,1.1239222251142684,-1.8050893255826155,0.0,0.0,0.0,0.0,0.0,0.0,0.0,0.0,-0.08056640625,-0.04833984375,1.24072265625,0.04833984375,-0.14501953125,0.2255859375,0.01611328125,-0.12890625,nan,nan,nan,nan,nan,nan,nan,nan,-0.01992816850543022,-0.0002775073517113924,0.32468360662460327,0.012921370565891266,-0.0367007851600647,0.05448918044567108,2.0085967662453186e-06,0.0
1765455468,159993841,0.06642723133090418,0.0009250245035569946,0.19373154697137057,-0.04785692808968452,0.052429690729909655,-0.0778416846389471,1.1239222251142684,-1.8050893255826155,0.0,0.0,0.0,0.0,0.0,0.0,0.0,0.0,-0.08056640625,-0.0322265625,1.27294921875,0.064453125,-0.14501953125,0.20947265625,0.0322265625,-0.12890625,nan,nan,nan,nan,nan,nan,nan,nan,-0.01992816850543022,-0.0002775073517113924,0.32468360662460327,0.012921370565891266,-0.0367007851600647,0.05448918044567108,2.0085967662453186e-06,0.0
1765455468,179885466,0.06642723133090418,0.0009250245035569946,0.19373154697137057,-0.04785692808968452,0.052429690729909655,-0.0778416846389471,1.1239222251142684,-1.8050893255826155,0.0,0.0,0.0,0.0,0.0,0.0,0.0,0.0,-0.08056640625,-0.0322265625,1.224609375,0.064453125,-0.08056640625,0.2255859375,0.01611328125,-0.14501953125,nan,nan,nan,nan,nan,nan,nan,nan,-0.01992816850543022,-0.0002775073517113924,0.32468360662460327,0.012921370565891266,-0.0367007851600647,0.05448918044567108,2.0085967662453186e-06,0.0
1765455468,201903487,0.06642723133090418,0.0009250245035569946,0.19373154697137057,-0.04785692808968452,0.052429690729909655,-0.0778416846389471,1.1239222251142684,-1.8050893255826155,0.0,0.0,0.0,0.0,0.0,0.0,0.0,0.0,-0.08056640625,-0.0322265625,1.30517578125,0.064453125,-0.12890625,0.2255859375,0.01611328125,-0.11279296875,nan,nan,nan,nan,nan,nan,nan,nan,-0.01992816850543022,-0.0002775073517113924,0.32468360662460327,0.012921370565891266,-0.0367007851600647,0.05448918044567108,2.0085967662453186e-06,0.0
1765455468,228347327,0.06642723133090418,0.0009250245035569946,0.19373154697137057,-0.04785692808968452,0.052429690729909655,-0.0778416846389471,1.1239222251142684,-1.8050893255826155,0.0,0.0,0.0,0.0,0.0,0.0,0.0,0.0,-0.08056640625,-0.0322265625,1.224609375,0.064453125,-0.20947265625,0.193359375,0.01611328125,-0.12890625,nan,nan,nan,nan,nan,nan,nan,nan,-0.01992816850543022,-0.0002775073517113924,0.32468360662460327,0.012921370565891266,-0.0367007851600647,0.05448918044567108,2.0085967662453186e-06,0.0
1765455468,250491237,0.06642723133090418,0.0009250245035569946,0.19373154697137057,-0.04785692808968452,0.052429690729909655,-0.0778416846389471,1.1239222251142684,-1.8050893255826155,0.0,0.0,0.0,0.0,0.0,0.0,0.0,0.0,-0.0966796875,0.0,1.27294921875,0.064453125,-0.11279296875,0.20947265625,0.01611328125,-0.12890625,nan,nan,nan,nan,nan,nan,nan,nan,-0.01992816850543022,-0.0002775073517113924,0.32468360662460327,0.012921370565891266,-0.0367007851600647,0.05448918044567108,2.0085967662453186e-06,0.0
1765455468,278882303,0.06642723133090418,0.0009250245035569946,0.19373154697137057,-0.04785692808968452,0.052429690729909655,-0.0778416846389471,1.1239222251142684,-1.8050893255826155,0.0,0.0,0.0,0.0,0.0,0.0,0.0,0.0,-0.04833984375,-0.04833984375,1.2568359375,0.064453125,-0.11279296875,0.2255859375,0.0322265625,-0.11279296875,nan,nan,nan,nan,nan,nan,nan,nan,-0.01992816850543022,-0.0002775073517113924,0.32468360662460327,0.012921370565891266,-0.0367007851600647,0.05448918044567108,2.0085967662453186e-06,0.0
1765455468,306914484,0.06642723133090418,0.0009250245035569946,0.19373154697137057,-0.04785692808968452,0.052429690729909655,-0.0778416846389471,1.1239222251142684,-1.8050893255826155,0.0,0.0,0.0,0.0,0.0,0.0,0.0,0.0,-0.08056640625,-0.0322265625,1.24072265625,0.064453125,-0.14501953125,0.2255859375,0.01611328125,-0.11279296875,nan,nan,nan,nan,nan,nan,nan,nan,-0.01992816850543022,-0.0002775073517113924,0.32468360662460327,0.012921370565891266,-0.0367007851600647,0.05448918044567108,2.0085967662453186e-06,0.0
1765455468,330529006,0.06642723133090418,0.0009250245035569946,0.19373154697137057,-0.04785692808968452,0.052429690729909655,-0.0778416846389471,1.1239222251142684,-1.8050893255826155,0.0,0.0,0.0,0.0,0.0,0.0,0.0,0.0,-0.0966796875,-0.04833984375,1.24072265625,0.04833984375,-0.08056640625,0.20947265625,0.01611328125,-0.11279296875,nan,nan,nan,nan,nan,nan,nan,nan,-0.01992816850543022,-0.0002775073517113924,0.32468360662460327,0.012921370565891266,-0.0367007851600647,0.05448918044567108,2.0085967662453186e-06,0.0
1765455468,352113357,0.06642723133090418,0.0009250245035569946,0.19373154697137057,-0.04785692808968452,0.052429690729909655,-0.0778416846389471,1.1239222251142684,-1.8050893255826155,0.0,0.0,0.0,0.0,0.0,0.0,0.0,0.0,-0.064453125,0.0,1.17626953125,0.064453125,-0.14501953125,0.2255859375,0.01611328125,-0.0966796875,nan,nan,nan,nan,nan,nan,nan,nan,-0.01992816850543022,-0.0002775073517113924,0.32468360662460327,0.012921370565891266,-0.0367007851600647,0.05448918044567108,2.0085967662453186e-06,0.0
1765455468,375775015,0.06642723133090418,0.0009250245035569946,0.19373154697137057,-0.04785692808968452,0.052429690729909655,-0.0778416846389471,1.1239222251142684,-1.8050893255826155,0.0,0.0,0.0,0.0,0.0,0.0,0.0,0.0,-0.08056640625,0.0,1.1923828125,0.064453125,-0.14501953125,0.2255859375,0.0322265625,-0.0966796875,nan,nan,nan,nan,nan,nan,nan,nan,-0.01992816850543022,-0.0002775073517113924,0.32468360662460327,0.012921370565891266,-0.0367007851600647,0.05448918044567108,2.0085967662453186e-06,0.0
1765455468,396616349,0.06642723133090418,0.0009250245035569946,0.19373154697137057,-0.04785692808968452,0.052429690729909655,-0.0778416846389471,1.1239222251142684,-1.8050893255826155,0.0,0.0,0.0,0.0,0.0,0.0,0.0,0.0,-0.08056640625,-0.0322265625,1.24072265625,0.064453125,-0.12890625,0.20947265625,0.01611328125,-0.11279296875,nan,nan,nan,nan,nan,nan,nan,nan,-0.01992816850543022,-0.0002775073517113924,0.32468360662460327,0.012921370565891266,-0.0367007851600647,0.05448918044567108,2.0085967662453186e-06,0.0
1765455468,418936838,0.06642723133090418,0.0009250245035569946,0.19373154697137057,-0.04785692808968452,0.052429690729909655,-0.0778416846389471,1.1239222251142684,-1.8050893255826155,0.0,0.0,0.0,0.0,0.0,0.0,0.0,0.0,-0.064453125,0.0,1.30517578125,0.08056640625,-0.12890625,0.2255859375,0.04833984375,-0.11279296875,nan,nan,nan,nan,nan,nan,nan,nan,-0.01992816850543022,-0.0002775073517113924,0.32468360662460327,0.012921370565891266,-0.0367007851600647,0.05448918044567108,2.0085967662453186e-06,0.0
1765455468,443648366,0.06642723133090418,0.0009250245035569946,0.19373154697137057,-0.04785692808968452,0.052429690729909655,-0.0778416846389471,1.1239222251142684,-1.8050893255826155,0.0,0.0,0.0,0.0,0.0,0.0,0.0,0.0,-0.08056640625,-0.0322265625,1.30517578125,0.08056640625,-0.1611328125,0.2255859375,0.0322265625,-0.12890625,nan,nan,nan,nan,nan,nan,nan,nan,-0.01992816850543022,-0.0002775073517113924,0.32468360662460327,0.012921370565891266,-0.0367007851600647,0.05448918044567108,2.0085967662453186e-06,0.0
1765455468,465847894,0.06642723133090418,0.0009250245035569946,0.19373154697137057,-0.04785692808968452,0.052429690729909655,-0.0778416846389471,1.1239222251142684,-1.8050893255826155,0.0,0.0,0.0,0.0,0.0,0.0,0.0,0.0,-0.08056640625,-0.04833984375,1.17626953125,0.064453125,-0.0966796875,0.2255859375,0.01611328125,-0.11279296875,nan,nan,nan,nan,nan,nan,nan,nan,-0.01992816850543022,-0.0002775073517113924,0.32468360662460327,0.012921370565891266,-0.0367007851600647,0.05448918044567108,2.0085967662453186e-06,0.0
1765455468,490873602,0.06642723133090418,0.0009250245035569946,0.19373154697137057,-0.04785692808968452,0.052429690729909655,-0.0778416846389471,1.1239222251142684,-1.8050893255826155,0.0,0.0,0.0,0.0,0.0,0.0,0.0,0.0,-0.0966796875,-0.0322265625,1.1923828125,0.04833984375,-0.2578125,0.20947265625,0.01611328125,-0.0966796875,nan,nan,nan,nan,nan,nan,nan,nan,-0.01992816850543022,-0.0002775073517113924,0.32468360662460327,0.012921370565891266,-0.0367007851600647,0.05448918044567108,2.0085967662453186e-06,0.0
1765455468,520519277,0.06642723133090418,0.0009250245035569946,0.19373154697137057,-0.04785692808968452,0.052429690729909655,-0.0778416846389471,1.1239222251142684,-1.8050893255826155,0.0,0.0,0.0,0.0,0.0,0.0,0.0,0.0,-0.08056640625,0.0,1.27294921875,0.04833984375,-0.14501953125,0.2255859375,0.0,-0.11279296875,nan,nan,nan,nan,nan,nan,nan,nan,-0.01992816850543022,-0.0002775073517113924,0.32468360662460327,0.012921370565891266,-0.0367007851600647,0.05448918044567108,2.0085967662453186e-06,0.0
1765455468,541732295,0.06642723133090418,0.0009250245035569946,0.19373154697137057,-0.04785692808968452,0.052429690729909655,-0.0778416846389471,1.1239222251142684,-1.8050893255826155,0.0,0.0,0.0,0.0,0.0,0.0,0.0,0.0,-0.11279296875,-0.0322265625,1.224609375,0.08056640625,-0.14501953125,0.20947265625,0.04833984375,-0.0966796875,nan,nan,nan,nan,nan,nan,nan,nan,-0.01992816850543022,-0.0002775073517113924,0.32468360662460327,0.012921370565891266,-0.0367007851600647,0.05448918044567108,2.0085967662453186e-06,0.0
1765455468,563401703,0.06642723133090418,0.0009250245035569946,0.19373154697137057,-0.04785692808968452,0.052429690729909655,-0.0778416846389471,1.1239222251142684,-1.8050893255826155,0.0,0.0,0.0,0.0,0.0,0.0,0.0,0.0,-0.08056640625,-0.0322265625,1.2890625,0.064453125,-0.0966796875,0.2255859375,0.0322265625,-0.0966796875,nan,nan,nan,nan,nan,nan,nan,nan,-0.01992816850543022,-0.0002775073517113924,0.32468360662460327,0.012921370565891266,-0.0367007851600647,0.05448918044567108,2.0085967662453186e-06,0.0
1765455468,587891533,0.06642723133090418,0.0009250245035569946,0.19373154697137057,-0.04785692808968452,0.052429690729909655,-0.0778416846389471,1.1239222251142684,-1.8050893255826155,0.0,0.0,0.0,0.0,0.0,0.0,0.0,0.0,-0.08056640625,-0.0322265625,1.24072265625,0.064453125,-0.08056640625,0.20947265625,0.01611328125,-0.14501953125,nan,nan,nan,nan,nan,nan,nan,nan,-0.01992816850543022,-0.0002775073517113924,0.32468360662460327,0.012921370565891266,-0.0367007851600647,0.05448918044567108,2.0085967662453186e-06,0.0
1765455468,610917471,0.06642723133090418,0.0009250245035569946,0.19373154697137057,-0.04785692808968452,0.052429690729909655,-0.0778416846389471,1.1239222251142684,-1.8050893255826155,0.0,0.0,0.0,0.0,0.0,0.0,0.0,0.0,-0.0966796875,0.0,1.2890625,0.064453125,-0.11279296875,0.2255859375,0.01611328125,-0.08056640625,nan,nan,nan,nan,nan,nan,nan,nan,-0.01992816850543022,-0.0002775073517113924,0.32468360662460327,0.012921370565891266,-0.0367007851600647,0.05448918044567108,2.0085967662453186e-06,0.0
1765455468,633396874,0.06642723133090418,0.0009250245035569946,0.19373154697137057,-0.04785692808968452,0.052429690729909655,-0.0778416846389471,1.1239222251142684,-1.8050893255826155,0.0,0.0,0.0,0.0,0.0,0.0,0.0,0.0,-0.0966796875,-0.04833984375,1.2568359375,0.08056640625,-0.1611328125,0.24169921875,0.0322265625,-0.0966796875,nan,nan,nan,nan,nan,nan,nan,nan,-0.01992816850543022,-0.0002775073517113924,0.32468360662460327,0.012921370565891266,-0.0367007851600647,0.05448918044567108,2.0085967662453186e-06,0.0
1765455468,658991583,0.06642723133090418,0.0009250245035569946,0.19373154697137057,-0.04785692808968452,0.052429690729909655,-0.0778416846389471,1.1239222251142684,-1.8050893255826155,0.0,0.0,0.0,0.0,0.0,0.0,0.0,0.0,-0.08056640625,0.0,1.27294921875,0.0966796875,-0.08056640625,0.20947265625,0.01611328125,-0.11279296875,nan,nan,nan,nan,nan,nan,nan,nan,-0.01992816850543022,-0.0002775073517113924,0.32468360662460327,0.012921370565891266,-0.0367007851600647,0.05448918044567108,2.0085967662453186e-06,0.0
1765455468,681068260,0.06642723133090418,0.0009250245035569946,0.19373154697137057,-0.04785692808968452,0.052429690729909655,-0.0778416846389471,1.1239222251142684,-1.8050893255826155,0.0,0.0,0.0,0.0,0.0,0.0,0.0,0.0,-0.064453125,0.0,1.224609375,0.064453125,-0.14501953125,0.2255859375,0.01611328125,-0.12890625,nan,nan,nan,nan,nan,nan,nan,nan,-0.01992816850543022,-0.0002775073517113924,0.32468360662460327,0.012921370565891266,-0.0367007851600647,0.05448918044567108,2.0085967662453186e-06,0.0
1765455468,705995888,0.06642723133090418,0.0009250245035569946,0.19373154697137057,-0.04785692808968452,0.052429690729909655,-0.0778416846389471,1.1239222251142684,-1.8050893255826155,0.0,0.0,0.0,0.0,0.0,0.0,0.0,0.0,-0.08056640625,-0.0322265625,1.2568359375,0.064453125,-0.14501953125,0.2255859375,0.01611328125,-0.12890625,nan,nan,nan,nan,nan,nan,nan,nan,-0.01992816850543022,-0.0002775073517113924,0.32468360662460327,0.012921370565891266,-0.0367007851600647,0.05448918044567108,2.0085967662453186e-06,0.0
1765455468,729488840,0.06642723133090418,0.0009250245035569946,0.19373154697137057,-0.04785692808968452,0.052429690729909655,-0.0778416846389471,1.1239222251142684,-1.8050893255826155,0.0,0.0,0.0,0.0,0.0,0.0,0.0,0.0,-0.08056640625,-0.0322265625,1.30517578125,0.064453125,-0.14501953125,0.2255859375,0.01611328125,-0.14501953125,nan,nan,nan,nan,nan,nan,nan,nan,-0.01992816850543022,-0.0002775073517113924,0.32468360662460327,0.012921370565891266,-0.0367007851600647,0.05448918044567108,2.0085967662453186e-06,0.0
1765455468,754017678,0.06642723133090418,0.0009250245035569946,0.19373154697137057,-0.04785692808968452,0.052429690729909655,-0.0778416846389471,1.1239222251142684,-1.8050893255826155,0.0,0.0,0.0,0.0,0.0,0.0,0.0,0.0,-0.08056640625,-0.04833984375,1.20849609375,0.064453125,-0.0966796875,0.24169921875,0.0322265625,-0.11279296875,nan,nan,nan,nan,nan,nan,nan,nan,-0.01992816850543022,-0.0002775073517113924,0.32468360662460327,0.012921370565891266,-0.0367007851600647,0.05448918044567108,2.0085967662453186e-06,0.0
1765455468,775777360,0.06642723133090418,0.0009250245035569946,0.19373154697137057,-0.04785692808968452,0.052429690729909655,-0.0778416846389471,1.1239222251142684,-1.8050893255826155,0.0,0.0,0.0,0.0,0.0,0.0,0.0,0.0,-0.08056640625,0.0,1.24072265625,0.064453125,-0.1611328125,0.2255859375,0.04833984375,-0.0966796875,nan,nan,nan,nan,nan,nan,nan,nan,-0.01992816850543022,-0.0002775073517113924,0.32468360662460327,0.012921370565891266,-0.0367007851600647,0.05448918044567108,2.0085967662453186e-06,0.0
1765455468,799375114,0.06642723133090418,0.0009250245035569946,0.19373154697137057,-0.04785692808968452,0.052429690729909655,-0.0778416846389471,1.1239222251142684,-1.8050893255826155,0.0,0.0,0.0,0.0,0.0,0.0,0.0,0.0,-0.08056640625,0.0,1.30517578125,0.064453125,-0.0966796875,0.20947265625,0.01611328125,-0.11279296875,nan,nan,nan,nan,nan,nan,nan,nan,-0.01992816850543022,-0.0002775073517113924,0.32468360662460327,0.012921370565891266,-0.0367007851600647,0.05448918044567108,2.0085967662453186e-06,0.0
1765455468,820342881,0.06642723133090418,0.0009250245035569946,0.19373154697137057,-0.04785692808968452,0.052429690729909655,-0.0778416846389471,1.1239222251142684,-1.8050893255826155,0.0,0.0,0.0,0.0,0.0,0.0,0.0,0.0,-0.08056640625,-0.0322265625,1.2568359375,0.064453125,-0.14501953125,0.193359375,0.01611328125,-0.11279296875,nan,nan,nan,nan,nan,nan,nan,nan,-0.01992816850543022,-0.0002775073517113924,0.32468360662460327,0.012921370565891266,-0.0367007851600647,0.05448918044567108,2.0085967662453186e-06,0.0
1765455468,844640356,0.06642723133090418,0.0009250245035569946,0.19373154697137057,-0.04785692808968452,0.052429690729909655,-0.0778416846389471,1.1239222251142684,-1.8050893255826155,0.0,0.0,0.0,0.0,0.0,0.0,0.0,0.0,-0.0966796875,-0.04833984375,1.224609375,0.064453125,-0.14501953125,0.2255859375,0.01611328125,-0.12890625,nan,nan,nan,nan,nan,nan,nan,nan,-0.01992816850543022,-0.0002775073517113924,0.32468360662460327,0.012921370565891266,-0.0367007851600647,0.05448918044567108,2.0085967662453186e-06,0.0
1765455468,872253107,0.06642723133090418,0.0009250245035569946,0.19373154697137057,-0.04785692808968452,0.052429690729909655,-0.0778416846389471,1.1239222251142684,-1.8050893255826155,0.0,0.0,0.0,0.0,0.0,0.0,0.0,0.0,-0.08056640625,0.01611328125,1.224609375,-0.0322265625,-0.08056640625,0.2255859375,0.0322265625,-0.08056640625,nan,nan,nan,nan,nan,nan,nan,nan,-0.01992816850543022,-0.0002775073517113924,0.32468360662460327,0.012921370565891266,-0.0367007851600647,0.05448918044567108,2.0085967662453186e-06,0.0
1765455468,895392455,0.06642723133090418,0.0009250245035569946,0.19373154697137057,-0.04785692808968452,0.052429690729909655,-0.0778416846389471,1.1239222251142684,-1.8050893255826155,0.0,0.0,0.0,0.0,0.0,0.0,0.0,0.0,-0.064453125,-0.08056640625,1.2568359375,0.08056640625,-0.1611328125,0.2255859375,0.01611328125,-0.0966796875,nan,nan,nan,nan,nan,nan,nan,nan,-0.01992816850543022,-0.0002775073517113924,0.32468360662460327,0.012921370565891266,-0.0367007851600647,0.05448918044567108,2.0085967662453186e-06,0.0
1765455468,917800401,0.06642723133090418,0.0009250245035569946,0.19373154697137057,-0.04785692808968452,0.052429690729909655,-0.0778416846389471,1.1239222251142684,-1.8050893255826155,0.0,0.0,0.0,0.0,0.0,0.0,0.0,0.0,-0.08056640625,-0.04833984375,1.30517578125,0.064453125,-0.0966796875,0.20947265625,0.0322265625,-0.0966796875,nan,nan,nan,nan,nan,nan,nan,nan,-0.01992816850543022,-0.0002775073517113924,0.32468360662460327,0.012921370565891266,-0.0367007851600647,0.05448918044567108,2.0085967662453186e-06,0.0
1765455468,940462782,0.06642723133090418,0.0009250245035569946,0.19373154697137057,-0.04785692808968452,0.052429690729909655,-0.0778416846389471,1.1239222251142684,-1.8050893255826155,0.0,0.0,0.0,0.0,0.0,0.0,0.0,0.0,-0.08056640625,-0.0322265625,1.27294921875,0.064453125,-0.14501953125,0.20947265625,0.01611328125,-0.11279296875,nan,nan,nan,nan,nan,nan,nan,nan,-0.01992816850543022,-0.0002775073517113924,0.32468360662460327,0.012921370565891266,-0.0367007851600647,0.05448918044567108,2.0085967662453186e-06,0.0
1765455468,961750906,0.06642723133090418,0.0009250245035569946,0.19373154697137057,-0.04785692808968452,0.052429690729909655,-0.0778416846389471,1.1239222251142684,-1.8050893255826155,0.0,0.0,0.0,0.0,0.0,0.0,0.0,0.0,-0.064453125,-0.04833984375,1.30517578125,0.064453125,-0.11279296875,0.20947265625,0.01611328125,-0.0966796875,nan,nan,nan,nan,nan,nan,nan,nan,-0.01992816850543022,-0.0002775073517113924,0.32468360662460327,0.012921370565891266,-0.0367007851600647,0.05448918044567108,2.0085967662453186e-06,0.0
1765455468,985513878,0.06642723133090418,0.0009250245035569946,0.19373154697137057,-0.04785692808968452,0.052429690729909655,-0.0778416846389471,1.1239222251142684,-1.8050893255826155,0.0,0.0,0.0,0.0,0.0,0.0,0.0,0.0,-0.0966796875,-0.0322265625,1.2568359375,0.064453125,-0.14501953125,0.24169921875,0.0322265625,-0.12890625,nan,nan,nan,nan,nan,nan,nan,nan,-0.01992816850543022,-0.0002775073517113924,0.32468360662460327,0.012921370565891266,-0.0367007851600647,0.05448918044567108,2.0085967662453186e-06,0.0
1765455469,8672362,0.06642723133090418,0.0009250245035569946,0.19373154697137057,-0.04785692808968452,0.052429690729909655,-0.0778416846389471,1.1239222251142684,-1.8050893255826155,0.0,0.0,0.0,0.0,0.0,0.0,0.0,0.0,-0.08056640625,0.0,1.24072265625,-0.0322265625,-0.11279296875,0.2255859375,-0.01611328125,-0.0966796875,nan,nan,nan,nan,nan,nan,nan,nan,-0.01992816850543022,-0.0002775073517113924,0.32468360662460327,0.012921370565891266,-0.0367007851600647,0.05448918044567108,2.0085967662453186e-06,0.0
1765455469,30228136,0.06642723133090418,0.0009250245035569946,0.19373154697137057,-0.04785692808968452,0.052429690729909655,-0.0778416846389471,1.1239222251142684,-1.8050893255826155,0.0,0.0,0.0,0.0,0.0,0.0,0.0,0.0,-0.08056640625,-0.0322265625,1.30517578125,0.064453125,-0.08056640625,0.20947265625,0.01611328125,-0.0966796875,nan,nan,nan,nan,nan,nan,nan,nan,-0.01992816850543022,-0.0002775073517113924,0.32468360662460327,0.012921370565891266,-0.0367007851600647,0.05448918044567108,2.0085967662453186e-06,0.0
1765455469,52240205,0.06642723133090418,0.0009250245035569946,0.19373154697137057,-0.04785692808968452,0.052429690729909655,-0.0778416846389471,1.1239222251142684,-1.8050893255826155,0.0,0.0,0.0,0.0,0.0,0.0,0.0,0.0,-0.08056640625,-0.04833984375,1.30517578125,0.064453125,-0.14501953125,0.2255859375,0.0322265625,-0.0966796875,nan,nan,nan,nan,nan,nan,nan,nan,-0.01992816850543022,-0.0002775073517113924,0.32468360662460327,0.012921370565891266,-0.0367007851600647,0.05448918044567108,2.0085967662453186e-06,0.0
1765455469,76498864,0.06642723133090418,0.0009250245035569946,0.19373154697137057,-0.04785692808968452,0.052429690729909655,-0.0778416846389471,1.1239222251142684,-1.8050893255826155,0.0,0.0,0.0,0.0,0.0,0.0,0.0,0.0,-0.08056640625,-0.0322265625,1.224609375,0.064453125,-0.14501953125,0.20947265625,0.01611328125,-0.08056640625,nan,nan,nan,nan,nan,nan,nan,nan,-0.01992816850543022,-0.0002775073517113924,0.32468360662460327,0.012921370565891266,-0.0367007851600647,0.05448918044567108,2.0085967662453186e-06,0.0
1765455469,102210950,0.06642723133090418,0.0009250245035569946,0.19373154697137057,-0.04785692808968452,0.052429690729909655,-0.0778416846389471,1.1239222251142684,-1.8050893255826155,0.0,0.0,0.0,0.0,0.0,0.0,0.0,0.0,-0.08056640625,0.0,1.2568359375,0.04833984375,-0.0966796875,0.20947265625,0.01611328125,0.0,nan,nan,nan,nan,nan,nan,nan,nan,-0.01992816850543022,-0.0002775073517113924,0.32468360662460327,0.012921370565891266,-0.0367007851600647,0.05448918044567108,2.0085967662453186e-06,0.0
1765455469,126955631,0.06642723133090418,0.0009250245035569946,0.19373154697137057,-0.04785692808968452,0.052429690729909655,-0.0778416846389471,1.1239222251142684,-1.8050893255826155,0.0,0.0,0.0,0.0,0.0,0.0,0.0,0.0,-0.08056640625,-0.04833984375,1.2568359375,0.08056640625,-0.11279296875,0.193359375,0.0322265625,-0.12890625,nan,nan,nan,nan,nan,nan,nan,nan,-0.01992816850543022,-0.0002775073517113924,0.32468360662460327,0.012921370565891266,-0.0367007851600647,0.05448918044567108,2.0085967662453186e-06,0.0
1765455469,151292146,0.06642723133090418,0.0009250245035569946,0.19373154697137057,-0.04785692808968452,0.052429690729909655,-0.0778416846389471,1.1239222251142684,-1.8050893255826155,0.0,0.0,0.0,0.0,0.0,0.0,0.0,0.0,-0.08056640625,-0.0322265625,1.27294921875,-0.0322265625,-0.1611328125,0.24169921875,0.0322265625,-0.12890625,nan,nan,nan,nan,nan,nan,nan,nan,-0.01992816850543022,-0.0002775073517113924,0.32468360662460327,0.012921370565891266,-0.0367007851600647,0.05448918044567108,2.0085967662453186e-06,0.0
1765455469,171643201,0.06642723133090418,0.0009250245035569946,0.19373154697137057,-0.04785692808968452,0.052429690729909655,-0.0778416846389471,1.1239222251142684,-1.8050893255826155,0.0,0.0,0.0,0.0,0.0,0.0,0.0,0.0,-0.064453125,0.0,1.14404296875,0.064453125,-0.14501953125,0.24169921875,0.0322265625,-0.12890625,nan,nan,nan,nan,nan,nan,nan,nan,-0.01992816850543022,-0.0002775073517113924,0.32468360662460327,0.012921370565891266,-0.0367007851600647,0.05448918044567108,2.0085967662453186e-06,0.0
1765455469,198965900,0.06642723133090418,0.0009250245035569946,0.19373154697137057,-0.04785692808968452,0.052429690729909655,-0.0778416846389471,1.1239222251142684,-1.8050893255826155,0.0,0.0,0.0,0.0,0.0,0.0,0.0,0.0,-0.08056640625,-0.04833984375,1.2568359375,0.064453125,-0.14501953125,0.20947265625,0.0,-0.11279296875,nan,nan,nan,nan,nan,nan,nan,nan,-0.01992816850543022,-0.0002775073517113924,0.32468360662460327,0.012921370565891266,-0.0367007851600647,0.05448918044567108,2.0085967662453186e-06,0.0
1765455469,221549593,0.06642723133090418,0.0009250245035569946,0.19373154697137057,-0.04785692808968452,0.052429690729909655,-0.0778416846389471,1.1239222251142684,-1.8050893255826155,0.0,0.0,0.0,0.0,0.0,0.0,0.0,0.0,-0.08056640625,-0.0322265625,1.2890625,0.064453125,-0.08056640625,0.24169921875,0.01611328125,-0.11279296875,nan,nan,nan,nan,nan,nan,nan,nan,-0.01992816850543022,-0.0002775073517113924,0.32468360662460327,0.012921370565891266,-0.0367007851600647,0.05448918044567108,2.0085967662453186e-06,0.0
1765455469,242293037,0.06642723133090418,0.0009250245035569946,0.19373154697137057,-0.04785692808968452,0.052429690729909655,-0.0778416846389471,1.1239222251142684,-1.8050893255826155,0.0,0.0,0.0,0.0,0.0,0.0,0.0,0.0,-0.0966796875,-0.04833984375,1.24072265625,0.064453125,-0.0966796875,0.2255859375,0.0322265625,-0.0966796875,nan,nan,nan,nan,nan,nan,nan,nan,-0.01992816850543022,-0.0002775073517113924,0.32468360662460327,0.012921370565891266,-0.0367007851600647,0.05448918044567108,2.0085967662453186e-06,0.0
1765455469,266497263,0.06642723133090418,0.0009250245035569946,0.19373154697137057,-0.04785692808968452,0.052429690729909655,-0.0778416846389471,1.1239222251142684,-1.8050893255826155,0.0,0.0,0.0,0.0,0.0,0.0,0.0,0.0,-0.08056640625,-0.0322265625,1.30517578125,0.064453125,-0.12890625,0.2578125,0.01611328125,-0.1611328125,nan,nan,nan,nan,nan,nan,nan,nan,-0.01992816850543022,-0.0002775073517113924,0.32468360662460327,0.012921370565891266,-0.0367007851600647,0.05448918044567108,2.0085967662453186e-06,0.0
1765455469,290520142,0.06642723133090418,0.0009250245035569946,0.19373154697137057,-0.04785692808968452,0.052429690729909655,-0.0778416846389471,1.1239222251142684,-1.8050893255826155,0.0,0.0,0.0,0.0,0.0,0.0,0.0,0.0,-0.0966796875,-0.04833984375,1.27294921875,0.064453125,-0.0966796875,0.2255859375,0.0322265625,-0.0966796875,nan,nan,nan,nan,nan,nan,nan,nan,-0.01992816850543022,-0.0002775073517113924,0.32468360662460327,0.012921370565891266,-0.0367007851600647,0.05448918044567108,2.0085967662453186e-06,0.0
1765455469,311290850,0.06642723133090418,0.0009250245035569946,0.19373154697137057,-0.04785692808968452,0.052429690729909655,-0.0778416846389471,1.1239222251142684,-1.8050893255826155,0.0,0.0,0.0,0.0,0.0,0.0,0.0,0.0,-0.064453125,-0.04833984375,1.17626953125,0.04833984375,-0.14501953125,0.2255859375,0.0,-0.12890625,nan,nan,nan,nan,nan,nan,nan,nan,-0.01992816850543022,-0.0002775073517113924,0.32468360662460327,0.012921370565891266,-0.0367007851600647,0.05448918044567108,2.0085967662453186e-06,0.0
1765455469,335540197,0.06642723133090418,0.0009250245035569946,0.19373154697137057,-0.04785692808968452,0.052429690729909655,-0.0778416846389471,1.1239222251142684,-1.8050893255826155,0.0,0.0,0.0,0.0,0.0,0.0,0.0,0.0,-0.0966796875,0.0,1.224609375,0.064453125,-0.08056640625,0.2255859375,0.0,-0.0966796875,nan,nan,nan,nan,nan,nan,nan,nan,-0.01992816850543022,-0.0002775073517113924,0.32468360662460327,0.012921370565891266,-0.0367007851600647,0.05448918044567108,2.0085967662453186e-06,0.0
1765455469,357210437,0.06642723133090418,0.0009250245035569946,0.19373154697137057,-0.04785692808968452,0.052429690729909655,-0.0778416846389471,1.1239222251142684,-1.8050893255826155,0.0,0.0,0.0,0.0,0.0,0.0,0.0,0.0,-0.08056640625,0.0966796875,1.2568359375,0.08056640625,-0.08056640625,0.2255859375,0.01611328125,-0.12890625,nan,nan,nan,nan,nan,nan,nan,nan,-0.01992816850543022,-0.0002775073517113924,0.32468360662460327,0.012921370565891266,-0.0367007851600647,0.05448918044567108,2.0085967662453186e-06,0.0
1765455469,378783172,0.06642723133090418,0.0009250245035569946,0.19373154697137057,-0.04785692808968452,0.052429690729909655,-0.0778416846389471,1.1239222251142684,-1.8050893255826155,0.0,0.0,0.0,0.0,0.0,0.0,0.0,0.0,-0.08056640625,0.01611328125,1.2568359375,0.064453125,-0.0966796875,0.2255859375,0.0322265625,-0.0966796875,nan,nan,nan,nan,nan,nan,nan,nan,-0.01992816850543022,-0.0002775073517113924,0.32468360662460327,0.012921370565891266,-0.0367007851600647,0.05448918044567108,2.0085967662453186e-06,0.0
1765455469,405799595,0.06642723133090418,0.0009250245035569946,0.19373154697137057,-0.04785692808968452,0.052429690729909655,-0.0778416846389471,1.1239222251142684,-1.8050893255826155,0.0,0.0,0.0,0.0,0.0,0.0,0.0,0.0,-0.08056640625,-0.04833984375,1.2568359375,0.064453125,-0.14501953125,0.2255859375,0.0322265625,-0.0966796875,nan,nan,nan,nan,nan,nan,nan,nan,-0.01992816850543022,-0.0002775073517113924,0.32468360662460327,0.012921370565891266,-0.0367007851600647,0.05448918044567108,2.0085967662453186e-06,0.0
1765455469,429470502,0.06642723133090418,0.0009250245035569946,0.19373154697137057,-0.04785692808968452,0.052429690729909655,-0.0778416846389471,1.1239222251142684,-1.8050893255826155,0.0,0.0,0.0,0.0,0.0,0.0,0.0,0.0,-0.08056640625,-0.0322265625,1.24072265625,0.064453125,-0.08056640625,0.2255859375,-0.0322265625,-0.11279296875,nan,nan,nan,nan,nan,nan,nan,nan,-0.01992816850543022,-0.0002775073517113924,0.32468360662460327,0.012921370565891266,-0.0367007851600647,0.05448918044567108,2.0085967662453186e-06,0.0
1765455469,452928606,0.06642723133090418,0.0009250245035569946,0.19373154697137057,-0.04785692808968452,0.052429690729909655,-0.0778416846389471,1.1239222251142684,-1.8050893255826155,0.0,0.0,0.0,0.0,0.0,0.0,0.0,0.0,-0.08056640625,-0.0322265625,1.2568359375,0.04833984375,-0.11279296875,0.2255859375,0.0322265625,-0.12890625,nan,nan,nan,nan,nan,nan,nan,nan,-0.01992816850543022,-0.0002775073517113924,0.32468360662460327,0.012921370565891266,-0.0367007851600647,0.05448918044567108,2.0085967662453186e-06,0.0
1765455469,473632593,0.06642723133090418,0.0009250245035569946,0.19373154697137057,-0.04785692808968452,0.052429690729909655,-0.0778416846389471,1.1239222251142684,-1.8050893255826155,0.0,0.0,0.0,0.0,0.0,0.0,0.0,0.0,-0.08056640625,-0.0322265625,1.2568359375,0.064453125,-0.14501953125,0.2255859375,0.01611328125,-0.0966796875,nan,nan,nan,nan,nan,nan,nan,nan,-0.01992816850543022,-0.0002775073517113924,0.32468360662460327,0.012921370565891266,-0.0367007851600647,0.05448918044567108,2.0085967662453186e-06,0.0
1765455469,497023305,0.06642723133090418,0.0009250245035569946,0.19373154697137057,-0.04785692808968452,0.052429690729909655,-0.0778416846389471,1.1239222251142684,-1.8050893255826155,0.0,0.0,0.0,0.0,0.0,0.0,0.0,0.0,-0.0966796875,-0.0322265625,1.27294921875,0.064453125,-0.14501953125,0.24169921875,0.0,-0.14501953125,nan,nan,nan,nan,nan,nan,nan,nan,-0.01992816850543022,-0.0002775073517113924,0.32468360662460327,0.012921370565891266,-0.0367007851600647,0.05448918044567108,2.0085967662453186e-06,0.0
1765455469,525783591,0.06642723133090418,0.0009250245035569946,0.19373154697137057,-0.04785692808968452,0.052429690729909655,-0.0778416846389471,1.1239222251142684,-1.8050893255826155,0.0,0.0,0.0,0.0,0.0,0.0,0.0,0.0,-0.08056640625,-0.0322265625,1.27294921875,0.064453125,-0.0966796875,0.24169921875,0.01611328125,-0.0966796875,nan,nan,nan,nan,nan,nan,nan,nan,-0.01992816850543022,-0.0002775073517113924,0.32468360662460327,0.012921370565891266,-0.0367007851600647,0.05448918044567108,2.0085967662453186e-06,0.0
1765455469,550200812,0.06642723133090418,0.0009250245035569946,0.19373154697137057,-0.04785692808968452,0.052429690729909655,-0.0778416846389471,1.1239222251142684,-1.8050893255826155,0.0,0.0,0.0,0.0,0.0,0.0,0.0,0.0,-0.0966796875,-0.0322265625,1.27294921875,0.08056640625,-0.14501953125,0.2255859375,0.0322265625,-0.11279296875,nan,nan,nan,nan,nan,nan,nan,nan,-0.01992816850543022,-0.0002775073517113924,0.32468360662460327,0.012921370565891266,-0.0367007851600647,0.05448918044567108,2.0085967662453186e-06,0.0
1765455469,576820078,0.06642723133090418,0.0009250245035569946,0.19373154697137057,-0.04785692808968452,0.052429690729909655,-0.0778416846389471,1.1239222251142684,-1.8050893255826155,0.0,0.0,0.0,0.0,0.0,0.0,0.0,0.0,-0.08056640625,-0.04833984375,1.2568359375,0.064453125,-0.12890625,0.2255859375,0.0,-0.11279296875,nan,nan,nan,nan,nan,nan,nan,nan,-0.01992816850543022,-0.0002775073517113924,0.32468360662460327,0.012921370565891266,-0.0367007851600647,0.05448918044567108,2.0085967662453186e-06,0.0
1765455469,597797413,0.06642723133090418,0.0009250245035569946,0.19373154697137057,-0.04785692808968452,0.052429690729909655,-0.0778416846389471,1.1239222251142684,-1.8050893255826155,0.0,0.0,0.0,0.0,0.0,0.0,0.0,0.0,-0.08056640625,0.0,1.27294921875,0.064453125,-0.11279296875,0.20947265625,0.01611328125,-0.11279296875,nan,nan,nan,nan,nan,nan,nan,nan,-0.01992816850543022,-0.0002775073517113924,0.32468360662460327,0.012921370565891266,-0.0367007851600647,0.05448918044567108,2.0085967662453186e-06,0.0
1765455469,620055629,0.06642723133090418,0.0009250245035569946,0.19373154697137057,-0.04785692808968452,0.052429690729909655,-0.0778416846389471,1.1239222251142684,-1.8050893255826155,0.0,0.0,0.0,0.0,0.0,0.0,0.0,0.0,-0.064453125,-0.0322265625,1.224609375,0.04833984375,-0.08056640625,0.193359375,0.0322265625,-0.12890625,nan,nan,nan,nan,nan,nan,nan,nan,-0.01992816850543022,-0.0002775073517113924,0.32468360662460327,0.012921370565891266,-0.0367007851600647,0.05448918044567108,2.0085967662453186e-06,0.0
1765455469,645451711,0.06642723133090418,0.0009250245035569946,0.19373154697137057,-0.04785692808968452,0.052429690729909655,-0.0778416846389471,1.1239222251142684,-1.8050893255826155,0.0,0.0,0.0,0.0,0.0,0.0,0.0,0.0,-0.08056640625,-0.04833984375,1.2568359375,0.08056640625,-0.0966796875,0.24169921875,0.01611328125,-0.11279296875,nan,nan,nan,nan,nan,nan,nan,nan,-0.01992816850543022,-0.0002775073517113924,0.32468360662460327,0.012921370565891266,-0.0367007851600647,0.05448918044567108,2.0085967662453186e-06,0.0
1765455469,666551607,0.06642723133090418,0.0009250245035569946,0.19373154697137057,-0.04785692808968452,0.052429690729909655,-0.0778416846389471,1.1239222251142684,-1.8050893255826155,0.0,0.0,0.0,0.0,0.0,0.0,0.0,0.0,-0.08056640625,0.01611328125,1.24072265625,0.064453125,-0.14501953125,0.193359375,0.01611328125,-0.0966796875,nan,nan,nan,nan,nan,nan,nan,nan,-0.01992816850543022,-0.0002775073517113924,0.32468360662460327,0.012921370565891266,-0.0367007851600647,0.05448918044567108,2.0085967662453186e-06,0.0
1765455469,688242776,0.06642723133090418,0.0009250245035569946,0.19373154697137057,-0.04785692808968452,0.052429690729909655,-0.0778416846389471,1.1239222251142684,-1.8050893255826155,0.0,0.0,0.0,0.0,0.0,0.0,0.0,0.0,-0.08056640625,-0.04833984375,1.2568359375,0.04833984375,-0.12890625,0.193359375,0.0322265625,-0.0966796875,nan,nan,nan,nan,nan,nan,nan,nan,-0.01992816850543022,-0.0002775073517113924,0.32468360662460327,0.012921370565891266,-0.0367007851600647,0.05448918044567108,2.0085967662453186e-06,0.0
1765455469,710055386,0.06642723133090418,0.0009250245035569946,0.19373154697137057,-0.04785692808968452,0.052429690729909655,-0.0778416846389471,1.1239222251142684,-1.8050893255826155,0.0,0.0,0.0,0.0,0.0,0.0,0.0,0.0,-0.11279296875,-0.0322265625,1.224609375,0.064453125,-0.08056640625,0.2255859375,0.01611328125,-0.0966796875,nan,nan,nan,nan,nan,nan,nan,nan,-0.01992816850543022,-0.0002775073517113924,0.32468360662460327,0.012921370565891266,-0.0367007851600647,0.05448918044567108,2.0085967662453186e-06,0.0
1765455469,738778424,0.06642723133090418,0.0009250245035569946,0.19373154697137057,-0.04785692808968452,0.052429690729909655,-0.0778416846389471,1.1239222251142684,-1.8050893255826155,0.0,0.0,0.0,0.0,0.0,0.0,0.0,0.0,-0.08056640625,-0.0322265625,1.27294921875,0.064453125,-0.08056640625,0.2255859375,0.0,-0.11279296875,nan,nan,nan,nan,nan,nan,nan,nan,-0.01992816850543022,-0.0002775073517113924,0.32468360662460327,0.012921370565891266,-0.0367007851600647,0.05448918044567108,2.0085967662453186e-06,0.0
1765455469,763917734,0.06642723133090418,0.0009250245035569946,0.19373154697137057,-0.04785692808968452,0.052429690729909655,-0.0778416846389471,1.1239222251142684,-1.8050893255826155,0.0,0.0,0.0,0.0,0.0,0.0,0.0,0.0,-0.08056640625,-0.04833984375,1.30517578125,0.064453125,-0.08056640625,0.24169921875,0.0322265625,-0.0966796875,nan,nan,nan,nan,nan,nan,nan,nan,-0.01992816850543022,-0.0002775073517113924,0.32468360662460327,0.012921370565891266,-0.0367007851600647,0.05448918044567108,2.0085967662453186e-06,0.0
1765455469,786282000,0.06642723133090418,0.0009250245035569946,0.19373154697137057,-0.04785692808968452,0.052429690729909655,-0.0778416846389471,1.1239222251142684,-1.8050893255826155,0.0,0.0,0.0,0.0,0.0,0.0,0.0,0.0,-0.08056640625,-0.04833984375,1.224609375,0.04833984375,-0.1611328125,0.2255859375,0.0322265625,-0.064453125,nan,nan,nan,nan,nan,nan,nan,nan,-0.01992816850543022,-0.0002775073517113924,0.32468360662460327,0.012921370565891266,-0.0367007851600647,0.05448918044567108,2.0085967662453186e-06,0.0
1765455469,811204443,0.06642723133090418,0.0009250245035569946,0.19373154697137057,-0.04785692808968452,0.052429690729909655,-0.0778416846389471,1.1239222251142684,-1.8050893255826155,0.0,0.0,0.0,0.0,0.0,0.0,0.0,0.0,-0.08056640625,-0.0322265625,1.30517578125,0.08056640625,-0.14501953125,0.2255859375,0.0322265625,-0.1611328125,nan,nan,nan,nan,nan,nan,nan,nan,-0.01992816850543022,-0.0002775073517113924,0.32468360662460327,0.012921370565891266,-0.0367007851600647,0.05448918044567108,2.0085967662453186e-06,0.0
1765455469,831833741,0.06642723133090418,0.0009250245035569946,0.19373154697137057,-0.04785692808968452,0.052429690729909655,-0.0778416846389471,1.1239222251142684,-1.8050893255826155,0.0,0.0,0.0,0.0,0.0,0.0,0.0,0.0,-0.0966796875,0.0,1.2568359375,0.064453125,-0.1611328125,0.2255859375,0.01611328125,-0.0966796875,nan,nan,nan,nan,nan,nan,nan,nan,-0.01992816850543022,-0.0002775073517113924,0.32468360662460327,0.012921370565891266,-0.0367007851600647,0.05448918044567108,2.0085967662453186e-06,0.0
1765455469,853336651,0.06642723133090418,0.0009250245035569946,0.19373154697137057,-0.04785692808968452,0.052429690729909655,-0.0778416846389471,1.1239222251142684,-1.8050893255826155,0.0,0.0,0.0,0.0,0.0,0.0,0.0,0.0,-0.064453125,0.0,1.2890625,0.064453125,-0.14501953125,0.2255859375,0.0322265625,-0.12890625,nan,nan,nan,nan,nan,nan,nan,nan,-0.01992816850543022,-0.0002775073517113924,0.32468360662460327,0.012921370565891266,-0.0367007851600647,0.05448918044567108,2.0085967662453186e-06,0.0
1765455469,875587155,0.06642723133090418,0.0009250245035569946,0.19373154697137057,-0.04785692808968452,0.052429690729909655,-0.0778416846389471,1.1239222251142684,-1.8050893255826155,0.0,0.0,0.0,0.0,0.0,0.0,0.0,0.0,-0.064453125,-0.0322265625,1.27294921875,0.064453125,-0.14501953125,0.20947265625,0.01611328125,-0.12890625,nan,nan,nan,nan,nan,nan,nan,nan,-0.01992816850543022,-0.0002775073517113924,0.32468360662460327,0.012921370565891266,-0.0367007851600647,0.05448918044567108,2.0085967662453186e-06,0.0
1765455469,899786549,0.06642723133090418,0.0009250245035569946,0.19373154697137057,-0.04785692808968452,0.052429690729909655,-0.0778416846389471,1.1239222251142684,-1.8050893255826155,0.0,0.0,0.0,0.0,0.0,0.0,0.0,0.0,-0.08056640625,-0.04833984375,1.24072265625,0.064453125,-0.12890625,0.2255859375,0.01611328125,-0.11279296875,nan,nan,nan,nan,nan,nan,nan,nan,-0.01992816850543022,-0.0002775073517113924,0.32468360662460327,0.012921370565891266,-0.0367007851600647,0.05448918044567108,2.0085967662453186e-06,0.0
1765455469,927777449,0.06642723133090418,0.0009250245035569946,0.19373154697137057,-0.04785692808968452,0.052429690729909655,-0.0778416846389471,1.1239222251142684,-1.8050893255826155,0.0,0.0,0.0,0.0,0.0,0.0,0.0,0.0,-0.08056640625,0.064453125,1.095703125,0.064453125,-0.14501953125,0.2255859375,0.04833984375,-0.12890625,nan,nan,nan,nan,nan,nan,nan,nan,-0.01992816850543022,-0.0002775073517113924,0.32468360662460327,0.012921370565891266,-0.0367007851600647,0.05448918044567108,2.0085967662453186e-06,0.0
1765455469,949545835,0.06642723133090418,0.0009250245035569946,0.19373154697137057,-0.04785692808968452,0.052429690729909655,-0.0778416846389471,1.1239222251142684,-1.8050893255826155,0.0,0.0,0.0,0.0,0.0,0.0,0.0,0.0,-0.08056640625,0.0,1.1923828125,0.064453125,-0.1611328125,0.24169921875,0.01611328125,-0.12890625,nan,nan,nan,nan,nan,nan,nan,nan,-0.01992816850543022,-0.0002775073517113924,0.32468360662460327,0.012921370565891266,-0.0367007851600647,0.05448918044567108,2.0085967662453186e-06,0.0
1765455469,976488177,0.06642723133090418,0.0009250245035569946,0.19373154697137057,-0.04785692808968452,0.052429690729909655,-0.0778416846389471,1.1239222251142684,-1.8050893255826155,0.0,0.0,0.0,0.0,0.0,0.0,0.0,0.0,-0.08056640625,-0.04833984375,1.27294921875,0.064453125,-0.14501953125,0.2255859375,0.01611328125,-0.12890625,nan,nan,nan,nan,nan,nan,nan,nan,-0.01992816850543022,-0.0002775073517113924,0.32468360662460327,0.012921370565891266,-0.0367007851600647,0.05448918044567108,2.0085967662453186e-06,0.0
1765455470,258285,0.06642723133090418,0.0009250245035569946,0.19373154697137057,-0.04785692808968452,0.052429690729909655,-0.0778416846389471,1.1239222251142684,-1.8050893255826155,0.0,0.0,0.0,0.0,0.0,0.0,0.0,0.0,-0.08056640625,-0.04833984375,1.24072265625,0.064453125,-0.14501953125,0.20947265625,0.01611328125,-0.12890625,nan,nan,nan,nan,nan,nan,nan,nan,-0.01992816850543022,-0.0002775073517113924,0.32468360662460327,0.012921370565891266,-0.0367007851600647,0.05448918044567108,2.0085967662453186e-06,0.0
1765455470,22021231,0.06642723133090418,0.0009250245035569946,0.19373154697137057,-0.04785692808968452,0.052429690729909655,-0.0778416846389471,1.1239222251142684,-1.8050893255826155,0.0,0.0,0.0,0.0,0.0,0.0,0.0,0.0,-0.08056640625,0.0,1.30517578125,0.08056640625,-0.11279296875,0.20947265625,0.01611328125,-0.0966796875,nan,nan,nan,nan,nan,nan,nan,nan,-0.01992816850543022,-0.0002775073517113924,0.32468360662460327,0.012921370565891266,-0.0367007851600647,0.05448918044567108,2.0085967662453186e-06,0.0
1765455470,45282788,0.06642723133090418,0.0009250245035569946,0.19373154697137057,-0.04785692808968452,0.052429690729909655,-0.0778416846389471,1.1239222251142684,-1.8050893255826155,0.0,0.0,0.0,0.0,0.0,0.0,0.0,0.0,-0.064453125,-0.04833984375,1.2568359375,0.064453125,-0.14501953125,0.2255859375,0.01611328125,-0.14501953125,nan,nan,nan,nan,nan,nan,nan,nan,-0.01992816850543022,-0.0002775073517113924,0.32468360662460327,0.012921370565891266,-0.0367007851600647,0.05448918044567108,2.0085967662453186e-06,0.0
1765455470,67537388,0.06642723133090418,0.0009250245035569946,0.19373154697137057,-0.04785692808968452,0.052429690729909655,-0.0778416846389471,1.1239222251142684,-1.8050893255826155,0.0,0.0,0.0,0.0,0.0,0.0,0.0,0.0,-0.08056640625,-0.0322265625,1.3212890625,0.064453125,-0.11279296875,0.2255859375,0.01611328125,-0.0966796875,nan,nan,nan,nan,nan,nan,nan,nan,-0.01992816850543022,-0.0002775073517113924,0.32468360662460327,0.012921370565891266,-0.0367007851600647,0.05448918044567108,2.0085967662453186e-06,0.0
1765455470,87086480,0.06642723133090418,0.0009250245035569946,0.19373154697137057,-0.04785692808968452,0.052429690729909655,-0.0778416846389471,1.1239222251142684,-1.8050893255826155,0.0,0.0,0.0,0.0,0.0,0.0,0.0,0.0,-0.08056640625,0.0,1.30517578125,0.064453125,-0.12890625,0.2255859375,0.01611328125,-0.12890625,nan,nan,nan,nan,nan,nan,nan,nan,-0.01992816850543022,-0.0002775073517113924,0.32468360662460327,0.012921370565891266,-0.0367007851600647,0.05448918044567108,2.0085967662453186e-06,0.0
1765455470,111898906,0.06642723133090418,0.0009250245035569946,0.19373154697137057,-0.04785692808968452,0.052429690729909655,-0.0778416846389471,1.1239222251142684,-1.8050893255826155,0.0,0.0,0.0,0.0,0.0,0.0,0.0,0.0,-0.08056640625,-0.04833984375,1.3212890625,0.0966796875,-0.08056640625,0.193359375,0.0322265625,-0.0966796875,nan,nan,nan,nan,nan,nan,nan,nan,-0.01992816850543022,-0.0002775073517113924,0.32468360662460327,0.012921370565891266,-0.0367007851600647,0.05448918044567108,2.0085967662453186e-06,0.0
1765455470,139506825,0.06642723133090418,0.0009250245035569946,0.19373154697137057,-0.04785692808968452,0.052429690729909655,-0.0778416846389471,1.1239222251142684,-1.8050893255826155,0.0,0.0,0.0,0.0,0.0,0.0,0.0,0.0,-0.08056640625,-0.04833984375,1.224609375,0.08056640625,-0.08056640625,0.20947265625,0.01611328125,-0.12890625,nan,nan,nan,nan,nan,nan,nan,nan,-0.01992816850543022,-0.0002775073517113924,0.32468360662460327,0.012921370565891266,-0.0367007851600647,0.05448918044567108,2.0085967662453186e-06,0.0
1765455470,165533635,0.06642723133090418,0.0009250245035569946,0.19373154697137057,-0.04785692808968452,0.052429690729909655,-0.0778416846389471,1.1239222251142684,-1.8050893255826155,0.0,0.0,0.0,0.0,0.0,0.0,0.0,0.0,-0.08056640625,0.0,1.2568359375,0.064453125,-0.08056640625,0.20947265625,0.01611328125,-0.12890625,nan,nan,nan,nan,nan,nan,nan,nan,-0.01992816850543022,-0.0002775073517113924,0.32468360662460327,0.012921370565891266,-0.0367007851600647,0.05448918044567108,2.0085967662453186e-06,0.0
1765455470,190397998,0.06642723133090418,0.0009250245035569946,0.19373154697137057,-0.04785692808968452,0.052429690729909655,-0.0778416846389471,1.1239222251142684,-1.8050893255826155,0.0,0.0,0.0,0.0,0.0,0.0,0.0,0.0,-0.0966796875,-0.04833984375,1.2568359375,0.064453125,-0.0966796875,0.17724609375,0.0322265625,-0.0966796875,nan,nan,nan,nan,nan,nan,nan,nan,-0.01992816850543022,-0.0002775073517113924,0.32468360662460327,0.012921370565891266,-0.0367007851600647,0.05448918044567108,2.0085967662453186e-06,0.0
1765455470,214272523,0.06642723133090418,0.0009250245035569946,0.19373154697137057,-0.04785692808968452,0.052429690729909655,-0.0778416846389471,1.1239222251142684,-1.8050893255826155,0.0,0.0,0.0,0.0,0.0,0.0,0.0,0.0,-0.0966796875,0.0,1.3212890625,0.064453125,-0.0966796875,0.2255859375,0.01611328125,-0.0966796875,nan,nan,nan,nan,nan,nan,nan,nan,-0.01992816850543022,-0.0002775073517113924,0.32468360662460327,0.012921370565891266,-0.0367007851600647,0.05448918044567108,2.0085967662453186e-06,0.0
1765455470,238060296,0.06642723133090418,0.0009250245035569946,0.19373154697137057,-0.04785692808968452,0.052429690729909655,-0.0778416846389471,1.1239222251142684,-1.8050893255826155,0.0,0.0,0.0,0.0,0.0,0.0,0.0,0.0,-0.064453125,-0.04833984375,1.2568359375,0.0966796875,-0.14501953125,0.2255859375,0.0,-0.0966796875,nan,nan,nan,nan,nan,nan,nan,nan,-0.01992816850543022,-0.0002775073517113924,0.32468360662460327,0.012921370565891266,-0.0367007851600647,0.05448918044567108,2.0085967662453186e-06,0.0
1765455470,260101133,0.06642723133090418,0.0009250245035569946,0.19373154697137057,-0.04785692808968452,0.052429690729909655,-0.0778416846389471,1.1239222251142684,-1.8050893255826155,0.0,0.0,0.0,0.0,0.0,0.0,0.0,0.0,-0.04833984375,-0.0322265625,1.2568359375,0.064453125,-0.1611328125,0.24169921875,0.0322265625,-0.0966796875,nan,nan,nan,nan,nan,nan,nan,nan,-0.01992816850543022,-0.0002775073517113924,0.32468360662460327,0.012921370565891266,-0.0367007851600647,0.05448918044567108,2.0085967662453186e-06,0.0
1765455470,284888694,0.06642723133090418,0.0009250245035569946,0.19373154697137057,-0.04785692808968452,0.052429690729909655,-0.0778416846389471,1.1239222251142684,-1.8050893255826155,0.0,0.0,0.0,0.0,0.0,0.0,0.0,0.0,-0.08056640625,-0.04833984375,1.2568359375,0.064453125,-0.12890625,0.20947265625,0.01611328125,-0.11279296875,nan,nan,nan,nan,nan,nan,nan,nan,-0.01992816850543022,-0.0002775073517113924,0.32468360662460327,0.012921370565891266,-0.0367007851600647,0.05448918044567108,2.0085967662453186e-06,0.0
1765455470,306330356,0.06642723133090418,0.0009250245035569946,0.19373154697137057,-0.04785692808968452,0.052429690729909655,-0.0778416846389471,1.1239222251142684,-1.8050893255826155,0.0,0.0,0.0,0.0,0.0,0.0,0.0,0.0,-0.064453125,-0.0322265625,1.30517578125,0.0966796875,-0.14501953125,0.2255859375,0.01611328125,-0.12890625,nan,nan,nan,nan,nan,nan,nan,nan,-0.01992816850543022,-0.0002775073517113924,0.32468360662460327,0.012921370565891266,-0.0367007851600647,0.05448918044567108,2.0085967662453186e-06,0.0
1765455470,327921843,0.06642723133090418,0.0009250245035569946,0.19373154697137057,-0.04785692808968452,0.052429690729909655,-0.0778416846389471,1.1239222251142684,-1.8050893255826155,0.0,0.0,0.0,0.0,0.0,0.0,0.0,0.0,-0.08056640625,-0.0322265625,1.24072265625,0.064453125,-0.14501953125,0.17724609375,0.01611328125,-0.08056640625,nan,nan,nan,nan,nan,nan,nan,nan,-0.01992816850543022,-0.0002775073517113924,0.32468360662460327,0.012921370565891266,-0.0367007851600647,0.05448918044567108,2.0085967662453186e-06,0.0
1765455470,353360325,0.06642723133090418,0.0009250245035569946,0.19373154697137057,-0.04785692808968452,0.052429690729909655,-0.0778416846389471,1.1239222251142684,-1.8050893255826155,0.0,0.0,0.0,0.0,0.0,0.0,0.0,0.0,-0.08056640625,-0.0322265625,1.24072265625,0.064453125,-0.08056640625,0.20947265625,0.0322265625,-0.11279296875,nan,nan,nan,nan,nan,nan,nan,nan,-0.01992816850543022,-0.0002775073517113924,0.32468360662460327,0.012921370565891266,-0.0367007851600647,0.05448918044567108,2.0085967662453186e-06,0.0
1765455470,378020045,0.06642723133090418,0.0009250245035569946,0.19373154697137057,-0.04785692808968452,0.052429690729909655,-0.0778416846389471,1.1239222251142684,-1.8050893255826155,0.0,0.0,0.0,0.0,0.0,0.0,0.0,0.0,-0.08056640625,-0.0322265625,1.27294921875,0.064453125,-0.1611328125,0.2255859375,0.0,-0.11279296875,nan,nan,nan,nan,nan,nan,nan,nan,-0.01992816850543022,-0.0002775073517113924,0.32468360662460327,0.012921370565891266,-0.0367007851600647,0.05448918044567108,2.0085967662453186e-06,0.0
1765455470,403329982,0.06642723133090418,0.0009250245035569946,0.19373154697137057,-0.04785692808968452,0.052429690729909655,-0.0778416846389471,1.1239222251142684,-1.8050893255826155,0.0,0.0,0.0,0.0,0.0,0.0,0.0,0.0,-0.08056640625,0.0,1.2890625,0.08056640625,-0.14501953125,0.24169921875,0.0322265625,-0.11279296875,nan,nan,nan,nan,nan,nan,nan,nan,-0.01992816850543022,-0.0002775073517113924,0.32468360662460327,0.012921370565891266,-0.0367007851600647,0.05448918044567108,2.0085967662453186e-06,0.0
1765455470,426874167,0.06642723133090418,0.0009250245035569946,0.19373154697137057,-0.04785692808968452,0.052429690729909655,-0.0778416846389471,1.1239222251142684,-1.8050893255826155,0.0,0.0,0.0,0.0,0.0,0.0,0.0,0.0,-0.08056640625,-0.04833984375,1.27294921875,0.064453125,-0.08056640625,0.2255859375,0.0322265625,-0.12890625,nan,nan,nan,nan,nan,nan,nan,nan,-0.01992816850543022,-0.0002775073517113924,0.32468360662460327,0.012921370565891266,-0.0367007851600647,0.05448918044567108,2.0085967662453186e-06,0.0
1765455470,447288230,0.06642723133090418,0.0009250245035569946,0.19373154697137057,-0.04785692808968452,0.052429690729909655,-0.0778416846389471,1.1239222251142684,-1.8050893255826155,0.0,0.0,0.0,0.0,0.0,0.0,0.0,0.0,-0.08056640625,-0.0322265625,1.224609375,0.064453125,-0.11279296875,0.2255859375,0.0322265625,-0.14501953125,nan,nan,nan,nan,nan,nan,nan,nan,-0.01992816850543022,-0.0002775073517113924,0.32468360662460327,0.012921370565891266,-0.0367007851600647,0.05448918044567108,2.0085967662453186e-06,0.0
1765455470,468976583,0.06642723133090418,0.0009250245035569946,0.19373154697137057,-0.04785692808968452,0.052429690729909655,-0.0778416846389471,1.1239222251142684,-1.8050893255826155,0.0,0.0,0.0,0.0,0.0,0.0,0.0,0.0,-0.08056640625,-0.0322265625,1.2568359375,0.04833984375,-0.14501953125,0.2255859375,0.01611328125,-0.11279296875,nan,nan,nan,nan,nan,nan,nan,nan,-0.01992816850543022,-0.0002775073517113924,0.32468360662460327,0.012921370565891266,-0.0367007851600647,0.05448918044567108,2.0085967662453186e-06,0.0
1765455470,493709807,0.06642723133090418,0.0009250245035569946,0.19373154697137057,-0.04785692808968452,0.052429690729909655,-0.0778416846389471,1.1239222251142684,-1.8050893255826155,0.0,0.0,0.0,0.0,0.0,0.0,0.0,0.0,-0.0966796875,-0.01611328125,1.224609375,0.064453125,-0.0966796875,0.24169921875,0.0322265625,-0.12890625,nan,nan,nan,nan,nan,nan,nan,nan,-0.01992816850543022,-0.0002775073517113924,0.32468360662460327,0.012921370565891266,-0.0367007851600647,0.05448918044567108,2.0085967662453186e-06,0.0
1765455470,516700961,0.06642723133090418,0.0009250245035569946,0.19373154697137057,-0.04785692808968452,0.052429690729909655,-0.0778416846389471,1.1239222251142684,-1.8050893255826155,0.0,0.0,0.0,0.0,0.0,0.0,0.0,0.0,-0.0966796875,0.0,1.14404296875,0.0966796875,-0.08056640625,0.2255859375,0.01611328125,-0.12890625,nan,nan,nan,nan,nan,nan,nan,nan,-0.01992816850543022,-0.0002775073517113924,0.32468360662460327,0.012921370565891266,-0.0367007851600647,0.05448918044567108,2.0085967662453186e-06,0.0
1765455470,541508299,0.06642723133090418,0.0009250245035569946,0.19373154697137057,-0.04785692808968452,0.052429690729909655,-0.0778416846389471,1.1239222251142684,-1.8050893255826155,0.0,0.0,0.0,0.0,0.0,0.0,0.0,0.0,-0.08056640625,0.0,1.27294921875,0.064453125,-0.14501953125,0.2255859375,0.01611328125,-0.11279296875,nan,nan,nan,nan,nan,nan,nan,nan,-0.01992816850543022,-0.0002775073517113924,0.32468360662460327,0.012921370565891266,-0.0367007851600647,0.05448918044567108,2.0085967662453186e-06,0.0
1765455470,563894581,0.06642723133090418,0.0009250245035569946,0.19373154697137057,-0.04785692808968452,0.052429690729909655,-0.0778416846389471,1.1239222251142684,-1.8050893255826155,0.0,0.0,0.0,0.0,0.0,0.0,0.0,0.0,-0.08056640625,0.0,1.224609375,0.064453125,-0.14501953125,0.24169921875,0.01611328125,-0.12890625,nan,nan,nan,nan,nan,nan,nan,nan,-0.01992816850543022,-0.0002775073517113924,0.32468360662460327,0.012921370565891266,-0.0367007851600647,0.05448918044567108,2.0085967662453186e-06,0.0
1765455470,584322532,0.06642723133090418,0.0009250245035569946,0.19373154697137057,-0.04785692808968452,0.052429690729909655,-0.0778416846389471,1.1239222251142684,-1.8050893255826155,0.0,0.0,0.0,0.0,0.0,0.0,0.0,0.0,-0.08056640625,0.0,1.27294921875,0.064453125,-0.12890625,0.2255859375,0.0322265625,-0.14501953125,nan,nan,nan,nan,nan,nan,nan,nan,-0.01992816850543022,-0.0002775073517113924,0.32468360662460327,0.012921370565891266,-0.0367007851600647,0.05448918044567108,2.0085967662453186e-06,0.0
1765455470,609498579,0.06642723133090418,0.0009250245035569946,0.19373154697137057,-0.04785692808968452,0.052429690729909655,-0.0778416846389471,1.1239222251142684,-1.8050893255826155,0.0,0.0,0.0,0.0,0.0,0.0,0.0,0.0,-0.08056640625,0.0,1.095703125,0.064453125,-0.0966796875,0.17724609375,0.0322265625,-0.12890625,nan,nan,nan,nan,nan,nan,nan,nan,-0.01992816850543022,-0.0002775073517113924,0.32468360662460327,0.012921370565891266,-0.0367007851600647,0.05448918044567108,2.0085967662453186e-06,0.0
1765455470,631511576,0.06642723133090418,0.0009250245035569946,0.19373154697137057,-0.04785692808968452,0.052429690729909655,-0.0778416846389471,1.1239222251142684,-1.8050893255826155,0.0,0.0,0.0,0.0,0.0,0.0,0.0,0.0,-0.064453125,-0.0322265625,1.1923828125,0.064453125,-0.14501953125,0.24169921875,0.01611328125,-0.11279296875,nan,nan,nan,nan,nan,nan,nan,nan,-0.01992816850543022,-0.0002775073517113924,0.32468360662460327,0.012921370565891266,-0.0367007851600647,0.05448918044567108,2.0085967662453186e-06,0.0
1765455470,651779430,0.06642723133090418,0.0009250245035569946,0.19373154697137057,-0.04785692808968452,0.052429690729909655,-0.0778416846389471,1.1239222251142684,-1.8050893255826155,0.0,0.0,0.0,0.0,0.0,0.0,0.0,0.0,-0.064453125,0.08056640625,1.30517578125,0.0,-0.12890625,0.2255859375,0.01611328125,-0.0966796875,nan,nan,nan,nan,nan,nan,nan,nan,-0.01992816850543022,-0.0002775073517113924,0.32468360662460327,0.012921370565891266,-0.0367007851600647,0.05448918044567108,2.0085967662453186e-06,0.0
1765455470,677886529,0.06642723133090418,0.0009250245035569946,0.19373154697137057,-0.04785692808968452,0.052429690729909655,-0.0778416846389471,1.1239222251142684,-1.8050893255826155,0.0,0.0,0.0,0.0,0.0,0.0,0.0,0.0,-0.08056640625,0.0,1.224609375,0.064453125,-0.1611328125,0.2255859375,0.0322265625,-0.0966796875,nan,nan,nan,nan,nan,nan,nan,nan,-0.01992816850543022,-0.0002775073517113924,0.32468360662460327,0.012921370565891266,-0.0367007851600647,0.05448918044567108,2.0085967662453186e-06,0.0
1765455470,700227082,0.06642723133090418,0.0009250245035569946,0.19373154697137057,-0.04785692808968452,0.052429690729909655,-0.0778416846389471,1.1239222251142684,-1.8050893255826155,0.0,0.0,0.0,0.0,0.0,0.0,0.0,0.0,-0.08056640625,0.0,1.27294921875,0.04833984375,-0.11279296875,0.20947265625,0.0322265625,-0.064453125,nan,nan,nan,nan,nan,nan,nan,nan,-0.01992816850543022,-0.0002775073517113924,0.32468360662460327,0.012921370565891266,-0.0367007851600647,0.05448918044567108,2.0085967662453186e-06,0.0
1765455470,721353251,0.06642723133090418,0.0009250245035569946,0.19373154697137057,-0.04785692808968452,0.052429690729909655,-0.0778416846389471,1.1239222251142684,-1.8050893255826155,0.0,0.0,0.0,0.0,0.0,0.0,0.0,0.0,-0.08056640625,0.08056640625,1.2568359375,0.064453125,-0.08056640625,0.2255859375,0.0322265625,-0.11279296875,nan,nan,nan,nan,nan,nan,nan,nan,-0.01992816850543022,-0.0002775073517113924,0.32468360662460327,0.012921370565891266,-0.0367007851600647,0.05448918044567108,2.0085967662453186e-06,0.0
1765455470,746767861,0.06642723133090418,0.0009250245035569946,0.19373154697137057,-0.04785692808968452,0.052429690729909655,-0.0778416846389471,1.1239222251142684,-1.8050893255826155,0.0,0.0,0.0,0.0,0.0,0.0,0.0,0.0,-0.11279296875,-0.0322265625,1.30517578125,0.064453125,-0.1611328125,0.2255859375,0.0322265625,-0.0966796875,nan,nan,nan,nan,nan,nan,nan,nan,-0.01992816850543022,-0.0002775073517113924,0.32468360662460327,0.012921370565891266,-0.0367007851600647,0.05448918044567108,2.0085967662453186e-06,0.0
1765455470,769672677,0.06642723133090418,0.0009250245035569946,0.19373154697137057,-0.04785692808968452,0.052429690729909655,-0.0778416846389471,1.1239222251142684,-1.8050893255826155,0.0,0.0,0.0,0.0,0.0,0.0,0.0,0.0,-0.0966796875,-0.04833984375,1.224609375,0.064453125,-0.12890625,0.2255859375,0.0322265625,-0.08056640625,nan,nan,nan,nan,nan,nan,nan,nan,-0.01992816850543022,-0.0002775073517113924,0.32468360662460327,0.012921370565891266,-0.0367007851600647,0.05448918044567108,2.0085967662453186e-06,0.0
1765455470,791571785,0.06642723133090418,0.0009250245035569946,0.19373154697137057,-0.04785692808968452,0.052429690729909655,-0.0778416846389471,1.1239222251142684,-1.8050893255826155,0.0,0.0,0.0,0.0,0.0,0.0,0.0,0.0,-0.08056640625,-0.0322265625,1.2568359375,0.064453125,-0.14501953125,0.193359375,0.01611328125,-0.12890625,nan,nan,nan,nan,nan,nan,nan,nan,-0.01992816850543022,-0.0002775073517113924,0.32468360662460327,0.012921370565891266,-0.0367007851600647,0.05448918044567108,2.0085967662453186e-06,0.0
1765455470,815353093,0.06642723133090418,0.0009250245035569946,0.19373154697137057,-0.04785692808968452,0.052429690729909655,-0.0778416846389471,1.1239222251142684,-1.8050893255826155,0.0,0.0,0.0,0.0,0.0,0.0,0.0,0.0,-0.08056640625,-0.0322265625,1.224609375,0.064453125,-0.08056640625,0.2255859375,0.0322265625,-0.064453125,nan,nan,nan,nan,nan,nan,nan,nan,-0.01992816850543022,-0.0002775073517113924,0.32468360662460327,0.012921370565891266,-0.0367007851600647,0.05448918044567108,2.0085967662453186e-06,0.0
1765455470,834602245,0.06642723133090418,0.0009250245035569946,0.19373154697137057,-0.04785692808968452,0.052429690729909655,-0.0778416846389471,1.1239222251142684,-1.8050893255826155,0.0,0.0,0.0,0.0,0.0,0.0,0.0,0.0,-0.08056640625,-0.0322265625,1.30517578125,0.04833984375,-0.0966796875,0.2255859375,0.0322265625,-0.04833984375,nan,nan,nan,nan,nan,nan,nan,nan,-0.01992816850543022,-0.0002775073517113924,0.32468360662460327,0.012921370565891266,-0.0367007851600647,0.05448918044567108,2.0085967662453186e-06,0.0
1765455470,857887322,0.06642723133090418,0.0009250245035569946,0.19373154697137057,-0.04785692808968452,0.052429690729909655,-0.0778416846389471,1.1239222251142684,-1.8050893255826155,0.0,0.0,0.0,0.0,0.0,0.0,0.0,0.0,-0.064453125,-0.04833984375,1.27294921875,0.064453125,-0.0966796875,0.2255859375,0.0,-0.12890625,nan,nan,nan,nan,nan,nan,nan,nan,-0.01992816850543022,-0.0002775073517113924,0.32468360662460327,0.012921370565891266,-0.0367007851600647,0.05448918044567108,2.0085967662453186e-06,0.0
1765455470,879983488,0.06642723133090418,0.0009250245035569946,0.19373154697137057,-0.04785692808968452,0.052429690729909655,-0.0778416846389471,1.1239222251142684,-1.8050893255826155,0.0,0.0,0.0,0.0,0.0,0.0,0.0,0.0,-0.0966796875,0.0,1.2568359375,0.064453125,-0.0966796875,0.20947265625,0.01611328125,-0.0322265625,nan,nan,nan,nan,nan,nan,nan,nan,-0.01992816850543022,-0.0002775073517113924,0.32468360662460327,0.012921370565891266,-0.0367007851600647,0.05448918044567108,2.0085967662453186e-06,0.0
1765455470,901950724,0.06642723133090418,0.0009250245035569946,0.19373154697137057,-0.04785692808968452,0.052429690729909655,-0.0778416846389471,1.1239222251142684,-1.8050893255826155,0.0,0.0,0.0,0.0,0.0,0.0,0.0,0.0,-0.08056640625,0.0,1.2568359375,0.0966796875,-0.12890625,0.24169921875,0.0322265625,-0.11279296875,nan,nan,nan,nan,nan,nan,nan,nan,-0.01992816850543022,-0.0002775073517113924,0.32468360662460327,0.012921370565891266,-0.0367007851600647,0.05448918044567108,2.0085967662453186e-06,0.0
1765455470,924400431,0.06642723133090418,0.0009250245035569946,0.19373154697137057,-0.04785692808968452,0.052429690729909655,-0.0778416846389471,1.1239222251142684,-1.8050893255826155,0.0,0.0,0.0,0.0,0.0,0.0,0.0,0.0,-0.08056640625,-0.04833984375,1.27294921875,0.0966796875,-0.14501953125,0.2255859375,0.01611328125,-0.1611328125,nan,nan,nan,nan,nan,nan,nan,nan,-0.01992816850543022,-0.0002775073517113924,0.32468360662460327,0.012921370565891266,-0.0367007851600647,0.05448918044567108,2.0085967662453186e-06,0.0
1765455470,946370451,0.06642723133090418,0.0009250245035569946,0.19373154697137057,-0.04785692808968452,0.052429690729909655,-0.0778416846389471,1.1239222251142684,-1.8050893255826155,0.0,0.0,0.0,0.0,0.0,0.0,0.0,0.0,-0.08056640625,-0.0322265625,1.2568359375,0.04833984375,-0.12890625,0.24169921875,0.0,-0.11279296875,nan,nan,nan,nan,nan,nan,nan,nan,-0.01992816850543022,-0.0002775073517113924,0.32468360662460327,0.012921370565891266,-0.0367007851600647,0.05448918044567108,2.0085967662453186e-06,0.0
1765455470,967578829,0.06642723133090418,0.0009250245035569946,0.19373154697137057,-0.04785692808968452,0.052429690729909655,-0.0778416846389471,1.1239222251142684,-1.8050893255826155,0.0,0.0,0.0,0.0,0.0,0.0,0.0,0.0,-0.0966796875,-0.0322265625,1.2890625,0.08056640625,-0.17724609375,0.2255859375,-0.01611328125,-0.11279296875,nan,nan,nan,nan,nan,nan,nan,nan,-0.01992816850543022,-0.0002775073517113924,0.32468360662460327,0.012921370565891266,-0.0367007851600647,0.05448918044567108,2.0085967662453186e-06,0.0
1765455470,994353169,0.06642723133090418,0.0009250245035569946,0.19373154697137057,-0.04785692808968452,0.052429690729909655,-0.0778416846389471,1.1239222251142684,-1.8050893255826155,0.0,0.0,0.0,0.0,0.0,0.0,0.0,0.0,-0.064453125,-0.04833984375,1.2568359375,0.08056640625,-0.0966796875,0.2255859375,0.0,-0.11279296875,nan,nan,nan,nan,nan,nan,nan,nan,-0.01992816850543022,-0.0002775073517113924,0.32468360662460327,0.012921370565891266,-0.0367007851600647,0.05448918044567108,2.0085967662453186e-06,0.0
1765455471,17867274,0.06642723133090418,0.0009250245035569946,0.19373154697137057,-0.04785692808968452,0.052429690729909655,-0.0778416846389471,1.1239222251142684,-1.8050893255826155,0.0,0.0,0.0,0.0,0.0,0.0,0.0,0.0,-0.08056640625,0.0,1.2568359375,0.064453125,-0.14501953125,0.2255859375,-0.01611328125,-0.064453125,nan,nan,nan,nan,nan,nan,nan,nan,-0.01992816850543022,-0.0002775073517113924,0.32468360662460327,0.012921370565891266,-0.0367007851600647,0.05448918044567108,2.0085967662453186e-06,0.0
1765455471,39926383,0.06642723133090418,0.0009250245035569946,0.19373154697137057,-0.04785692808968452,0.052429690729909655,-0.0778416846389471,1.1239222251142684,-1.8050893255826155,0.0,0.0,0.0,0.0,0.0,0.0,0.0,0.0,-0.11279296875,-0.0322265625,1.3212890625,0.08056640625,-0.08056640625,0.2255859375,0.0322265625,-0.11279296875,nan,nan,nan,nan,nan,nan,nan,nan,-0.01992816850543022,-0.0002775073517113924,0.32468360662460327,0.012921370565891266,-0.0367007851600647,0.05448918044567108,2.0085967662453186e-06,0.0
1765455471,64444149,0.06642723133090418,0.0009250245035569946,0.19373154697137057,-0.04785692808968452,0.052429690729909655,-0.0778416846389471,1.1239222251142684,-1.8050893255826155,0.0,0.0,0.0,0.0,0.0,0.0,0.0,0.0,-0.08056640625,-0.04833984375,1.27294921875,0.064453125,-0.0966796875,0.2255859375,0.04833984375,-0.0966796875,nan,nan,nan,nan,nan,nan,nan,nan,-0.01992816850543022,-0.0002775073517113924,0.32468360662460327,0.012921370565891266,-0.0367007851600647,0.05448918044567108,2.0085967662453186e-06,0.0
1765455471,90797300,0.06642723133090418,0.0009250245035569946,0.19373154697137057,-0.04785692808968452,0.052429690729909655,-0.0778416846389471,1.1239222251142684,-1.8050893255826155,0.0,0.0,0.0,0.0,0.0,0.0,0.0,0.0,-0.08056640625,-0.0322265625,1.27294921875,0.064453125,-0.0966796875,0.20947265625,0.0322265625,-0.0966796875,nan,nan,nan,nan,nan,nan,nan,nan,-0.01992816850543022,-0.0002775073517113924,0.32468360662460327,0.012921370565891266,-0.0367007851600647,0.05448918044567108,2.0085967662453186e-06,0.0
1765455471,111599656,0.06642723133090418,0.0009250245035569946,0.19373154697137057,-0.04785692808968452,0.052429690729909655,-0.0778416846389471,1.1239222251142684,-1.8050893255826155,0.0,0.0,0.0,0.0,0.0,0.0,0.0,0.0,-0.064453125,0.0,1.27294921875,0.064453125,-0.1611328125,0.1611328125,0.0322265625,-0.12890625,nan,nan,nan,nan,nan,nan,nan,nan,-0.01992816850543022,-0.0002775073517113924,0.32468360662460327,0.012921370565891266,-0.0367007851600647,0.05448918044567108,2.0085967662453186e-06,0.0
1765455471,143942326,0.06642723133090418,0.0009250245035569946,0.19373154697137057,-0.04785692808968452,0.052429690729909655,-0.0778416846389471,1.1239222251142684,-1.8050893255826155,0.0,0.0,0.0,0.0,0.0,0.0,0.0,0.0,-0.08056640625,-0.04833984375,1.2568359375,0.064453125,-0.0966796875,0.193359375,0.01611328125,-0.11279296875,nan,nan,nan,nan,nan,nan,nan,nan,-0.01992816850543022,-0.0002775073517113924,0.32468360662460327,0.012921370565891266,-0.0367007851600647,0.05448918044567108,2.0085967662453186e-06,0.0
1765455471,170064978,0.06642723133090418,0.0009250245035569946,0.19373154697137057,-0.04785692808968452,0.052429690729909655,-0.0778416846389471,1.1239222251142684,-1.8050893255826155,0.0,0.0,0.0,0.0,0.0,0.0,0.0,0.0,-0.064453125,-0.04833984375,1.27294921875,0.064453125,-0.12890625,0.193359375,0.01611328125,-0.12890625,nan,nan,nan,nan,nan,nan,nan,nan,-0.01992816850543022,-0.0002775073517113924,0.32468360662460327,0.012921370565891266,-0.0367007851600647,0.05448918044567108,2.0085967662453186e-06,0.0
1765455471,191607088,0.06642723133090418,0.0009250245035569946,0.19373154697137057,-0.04785692808968452,0.052429690729909655,-0.0778416846389471,1.1239222251142684,-1.8050893255826155,0.0,0.0,0.0,0.0,0.0,0.0,0.0,0.0,-0.064453125,-0.0322265625,1.27294921875,0.08056640625,-0.1611328125,0.2255859375,0.01611328125,-0.12890625,nan,nan,nan,nan,nan,nan,nan,nan,-0.01992816850543022,-0.0002775073517113924,0.32468360662460327,0.012921370565891266,-0.0367007851600647,0.05448918044567108,2.0085967662453186e-06,0.0
1765455471,214896870,0.06642723133090418,0.0009250245035569946,0.19373154697137057,-0.04785692808968452,0.052429690729909655,-0.0778416846389471,1.1239222251142684,-1.8050893255826155,0.0,0.0,0.0,0.0,0.0,0.0,0.0,0.0,-0.08056640625,-0.0322265625,1.2568359375,0.064453125,-0.11279296875,0.2255859375,0.01611328125,-0.0966796875,nan,nan,nan,nan,nan,nan,nan,nan,-0.01992816850543022,-0.0002775073517113924,0.32468360662460327,0.012921370565891266,-0.0367007851600647,0.05448918044567108,2.0085967662453186e-06,0.0
1765455471,236661479,0.06642723133090418,0.0009250245035569946,0.19373154697137057,-0.04785692808968452,0.052429690729909655,-0.0778416846389471,1.1239222251142684,-1.8050893255826155,0.0,0.0,0.0,0.0,0.0,0.0,0.0,0.0,-0.08056640625,0.0,1.24072265625,0.08056640625,-0.0966796875,0.2255859375,0.0322265625,-0.11279296875,nan,nan,nan,nan,nan,nan,nan,nan,-0.01992816850543022,-0.0002775073517113924,0.32468360662460327,0.012921370565891266,-0.0367007851600647,0.05448918044567108,2.0085967662453186e-06,0.0
1765455471,258053732,0.06642723133090418,0.0009250245035569946,0.19373154697137057,-0.04785692808968452,0.052429690729909655,-0.0778416846389471,1.1239222251142684,-1.8050893255826155,0.0,0.0,0.0,0.0,0.0,0.0,0.0,0.0,-0.08056640625,-0.04833984375,1.224609375,0.064453125,-0.11279296875,0.2255859375,-0.0322265625,-0.11279296875,nan,nan,nan,nan,nan,nan,nan,nan,-0.01992816850543022,-0.0002775073517113924,0.32468360662460327,0.012921370565891266,-0.0367007851600647,0.05448918044567108,2.0085967662453186e-06,0.0
1765455471,279642147,0.06642723133090418,0.0009250245035569946,0.19373154697137057,-0.04785692808968452,0.052429690729909655,-0.0778416846389471,1.1239222251142684,-1.8050893255826155,0.0,0.0,0.0,0.0,0.0,0.0,0.0,0.0,-0.08056640625,-0.04833984375,1.24072265625,0.064453125,-0.0966796875,0.193359375,0.0322265625,-0.0966796875,nan,nan,nan,nan,nan,nan,nan,nan,-0.01992816850543022,-0.0002775073517113924,0.32468360662460327,0.012921370565891266,-0.0367007851600647,0.05448918044567108,2.0085967662453186e-06,0.0
1765455471,301327619,0.06642723133090418,0.0009250245035569946,0.19373154697137057,-0.04785692808968452,0.052429690729909655,-0.0778416846389471,1.1239222251142684,-1.8050893255826155,0.0,0.0,0.0,0.0,0.0,0.0,0.0,0.0,-0.08056640625,-0.0322265625,1.30517578125,0.064453125,-0.08056640625,0.24169921875,0.0322265625,-0.12890625,nan,nan,nan,nan,nan,nan,nan,nan,-0.01992816850543022,-0.0002775073517113924,0.32468360662460327,0.012921370565891266,-0.0367007851600647,0.05448918044567108,2.0085967662453186e-06,0.0
1765455471,322968131,0.06642723133090418,0.0009250245035569946,0.19373154697137057,-0.04785692808968452,0.052429690729909655,-0.0778416846389471,1.1239222251142684,-1.8050893255826155,0.0,0.0,0.0,0.0,0.0,0.0,0.0,0.0,-0.0966796875,0.0,1.24072265625,-0.04833984375,-0.0966796875,0.2255859375,0.01611328125,-0.12890625,nan,nan,nan,nan,nan,nan,nan,nan,-0.01992816850543022,-0.0002775073517113924,0.32468360662460327,0.012921370565891266,-0.0367007851600647,0.05448918044567108,2.0085967662453186e-06,0.0
1765455471,344046267,0.06642723133090418,0.0009250245035569946,0.19373154697137057,-0.04785692808968452,0.052429690729909655,-0.0778416846389471,1.1239222251142684,-1.8050893255826155,0.0,0.0,0.0,0.0,0.0,0.0,0.0,0.0,-0.0966796875,-0.0322265625,1.2568359375,0.064453125,-0.11279296875,0.17724609375,0.01611328125,-0.12890625,nan,nan,nan,nan,nan,nan,nan,nan,-0.01992816850543022,-0.0002775073517113924,0.32468360662460327,0.012921370565891266,-0.0367007851600647,0.05448918044567108,2.0085967662453186e-06,0.0
1765455471,365979679,0.06642723133090418,0.0009250245035569946,0.19373154697137057,-0.04785692808968452,0.052429690729909655,-0.0778416846389471,1.1239222251142684,-1.8050893255826155,0.0,0.0,0.0,0.0,0.0,0.0,0.0,0.0,-0.0966796875,-0.04833984375,1.33740234375,0.064453125,-0.08056640625,0.2255859375,-0.01611328125,-0.0966796875,nan,nan,nan,nan,nan,nan,nan,nan,-0.01992816850543022,-0.0002775073517113924,0.32468360662460327,0.012921370565891266,-0.0367007851600647,0.05448918044567108,2.0085967662453186e-06,0.0
1765455471,388508938,0.06642723133090418,0.0009250245035569946,0.19373154697137057,-0.04785692808968452,0.052429690729909655,-0.0778416846389471,1.1239222251142684,-1.8050893255826155,0.0,0.0,0.0,0.0,0.0,0.0,0.0,0.0,-0.08056640625,-0.04833984375,1.2568359375,0.064453125,-0.08056640625,0.20947265625,0.0,-0.11279296875,nan,nan,nan,nan,nan,nan,nan,nan,-0.01992816850543022,-0.0002775073517113924,0.32468360662460327,0.012921370565891266,-0.0367007851600647,0.05448918044567108,2.0085967662453186e-06,0.0
1765455471,414939402,0.06642723133090418,0.0009250245035569946,0.19373154697137057,-0.04785692808968452,0.052429690729909655,-0.0778416846389471,1.1239222251142684,-1.8050893255826155,0.0,0.0,0.0,0.0,0.0,0.0,0.0,0.0,-0.08056640625,-0.04833984375,1.2568359375,0.064453125,-0.08056640625,0.20947265625,0.0322265625,-0.12890625,nan,nan,nan,nan,nan,nan,nan,nan,-0.01992816850543022,-0.0002775073517113924,0.32468360662460327,0.012921370565891266,-0.0367007851600647,0.05448918044567108,2.0085967662453186e-06,0.0
1765455471,436752204,0.06642723133090418,0.0009250245035569946,0.19373154697137057,-0.04785692808968452,0.052429690729909655,-0.0778416846389471,1.1239222251142684,-1.8050893255826155,0.0,0.0,0.0,0.0,0.0,0.0,0.0,0.0,-0.08056640625,0.0,1.2568359375,0.064453125,-0.11279296875,0.193359375,0.0,-0.064453125,nan,nan,nan,nan,nan,nan,nan,nan,-0.01992816850543022,-0.0002775073517113924,0.32468360662460327,0.012921370565891266,-0.0367007851600647,0.05448918044567108,2.0085967662453186e-06,0.0
1765455471,459791774,0.06642723133090418,0.0009250245035569946,0.19373154697137057,-0.04785692808968452,0.052429690729909655,-0.0778416846389471,1.1239222251142684,-1.8050893255826155,0.0,0.0,0.0,0.0,0.0,0.0,0.0,0.0,-0.08056640625,-0.04833984375,1.2568359375,0.08056640625,-0.1611328125,0.2255859375,0.01611328125,-0.12890625,nan,nan,nan,nan,nan,nan,nan,nan,-0.01992816850543022,-0.0002775073517113924,0.32468360662460327,0.012921370565891266,-0.0367007851600647,0.05448918044567108,2.0085967662453186e-06,0.0
1765455471,482574509,0.06642723133090418,0.0009250245035569946,0.19373154697137057,-0.04785692808968452,0.052429690729909655,-0.0778416846389471,1.1239222251142684,-1.8050893255826155,0.0,0.0,0.0,0.0,0.0,0.0,0.0,0.0,-0.08056640625,-0.0322265625,1.24072265625,0.064453125,-0.14501953125,0.2255859375,0.0322265625,-0.11279296875,nan,nan,nan,nan,nan,nan,nan,nan,-0.01992816850543022,-0.0002775073517113924,0.32468360662460327,0.012921370565891266,-0.0367007851600647,0.05448918044567108,2.0085967662453186e-06,0.0
1765455471,504599346,0.06642723133090418,0.0009250245035569946,0.19373154697137057,-0.04785692808968452,0.052429690729909655,-0.0778416846389471,1.1239222251142684,-1.8050893255826155,0.0,0.0,0.0,0.0,0.0,0.0,0.0,0.0,-0.0966796875,-0.04833984375,1.30517578125,0.04833984375,-0.14501953125,0.2255859375,0.01611328125,-0.0966796875,nan,nan,nan,nan,nan,nan,nan,nan,-0.01992816850543022,-0.0002775073517113924,0.32468360662460327,0.012921370565891266,-0.0367007851600647,0.05448918044567108,2.0085967662453186e-06,0.0
1765455471,527047100,0.06642723133090418,0.0009250245035569946,0.19373154697137057,-0.04785692808968452,0.052429690729909655,-0.0778416846389471,1.1239222251142684,-1.8050893255826155,0.0,0.0,0.0,0.0,0.0,0.0,0.0,0.0,-0.0966796875,-0.0322265625,1.2568359375,0.064453125,-0.1611328125,0.20947265625,0.01611328125,-0.11279296875,nan,nan,nan,nan,nan,nan,nan,nan,-0.01992816850543022,-0.0002775073517113924,0.32468360662460327,0.012921370565891266,-0.0367007851600647,0.05448918044567108,2.0085967662453186e-06,0.0
1765455471,556399043,0.06642723133090418,0.0009250245035569946,0.19373154697137057,-0.04785692808968452,0.052429690729909655,-0.0778416846389471,1.1239222251142684,-1.8050893255826155,0.0,0.0,0.0,0.0,0.0,0.0,0.0,0.0,-0.0966796875,0.0,1.224609375,0.064453125,-0.14501953125,0.193359375,0.0322265625,-0.14501953125,nan,nan,nan,nan,nan,nan,nan,nan,-0.01992816850543022,-0.0002775073517113924,0.32468360662460327,0.012921370565891266,-0.0367007851600647,0.05448918044567108,2.0085967662453186e-06,0.0
1765455471,578966383,0.06642723133090418,0.0009250245035569946,0.19373154697137057,-0.04785692808968452,0.052429690729909655,-0.0778416846389471,1.1239222251142684,-1.8050893255826155,0.0,0.0,0.0,0.0,0.0,0.0,0.0,0.0,-0.08056640625,-0.0322265625,1.24072265625,0.064453125,-0.0966796875,0.20947265625,0.0322265625,0.0,nan,nan,nan,nan,nan,nan,nan,nan,-0.01992816850543022,-0.0002775073517113924,0.32468360662460327,0.012921370565891266,-0.0367007851600647,0.05448918044567108,2.0085967662453186e-06,0.0
1765455471,599537376,0.06642723133090418,0.0009250245035569946,0.19373154697137057,-0.04785692808968452,0.052429690729909655,-0.0778416846389471,1.1239222251142684,-1.8050893255826155,0.0,0.0,0.0,0.0,0.0,0.0,0.0,0.0,-0.064453125,-0.04833984375,1.2568359375,0.064453125,-0.08056640625,0.2255859375,0.0322265625,-0.064453125,nan,nan,nan,nan,nan,nan,nan,nan,-0.01992816850543022,-0.0002775073517113924,0.32468360662460327,0.012921370565891266,-0.0367007851600647,0.05448918044567108,2.0085967662453186e-06,0.0
1765455471,626237763,0.06642723133090418,0.0009250245035569946,0.19373154697137057,-0.04785692808968452,0.052429690729909655,-0.0778416846389471,1.1239222251142684,-1.8050893255826155,0.0,0.0,0.0,0.0,0.0,0.0,0.0,0.0,-0.064453125,-0.04833984375,1.2568359375,0.08056640625,-0.27392578125,0.24169921875,0.04833984375,-0.11279296875,nan,nan,nan,nan,nan,nan,nan,nan,-0.01992816850543022,-0.0002775073517113924,0.32468360662460327,0.012921370565891266,-0.0367007851600647,0.05448918044567108,2.0085967662453186e-06,0.0
1765455471,651273776,0.06642723133090418,0.0009250245035569946,0.19373154697137057,-0.04785692808968452,0.052429690729909655,-0.0778416846389471,1.1239222251142684,-1.8050893255826155,0.0,0.0,0.0,0.0,0.0,0.0,0.0,0.0,-0.04833984375,-0.01611328125,1.353515625,0.064453125,-0.1611328125,0.20947265625,0.01611328125,-0.0966796875,nan,nan,nan,nan,nan,nan,nan,nan,-0.01992816850543022,-0.0002775073517113924,0.32468360662460327,0.012921370565891266,-0.0367007851600647,0.05448918044567108,2.0085967662453186e-06,0.0
1765455471,672628268,0.06642723133090418,0.0009250245035569946,0.19373154697137057,-0.04785692808968452,0.052429690729909655,-0.0778416846389471,1.1239222251142684,-1.8050893255826155,0.0,0.0,0.0,0.0,0.0,0.0,0.0,0.0,-0.08056640625,-0.0322265625,1.224609375,0.064453125,-0.1611328125,0.2255859375,0.04833984375,-0.0966796875,nan,nan,nan,nan,nan,nan,nan,nan,-0.01992816850543022,-0.0002775073517113924,0.32468360662460327,0.012921370565891266,-0.0367007851600647,0.05448918044567108,2.0085967662453186e-06,0.0
1765455471,695065623,0.06642723133090418,0.0009250245035569946,0.19373154697137057,-0.04785692808968452,0.052429690729909655,-0.0778416846389471,1.1239222251142684,-1.8050893255826155,0.0,0.0,0.0,0.0,0.0,0.0,0.0,0.0,-0.08056640625,0.0,1.27294921875,0.0966796875,-0.12890625,0.2255859375,0.0322265625,-0.11279296875,nan,nan,nan,nan,nan,nan,nan,nan,-0.01992816850543022,-0.0002775073517113924,0.32468360662460327,0.012921370565891266,-0.0367007851600647,0.05448918044567108,2.0085967662453186e-06,0.0
1765455471,717502945,0.06642723133090418,0.0009250245035569946,0.19373154697137057,-0.04785692808968452,0.052429690729909655,-0.0778416846389471,1.1239222251142684,-1.8050893255826155,0.0,0.0,0.0,0.0,0.0,0.0,0.0,0.0,-0.08056640625,-0.04833984375,1.2568359375,0.064453125,-0.08056640625,0.24169921875,0.01611328125,-0.0966796875,nan,nan,nan,nan,nan,nan,nan,nan,-0.01992816850543022,-0.0002775073517113924,0.32468360662460327,0.012921370565891266,-0.0367007851600647,0.05448918044567108,2.0085967662453186e-06,0.0
1765455471,738832989,0.06642723133090418,0.0009250245035569946,0.19373154697137057,-0.04785692808968452,0.052429690729909655,-0.0778416846389471,1.1239222251142684,-1.8050893255826155,0.0,0.0,0.0,0.0,0.0,0.0,0.0,0.0,-0.064453125,0.0,1.2568359375,0.064453125,-0.11279296875,0.2255859375,0.01611328125,-0.0966796875,nan,nan,nan,nan,nan,nan,nan,nan,-0.01992816850543022,-0.0002775073517113924,0.32468360662460327,0.012921370565891266,-0.0367007851600647,0.05448918044567108,2.0085967662453186e-06,0.0
1765455471,762637529,0.06642723133090418,0.0009250245035569946,0.19373154697137057,-0.04785692808968452,0.052429690729909655,-0.0778416846389471,1.1239222251142684,-1.8050893255826155,0.0,0.0,0.0,0.0,0.0,0.0,0.0,0.0,-0.08056640625,-0.0322265625,1.2568359375,0.064453125,-0.11279296875,0.2255859375,0.0322265625,-0.12890625,nan,nan,nan,nan,nan,nan,nan,nan,-0.01992816850543022,-0.0002775073517113924,0.32468360662460327,0.012921370565891266,-0.0367007851600647,0.05448918044567108,2.0085967662453186e-06,0.0
1765455471,784974530,0.06642723133090418,0.0009250245035569946,0.19373154697137057,-0.04785692808968452,0.052429690729909655,-0.0778416846389471,1.1239222251142684,-1.8050893255826155,0.0,0.0,0.0,0.0,0.0,0.0,0.0,0.0,-0.064453125,0.0,1.30517578125,0.064453125,-0.14501953125,0.2255859375,0.0322265625,-0.12890625,nan,nan,nan,nan,nan,nan,nan,nan,-0.01992816850543022,-0.0002775073517113924,0.32468360662460327,0.012921370565891266,-0.0367007851600647,0.05448918044567108,2.0085967662453186e-06,0.0
1765455471,806209917,0.06642723133090418,0.0009250245035569946,0.19373154697137057,-0.04785692808968452,0.052429690729909655,-0.0778416846389471,1.1239222251142684,-1.8050893255826155,0.0,0.0,0.0,0.0,0.0,0.0,0.0,0.0,-0.064453125,-0.0322265625,1.27294921875,0.064453125,-0.08056640625,0.20947265625,-0.0322265625,-0.12890625,nan,nan,nan,nan,nan,nan,nan,nan,-0.01992816850543022,-0.0002775073517113924,0.32468360662460327,0.012921370565891266,-0.0367007851600647,0.05448918044567108,2.0085967662453186e-06,0.0
1765455471,828263298,0.06642723133090418,0.0009250245035569946,0.19373154697137057,-0.04785692808968452,0.052429690729909655,-0.0778416846389471,1.1239222251142684,-1.8050893255826155,0.0,0.0,0.0,0.0,0.0,0.0,0.0,0.0,-0.0966796875,0.0,1.224609375,0.04833984375,-0.14501953125,0.24169921875,0.0322265625,-0.11279296875,nan,nan,nan,nan,nan,nan,nan,nan,-0.01992816850543022,-0.0002775073517113924,0.32468360662460327,0.012921370565891266,-0.0367007851600647,0.05448918044567108,2.0085967662453186e-06,0.0
1765455471,850340519,0.06642723133090418,0.0009250245035569946,0.19373154697137057,-0.04785692808968452,0.052429690729909655,-0.0778416846389471,1.1239222251142684,-1.8050893255826155,0.0,0.0,0.0,0.0,0.0,0.0,0.0,0.0,-0.0966796875,-0.0322265625,1.30517578125,0.04833984375,-0.0966796875,0.2255859375,0.0,-0.0966796875,nan,nan,nan,nan,nan,nan,nan,nan,-0.01992816850543022,-0.0002775073517113924,0.32468360662460327,0.012921370565891266,-0.0367007851600647,0.05448918044567108,2.0085967662453186e-06,0.0
1765455471,876060445,0.06642723133090418,0.0009250245035569946,0.19373154697137057,-0.04785692808968452,0.052429690729909655,-0.0778416846389471,1.1239222251142684,-1.8050893255826155,0.0,0.0,0.0,0.0,0.0,0.0,0.0,0.0,-0.08056640625,-0.0322265625,1.2568359375,0.064453125,-0.08056640625,0.2255859375,0.01611328125,0.0,nan,nan,nan,nan,nan,nan,nan,nan,-0.01992816850543022,-0.0002775073517113924,0.32468360662460327,0.012921370565891266,-0.0367007851600647,0.05448918044567108,2.0085967662453186e-06,0.0
1765455471,898291077,0.06642723133090418,0.0009250245035569946,0.19373154697137057,-0.04785692808968452,0.052429690729909655,-0.0778416846389471,1.1239222251142684,-1.8050893255826155,0.0,0.0,0.0,0.0,0.0,0.0,0.0,0.0,-0.08056640625,0.0,1.2568359375,0.064453125,-0.14501953125,0.24169921875,0.01611328125,-0.064453125,nan,nan,nan,nan,nan,nan,nan,nan,-0.01992816850543022,-0.0002775073517113924,0.32468360662460327,0.012921370565891266,-0.0367007851600647,0.05448918044567108,2.0085967662453186e-06,0.0
1765455471,925739410,0.06642723133090418,0.0009250245035569946,0.19373154697137057,-0.04785692808968452,0.052429690729909655,-0.0778416846389471,1.1239222251142684,-1.8050893255826155,0.0,0.0,0.0,0.0,0.0,0.0,0.0,0.0,-0.08056640625,0.0,1.3212890625,0.064453125,-0.11279296875,0.24169921875,0.0322265625,-0.0966796875,nan,nan,nan,nan,nan,nan,nan,nan,-0.01992816850543022,-0.0002775073517113924,0.32468360662460327,0.012921370565891266,-0.0367007851600647,0.05448918044567108,2.0085967662453186e-06,0.0
1765455471,948240957,0.06642723133090418,0.0009250245035569946,0.19373154697137057,-0.04785692808968452,0.052429690729909655,-0.0778416846389471,1.1239222251142684,-1.8050893255826155,0.0,0.0,0.0,0.0,0.0,0.0,0.0,0.0,-0.064453125,0.064453125,1.27294921875,0.064453125,-0.08056640625,0.20947265625,0.01611328125,-0.12890625,nan,nan,nan,nan,nan,nan,nan,nan,-0.01992816850543022,-0.0002775073517113924,0.32468360662460327,0.012921370565891266,-0.0367007851600647,0.05448918044567108,2.0085967662453186e-06,0.0
1765455471,974040404,0.06642723133090418,0.0009250245035569946,0.19373154697137057,-0.04785692808968452,0.052429690729909655,-0.0778416846389471,1.1239222251142684,-1.8050893255826155,0.0,0.0,0.0,0.0,0.0,0.0,0.0,0.0,-0.08056640625,0.0,1.224609375,0.064453125,-0.0966796875,0.2255859375,0.0322265625,-0.12890625,nan,nan,nan,nan,nan,nan,nan,nan,-0.01992816850543022,-0.0002775073517113924,0.32468360662460327,0.012921370565891266,-0.0367007851600647,0.05448918044567108,2.0085967662453186e-06,0.0
1765455471,996416094,0.06642723133090418,0.0009250245035569946,0.19373154697137057,-0.04785692808968452,0.052429690729909655,-0.0778416846389471,1.1239222251142684,-1.8050893255826155,0.0,0.0,0.0,0.0,0.0,0.0,0.0,0.0,-0.08056640625,0.0,1.27294921875,0.064453125,-0.14501953125,0.20947265625,0.0322265625,-0.12890625,nan,nan,nan,nan,nan,nan,nan,nan,-0.01992816850543022,-0.0002775073517113924,0.32468360662460327,0.012921370565891266,-0.0367007851600647,0.05448918044567108,2.0085967662453186e-06,0.0
1765455472,19034474,0.06642723133090418,0.0009250245035569946,0.19373154697137057,-0.04785692808968452,0.052429690729909655,-0.0778416846389471,1.1239222251142684,-1.8050893255826155,0.0,0.0,0.0,0.0,0.0,0.0,0.0,0.0,-0.08056640625,0.0,1.2890625,0.064453125,-0.0966796875,0.2255859375,0.01611328125,-0.0966796875,nan,nan,nan,nan,nan,nan,nan,nan,-0.01992816850543022,-0.0002775073517113924,0.32468360662460327,0.012921370565891266,-0.0367007851600647,0.05448918044567108,2.0085967662453186e-06,0.0
1765455472,41912155,0.06642723133090418,0.0009250245035569946,0.19373154697137057,-0.04785692808968452,0.052429690729909655,-0.0778416846389471,1.1239222251142684,-1.8050893255826155,0.0,0.0,0.0,0.0,0.0,0.0,0.0,0.0,-0.08056640625,0.0,1.27294921875,0.064453125,-0.17724609375,0.2255859375,0.0322265625,0.0,nan,nan,nan,nan,nan,nan,nan,nan,-0.01992816850543022,-0.0002775073517113924,0.32468360662460327,0.012921370565891266,-0.0367007851600647,0.05448918044567108,2.0085967662453186e-06,0.0
1765455472,65946778,0.06642723133090418,0.0009250245035569946,0.19373154697137057,-0.04785692808968452,0.052429690729909655,-0.0778416846389471,1.1239222251142684,-1.8050893255826155,0.0,0.0,0.0,0.0,0.0,0.0,0.0,0.0,-0.08056640625,-0.0322265625,1.30517578125,0.064453125,-0.11279296875,0.24169921875,0.0322265625,-0.0966796875,nan,nan,nan,nan,nan,nan,nan,nan,-0.01992816850543022,-0.0002775073517113924,0.32468360662460327,0.012921370565891266,-0.0367007851600647,0.05448918044567108,2.0085967662453186e-06,0.0
1765455472,85491998,0.06642723133090418,0.0009250245035569946,0.19373154697137057,-0.04785692808968452,0.052429690729909655,-0.0778416846389471,1.1239222251142684,-1.8050893255826155,0.0,0.0,0.0,0.0,0.0,0.0,0.0,0.0,-0.064453125,-0.0322265625,1.27294921875,0.064453125,-0.12890625,0.193359375,0.0322265625,-0.12890625,nan,nan,nan,nan,nan,nan,nan,nan,-0.01992816850543022,-0.0002775073517113924,0.32468360662460327,0.012921370565891266,-0.0367007851600647,0.05448918044567108,2.0085967662453186e-06,0.0
1765455472,109047063,0.06642723133090418,0.0009250245035569946,0.19373154697137057,-0.04785692808968452,0.052429690729909655,-0.0778416846389471,1.1239222251142684,-1.8050893255826155,0.0,0.0,0.0,0.0,0.0,0.0,0.0,0.0,-0.064453125,0.0,1.2568359375,-0.0322265625,-0.0966796875,0.2255859375,0.0322265625,-0.0966796875,nan,nan,nan,nan,nan,nan,nan,nan,-0.01992816850543022,-0.0002775073517113924,0.32468360662460327,0.012921370565891266,-0.0367007851600647,0.05448918044567108,2.0085967662453186e-06,0.0
1765455472,129637513,0.06642723133090418,0.0009250245035569946,0.19373154697137057,-0.04785692808968452,0.052429690729909655,-0.0778416846389471,1.1239222251142684,-1.8050893255826155,0.0,0.0,0.0,0.0,0.0,0.0,0.0,0.0,-0.064453125,0.0,1.2568359375,0.064453125,-0.11279296875,0.193359375,0.0322265625,-0.11279296875,nan,nan,nan,nan,nan,nan,nan,nan,-0.01992816850543022,-0.0002775073517113924,0.32468360662460327,0.012921370565891266,-0.0367007851600647,0.05448918044567108,2.0085967662453186e-06,0.0
1765455472,149579794,0.06642723133090418,0.0009250245035569946,0.19373154697137057,-0.04785692808968452,0.052429690729909655,-0.0778416846389471,1.1239222251142684,-1.8050893255826155,0.0,0.0,0.0,0.0,0.0,0.0,0.0,0.0,-0.08056640625,-0.04833984375,1.24072265625,0.0966796875,-0.08056640625,0.2255859375,0.01611328125,-0.12890625,nan,nan,nan,nan,nan,nan,nan,nan,-0.01992816850543022,-0.0002775073517113924,0.32468360662460327,0.012921370565891266,-0.0367007851600647,0.05448918044567108,2.0085967662453186e-06,0.0
1765455472,169650077,0.06642723133090418,0.0009250245035569946,0.19373154697137057,-0.04785692808968452,0.052429690729909655,-0.0778416846389471,1.1239222251142684,-1.8050893255826155,0.0,0.0,0.0,0.0,0.0,0.0,0.0,0.0,-0.08056640625,-0.04833984375,1.3212890625,0.064453125,-0.1611328125,0.24169921875,0.01611328125,-0.12890625,nan,nan,nan,nan,nan,nan,nan,nan,-0.01992816850543022,-0.0002775073517113924,0.32468360662460327,0.012921370565891266,-0.0367007851600647,0.05448918044567108,2.0085967662453186e-06,0.0
1765455472,192794001,0.06642723133090418,0.0009250245035569946,0.19373154697137057,-0.04785692808968452,0.052429690729909655,-0.0778416846389471,1.1239222251142684,-1.8050893255826155,0.0,0.0,0.0,0.0,0.0,0.0,0.0,0.0,-0.08056640625,0.0,1.2568359375,0.064453125,-0.0966796875,0.193359375,0.0322265625,-0.11279296875,nan,nan,nan,nan,nan,nan,nan,nan,-0.01992816850543022,-0.0002775073517113924,0.32468360662460327,0.012921370565891266,-0.0367007851600647,0.05448918044567108,2.0085967662453186e-06,0.0
1765455472,217240982,0.06642723133090418,0.0009250245035569946,0.19373154697137057,-0.04785692808968452,0.052429690729909655,-0.0778416846389471,1.1239222251142684,-1.8050893255826155,0.0,0.0,0.0,0.0,0.0,0.0,0.0,0.0,-0.064453125,-0.0322265625,1.27294921875,0.064453125,-0.0966796875,0.2578125,0.01611328125,-0.11279296875,nan,nan,nan,nan,nan,nan,nan,nan,-0.01992816850543022,-0.0002775073517113924,0.32468360662460327,0.012921370565891266,-0.0367007851600647,0.05448918044567108,2.0085967662453186e-06,0.0
1765455472,247258661,0.06642723133090418,0.0009250245035569946,0.19373154697137057,-0.04785692808968452,0.052429690729909655,-0.0778416846389471,1.1239222251142684,-1.8050893255826155,0.0,0.0,0.0,0.0,0.0,0.0,0.0,0.0,-0.08056640625,-0.04833984375,1.2568359375,0.064453125,-0.08056640625,0.24169921875,0.04833984375,-0.12890625,nan,nan,nan,nan,nan,nan,nan,nan,-0.01992816850543022,-0.0002775073517113924,0.32468360662460327,0.012921370565891266,-0.0367007851600647,0.05448918044567108,2.0085967662453186e-06,0.0
1765455472,274407278,0.06642723133090418,0.0009250245035569946,0.19373154697137057,-0.04785692808968452,0.052429690729909655,-0.0778416846389471,1.1239222251142684,-1.8050893255826155,0.0,0.0,0.0,0.0,0.0,0.0,0.0,0.0,-0.0966796875,-0.04833984375,1.27294921875,0.04833984375,-0.1611328125,0.24169921875,0.0,-0.08056640625,nan,nan,nan,nan,nan,nan,nan,nan,-0.01992816850543022,-0.0002775073517113924,0.32468360662460327,0.012921370565891266,-0.0367007851600647,0.05448918044567108,2.0085967662453186e-06,0.0
1765455472,297148252,0.06642723133090418,0.0009250245035569946,0.19373154697137057,-0.04785692808968452,0.052429690729909655,-0.0778416846389471,1.1239222251142684,-1.8050893255826155,0.0,0.0,0.0,0.0,0.0,0.0,0.0,0.0,-0.08056640625,-0.0322265625,1.2568359375,0.064453125,-0.14501953125,0.2255859375,0.04833984375,-0.11279296875,nan,nan,nan,nan,nan,nan,nan,nan,-0.01992816850543022,-0.0002775073517113924,0.32468360662460327,0.012921370565891266,-0.0367007851600647,0.05448918044567108,2.0085967662453186e-06,0.0
1765455472,320646741,0.06642723133090418,0.0009250245035569946,0.19373154697137057,-0.04785692808968452,0.052429690729909655,-0.0778416846389471,1.1239222251142684,-1.8050893255826155,0.0,0.0,0.0,0.0,0.0,0.0,0.0,0.0,-0.08056640625,-0.0322265625,1.2568359375,0.064453125,-0.14501953125,0.20947265625,0.0322265625,0.0,nan,nan,nan,nan,nan,nan,nan,nan,-0.01992816850543022,-0.0002775073517113924,0.32468360662460327,0.012921370565891266,-0.0367007851600647,0.05448918044567108,2.0085967662453186e-06,0.0
1765455472,344456529,0.06642723133090418,0.0009250245035569946,0.19373154697137057,-0.04785692808968452,0.052429690729909655,-0.0778416846389471,1.1239222251142684,-1.8050893255826155,0.0,0.0,0.0,0.0,0.0,0.0,0.0,0.0,-0.11279296875,-0.0322265625,1.27294921875,0.064453125,-0.0966796875,0.2255859375,0.0322265625,-0.11279296875,nan,nan,nan,nan,nan,nan,nan,nan,-0.01992816850543022,-0.0002775073517113924,0.32468360662460327,0.012921370565891266,-0.0367007851600647,0.05448918044567108,2.0085967662453186e-06,0.0
1765455472,366831611,0.06642723133090418,0.0009250245035569946,0.19373154697137057,-0.04785692808968452,0.052429690729909655,-0.0778416846389471,1.1239222251142684,-1.8050893255826155,0.0,0.0,0.0,0.0,0.0,0.0,0.0,0.0,-0.08056640625,-0.0322265625,1.2568359375,0.064453125,-0.14501953125,0.2255859375,0.01611328125,-0.0966796875,nan,nan,nan,nan,nan,nan,nan,nan,-0.01992816850543022,-0.0002775073517113924,0.32468360662460327,0.012921370565891266,-0.0367007851600647,0.05448918044567108,2.0085967662453186e-06,0.0
1765455472,390673848,0.06642723133090418,0.0009250245035569946,0.1903979681000614,-0.04763003528692525,0.05225515780471023,-0.0778416846389471,1.1239745849918281,-1.8050893255826155,0.0,0.0,-177.0,21.0,0.0,0.0,21.0,0.0,-0.01611328125,-0.0322265625,0.064453125,-0.01611328125,0.0,0.0966796875,0.01611328125,-0.11279296875,nan,nan,nan,nan,nan,nan,nan,nan,-0.01992816850543022,-0.0002775073517113924,0.32468360662460327,0.012921370565891266,-0.0367007851600647,0.05448918044567108,2.0085967662453186e-06,0.0
1765455472,412200246,0.06665412413366344,0.0009773843811168245,0.18507471388147873,-0.046495571273128936,0.05176646561415182,-0.07798131097910664,1.1240618514544278,-1.8050718722900956,9.0,5.0,-88.0,59.0,0.0,-5.0,-29.0,0.0,0.0,0.0,-0.01611328125,0.0322265625,0.04833984375,0.08056640625,0.04833984375,-0.11279296875,nan,nan,nan,nan,nan,nan,nan,nan,-0.01992816850543022,-0.0002775073517113924,0.32468360662460327,0.012921370565891266,-0.0367007851600647,0.05448918044567108,2.0085967662453186e-06,0.0
